2026-02-22 13:29:41,020	INFO worker.py:1352 -- Connecting to existing Ray cluster at address: 172.27.146.70:6379...
2026-02-22 13:29:42,203	INFO worker.py:1538 -- Connected to Ray cluster.
Running with: num_nodes=2, total_devices=16, num_layers=12, num_microbatch=4096
Compiling and running parallelized training step...
-------------------- Automatic stage clustering --------------------
submesh_choices: ((1, 1), (1, 2), (1, 4), (1, 8), (2, 8))
- Profiling for submesh 4 (2, 8):
- Generate all stage infos (Jaxpr -> HLO)
- Compile all stages, get estimations
num of workers:1
[2m[36m(CompileWorker pid=3547515)[0m compiled for stage:0 name: stage_0_11_acc_grad_0 module id: 0
[2m[36m(CompileWorker pid=3547515)[0m  tensor (Large latency) dimensions: (1, 2048, 12288, 50257, 1, 1, 1, 1, 1, 1, 0, 0, 'CONV', 1, 1, 0, 0),  latency: 722.1379657142858
[2m[36m(CompileWorker pid=3547515)[0m  tensor (Large latency) dimensions: (1, 2048, 36864, 36864, 1, 1, 1, 1, 1, 1, 0, 0, 'CONV', 1, 1, 0, 0),  latency: 241.54697142857142
[2m[36m(CompileWorker pid=3547515)[0m  tensor (Large latency) dimensions: (1, 2048, 12288, 12288, 1, 1, 1, 1, 1, 1, 0, 0, 'CONV', 1, 1, 0, 0),  latency: 26.58889142857143
[2m[36m(CompileWorker pid=3547515)[0m  tensor (Large latency) dimensions: (1, 2048, 3072, 3072, 1, 1, 1, 1, 1, 1, 0, 0, 'CONV', 1, 1, 0, 0),  latency: 1.5915885714285714
[2m[36m(CompileWorker pid=3547515)[0m  tensor (Large latency) dimensions: (1, 2048, 12288, 12288, 1, 1, 1, 1, 1, 1, 0, 0, 'CONV', 1, 1, 0, 0),  latency: 26.58889142857143
[2m[36m(CompileWorker pid=3547515)[0m compiled for stage:0 name: stage_0_11_acc_grad_1 module id: 1
[2m[36m(CompileWorker pid=3547515)[0m  tensor (Large latency) dimensions: (1, 12288, 50257, 50257, 1, 1, 1, 1, 1, 1, 0, 0, 'CONV', 1, 1, 0, 0),  latency: 31918.00680860119
[2m[36m(CompileWorker pid=3547515)[0m  tensor (Large latency) dimensions: (1, 2048, 12288, 12288, 1, 1, 1, 1, 1, 1, 0, 0, 'CONV', 1, 1, 0, 0),  latency: 26.58889142857143
[2m[36m(CompileWorker pid=3547515)[0m  tensor (Large latency) dimensions: (1, 3072, 12288, 12288, 1, 1, 1, 1, 1, 1, 0, 0, 'CONV', 1, 1, 0, 0),  latency: 39.883337142857144
[2m[36m(CompileWorker pid=3547515)[0m  tensor (Large latency) dimensions: (1, 12288, 3072, 3072, 1, 1, 1, 1, 1, 1, 0, 0, 'CONV', 1, 1, 0, 0),  latency: 9.549531428571429
[2m[36m(CompileWorker pid=3547515)[0m  tensor (Large latency) dimensions: (1, 768, 12288, 12288, 1, 1, 1, 1, 1, 1, 0, 0, 'CONV', 1, 1, 0, 0),  latency: 11.094308571428572
[2m[36m(CompileWorker pid=3547515)[0m  tensor (Large latency) dimensions: (1, 12288, 2304, 2304, 1, 1, 1, 1, 1, 1, 0, 0, 'CONV', 1, 1, 0, 0),  latency: 6.530194285714286
[2m[36m(CompileWorker pid=3547515)[0m  tensor (Large latency) dimensions: (1, 2048, 12288, 12288, 1, 1, 1, 1, 1, 1, 0, 0, 'CONV', 1, 1, 0, 0),  latency: 26.58889142857143
[2m[36m(CompileWorker pid=3547515)[0m  tensor (Large latency) dimensions: (1, 128, 12288, 12288, 1, 1, 1, 1, 1, 1, 0, 0, 'CONV', 1, 1, 0, 0),  latency: 4.610925714285714
[2m[36m(CompileWorker pid=3547515)[0m  tensor (Large latency) dimensions: (1, 50257, 12288, 12288, 1, 1, 1, 1, 1, 1, 0, 0, 'CONV', 1, 1, 0, 0),  latency: 4325.884891428572
- parse estimation results for all stages
Using pre computed peak Mem for (0, 11, 4, 0), module 0
result[(0, 11, 4, 0), 0] = ModuleProfileResult(compute_cost=4345.875, peak_memory=18.600 GB, invar_size=3.687 GB, outvar_size=14.624 GB, temp_buffer_size=0.289 GB, available_memory=64.000 GB, comm_cost=3.368)
Using pre computed peak Mem for (0, 11, 4, 0), module 1
result[(0, 11, 4, 0), 1] = ModuleProfileResult(compute_cost=37792.618, peak_memory=24.000 GB, invar_size=19.462 GB, outvar_size=4.837 GB, temp_buffer_size=4.538 GB, available_memory=64.000 GB, comm_cost=3.326)
Profiling for submesh 4 (2, 8) takes 235.63 seconds
--------------------------------------------------
- Profiling for submesh 3 (1, 8):
- Generate all stage infos (Jaxpr -> HLO)
- Compile all stages, get estimations
num of workers:12
[2m[36m(CompileWorker pid=3551379)[0m compiled for stage:1 name: stage_0_0_acc_grad_0 module id: 0
[2m[36m(CompileWorker pid=3551380)[0m compiled for stage:0 name: stage_0_0_acc_grad_0 module id: 0
[2m[36m(CompileWorker pid=3551378)[0m compiled for stage:2 name: stage_0_1_acc_grad_0 module id: 0
[2m[36m(CompileWorker pid=3551377)[0m compiled for stage:3 name: stage_0_1_acc_grad_0 module id: 0
[2m[36m(CompileWorker pid=3551376)[0m compiled for stage:4 name: stage_0_2_acc_grad_0 module id: 0
[2m[36m(CompileWorker pid=3551375)[0m compiled for stage:5 name: stage_0_2_acc_grad_0 module id: 0
[2m[36m(CompileWorker pid=3551379)[0m  tensor (Large latency) dimensions: (1, 2048, 12288, 50257, 1, 1, 1, 1, 1, 1, 0, 0, 'CONV', 1, 1, 0, 0),  latency: 722.1379657142858
[2m[36m(CompileWorker pid=3551378)[0m  tensor (Large latency) dimensions: (1, 2048, 12288, 50257, 1, 1, 1, 1, 1, 1, 0, 0, 'CONV', 1, 1, 0, 0),  latency: 722.1379657142858
[2m[36m(CompileWorker pid=3551377)[0m  tensor (Large latency) dimensions: (1, 2048, 12288, 50257, 1, 1, 1, 1, 1, 1, 0, 0, 'CONV', 1, 1, 0, 0),  latency: 722.1379657142858
[2m[36m(CompileWorker pid=3551374)[0m compiled for stage:6 name: stage_0_3_acc_grad_0 module id: 0
[2m[36m(CompileWorker pid=3551380)[0m  tensor (Large latency) dimensions: (1, 2048, 12288, 50257, 1, 1, 1, 1, 1, 1, 0, 0, 'CONV', 1, 1, 0, 0),  latency: 722.1379657142858
[2m[36m(CompileWorker pid=3551376)[0m  tensor (Large latency) dimensions: (1, 2048, 12288, 50257, 1, 1, 1, 1, 1, 1, 0, 0, 'CONV', 1, 1, 0, 0),  latency: 722.1379657142858
[2m[36m(CompileWorker pid=3551372)[0m compiled for stage:8 name: stage_0_4_acc_grad_0 module id: 0
[2m[36m(CompileWorker pid=3551373)[0m compiled for stage:7 name: stage_0_3_acc_grad_0 module id: 0
[2m[36m(CompileWorker pid=3551375)[0m  tensor (Large latency) dimensions: (1, 2048, 12288, 50257, 1, 1, 1, 1, 1, 1, 0, 0, 'CONV', 1, 1, 0, 0),  latency: 722.1379657142858
[2m[36m(CompileWorker pid=3551370)[0m compiled for stage:10 name: stage_0_5_acc_grad_0 module id: 0
[2m[36m(CompileWorker pid=3551374)[0m  tensor (Large latency) dimensions: (1, 2048, 12288, 50257, 1, 1, 1, 1, 1, 1, 0, 0, 'CONV', 1, 1, 0, 0),  latency: 722.1379657142858
[2m[36m(CompileWorker pid=3551372)[0m  tensor (Large latency) dimensions: (1, 2048, 12288, 50257, 1, 1, 1, 1, 1, 1, 0, 0, 'CONV', 1, 1, 0, 0),  latency: 722.1379657142858
[2m[36m(CompileWorker pid=3551373)[0m  tensor (Large latency) dimensions: (1, 2048, 12288, 50257, 1, 1, 1, 1, 1, 1, 0, 0, 'CONV', 1, 1, 0, 0),  latency: 722.1379657142858
[2m[36m(CompileWorker pid=3551371)[0m compiled for stage:9 name: stage_0_4_acc_grad_0 module id: 0
[2m[36m(CompileWorker pid=3551370)[0m  tensor (Large latency) dimensions: (1, 2048, 12288, 50257, 1, 1, 1, 1, 1, 1, 0, 0, 'CONV', 1, 1, 0, 0),  latency: 722.1379657142858
[2m[36m(CompileWorker pid=3551369)[0m compiled for stage:11 name: stage_0_5_acc_grad_0 module id: 0
[2m[36m(CompileWorker pid=3551378)[0m  tensor (Large latency) dimensions: (1, 2048, 36864, 36864, 1, 1, 1, 1, 1, 1, 0, 0, 'CONV', 1, 1, 0, 0),  latency: 241.54697142857142
[2m[36m(CompileWorker pid=3551371)[0m  tensor (Large latency) dimensions: (1, 2048, 12288, 50257, 1, 1, 1, 1, 1, 1, 0, 0, 'CONV', 1, 1, 0, 0),  latency: 722.1379657142858
[2m[36m(CompileWorker pid=3551379)[0m  tensor (Large latency) dimensions: (1, 2048, 36864, 36864, 1, 1, 1, 1, 1, 1, 0, 0, 'CONV', 1, 1, 0, 0),  latency: 241.54697142857142
[2m[36m(CompileWorker pid=3551380)[0m  tensor (Large latency) dimensions: (1, 2048, 36864, 36864, 1, 1, 1, 1, 1, 1, 0, 0, 'CONV', 1, 1, 0, 0),  latency: 241.54697142857142
[2m[36m(CompileWorker pid=3551377)[0m  tensor (Large latency) dimensions: (1, 2048, 36864, 36864, 1, 1, 1, 1, 1, 1, 0, 0, 'CONV', 1, 1, 0, 0),  latency: 241.54697142857142
[2m[36m(CompileWorker pid=3551376)[0m  tensor (Large latency) dimensions: (1, 2048, 36864, 36864, 1, 1, 1, 1, 1, 1, 0, 0, 'CONV', 1, 1, 0, 0),  latency: 241.54697142857142
[2m[36m(CompileWorker pid=3551369)[0m  tensor (Large latency) dimensions: (1, 2048, 12288, 50257, 1, 1, 1, 1, 1, 1, 0, 0, 'CONV', 1, 1, 0, 0),  latency: 722.1379657142858
[2m[36m(CompileWorker pid=3551375)[0m  tensor (Large latency) dimensions: (1, 2048, 36864, 36864, 1, 1, 1, 1, 1, 1, 0, 0, 'CONV', 1, 1, 0, 0),  latency: 241.54697142857142
[2m[36m(CompileWorker pid=3551374)[0m  tensor (Large latency) dimensions: (1, 2048, 36864, 36864, 1, 1, 1, 1, 1, 1, 0, 0, 'CONV', 1, 1, 0, 0),  latency: 241.54697142857142
[2m[36m(CompileWorker pid=3551373)[0m  tensor (Large latency) dimensions: (1, 2048, 36864, 36864, 1, 1, 1, 1, 1, 1, 0, 0, 'CONV', 1, 1, 0, 0),  latency: 241.54697142857142
[2m[36m(CompileWorker pid=3551378)[0m  tensor (Large latency) dimensions: (1, 2048, 12288, 12288, 1, 1, 1, 1, 1, 1, 0, 0, 'CONV', 1, 1, 0, 0),  latency: 26.58889142857143
[2m[36m(CompileWorker pid=3551379)[0m  tensor (Large latency) dimensions: (1, 2048, 12288, 12288, 1, 1, 1, 1, 1, 1, 0, 0, 'CONV', 1, 1, 0, 0),  latency: 26.58889142857143
[2m[36m(CompileWorker pid=3551380)[0m  tensor (Large latency) dimensions: (1, 2048, 12288, 12288, 1, 1, 1, 1, 1, 1, 0, 0, 'CONV', 1, 1, 0, 0),  latency: 26.58889142857143
[2m[36m(CompileWorker pid=3551372)[0m  tensor (Large latency) dimensions: (1, 2048, 36864, 36864, 1, 1, 1, 1, 1, 1, 0, 0, 'CONV', 1, 1, 0, 0),  latency: 241.54697142857142
[2m[36m(CompileWorker pid=3551377)[0m  tensor (Large latency) dimensions: (1, 2048, 12288, 12288, 1, 1, 1, 1, 1, 1, 0, 0, 'CONV', 1, 1, 0, 0),  latency: 26.58889142857143
[2m[36m(CompileWorker pid=3551376)[0m  tensor (Large latency) dimensions: (1, 2048, 12288, 12288, 1, 1, 1, 1, 1, 1, 0, 0, 'CONV', 1, 1, 0, 0),  latency: 26.58889142857143
[2m[36m(CompileWorker pid=3551370)[0m  tensor (Large latency) dimensions: (1, 2048, 36864, 36864, 1, 1, 1, 1, 1, 1, 0, 0, 'CONV', 1, 1, 0, 0),  latency: 241.54697142857142
[2m[36m(CompileWorker pid=3551378)[0m  tensor (Large latency) dimensions: (1, 2048, 6144, 6144, 1, 1, 1, 1, 1, 1, 0, 0, 'CONV', 1, 1, 0, 0),  latency: 6.5536
[2m[36m(CompileWorker pid=3551379)[0m  tensor (Large latency) dimensions: (1, 2048, 6144, 6144, 1, 1, 1, 1, 1, 1, 0, 0, 'CONV', 1, 1, 0, 0),  latency: 6.5536
[2m[36m(CompileWorker pid=3551380)[0m  tensor (Large latency) dimensions: (1, 2048, 6144, 6144, 1, 1, 1, 1, 1, 1, 0, 0, 'CONV', 1, 1, 0, 0),  latency: 6.5536
[2m[36m(CompileWorker pid=3551371)[0m  tensor (Large latency) dimensions: (1, 2048, 36864, 36864, 1, 1, 1, 1, 1, 1, 0, 0, 'CONV', 1, 1, 0, 0),  latency: 241.54697142857142
[2m[36m(CompileWorker pid=3551374)[0m  tensor (Large latency) dimensions: (1, 2048, 12288, 12288, 1, 1, 1, 1, 1, 1, 0, 0, 'CONV', 1, 1, 0, 0),  latency: 26.58889142857143
[2m[36m(CompileWorker pid=3551376)[0m  tensor (Large latency) dimensions: (1, 2048, 6144, 6144, 1, 1, 1, 1, 1, 1, 0, 0, 'CONV', 1, 1, 0, 0),  latency: 6.5536
[2m[36m(CompileWorker pid=3551375)[0m  tensor (Large latency) dimensions: (1, 2048, 12288, 12288, 1, 1, 1, 1, 1, 1, 0, 0, 'CONV', 1, 1, 0, 0),  latency: 26.58889142857143
[2m[36m(CompileWorker pid=3551377)[0m  tensor (Large latency) dimensions: (1, 2048, 6144, 6144, 1, 1, 1, 1, 1, 1, 0, 0, 'CONV', 1, 1, 0, 0),  latency: 6.5536
[2m[36m(CompileWorker pid=3551372)[0m  tensor (Large latency) dimensions: (1, 2048, 12288, 12288, 1, 1, 1, 1, 1, 1, 0, 0, 'CONV', 1, 1, 0, 0),  latency: 26.58889142857143
[2m[36m(CompileWorker pid=3551378)[0m  tensor (Large latency) dimensions: (1, 2048, 12288, 12288, 1, 1, 1, 1, 1, 1, 0, 0, 'CONV', 1, 1, 0, 0),  latency: 26.58889142857143
[2m[36m(CompileWorker pid=3551378)[0m compiled for stage:2 name: stage_0_1_acc_grad_1 module id: 1
[2m[36m(CompileWorker pid=3551369)[0m  tensor (Large latency) dimensions: (1, 2048, 36864, 36864, 1, 1, 1, 1, 1, 1, 0, 0, 'CONV', 1, 1, 0, 0),  latency: 241.54697142857142
[2m[36m(CompileWorker pid=3551379)[0m  tensor (Large latency) dimensions: (1, 2048, 12288, 12288, 1, 1, 1, 1, 1, 1, 0, 0, 'CONV', 1, 1, 0, 0),  latency: 26.58889142857143
[2m[36m(CompileWorker pid=3551379)[0m compiled for stage:1 name: stage_0_0_acc_grad_1 module id: 1
[2m[36m(CompileWorker pid=3551380)[0m  tensor (Large latency) dimensions: (1, 2048, 12288, 12288, 1, 1, 1, 1, 1, 1, 0, 0, 'CONV', 1, 1, 0, 0),  latency: 26.58889142857143
[2m[36m(CompileWorker pid=3551380)[0m compiled for stage:0 name: stage_0_0_acc_grad_1 module id: 1
[2m[36m(CompileWorker pid=3551374)[0m  tensor (Large latency) dimensions: (1, 2048, 6144, 6144, 1, 1, 1, 1, 1, 1, 0, 0, 'CONV', 1, 1, 0, 0),  latency: 6.5536
[2m[36m(CompileWorker pid=3551373)[0m  tensor (Large latency) dimensions: (1, 2048, 12288, 12288, 1, 1, 1, 1, 1, 1, 0, 0, 'CONV', 1, 1, 0, 0),  latency: 26.58889142857143
[2m[36m(CompileWorker pid=3551377)[0m  tensor (Large latency) dimensions: (1, 2048, 12288, 12288, 1, 1, 1, 1, 1, 1, 0, 0, 'CONV', 1, 1, 0, 0),  latency: 26.58889142857143
[2m[36m(CompileWorker pid=3551376)[0m  tensor (Large latency) dimensions: (1, 2048, 12288, 12288, 1, 1, 1, 1, 1, 1, 0, 0, 'CONV', 1, 1, 0, 0),  latency: 26.58889142857143
[2m[36m(CompileWorker pid=3551376)[0m compiled for stage:4 name: stage_0_2_acc_grad_1 module id: 1
[2m[36m(CompileWorker pid=3551375)[0m  tensor (Large latency) dimensions: (1, 2048, 6144, 6144, 1, 1, 1, 1, 1, 1, 0, 0, 'CONV', 1, 1, 0, 0),  latency: 6.5536
[2m[36m(CompileWorker pid=3551372)[0m  tensor (Large latency) dimensions: (1, 2048, 6144, 6144, 1, 1, 1, 1, 1, 1, 0, 0, 'CONV', 1, 1, 0, 0),  latency: 6.5536
[2m[36m(CompileWorker pid=3551370)[0m  tensor (Large latency) dimensions: (1, 2048, 12288, 12288, 1, 1, 1, 1, 1, 1, 0, 0, 'CONV', 1, 1, 0, 0),  latency: 26.58889142857143
[2m[36m(CompileWorker pid=3551377)[0m  tensor (Large latency) dimensions: (1, 256, 36864, 36864, 1, 1, 1, 1, 1, 1, 0, 0, 'CONV', 1, 1, 0, 0),  latency: 45.36027428571428
[2m[36m(CompileWorker pid=3551377)[0m compiled for stage:3 name: stage_0_1_acc_grad_1 module id: 1
[2m[36m(CompileWorker pid=3551371)[0m  tensor (Large latency) dimensions: (1, 2048, 12288, 12288, 1, 1, 1, 1, 1, 1, 0, 0, 'CONV', 1, 1, 0, 0),  latency: 26.58889142857143
[2m[36m(CompileWorker pid=3551373)[0m  tensor (Large latency) dimensions: (1, 2048, 6144, 6144, 1, 1, 1, 1, 1, 1, 0, 0, 'CONV', 1, 1, 0, 0),  latency: 6.5536
[2m[36m(CompileWorker pid=3551374)[0m  tensor (Large latency) dimensions: (1, 2048, 12288, 12288, 1, 1, 1, 1, 1, 1, 0, 0, 'CONV', 1, 1, 0, 0),  latency: 26.58889142857143
[2m[36m(CompileWorker pid=3551374)[0m compiled for stage:6 name: stage_0_3_acc_grad_1 module id: 1
[2m[36m(CompileWorker pid=3551375)[0m  tensor (Large latency) dimensions: (1, 2048, 12288, 12288, 1, 1, 1, 1, 1, 1, 0, 0, 'CONV', 1, 1, 0, 0),  latency: 26.58889142857143
[2m[36m(CompileWorker pid=3551375)[0m compiled for stage:5 name: stage_0_2_acc_grad_1 module id: 1
[2m[36m(CompileWorker pid=3551378)[0m  tensor (Large latency) dimensions: (1, 6144, 12288, 12288, 1, 1, 1, 1, 1, 1, 0, 0, 'CONV', 1, 1, 0, 0),  latency: 79.76667428571429
[2m[36m(CompileWorker pid=3551369)[0m  tensor (Large latency) dimensions: (1, 2048, 12288, 12288, 1, 1, 1, 1, 1, 1, 0, 0, 'CONV', 1, 1, 0, 0),  latency: 26.58889142857143
[2m[36m(CompileWorker pid=3551372)[0m  tensor (Large latency) dimensions: (1, 2048, 12288, 12288, 1, 1, 1, 1, 1, 1, 0, 0, 'CONV', 1, 1, 0, 0),  latency: 26.58889142857143
[2m[36m(CompileWorker pid=3551372)[0m compiled for stage:8 name: stage_0_4_acc_grad_1 module id: 1
[2m[36m(CompileWorker pid=3551370)[0m  tensor (Large latency) dimensions: (1, 2048, 6144, 6144, 1, 1, 1, 1, 1, 1, 0, 0, 'CONV', 1, 1, 0, 0),  latency: 6.5536
[2m[36m(CompileWorker pid=3551379)[0m  tensor (Large latency) dimensions: (1, 6144, 12288, 12288, 1, 1, 1, 1, 1, 1, 0, 0, 'CONV', 1, 1, 0, 0),  latency: 79.76667428571429
[2m[36m(CompileWorker pid=3551380)[0m  tensor (Large latency) dimensions: (1, 6144, 12288, 12288, 1, 1, 1, 1, 1, 1, 0, 0, 'CONV', 1, 1, 0, 0),  latency: 79.76667428571429
[2m[36m(CompileWorker pid=3551376)[0m  tensor (Large latency) dimensions: (1, 1536, 12288, 12288, 1, 1, 1, 1, 1, 1, 0, 0, 'CONV', 1, 1, 0, 0),  latency: 19.941668571428572
[2m[36m(CompileWorker pid=3551371)[0m  tensor (Large latency) dimensions: (1, 2048, 6144, 6144, 1, 1, 1, 1, 1, 1, 0, 0, 'CONV', 1, 1, 0, 0),  latency: 6.5536
[2m[36m(CompileWorker pid=3551373)[0m  tensor (Large latency) dimensions: (1, 2048, 12288, 12288, 1, 1, 1, 1, 1, 1, 0, 0, 'CONV', 1, 1, 0, 0),  latency: 26.58889142857143
[2m[36m(CompileWorker pid=3551373)[0m  tensor (Large latency) dimensions: (1, 256, 36864, 36864, 1, 1, 1, 1, 1, 1, 0, 0, 'CONV', 1, 1, 0, 0),  latency: 45.36027428571428
[2m[36m(CompileWorker pid=3551373)[0m compiled for stage:7 name: stage_0_3_acc_grad_1 module id: 1
[2m[36m(CompileWorker pid=3551377)[0m  tensor (Large latency) dimensions: (1, 6144, 12288, 12288, 1, 1, 1, 1, 1, 1, 0, 0, 'CONV', 1, 1, 0, 0),  latency: 79.76667428571429
[2m[36m(CompileWorker pid=3551369)[0m  tensor (Large latency) dimensions: (1, 2048, 6144, 6144, 1, 1, 1, 1, 1, 1, 0, 0, 'CONV', 1, 1, 0, 0),  latency: 6.5536
[2m[36m(CompileWorker pid=3551374)[0m  tensor (Large latency) dimensions: (1, 1536, 12288, 12288, 1, 1, 1, 1, 1, 1, 0, 0, 'CONV', 1, 1, 0, 0),  latency: 19.941668571428572
[2m[36m(CompileWorker pid=3551370)[0m  tensor (Large latency) dimensions: (1, 2048, 12288, 12288, 1, 1, 1, 1, 1, 1, 0, 0, 'CONV', 1, 1, 0, 0),  latency: 26.58889142857143
[2m[36m(CompileWorker pid=3551370)[0m compiled for stage:10 name: stage_0_5_acc_grad_1 module id: 1
[2m[36m(CompileWorker pid=3551375)[0m  tensor (Large latency) dimensions: (1, 1536, 12288, 12288, 1, 1, 1, 1, 1, 1, 0, 0, 'CONV', 1, 1, 0, 0),  latency: 19.941668571428572
[2m[36m(CompileWorker pid=3551371)[0m  tensor (Large latency) dimensions: (1, 2048, 12288, 12288, 1, 1, 1, 1, 1, 1, 0, 0, 'CONV', 1, 1, 0, 0),  latency: 26.58889142857143
[2m[36m(CompileWorker pid=3551371)[0m compiled for stage:9 name: stage_0_4_acc_grad_1 module id: 1
[2m[36m(CompileWorker pid=3551372)[0m  tensor (Large latency) dimensions: (1, 1536, 12288, 12288, 1, 1, 1, 1, 1, 1, 0, 0, 'CONV', 1, 1, 0, 0),  latency: 19.941668571428572
[2m[36m(CompileWorker pid=3551369)[0m  tensor (Large latency) dimensions: (1, 2048, 12288, 12288, 1, 1, 1, 1, 1, 1, 0, 0, 'CONV', 1, 1, 0, 0),  latency: 26.58889142857143
[2m[36m(CompileWorker pid=3551379)[0m  tensor (Large latency) dimensions: (1, 12288, 6144, 6144, 1, 1, 1, 1, 1, 1, 0, 0, 'CONV', 1, 1, 0, 0),  latency: 39.3216
[2m[36m(CompileWorker pid=3551380)[0m  tensor (Large latency) dimensions: (1, 12288, 6144, 6144, 1, 1, 1, 1, 1, 1, 0, 0, 'CONV', 1, 1, 0, 0),  latency: 39.3216
[2m[36m(CompileWorker pid=3551378)[0m  tensor (Large latency) dimensions: (1, 12288, 6144, 6144, 1, 1, 1, 1, 1, 1, 0, 0, 'CONV', 1, 1, 0, 0),  latency: 39.3216
[2m[36m(CompileWorker pid=3551373)[0m  tensor (Large latency) dimensions: (1, 1536, 12288, 12288, 1, 1, 1, 1, 1, 1, 0, 0, 'CONV', 1, 1, 0, 0),  latency: 19.941668571428572
[2m[36m(CompileWorker pid=3551369)[0m compiled for stage:11 name: stage_0_5_acc_grad_1 module id: 1
[2m[36m(CompileWorker pid=3551370)[0m  tensor (Large latency) dimensions: (1, 1536, 12288, 12288, 1, 1, 1, 1, 1, 1, 0, 0, 'CONV', 1, 1, 0, 0),  latency: 19.941668571428572
[2m[36m(CompileWorker pid=3551371)[0m  tensor (Large latency) dimensions: (1, 1536, 12288, 12288, 1, 1, 1, 1, 1, 1, 0, 0, 'CONV', 1, 1, 0, 0),  latency: 19.941668571428572
[2m[36m(CompileWorker pid=3551377)[0m  tensor (Large latency) dimensions: (1, 12288, 6144, 6144, 1, 1, 1, 1, 1, 1, 0, 0, 'CONV', 1, 1, 0, 0),  latency: 39.3216
[2m[36m(CompileWorker pid=3551380)[0m  tensor (Large latency) dimensions: (1, 1536, 12288, 12288, 1, 1, 1, 1, 1, 1, 0, 0, 'CONV', 1, 1, 0, 0),  latency: 19.941668571428572
[2m[36m(CompileWorker pid=3551379)[0m  tensor (Large latency) dimensions: (1, 1536, 12288, 12288, 1, 1, 1, 1, 1, 1, 0, 0, 'CONV', 1, 1, 0, 0),  latency: 19.941668571428572
[2m[36m(CompileWorker pid=3551376)[0m  tensor (Large latency) dimensions: (1, 12288, 4608, 4608, 1, 1, 1, 1, 1, 1, 0, 0, 'CONV', 1, 1, 0, 0),  latency: 21.90774857142857
[2m[36m(CompileWorker pid=3551378)[0m  tensor (Large latency) dimensions: (1, 1536, 12288, 12288, 1, 1, 1, 1, 1, 1, 0, 0, 'CONV', 1, 1, 0, 0),  latency: 19.941668571428572
[2m[36m(CompileWorker pid=3551374)[0m  tensor (Large latency) dimensions: (1, 12288, 4608, 4608, 1, 1, 1, 1, 1, 1, 0, 0, 'CONV', 1, 1, 0, 0),  latency: 21.90774857142857
[2m[36m(CompileWorker pid=3551369)[0m  tensor (Large latency) dimensions: (1, 1536, 12288, 12288, 1, 1, 1, 1, 1, 1, 0, 0, 'CONV', 1, 1, 0, 0),  latency: 19.941668571428572
[2m[36m(CompileWorker pid=3551376)[0m  tensor (Large latency) dimensions: (1, 2048, 12288, 12288, 1, 1, 1, 1, 1, 1, 0, 0, 'CONV', 1, 1, 0, 0),  latency: 26.58889142857143
[2m[36m(CompileWorker pid=3551377)[0m  tensor (Large latency) dimensions: (1, 1536, 12288, 12288, 1, 1, 1, 1, 1, 1, 0, 0, 'CONV', 1, 1, 0, 0),  latency: 19.941668571428572
[2m[36m(CompileWorker pid=3551375)[0m  tensor (Large latency) dimensions: (1, 12288, 4608, 4608, 1, 1, 1, 1, 1, 1, 0, 0, 'CONV', 1, 1, 0, 0),  latency: 21.90774857142857
[2m[36m(CompileWorker pid=3551374)[0m  tensor (Large latency) dimensions: (1, 2048, 12288, 12288, 1, 1, 1, 1, 1, 1, 0, 0, 'CONV', 1, 1, 0, 0),  latency: 26.58889142857143
[2m[36m(CompileWorker pid=3551372)[0m  tensor (Large latency) dimensions: (1, 12288, 4608, 4608, 1, 1, 1, 1, 1, 1, 0, 0, 'CONV', 1, 1, 0, 0),  latency: 21.90774857142857
[2m[36m(CompileWorker pid=3551375)[0m  tensor (Large latency) dimensions: (1, 2048, 12288, 12288, 1, 1, 1, 1, 1, 1, 0, 0, 'CONV', 1, 1, 0, 0),  latency: 26.58889142857143
[2m[36m(CompileWorker pid=3551373)[0m  tensor (Large latency) dimensions: (1, 12288, 4608, 4608, 1, 1, 1, 1, 1, 1, 0, 0, 'CONV', 1, 1, 0, 0),  latency: 21.90774857142857
[2m[36m(CompileWorker pid=3551376)[0m  tensor (Large latency) dimensions: (1, 6144, 12288, 12288, 1, 1, 1, 1, 1, 1, 0, 0, 'CONV', 1, 1, 0, 0),  latency: 79.76667428571429
[2m[36m(CompileWorker pid=3551372)[0m  tensor (Large latency) dimensions: (1, 2048, 12288, 12288, 1, 1, 1, 1, 1, 1, 0, 0, 'CONV', 1, 1, 0, 0),  latency: 26.58889142857143
[2m[36m(CompileWorker pid=3551370)[0m  tensor (Large latency) dimensions: (1, 12288, 4608, 4608, 1, 1, 1, 1, 1, 1, 0, 0, 'CONV', 1, 1, 0, 0),  latency: 21.90774857142857
[2m[36m(CompileWorker pid=3551379)[0m  tensor (Large latency) dimensions: (1, 12288, 4608, 4608, 1, 1, 1, 1, 1, 1, 0, 0, 'CONV', 1, 1, 0, 0),  latency: 21.90774857142857
[2m[36m(CompileWorker pid=3551380)[0m  tensor (Large latency) dimensions: (1, 12288, 4608, 4608, 1, 1, 1, 1, 1, 1, 0, 0, 'CONV', 1, 1, 0, 0),  latency: 21.90774857142857
[2m[36m(CompileWorker pid=3551374)[0m  tensor (Large latency) dimensions: (1, 6144, 12288, 12288, 1, 1, 1, 1, 1, 1, 0, 0, 'CONV', 1, 1, 0, 0),  latency: 79.76667428571429
[2m[36m(CompileWorker pid=3551373)[0m  tensor (Large latency) dimensions: (1, 2048, 12288, 12288, 1, 1, 1, 1, 1, 1, 0, 0, 'CONV', 1, 1, 0, 0),  latency: 26.58889142857143
[2m[36m(CompileWorker pid=3551371)[0m  tensor (Large latency) dimensions: (1, 12288, 4608, 4608, 1, 1, 1, 1, 1, 1, 0, 0, 'CONV', 1, 1, 0, 0),  latency: 21.90774857142857
[2m[36m(CompileWorker pid=3551378)[0m  tensor (Large latency) dimensions: (1, 12288, 4608, 4608, 1, 1, 1, 1, 1, 1, 0, 0, 'CONV', 1, 1, 0, 0),  latency: 21.90774857142857
[2m[36m(CompileWorker pid=3551375)[0m  tensor (Large latency) dimensions: (1, 6144, 12288, 12288, 1, 1, 1, 1, 1, 1, 0, 0, 'CONV', 1, 1, 0, 0),  latency: 79.76667428571429
[2m[36m(CompileWorker pid=3551370)[0m  tensor (Large latency) dimensions: (1, 2048, 12288, 12288, 1, 1, 1, 1, 1, 1, 0, 0, 'CONV', 1, 1, 0, 0),  latency: 26.58889142857143
[2m[36m(CompileWorker pid=3551379)[0m  tensor (Large latency) dimensions: (1, 2048, 12288, 12288, 1, 1, 1, 1, 1, 1, 0, 0, 'CONV', 1, 1, 0, 0),  latency: 26.58889142857143
[2m[36m(CompileWorker pid=3551380)[0m  tensor (Large latency) dimensions: (1, 2048, 12288, 12288, 1, 1, 1, 1, 1, 1, 0, 0, 'CONV', 1, 1, 0, 0),  latency: 26.58889142857143
[2m[36m(CompileWorker pid=3551371)[0m  tensor (Large latency) dimensions: (1, 2048, 12288, 12288, 1, 1, 1, 1, 1, 1, 0, 0, 'CONV', 1, 1, 0, 0),  latency: 26.58889142857143
[2m[36m(CompileWorker pid=3551379)[0m  tensor (Large latency) dimensions: (1, 256, 12288, 12288, 1, 1, 1, 1, 1, 1, 0, 0, 'CONV', 1, 1, 0, 0),  latency: 5.0088228571428575
[2m[36m(CompileWorker pid=3551378)[0m  tensor (Large latency) dimensions: (1, 2048, 12288, 12288, 1, 1, 1, 1, 1, 1, 0, 0, 'CONV', 1, 1, 0, 0),  latency: 26.58889142857143
[2m[36m(CompileWorker pid=3551377)[0m  tensor (Large latency) dimensions: (1, 12288, 36864, 36864, 1, 1, 1, 1, 1, 1, 0, 0, 'CONV', 1, 1, 0, 0),  latency: 1449.2818285714286
[2m[36m(CompileWorker pid=3551380)[0m  tensor (Large latency) dimensions: (1, 256, 12288, 12288, 1, 1, 1, 1, 1, 1, 0, 0, 'CONV', 1, 1, 0, 0),  latency: 5.0088228571428575
[2m[36m(CompileWorker pid=3551372)[0m  tensor (Large latency) dimensions: (1, 6144, 12288, 12288, 1, 1, 1, 1, 1, 1, 0, 0, 'CONV', 1, 1, 0, 0),  latency: 79.76667428571429
[2m[36m(CompileWorker pid=3551378)[0m  tensor (Large latency) dimensions: (1, 256, 12288, 12288, 1, 1, 1, 1, 1, 1, 0, 0, 'CONV', 1, 1, 0, 0),  latency: 5.0088228571428575
[2m[36m(CompileWorker pid=3551376)[0m  tensor (Large latency) dimensions: (1, 12288, 6144, 6144, 1, 1, 1, 1, 1, 1, 0, 0, 'CONV', 1, 1, 0, 0),  latency: 39.3216
[2m[36m(CompileWorker pid=3551376)[0m  tensor (Large latency) dimensions: (1, 256, 12288, 12288, 1, 1, 1, 1, 1, 1, 0, 0, 'CONV', 1, 1, 0, 0),  latency: 5.0088228571428575
[2m[36m(CompileWorker pid=3551369)[0m  tensor (Large latency) dimensions: (1, 12288, 4608, 4608, 1, 1, 1, 1, 1, 1, 0, 0, 'CONV', 1, 1, 0, 0),  latency: 21.90774857142857
[2m[36m(CompileWorker pid=3551373)[0m  tensor (Large latency) dimensions: (1, 6144, 12288, 12288, 1, 1, 1, 1, 1, 1, 0, 0, 'CONV', 1, 1, 0, 0),  latency: 79.76667428571429
[2m[36m(CompileWorker pid=3551379)[0m  tensor (Large latency) dimensions: (1, 50257, 12288, 12288, 1, 1, 1, 1, 1, 1, 0, 0, 'CONV', 1, 1, 0, 0),  latency: 4325.884891428572
[2m[36m(CompileWorker pid=3551377)[0m  tensor (Large latency) dimensions: (1, 2048, 12288, 12288, 1, 1, 1, 1, 1, 1, 0, 0, 'CONV', 1, 1, 0, 0),  latency: 26.58889142857143
[2m[36m(CompileWorker pid=3551374)[0m  tensor (Large latency) dimensions: (1, 12288, 6144, 6144, 1, 1, 1, 1, 1, 1, 0, 0, 'CONV', 1, 1, 0, 0),  latency: 39.3216
[2m[36m(CompileWorker pid=3551380)[0m  tensor (Large latency) dimensions: (1, 50257, 12288, 12288, 1, 1, 1, 1, 1, 1, 0, 0, 'CONV', 1, 1, 0, 0),  latency: 4325.884891428572
[2m[36m(CompileWorker pid=3551374)[0m  tensor (Large latency) dimensions: (1, 256, 12288, 12288, 1, 1, 1, 1, 1, 1, 0, 0, 'CONV', 1, 1, 0, 0),  latency: 5.0088228571428575
[2m[36m(CompileWorker pid=3551375)[0m  tensor (Large latency) dimensions: (1, 12288, 6144, 6144, 1, 1, 1, 1, 1, 1, 0, 0, 'CONV', 1, 1, 0, 0),  latency: 39.3216
[2m[36m(CompileWorker pid=3551370)[0m  tensor (Large latency) dimensions: (1, 6144, 12288, 12288, 1, 1, 1, 1, 1, 1, 0, 0, 'CONV', 1, 1, 0, 0),  latency: 79.76667428571429
[2m[36m(CompileWorker pid=3551378)[0m  tensor (Large latency) dimensions: (1, 50257, 12288, 12288, 1, 1, 1, 1, 1, 1, 0, 0, 'CONV', 1, 1, 0, 0),  latency: 4325.884891428572
[2m[36m(CompileWorker pid=3551376)[0m  tensor (Large latency) dimensions: (1, 50257, 12288, 12288, 1, 1, 1, 1, 1, 1, 0, 0, 'CONV', 1, 1, 0, 0),  latency: 4325.884891428572
[2m[36m(CompileWorker pid=3551371)[0m  tensor (Large latency) dimensions: (1, 6144, 12288, 12288, 1, 1, 1, 1, 1, 1, 0, 0, 'CONV', 1, 1, 0, 0),  latency: 79.76667428571429
[2m[36m(CompileWorker pid=3551375)[0m  tensor (Large latency) dimensions: (1, 256, 12288, 12288, 1, 1, 1, 1, 1, 1, 0, 0, 'CONV', 1, 1, 0, 0),  latency: 5.0088228571428575
[2m[36m(CompileWorker pid=3551369)[0m  tensor (Large latency) dimensions: (1, 2048, 12288, 12288, 1, 1, 1, 1, 1, 1, 0, 0, 'CONV', 1, 1, 0, 0),  latency: 26.58889142857143
[2m[36m(CompileWorker pid=3551374)[0m  tensor (Large latency) dimensions: (1, 50257, 12288, 12288, 1, 1, 1, 1, 1, 1, 0, 0, 'CONV', 1, 1, 0, 0),  latency: 4325.884891428572
[2m[36m(CompileWorker pid=3551372)[0m  tensor (Large latency) dimensions: (1, 12288, 6144, 6144, 1, 1, 1, 1, 1, 1, 0, 0, 'CONV', 1, 1, 0, 0),  latency: 39.3216
[2m[36m(CompileWorker pid=3551372)[0m  tensor (Large latency) dimensions: (1, 256, 12288, 12288, 1, 1, 1, 1, 1, 1, 0, 0, 'CONV', 1, 1, 0, 0),  latency: 5.0088228571428575
[2m[36m(CompileWorker pid=3551373)[0m  tensor (Large latency) dimensions: (1, 12288, 6144, 6144, 1, 1, 1, 1, 1, 1, 0, 0, 'CONV', 1, 1, 0, 0),  latency: 39.3216
[2m[36m(CompileWorker pid=3551377)[0m  tensor (Large latency) dimensions: (1, 12288, 4608, 4608, 1, 1, 1, 1, 1, 1, 0, 0, 'CONV', 1, 1, 0, 0),  latency: 21.90774857142857
[2m[36m(CompileWorker pid=3551375)[0m  tensor (Large latency) dimensions: (1, 50257, 12288, 12288, 1, 1, 1, 1, 1, 1, 0, 0, 'CONV', 1, 1, 0, 0),  latency: 4325.884891428572
[2m[36m(CompileWorker pid=3551369)[0m  tensor (Large latency) dimensions: (1, 6144, 12288, 12288, 1, 1, 1, 1, 1, 1, 0, 0, 'CONV', 1, 1, 0, 0),  latency: 79.76667428571429
[2m[36m(CompileWorker pid=3551377)[0m  tensor (Large latency) dimensions: (1, 2048, 12288, 12288, 1, 1, 1, 1, 1, 1, 0, 0, 'CONV', 1, 1, 0, 0),  latency: 26.58889142857143
[2m[36m(CompileWorker pid=3551372)[0m  tensor (Large latency) dimensions: (1, 50257, 12288, 12288, 1, 1, 1, 1, 1, 1, 0, 0, 'CONV', 1, 1, 0, 0),  latency: 4325.884891428572
[2m[36m(CompileWorker pid=3551370)[0m  tensor (Large latency) dimensions: (1, 12288, 6144, 6144, 1, 1, 1, 1, 1, 1, 0, 0, 'CONV', 1, 1, 0, 0),  latency: 39.3216
[2m[36m(CompileWorker pid=3551371)[0m  tensor (Large latency) dimensions: (1, 12288, 6144, 6144, 1, 1, 1, 1, 1, 1, 0, 0, 'CONV', 1, 1, 0, 0),  latency: 39.3216
[2m[36m(CompileWorker pid=3551377)[0m  tensor (Large latency) dimensions: (1, 256, 12288, 12288, 1, 1, 1, 1, 1, 1, 0, 0, 'CONV', 1, 1, 0, 0),  latency: 5.0088228571428575
[2m[36m(CompileWorker pid=3551370)[0m  tensor (Large latency) dimensions: (1, 256, 12288, 12288, 1, 1, 1, 1, 1, 1, 0, 0, 'CONV', 1, 1, 0, 0),  latency: 5.0088228571428575
[2m[36m(CompileWorker pid=3551371)[0m  tensor (Large latency) dimensions: (1, 256, 12288, 12288, 1, 1, 1, 1, 1, 1, 0, 0, 'CONV', 1, 1, 0, 0),  latency: 5.0088228571428575
[2m[36m(CompileWorker pid=3551377)[0m  tensor (Large latency) dimensions: (1, 50257, 12288, 12288, 1, 1, 1, 1, 1, 1, 0, 0, 'CONV', 1, 1, 0, 0),  latency: 4325.884891428572
[2m[36m(CompileWorker pid=3551379)[0m compiled for stage:12 name: stage_0_6_acc_grad_0 module id: 0
[2m[36m(CompileWorker pid=3551378)[0m compiled for stage:14 name: stage_0_7_acc_grad_0 module id: 0
[2m[36m(CompileWorker pid=3551371)[0m  tensor (Large latency) dimensions: (1, 50257, 12288, 12288, 1, 1, 1, 1, 1, 1, 0, 0, 'CONV', 1, 1, 0, 0),  latency: 4325.884891428572
[2m[36m(CompileWorker pid=3551373)[0m  tensor (Large latency) dimensions: (1, 12288, 36864, 36864, 1, 1, 1, 1, 1, 1, 0, 0, 'CONV', 1, 1, 0, 0),  latency: 1449.2818285714286
[2m[36m(CompileWorker pid=3551370)[0m  tensor (Large latency) dimensions: (1, 50257, 12288, 12288, 1, 1, 1, 1, 1, 1, 0, 0, 'CONV', 1, 1, 0, 0),  latency: 4325.884891428572
[2m[36m(CompileWorker pid=3551379)[0m compiled for stage:12 name: stage_0_6_acc_grad_1 module id: 1
[2m[36m(CompileWorker pid=3551378)[0m compiled for stage:14 name: stage_0_7_acc_grad_1 module id: 1
[2m[36m(CompileWorker pid=3551369)[0m  tensor (Large latency) dimensions: (1, 12288, 6144, 6144, 1, 1, 1, 1, 1, 1, 0, 0, 'CONV', 1, 1, 0, 0),  latency: 39.3216
[2m[36m(CompileWorker pid=3551369)[0m  tensor (Large latency) dimensions: (1, 256, 12288, 12288, 1, 1, 1, 1, 1, 1, 0, 0, 'CONV', 1, 1, 0, 0),  latency: 5.0088228571428575
[2m[36m(CompileWorker pid=3551373)[0m  tensor (Large latency) dimensions: (1, 2048, 12288, 12288, 1, 1, 1, 1, 1, 1, 0, 0, 'CONV', 1, 1, 0, 0),  latency: 26.58889142857143
[2m[36m(CompileWorker pid=3551373)[0m  tensor (Large latency) dimensions: (1, 256, 12288, 12288, 1, 1, 1, 1, 1, 1, 0, 0, 'CONV', 1, 1, 0, 0),  latency: 5.0088228571428575
[2m[36m(CompileWorker pid=3551380)[0m compiled for stage:13 name: stage_0_6_acc_grad_0 module id: 0
[2m[36m(CompileWorker pid=3551380)[0m compiled for stage:13 name: stage_0_6_acc_grad_1 module id: 1
[2m[36m(CompileWorker pid=3551369)[0m  tensor (Large latency) dimensions: (1, 50257, 12288, 12288, 1, 1, 1, 1, 1, 1, 0, 0, 'CONV', 1, 1, 0, 0),  latency: 4325.884891428572
[2m[36m(CompileWorker pid=3551373)[0m  tensor (Large latency) dimensions: (1, 50257, 12288, 12288, 1, 1, 1, 1, 1, 1, 0, 0, 'CONV', 1, 1, 0, 0),  latency: 4325.884891428572
[2m[36m(CompileWorker pid=3551374)[0m compiled for stage:16 name: stage_0_8_acc_grad_0 module id: 0
[2m[36m(CompileWorker pid=3551374)[0m compiled for stage:16 name: stage_0_8_acc_grad_1 module id: 1
[2m[36m(CompileWorker pid=3551369)[0m compiled for stage:24 name: stage_1_1_acc_grad_0 module id: 0
[2m[36m(CompileWorker pid=3551369)[0m compiled for stage:24 name: stage_1_1_acc_grad_1 module id: 1
[2m[36m(CompileWorker pid=3551373)[0m compiled for stage:25 name: stage_1_1_acc_grad_0 module id: 0
[2m[36m(CompileWorker pid=3551373)[0m compiled for stage:25 name: stage_1_1_acc_grad_1 module id: 1
[2m[36m(CompileWorker pid=3551376)[0m compiled for stage:15 name: stage_0_7_acc_grad_0 module id: 0
[2m[36m(CompileWorker pid=3551376)[0m compiled for stage:15 name: stage_0_7_acc_grad_1 module id: 1
[2m[36m(CompileWorker pid=3551380)[0m compiled for stage:26 name: stage_1_2_acc_grad_0 module id: 0
[2m[36m(CompileWorker pid=3551380)[0m compiled for stage:26 name: stage_1_2_acc_grad_1 module id: 1
[2m[36m(CompileWorker pid=3551369)[0m compiled for stage:27 name: stage_1_2_acc_grad_0 module id: 0
[2m[36m(CompileWorker pid=3551369)[0m compiled for stage:27 name: stage_1_2_acc_grad_1 module id: 1
[2m[36m(CompileWorker pid=3551373)[0m compiled for stage:28 name: stage_1_3_acc_grad_0 module id: 0
[2m[36m(CompileWorker pid=3551373)[0m compiled for stage:28 name: stage_1_3_acc_grad_1 module id: 1
[2m[36m(CompileWorker pid=3551374)[0m compiled for stage:29 name: stage_1_3_acc_grad_0 module id: 0
[2m[36m(CompileWorker pid=3551374)[0m compiled for stage:29 name: stage_1_3_acc_grad_1 module id: 1
[2m[36m(CompileWorker pid=3551372)[0m compiled for stage:18 name: stage_0_9_acc_grad_0 module id: 0
[2m[36m(CompileWorker pid=3551375)[0m compiled for stage:17 name: stage_0_8_acc_grad_0 module id: 0
[2m[36m(CompileWorker pid=3551372)[0m compiled for stage:18 name: stage_0_9_acc_grad_1 module id: 1
[2m[36m(CompileWorker pid=3551376)[0m compiled for stage:30 name: stage_1_4_acc_grad_0 module id: 0
[2m[36m(CompileWorker pid=3551376)[0m compiled for stage:30 name: stage_1_4_acc_grad_1 module id: 1
[2m[36m(CompileWorker pid=3551375)[0m  tensor (Large latency) dimensions: (1, 256, 36864, 36864, 1, 1, 1, 1, 1, 1, 0, 0, 'CONV', 1, 1, 0, 0),  latency: 45.36027428571428
[2m[36m(CompileWorker pid=3551375)[0m compiled for stage:17 name: stage_0_8_acc_grad_1 module id: 1
[2m[36m(CompileWorker pid=3551380)[0m compiled for stage:31 name: stage_1_4_acc_grad_0 module id: 0
[2m[36m(CompileWorker pid=3551380)[0m compiled for stage:31 name: stage_1_4_acc_grad_1 module id: 1
[2m[36m(CompileWorker pid=3551369)[0m compiled for stage:32 name: stage_1_5_acc_grad_0 module id: 0
[2m[36m(CompileWorker pid=3551369)[0m compiled for stage:32 name: stage_1_5_acc_grad_1 module id: 1
[2m[36m(CompileWorker pid=3551373)[0m compiled for stage:33 name: stage_1_5_acc_grad_0 module id: 0
[2m[36m(CompileWorker pid=3551373)[0m compiled for stage:33 name: stage_1_5_acc_grad_1 module id: 1
[2m[36m(CompileWorker pid=3551377)[0m compiled for stage:19 name: stage_0_9_acc_grad_0 module id: 0
[2m[36m(CompileWorker pid=3551371)[0m compiled for stage:20 name: stage_0_10_acc_grad_0 module id: 0
[2m[36m(CompileWorker pid=3551371)[0m compiled for stage:20 name: stage_0_10_acc_grad_1 module id: 1
[2m[36m(CompileWorker pid=3551378)[0m compiled for stage:22 name: stage_0_11_acc_grad_0 module id: 0
[2m[36m(CompileWorker pid=3551378)[0m compiled for stage:22 name: stage_0_11_acc_grad_1 module id: 1
[2m[36m(CompileWorker pid=3551374)[0m compiled for stage:34 name: stage_1_6_acc_grad_0 module id: 0
[2m[36m(CompileWorker pid=3551374)[0m compiled for stage:34 name: stage_1_6_acc_grad_1 module id: 1
[2m[36m(CompileWorker pid=3551375)[0m  tensor (Large latency) dimensions: (1, 12288, 36864, 36864, 1, 1, 1, 1, 1, 1, 0, 0, 'CONV', 1, 1, 0, 0),  latency: 1449.2818285714286
[2m[36m(CompileWorker pid=3551377)[0m  tensor (Large latency) dimensions: (1, 256, 12288, 12288, 1, 1, 1, 1, 1, 1, 0, 0, 'CONV', 1, 1, 0, 0),  latency: 5.0088228571428575
[2m[36m(CompileWorker pid=3551377)[0m compiled for stage:19 name: stage_0_9_acc_grad_1 module id: 1
[2m[36m(CompileWorker pid=3551378)[0m  tensor (Large latency) dimensions: (1, 12288, 50257, 50257, 1, 1, 1, 1, 1, 1, 0, 0, 'CONV', 1, 1, 0, 0),  latency: 31918.00680860119
[2m[36m(CompileWorker pid=3551376)[0m compiled for stage:36 name: stage_1_7_acc_grad_0 module id: 0
[2m[36m(CompileWorker pid=3551376)[0m compiled for stage:36 name: stage_1_7_acc_grad_1 module id: 1
[2m[36m(CompileWorker pid=3551375)[0m  tensor (Large latency) dimensions: (1, 2048, 12288, 12288, 1, 1, 1, 1, 1, 1, 0, 0, 'CONV', 1, 1, 0, 0),  latency: 26.58889142857143
[2m[36m(CompileWorker pid=3551372)[0m compiled for stage:35 name: stage_1_6_acc_grad_0 module id: 0
[2m[36m(CompileWorker pid=3551372)[0m compiled for stage:35 name: stage_1_6_acc_grad_1 module id: 1
[2m[36m(CompileWorker pid=3551378)[0m  tensor (Large latency) dimensions: (1, 2048, 12288, 12288, 1, 1, 1, 1, 1, 1, 0, 0, 'CONV', 1, 1, 0, 0),  latency: 26.58889142857143
[2m[36m(CompileWorker pid=3551380)[0m compiled for stage:37 name: stage_1_7_acc_grad_0 module id: 0
[2m[36m(CompileWorker pid=3551380)[0m compiled for stage:37 name: stage_1_7_acc_grad_1 module id: 1
[2m[36m(CompileWorker pid=3551369)[0m compiled for stage:38 name: stage_1_8_acc_grad_0 module id: 0
[2m[36m(CompileWorker pid=3551369)[0m compiled for stage:38 name: stage_1_8_acc_grad_1 module id: 1
[2m[36m(CompileWorker pid=3551370)[0m compiled for stage:21 name: stage_0_10_acc_grad_0 module id: 0
[2m[36m(CompileWorker pid=3551377)[0m  tensor (Large latency) dimensions: (1, 12288, 12288, 12288, 1, 1, 1, 1, 1, 1, 0, 0, 'CONV', 1, 1, 0, 0),  latency: 159.53334857142858
[2m[36m(CompileWorker pid=3551379)[0m compiled for stage:23 name: stage_0_11_acc_grad_0 module id: 0
[2m[36m(CompileWorker pid=3551370)[0m compiled for stage:21 name: stage_0_10_acc_grad_1 module id: 1
[2m[36m(CompileWorker pid=3551380)[0m compiled for stage:46 name: stage_2_2_acc_grad_0 module id: 0
[2m[36m(CompileWorker pid=3551380)[0m compiled for stage:46 name: stage_2_2_acc_grad_1 module id: 1
[2m[36m(CompileWorker pid=3551379)[0m compiled for stage:23 name: stage_0_11_acc_grad_1 module id: 1
[2m[36m(CompileWorker pid=3551369)[0m compiled for stage:47 name: stage_2_2_acc_grad_0 module id: 0
[2m[36m(CompileWorker pid=3551369)[0m compiled for stage:47 name: stage_2_2_acc_grad_1 module id: 1
[2m[36m(CompileWorker pid=3551377)[0m compiled for stage:48 name: stage_2_3_acc_grad_0 module id: 0
[2m[36m(CompileWorker pid=3551377)[0m compiled for stage:48 name: stage_2_3_acc_grad_1 module id: 1
[2m[36m(CompileWorker pid=3551379)[0m  tensor (Large latency) dimensions: (1, 12288, 50257, 50257, 1, 1, 1, 1, 1, 1, 0, 0, 'CONV', 1, 1, 0, 0),  latency: 31918.00680860119
[2m[36m(CompileWorker pid=3551371)[0m compiled for stage:40 name: stage_1_9_acc_grad_0 module id: 0
[2m[36m(CompileWorker pid=3551380)[0m compiled for stage:49 name: stage_2_3_acc_grad_0 module id: 0
[2m[36m(CompileWorker pid=3551380)[0m compiled for stage:49 name: stage_2_3_acc_grad_1 module id: 1
[2m[36m(CompileWorker pid=3551371)[0m compiled for stage:40 name: stage_1_9_acc_grad_1 module id: 1
[2m[36m(CompileWorker pid=3551370)[0m compiled for stage:50 name: stage_2_4_acc_grad_0 module id: 0
[2m[36m(CompileWorker pid=3551370)[0m compiled for stage:50 name: stage_2_4_acc_grad_1 module id: 1
[2m[36m(CompileWorker pid=3551379)[0m  tensor (Large latency) dimensions: (1, 2048, 12288, 12288, 1, 1, 1, 1, 1, 1, 0, 0, 'CONV', 1, 1, 0, 0),  latency: 26.58889142857143
[2m[36m(CompileWorker pid=3551369)[0m compiled for stage:51 name: stage_2_4_acc_grad_0 module id: 0
[2m[36m(CompileWorker pid=3551369)[0m compiled for stage:51 name: stage_2_4_acc_grad_1 module id: 1
[2m[36m(CompileWorker pid=3551373)[0m compiled for stage:39 name: stage_1_8_acc_grad_0 module id: 0
[2m[36m(CompileWorker pid=3551373)[0m compiled for stage:39 name: stage_1_8_acc_grad_1 module id: 1
[2m[36m(CompileWorker pid=3551377)[0m compiled for stage:52 name: stage_2_5_acc_grad_0 module id: 0
[2m[36m(CompileWorker pid=3551377)[0m compiled for stage:52 name: stage_2_5_acc_grad_1 module id: 1
[2m[36m(CompileWorker pid=3551374)[0m compiled for stage:41 name: stage_1_9_acc_grad_0 module id: 0
[2m[36m(CompileWorker pid=3551374)[0m compiled for stage:41 name: stage_1_9_acc_grad_1 module id: 1
[2m[36m(CompileWorker pid=3551376)[0m compiled for stage:42 name: stage_1_10_acc_grad_0 module id: 0
[2m[36m(CompileWorker pid=3551380)[0m compiled for stage:53 name: stage_2_5_acc_grad_0 module id: 0
[2m[36m(CompileWorker pid=3551380)[0m compiled for stage:53 name: stage_2_5_acc_grad_1 module id: 1
[2m[36m(CompileWorker pid=3551376)[0m compiled for stage:42 name: stage_1_10_acc_grad_1 module id: 1
[2m[36m(CompileWorker pid=3551372)[0m compiled for stage:44 name: stage_1_11_acc_grad_0 module id: 0
[2m[36m(CompileWorker pid=3551371)[0m compiled for stage:54 name: stage_2_6_acc_grad_0 module id: 0
[2m[36m(CompileWorker pid=3551372)[0m compiled for stage:44 name: stage_1_11_acc_grad_1 module id: 1
[2m[36m(CompileWorker pid=3551371)[0m compiled for stage:54 name: stage_2_6_acc_grad_1 module id: 1
[2m[36m(CompileWorker pid=3551372)[0m  tensor (Large latency) dimensions: (1, 1536, 50257, 50257, 1, 1, 1, 1, 1, 1, 0, 0, 'CONV', 1, 1, 0, 0),  latency: 4017.9402043005953
[2m[36m(CompileWorker pid=3551379)[0m compiled for stage:56 name: stage_2_7_acc_grad_0 module id: 0
[2m[36m(CompileWorker pid=3551370)[0m compiled for stage:55 name: stage_2_6_acc_grad_0 module id: 0
[2m[36m(CompileWorker pid=3551370)[0m compiled for stage:55 name: stage_2_6_acc_grad_1 module id: 1
[2m[36m(CompileWorker pid=3551379)[0m compiled for stage:56 name: stage_2_7_acc_grad_1 module id: 1
[2m[36m(CompileWorker pid=3551375)[0m compiled for stage:43 name: stage_1_10_acc_grad_0 module id: 0
[2m[36m(CompileWorker pid=3551375)[0m compiled for stage:43 name: stage_1_10_acc_grad_1 module id: 1
[2m[36m(CompileWorker pid=3551373)[0m compiled for stage:58 name: stage_2_8_acc_grad_0 module id: 0
[2m[36m(CompileWorker pid=3551373)[0m compiled for stage:58 name: stage_2_8_acc_grad_1 module id: 1
[2m[36m(CompileWorker pid=3551369)[0m compiled for stage:57 name: stage_2_7_acc_grad_0 module id: 0
[2m[36m(CompileWorker pid=3551378)[0m compiled for stage:45 name: stage_1_11_acc_grad_0 module id: 0
[2m[36m(CompileWorker pid=3551372)[0m  tensor (Large latency) dimensions: (1, 2048, 12288, 12288, 1, 1, 1, 1, 1, 1, 0, 0, 'CONV', 1, 1, 0, 0),  latency: 26.58889142857143
[2m[36m(CompileWorker pid=3551369)[0m compiled for stage:57 name: stage_2_7_acc_grad_1 module id: 1
[2m[36m(CompileWorker pid=3551378)[0m compiled for stage:45 name: stage_1_11_acc_grad_1 module id: 1
[2m[36m(CompileWorker pid=3551375)[0m compiled for stage:66 name: stage_3_3_acc_grad_0 module id: 0
[2m[36m(CompileWorker pid=3551375)[0m compiled for stage:66 name: stage_3_3_acc_grad_1 module id: 1
[2m[36m(CompileWorker pid=3551373)[0m compiled for stage:67 name: stage_3_3_acc_grad_0 module id: 0
[2m[36m(CompileWorker pid=3551373)[0m compiled for stage:67 name: stage_3_3_acc_grad_1 module id: 1
[2m[36m(CompileWorker pid=3551378)[0m  tensor (Large latency) dimensions: (1, 1536, 50257, 50257, 1, 1, 1, 1, 1, 1, 0, 0, 'CONV', 1, 1, 0, 0),  latency: 4017.9402043005953
[2m[36m(CompileWorker pid=3551372)[0m compiled for stage:68 name: stage_3_4_acc_grad_0 module id: 0
[2m[36m(CompileWorker pid=3551372)[0m compiled for stage:68 name: stage_3_4_acc_grad_1 module id: 1
[2m[36m(CompileWorker pid=3551369)[0m compiled for stage:69 name: stage_3_4_acc_grad_0 module id: 0
[2m[36m(CompileWorker pid=3551369)[0m compiled for stage:69 name: stage_3_4_acc_grad_1 module id: 1
[2m[36m(CompileWorker pid=3551377)[0m compiled for stage:59 name: stage_2_8_acc_grad_0 module id: 0
[2m[36m(CompileWorker pid=3551375)[0m compiled for stage:70 name: stage_3_5_acc_grad_0 module id: 0
[2m[36m(CompileWorker pid=3551375)[0m compiled for stage:70 name: stage_3_5_acc_grad_1 module id: 1
[2m[36m(CompileWorker pid=3551377)[0m compiled for stage:59 name: stage_2_8_acc_grad_1 module id: 1
[2m[36m(CompileWorker pid=3551373)[0m compiled for stage:71 name: stage_3_5_acc_grad_0 module id: 0
[2m[36m(CompileWorker pid=3551373)[0m compiled for stage:71 name: stage_3_5_acc_grad_1 module id: 1
[2m[36m(CompileWorker pid=3551374)[0m compiled for stage:60 name: stage_2_9_acc_grad_0 module id: 0
[2m[36m(CompileWorker pid=3551374)[0m compiled for stage:60 name: stage_2_9_acc_grad_1 module id: 1
[2m[36m(CompileWorker pid=3551372)[0m compiled for stage:72 name: stage_3_6_acc_grad_0 module id: 0
[2m[36m(CompileWorker pid=3551372)[0m compiled for stage:72 name: stage_3_6_acc_grad_1 module id: 1
[2m[36m(CompileWorker pid=3551376)[0m compiled for stage:62 name: stage_2_10_acc_grad_0 module id: 0
[2m[36m(CompileWorker pid=3551376)[0m compiled for stage:62 name: stage_2_10_acc_grad_1 module id: 1
[2m[36m(CompileWorker pid=3551378)[0m compiled for stage:73 name: stage_3_6_acc_grad_0 module id: 0
[2m[36m(CompileWorker pid=3551378)[0m compiled for stage:73 name: stage_3_6_acc_grad_1 module id: 1
[2m[36m(CompileWorker pid=3551380)[0m compiled for stage:61 name: stage_2_9_acc_grad_0 module id: 0
[2m[36m(CompileWorker pid=3551369)[0m compiled for stage:74 name: stage_3_7_acc_grad_0 module id: 0
[2m[36m(CompileWorker pid=3551369)[0m compiled for stage:74 name: stage_3_7_acc_grad_1 module id: 1
[2m[36m(CompileWorker pid=3551380)[0m compiled for stage:61 name: stage_2_9_acc_grad_1 module id: 1
[2m[36m(CompileWorker pid=3551377)[0m compiled for stage:76 name: stage_3_8_acc_grad_0 module id: 0
[2m[36m(CompileWorker pid=3551377)[0m compiled for stage:76 name: stage_3_8_acc_grad_1 module id: 1
[2m[36m(CompileWorker pid=3551375)[0m compiled for stage:75 name: stage_3_7_acc_grad_0 module id: 0
[2m[36m(CompileWorker pid=3551375)[0m compiled for stage:75 name: stage_3_7_acc_grad_1 module id: 1
[2m[36m(CompileWorker pid=3551370)[0m compiled for stage:64 name: stage_2_11_acc_grad_0 module id: 0
[2m[36m(CompileWorker pid=3551370)[0m compiled for stage:64 name: stage_2_11_acc_grad_1 module id: 1
[2m[36m(CompileWorker pid=3551377)[0m compiled for stage:84 name: stage_4_4_acc_grad_0 module id: 0
[2m[36m(CompileWorker pid=3551377)[0m compiled for stage:84 name: stage_4_4_acc_grad_1 module id: 1
[2m[36m(CompileWorker pid=3551375)[0m compiled for stage:85 name: stage_4_4_acc_grad_0 module id: 0
[2m[36m(CompileWorker pid=3551375)[0m compiled for stage:85 name: stage_4_4_acc_grad_1 module id: 1
[2m[36m(CompileWorker pid=3551371)[0m compiled for stage:63 name: stage_2_10_acc_grad_0 module id: 0
[2m[36m(CompileWorker pid=3551370)[0m  tensor (Large latency) dimensions: (1, 1536, 50257, 50257, 1, 1, 1, 1, 1, 1, 0, 0, 'CONV', 1, 1, 0, 0),  latency: 4017.9402043005953
[2m[36m(CompileWorker pid=3551374)[0m compiled for stage:78 name: stage_3_9_acc_grad_0 module id: 0
[2m[36m(CompileWorker pid=3551371)[0m compiled for stage:63 name: stage_2_10_acc_grad_1 module id: 1
[2m[36m(CompileWorker pid=3551374)[0m compiled for stage:78 name: stage_3_9_acc_grad_1 module id: 1
[2m[36m(CompileWorker pid=3551377)[0m compiled for stage:86 name: stage_4_5_acc_grad_0 module id: 0
[2m[36m(CompileWorker pid=3551377)[0m compiled for stage:86 name: stage_4_5_acc_grad_1 module id: 1
[2m[36m(CompileWorker pid=3551373)[0m compiled for stage:77 name: stage_3_8_acc_grad_0 module id: 0
[2m[36m(CompileWorker pid=3551373)[0m compiled for stage:77 name: stage_3_8_acc_grad_1 module id: 1
[2m[36m(CompileWorker pid=3551375)[0m compiled for stage:87 name: stage_4_5_acc_grad_0 module id: 0
[2m[36m(CompileWorker pid=3551375)[0m compiled for stage:87 name: stage_4_5_acc_grad_1 module id: 1
[2m[36m(CompileWorker pid=3551370)[0m  tensor (Large latency) dimensions: (1, 2048, 12288, 12288, 1, 1, 1, 1, 1, 1, 0, 0, 'CONV', 1, 1, 0, 0),  latency: 26.58889142857143
[2m[36m(CompileWorker pid=3551379)[0m compiled for stage:65 name: stage_2_11_acc_grad_0 module id: 0
[2m[36m(CompileWorker pid=3551371)[0m compiled for stage:88 name: stage_4_6_acc_grad_0 module id: 0
[2m[36m(CompileWorker pid=3551376)[0m compiled for stage:80 name: stage_3_10_acc_grad_0 module id: 0
[2m[36m(CompileWorker pid=3551371)[0m compiled for stage:88 name: stage_4_6_acc_grad_1 module id: 1
[2m[36m(CompileWorker pid=3551379)[0m compiled for stage:65 name: stage_2_11_acc_grad_1 module id: 1
[2m[36m(CompileWorker pid=3551372)[0m compiled for stage:79 name: stage_3_9_acc_grad_0 module id: 0
[2m[36m(CompileWorker pid=3551376)[0m compiled for stage:80 name: stage_3_10_acc_grad_1 module id: 1
[2m[36m(CompileWorker pid=3551372)[0m compiled for stage:79 name: stage_3_9_acc_grad_1 module id: 1
[2m[36m(CompileWorker pid=3551374)[0m compiled for stage:89 name: stage_4_6_acc_grad_0 module id: 0
[2m[36m(CompileWorker pid=3551377)[0m compiled for stage:90 name: stage_4_7_acc_grad_0 module id: 0
[2m[36m(CompileWorker pid=3551374)[0m compiled for stage:89 name: stage_4_6_acc_grad_1 module id: 1
[2m[36m(CompileWorker pid=3551377)[0m compiled for stage:90 name: stage_4_7_acc_grad_1 module id: 1
[2m[36m(CompileWorker pid=3551369)[0m compiled for stage:82 name: stage_3_11_acc_grad_0 module id: 0
[2m[36m(CompileWorker pid=3551379)[0m  tensor (Large latency) dimensions: (1, 1536, 50257, 50257, 1, 1, 1, 1, 1, 1, 0, 0, 'CONV', 1, 1, 0, 0),  latency: 4017.9402043005953
[2m[36m(CompileWorker pid=3551369)[0m compiled for stage:82 name: stage_3_11_acc_grad_1 module id: 1
[2m[36m(CompileWorker pid=3551373)[0m compiled for stage:91 name: stage_4_7_acc_grad_0 module id: 0
[2m[36m(CompileWorker pid=3551373)[0m compiled for stage:91 name: stage_4_7_acc_grad_1 module id: 1
[2m[36m(CompileWorker pid=3551369)[0m  tensor (Large latency) dimensions: (1, 1536, 50257, 50257, 1, 1, 1, 1, 1, 1, 0, 0, 'CONV', 1, 1, 0, 0),  latency: 4017.9402043005953
[2m[36m(CompileWorker pid=3551375)[0m compiled for stage:92 name: stage_4_8_acc_grad_0 module id: 0
[2m[36m(CompileWorker pid=3551375)[0m compiled for stage:92 name: stage_4_8_acc_grad_1 module id: 1
[2m[36m(CompileWorker pid=3551373)[0m compiled for stage:100 name: stage_5_5_acc_grad_0 module id: 0
[2m[36m(CompileWorker pid=3551373)[0m compiled for stage:100 name: stage_5_5_acc_grad_1 module id: 1
[2m[36m(CompileWorker pid=3551375)[0m compiled for stage:101 name: stage_5_5_acc_grad_0 module id: 0
[2m[36m(CompileWorker pid=3551375)[0m compiled for stage:101 name: stage_5_5_acc_grad_1 module id: 1
[2m[36m(CompileWorker pid=3551378)[0m compiled for stage:81 name: stage_3_10_acc_grad_0 module id: 0
[2m[36m(CompileWorker pid=3551378)[0m compiled for stage:81 name: stage_3_10_acc_grad_1 module id: 1
[2m[36m(CompileWorker pid=3551369)[0m  tensor (Large latency) dimensions: (1, 2048, 12288, 12288, 1, 1, 1, 1, 1, 1, 0, 0, 'CONV', 1, 1, 0, 0),  latency: 26.58889142857143
[2m[36m(CompileWorker pid=3551380)[0m compiled for stage:83 name: stage_3_11_acc_grad_0 module id: 0
[2m[36m(CompileWorker pid=3551380)[0m compiled for stage:83 name: stage_3_11_acc_grad_1 module id: 1
[2m[36m(CompileWorker pid=3551373)[0m compiled for stage:102 name: stage_5_6_acc_grad_0 module id: 0
[2m[36m(CompileWorker pid=3551373)[0m compiled for stage:102 name: stage_5_6_acc_grad_1 module id: 1
[2m[36m(CompileWorker pid=3551370)[0m compiled for stage:93 name: stage_4_8_acc_grad_0 module id: 0
[2m[36m(CompileWorker pid=3551370)[0m compiled for stage:93 name: stage_4_8_acc_grad_1 module id: 1
[2m[36m(CompileWorker pid=3551380)[0m  tensor (Large latency) dimensions: (1, 1536, 50257, 50257, 1, 1, 1, 1, 1, 1, 0, 0, 'CONV', 1, 1, 0, 0),  latency: 4017.9402043005953
[2m[36m(CompileWorker pid=3551375)[0m compiled for stage:103 name: stage_5_6_acc_grad_0 module id: 0
[2m[36m(CompileWorker pid=3551375)[0m compiled for stage:103 name: stage_5_6_acc_grad_1 module id: 1
[2m[36m(CompileWorker pid=3551371)[0m compiled for stage:94 name: stage_4_9_acc_grad_0 module id: 0
[2m[36m(CompileWorker pid=3551371)[0m compiled for stage:94 name: stage_4_9_acc_grad_1 module id: 1
[2m[36m(CompileWorker pid=3551369)[0m compiled for stage:104 name: stage_5_7_acc_grad_0 module id: 0
[2m[36m(CompileWorker pid=3551369)[0m compiled for stage:104 name: stage_5_7_acc_grad_1 module id: 1
[2m[36m(CompileWorker pid=3551372)[0m compiled for stage:96 name: stage_4_10_acc_grad_0 module id: 0
[2m[36m(CompileWorker pid=3551378)[0m compiled for stage:105 name: stage_5_7_acc_grad_0 module id: 0
[2m[36m(CompileWorker pid=3551372)[0m compiled for stage:96 name: stage_4_10_acc_grad_1 module id: 1
[2m[36m(CompileWorker pid=3551377)[0m compiled for stage:98 name: stage_4_11_acc_grad_0 module id: 0
[2m[36m(CompileWorker pid=3551380)[0m  tensor (Large latency) dimensions: (1, 2048, 12288, 12288, 1, 1, 1, 1, 1, 1, 0, 0, 'CONV', 1, 1, 0, 0),  latency: 26.58889142857143
[2m[36m(CompileWorker pid=3551378)[0m compiled for stage:105 name: stage_5_7_acc_grad_1 module id: 1
[2m[36m(CompileWorker pid=3551377)[0m compiled for stage:98 name: stage_4_11_acc_grad_1 module id: 1
[2m[36m(CompileWorker pid=3551373)[0m compiled for stage:106 name: stage_5_8_acc_grad_0 module id: 0
[2m[36m(CompileWorker pid=3551373)[0m compiled for stage:106 name: stage_5_8_acc_grad_1 module id: 1
[2m[36m(CompileWorker pid=3551376)[0m compiled for stage:95 name: stage_4_9_acc_grad_0 module id: 0
[2m[36m(CompileWorker pid=3551376)[0m compiled for stage:95 name: stage_4_9_acc_grad_1 module id: 1
[2m[36m(CompileWorker pid=3551377)[0m  tensor (Large latency) dimensions: (1, 1536, 50257, 50257, 1, 1, 1, 1, 1, 1, 0, 0, 'CONV', 1, 1, 0, 0),  latency: 4017.9402043005953
[2m[36m(CompileWorker pid=3551373)[0m compiled for stage:114 name: stage_6_6_acc_grad_0 module id: 0
[2m[36m(CompileWorker pid=3551373)[0m compiled for stage:114 name: stage_6_6_acc_grad_1 module id: 1
[2m[36m(CompileWorker pid=3551376)[0m compiled for stage:115 name: stage_6_6_acc_grad_0 module id: 0
[2m[36m(CompileWorker pid=3551376)[0m compiled for stage:115 name: stage_6_6_acc_grad_1 module id: 1
[2m[36m(CompileWorker pid=3551370)[0m compiled for stage:107 name: stage_5_8_acc_grad_0 module id: 0
[2m[36m(CompileWorker pid=3551370)[0m compiled for stage:107 name: stage_5_8_acc_grad_1 module id: 1
[2m[36m(CompileWorker pid=3551374)[0m compiled for stage:97 name: stage_4_10_acc_grad_0 module id: 0
[2m[36m(CompileWorker pid=3551375)[0m compiled for stage:108 name: stage_5_9_acc_grad_0 module id: 0
[2m[36m(CompileWorker pid=3551375)[0m compiled for stage:108 name: stage_5_9_acc_grad_1 module id: 1
[2m[36m(CompileWorker pid=3551374)[0m compiled for stage:97 name: stage_4_10_acc_grad_1 module id: 1
[2m[36m(CompileWorker pid=3551373)[0m compiled for stage:116 name: stage_6_7_acc_grad_0 module id: 0
[2m[36m(CompileWorker pid=3551373)[0m compiled for stage:116 name: stage_6_7_acc_grad_1 module id: 1
[2m[36m(CompileWorker pid=3551377)[0m  tensor (Large latency) dimensions: (1, 2048, 12288, 12288, 1, 1, 1, 1, 1, 1, 0, 0, 'CONV', 1, 1, 0, 0),  latency: 26.58889142857143
[2m[36m(CompileWorker pid=3551379)[0m compiled for stage:99 name: stage_4_11_acc_grad_0 module id: 0
[2m[36m(CompileWorker pid=3551376)[0m compiled for stage:117 name: stage_6_7_acc_grad_0 module id: 0
[2m[36m(CompileWorker pid=3551376)[0m compiled for stage:117 name: stage_6_7_acc_grad_1 module id: 1
[2m[36m(CompileWorker pid=3551379)[0m compiled for stage:99 name: stage_4_11_acc_grad_1 module id: 1
[2m[36m(CompileWorker pid=3551371)[0m compiled for stage:109 name: stage_5_9_acc_grad_0 module id: 0
[2m[36m(CompileWorker pid=3551371)[0m compiled for stage:109 name: stage_5_9_acc_grad_1 module id: 1
[2m[36m(CompileWorker pid=3551369)[0m compiled for stage:110 name: stage_5_10_acc_grad_0 module id: 0
[2m[36m(CompileWorker pid=3551369)[0m compiled for stage:110 name: stage_5_10_acc_grad_1 module id: 1
[2m[36m(CompileWorker pid=3551370)[0m compiled for stage:118 name: stage_6_8_acc_grad_0 module id: 0
[2m[36m(CompileWorker pid=3551370)[0m compiled for stage:118 name: stage_6_8_acc_grad_1 module id: 1
[2m[36m(CompileWorker pid=3551375)[0m compiled for stage:119 name: stage_6_8_acc_grad_0 module id: 0
[2m[36m(CompileWorker pid=3551375)[0m compiled for stage:119 name: stage_6_8_acc_grad_1 module id: 1
[2m[36m(CompileWorker pid=3551369)[0m compiled for stage:126 name: stage_7_7_acc_grad_0 module id: 0
[2m[36m(CompileWorker pid=3551369)[0m compiled for stage:126 name: stage_7_7_acc_grad_1 module id: 1
[2m[36m(CompileWorker pid=3551370)[0m compiled for stage:127 name: stage_7_7_acc_grad_0 module id: 0
[2m[36m(CompileWorker pid=3551370)[0m compiled for stage:127 name: stage_7_7_acc_grad_1 module id: 1
[2m[36m(CompileWorker pid=3551374)[0m compiled for stage:120 name: stage_6_9_acc_grad_0 module id: 0
[2m[36m(CompileWorker pid=3551374)[0m compiled for stage:120 name: stage_6_9_acc_grad_1 module id: 1
[2m[36m(CompileWorker pid=3551378)[0m compiled for stage:112 name: stage_5_11_acc_grad_0 module id: 0
[2m[36m(CompileWorker pid=3551378)[0m compiled for stage:112 name: stage_5_11_acc_grad_1 module id: 1
[2m[36m(CompileWorker pid=3551380)[0m compiled for stage:111 name: stage_5_10_acc_grad_0 module id: 0
[2m[36m(CompileWorker pid=3551369)[0m compiled for stage:128 name: stage_7_8_acc_grad_0 module id: 0
[2m[36m(CompileWorker pid=3551369)[0m compiled for stage:128 name: stage_7_8_acc_grad_1 module id: 1
[2m[36m(CompileWorker pid=3551380)[0m compiled for stage:111 name: stage_5_10_acc_grad_1 module id: 1
[2m[36m(CompileWorker pid=3551375)[0m compiled for stage:129 name: stage_7_8_acc_grad_0 module id: 0
[2m[36m(CompileWorker pid=3551375)[0m compiled for stage:129 name: stage_7_8_acc_grad_1 module id: 1
[2m[36m(CompileWorker pid=3551373)[0m compiled for stage:121 name: stage_6_9_acc_grad_0 module id: 0
[2m[36m(CompileWorker pid=3551373)[0m compiled for stage:121 name: stage_6_9_acc_grad_1 module id: 1
[2m[36m(CompileWorker pid=3551370)[0m compiled for stage:130 name: stage_7_9_acc_grad_0 module id: 0
[2m[36m(CompileWorker pid=3551377)[0m compiled for stage:122 name: stage_6_10_acc_grad_0 module id: 0
[2m[36m(CompileWorker pid=3551370)[0m compiled for stage:130 name: stage_7_9_acc_grad_1 module id: 1
[2m[36m(CompileWorker pid=3551379)[0m compiled for stage:124 name: stage_6_11_acc_grad_0 module id: 0
[2m[36m(CompileWorker pid=3551377)[0m compiled for stage:122 name: stage_6_10_acc_grad_1 module id: 1
[2m[36m(CompileWorker pid=3551379)[0m compiled for stage:124 name: stage_6_11_acc_grad_1 module id: 1
[2m[36m(CompileWorker pid=3551373)[0m compiled for stage:136 name: stage_8_8_acc_grad_0 module id: 0
[2m[36m(CompileWorker pid=3551373)[0m compiled for stage:136 name: stage_8_8_acc_grad_1 module id: 1
[2m[36m(CompileWorker pid=3551370)[0m compiled for stage:137 name: stage_8_8_acc_grad_0 module id: 0
[2m[36m(CompileWorker pid=3551376)[0m compiled for stage:123 name: stage_6_10_acc_grad_0 module id: 0
[2m[36m(CompileWorker pid=3551370)[0m compiled for stage:137 name: stage_8_8_acc_grad_1 module id: 1
[2m[36m(CompileWorker pid=3551376)[0m compiled for stage:123 name: stage_6_10_acc_grad_1 module id: 1
[2m[36m(CompileWorker pid=3551374)[0m compiled for stage:131 name: stage_7_9_acc_grad_0 module id: 0
[2m[36m(CompileWorker pid=3551374)[0m compiled for stage:131 name: stage_7_9_acc_grad_1 module id: 1
[2m[36m(CompileWorker pid=3551372)[0m compiled for stage:113 name: stage_5_11_acc_grad_0 module id: 0
[2m[36m(CompileWorker pid=3551372)[0m compiled for stage:113 name: stage_5_11_acc_grad_1 module id: 1
[2m[36m(CompileWorker pid=3551377)[0m compiled for stage:138 name: stage_8_9_acc_grad_0 module id: 0
[2m[36m(CompileWorker pid=3551377)[0m compiled for stage:138 name: stage_8_9_acc_grad_1 module id: 1
[2m[36m(CompileWorker pid=3551378)[0m compiled for stage:132 name: stage_7_10_acc_grad_0 module id: 0
[2m[36m(CompileWorker pid=3551378)[0m compiled for stage:132 name: stage_7_10_acc_grad_1 module id: 1
[2m[36m(CompileWorker pid=3551372)[0m compiled for stage:144 name: stage_9_9_acc_grad_0 module id: 0
[2m[36m(CompileWorker pid=3551379)[0m compiled for stage:139 name: stage_8_9_acc_grad_0 module id: 0
[2m[36m(CompileWorker pid=3551379)[0m compiled for stage:139 name: stage_8_9_acc_grad_1 module id: 1
[2m[36m(CompileWorker pid=3551372)[0m compiled for stage:144 name: stage_9_9_acc_grad_1 module id: 1
[2m[36m(CompileWorker pid=3551371)[0m compiled for stage:125 name: stage_6_11_acc_grad_0 module id: 0
[2m[36m(CompileWorker pid=3551377)[0m compiled for stage:145 name: stage_9_9_acc_grad_0 module id: 0
[2m[36m(CompileWorker pid=3551377)[0m compiled for stage:145 name: stage_9_9_acc_grad_1 module id: 1
[2m[36m(CompileWorker pid=3551373)[0m compiled for stage:140 name: stage_8_10_acc_grad_0 module id: 0
[2m[36m(CompileWorker pid=3551371)[0m compiled for stage:125 name: stage_6_11_acc_grad_1 module id: 1
[2m[36m(CompileWorker pid=3551373)[0m compiled for stage:140 name: stage_8_10_acc_grad_1 module id: 1
[2m[36m(CompileWorker pid=3551375)[0m compiled for stage:134 name: stage_7_11_acc_grad_0 module id: 0
[2m[36m(CompileWorker pid=3551375)[0m compiled for stage:134 name: stage_7_11_acc_grad_1 module id: 1
[2m[36m(CompileWorker pid=3551369)[0m compiled for stage:133 name: stage_7_10_acc_grad_0 module id: 0
[2m[36m(CompileWorker pid=3551369)[0m compiled for stage:133 name: stage_7_10_acc_grad_1 module id: 1
[2m[36m(CompileWorker pid=3551373)[0m compiled for stage:150 name: stage_10_10_acc_grad_0 module id: 0
[2m[36m(CompileWorker pid=3551373)[0m compiled for stage:150 name: stage_10_10_acc_grad_1 module id: 1
[2m[36m(CompileWorker pid=3551378)[0m compiled for stage:146 name: stage_9_10_acc_grad_0 module id: 0
[2m[36m(CompileWorker pid=3551378)[0m compiled for stage:146 name: stage_9_10_acc_grad_1 module id: 1
[2m[36m(CompileWorker pid=3551370)[0m compiled for stage:141 name: stage_8_10_acc_grad_0 module id: 0
[2m[36m(CompileWorker pid=3551370)[0m compiled for stage:141 name: stage_8_10_acc_grad_1 module id: 1
[2m[36m(CompileWorker pid=3551371)[0m  tensor (Large latency) dimensions: (1, 1536, 50257, 50257, 1, 1, 1, 1, 1, 1, 0, 0, 'CONV', 1, 1, 0, 0),  latency: 4017.9402043005953
[2m[36m(CompileWorker pid=3551376)[0m compiled for stage:142 name: stage_8_11_acc_grad_0 module id: 0
[2m[36m(CompileWorker pid=3551375)[0m  tensor (Large latency) dimensions: (1, 1536, 50257, 50257, 1, 1, 1, 1, 1, 1, 0, 0, 'CONV', 1, 1, 0, 0),  latency: 4017.9402043005953
[2m[36m(CompileWorker pid=3551376)[0m compiled for stage:142 name: stage_8_11_acc_grad_1 module id: 1
[2m[36m(CompileWorker pid=3551380)[0m compiled for stage:135 name: stage_7_11_acc_grad_0 module id: 0
[2m[36m(CompileWorker pid=3551372)[0m compiled for stage:147 name: stage_9_10_acc_grad_0 module id: 0
[2m[36m(CompileWorker pid=3551369)[0m compiled for stage:151 name: stage_10_10_acc_grad_0 module id: 0
[2m[36m(CompileWorker pid=3551369)[0m compiled for stage:151 name: stage_10_10_acc_grad_1 module id: 1
[2m[36m(CompileWorker pid=3551379)[0m compiled for stage:148 name: stage_9_11_acc_grad_0 module id: 0
[2m[36m(CompileWorker pid=3551380)[0m compiled for stage:135 name: stage_7_11_acc_grad_1 module id: 1
[2m[36m(CompileWorker pid=3551372)[0m compiled for stage:147 name: stage_9_10_acc_grad_1 module id: 1
[2m[36m(CompileWorker pid=3551379)[0m compiled for stage:148 name: stage_9_11_acc_grad_1 module id: 1
[2m[36m(CompileWorker pid=3551370)[0m compiled for stage:154 name: stage_11_11_acc_grad_0 module id: 0
[2m[36m(CompileWorker pid=3551370)[0m compiled for stage:154 name: stage_11_11_acc_grad_1 module id: 1
[2m[36m(CompileWorker pid=3551373)[0m compiled for stage:152 name: stage_10_11_acc_grad_0 module id: 0
[2m[36m(CompileWorker pid=3551373)[0m compiled for stage:152 name: stage_10_11_acc_grad_1 module id: 1
[2m[36m(CompileWorker pid=3551376)[0m  tensor (Large latency) dimensions: (1, 1536, 50257, 50257, 1, 1, 1, 1, 1, 1, 0, 0, 'CONV', 1, 1, 0, 0),  latency: 4017.9402043005953
[2m[36m(CompileWorker pid=3551369)[0m compiled for stage:155 name: stage_11_11_acc_grad_0 module id: 0
[2m[36m(CompileWorker pid=3551369)[0m compiled for stage:155 name: stage_11_11_acc_grad_1 module id: 1
[2m[36m(CompileWorker pid=3551374)[0m compiled for stage:143 name: stage_8_11_acc_grad_0 module id: 0
[2m[36m(CompileWorker pid=3551374)[0m compiled for stage:143 name: stage_8_11_acc_grad_1 module id: 1
[2m[36m(CompileWorker pid=3551377)[0m compiled for stage:149 name: stage_9_11_acc_grad_0 module id: 0
[2m[36m(CompileWorker pid=3551378)[0m compiled for stage:153 name: stage_10_11_acc_grad_0 module id: 0
[2m[36m(CompileWorker pid=3551377)[0m compiled for stage:149 name: stage_9_11_acc_grad_1 module id: 1
[2m[36m(CompileWorker pid=3551378)[0m compiled for stage:153 name: stage_10_11_acc_grad_1 module id: 1
[2m[36m(CompileWorker pid=3551373)[0m  tensor (Large latency) dimensions: (1, 1536, 50257, 50257, 1, 1, 1, 1, 1, 1, 0, 0, 'CONV', 1, 1, 0, 0),  latency: 4017.9402043005953
[2m[36m(CompileWorker pid=3551375)[0m  tensor (Large latency) dimensions: (1, 2048, 12288, 12288, 1, 1, 1, 1, 1, 1, 0, 0, 'CONV', 1, 1, 0, 0),  latency: 26.58889142857143
[2m[36m(CompileWorker pid=3551371)[0m  tensor (Large latency) dimensions: (1, 2048, 12288, 12288, 1, 1, 1, 1, 1, 1, 0, 0, 'CONV', 1, 1, 0, 0),  latency: 26.58889142857143
[2m[36m(CompileWorker pid=3551374)[0m  tensor (Large latency) dimensions: (1, 1536, 50257, 50257, 1, 1, 1, 1, 1, 1, 0, 0, 'CONV', 1, 1, 0, 0),  latency: 4017.9402043005953
[2m[36m(CompileWorker pid=3551376)[0m  tensor (Large latency) dimensions: (1, 2048, 12288, 12288, 1, 1, 1, 1, 1, 1, 0, 0, 'CONV', 1, 1, 0, 0),  latency: 26.58889142857143
[2m[36m(CompileWorker pid=3551373)[0m  tensor (Large latency) dimensions: (1, 2048, 12288, 12288, 1, 1, 1, 1, 1, 1, 0, 0, 'CONV', 1, 1, 0, 0),  latency: 26.58889142857143
[2m[36m(CompileWorker pid=3551374)[0m  tensor (Large latency) dimensions: (1, 2048, 12288, 12288, 1, 1, 1, 1, 1, 1, 0, 0, 'CONV', 1, 1, 0, 0),  latency: 26.58889142857143
- parse estimation results for all stages
Using pre computed peak Mem for (0, 0, 3, 0), module 0
result[(0, 0, 3, 0), 0] = ModuleProfileResult(compute_cost=1033.114, peak_memory=2.100 GB, invar_size=1.578 GB, outvar_size=1.590 GB, temp_buffer_size=-1.068 GB, available_memory=64.000 GB, comm_cost=0.467)
Using pre computed peak Mem for (0, 0, 3, 0), module 1
result[(0, 0, 3, 0), 1] = ModuleProfileResult(compute_cost=4560.413, peak_memory=2.450 GB, invar_size=3.168 GB, outvar_size=1.578 GB, temp_buffer_size=-0.718 GB, available_memory=64.000 GB, comm_cost=0.313)
Using pre computed peak Mem for (0, 0, 3, 1), module 0
result[(0, 0, 3, 1), 0] = ModuleProfileResult(compute_cost=1033.114, peak_memory=2.100 GB, invar_size=1.578 GB, outvar_size=1.631 GB, temp_buffer_size=-1.109 GB, available_memory=64.000 GB, comm_cost=0.467)
result[(0, 0, 3, 1), 1] = ModuleProfileResult(compute_cost=4560.215, peak_memory=4.411 GB, invar_size=3.209 GB, outvar_size=1.578 GB, temp_buffer_size=1.202 GB, available_memory=64.000 GB, comm_cost=0.114)
Using pre computed peak Mem for (0, 1, 3, 0), module 0
result[(0, 1, 3, 0), 0] = ModuleProfileResult(compute_cost=1343.532, peak_memory=4.200 GB, invar_size=2.000 GB, outvar_size=3.154 GB, temp_buffer_size=-0.955 GB, available_memory=64.000 GB, comm_cost=0.710)
Using pre computed peak Mem for (0, 1, 3, 0), module 1
result[(0, 1, 3, 0), 1] = ModuleProfileResult(compute_cost=4787.864, peak_memory=4.900 GB, invar_size=5.155 GB, outvar_size=2.000 GB, temp_buffer_size=-0.255 GB, available_memory=64.000 GB, comm_cost=0.587)
Using pre computed peak Mem for (0, 1, 3, 1), module 0
result[(0, 1, 3, 1), 0] = ModuleProfileResult(compute_cost=1146.823, peak_memory=4.200 GB, invar_size=2.739 GB, outvar_size=3.934 GB, temp_buffer_size=-2.472 GB, available_memory=64.000 GB, comm_cost=0.516)
Using pre computed peak Mem for (0, 1, 3, 1), module 1
result[(0, 1, 3, 1), 1] = ModuleProfileResult(compute_cost=6216.724, peak_memory=4.900 GB, invar_size=6.672 GB, outvar_size=2.739 GB, temp_buffer_size=-1.772 GB, available_memory=64.000 GB, comm_cost=0.596)
Using pre computed peak Mem for (0, 2, 3, 0), module 0
result[(0, 2, 3, 0), 0] = ModuleProfileResult(compute_cost=1928.114, peak_memory=6.300 GB, invar_size=2.563 GB, outvar_size=5.293 GB, temp_buffer_size=-1.557 GB, available_memory=64.000 GB, comm_cost=1.175)
Using pre computed peak Mem for (0, 2, 3, 0), module 1
result[(0, 2, 3, 0), 1] = ModuleProfileResult(compute_cost=5087.753, peak_memory=7.350 GB, invar_size=7.857 GB, outvar_size=2.563 GB, temp_buffer_size=-0.507 GB, available_memory=64.000 GB, comm_cost=1.113)
Using pre computed peak Mem for (0, 2, 3, 1), module 0
result[(0, 2, 3, 1), 0] = ModuleProfileResult(compute_cost=1928.114, peak_memory=6.300 GB, invar_size=2.563 GB, outvar_size=5.375 GB, temp_buffer_size=-1.639 GB, available_memory=64.000 GB, comm_cost=1.175)
Using pre computed peak Mem for (0, 2, 3, 1), module 1
result[(0, 2, 3, 1), 1] = ModuleProfileResult(compute_cost=5087.558, peak_memory=7.350 GB, invar_size=7.939 GB, outvar_size=2.563 GB, temp_buffer_size=-0.589 GB, available_memory=64.000 GB, comm_cost=0.914)
Using pre computed peak Mem for (0, 3, 3, 0), module 0
result[(0, 3, 3, 0), 0] = ModuleProfileResult(compute_cost=2238.344, peak_memory=8.400 GB, invar_size=2.985 GB, outvar_size=6.805 GB, temp_buffer_size=-1.391 GB, available_memory=64.000 GB, comm_cost=1.418)
Using pre computed peak Mem for (0, 3, 3, 0), module 1
result[(0, 3, 3, 0), 1] = ModuleProfileResult(compute_cost=5314.923, peak_memory=9.800 GB, invar_size=9.791 GB, outvar_size=2.985 GB, temp_buffer_size=0.009 GB, available_memory=64.000 GB, comm_cost=1.387)
Using pre computed peak Mem for (0, 3, 3, 1), module 0
result[(0, 3, 3, 1), 0] = ModuleProfileResult(compute_cost=2041.635, peak_memory=8.400 GB, invar_size=3.724 GB, outvar_size=7.667 GB, temp_buffer_size=-2.990 GB, available_memory=64.000 GB, comm_cost=1.224)
Using pre computed peak Mem for (0, 3, 3, 1), module 1
result[(0, 3, 3, 1), 1] = ModuleProfileResult(compute_cost=6743.190, peak_memory=9.800 GB, invar_size=11.390 GB, outvar_size=3.724 GB, temp_buffer_size=-1.590 GB, available_memory=64.000 GB, comm_cost=0.797)
Using pre computed peak Mem for (0, 4, 3, 0), module 0
result[(0, 4, 3, 0), 0] = ModuleProfileResult(compute_cost=2548.574, peak_memory=10.500 GB, invar_size=3.407 GB, outvar_size=8.153 GB, temp_buffer_size=-1.061 GB, available_memory=64.000 GB, comm_cost=1.661)
Using pre computed peak Mem for (0, 4, 3, 0), module 1
result[(0, 4, 3, 0), 1] = ModuleProfileResult(compute_cost=5542.094, peak_memory=12.250 GB, invar_size=11.561 GB, outvar_size=3.407 GB, temp_buffer_size=0.689 GB, available_memory=64.000 GB, comm_cost=1.661)
Using pre computed peak Mem for (0, 4, 3, 1), module 0
result[(0, 4, 3, 1), 0] = ModuleProfileResult(compute_cost=2548.574, peak_memory=10.500 GB, invar_size=3.407 GB, outvar_size=8.399 GB, temp_buffer_size=-1.307 GB, available_memory=64.000 GB, comm_cost=1.661)
Using pre computed peak Mem for (0, 4, 3, 1), module 1
result[(0, 4, 3, 1), 1] = ModuleProfileResult(compute_cost=5541.503, peak_memory=12.250 GB, invar_size=11.807 GB, outvar_size=3.407 GB, temp_buffer_size=0.443 GB, available_memory=64.000 GB, comm_cost=1.062)
Using pre computed peak Mem for (0, 5, 3, 0), module 0
result[(0, 5, 3, 0), 0] = ModuleProfileResult(compute_cost=2858.805, peak_memory=12.600 GB, invar_size=3.829 GB, outvar_size=9.706 GB, temp_buffer_size=-0.936 GB, available_memory=64.000 GB, comm_cost=1.904)
Using pre computed peak Mem for (0, 5, 3, 0), module 1
result[(0, 5, 3, 0), 1] = ModuleProfileResult(compute_cost=5769.266, peak_memory=14.700 GB, invar_size=13.536 GB, outvar_size=3.829 GB, temp_buffer_size=1.164 GB, available_memory=64.000 GB, comm_cost=1.936)
Using pre computed peak Mem for (0, 5, 3, 1), module 0
result[(0, 5, 3, 1), 0] = ModuleProfileResult(compute_cost=2858.812, peak_memory=12.600 GB, invar_size=3.829 GB, outvar_size=9.993 GB, temp_buffer_size=-1.223 GB, available_memory=64.000 GB, comm_cost=1.909)
Using pre computed peak Mem for (0, 5, 3, 1), module 1
result[(0, 5, 3, 1), 1] = ModuleProfileResult(compute_cost=5768.479, peak_memory=14.700 GB, invar_size=13.823 GB, outvar_size=3.829 GB, temp_buffer_size=0.877 GB, available_memory=64.000 GB, comm_cost=1.139)
Using pre computed peak Mem for (0, 6, 3, 0), module 0
result[(0, 6, 3, 0), 0] = ModuleProfileResult(compute_cost=3169.035, peak_memory=14.700 GB, invar_size=4.252 GB, outvar_size=10.972 GB, temp_buffer_size=-0.524 GB, available_memory=64.000 GB, comm_cost=2.147)
Using pre computed peak Mem for (0, 6, 3, 0), module 1
result[(0, 6, 3, 0), 1] = ModuleProfileResult(compute_cost=5996.435, peak_memory=17.150 GB, invar_size=15.224 GB, outvar_size=4.252 GB, temp_buffer_size=1.926 GB, available_memory=64.000 GB, comm_cost=2.208)
Using pre computed peak Mem for (0, 6, 3, 1), module 0
result[(0, 6, 3, 1), 0] = ModuleProfileResult(compute_cost=3169.035, peak_memory=14.700 GB, invar_size=4.252 GB, outvar_size=11.546 GB, temp_buffer_size=-1.098 GB, available_memory=64.000 GB, comm_cost=2.147)
Using pre computed peak Mem for (0, 6, 3, 1), module 1
result[(0, 6, 3, 1), 1] = ModuleProfileResult(compute_cost=5995.448, peak_memory=17.150 GB, invar_size=15.798 GB, outvar_size=4.252 GB, temp_buffer_size=1.352 GB, available_memory=64.000 GB, comm_cost=1.210)
Using pre computed peak Mem for (0, 7, 3, 0), module 0
result[(0, 7, 3, 0), 0] = ModuleProfileResult(compute_cost=3479.265, peak_memory=16.800 GB, invar_size=4.674 GB, outvar_size=12.566 GB, temp_buffer_size=-0.440 GB, available_memory=64.000 GB, comm_cost=2.390)
Using pre computed peak Mem for (0, 7, 3, 0), module 1
result[(0, 7, 3, 0), 1] = ModuleProfileResult(compute_cost=6223.607, peak_memory=19.600 GB, invar_size=17.240 GB, outvar_size=4.674 GB, temp_buffer_size=2.360 GB, available_memory=64.000 GB, comm_cost=2.484)
Using pre computed peak Mem for (0, 7, 3, 1), module 0
result[(0, 7, 3, 1), 0] = ModuleProfileResult(compute_cost=3479.265, peak_memory=16.800 GB, invar_size=4.674 GB, outvar_size=13.058 GB, temp_buffer_size=-0.932 GB, available_memory=64.000 GB, comm_cost=2.390)
Using pre computed peak Mem for (0, 7, 3, 1), module 1
result[(0, 7, 3, 1), 1] = ModuleProfileResult(compute_cost=6222.223, peak_memory=19.600 GB, invar_size=17.732 GB, outvar_size=4.674 GB, temp_buffer_size=1.868 GB, available_memory=64.000 GB, comm_cost=1.085)
Using pre computed peak Mem for (0, 8, 3, 0), module 0
result[(0, 8, 3, 0), 0] = ModuleProfileResult(compute_cost=3789.496, peak_memory=18.900 GB, invar_size=5.096 GB, outvar_size=14.037 GB, temp_buffer_size=-0.233 GB, available_memory=64.000 GB, comm_cost=2.633)
Using pre computed peak Mem for (0, 8, 3, 0), module 1
result[(0, 8, 3, 0), 1] = ModuleProfileResult(compute_cost=6450.778, peak_memory=22.050 GB, invar_size=19.133 GB, outvar_size=5.096 GB, temp_buffer_size=2.917 GB, available_memory=64.000 GB, comm_cost=2.758)
Using pre computed peak Mem for (0, 8, 3, 1), module 0
result[(0, 8, 3, 1), 0] = ModuleProfileResult(compute_cost=3396.078, peak_memory=18.900 GB, invar_size=6.572 GB, outvar_size=15.760 GB, temp_buffer_size=-3.432 GB, available_memory=64.000 GB, comm_cost=2.245)
Using pre computed peak Mem for (0, 8, 3, 1), module 1
result[(0, 8, 3, 1), 1] = ModuleProfileResult(compute_cost=9308.501, peak_memory=22.050 GB, invar_size=22.332 GB, outvar_size=6.572 GB, temp_buffer_size=-0.282 GB, available_memory=64.000 GB, comm_cost=2.775)
Using pre computed peak Mem for (0, 9, 3, 0), module 0
result[(0, 9, 3, 0), 0] = ModuleProfileResult(compute_cost=4099.726, peak_memory=21.000 GB, invar_size=5.518 GB, outvar_size=15.508 GB, temp_buffer_size=-0.026 GB, available_memory=64.000 GB, comm_cost=2.877)
Using pre computed peak Mem for (0, 9, 3, 0), module 1
result[(0, 9, 3, 0), 1] = ModuleProfileResult(compute_cost=6677.946, peak_memory=24.500 GB, invar_size=21.026 GB, outvar_size=5.518 GB, temp_buffer_size=3.474 GB, available_memory=64.000 GB, comm_cost=3.029)
Using pre computed peak Mem for (0, 9, 3, 1), module 0
result[(0, 9, 3, 1), 0] = ModuleProfileResult(compute_cost=4077.965, peak_memory=21.000 GB, invar_size=5.764 GB, outvar_size=16.164 GB, temp_buffer_size=-0.928 GB, available_memory=64.000 GB, comm_cost=2.858)
Using pre computed peak Mem for (0, 9, 3, 1), module 1
result[(0, 9, 3, 1), 1] = ModuleProfileResult(compute_cost=6816.879, peak_memory=24.500 GB, invar_size=22.010 GB, outvar_size=5.764 GB, temp_buffer_size=2.490 GB, available_memory=64.000 GB, comm_cost=1.862)
Using pre computed peak Mem for (0, 10, 3, 0), module 0
result[(0, 10, 3, 0), 0] = ModuleProfileResult(compute_cost=4409.961, peak_memory=23.100 GB, invar_size=5.940 GB, outvar_size=17.020 GB, temp_buffer_size=0.140 GB, available_memory=64.000 GB, comm_cost=3.124)
Using pre computed peak Mem for (0, 10, 3, 0), module 1
result[(0, 10, 3, 0), 1] = ModuleProfileResult(compute_cost=6905.116, peak_memory=26.950 GB, invar_size=22.960 GB, outvar_size=5.940 GB, temp_buffer_size=3.990 GB, available_memory=64.000 GB, comm_cost=3.303)
Using pre computed peak Mem for (0, 10, 3, 1), module 0
result[(0, 10, 3, 1), 0] = ModuleProfileResult(compute_cost=4409.957, peak_memory=23.100 GB, invar_size=5.940 GB, outvar_size=17.184 GB, temp_buffer_size=-0.024 GB, available_memory=64.000 GB, comm_cost=3.120)
Using pre computed peak Mem for (0, 10, 3, 1), module 1
result[(0, 10, 3, 1), 1] = ModuleProfileResult(compute_cost=6904.732, peak_memory=26.950 GB, invar_size=23.124 GB, outvar_size=5.940 GB, temp_buffer_size=3.826 GB, available_memory=64.000 GB, comm_cost=2.906)
Using pre computed peak Mem for (0, 11, 3, 0), module 0
result[(0, 11, 3, 0), 0] = ModuleProfileResult(compute_cost=4446.215, peak_memory=25.200 GB, invar_size=6.221 GB, outvar_size=19.606 GB, temp_buffer_size=-0.627 GB, available_memory=64.000 GB, comm_cost=3.145)
Using pre computed peak Mem for (0, 11, 3, 0), module 1
result[(0, 11, 3, 0), 1] = ModuleProfileResult(compute_cost=39006.936, peak_memory=29.400 GB, invar_size=26.978 GB, outvar_size=7.372 GB, temp_buffer_size=2.422 GB, available_memory=64.000 GB, comm_cost=3.328)
Using pre computed peak Mem for (0, 11, 3, 1), module 0
result[(0, 11, 3, 1), 0] = ModuleProfileResult(compute_cost=4446.218, peak_memory=25.200 GB, invar_size=6.221 GB, outvar_size=19.319 GB, temp_buffer_size=-0.340 GB, available_memory=64.000 GB, comm_cost=3.148)
Using pre computed peak Mem for (0, 11, 3, 1), module 1
result[(0, 11, 3, 1), 1] = ModuleProfileResult(compute_cost=39006.545, peak_memory=29.400 GB, invar_size=26.690 GB, outvar_size=7.372 GB, temp_buffer_size=2.710 GB, available_memory=64.000 GB, comm_cost=2.929)
Using pre computed peak Mem for (1, 1, 3, 0), module 0
result[(1, 1, 3, 0), 0] = ModuleProfileResult(compute_cost=310.449, peak_memory=2.100 GB, invar_size=0.516 GB, outvar_size=1.658 GB, temp_buffer_size=-0.074 GB, available_memory=64.000 GB, comm_cost=0.243)
Using pre computed peak Mem for (1, 1, 3, 0), module 1
result[(1, 1, 3, 0), 1] = ModuleProfileResult(compute_cost=227.451, peak_memory=2.450 GB, invar_size=2.081 GB, outvar_size=0.516 GB, temp_buffer_size=0.276 GB, available_memory=64.000 GB, comm_cost=0.274)
Using pre computed peak Mem for (1, 1, 3, 1), module 0
result[(1, 1, 3, 1), 0] = ModuleProfileResult(compute_cost=310.449, peak_memory=2.100 GB, invar_size=0.516 GB, outvar_size=1.699 GB, temp_buffer_size=-0.115 GB, available_memory=64.000 GB, comm_cost=0.243)
result[(1, 1, 3, 1), 1] = ModuleProfileResult(compute_cost=227.254, peak_memory=2.620 GB, invar_size=2.122 GB, outvar_size=0.516 GB, temp_buffer_size=0.405 GB, available_memory=64.000 GB, comm_cost=0.074)
Using pre computed peak Mem for (1, 2, 3, 0), module 0
result[(1, 2, 3, 0), 0] = ModuleProfileResult(compute_cost=895.031, peak_memory=4.200 GB, invar_size=1.079 GB, outvar_size=3.880 GB, temp_buffer_size=-0.758 GB, available_memory=64.000 GB, comm_cost=0.708)
Using pre computed peak Mem for (1, 2, 3, 0), module 1
result[(1, 2, 3, 0), 1] = ModuleProfileResult(compute_cost=527.340, peak_memory=4.900 GB, invar_size=4.865 GB, outvar_size=1.079 GB, temp_buffer_size=-0.058 GB, available_memory=64.000 GB, comm_cost=0.800)
Using pre computed peak Mem for (1, 2, 3, 1), module 0
result[(1, 2, 3, 1), 0] = ModuleProfileResult(compute_cost=895.031, peak_memory=4.200 GB, invar_size=1.079 GB, outvar_size=3.674 GB, temp_buffer_size=-0.553 GB, available_memory=64.000 GB, comm_cost=0.708)
Using pre computed peak Mem for (1, 2, 3, 1), module 1
result[(1, 2, 3, 1), 1] = ModuleProfileResult(compute_cost=527.340, peak_memory=4.900 GB, invar_size=4.659 GB, outvar_size=1.079 GB, temp_buffer_size=0.147 GB, available_memory=64.000 GB, comm_cost=0.800)
Using pre computed peak Mem for (1, 3, 3, 0), module 0
result[(1, 3, 3, 0), 0] = ModuleProfileResult(compute_cost=1205.261, peak_memory=6.300 GB, invar_size=1.501 GB, outvar_size=5.309 GB, temp_buffer_size=-0.510 GB, available_memory=64.000 GB, comm_cost=0.951)
Using pre computed peak Mem for (1, 3, 3, 0), module 1
result[(1, 3, 3, 0), 1] = ModuleProfileResult(compute_cost=754.511, peak_memory=7.350 GB, invar_size=6.717 GB, outvar_size=1.501 GB, temp_buffer_size=0.540 GB, available_memory=64.000 GB, comm_cost=1.074)
Using pre computed peak Mem for (1, 3, 3, 1), module 0
result[(1, 3, 3, 1), 0] = ModuleProfileResult(compute_cost=1205.261, peak_memory=6.300 GB, invar_size=1.501 GB, outvar_size=5.309 GB, temp_buffer_size=-0.510 GB, available_memory=64.000 GB, comm_cost=0.951)
Using pre computed peak Mem for (1, 3, 3, 1), module 1
result[(1, 3, 3, 1), 1] = ModuleProfileResult(compute_cost=754.318, peak_memory=7.350 GB, invar_size=6.717 GB, outvar_size=1.501 GB, temp_buffer_size=0.540 GB, available_memory=64.000 GB, comm_cost=0.875)
Using pre computed peak Mem for (1, 4, 3, 0), module 0
result[(1, 4, 3, 0), 0] = ModuleProfileResult(compute_cost=1515.491, peak_memory=8.400 GB, invar_size=1.923 GB, outvar_size=6.862 GB, temp_buffer_size=-0.385 GB, available_memory=64.000 GB, comm_cost=1.194)
Using pre computed peak Mem for (1, 4, 3, 0), module 1
result[(1, 4, 3, 0), 1] = ModuleProfileResult(compute_cost=981.681, peak_memory=9.800 GB, invar_size=8.692 GB, outvar_size=1.923 GB, temp_buffer_size=1.015 GB, available_memory=64.000 GB, comm_cost=1.347)
Using pre computed peak Mem for (1, 4, 3, 1), module 0
result[(1, 4, 3, 1), 0] = ModuleProfileResult(compute_cost=1515.491, peak_memory=8.400 GB, invar_size=1.923 GB, outvar_size=6.903 GB, temp_buffer_size=-0.426 GB, available_memory=64.000 GB, comm_cost=1.194)
Using pre computed peak Mem for (1, 4, 3, 1), module 1
result[(1, 4, 3, 1), 1] = ModuleProfileResult(compute_cost=981.289, peak_memory=9.800 GB, invar_size=8.733 GB, outvar_size=1.923 GB, temp_buffer_size=0.974 GB, available_memory=64.000 GB, comm_cost=0.949)
Using pre computed peak Mem for (1, 5, 3, 0), module 0
result[(1, 5, 3, 0), 0] = ModuleProfileResult(compute_cost=1825.722, peak_memory=10.500 GB, invar_size=2.345 GB, outvar_size=8.251 GB, temp_buffer_size=-0.096 GB, available_memory=64.000 GB, comm_cost=1.437)
Using pre computed peak Mem for (1, 5, 3, 0), module 1
result[(1, 5, 3, 0), 1] = ModuleProfileResult(compute_cost=1208.851, peak_memory=12.250 GB, invar_size=10.503 GB, outvar_size=2.345 GB, temp_buffer_size=1.654 GB, available_memory=64.000 GB, comm_cost=1.621)
Using pre computed peak Mem for (1, 5, 3, 1), module 0
result[(1, 5, 3, 1), 0] = ModuleProfileResult(compute_cost=1825.722, peak_memory=10.500 GB, invar_size=2.345 GB, outvar_size=8.333 GB, temp_buffer_size=-0.178 GB, available_memory=64.000 GB, comm_cost=1.437)
Using pre computed peak Mem for (1, 5, 3, 1), module 1
result[(1, 5, 3, 1), 1] = ModuleProfileResult(compute_cost=1208.264, peak_memory=12.250 GB, invar_size=10.585 GB, outvar_size=2.345 GB, temp_buffer_size=1.572 GB, available_memory=64.000 GB, comm_cost=1.024)
Using pre computed peak Mem for (1, 6, 3, 0), module 0
result[(1, 6, 3, 0), 0] = ModuleProfileResult(compute_cost=2135.952, peak_memory=12.600 GB, invar_size=2.767 GB, outvar_size=9.845 GB, temp_buffer_size=-0.012 GB, available_memory=64.000 GB, comm_cost=1.680)
Using pre computed peak Mem for (1, 6, 3, 0), module 1
result[(1, 6, 3, 0), 1] = ModuleProfileResult(compute_cost=1436.022, peak_memory=14.700 GB, invar_size=12.519 GB, outvar_size=2.767 GB, temp_buffer_size=2.088 GB, available_memory=64.000 GB, comm_cost=1.895)
Using pre computed peak Mem for (1, 6, 3, 1), module 0
result[(1, 6, 3, 1), 0] = ModuleProfileResult(compute_cost=2135.952, peak_memory=12.600 GB, invar_size=2.767 GB, outvar_size=9.681 GB, temp_buffer_size=0.152 GB, available_memory=64.000 GB, comm_cost=1.680)
Using pre computed peak Mem for (1, 6, 3, 1), module 1
result[(1, 6, 3, 1), 1] = ModuleProfileResult(compute_cost=1435.431, peak_memory=14.700 GB, invar_size=12.355 GB, outvar_size=2.767 GB, temp_buffer_size=2.252 GB, available_memory=64.000 GB, comm_cost=1.296)
Using pre computed peak Mem for (1, 7, 3, 0), module 0
result[(1, 7, 3, 0), 0] = ModuleProfileResult(compute_cost=2446.183, peak_memory=14.700 GB, invar_size=3.189 GB, outvar_size=11.111 GB, temp_buffer_size=0.400 GB, available_memory=64.000 GB, comm_cost=1.923)
Using pre computed peak Mem for (1, 7, 3, 0), module 1
result[(1, 7, 3, 0), 1] = ModuleProfileResult(compute_cost=1663.192, peak_memory=17.150 GB, invar_size=14.207 GB, outvar_size=3.189 GB, temp_buffer_size=2.850 GB, available_memory=64.000 GB, comm_cost=2.168)
Using pre computed peak Mem for (1, 7, 3, 1), module 0
result[(1, 7, 3, 1), 0] = ModuleProfileResult(compute_cost=2446.183, peak_memory=14.700 GB, invar_size=3.189 GB, outvar_size=11.439 GB, temp_buffer_size=0.071 GB, available_memory=64.000 GB, comm_cost=1.923)
Using pre computed peak Mem for (1, 7, 3, 1), module 1
result[(1, 7, 3, 1), 1] = ModuleProfileResult(compute_cost=1662.007, peak_memory=17.150 GB, invar_size=14.535 GB, outvar_size=3.189 GB, temp_buffer_size=2.521 GB, available_memory=64.000 GB, comm_cost=0.971)
Using pre computed peak Mem for (1, 8, 3, 0), module 0
result[(1, 8, 3, 0), 0] = ModuleProfileResult(compute_cost=2756.413, peak_memory=16.800 GB, invar_size=3.611 GB, outvar_size=12.623 GB, temp_buffer_size=0.566 GB, available_memory=64.000 GB, comm_cost=2.166)
Using pre computed peak Mem for (1, 8, 3, 0), module 1
result[(1, 8, 3, 0), 1] = ModuleProfileResult(compute_cost=1890.363, peak_memory=19.600 GB, invar_size=16.141 GB, outvar_size=3.611 GB, temp_buffer_size=3.366 GB, available_memory=64.000 GB, comm_cost=2.442)
Using pre computed peak Mem for (1, 8, 3, 1), module 0
result[(1, 8, 3, 1), 0] = ModuleProfileResult(compute_cost=2756.413, peak_memory=16.800 GB, invar_size=3.611 GB, outvar_size=12.951 GB, temp_buffer_size=0.237 GB, available_memory=64.000 GB, comm_cost=2.166)
Using pre computed peak Mem for (1, 8, 3, 1), module 1
result[(1, 8, 3, 1), 1] = ModuleProfileResult(compute_cost=1888.981, peak_memory=19.600 GB, invar_size=16.469 GB, outvar_size=3.611 GB, temp_buffer_size=3.037 GB, available_memory=64.000 GB, comm_cost=1.045)
Using pre computed peak Mem for (1, 9, 3, 0), module 0
result[(1, 9, 3, 0), 0] = ModuleProfileResult(compute_cost=3066.643, peak_memory=18.900 GB, invar_size=4.033 GB, outvar_size=14.053 GB, temp_buffer_size=0.814 GB, available_memory=64.000 GB, comm_cost=2.409)
Using pre computed peak Mem for (1, 9, 3, 0), module 1
result[(1, 9, 3, 0), 1] = ModuleProfileResult(compute_cost=2117.533, peak_memory=22.050 GB, invar_size=17.993 GB, outvar_size=4.033 GB, temp_buffer_size=3.964 GB, available_memory=64.000 GB, comm_cost=2.716)
Using pre computed peak Mem for (1, 9, 3, 1), module 0
result[(1, 9, 3, 1), 0] = ModuleProfileResult(compute_cost=3066.643, peak_memory=18.900 GB, invar_size=4.033 GB, outvar_size=14.340 GB, temp_buffer_size=0.526 GB, available_memory=64.000 GB, comm_cost=2.409)
Using pre computed peak Mem for (1, 9, 3, 1), module 1
result[(1, 9, 3, 1), 1] = ModuleProfileResult(compute_cost=2116.548, peak_memory=22.050 GB, invar_size=18.280 GB, outvar_size=4.033 GB, temp_buffer_size=3.676 GB, available_memory=64.000 GB, comm_cost=1.718)
Using pre computed peak Mem for (1, 10, 3, 0), module 0
result[(1, 10, 3, 0), 0] = ModuleProfileResult(compute_cost=3376.874, peak_memory=21.000 GB, invar_size=4.455 GB, outvar_size=15.606 GB, temp_buffer_size=0.938 GB, available_memory=64.000 GB, comm_cost=2.653)
Using pre computed peak Mem for (1, 10, 3, 0), module 1
result[(1, 10, 3, 0), 1] = ModuleProfileResult(compute_cost=2344.704, peak_memory=24.500 GB, invar_size=19.968 GB, outvar_size=4.455 GB, temp_buffer_size=4.438 GB, available_memory=64.000 GB, comm_cost=2.990)
Using pre computed peak Mem for (1, 10, 3, 1), module 0
result[(1, 10, 3, 1), 0] = ModuleProfileResult(compute_cost=3376.874, peak_memory=21.000 GB, invar_size=4.455 GB, outvar_size=15.811 GB, temp_buffer_size=0.733 GB, available_memory=64.000 GB, comm_cost=2.653)
Using pre computed peak Mem for (1, 10, 3, 1), module 1
result[(1, 10, 3, 1), 1] = ModuleProfileResult(compute_cost=2343.921, peak_memory=24.500 GB, invar_size=20.173 GB, outvar_size=4.455 GB, temp_buffer_size=4.233 GB, available_memory=64.000 GB, comm_cost=2.193)
Using pre computed peak Mem for (1, 11, 3, 0), module 0
result[(1, 11, 3, 0), 0] = ModuleProfileResult(compute_cost=3413.127, peak_memory=23.100 GB, invar_size=4.881 GB, outvar_size=16.734 GB, temp_buffer_size=1.485 GB, available_memory=64.000 GB, comm_cost=2.674)
Using pre computed peak Mem for (1, 11, 3, 0), module 1
result[(1, 11, 3, 0), 1] = ModuleProfileResult(compute_cost=6544.642, peak_memory=26.950 GB, invar_size=21.521 GB, outvar_size=4.881 GB, temp_buffer_size=5.335 GB, available_memory=64.000 GB, comm_cost=3.212)
Using pre computed peak Mem for (1, 11, 3, 1), module 0
result[(1, 11, 3, 1), 0] = ModuleProfileResult(compute_cost=3413.127, peak_memory=23.100 GB, invar_size=4.881 GB, outvar_size=16.693 GB, temp_buffer_size=1.526 GB, available_memory=64.000 GB, comm_cost=2.674)
Using pre computed peak Mem for (1, 11, 3, 1), module 1
result[(1, 11, 3, 1), 1] = ModuleProfileResult(compute_cost=6544.253, peak_memory=26.950 GB, invar_size=21.480 GB, outvar_size=4.881 GB, temp_buffer_size=5.376 GB, available_memory=64.000 GB, comm_cost=2.814)
Using pre computed peak Mem for (2, 2, 3, 0), module 0
result[(2, 2, 3, 0), 0] = ModuleProfileResult(compute_cost=584.613, peak_memory=2.100 GB, invar_size=0.657 GB, outvar_size=2.110 GB, temp_buffer_size=-0.666 GB, available_memory=64.000 GB, comm_cost=0.465)
Using pre computed peak Mem for (2, 2, 3, 0), module 1
result[(2, 2, 3, 0), 1] = ModuleProfileResult(compute_cost=299.889, peak_memory=2.450 GB, invar_size=2.673 GB, outvar_size=0.657 GB, temp_buffer_size=-0.316 GB, available_memory=64.000 GB, comm_cost=0.526)
Using pre computed peak Mem for (2, 2, 3, 1), module 0
result[(2, 2, 3, 1), 0] = ModuleProfileResult(compute_cost=584.613, peak_memory=2.100 GB, invar_size=0.657 GB, outvar_size=2.356 GB, temp_buffer_size=-0.912 GB, available_memory=64.000 GB, comm_cost=0.465)
result[(2, 2, 3, 1), 1] = ModuleProfileResult(compute_cost=299.494, peak_memory=3.481 GB, invar_size=2.919 GB, outvar_size=0.657 GB, temp_buffer_size=0.469 GB, available_memory=64.000 GB, comm_cost=0.127)
Using pre computed peak Mem for (2, 3, 3, 0), module 0
result[(2, 3, 3, 0), 0] = ModuleProfileResult(compute_cost=894.843, peak_memory=4.200 GB, invar_size=1.079 GB, outvar_size=3.663 GB, temp_buffer_size=-0.541 GB, available_memory=64.000 GB, comm_cost=0.708)
Using pre computed peak Mem for (2, 3, 3, 0), module 1
result[(2, 3, 3, 0), 1] = ModuleProfileResult(compute_cost=527.059, peak_memory=4.900 GB, invar_size=4.648 GB, outvar_size=1.079 GB, temp_buffer_size=0.159 GB, available_memory=64.000 GB, comm_cost=0.800)
Using pre computed peak Mem for (2, 3, 3, 1), module 0
result[(2, 3, 3, 1), 0] = ModuleProfileResult(compute_cost=894.843, peak_memory=4.200 GB, invar_size=1.079 GB, outvar_size=3.868 GB, temp_buffer_size=-0.747 GB, available_memory=64.000 GB, comm_cost=0.708)
Using pre computed peak Mem for (2, 3, 3, 1), module 1
result[(2, 3, 3, 1), 1] = ModuleProfileResult(compute_cost=526.865, peak_memory=4.900 GB, invar_size=4.853 GB, outvar_size=1.079 GB, temp_buffer_size=-0.047 GB, available_memory=64.000 GB, comm_cost=0.601)
Using pre computed peak Mem for (2, 4, 3, 0), module 0
result[(2, 4, 3, 0), 0] = ModuleProfileResult(compute_cost=1205.074, peak_memory=6.300 GB, invar_size=1.501 GB, outvar_size=5.175 GB, temp_buffer_size=-0.376 GB, available_memory=64.000 GB, comm_cost=0.951)
Using pre computed peak Mem for (2, 4, 3, 0), module 1
result[(2, 4, 3, 0), 1] = ModuleProfileResult(compute_cost=754.230, peak_memory=7.350 GB, invar_size=6.582 GB, outvar_size=1.501 GB, temp_buffer_size=0.674 GB, available_memory=64.000 GB, comm_cost=1.074)
Using pre computed peak Mem for (2, 4, 3, 1), module 0
result[(2, 4, 3, 1), 0] = ModuleProfileResult(compute_cost=1205.074, peak_memory=6.300 GB, invar_size=1.501 GB, outvar_size=5.175 GB, temp_buffer_size=-0.376 GB, available_memory=64.000 GB, comm_cost=0.951)
Using pre computed peak Mem for (2, 4, 3, 1), module 1
result[(2, 4, 3, 1), 1] = ModuleProfileResult(compute_cost=754.233, peak_memory=7.350 GB, invar_size=6.582 GB, outvar_size=1.501 GB, temp_buffer_size=0.674 GB, available_memory=64.000 GB, comm_cost=1.074)
Using pre computed peak Mem for (2, 5, 3, 0), module 0
result[(2, 5, 3, 0), 0] = ModuleProfileResult(compute_cost=1515.304, peak_memory=8.400 GB, invar_size=1.923 GB, outvar_size=6.728 GB, temp_buffer_size=-0.251 GB, available_memory=64.000 GB, comm_cost=1.194)
Using pre computed peak Mem for (2, 5, 3, 0), module 1
result[(2, 5, 3, 0), 1] = ModuleProfileResult(compute_cost=981.400, peak_memory=9.800 GB, invar_size=8.557 GB, outvar_size=1.923 GB, temp_buffer_size=1.149 GB, available_memory=64.000 GB, comm_cost=1.347)
Using pre computed peak Mem for (2, 5, 3, 1), module 0
result[(2, 5, 3, 1), 0] = ModuleProfileResult(compute_cost=1515.304, peak_memory=8.400 GB, invar_size=1.923 GB, outvar_size=6.728 GB, temp_buffer_size=-0.251 GB, available_memory=64.000 GB, comm_cost=1.194)
Using pre computed peak Mem for (2, 5, 3, 1), module 1
result[(2, 5, 3, 1), 1] = ModuleProfileResult(compute_cost=981.209, peak_memory=9.800 GB, invar_size=8.557 GB, outvar_size=1.923 GB, temp_buffer_size=1.149 GB, available_memory=64.000 GB, comm_cost=1.149)
Using pre computed peak Mem for (2, 6, 3, 0), module 0
result[(2, 6, 3, 0), 0] = ModuleProfileResult(compute_cost=1825.534, peak_memory=10.500 GB, invar_size=2.345 GB, outvar_size=8.199 GB, temp_buffer_size=-0.044 GB, available_memory=64.000 GB, comm_cost=1.437)
Using pre computed peak Mem for (2, 6, 3, 0), module 1
result[(2, 6, 3, 0), 1] = ModuleProfileResult(compute_cost=1208.570, peak_memory=12.250 GB, invar_size=10.450 GB, outvar_size=2.345 GB, temp_buffer_size=1.706 GB, available_memory=64.000 GB, comm_cost=1.621)
Using pre computed peak Mem for (2, 6, 3, 1), module 0
result[(2, 6, 3, 1), 0] = ModuleProfileResult(compute_cost=1825.534, peak_memory=10.500 GB, invar_size=2.345 GB, outvar_size=8.322 GB, temp_buffer_size=-0.167 GB, available_memory=64.000 GB, comm_cost=1.437)
Using pre computed peak Mem for (2, 6, 3, 1), module 1
result[(2, 6, 3, 1), 1] = ModuleProfileResult(compute_cost=1207.983, peak_memory=12.250 GB, invar_size=10.573 GB, outvar_size=2.345 GB, temp_buffer_size=1.583 GB, available_memory=64.000 GB, comm_cost=1.024)
Using pre computed peak Mem for (2, 7, 3, 0), module 0
result[(2, 7, 3, 0), 0] = ModuleProfileResult(compute_cost=2135.765, peak_memory=12.600 GB, invar_size=2.767 GB, outvar_size=9.588 GB, temp_buffer_size=0.245 GB, available_memory=64.000 GB, comm_cost=1.680)
Using pre computed peak Mem for (2, 7, 3, 0), module 1
result[(2, 7, 3, 0), 1] = ModuleProfileResult(compute_cost=1435.741, peak_memory=14.700 GB, invar_size=12.261 GB, outvar_size=2.767 GB, temp_buffer_size=2.345 GB, available_memory=64.000 GB, comm_cost=1.895)
Using pre computed peak Mem for (2, 7, 3, 1), module 0
result[(2, 7, 3, 1), 0] = ModuleProfileResult(compute_cost=2135.765, peak_memory=12.600 GB, invar_size=2.767 GB, outvar_size=9.793 GB, temp_buffer_size=0.040 GB, available_memory=64.000 GB, comm_cost=1.680)
Using pre computed peak Mem for (2, 7, 3, 1), module 1
result[(2, 7, 3, 1), 1] = ModuleProfileResult(compute_cost=1435.150, peak_memory=14.700 GB, invar_size=12.466 GB, outvar_size=2.767 GB, temp_buffer_size=2.140 GB, available_memory=64.000 GB, comm_cost=1.296)
Using pre computed peak Mem for (2, 8, 3, 0), module 0
result[(2, 8, 3, 0), 0] = ModuleProfileResult(compute_cost=2445.995, peak_memory=14.700 GB, invar_size=3.189 GB, outvar_size=11.182 GB, temp_buffer_size=0.329 GB, available_memory=64.000 GB, comm_cost=1.923)
Using pre computed peak Mem for (2, 8, 3, 0), module 1
result[(2, 8, 3, 0), 1] = ModuleProfileResult(compute_cost=1662.911, peak_memory=17.150 GB, invar_size=14.277 GB, outvar_size=3.189 GB, temp_buffer_size=2.779 GB, available_memory=64.000 GB, comm_cost=2.168)
Using pre computed peak Mem for (2, 8, 3, 1), module 0
result[(2, 8, 3, 1), 0] = ModuleProfileResult(compute_cost=2445.995, peak_memory=14.700 GB, invar_size=3.189 GB, outvar_size=11.387 GB, temp_buffer_size=0.124 GB, available_memory=64.000 GB, comm_cost=1.923)
Using pre computed peak Mem for (2, 8, 3, 1), module 1
result[(2, 8, 3, 1), 1] = ModuleProfileResult(compute_cost=1661.727, peak_memory=17.150 GB, invar_size=14.482 GB, outvar_size=3.189 GB, temp_buffer_size=2.574 GB, available_memory=64.000 GB, comm_cost=0.971)
Using pre computed peak Mem for (2, 9, 3, 0), module 0
result[(2, 9, 3, 0), 0] = ModuleProfileResult(compute_cost=2756.226, peak_memory=16.800 GB, invar_size=3.611 GB, outvar_size=12.447 GB, temp_buffer_size=0.741 GB, available_memory=64.000 GB, comm_cost=2.166)
Using pre computed peak Mem for (2, 9, 3, 0), module 1
result[(2, 9, 3, 0), 1] = ModuleProfileResult(compute_cost=1890.082, peak_memory=19.600 GB, invar_size=15.965 GB, outvar_size=3.611 GB, temp_buffer_size=3.541 GB, available_memory=64.000 GB, comm_cost=2.442)
Using pre computed peak Mem for (2, 9, 3, 1), module 0
result[(2, 9, 3, 1), 0] = ModuleProfileResult(compute_cost=2756.226, peak_memory=16.800 GB, invar_size=3.611 GB, outvar_size=12.529 GB, temp_buffer_size=0.659 GB, available_memory=64.000 GB, comm_cost=2.166)
Using pre computed peak Mem for (2, 9, 3, 1), module 1
result[(2, 9, 3, 1), 1] = ModuleProfileResult(compute_cost=1889.889, peak_memory=19.600 GB, invar_size=16.047 GB, outvar_size=3.611 GB, temp_buffer_size=3.459 GB, available_memory=64.000 GB, comm_cost=2.244)
Using pre computed peak Mem for (2, 10, 3, 0), module 0
result[(2, 10, 3, 0), 0] = ModuleProfileResult(compute_cost=3066.456, peak_memory=18.900 GB, invar_size=4.033 GB, outvar_size=13.959 GB, temp_buffer_size=0.907 GB, available_memory=64.000 GB, comm_cost=2.409)
Using pre computed peak Mem for (2, 10, 3, 0), module 1
result[(2, 10, 3, 0), 1] = ModuleProfileResult(compute_cost=2117.252, peak_memory=22.050 GB, invar_size=17.899 GB, outvar_size=4.033 GB, temp_buffer_size=4.057 GB, available_memory=64.000 GB, comm_cost=2.716)
Using pre computed peak Mem for (2, 10, 3, 1), module 0
result[(2, 10, 3, 1), 0] = ModuleProfileResult(compute_cost=3066.456, peak_memory=18.900 GB, invar_size=4.033 GB, outvar_size=14.329 GB, temp_buffer_size=0.538 GB, available_memory=64.000 GB, comm_cost=2.409)
Using pre computed peak Mem for (2, 10, 3, 1), module 1
result[(2, 10, 3, 1), 1] = ModuleProfileResult(compute_cost=2116.268, peak_memory=22.050 GB, invar_size=18.268 GB, outvar_size=4.033 GB, temp_buffer_size=3.688 GB, available_memory=64.000 GB, comm_cost=1.719)
Using pre computed peak Mem for (2, 11, 3, 0), module 0
result[(2, 11, 3, 0), 0] = ModuleProfileResult(compute_cost=3102.710, peak_memory=21.000 GB, invar_size=4.459 GB, outvar_size=15.293 GB, temp_buffer_size=1.249 GB, available_memory=64.000 GB, comm_cost=2.430)
Using pre computed peak Mem for (2, 11, 3, 0), module 1
result[(2, 11, 3, 0), 1] = ModuleProfileResult(compute_cost=6317.190, peak_memory=24.500 GB, invar_size=19.658 GB, outvar_size=4.459 GB, temp_buffer_size=4.749 GB, available_memory=64.000 GB, comm_cost=2.938)
Using pre computed peak Mem for (2, 11, 3, 1), module 0
result[(2, 11, 3, 1), 0] = ModuleProfileResult(compute_cost=3102.710, peak_memory=21.000 GB, invar_size=4.459 GB, outvar_size=15.252 GB, temp_buffer_size=1.290 GB, available_memory=64.000 GB, comm_cost=2.430)
Using pre computed peak Mem for (2, 11, 3, 1), module 1
result[(2, 11, 3, 1), 1] = ModuleProfileResult(compute_cost=6316.601, peak_memory=24.500 GB, invar_size=19.617 GB, outvar_size=4.459 GB, temp_buffer_size=4.790 GB, available_memory=64.000 GB, comm_cost=2.340)
Using pre computed peak Mem for (3, 3, 3, 0), module 0
result[(3, 3, 3, 0), 0] = ModuleProfileResult(compute_cost=310.262, peak_memory=2.100 GB, invar_size=0.516 GB, outvar_size=1.606 GB, temp_buffer_size=-0.022 GB, available_memory=64.000 GB, comm_cost=0.243)
Using pre computed peak Mem for (3, 3, 3, 0), module 1
result[(3, 3, 3, 0), 1] = ModuleProfileResult(compute_cost=227.170, peak_memory=2.450 GB, invar_size=2.028 GB, outvar_size=0.516 GB, temp_buffer_size=0.328 GB, available_memory=64.000 GB, comm_cost=0.274)
Using pre computed peak Mem for (3, 3, 3, 1), module 0
result[(3, 3, 3, 1), 0] = ModuleProfileResult(compute_cost=310.262, peak_memory=2.100 GB, invar_size=0.516 GB, outvar_size=1.606 GB, temp_buffer_size=-0.022 GB, available_memory=64.000 GB, comm_cost=0.243)
Using pre computed peak Mem for (3, 3, 3, 1), module 1
result[(3, 3, 3, 1), 1] = ModuleProfileResult(compute_cost=227.172, peak_memory=2.450 GB, invar_size=2.028 GB, outvar_size=0.516 GB, temp_buffer_size=0.328 GB, available_memory=64.000 GB, comm_cost=0.274)
Using pre computed peak Mem for (3, 4, 3, 0), module 0
result[(3, 4, 3, 0), 0] = ModuleProfileResult(compute_cost=620.492, peak_memory=4.200 GB, invar_size=0.938 GB, outvar_size=2.995 GB, temp_buffer_size=0.267 GB, available_memory=64.000 GB, comm_cost=0.486)
Using pre computed peak Mem for (3, 4, 3, 0), module 1
result[(3, 4, 3, 0), 1] = ModuleProfileResult(compute_cost=454.341, peak_memory=4.900 GB, invar_size=3.839 GB, outvar_size=0.938 GB, temp_buffer_size=0.967 GB, available_memory=64.000 GB, comm_cost=0.547)
Using pre computed peak Mem for (3, 4, 3, 1), module 0
result[(3, 4, 3, 1), 0] = ModuleProfileResult(compute_cost=620.492, peak_memory=4.200 GB, invar_size=0.938 GB, outvar_size=3.118 GB, temp_buffer_size=0.144 GB, available_memory=64.000 GB, comm_cost=0.486)
Using pre computed peak Mem for (3, 4, 3, 1), module 1
result[(3, 4, 3, 1), 1] = ModuleProfileResult(compute_cost=454.144, peak_memory=4.900 GB, invar_size=3.962 GB, outvar_size=0.938 GB, temp_buffer_size=0.844 GB, available_memory=64.000 GB, comm_cost=0.348)
Using pre computed peak Mem for (3, 5, 3, 0), module 0
result[(3, 5, 3, 0), 0] = ModuleProfileResult(compute_cost=930.722, peak_memory=6.300 GB, invar_size=1.360 GB, outvar_size=4.507 GB, temp_buffer_size=0.433 GB, available_memory=64.000 GB, comm_cost=0.729)
Using pre computed peak Mem for (3, 5, 3, 0), module 1
result[(3, 5, 3, 0), 1] = ModuleProfileResult(compute_cost=681.511, peak_memory=7.350 GB, invar_size=5.773 GB, outvar_size=1.360 GB, temp_buffer_size=1.483 GB, available_memory=64.000 GB, comm_cost=0.821)
Using pre computed peak Mem for (3, 5, 3, 1), module 0
result[(3, 5, 3, 1), 0] = ModuleProfileResult(compute_cost=930.722, peak_memory=6.300 GB, invar_size=1.360 GB, outvar_size=4.548 GB, temp_buffer_size=0.392 GB, available_memory=64.000 GB, comm_cost=0.729)
Using pre computed peak Mem for (3, 5, 3, 1), module 1
result[(3, 5, 3, 1), 1] = ModuleProfileResult(compute_cost=681.315, peak_memory=7.350 GB, invar_size=5.814 GB, outvar_size=1.360 GB, temp_buffer_size=1.442 GB, available_memory=64.000 GB, comm_cost=0.622)
Using pre computed peak Mem for (3, 6, 3, 0), module 0
result[(3, 6, 3, 0), 0] = ModuleProfileResult(compute_cost=1240.953, peak_memory=8.400 GB, invar_size=1.782 GB, outvar_size=5.978 GB, temp_buffer_size=0.640 GB, available_memory=64.000 GB, comm_cost=0.972)
Using pre computed peak Mem for (3, 6, 3, 0), module 1
result[(3, 6, 3, 0), 1] = ModuleProfileResult(compute_cost=908.682, peak_memory=9.800 GB, invar_size=7.666 GB, outvar_size=1.782 GB, temp_buffer_size=2.040 GB, available_memory=64.000 GB, comm_cost=1.095)
Using pre computed peak Mem for (3, 6, 3, 1), module 0
result[(3, 6, 3, 1), 0] = ModuleProfileResult(compute_cost=1240.953, peak_memory=8.400 GB, invar_size=1.782 GB, outvar_size=6.183 GB, temp_buffer_size=0.435 GB, available_memory=64.000 GB, comm_cost=0.972)
Using pre computed peak Mem for (3, 6, 3, 1), module 1
result[(3, 6, 3, 1), 1] = ModuleProfileResult(compute_cost=908.090, peak_memory=9.800 GB, invar_size=7.871 GB, outvar_size=1.782 GB, temp_buffer_size=1.835 GB, available_memory=64.000 GB, comm_cost=0.496)
Using pre computed peak Mem for (3, 7, 3, 0), module 0
result[(3, 7, 3, 0), 0] = ModuleProfileResult(compute_cost=1551.183, peak_memory=10.500 GB, invar_size=2.204 GB, outvar_size=7.448 GB, temp_buffer_size=0.847 GB, available_memory=64.000 GB, comm_cost=1.215)
Using pre computed peak Mem for (3, 7, 3, 0), module 1
result[(3, 7, 3, 0), 1] = ModuleProfileResult(compute_cost=1135.852, peak_memory=12.250 GB, invar_size=9.559 GB, outvar_size=2.204 GB, temp_buffer_size=2.597 GB, available_memory=64.000 GB, comm_cost=1.368)
Using pre computed peak Mem for (3, 7, 3, 1), module 0
result[(3, 7, 3, 1), 0] = ModuleProfileResult(compute_cost=1551.183, peak_memory=10.500 GB, invar_size=2.204 GB, outvar_size=7.613 GB, temp_buffer_size=0.683 GB, available_memory=64.000 GB, comm_cost=1.215)
Using pre computed peak Mem for (3, 7, 3, 1), module 1
result[(3, 7, 3, 1), 1] = ModuleProfileResult(compute_cost=1135.460, peak_memory=12.250 GB, invar_size=9.723 GB, outvar_size=2.204 GB, temp_buffer_size=2.433 GB, available_memory=64.000 GB, comm_cost=0.970)
Using pre computed peak Mem for (3, 8, 3, 0), module 0
result[(3, 8, 3, 0), 0] = ModuleProfileResult(compute_cost=1861.413, peak_memory=12.600 GB, invar_size=2.626 GB, outvar_size=8.960 GB, temp_buffer_size=1.013 GB, available_memory=64.000 GB, comm_cost=1.458)
Using pre computed peak Mem for (3, 8, 3, 0), module 1
result[(3, 8, 3, 0), 1] = ModuleProfileResult(compute_cost=1363.023, peak_memory=14.700 GB, invar_size=11.493 GB, outvar_size=2.626 GB, temp_buffer_size=3.113 GB, available_memory=64.000 GB, comm_cost=1.642)
Using pre computed peak Mem for (3, 8, 3, 1), module 0
result[(3, 8, 3, 1), 0] = ModuleProfileResult(compute_cost=1861.413, peak_memory=12.600 GB, invar_size=2.626 GB, outvar_size=9.001 GB, temp_buffer_size=0.972 GB, available_memory=64.000 GB, comm_cost=1.458)
Using pre computed peak Mem for (3, 8, 3, 1), module 1
result[(3, 8, 3, 1), 1] = ModuleProfileResult(compute_cost=1362.432, peak_memory=14.700 GB, invar_size=11.534 GB, outvar_size=2.626 GB, temp_buffer_size=3.072 GB, available_memory=64.000 GB, comm_cost=1.044)
Using pre computed peak Mem for (3, 9, 3, 0), module 0
result[(3, 9, 3, 0), 0] = ModuleProfileResult(compute_cost=2171.644, peak_memory=14.700 GB, invar_size=3.048 GB, outvar_size=10.390 GB, temp_buffer_size=1.261 GB, available_memory=64.000 GB, comm_cost=1.701)
Using pre computed peak Mem for (3, 9, 3, 0), module 1
result[(3, 9, 3, 0), 1] = ModuleProfileResult(compute_cost=1590.193, peak_memory=17.150 GB, invar_size=13.345 GB, outvar_size=3.048 GB, temp_buffer_size=3.711 GB, available_memory=64.000 GB, comm_cost=1.916)
Using pre computed peak Mem for (3, 9, 3, 1), module 0
result[(3, 9, 3, 1), 0] = ModuleProfileResult(compute_cost=2171.644, peak_memory=14.700 GB, invar_size=3.048 GB, outvar_size=10.390 GB, temp_buffer_size=1.261 GB, available_memory=64.000 GB, comm_cost=1.701)
Using pre computed peak Mem for (3, 9, 3, 1), module 1
result[(3, 9, 3, 1), 1] = ModuleProfileResult(compute_cost=1590.000, peak_memory=17.150 GB, invar_size=13.345 GB, outvar_size=3.048 GB, temp_buffer_size=3.711 GB, available_memory=64.000 GB, comm_cost=1.717)
Using pre computed peak Mem for (3, 10, 3, 0), module 0
result[(3, 10, 3, 0), 0] = ModuleProfileResult(compute_cost=2481.874, peak_memory=16.800 GB, invar_size=3.470 GB, outvar_size=11.984 GB, temp_buffer_size=1.345 GB, available_memory=64.000 GB, comm_cost=1.944)
Using pre computed peak Mem for (3, 10, 3, 0), module 1
result[(3, 10, 3, 0), 1] = ModuleProfileResult(compute_cost=1817.364, peak_memory=19.600 GB, invar_size=15.361 GB, outvar_size=3.470 GB, temp_buffer_size=4.145 GB, available_memory=64.000 GB, comm_cost=2.189)
Using pre computed peak Mem for (3, 10, 3, 1), module 0
result[(3, 10, 3, 1), 0] = ModuleProfileResult(compute_cost=2481.874, peak_memory=16.800 GB, invar_size=3.470 GB, outvar_size=12.066 GB, temp_buffer_size=1.263 GB, available_memory=64.000 GB, comm_cost=1.944)
Using pre computed peak Mem for (3, 10, 3, 1), module 1
result[(3, 10, 3, 1), 1] = ModuleProfileResult(compute_cost=1817.173, peak_memory=19.600 GB, invar_size=15.443 GB, outvar_size=3.470 GB, temp_buffer_size=4.063 GB, available_memory=64.000 GB, comm_cost=1.992)
Using pre computed peak Mem for (3, 11, 3, 0), module 0
result[(3, 11, 3, 0), 0] = ModuleProfileResult(compute_cost=2518.128, peak_memory=18.900 GB, invar_size=3.896 GB, outvar_size=12.908 GB, temp_buffer_size=2.097 GB, available_memory=64.000 GB, comm_cost=1.965)
Using pre computed peak Mem for (3, 11, 3, 0), module 1
result[(3, 11, 3, 0), 1] = ModuleProfileResult(compute_cost=6017.302, peak_memory=22.050 GB, invar_size=16.710 GB, outvar_size=3.896 GB, temp_buffer_size=5.247 GB, available_memory=64.000 GB, comm_cost=2.412)
Using pre computed peak Mem for (3, 11, 3, 1), module 0
result[(3, 11, 3, 1), 0] = ModuleProfileResult(compute_cost=2518.128, peak_memory=18.900 GB, invar_size=3.896 GB, outvar_size=13.277 GB, temp_buffer_size=1.728 GB, available_memory=64.000 GB, comm_cost=1.965)
Using pre computed peak Mem for (3, 11, 3, 1), module 1
result[(3, 11, 3, 1), 1] = ModuleProfileResult(compute_cost=6016.312, peak_memory=22.050 GB, invar_size=17.079 GB, outvar_size=3.896 GB, temp_buffer_size=4.878 GB, available_memory=64.000 GB, comm_cost=1.413)
Using pre computed peak Mem for (4, 4, 3, 0), module 0
result[(4, 4, 3, 0), 0] = ModuleProfileResult(compute_cost=310.262, peak_memory=2.100 GB, invar_size=0.516 GB, outvar_size=1.606 GB, temp_buffer_size=-0.022 GB, available_memory=64.000 GB, comm_cost=0.243)
Using pre computed peak Mem for (4, 4, 3, 0), module 1
result[(4, 4, 3, 0), 1] = ModuleProfileResult(compute_cost=227.170, peak_memory=2.450 GB, invar_size=2.028 GB, outvar_size=0.516 GB, temp_buffer_size=0.328 GB, available_memory=64.000 GB, comm_cost=0.274)
Using pre computed peak Mem for (4, 4, 3, 1), module 0
result[(4, 4, 3, 1), 0] = ModuleProfileResult(compute_cost=310.262, peak_memory=2.100 GB, invar_size=0.516 GB, outvar_size=1.647 GB, temp_buffer_size=-0.063 GB, available_memory=64.000 GB, comm_cost=0.243)
result[(4, 4, 3, 1), 1] = ModuleProfileResult(compute_cost=226.973, peak_memory=2.450 GB, invar_size=2.069 GB, outvar_size=0.516 GB, temp_buffer_size=0.287 GB, available_memory=64.000 GB, comm_cost=0.074)
Using pre computed peak Mem for (4, 5, 3, 0), module 0
result[(4, 5, 3, 0), 0] = ModuleProfileResult(compute_cost=620.492, peak_memory=4.200 GB, invar_size=0.938 GB, outvar_size=3.036 GB, temp_buffer_size=0.226 GB, available_memory=64.000 GB, comm_cost=0.486)
Using pre computed peak Mem for (4, 5, 3, 0), module 1
result[(4, 5, 3, 0), 1] = ModuleProfileResult(compute_cost=454.341, peak_memory=4.900 GB, invar_size=3.880 GB, outvar_size=0.938 GB, temp_buffer_size=0.926 GB, available_memory=64.000 GB, comm_cost=0.547)
Using pre computed peak Mem for (4, 5, 3, 1), module 0
result[(4, 5, 3, 1), 0] = ModuleProfileResult(compute_cost=620.492, peak_memory=4.200 GB, invar_size=0.938 GB, outvar_size=3.077 GB, temp_buffer_size=0.185 GB, available_memory=64.000 GB, comm_cost=0.486)
Using pre computed peak Mem for (4, 5, 3, 1), module 1
result[(4, 5, 3, 1), 1] = ModuleProfileResult(compute_cost=454.344, peak_memory=4.900 GB, invar_size=3.921 GB, outvar_size=0.938 GB, temp_buffer_size=0.885 GB, available_memory=64.000 GB, comm_cost=0.548)
Using pre computed peak Mem for (4, 6, 3, 0), module 0
result[(4, 6, 3, 0), 0] = ModuleProfileResult(compute_cost=930.722, peak_memory=6.300 GB, invar_size=1.360 GB, outvar_size=4.548 GB, temp_buffer_size=0.392 GB, available_memory=64.000 GB, comm_cost=0.729)
Using pre computed peak Mem for (4, 6, 3, 0), module 1
result[(4, 6, 3, 0), 1] = ModuleProfileResult(compute_cost=681.511, peak_memory=7.350 GB, invar_size=5.814 GB, outvar_size=1.360 GB, temp_buffer_size=1.442 GB, available_memory=64.000 GB, comm_cost=0.821)
Using pre computed peak Mem for (4, 6, 3, 1), module 0
result[(4, 6, 3, 1), 0] = ModuleProfileResult(compute_cost=930.722, peak_memory=6.300 GB, invar_size=1.360 GB, outvar_size=4.507 GB, temp_buffer_size=0.433 GB, available_memory=64.000 GB, comm_cost=0.729)
Using pre computed peak Mem for (4, 6, 3, 1), module 1
result[(4, 6, 3, 1), 1] = ModuleProfileResult(compute_cost=681.513, peak_memory=7.350 GB, invar_size=5.773 GB, outvar_size=1.360 GB, temp_buffer_size=1.483 GB, available_memory=64.000 GB, comm_cost=0.821)
Using pre computed peak Mem for (4, 7, 3, 0), module 0
result[(4, 7, 3, 0), 0] = ModuleProfileResult(compute_cost=1240.953, peak_memory=8.400 GB, invar_size=1.782 GB, outvar_size=5.937 GB, temp_buffer_size=0.681 GB, available_memory=64.000 GB, comm_cost=0.972)
Using pre computed peak Mem for (4, 7, 3, 0), module 1
result[(4, 7, 3, 0), 1] = ModuleProfileResult(compute_cost=908.682, peak_memory=9.800 GB, invar_size=7.625 GB, outvar_size=1.782 GB, temp_buffer_size=2.081 GB, available_memory=64.000 GB, comm_cost=1.095)
Using pre computed peak Mem for (4, 7, 3, 1), module 0
result[(4, 7, 3, 1), 0] = ModuleProfileResult(compute_cost=1240.953, peak_memory=8.400 GB, invar_size=1.782 GB, outvar_size=6.142 GB, temp_buffer_size=0.476 GB, available_memory=64.000 GB, comm_cost=0.972)
Using pre computed peak Mem for (4, 7, 3, 1), module 1
result[(4, 7, 3, 1), 1] = ModuleProfileResult(compute_cost=908.090, peak_memory=9.800 GB, invar_size=7.830 GB, outvar_size=1.782 GB, temp_buffer_size=1.876 GB, available_memory=64.000 GB, comm_cost=0.496)
Using pre computed peak Mem for (4, 8, 3, 0), module 0
result[(4, 8, 3, 0), 0] = ModuleProfileResult(compute_cost=1551.183, peak_memory=10.500 GB, invar_size=2.204 GB, outvar_size=7.490 GB, temp_buffer_size=0.806 GB, available_memory=64.000 GB, comm_cost=1.215)
Using pre computed peak Mem for (4, 8, 3, 0), module 1
result[(4, 8, 3, 0), 1] = ModuleProfileResult(compute_cost=1135.852, peak_memory=12.250 GB, invar_size=9.600 GB, outvar_size=2.204 GB, temp_buffer_size=2.556 GB, available_memory=64.000 GB, comm_cost=1.368)
Using pre computed peak Mem for (4, 8, 3, 1), module 0
result[(4, 8, 3, 1), 0] = ModuleProfileResult(compute_cost=1551.183, peak_memory=10.500 GB, invar_size=2.204 GB, outvar_size=7.613 GB, temp_buffer_size=0.683 GB, available_memory=64.000 GB, comm_cost=1.215)
Using pre computed peak Mem for (4, 8, 3, 1), module 1
result[(4, 8, 3, 1), 1] = ModuleProfileResult(compute_cost=1135.260, peak_memory=12.250 GB, invar_size=9.723 GB, outvar_size=2.204 GB, temp_buffer_size=2.433 GB, available_memory=64.000 GB, comm_cost=0.770)
Using pre computed peak Mem for (4, 9, 3, 0), module 0
result[(4, 9, 3, 0), 0] = ModuleProfileResult(compute_cost=1861.413, peak_memory=12.600 GB, invar_size=2.626 GB, outvar_size=8.878 GB, temp_buffer_size=1.095 GB, available_memory=64.000 GB, comm_cost=1.458)
Using pre computed peak Mem for (4, 9, 3, 0), module 1
result[(4, 9, 3, 0), 1] = ModuleProfileResult(compute_cost=1363.023, peak_memory=14.700 GB, invar_size=11.411 GB, outvar_size=2.626 GB, temp_buffer_size=3.195 GB, available_memory=64.000 GB, comm_cost=1.642)
Using pre computed peak Mem for (4, 9, 3, 1), module 0
result[(4, 9, 3, 1), 0] = ModuleProfileResult(compute_cost=1861.413, peak_memory=12.600 GB, invar_size=2.626 GB, outvar_size=9.083 GB, temp_buffer_size=0.890 GB, available_memory=64.000 GB, comm_cost=1.458)
Using pre computed peak Mem for (4, 9, 3, 1), module 1
result[(4, 9, 3, 1), 1] = ModuleProfileResult(compute_cost=1362.433, peak_memory=14.700 GB, invar_size=11.616 GB, outvar_size=2.626 GB, temp_buffer_size=2.990 GB, available_memory=64.000 GB, comm_cost=1.044)
Using pre computed peak Mem for (4, 10, 3, 0), module 0
result[(4, 10, 3, 0), 0] = ModuleProfileResult(compute_cost=2171.644, peak_memory=14.700 GB, invar_size=3.048 GB, outvar_size=10.390 GB, temp_buffer_size=1.261 GB, available_memory=64.000 GB, comm_cost=1.701)
Using pre computed peak Mem for (4, 10, 3, 0), module 1
result[(4, 10, 3, 0), 1] = ModuleProfileResult(compute_cost=1590.193, peak_memory=17.150 GB, invar_size=13.345 GB, outvar_size=3.048 GB, temp_buffer_size=3.711 GB, available_memory=64.000 GB, comm_cost=1.916)
Using pre computed peak Mem for (4, 10, 3, 1), module 0
result[(4, 10, 3, 1), 0] = ModuleProfileResult(compute_cost=2171.644, peak_memory=14.700 GB, invar_size=3.048 GB, outvar_size=10.554 GB, temp_buffer_size=1.097 GB, available_memory=64.000 GB, comm_cost=1.701)
Using pre computed peak Mem for (4, 10, 3, 1), module 1
result[(4, 10, 3, 1), 1] = ModuleProfileResult(compute_cost=1589.604, peak_memory=17.150 GB, invar_size=13.509 GB, outvar_size=3.048 GB, temp_buffer_size=3.547 GB, available_memory=64.000 GB, comm_cost=1.318)
Using pre computed peak Mem for (4, 11, 3, 0), module 0
result[(4, 11, 3, 0), 0] = ModuleProfileResult(compute_cost=2207.897, peak_memory=16.800 GB, invar_size=3.474 GB, outvar_size=11.478 GB, temp_buffer_size=1.849 GB, available_memory=64.000 GB, comm_cost=1.722)
Using pre computed peak Mem for (4, 11, 3, 0), module 1
result[(4, 11, 3, 0), 1] = ModuleProfileResult(compute_cost=5790.131, peak_memory=19.600 GB, invar_size=14.857 GB, outvar_size=3.474 GB, temp_buffer_size=4.649 GB, available_memory=64.000 GB, comm_cost=2.138)
Using pre computed peak Mem for (4, 11, 3, 1), module 0
result[(4, 11, 3, 1), 0] = ModuleProfileResult(compute_cost=2207.897, peak_memory=16.800 GB, invar_size=3.474 GB, outvar_size=11.601 GB, temp_buffer_size=1.726 GB, available_memory=64.000 GB, comm_cost=1.722)
Using pre computed peak Mem for (4, 11, 3, 1), module 1
result[(4, 11, 3, 1), 1] = ModuleProfileResult(compute_cost=5789.938, peak_memory=19.600 GB, invar_size=14.981 GB, outvar_size=3.474 GB, temp_buffer_size=4.526 GB, available_memory=64.000 GB, comm_cost=1.940)
Using pre computed peak Mem for (5, 5, 3, 0), module 0
result[(5, 5, 3, 0), 0] = ModuleProfileResult(compute_cost=310.262, peak_memory=2.100 GB, invar_size=0.516 GB, outvar_size=1.606 GB, temp_buffer_size=-0.022 GB, available_memory=64.000 GB, comm_cost=0.243)
Using pre computed peak Mem for (5, 5, 3, 0), module 1
result[(5, 5, 3, 0), 1] = ModuleProfileResult(compute_cost=227.170, peak_memory=2.450 GB, invar_size=2.028 GB, outvar_size=0.516 GB, temp_buffer_size=0.328 GB, available_memory=64.000 GB, comm_cost=0.274)
Using pre computed peak Mem for (5, 5, 3, 1), module 0
result[(5, 5, 3, 1), 0] = ModuleProfileResult(compute_cost=310.262, peak_memory=2.100 GB, invar_size=0.516 GB, outvar_size=1.647 GB, temp_buffer_size=-0.063 GB, available_memory=64.000 GB, comm_cost=0.243)
result[(5, 5, 3, 1), 1] = ModuleProfileResult(compute_cost=226.973, peak_memory=2.450 GB, invar_size=2.069 GB, outvar_size=0.516 GB, temp_buffer_size=0.287 GB, available_memory=64.000 GB, comm_cost=0.074)
Using pre computed peak Mem for (5, 6, 3, 0), module 0
result[(5, 6, 3, 0), 0] = ModuleProfileResult(compute_cost=620.492, peak_memory=4.200 GB, invar_size=0.938 GB, outvar_size=3.036 GB, temp_buffer_size=0.226 GB, available_memory=64.000 GB, comm_cost=0.486)
Using pre computed peak Mem for (5, 6, 3, 0), module 1
result[(5, 6, 3, 0), 1] = ModuleProfileResult(compute_cost=454.341, peak_memory=4.900 GB, invar_size=3.880 GB, outvar_size=0.938 GB, temp_buffer_size=0.926 GB, available_memory=64.000 GB, comm_cost=0.547)
Using pre computed peak Mem for (5, 6, 3, 1), module 0
result[(5, 6, 3, 1), 0] = ModuleProfileResult(compute_cost=620.492, peak_memory=4.200 GB, invar_size=0.938 GB, outvar_size=3.118 GB, temp_buffer_size=0.144 GB, available_memory=64.000 GB, comm_cost=0.486)
Using pre computed peak Mem for (5, 6, 3, 1), module 1
result[(5, 6, 3, 1), 1] = ModuleProfileResult(compute_cost=454.145, peak_memory=4.900 GB, invar_size=3.962 GB, outvar_size=0.938 GB, temp_buffer_size=0.844 GB, available_memory=64.000 GB, comm_cost=0.348)
Using pre computed peak Mem for (5, 7, 3, 0), module 0
result[(5, 7, 3, 0), 0] = ModuleProfileResult(compute_cost=930.722, peak_memory=6.300 GB, invar_size=1.360 GB, outvar_size=4.548 GB, temp_buffer_size=0.392 GB, available_memory=64.000 GB, comm_cost=0.729)
Using pre computed peak Mem for (5, 7, 3, 0), module 1
result[(5, 7, 3, 0), 1] = ModuleProfileResult(compute_cost=681.511, peak_memory=7.350 GB, invar_size=5.814 GB, outvar_size=1.360 GB, temp_buffer_size=1.442 GB, available_memory=64.000 GB, comm_cost=0.821)
Using pre computed peak Mem for (5, 7, 3, 1), module 0
result[(5, 7, 3, 1), 0] = ModuleProfileResult(compute_cost=930.722, peak_memory=6.300 GB, invar_size=1.360 GB, outvar_size=4.589 GB, temp_buffer_size=0.351 GB, available_memory=64.000 GB, comm_cost=0.729)
Using pre computed peak Mem for (5, 7, 3, 1), module 1
result[(5, 7, 3, 1), 1] = ModuleProfileResult(compute_cost=681.317, peak_memory=7.350 GB, invar_size=5.855 GB, outvar_size=1.360 GB, temp_buffer_size=1.401 GB, available_memory=64.000 GB, comm_cost=0.622)
Using pre computed peak Mem for (5, 8, 3, 0), module 0
result[(5, 8, 3, 0), 0] = ModuleProfileResult(compute_cost=1240.953, peak_memory=8.400 GB, invar_size=1.782 GB, outvar_size=6.060 GB, temp_buffer_size=0.558 GB, available_memory=64.000 GB, comm_cost=0.972)
Using pre computed peak Mem for (5, 8, 3, 0), module 1
result[(5, 8, 3, 0), 1] = ModuleProfileResult(compute_cost=908.682, peak_memory=9.800 GB, invar_size=7.748 GB, outvar_size=1.782 GB, temp_buffer_size=1.958 GB, available_memory=64.000 GB, comm_cost=1.095)
Using pre computed peak Mem for (5, 8, 3, 1), module 0
result[(5, 8, 3, 1), 0] = ModuleProfileResult(compute_cost=1240.953, peak_memory=8.400 GB, invar_size=1.782 GB, outvar_size=6.060 GB, temp_buffer_size=0.558 GB, available_memory=64.000 GB, comm_cost=0.972)
Using pre computed peak Mem for (5, 8, 3, 1), module 1
result[(5, 8, 3, 1), 1] = ModuleProfileResult(compute_cost=908.287, peak_memory=9.800 GB, invar_size=7.748 GB, outvar_size=1.782 GB, temp_buffer_size=1.958 GB, available_memory=64.000 GB, comm_cost=0.696)
Using pre computed peak Mem for (5, 9, 3, 0), module 0
result[(5, 9, 3, 0), 0] = ModuleProfileResult(compute_cost=1551.183, peak_memory=10.500 GB, invar_size=2.204 GB, outvar_size=7.572 GB, temp_buffer_size=0.724 GB, available_memory=64.000 GB, comm_cost=1.215)
Using pre computed peak Mem for (5, 9, 3, 0), module 1
result[(5, 9, 3, 0), 1] = ModuleProfileResult(compute_cost=1135.852, peak_memory=12.250 GB, invar_size=9.682 GB, outvar_size=2.204 GB, temp_buffer_size=2.474 GB, available_memory=64.000 GB, comm_cost=1.368)
Using pre computed peak Mem for (5, 9, 3, 1), module 0
result[(5, 9, 3, 1), 0] = ModuleProfileResult(compute_cost=1551.183, peak_memory=10.500 GB, invar_size=2.204 GB, outvar_size=7.490 GB, temp_buffer_size=0.806 GB, available_memory=64.000 GB, comm_cost=1.215)
Using pre computed peak Mem for (5, 9, 3, 1), module 1
result[(5, 9, 3, 1), 1] = ModuleProfileResult(compute_cost=1135.658, peak_memory=12.250 GB, invar_size=9.600 GB, outvar_size=2.204 GB, temp_buffer_size=2.556 GB, available_memory=64.000 GB, comm_cost=1.170)
Using pre computed peak Mem for (5, 10, 3, 0), module 0
result[(5, 10, 3, 0), 0] = ModuleProfileResult(compute_cost=1861.413, peak_memory=12.600 GB, invar_size=2.626 GB, outvar_size=9.083 GB, temp_buffer_size=0.890 GB, available_memory=64.000 GB, comm_cost=1.458)
Using pre computed peak Mem for (5, 10, 3, 0), module 1
result[(5, 10, 3, 0), 1] = ModuleProfileResult(compute_cost=1363.023, peak_memory=14.700 GB, invar_size=11.616 GB, outvar_size=2.626 GB, temp_buffer_size=2.990 GB, available_memory=64.000 GB, comm_cost=1.642)
Using pre computed peak Mem for (5, 10, 3, 1), module 0
result[(5, 10, 3, 1), 0] = ModuleProfileResult(compute_cost=1861.413, peak_memory=12.600 GB, invar_size=2.626 GB, outvar_size=9.083 GB, temp_buffer_size=0.890 GB, available_memory=64.000 GB, comm_cost=1.458)
Using pre computed peak Mem for (5, 10, 3, 1), module 1
result[(5, 10, 3, 1), 1] = ModuleProfileResult(compute_cost=1362.631, peak_memory=14.700 GB, invar_size=11.616 GB, outvar_size=2.626 GB, temp_buffer_size=2.990 GB, available_memory=64.000 GB, comm_cost=1.244)
Using pre computed peak Mem for (5, 11, 3, 0), module 0
result[(5, 11, 3, 0), 0] = ModuleProfileResult(compute_cost=1897.667, peak_memory=14.700 GB, invar_size=3.051 GB, outvar_size=10.212 GB, temp_buffer_size=1.437 GB, available_memory=64.000 GB, comm_cost=1.479)
Using pre computed peak Mem for (5, 11, 3, 0), module 1
result[(5, 11, 3, 0), 1] = ModuleProfileResult(compute_cost=5562.961, peak_memory=17.150 GB, invar_size=13.170 GB, outvar_size=3.051 GB, temp_buffer_size=3.887 GB, available_memory=64.000 GB, comm_cost=1.864)
Using pre computed peak Mem for (5, 11, 3, 1), module 0
result[(5, 11, 3, 1), 0] = ModuleProfileResult(compute_cost=1897.667, peak_memory=14.700 GB, invar_size=3.051 GB, outvar_size=10.130 GB, temp_buffer_size=1.519 GB, available_memory=64.000 GB, comm_cost=1.479)
Using pre computed peak Mem for (5, 11, 3, 1), module 1
result[(5, 11, 3, 1), 1] = ModuleProfileResult(compute_cost=5562.569, peak_memory=17.150 GB, invar_size=13.087 GB, outvar_size=3.051 GB, temp_buffer_size=3.969 GB, available_memory=64.000 GB, comm_cost=1.466)
Using pre computed peak Mem for (6, 6, 3, 0), module 0
result[(6, 6, 3, 0), 0] = ModuleProfileResult(compute_cost=310.262, peak_memory=2.100 GB, invar_size=0.516 GB, outvar_size=1.606 GB, temp_buffer_size=-0.022 GB, available_memory=64.000 GB, comm_cost=0.243)
Using pre computed peak Mem for (6, 6, 3, 0), module 1
result[(6, 6, 3, 0), 1] = ModuleProfileResult(compute_cost=227.170, peak_memory=2.450 GB, invar_size=2.028 GB, outvar_size=0.516 GB, temp_buffer_size=0.328 GB, available_memory=64.000 GB, comm_cost=0.274)
Using pre computed peak Mem for (6, 6, 3, 1), module 0
result[(6, 6, 3, 1), 0] = ModuleProfileResult(compute_cost=310.262, peak_memory=2.100 GB, invar_size=0.516 GB, outvar_size=1.647 GB, temp_buffer_size=-0.063 GB, available_memory=64.000 GB, comm_cost=0.243)
result[(6, 6, 3, 1), 1] = ModuleProfileResult(compute_cost=226.973, peak_memory=2.450 GB, invar_size=2.069 GB, outvar_size=0.516 GB, temp_buffer_size=0.287 GB, available_memory=64.000 GB, comm_cost=0.074)
Using pre computed peak Mem for (6, 7, 3, 0), module 0
result[(6, 7, 3, 0), 0] = ModuleProfileResult(compute_cost=620.492, peak_memory=4.200 GB, invar_size=0.938 GB, outvar_size=2.995 GB, temp_buffer_size=0.267 GB, available_memory=64.000 GB, comm_cost=0.486)
Using pre computed peak Mem for (6, 7, 3, 0), module 1
result[(6, 7, 3, 0), 1] = ModuleProfileResult(compute_cost=454.341, peak_memory=4.900 GB, invar_size=3.839 GB, outvar_size=0.938 GB, temp_buffer_size=0.967 GB, available_memory=64.000 GB, comm_cost=0.547)
Using pre computed peak Mem for (6, 7, 3, 1), module 0
result[(6, 7, 3, 1), 0] = ModuleProfileResult(compute_cost=620.492, peak_memory=4.200 GB, invar_size=0.938 GB, outvar_size=3.036 GB, temp_buffer_size=0.226 GB, available_memory=64.000 GB, comm_cost=0.486)
Using pre computed peak Mem for (6, 7, 3, 1), module 1
result[(6, 7, 3, 1), 1] = ModuleProfileResult(compute_cost=454.342, peak_memory=4.900 GB, invar_size=3.880 GB, outvar_size=0.938 GB, temp_buffer_size=0.926 GB, available_memory=64.000 GB, comm_cost=0.548)
Using pre computed peak Mem for (6, 8, 3, 0), module 0
result[(6, 8, 3, 0), 0] = ModuleProfileResult(compute_cost=930.722, peak_memory=6.300 GB, invar_size=1.360 GB, outvar_size=4.507 GB, temp_buffer_size=0.433 GB, available_memory=64.000 GB, comm_cost=0.729)
Using pre computed peak Mem for (6, 8, 3, 0), module 1
result[(6, 8, 3, 0), 1] = ModuleProfileResult(compute_cost=681.511, peak_memory=7.350 GB, invar_size=5.773 GB, outvar_size=1.360 GB, temp_buffer_size=1.483 GB, available_memory=64.000 GB, comm_cost=0.821)
Using pre computed peak Mem for (6, 8, 3, 1), module 0
result[(6, 8, 3, 1), 0] = ModuleProfileResult(compute_cost=930.722, peak_memory=6.300 GB, invar_size=1.360 GB, outvar_size=4.589 GB, temp_buffer_size=0.351 GB, available_memory=64.000 GB, comm_cost=0.729)
Using pre computed peak Mem for (6, 8, 3, 1), module 1
result[(6, 8, 3, 1), 1] = ModuleProfileResult(compute_cost=681.514, peak_memory=7.350 GB, invar_size=5.855 GB, outvar_size=1.360 GB, temp_buffer_size=1.401 GB, available_memory=64.000 GB, comm_cost=0.822)
Using pre computed peak Mem for (6, 9, 3, 0), module 0
result[(6, 9, 3, 0), 0] = ModuleProfileResult(compute_cost=1240.953, peak_memory=8.400 GB, invar_size=1.782 GB, outvar_size=5.978 GB, temp_buffer_size=0.640 GB, available_memory=64.000 GB, comm_cost=0.972)
Using pre computed peak Mem for (6, 9, 3, 0), module 1
result[(6, 9, 3, 0), 1] = ModuleProfileResult(compute_cost=908.682, peak_memory=9.800 GB, invar_size=7.666 GB, outvar_size=1.782 GB, temp_buffer_size=2.040 GB, available_memory=64.000 GB, comm_cost=1.095)
Using pre computed peak Mem for (6, 9, 3, 1), module 0
result[(6, 9, 3, 1), 0] = ModuleProfileResult(compute_cost=1240.953, peak_memory=8.400 GB, invar_size=1.782 GB, outvar_size=6.101 GB, temp_buffer_size=0.517 GB, available_memory=64.000 GB, comm_cost=0.972)
result[(6, 9, 3, 1), 1] = ModuleProfileResult(compute_cost=907.891, peak_memory=8.768 GB, invar_size=7.789 GB, outvar_size=1.782 GB, temp_buffer_size=0.885 GB, available_memory=64.000 GB, comm_cost=0.296)
Using pre computed peak Mem for (6, 10, 3, 0), module 0
result[(6, 10, 3, 0), 0] = ModuleProfileResult(compute_cost=1551.183, peak_memory=10.500 GB, invar_size=2.204 GB, outvar_size=7.448 GB, temp_buffer_size=0.847 GB, available_memory=64.000 GB, comm_cost=1.215)
Using pre computed peak Mem for (6, 10, 3, 0), module 1
result[(6, 10, 3, 0), 1] = ModuleProfileResult(compute_cost=1135.852, peak_memory=12.250 GB, invar_size=9.559 GB, outvar_size=2.204 GB, temp_buffer_size=2.597 GB, available_memory=64.000 GB, comm_cost=1.368)
Using pre computed peak Mem for (6, 10, 3, 1), module 0
result[(6, 10, 3, 1), 0] = ModuleProfileResult(compute_cost=1551.183, peak_memory=10.500 GB, invar_size=2.204 GB, outvar_size=7.572 GB, temp_buffer_size=0.724 GB, available_memory=64.000 GB, comm_cost=1.215)
Using pre computed peak Mem for (6, 10, 3, 1), module 1
result[(6, 10, 3, 1), 1] = ModuleProfileResult(compute_cost=1135.459, peak_memory=12.250 GB, invar_size=9.682 GB, outvar_size=2.204 GB, temp_buffer_size=2.474 GB, available_memory=64.000 GB, comm_cost=0.970)
Using pre computed peak Mem for (6, 11, 3, 0), module 0
result[(6, 11, 3, 0), 0] = ModuleProfileResult(compute_cost=1587.437, peak_memory=12.600 GB, invar_size=2.629 GB, outvar_size=8.536 GB, temp_buffer_size=1.435 GB, available_memory=64.000 GB, comm_cost=1.236)
Using pre computed peak Mem for (6, 11, 3, 0), module 1
result[(6, 11, 3, 0), 1] = ModuleProfileResult(compute_cost=5335.790, peak_memory=14.700 GB, invar_size=11.071 GB, outvar_size=2.629 GB, temp_buffer_size=3.535 GB, available_memory=64.000 GB, comm_cost=1.591)
Using pre computed peak Mem for (6, 11, 3, 1), module 0
result[(6, 11, 3, 1), 0] = ModuleProfileResult(compute_cost=1587.437, peak_memory=12.600 GB, invar_size=2.629 GB, outvar_size=8.905 GB, temp_buffer_size=1.066 GB, available_memory=64.000 GB, comm_cost=1.236)
Using pre computed peak Mem for (6, 11, 3, 1), module 1
result[(6, 11, 3, 1), 1] = ModuleProfileResult(compute_cost=5335.398, peak_memory=14.700 GB, invar_size=11.441 GB, outvar_size=2.629 GB, temp_buffer_size=3.166 GB, available_memory=64.000 GB, comm_cost=1.192)
Using pre computed peak Mem for (7, 7, 3, 0), module 0
result[(7, 7, 3, 0), 0] = ModuleProfileResult(compute_cost=310.262, peak_memory=2.100 GB, invar_size=0.516 GB, outvar_size=1.647 GB, temp_buffer_size=-0.063 GB, available_memory=64.000 GB, comm_cost=0.243)
Using pre computed peak Mem for (7, 7, 3, 0), module 1
result[(7, 7, 3, 0), 1] = ModuleProfileResult(compute_cost=227.170, peak_memory=2.450 GB, invar_size=2.069 GB, outvar_size=0.516 GB, temp_buffer_size=0.287 GB, available_memory=64.000 GB, comm_cost=0.274)
Using pre computed peak Mem for (7, 7, 3, 1), module 0
result[(7, 7, 3, 1), 0] = ModuleProfileResult(compute_cost=310.262, peak_memory=2.100 GB, invar_size=0.516 GB, outvar_size=1.647 GB, temp_buffer_size=-0.063 GB, available_memory=64.000 GB, comm_cost=0.243)
result[(7, 7, 3, 1), 1] = ModuleProfileResult(compute_cost=226.973, peak_memory=2.450 GB, invar_size=2.069 GB, outvar_size=0.516 GB, temp_buffer_size=0.287 GB, available_memory=64.000 GB, comm_cost=0.074)
Using pre computed peak Mem for (7, 8, 3, 0), module 0
result[(7, 8, 3, 0), 0] = ModuleProfileResult(compute_cost=620.492, peak_memory=4.200 GB, invar_size=0.938 GB, outvar_size=3.077 GB, temp_buffer_size=0.185 GB, available_memory=64.000 GB, comm_cost=0.486)
Using pre computed peak Mem for (7, 8, 3, 0), module 1
result[(7, 8, 3, 0), 1] = ModuleProfileResult(compute_cost=454.341, peak_memory=4.900 GB, invar_size=3.921 GB, outvar_size=0.938 GB, temp_buffer_size=0.885 GB, available_memory=64.000 GB, comm_cost=0.547)
Using pre computed peak Mem for (7, 8, 3, 1), module 0
result[(7, 8, 3, 1), 0] = ModuleProfileResult(compute_cost=620.492, peak_memory=4.200 GB, invar_size=0.938 GB, outvar_size=3.118 GB, temp_buffer_size=0.144 GB, available_memory=64.000 GB, comm_cost=0.486)
Using pre computed peak Mem for (7, 8, 3, 1), module 1
result[(7, 8, 3, 1), 1] = ModuleProfileResult(compute_cost=454.144, peak_memory=4.900 GB, invar_size=3.962 GB, outvar_size=0.938 GB, temp_buffer_size=0.844 GB, available_memory=64.000 GB, comm_cost=0.348)
Using pre computed peak Mem for (7, 9, 3, 0), module 0
result[(7, 9, 3, 0), 0] = ModuleProfileResult(compute_cost=930.722, peak_memory=6.300 GB, invar_size=1.360 GB, outvar_size=4.589 GB, temp_buffer_size=0.351 GB, available_memory=64.000 GB, comm_cost=0.729)
Using pre computed peak Mem for (7, 9, 3, 0), module 1
result[(7, 9, 3, 0), 1] = ModuleProfileResult(compute_cost=681.511, peak_memory=7.350 GB, invar_size=5.855 GB, outvar_size=1.360 GB, temp_buffer_size=1.401 GB, available_memory=64.000 GB, comm_cost=0.821)
Using pre computed peak Mem for (7, 9, 3, 1), module 0
result[(7, 9, 3, 1), 0] = ModuleProfileResult(compute_cost=930.722, peak_memory=6.300 GB, invar_size=1.360 GB, outvar_size=4.671 GB, temp_buffer_size=0.269 GB, available_memory=64.000 GB, comm_cost=0.729)
Using pre computed peak Mem for (7, 9, 3, 1), module 1
result[(7, 9, 3, 1), 1] = ModuleProfileResult(compute_cost=681.118, peak_memory=7.350 GB, invar_size=5.937 GB, outvar_size=1.360 GB, temp_buffer_size=1.319 GB, available_memory=64.000 GB, comm_cost=0.422)
Using pre computed peak Mem for (7, 10, 3, 0), module 0
result[(7, 10, 3, 0), 0] = ModuleProfileResult(compute_cost=1240.953, peak_memory=8.400 GB, invar_size=1.782 GB, outvar_size=6.060 GB, temp_buffer_size=0.558 GB, available_memory=64.000 GB, comm_cost=0.972)
Using pre computed peak Mem for (7, 10, 3, 0), module 1
result[(7, 10, 3, 0), 1] = ModuleProfileResult(compute_cost=908.682, peak_memory=9.800 GB, invar_size=7.748 GB, outvar_size=1.782 GB, temp_buffer_size=1.958 GB, available_memory=64.000 GB, comm_cost=1.095)
Using pre computed peak Mem for (7, 10, 3, 1), module 0
result[(7, 10, 3, 1), 0] = ModuleProfileResult(compute_cost=1240.953, peak_memory=8.400 GB, invar_size=1.782 GB, outvar_size=6.142 GB, temp_buffer_size=0.476 GB, available_memory=64.000 GB, comm_cost=0.972)
result[(7, 10, 3, 1), 1] = ModuleProfileResult(compute_cost=907.889, peak_memory=8.809 GB, invar_size=7.830 GB, outvar_size=1.782 GB, temp_buffer_size=0.885 GB, available_memory=64.000 GB, comm_cost=0.296)
Using pre computed peak Mem for (7, 11, 3, 0), module 0
result[(7, 11, 3, 0), 0] = ModuleProfileResult(compute_cost=1277.206, peak_memory=10.500 GB, invar_size=2.207 GB, outvar_size=7.147 GB, temp_buffer_size=1.146 GB, available_memory=64.000 GB, comm_cost=0.993)
Using pre computed peak Mem for (7, 11, 3, 0), module 1
result[(7, 11, 3, 0), 1] = ModuleProfileResult(compute_cost=5108.620, peak_memory=12.250 GB, invar_size=9.260 GB, outvar_size=2.207 GB, temp_buffer_size=2.896 GB, available_memory=64.000 GB, comm_cost=1.317)
Using pre computed peak Mem for (7, 11, 3, 1), module 0
result[(7, 11, 3, 1), 0] = ModuleProfileResult(compute_cost=1277.206, peak_memory=10.500 GB, invar_size=2.207 GB, outvar_size=7.106 GB, temp_buffer_size=1.187 GB, available_memory=64.000 GB, comm_cost=0.993)
Using pre computed peak Mem for (7, 11, 3, 1), module 1
result[(7, 11, 3, 1), 1] = ModuleProfileResult(compute_cost=5108.624, peak_memory=12.250 GB, invar_size=9.219 GB, outvar_size=2.207 GB, temp_buffer_size=2.937 GB, available_memory=64.000 GB, comm_cost=1.318)
Using pre computed peak Mem for (8, 8, 3, 0), module 0
result[(8, 8, 3, 0), 0] = ModuleProfileResult(compute_cost=310.262, peak_memory=2.100 GB, invar_size=0.516 GB, outvar_size=1.606 GB, temp_buffer_size=-0.022 GB, available_memory=64.000 GB, comm_cost=0.243)
Using pre computed peak Mem for (8, 8, 3, 0), module 1
result[(8, 8, 3, 0), 1] = ModuleProfileResult(compute_cost=227.170, peak_memory=2.450 GB, invar_size=2.028 GB, outvar_size=0.516 GB, temp_buffer_size=0.328 GB, available_memory=64.000 GB, comm_cost=0.274)
Using pre computed peak Mem for (8, 8, 3, 1), module 0
result[(8, 8, 3, 1), 0] = ModuleProfileResult(compute_cost=310.262, peak_memory=2.100 GB, invar_size=0.516 GB, outvar_size=1.647 GB, temp_buffer_size=-0.063 GB, available_memory=64.000 GB, comm_cost=0.243)
result[(8, 8, 3, 1), 1] = ModuleProfileResult(compute_cost=226.973, peak_memory=2.450 GB, invar_size=2.069 GB, outvar_size=0.516 GB, temp_buffer_size=0.287 GB, available_memory=64.000 GB, comm_cost=0.074)
Using pre computed peak Mem for (8, 9, 3, 0), module 0
result[(8, 9, 3, 0), 0] = ModuleProfileResult(compute_cost=620.492, peak_memory=4.200 GB, invar_size=0.938 GB, outvar_size=3.077 GB, temp_buffer_size=0.185 GB, available_memory=64.000 GB, comm_cost=0.486)
Using pre computed peak Mem for (8, 9, 3, 0), module 1
result[(8, 9, 3, 0), 1] = ModuleProfileResult(compute_cost=454.341, peak_memory=4.900 GB, invar_size=3.921 GB, outvar_size=0.938 GB, temp_buffer_size=0.885 GB, available_memory=64.000 GB, comm_cost=0.547)
Using pre computed peak Mem for (8, 9, 3, 1), module 0
result[(8, 9, 3, 1), 0] = ModuleProfileResult(compute_cost=620.492, peak_memory=4.200 GB, invar_size=0.938 GB, outvar_size=3.118 GB, temp_buffer_size=0.144 GB, available_memory=64.000 GB, comm_cost=0.486)
Using pre computed peak Mem for (8, 9, 3, 1), module 1
result[(8, 9, 3, 1), 1] = ModuleProfileResult(compute_cost=454.145, peak_memory=4.900 GB, invar_size=3.962 GB, outvar_size=0.938 GB, temp_buffer_size=0.844 GB, available_memory=64.000 GB, comm_cost=0.348)
Using pre computed peak Mem for (8, 10, 3, 0), module 0
result[(8, 10, 3, 0), 0] = ModuleProfileResult(compute_cost=930.722, peak_memory=6.300 GB, invar_size=1.360 GB, outvar_size=4.466 GB, temp_buffer_size=0.474 GB, available_memory=64.000 GB, comm_cost=0.729)
Using pre computed peak Mem for (8, 10, 3, 0), module 1
result[(8, 10, 3, 0), 1] = ModuleProfileResult(compute_cost=681.511, peak_memory=7.350 GB, invar_size=5.732 GB, outvar_size=1.360 GB, temp_buffer_size=1.524 GB, available_memory=64.000 GB, comm_cost=0.821)
Using pre computed peak Mem for (8, 10, 3, 1), module 0
result[(8, 10, 3, 1), 0] = ModuleProfileResult(compute_cost=930.722, peak_memory=6.300 GB, invar_size=1.360 GB, outvar_size=4.507 GB, temp_buffer_size=0.433 GB, available_memory=64.000 GB, comm_cost=0.729)
Using pre computed peak Mem for (8, 10, 3, 1), module 1
result[(8, 10, 3, 1), 1] = ModuleProfileResult(compute_cost=681.513, peak_memory=7.350 GB, invar_size=5.773 GB, outvar_size=1.360 GB, temp_buffer_size=1.483 GB, available_memory=64.000 GB, comm_cost=0.821)
Using pre computed peak Mem for (8, 11, 3, 0), module 0
result[(8, 11, 3, 0), 0] = ModuleProfileResult(compute_cost=966.976, peak_memory=8.400 GB, invar_size=1.785 GB, outvar_size=5.717 GB, temp_buffer_size=0.898 GB, available_memory=64.000 GB, comm_cost=0.750)
Using pre computed peak Mem for (8, 11, 3, 0), module 1
result[(8, 11, 3, 0), 1] = ModuleProfileResult(compute_cost=4881.449, peak_memory=9.800 GB, invar_size=7.408 GB, outvar_size=1.785 GB, temp_buffer_size=2.298 GB, available_memory=64.000 GB, comm_cost=1.043)
Using pre computed peak Mem for (8, 11, 3, 1), module 0
result[(8, 11, 3, 1), 0] = ModuleProfileResult(compute_cost=966.976, peak_memory=8.400 GB, invar_size=1.785 GB, outvar_size=5.840 GB, temp_buffer_size=0.775 GB, available_memory=64.000 GB, comm_cost=0.750)
Using pre computed peak Mem for (8, 11, 3, 1), module 1
result[(8, 11, 3, 1), 1] = ModuleProfileResult(compute_cost=4881.255, peak_memory=9.800 GB, invar_size=7.531 GB, outvar_size=1.785 GB, temp_buffer_size=2.175 GB, available_memory=64.000 GB, comm_cost=0.845)
Using pre computed peak Mem for (9, 9, 3, 0), module 0
result[(9, 9, 3, 0), 0] = ModuleProfileResult(compute_cost=310.262, peak_memory=2.100 GB, invar_size=0.516 GB, outvar_size=1.565 GB, temp_buffer_size=0.019 GB, available_memory=64.000 GB, comm_cost=0.243)
Using pre computed peak Mem for (9, 9, 3, 0), module 1
result[(9, 9, 3, 0), 1] = ModuleProfileResult(compute_cost=227.170, peak_memory=2.450 GB, invar_size=1.987 GB, outvar_size=0.516 GB, temp_buffer_size=0.369 GB, available_memory=64.000 GB, comm_cost=0.274)
Using pre computed peak Mem for (9, 9, 3, 1), module 0
result[(9, 9, 3, 1), 0] = ModuleProfileResult(compute_cost=310.262, peak_memory=2.100 GB, invar_size=0.516 GB, outvar_size=1.647 GB, temp_buffer_size=-0.063 GB, available_memory=64.000 GB, comm_cost=0.243)
result[(9, 9, 3, 1), 1] = ModuleProfileResult(compute_cost=226.973, peak_memory=2.450 GB, invar_size=2.069 GB, outvar_size=0.516 GB, temp_buffer_size=0.287 GB, available_memory=64.000 GB, comm_cost=0.074)
Using pre computed peak Mem for (9, 10, 3, 0), module 0
result[(9, 10, 3, 0), 0] = ModuleProfileResult(compute_cost=620.492, peak_memory=4.200 GB, invar_size=0.938 GB, outvar_size=3.118 GB, temp_buffer_size=0.144 GB, available_memory=64.000 GB, comm_cost=0.486)
Using pre computed peak Mem for (9, 10, 3, 0), module 1
result[(9, 10, 3, 0), 1] = ModuleProfileResult(compute_cost=454.341, peak_memory=4.900 GB, invar_size=3.962 GB, outvar_size=0.938 GB, temp_buffer_size=0.844 GB, available_memory=64.000 GB, comm_cost=0.547)
Using pre computed peak Mem for (9, 10, 3, 1), module 0
result[(9, 10, 3, 1), 0] = ModuleProfileResult(compute_cost=620.492, peak_memory=4.200 GB, invar_size=0.938 GB, outvar_size=3.036 GB, temp_buffer_size=0.226 GB, available_memory=64.000 GB, comm_cost=0.486)
Using pre computed peak Mem for (9, 10, 3, 1), module 1
result[(9, 10, 3, 1), 1] = ModuleProfileResult(compute_cost=454.341, peak_memory=4.900 GB, invar_size=3.880 GB, outvar_size=0.938 GB, temp_buffer_size=0.926 GB, available_memory=64.000 GB, comm_cost=0.547)
Using pre computed peak Mem for (9, 11, 3, 0), module 0
result[(9, 11, 3, 0), 0] = ModuleProfileResult(compute_cost=656.746, peak_memory=6.300 GB, invar_size=1.363 GB, outvar_size=4.164 GB, temp_buffer_size=0.773 GB, available_memory=64.000 GB, comm_cost=0.507)
Using pre computed peak Mem for (9, 11, 3, 0), module 1
result[(9, 11, 3, 0), 1] = ModuleProfileResult(compute_cost=4654.279, peak_memory=7.350 GB, invar_size=5.433 GB, outvar_size=1.363 GB, temp_buffer_size=1.823 GB, available_memory=64.000 GB, comm_cost=0.770)
Using pre computed peak Mem for (9, 11, 3, 1), module 0
result[(9, 11, 3, 1), 0] = ModuleProfileResult(compute_cost=656.746, peak_memory=6.300 GB, invar_size=1.363 GB, outvar_size=4.205 GB, temp_buffer_size=0.732 GB, available_memory=64.000 GB, comm_cost=0.507)
Using pre computed peak Mem for (9, 11, 3, 1), module 1
result[(9, 11, 3, 1), 1] = ModuleProfileResult(compute_cost=4654.080, peak_memory=7.350 GB, invar_size=5.474 GB, outvar_size=1.363 GB, temp_buffer_size=1.782 GB, available_memory=64.000 GB, comm_cost=0.570)
Using pre computed peak Mem for (10, 10, 3, 0), module 0
result[(10, 10, 3, 0), 0] = ModuleProfileResult(compute_cost=310.262, peak_memory=2.100 GB, invar_size=0.516 GB, outvar_size=1.606 GB, temp_buffer_size=-0.022 GB, available_memory=64.000 GB, comm_cost=0.243)
Using pre computed peak Mem for (10, 10, 3, 0), module 1
result[(10, 10, 3, 0), 1] = ModuleProfileResult(compute_cost=227.170, peak_memory=2.450 GB, invar_size=2.028 GB, outvar_size=0.516 GB, temp_buffer_size=0.328 GB, available_memory=64.000 GB, comm_cost=0.274)
Using pre computed peak Mem for (10, 10, 3, 1), module 0
result[(10, 10, 3, 1), 0] = ModuleProfileResult(compute_cost=310.262, peak_memory=2.100 GB, invar_size=0.516 GB, outvar_size=1.647 GB, temp_buffer_size=-0.063 GB, available_memory=64.000 GB, comm_cost=0.243)
result[(10, 10, 3, 1), 1] = ModuleProfileResult(compute_cost=226.973, peak_memory=2.450 GB, invar_size=2.069 GB, outvar_size=0.516 GB, temp_buffer_size=0.287 GB, available_memory=64.000 GB, comm_cost=0.074)
Using pre computed peak Mem for (10, 11, 3, 0), module 0
result[(10, 11, 3, 0), 0] = ModuleProfileResult(compute_cost=346.515, peak_memory=4.200 GB, invar_size=0.941 GB, outvar_size=2.734 GB, temp_buffer_size=0.525 GB, available_memory=64.000 GB, comm_cost=0.264)
Using pre computed peak Mem for (10, 11, 3, 0), module 1
result[(10, 11, 3, 0), 1] = ModuleProfileResult(compute_cost=4427.108, peak_memory=4.900 GB, invar_size=3.581 GB, outvar_size=0.941 GB, temp_buffer_size=1.225 GB, available_memory=64.000 GB, comm_cost=0.496)
Using pre computed peak Mem for (10, 11, 3, 1), module 0
result[(10, 11, 3, 1), 0] = ModuleProfileResult(compute_cost=346.515, peak_memory=4.200 GB, invar_size=0.941 GB, outvar_size=2.652 GB, temp_buffer_size=0.607 GB, available_memory=64.000 GB, comm_cost=0.264)
Using pre computed peak Mem for (10, 11, 3, 1), module 1
result[(10, 11, 3, 1), 1] = ModuleProfileResult(compute_cost=4427.108, peak_memory=4.900 GB, invar_size=3.499 GB, outvar_size=0.941 GB, temp_buffer_size=1.307 GB, available_memory=64.000 GB, comm_cost=0.496)
result[(11, 11, 3, 0), 0] = ModuleProfileResult(compute_cost=36.254, peak_memory=1.741 GB, invar_size=0.519 GB, outvar_size=1.222 GB, temp_buffer_size=0.000 GB, available_memory=64.000 GB, comm_cost=0.021)
Using pre computed peak Mem for (11, 11, 3, 0), module 1
result[(11, 11, 3, 0), 1] = ModuleProfileResult(compute_cost=4199.938, peak_memory=2.450 GB, invar_size=1.647 GB, outvar_size=0.519 GB, temp_buffer_size=0.709 GB, available_memory=64.000 GB, comm_cost=0.222)
result[(11, 11, 3, 1), 0] = ModuleProfileResult(compute_cost=36.254, peak_memory=1.741 GB, invar_size=0.519 GB, outvar_size=1.222 GB, temp_buffer_size=0.000 GB, available_memory=64.000 GB, comm_cost=0.021)
Using pre computed peak Mem for (11, 11, 3, 1), module 1
result[(11, 11, 3, 1), 1] = ModuleProfileResult(compute_cost=4199.938, peak_memory=2.450 GB, invar_size=1.647 GB, outvar_size=0.519 GB, temp_buffer_size=0.709 GB, available_memory=64.000 GB, comm_cost=0.222)
Profiling for submesh 3 (1, 8) takes 587.85 seconds
--------------------------------------------------
- Profiling for submesh 2 (1, 4):
- Generate all stage infos (Jaxpr -> HLO)
- Compile all stages, get estimations
num of workers:12
[2m[36m(CompileWorker pid=3594365)[0m compiled for stage:0 name: stage_0_0_acc_grad_0 module id: 0
[2m[36m(CompileWorker pid=3594364)[0m compiled for stage:1 name: stage_0_0_acc_grad_0 module id: 0
[2m[36m(CompileWorker pid=3594363)[0m compiled for stage:2 name: stage_0_1_acc_grad_0 module id: 0
[2m[36m(CompileWorker pid=3594362)[0m compiled for stage:3 name: stage_0_1_acc_grad_0 module id: 0
[2m[36m(CompileWorker pid=3594361)[0m compiled for stage:4 name: stage_0_2_acc_grad_0 module id: 0
[2m[36m(CompileWorker pid=3594364)[0m  tensor (Large latency) dimensions: (1, 2048, 12288, 50257, 1, 1, 1, 1, 1, 1, 0, 0, 'CONV', 1, 1, 0, 0),  latency: 722.1379657142858
[2m[36m(CompileWorker pid=3594363)[0m  tensor (Large latency) dimensions: (1, 2048, 12288, 50257, 1, 1, 1, 1, 1, 1, 0, 0, 'CONV', 1, 1, 0, 0),  latency: 722.1379657142858
[2m[36m(CompileWorker pid=3594365)[0m  tensor (Large latency) dimensions: (1, 2048, 12288, 50257, 1, 1, 1, 1, 1, 1, 0, 0, 'CONV', 1, 1, 0, 0),  latency: 722.1379657142858
[2m[36m(CompileWorker pid=3594362)[0m  tensor (Large latency) dimensions: (1, 2048, 12288, 50257, 1, 1, 1, 1, 1, 1, 0, 0, 'CONV', 1, 1, 0, 0),  latency: 722.1379657142858
[2m[36m(CompileWorker pid=3594360)[0m compiled for stage:5 name: stage_0_2_acc_grad_0 module id: 0
[2m[36m(CompileWorker pid=3594359)[0m compiled for stage:6 name: stage_0_3_acc_grad_0 module id: 0
[2m[36m(CompileWorker pid=3594361)[0m  tensor (Large latency) dimensions: (1, 2048, 12288, 50257, 1, 1, 1, 1, 1, 1, 0, 0, 'CONV', 1, 1, 0, 0),  latency: 722.1379657142858
[2m[36m(CompileWorker pid=3594357)[0m compiled for stage:8 name: stage_0_4_acc_grad_0 module id: 0
[2m[36m(CompileWorker pid=3594358)[0m compiled for stage:7 name: stage_0_3_acc_grad_0 module id: 0
[2m[36m(CompileWorker pid=3594360)[0m  tensor (Large latency) dimensions: (1, 2048, 12288, 50257, 1, 1, 1, 1, 1, 1, 0, 0, 'CONV', 1, 1, 0, 0),  latency: 722.1379657142858
[2m[36m(CompileWorker pid=3594359)[0m  tensor (Large latency) dimensions: (1, 2048, 12288, 50257, 1, 1, 1, 1, 1, 1, 0, 0, 'CONV', 1, 1, 0, 0),  latency: 722.1379657142858
[2m[36m(CompileWorker pid=3594355)[0m compiled for stage:10 name: stage_0_5_acc_grad_0 module id: 0
[2m[36m(CompileWorker pid=3594357)[0m  tensor (Large latency) dimensions: (1, 2048, 12288, 50257, 1, 1, 1, 1, 1, 1, 0, 0, 'CONV', 1, 1, 0, 0),  latency: 722.1379657142858
[2m[36m(CompileWorker pid=3594356)[0m compiled for stage:9 name: stage_0_4_acc_grad_0 module id: 0
[2m[36m(CompileWorker pid=3594358)[0m  tensor (Large latency) dimensions: (1, 2048, 12288, 50257, 1, 1, 1, 1, 1, 1, 0, 0, 'CONV', 1, 1, 0, 0),  latency: 722.1379657142858
[2m[36m(CompileWorker pid=3594355)[0m  tensor (Large latency) dimensions: (1, 2048, 12288, 50257, 1, 1, 1, 1, 1, 1, 0, 0, 'CONV', 1, 1, 0, 0),  latency: 722.1379657142858
[2m[36m(CompileWorker pid=3594354)[0m compiled for stage:11 name: stage_0_5_acc_grad_0 module id: 0
[2m[36m(CompileWorker pid=3594356)[0m  tensor (Large latency) dimensions: (1, 2048, 12288, 50257, 1, 1, 1, 1, 1, 1, 0, 0, 'CONV', 1, 1, 0, 0),  latency: 722.1379657142858
[2m[36m(CompileWorker pid=3594364)[0m  tensor (Large latency) dimensions: (1, 2048, 36864, 36864, 1, 1, 1, 1, 1, 1, 0, 0, 'CONV', 1, 1, 0, 0),  latency: 241.54697142857142
[2m[36m(CompileWorker pid=3594362)[0m  tensor (Large latency) dimensions: (1, 512, 36864, 36864, 1, 1, 1, 1, 1, 1, 0, 0, 'CONV', 1, 1, 0, 0),  latency: 60.386742857142856
[2m[36m(CompileWorker pid=3594365)[0m  tensor (Large latency) dimensions: (1, 2048, 36864, 36864, 1, 1, 1, 1, 1, 1, 0, 0, 'CONV', 1, 1, 0, 0),  latency: 241.54697142857142
[2m[36m(CompileWorker pid=3594363)[0m  tensor (Large latency) dimensions: (1, 2048, 36864, 36864, 1, 1, 1, 1, 1, 1, 0, 0, 'CONV', 1, 1, 0, 0),  latency: 241.54697142857142
[2m[36m(CompileWorker pid=3594354)[0m  tensor (Large latency) dimensions: (1, 2048, 12288, 50257, 1, 1, 1, 1, 1, 1, 0, 0, 'CONV', 1, 1, 0, 0),  latency: 722.1379657142858
[2m[36m(CompileWorker pid=3594361)[0m  tensor (Large latency) dimensions: (1, 2048, 36864, 36864, 1, 1, 1, 1, 1, 1, 0, 0, 'CONV', 1, 1, 0, 0),  latency: 241.54697142857142
[2m[36m(CompileWorker pid=3594360)[0m  tensor (Large latency) dimensions: (1, 2048, 36864, 36864, 1, 1, 1, 1, 1, 1, 0, 0, 'CONV', 1, 1, 0, 0),  latency: 241.54697142857142
[2m[36m(CompileWorker pid=3594364)[0m  tensor (Large latency) dimensions: (1, 2048, 12288, 12288, 1, 1, 1, 1, 1, 1, 0, 0, 'CONV', 1, 1, 0, 0),  latency: 26.58889142857143
[2m[36m(CompileWorker pid=3594365)[0m  tensor (Large latency) dimensions: (1, 2048, 12288, 12288, 1, 1, 1, 1, 1, 1, 0, 0, 'CONV', 1, 1, 0, 0),  latency: 26.58889142857143
[2m[36m(CompileWorker pid=3594362)[0m  tensor (Large latency) dimensions: (1, 2048, 12288, 12288, 1, 1, 1, 1, 1, 1, 0, 0, 'CONV', 1, 1, 0, 0),  latency: 26.58889142857143
[2m[36m(CompileWorker pid=3594359)[0m  tensor (Large latency) dimensions: (1, 2048, 36864, 36864, 1, 1, 1, 1, 1, 1, 0, 0, 'CONV', 1, 1, 0, 0),  latency: 241.54697142857142
[2m[36m(CompileWorker pid=3594363)[0m  tensor (Large latency) dimensions: (1, 2048, 12288, 12288, 1, 1, 1, 1, 1, 1, 0, 0, 'CONV', 1, 1, 0, 0),  latency: 26.58889142857143
[2m[36m(CompileWorker pid=3594361)[0m  tensor (Large latency) dimensions: (1, 2048, 12288, 12288, 1, 1, 1, 1, 1, 1, 0, 0, 'CONV', 1, 1, 0, 0),  latency: 26.58889142857143
[2m[36m(CompileWorker pid=3594364)[0m  tensor (Large latency) dimensions: (1, 2048, 12288, 12288, 1, 1, 1, 1, 1, 1, 0, 0, 'CONV', 1, 1, 0, 0),  latency: 26.58889142857143
[2m[36m(CompileWorker pid=3594364)[0m compiled for stage:1 name: stage_0_0_acc_grad_1 module id: 1
[2m[36m(CompileWorker pid=3594358)[0m  tensor (Large latency) dimensions: (1, 2048, 36864, 36864, 1, 1, 1, 1, 1, 1, 0, 0, 'CONV', 1, 1, 0, 0),  latency: 241.54697142857142
[2m[36m(CompileWorker pid=3594365)[0m  tensor (Large latency) dimensions: (1, 2048, 12288, 12288, 1, 1, 1, 1, 1, 1, 0, 0, 'CONV', 1, 1, 0, 0),  latency: 26.58889142857143
[2m[36m(CompileWorker pid=3594357)[0m  tensor (Large latency) dimensions: (1, 2048, 36864, 36864, 1, 1, 1, 1, 1, 1, 0, 0, 'CONV', 1, 1, 0, 0),  latency: 241.54697142857142
[2m[36m(CompileWorker pid=3594365)[0m compiled for stage:0 name: stage_0_0_acc_grad_1 module id: 1
[2m[36m(CompileWorker pid=3594362)[0m  tensor (Large latency) dimensions: (1, 2048, 12288, 12288, 1, 1, 1, 1, 1, 1, 0, 0, 'CONV', 1, 1, 0, 0),  latency: 26.58889142857143
[2m[36m(CompileWorker pid=3594363)[0m  tensor (Large latency) dimensions: (1, 2048, 12288, 12288, 1, 1, 1, 1, 1, 1, 0, 0, 'CONV', 1, 1, 0, 0),  latency: 26.58889142857143
[2m[36m(CompileWorker pid=3594363)[0m compiled for stage:2 name: stage_0_1_acc_grad_1 module id: 1
[2m[36m(CompileWorker pid=3594360)[0m  tensor (Large latency) dimensions: (1, 2048, 12288, 12288, 1, 1, 1, 1, 1, 1, 0, 0, 'CONV', 1, 1, 0, 0),  latency: 26.58889142857143
[2m[36m(CompileWorker pid=3594355)[0m  tensor (Large latency) dimensions: (1, 2048, 36864, 36864, 1, 1, 1, 1, 1, 1, 0, 0, 'CONV', 1, 1, 0, 0),  latency: 241.54697142857142
[2m[36m(CompileWorker pid=3594356)[0m  tensor (Large latency) dimensions: (1, 2048, 36864, 36864, 1, 1, 1, 1, 1, 1, 0, 0, 'CONV', 1, 1, 0, 0),  latency: 241.54697142857142
[2m[36m(CompileWorker pid=3594359)[0m  tensor (Large latency) dimensions: (1, 2048, 12288, 12288, 1, 1, 1, 1, 1, 1, 0, 0, 'CONV', 1, 1, 0, 0),  latency: 26.58889142857143
[2m[36m(CompileWorker pid=3594361)[0m  tensor (Large latency) dimensions: (1, 2048, 12288, 12288, 1, 1, 1, 1, 1, 1, 0, 0, 'CONV', 1, 1, 0, 0),  latency: 26.58889142857143
[2m[36m(CompileWorker pid=3594361)[0m compiled for stage:4 name: stage_0_2_acc_grad_1 module id: 1
[2m[36m(CompileWorker pid=3594362)[0m  tensor (Large latency) dimensions: (1, 2048, 36864, 36864, 1, 1, 1, 1, 1, 1, 0, 0, 'CONV', 1, 1, 0, 0),  latency: 241.54697142857142
[2m[36m(CompileWorker pid=3594354)[0m  tensor (Large latency) dimensions: (1, 512, 36864, 36864, 1, 1, 1, 1, 1, 1, 0, 0, 'CONV', 1, 1, 0, 0),  latency: 60.386742857142856
[2m[36m(CompileWorker pid=3594360)[0m  tensor (Large latency) dimensions: (1, 2048, 12288, 12288, 1, 1, 1, 1, 1, 1, 0, 0, 'CONV', 1, 1, 0, 0),  latency: 26.58889142857143
[2m[36m(CompileWorker pid=3594360)[0m compiled for stage:5 name: stage_0_2_acc_grad_1 module id: 1
[2m[36m(CompileWorker pid=3594359)[0m  tensor (Large latency) dimensions: (1, 2048, 12288, 12288, 1, 1, 1, 1, 1, 1, 0, 0, 'CONV', 1, 1, 0, 0),  latency: 26.58889142857143
[2m[36m(CompileWorker pid=3594359)[0m compiled for stage:6 name: stage_0_3_acc_grad_1 module id: 1
[2m[36m(CompileWorker pid=3594362)[0m compiled for stage:3 name: stage_0_1_acc_grad_1 module id: 1
[2m[36m(CompileWorker pid=3594357)[0m  tensor (Large latency) dimensions: (1, 2048, 12288, 12288, 1, 1, 1, 1, 1, 1, 0, 0, 'CONV', 1, 1, 0, 0),  latency: 26.58889142857143
[2m[36m(CompileWorker pid=3594358)[0m  tensor (Large latency) dimensions: (1, 2048, 12288, 12288, 1, 1, 1, 1, 1, 1, 0, 0, 'CONV', 1, 1, 0, 0),  latency: 26.58889142857143
[2m[36m(CompileWorker pid=3594355)[0m  tensor (Large latency) dimensions: (1, 2048, 12288, 12288, 1, 1, 1, 1, 1, 1, 0, 0, 'CONV', 1, 1, 0, 0),  latency: 26.58889142857143
[2m[36m(CompileWorker pid=3594356)[0m  tensor (Large latency) dimensions: (1, 2048, 12288, 12288, 1, 1, 1, 1, 1, 1, 0, 0, 'CONV', 1, 1, 0, 0),  latency: 26.58889142857143
[2m[36m(CompileWorker pid=3594365)[0m  tensor (Large latency) dimensions: (1, 12288, 12288, 12288, 1, 1, 1, 1, 1, 1, 0, 0, 'CONV', 1, 1, 0, 0),  latency: 159.53334857142858
[2m[36m(CompileWorker pid=3594364)[0m  tensor (Large latency) dimensions: (1, 12288, 12288, 12288, 1, 1, 1, 1, 1, 1, 0, 0, 'CONV', 1, 1, 0, 0),  latency: 159.53334857142858
[2m[36m(CompileWorker pid=3594357)[0m  tensor (Large latency) dimensions: (1, 2048, 12288, 12288, 1, 1, 1, 1, 1, 1, 0, 0, 'CONV', 1, 1, 0, 0),  latency: 26.58889142857143
[2m[36m(CompileWorker pid=3594357)[0m compiled for stage:8 name: stage_0_4_acc_grad_1 module id: 1
[2m[36m(CompileWorker pid=3594358)[0m  tensor (Large latency) dimensions: (1, 2048, 12288, 12288, 1, 1, 1, 1, 1, 1, 0, 0, 'CONV', 1, 1, 0, 0),  latency: 26.58889142857143
[2m[36m(CompileWorker pid=3594363)[0m  tensor (Large latency) dimensions: (1, 12288, 12288, 12288, 1, 1, 1, 1, 1, 1, 0, 0, 'CONV', 1, 1, 0, 0),  latency: 159.53334857142858
[2m[36m(CompileWorker pid=3594361)[0m  tensor (Large latency) dimensions: (1, 3072, 12288, 12288, 1, 1, 1, 1, 1, 1, 0, 0, 'CONV', 1, 1, 0, 0),  latency: 39.883337142857144
[2m[36m(CompileWorker pid=3594360)[0m  tensor (Large latency) dimensions: (1, 3072, 12288, 12288, 1, 1, 1, 1, 1, 1, 0, 0, 'CONV', 1, 1, 0, 0),  latency: 39.883337142857144
[2m[36m(CompileWorker pid=3594354)[0m  tensor (Large latency) dimensions: (1, 2048, 12288, 12288, 1, 1, 1, 1, 1, 1, 0, 0, 'CONV', 1, 1, 0, 0),  latency: 26.58889142857143
[2m[36m(CompileWorker pid=3594356)[0m  tensor (Large latency) dimensions: (1, 2048, 12288, 12288, 1, 1, 1, 1, 1, 1, 0, 0, 'CONV', 1, 1, 0, 0),  latency: 26.58889142857143
[2m[36m(CompileWorker pid=3594355)[0m  tensor (Large latency) dimensions: (1, 2048, 12288, 12288, 1, 1, 1, 1, 1, 1, 0, 0, 'CONV', 1, 1, 0, 0),  latency: 26.58889142857143
[2m[36m(CompileWorker pid=3594359)[0m  tensor (Large latency) dimensions: (1, 3072, 12288, 12288, 1, 1, 1, 1, 1, 1, 0, 0, 'CONV', 1, 1, 0, 0),  latency: 39.883337142857144
[2m[36m(CompileWorker pid=3594361)[0m  tensor (Large latency) dimensions: (1, 2048, 3072, 3072, 1, 1, 1, 1, 1, 1, 0, 0, 'CONV', 1, 1, 0, 0),  latency: 1.5915885714285714
[2m[36m(CompileWorker pid=3594356)[0m compiled for stage:9 name: stage_0_4_acc_grad_1 module id: 1
[2m[36m(CompileWorker pid=3594360)[0m  tensor (Large latency) dimensions: (1, 2048, 3072, 3072, 1, 1, 1, 1, 1, 1, 0, 0, 'CONV', 1, 1, 0, 0),  latency: 1.5915885714285714
[2m[36m(CompileWorker pid=3594358)[0m  tensor (Large latency) dimensions: (1, 512, 12288, 12288, 1, 1, 1, 1, 1, 1, 0, 0, 'CONV', 1, 1, 0, 0),  latency: 6.647222857142857
[2m[36m(CompileWorker pid=3594365)[0m  tensor (Large latency) dimensions: (1, 3072, 12288, 12288, 1, 1, 1, 1, 1, 1, 0, 0, 'CONV', 1, 1, 0, 0),  latency: 39.883337142857144
[2m[36m(CompileWorker pid=3594358)[0m compiled for stage:7 name: stage_0_3_acc_grad_1 module id: 1
[2m[36m(CompileWorker pid=3594359)[0m  tensor (Large latency) dimensions: (1, 2048, 3072, 3072, 1, 1, 1, 1, 1, 1, 0, 0, 'CONV', 1, 1, 0, 0),  latency: 1.5915885714285714
[2m[36m(CompileWorker pid=3594364)[0m  tensor (Large latency) dimensions: (1, 3072, 12288, 12288, 1, 1, 1, 1, 1, 1, 0, 0, 'CONV', 1, 1, 0, 0),  latency: 39.883337142857144
[2m[36m(CompileWorker pid=3594354)[0m  tensor (Large latency) dimensions: (1, 2048, 12288, 12288, 1, 1, 1, 1, 1, 1, 0, 0, 'CONV', 1, 1, 0, 0),  latency: 26.58889142857143
[2m[36m(CompileWorker pid=3594355)[0m  tensor (Large latency) dimensions: (1, 2048, 3072, 3072, 1, 1, 1, 1, 1, 1, 0, 0, 'CONV', 1, 1, 0, 0),  latency: 1.5915885714285714
[2m[36m(CompileWorker pid=3594355)[0m compiled for stage:10 name: stage_0_5_acc_grad_1 module id: 1
[2m[36m(CompileWorker pid=3594362)[0m  tensor (Large latency) dimensions: (1, 12288, 12288, 12288, 1, 1, 1, 1, 1, 1, 0, 0, 'CONV', 1, 1, 0, 0),  latency: 159.53334857142858
[2m[36m(CompileWorker pid=3594363)[0m  tensor (Large latency) dimensions: (1, 3072, 12288, 12288, 1, 1, 1, 1, 1, 1, 0, 0, 'CONV', 1, 1, 0, 0),  latency: 39.883337142857144
[2m[36m(CompileWorker pid=3594357)[0m  tensor (Large latency) dimensions: (1, 3072, 12288, 12288, 1, 1, 1, 1, 1, 1, 0, 0, 'CONV', 1, 1, 0, 0),  latency: 39.883337142857144
[2m[36m(CompileWorker pid=3594365)[0m  tensor (Large latency) dimensions: (1, 2048, 3072, 3072, 1, 1, 1, 1, 1, 1, 0, 0, 'CONV', 1, 1, 0, 0),  latency: 1.5915885714285714
[2m[36m(CompileWorker pid=3594364)[0m  tensor (Large latency) dimensions: (1, 2048, 3072, 3072, 1, 1, 1, 1, 1, 1, 0, 0, 'CONV', 1, 1, 0, 0),  latency: 1.5915885714285714
[2m[36m(CompileWorker pid=3594363)[0m  tensor (Large latency) dimensions: (1, 2048, 3072, 3072, 1, 1, 1, 1, 1, 1, 0, 0, 'CONV', 1, 1, 0, 0),  latency: 1.5915885714285714
[2m[36m(CompileWorker pid=3594357)[0m  tensor (Large latency) dimensions: (1, 2048, 3072, 3072, 1, 1, 1, 1, 1, 1, 0, 0, 'CONV', 1, 1, 0, 0),  latency: 1.5915885714285714
[2m[36m(CompileWorker pid=3594356)[0m  tensor (Large latency) dimensions: (1, 3072, 12288, 12288, 1, 1, 1, 1, 1, 1, 0, 0, 'CONV', 1, 1, 0, 0),  latency: 39.883337142857144
[2m[36m(CompileWorker pid=3594354)[0m  tensor (Large latency) dimensions: (1, 2048, 36864, 36864, 1, 1, 1, 1, 1, 1, 0, 0, 'CONV', 1, 1, 0, 0),  latency: 241.54697142857142
[2m[36m(CompileWorker pid=3594354)[0m compiled for stage:11 name: stage_0_5_acc_grad_1 module id: 1
[2m[36m(CompileWorker pid=3594361)[0m  tensor (Large latency) dimensions: (1, 12288, 9216, 9216, 1, 1, 1, 1, 1, 1, 0, 0, 'CONV', 1, 1, 0, 0),  latency: 89.31620571428572
[2m[36m(CompileWorker pid=3594362)[0m  tensor (Large latency) dimensions: (1, 3072, 12288, 12288, 1, 1, 1, 1, 1, 1, 0, 0, 'CONV', 1, 1, 0, 0),  latency: 39.883337142857144
[2m[36m(CompileWorker pid=3594356)[0m  tensor (Large latency) dimensions: (1, 2048, 3072, 3072, 1, 1, 1, 1, 1, 1, 0, 0, 'CONV', 1, 1, 0, 0),  latency: 1.5915885714285714
[2m[36m(CompileWorker pid=3594360)[0m  tensor (Large latency) dimensions: (1, 12288, 9216, 9216, 1, 1, 1, 1, 1, 1, 0, 0, 'CONV', 1, 1, 0, 0),  latency: 89.31620571428572
[2m[36m(CompileWorker pid=3594359)[0m  tensor (Large latency) dimensions: (1, 12288, 9216, 9216, 1, 1, 1, 1, 1, 1, 0, 0, 'CONV', 1, 1, 0, 0),  latency: 89.31620571428572
[2m[36m(CompileWorker pid=3594362)[0m  tensor (Large latency) dimensions: (1, 2048, 3072, 3072, 1, 1, 1, 1, 1, 1, 0, 0, 'CONV', 1, 1, 0, 0),  latency: 1.5915885714285714
[2m[36m(CompileWorker pid=3594358)[0m  tensor (Large latency) dimensions: (1, 12288, 12288, 12288, 1, 1, 1, 1, 1, 1, 0, 0, 'CONV', 1, 1, 0, 0),  latency: 159.53334857142858
[2m[36m(CompileWorker pid=3594355)[0m  tensor (Large latency) dimensions: (1, 12288, 3072, 3072, 1, 1, 1, 1, 1, 1, 0, 0, 'CONV', 1, 1, 0, 0),  latency: 9.549531428571429
[2m[36m(CompileWorker pid=3594365)[0m  tensor (Large latency) dimensions: (1, 12288, 9216, 9216, 1, 1, 1, 1, 1, 1, 0, 0, 'CONV', 1, 1, 0, 0),  latency: 89.31620571428572
[2m[36m(CompileWorker pid=3594361)[0m  tensor (Large latency) dimensions: (1, 2048, 12288, 12288, 1, 1, 1, 1, 1, 1, 0, 0, 'CONV', 1, 1, 0, 0),  latency: 26.58889142857143
[2m[36m(CompileWorker pid=3594359)[0m  tensor (Large latency) dimensions: (1, 2048, 12288, 12288, 1, 1, 1, 1, 1, 1, 0, 0, 'CONV', 1, 1, 0, 0),  latency: 26.58889142857143
[2m[36m(CompileWorker pid=3594360)[0m  tensor (Large latency) dimensions: (1, 2048, 12288, 12288, 1, 1, 1, 1, 1, 1, 0, 0, 'CONV', 1, 1, 0, 0),  latency: 26.58889142857143
[2m[36m(CompileWorker pid=3594364)[0m  tensor (Large latency) dimensions: (1, 12288, 9216, 9216, 1, 1, 1, 1, 1, 1, 0, 0, 'CONV', 1, 1, 0, 0),  latency: 89.31620571428572
[2m[36m(CompileWorker pid=3594363)[0m  tensor (Large latency) dimensions: (1, 12288, 9216, 9216, 1, 1, 1, 1, 1, 1, 0, 0, 'CONV', 1, 1, 0, 0),  latency: 89.31620571428572
[2m[36m(CompileWorker pid=3594354)[0m  tensor (Large latency) dimensions: (1, 3072, 12288, 12288, 1, 1, 1, 1, 1, 1, 0, 0, 'CONV', 1, 1, 0, 0),  latency: 39.883337142857144
[2m[36m(CompileWorker pid=3594358)[0m  tensor (Large latency) dimensions: (1, 2048, 3072, 3072, 1, 1, 1, 1, 1, 1, 0, 0, 'CONV', 1, 1, 0, 0),  latency: 1.5915885714285714
[2m[36m(CompileWorker pid=3594365)[0m  tensor (Large latency) dimensions: (1, 2048, 12288, 12288, 1, 1, 1, 1, 1, 1, 0, 0, 'CONV', 1, 1, 0, 0),  latency: 26.58889142857143
[2m[36m(CompileWorker pid=3594357)[0m  tensor (Large latency) dimensions: (1, 12288, 9216, 9216, 1, 1, 1, 1, 1, 1, 0, 0, 'CONV', 1, 1, 0, 0),  latency: 89.31620571428572
[2m[36m(CompileWorker pid=3594363)[0m  tensor (Large latency) dimensions: (1, 2048, 12288, 12288, 1, 1, 1, 1, 1, 1, 0, 0, 'CONV', 1, 1, 0, 0),  latency: 26.58889142857143
[2m[36m(CompileWorker pid=3594354)[0m  tensor (Large latency) dimensions: (1, 2048, 3072, 3072, 1, 1, 1, 1, 1, 1, 0, 0, 'CONV', 1, 1, 0, 0),  latency: 1.5915885714285714
[2m[36m(CompileWorker pid=3594364)[0m  tensor (Large latency) dimensions: (1, 2048, 12288, 12288, 1, 1, 1, 1, 1, 1, 0, 0, 'CONV', 1, 1, 0, 0),  latency: 26.58889142857143
[2m[36m(CompileWorker pid=3594365)[0m  tensor (Large latency) dimensions: (1, 512, 12288, 12288, 1, 1, 1, 1, 1, 1, 0, 0, 'CONV', 1, 1, 0, 0),  latency: 6.647222857142857
[2m[36m(CompileWorker pid=3594363)[0m  tensor (Large latency) dimensions: (1, 512, 12288, 12288, 1, 1, 1, 1, 1, 1, 0, 0, 'CONV', 1, 1, 0, 0),  latency: 6.647222857142857
[2m[36m(CompileWorker pid=3594362)[0m  tensor (Large latency) dimensions: (1, 12288, 9216, 9216, 1, 1, 1, 1, 1, 1, 0, 0, 'CONV', 1, 1, 0, 0),  latency: 89.31620571428572
[2m[36m(CompileWorker pid=3594364)[0m  tensor (Large latency) dimensions: (1, 512, 12288, 12288, 1, 1, 1, 1, 1, 1, 0, 0, 'CONV', 1, 1, 0, 0),  latency: 6.647222857142857
[2m[36m(CompileWorker pid=3594357)[0m  tensor (Large latency) dimensions: (1, 2048, 12288, 12288, 1, 1, 1, 1, 1, 1, 0, 0, 'CONV', 1, 1, 0, 0),  latency: 26.58889142857143
[2m[36m(CompileWorker pid=3594356)[0m  tensor (Large latency) dimensions: (1, 12288, 9216, 9216, 1, 1, 1, 1, 1, 1, 0, 0, 'CONV', 1, 1, 0, 0),  latency: 89.31620571428572
[2m[36m(CompileWorker pid=3594361)[0m  tensor (Large latency) dimensions: (1, 12288, 12288, 12288, 1, 1, 1, 1, 1, 1, 0, 0, 'CONV', 1, 1, 0, 0),  latency: 159.53334857142858
[2m[36m(CompileWorker pid=3594365)[0m  tensor (Large latency) dimensions: (1, 50257, 12288, 12288, 1, 1, 1, 1, 1, 1, 0, 0, 'CONV', 1, 1, 0, 0),  latency: 4325.884891428572
[2m[36m(CompileWorker pid=3594359)[0m  tensor (Large latency) dimensions: (1, 12288, 12288, 12288, 1, 1, 1, 1, 1, 1, 0, 0, 'CONV', 1, 1, 0, 0),  latency: 159.53334857142858
[2m[36m(CompileWorker pid=3594360)[0m  tensor (Large latency) dimensions: (1, 12288, 12288, 12288, 1, 1, 1, 1, 1, 1, 0, 0, 'CONV', 1, 1, 0, 0),  latency: 159.53334857142858
[2m[36m(CompileWorker pid=3594362)[0m  tensor (Large latency) dimensions: (1, 2048, 12288, 12288, 1, 1, 1, 1, 1, 1, 0, 0, 'CONV', 1, 1, 0, 0),  latency: 26.58889142857143
[2m[36m(CompileWorker pid=3594355)[0m  tensor (Large latency) dimensions: (1, 12288, 9216, 9216, 1, 1, 1, 1, 1, 1, 0, 0, 'CONV', 1, 1, 0, 0),  latency: 89.31620571428572
[2m[36m(CompileWorker pid=3594364)[0m  tensor (Large latency) dimensions: (1, 50257, 12288, 12288, 1, 1, 1, 1, 1, 1, 0, 0, 'CONV', 1, 1, 0, 0),  latency: 4325.884891428572
[2m[36m(CompileWorker pid=3594356)[0m  tensor (Large latency) dimensions: (1, 2048, 12288, 12288, 1, 1, 1, 1, 1, 1, 0, 0, 'CONV', 1, 1, 0, 0),  latency: 26.58889142857143
[2m[36m(CompileWorker pid=3594363)[0m  tensor (Large latency) dimensions: (1, 50257, 12288, 12288, 1, 1, 1, 1, 1, 1, 0, 0, 'CONV', 1, 1, 0, 0),  latency: 4325.884891428572
[2m[36m(CompileWorker pid=3594358)[0m  tensor (Large latency) dimensions: (1, 12288, 9216, 9216, 1, 1, 1, 1, 1, 1, 0, 0, 'CONV', 1, 1, 0, 0),  latency: 89.31620571428572
[2m[36m(CompileWorker pid=3594359)[0m  tensor (Large latency) dimensions: (1, 512, 12288, 12288, 1, 1, 1, 1, 1, 1, 0, 0, 'CONV', 1, 1, 0, 0),  latency: 6.647222857142857
[2m[36m(CompileWorker pid=3594361)[0m  tensor (Large latency) dimensions: (1, 512, 12288, 12288, 1, 1, 1, 1, 1, 1, 0, 0, 'CONV', 1, 1, 0, 0),  latency: 6.647222857142857
[2m[36m(CompileWorker pid=3594360)[0m  tensor (Large latency) dimensions: (1, 512, 12288, 12288, 1, 1, 1, 1, 1, 1, 0, 0, 'CONV', 1, 1, 0, 0),  latency: 6.647222857142857
[2m[36m(CompileWorker pid=3594358)[0m  tensor (Large latency) dimensions: (1, 2048, 12288, 12288, 1, 1, 1, 1, 1, 1, 0, 0, 'CONV', 1, 1, 0, 0),  latency: 26.58889142857143
[2m[36m(CompileWorker pid=3594355)[0m  tensor (Large latency) dimensions: (1, 2048, 12288, 12288, 1, 1, 1, 1, 1, 1, 0, 0, 'CONV', 1, 1, 0, 0),  latency: 26.58889142857143
[2m[36m(CompileWorker pid=3594354)[0m  tensor (Large latency) dimensions: (1, 12288, 36864, 36864, 1, 1, 1, 1, 1, 1, 0, 0, 'CONV', 1, 1, 0, 0),  latency: 1449.2818285714286
[2m[36m(CompileWorker pid=3594359)[0m  tensor (Large latency) dimensions: (1, 50257, 12288, 12288, 1, 1, 1, 1, 1, 1, 0, 0, 'CONV', 1, 1, 0, 0),  latency: 4325.884891428572
[2m[36m(CompileWorker pid=3594361)[0m  tensor (Large latency) dimensions: (1, 50257, 12288, 12288, 1, 1, 1, 1, 1, 1, 0, 0, 'CONV', 1, 1, 0, 0),  latency: 4325.884891428572
[2m[36m(CompileWorker pid=3594357)[0m  tensor (Large latency) dimensions: (1, 12288, 12288, 12288, 1, 1, 1, 1, 1, 1, 0, 0, 'CONV', 1, 1, 0, 0),  latency: 159.53334857142858
[2m[36m(CompileWorker pid=3594360)[0m  tensor (Large latency) dimensions: (1, 50257, 12288, 12288, 1, 1, 1, 1, 1, 1, 0, 0, 'CONV', 1, 1, 0, 0),  latency: 4325.884891428572
[2m[36m(CompileWorker pid=3594354)[0m  tensor (Large latency) dimensions: (1, 2048, 12288, 12288, 1, 1, 1, 1, 1, 1, 0, 0, 'CONV', 1, 1, 0, 0),  latency: 26.58889142857143
[2m[36m(CompileWorker pid=3594362)[0m  tensor (Large latency) dimensions: (1, 12288, 36864, 36864, 1, 1, 1, 1, 1, 1, 0, 0, 'CONV', 1, 1, 0, 0),  latency: 1449.2818285714286
[2m[36m(CompileWorker pid=3594357)[0m  tensor (Large latency) dimensions: (1, 512, 12288, 12288, 1, 1, 1, 1, 1, 1, 0, 0, 'CONV', 1, 1, 0, 0),  latency: 6.647222857142857
[2m[36m(CompileWorker pid=3594356)[0m  tensor (Large latency) dimensions: (1, 12288, 12288, 12288, 1, 1, 1, 1, 1, 1, 0, 0, 'CONV', 1, 1, 0, 0),  latency: 159.53334857142858
[2m[36m(CompileWorker pid=3594362)[0m  tensor (Large latency) dimensions: (1, 2048, 12288, 12288, 1, 1, 1, 1, 1, 1, 0, 0, 'CONV', 1, 1, 0, 0),  latency: 26.58889142857143
[2m[36m(CompileWorker pid=3594358)[0m  tensor (Large latency) dimensions: (1, 12288, 12288, 12288, 1, 1, 1, 1, 1, 1, 0, 0, 'CONV', 1, 1, 0, 0),  latency: 159.53334857142858
[2m[36m(CompileWorker pid=3594356)[0m  tensor (Large latency) dimensions: (1, 512, 12288, 12288, 1, 1, 1, 1, 1, 1, 0, 0, 'CONV', 1, 1, 0, 0),  latency: 6.647222857142857
[2m[36m(CompileWorker pid=3594357)[0m  tensor (Large latency) dimensions: (1, 50257, 12288, 12288, 1, 1, 1, 1, 1, 1, 0, 0, 'CONV', 1, 1, 0, 0),  latency: 4325.884891428572
[2m[36m(CompileWorker pid=3594365)[0m compiled for stage:12 name: stage_0_6_acc_grad_0 module id: 0
[2m[36m(CompileWorker pid=3594355)[0m  tensor (Large latency) dimensions: (1, 12288, 12288, 12288, 1, 1, 1, 1, 1, 1, 0, 0, 'CONV', 1, 1, 0, 0),  latency: 159.53334857142858
[2m[36m(CompileWorker pid=3594362)[0m  tensor (Large latency) dimensions: (1, 512, 12288, 12288, 1, 1, 1, 1, 1, 1, 0, 0, 'CONV', 1, 1, 0, 0),  latency: 6.647222857142857
[2m[36m(CompileWorker pid=3594365)[0m compiled for stage:12 name: stage_0_6_acc_grad_1 module id: 1
[2m[36m(CompileWorker pid=3594363)[0m compiled for stage:14 name: stage_0_7_acc_grad_0 module id: 0
[2m[36m(CompileWorker pid=3594363)[0m compiled for stage:14 name: stage_0_7_acc_grad_1 module id: 1
[2m[36m(CompileWorker pid=3594356)[0m  tensor (Large latency) dimensions: (1, 50257, 12288, 12288, 1, 1, 1, 1, 1, 1, 0, 0, 'CONV', 1, 1, 0, 0),  latency: 4325.884891428572
[2m[36m(CompileWorker pid=3594362)[0m  tensor (Large latency) dimensions: (1, 50257, 12288, 12288, 1, 1, 1, 1, 1, 1, 0, 0, 'CONV', 1, 1, 0, 0),  latency: 4325.884891428572
[2m[36m(CompileWorker pid=3594354)[0m  tensor (Large latency) dimensions: (1, 12288, 12288, 12288, 1, 1, 1, 1, 1, 1, 0, 0, 'CONV', 1, 1, 0, 0),  latency: 159.53334857142858
[2m[36m(CompileWorker pid=3594358)[0m  tensor (Large latency) dimensions: (1, 3072, 12288, 12288, 1, 1, 1, 1, 1, 1, 0, 0, 'CONV', 1, 1, 0, 0),  latency: 39.883337142857144
[2m[36m(CompileWorker pid=3594364)[0m compiled for stage:13 name: stage_0_6_acc_grad_0 module id: 0
[2m[36m(CompileWorker pid=3594364)[0m compiled for stage:13 name: stage_0_6_acc_grad_1 module id: 1
[2m[36m(CompileWorker pid=3594355)[0m  tensor (Large latency) dimensions: (1, 3072, 12288, 12288, 1, 1, 1, 1, 1, 1, 0, 0, 'CONV', 1, 1, 0, 0),  latency: 39.883337142857144
[2m[36m(CompileWorker pid=3594358)[0m  tensor (Large latency) dimensions: (1, 512, 12288, 12288, 1, 1, 1, 1, 1, 1, 0, 0, 'CONV', 1, 1, 0, 0),  latency: 6.647222857142857
[2m[36m(CompileWorker pid=3594355)[0m  tensor (Large latency) dimensions: (1, 512, 12288, 12288, 1, 1, 1, 1, 1, 1, 0, 0, 'CONV', 1, 1, 0, 0),  latency: 6.647222857142857
[2m[36m(CompileWorker pid=3594361)[0m compiled for stage:16 name: stage_0_8_acc_grad_0 module id: 0
[2m[36m(CompileWorker pid=3594361)[0m compiled for stage:16 name: stage_0_8_acc_grad_1 module id: 1
[2m[36m(CompileWorker pid=3594358)[0m  tensor (Large latency) dimensions: (1, 50257, 12288, 12288, 1, 1, 1, 1, 1, 1, 0, 0, 'CONV', 1, 1, 0, 0),  latency: 4325.884891428572
[2m[36m(CompileWorker pid=3594354)[0m  tensor (Large latency) dimensions: (1, 12288, 9216, 9216, 1, 1, 1, 1, 1, 1, 0, 0, 'CONV', 1, 1, 0, 0),  latency: 89.31620571428572
[2m[36m(CompileWorker pid=3594355)[0m  tensor (Large latency) dimensions: (1, 50257, 12288, 12288, 1, 1, 1, 1, 1, 1, 0, 0, 'CONV', 1, 1, 0, 0),  latency: 4325.884891428572
[2m[36m(CompileWorker pid=3594359)[0m compiled for stage:15 name: stage_0_7_acc_grad_0 module id: 0
[2m[36m(CompileWorker pid=3594358)[0m compiled for stage:24 name: stage_1_1_acc_grad_0 module id: 0
[2m[36m(CompileWorker pid=3594358)[0m compiled for stage:24 name: stage_1_1_acc_grad_1 module id: 1
[2m[36m(CompileWorker pid=3594359)[0m compiled for stage:15 name: stage_0_7_acc_grad_1 module id: 1
[2m[36m(CompileWorker pid=3594361)[0m compiled for stage:25 name: stage_1_1_acc_grad_0 module id: 0
[2m[36m(CompileWorker pid=3594361)[0m compiled for stage:25 name: stage_1_1_acc_grad_1 module id: 1
[2m[36m(CompileWorker pid=3594354)[0m  tensor (Large latency) dimensions: (1, 2048, 12288, 12288, 1, 1, 1, 1, 1, 1, 0, 0, 'CONV', 1, 1, 0, 0),  latency: 26.58889142857143
[2m[36m(CompileWorker pid=3594355)[0m compiled for stage:26 name: stage_1_2_acc_grad_0 module id: 0
[2m[36m(CompileWorker pid=3594355)[0m compiled for stage:26 name: stage_1_2_acc_grad_1 module id: 1
[2m[36m(CompileWorker pid=3594360)[0m compiled for stage:17 name: stage_0_8_acc_grad_0 module id: 0
[2m[36m(CompileWorker pid=3594358)[0m compiled for stage:27 name: stage_1_2_acc_grad_0 module id: 0
[2m[36m(CompileWorker pid=3594358)[0m compiled for stage:27 name: stage_1_2_acc_grad_1 module id: 1
[2m[36m(CompileWorker pid=3594354)[0m  tensor (Large latency) dimensions: (1, 512, 12288, 12288, 1, 1, 1, 1, 1, 1, 0, 0, 'CONV', 1, 1, 0, 0),  latency: 6.647222857142857
[2m[36m(CompileWorker pid=3594357)[0m compiled for stage:18 name: stage_0_9_acc_grad_0 module id: 0
[2m[36m(CompileWorker pid=3594357)[0m compiled for stage:18 name: stage_0_9_acc_grad_1 module id: 1
[2m[36m(CompileWorker pid=3594361)[0m compiled for stage:28 name: stage_1_3_acc_grad_0 module id: 0
[2m[36m(CompileWorker pid=3594361)[0m compiled for stage:28 name: stage_1_3_acc_grad_1 module id: 1
[2m[36m(CompileWorker pid=3594360)[0m  tensor (Large latency) dimensions: (1, 512, 36864, 36864, 1, 1, 1, 1, 1, 1, 0, 0, 'CONV', 1, 1, 0, 0),  latency: 60.386742857142856
[2m[36m(CompileWorker pid=3594360)[0m compiled for stage:17 name: stage_0_8_acc_grad_1 module id: 1
[2m[36m(CompileWorker pid=3594359)[0m compiled for stage:29 name: stage_1_3_acc_grad_0 module id: 0
[2m[36m(CompileWorker pid=3594359)[0m compiled for stage:29 name: stage_1_3_acc_grad_1 module id: 1
[2m[36m(CompileWorker pid=3594354)[0m  tensor (Large latency) dimensions: (1, 50257, 12288, 12288, 1, 1, 1, 1, 1, 1, 0, 0, 'CONV', 1, 1, 0, 0),  latency: 4325.884891428572
[2m[36m(CompileWorker pid=3594355)[0m compiled for stage:30 name: stage_1_4_acc_grad_0 module id: 0
[2m[36m(CompileWorker pid=3594355)[0m compiled for stage:30 name: stage_1_4_acc_grad_1 module id: 1
[2m[36m(CompileWorker pid=3594365)[0m compiled for stage:19 name: stage_0_9_acc_grad_0 module id: 0
[2m[36m(CompileWorker pid=3594358)[0m compiled for stage:31 name: stage_1_4_acc_grad_0 module id: 0
[2m[36m(CompileWorker pid=3594358)[0m compiled for stage:31 name: stage_1_4_acc_grad_1 module id: 1
[2m[36m(CompileWorker pid=3594363)[0m compiled for stage:20 name: stage_0_10_acc_grad_0 module id: 0
[2m[36m(CompileWorker pid=3594363)[0m compiled for stage:20 name: stage_0_10_acc_grad_1 module id: 1
[2m[36m(CompileWorker pid=3594361)[0m compiled for stage:32 name: stage_1_5_acc_grad_0 module id: 0
[2m[36m(CompileWorker pid=3594361)[0m compiled for stage:32 name: stage_1_5_acc_grad_1 module id: 1
[2m[36m(CompileWorker pid=3594365)[0m  tensor (Large latency) dimensions: (1, 512, 36864, 36864, 1, 1, 1, 1, 1, 1, 0, 0, 'CONV', 1, 1, 0, 0),  latency: 60.386742857142856
[2m[36m(CompileWorker pid=3594360)[0m  tensor (Large latency) dimensions: (1, 12288, 36864, 36864, 1, 1, 1, 1, 1, 1, 0, 0, 'CONV', 1, 1, 0, 0),  latency: 1449.2818285714286
[2m[36m(CompileWorker pid=3594365)[0m compiled for stage:19 name: stage_0_9_acc_grad_1 module id: 1
[2m[36m(CompileWorker pid=3594362)[0m compiled for stage:22 name: stage_0_11_acc_grad_0 module id: 0
[2m[36m(CompileWorker pid=3594362)[0m compiled for stage:22 name: stage_0_11_acc_grad_1 module id: 1
[2m[36m(CompileWorker pid=3594357)[0m compiled for stage:33 name: stage_1_5_acc_grad_0 module id: 0
[2m[36m(CompileWorker pid=3594359)[0m compiled for stage:34 name: stage_1_6_acc_grad_0 module id: 0
[2m[36m(CompileWorker pid=3594359)[0m compiled for stage:34 name: stage_1_6_acc_grad_1 module id: 1
[2m[36m(CompileWorker pid=3594360)[0m  tensor (Large latency) dimensions: (1, 2048, 12288, 12288, 1, 1, 1, 1, 1, 1, 0, 0, 'CONV', 1, 1, 0, 0),  latency: 26.58889142857143
[2m[36m(CompileWorker pid=3594362)[0m  tensor (Large latency) dimensions: (1, 12288, 50257, 50257, 1, 1, 1, 1, 1, 1, 0, 0, 'CONV', 1, 1, 0, 0),  latency: 31918.00680860119
[2m[36m(CompileWorker pid=3594357)[0m compiled for stage:33 name: stage_1_5_acc_grad_1 module id: 1
[2m[36m(CompileWorker pid=3594356)[0m compiled for stage:21 name: stage_0_10_acc_grad_0 module id: 0
[2m[36m(CompileWorker pid=3594356)[0m compiled for stage:21 name: stage_0_10_acc_grad_1 module id: 1
[2m[36m(CompileWorker pid=3594355)[0m compiled for stage:36 name: stage_1_7_acc_grad_0 module id: 0
[2m[36m(CompileWorker pid=3594355)[0m compiled for stage:36 name: stage_1_7_acc_grad_1 module id: 1
[2m[36m(CompileWorker pid=3594362)[0m  tensor (Large latency) dimensions: (1, 2048, 12288, 12288, 1, 1, 1, 1, 1, 1, 0, 0, 'CONV', 1, 1, 0, 0),  latency: 26.58889142857143
[2m[36m(CompileWorker pid=3594354)[0m compiled for stage:35 name: stage_1_6_acc_grad_0 module id: 0
[2m[36m(CompileWorker pid=3594354)[0m compiled for stage:35 name: stage_1_6_acc_grad_1 module id: 1
[2m[36m(CompileWorker pid=3594364)[0m compiled for stage:23 name: stage_0_11_acc_grad_0 module id: 0
[2m[36m(CompileWorker pid=3594354)[0m compiled for stage:46 name: stage_2_2_acc_grad_0 module id: 0
[2m[36m(CompileWorker pid=3594365)[0m  tensor (Large latency) dimensions: (1, 12288, 36864, 36864, 1, 1, 1, 1, 1, 1, 0, 0, 'CONV', 1, 1, 0, 0),  latency: 1449.2818285714286
[2m[36m(CompileWorker pid=3594354)[0m compiled for stage:46 name: stage_2_2_acc_grad_1 module id: 1
[2m[36m(CompileWorker pid=3594364)[0m  tensor (Large latency) dimensions: (1, 512, 36864, 36864, 1, 1, 1, 1, 1, 1, 0, 0, 'CONV', 1, 1, 0, 0),  latency: 60.386742857142856
[2m[36m(CompileWorker pid=3594364)[0m compiled for stage:23 name: stage_0_11_acc_grad_1 module id: 1
[2m[36m(CompileWorker pid=3594358)[0m compiled for stage:37 name: stage_1_7_acc_grad_0 module id: 0
[2m[36m(CompileWorker pid=3594354)[0m compiled for stage:47 name: stage_2_2_acc_grad_0 module id: 0
[2m[36m(CompileWorker pid=3594354)[0m compiled for stage:47 name: stage_2_2_acc_grad_1 module id: 1
[2m[36m(CompileWorker pid=3594358)[0m compiled for stage:37 name: stage_1_7_acc_grad_1 module id: 1
[2m[36m(CompileWorker pid=3594365)[0m  tensor (Large latency) dimensions: (1, 2048, 12288, 12288, 1, 1, 1, 1, 1, 1, 0, 0, 'CONV', 1, 1, 0, 0),  latency: 26.58889142857143
[2m[36m(CompileWorker pid=3594361)[0m compiled for stage:38 name: stage_1_8_acc_grad_0 module id: 0
[2m[36m(CompileWorker pid=3594361)[0m compiled for stage:38 name: stage_1_8_acc_grad_1 module id: 1
[2m[36m(CompileWorker pid=3594364)[0m  tensor (Large latency) dimensions: (1, 12288, 50257, 50257, 1, 1, 1, 1, 1, 1, 0, 0, 'CONV', 1, 1, 0, 0),  latency: 31918.00680860119
[2m[36m(CompileWorker pid=3594354)[0m compiled for stage:48 name: stage_2_3_acc_grad_0 module id: 0
[2m[36m(CompileWorker pid=3594354)[0m compiled for stage:48 name: stage_2_3_acc_grad_1 module id: 1
[2m[36m(CompileWorker pid=3594365)[0m compiled for stage:49 name: stage_2_3_acc_grad_0 module id: 0
[2m[36m(CompileWorker pid=3594365)[0m compiled for stage:49 name: stage_2_3_acc_grad_1 module id: 1
[2m[36m(CompileWorker pid=3594358)[0m compiled for stage:50 name: stage_2_4_acc_grad_0 module id: 0
[2m[36m(CompileWorker pid=3594358)[0m compiled for stage:50 name: stage_2_4_acc_grad_1 module id: 1
[2m[36m(CompileWorker pid=3594364)[0m  tensor (Large latency) dimensions: (1, 2048, 12288, 12288, 1, 1, 1, 1, 1, 1, 0, 0, 'CONV', 1, 1, 0, 0),  latency: 26.58889142857143
[2m[36m(CompileWorker pid=3594360)[0m compiled for stage:40 name: stage_1_9_acc_grad_0 module id: 0
[2m[36m(CompileWorker pid=3594360)[0m compiled for stage:40 name: stage_1_9_acc_grad_1 module id: 1
[2m[36m(CompileWorker pid=3594361)[0m compiled for stage:51 name: stage_2_4_acc_grad_0 module id: 0
[2m[36m(CompileWorker pid=3594361)[0m compiled for stage:51 name: stage_2_4_acc_grad_1 module id: 1
[2m[36m(CompileWorker pid=3594363)[0m compiled for stage:39 name: stage_1_8_acc_grad_0 module id: 0
[2m[36m(CompileWorker pid=3594363)[0m compiled for stage:39 name: stage_1_8_acc_grad_1 module id: 1
[2m[36m(CompileWorker pid=3594356)[0m compiled for stage:42 name: stage_1_10_acc_grad_0 module id: 0
[2m[36m(CompileWorker pid=3594356)[0m compiled for stage:42 name: stage_1_10_acc_grad_1 module id: 1
[2m[36m(CompileWorker pid=3594354)[0m compiled for stage:52 name: stage_2_5_acc_grad_0 module id: 0
[2m[36m(CompileWorker pid=3594354)[0m compiled for stage:52 name: stage_2_5_acc_grad_1 module id: 1
[2m[36m(CompileWorker pid=3594359)[0m compiled for stage:41 name: stage_1_9_acc_grad_0 module id: 0
[2m[36m(CompileWorker pid=3594359)[0m compiled for stage:41 name: stage_1_9_acc_grad_1 module id: 1
[2m[36m(CompileWorker pid=3594365)[0m compiled for stage:53 name: stage_2_5_acc_grad_0 module id: 0
[2m[36m(CompileWorker pid=3594365)[0m compiled for stage:53 name: stage_2_5_acc_grad_1 module id: 1
[2m[36m(CompileWorker pid=3594358)[0m compiled for stage:54 name: stage_2_6_acc_grad_0 module id: 0
[2m[36m(CompileWorker pid=3594358)[0m compiled for stage:54 name: stage_2_6_acc_grad_1 module id: 1
[2m[36m(CompileWorker pid=3594364)[0m  tensor (Large latency) dimensions: (1, 12288, 36864, 36864, 1, 1, 1, 1, 1, 1, 0, 0, 'CONV', 1, 1, 0, 0),  latency: 1449.2818285714286
[2m[36m(CompileWorker pid=3594355)[0m compiled for stage:44 name: stage_1_11_acc_grad_0 module id: 0
[2m[36m(CompileWorker pid=3594355)[0m compiled for stage:44 name: stage_1_11_acc_grad_1 module id: 1
[2m[36m(CompileWorker pid=3594361)[0m compiled for stage:55 name: stage_2_6_acc_grad_0 module id: 0
[2m[36m(CompileWorker pid=3594361)[0m compiled for stage:55 name: stage_2_6_acc_grad_1 module id: 1
[2m[36m(CompileWorker pid=3594355)[0m  tensor (Large latency) dimensions: (1, 3072, 50257, 50257, 1, 1, 1, 1, 1, 1, 0, 0, 'CONV', 1, 1, 0, 0),  latency: 7998.294604300595
[2m[36m(CompileWorker pid=3594360)[0m compiled for stage:56 name: stage_2_7_acc_grad_0 module id: 0
[2m[36m(CompileWorker pid=3594364)[0m  tensor (Large latency) dimensions: (1, 2048, 12288, 12288, 1, 1, 1, 1, 1, 1, 0, 0, 'CONV', 1, 1, 0, 0),  latency: 26.58889142857143
[2m[36m(CompileWorker pid=3594360)[0m compiled for stage:56 name: stage_2_7_acc_grad_1 module id: 1
[2m[36m(CompileWorker pid=3594357)[0m compiled for stage:43 name: stage_1_10_acc_grad_0 module id: 0
[2m[36m(CompileWorker pid=3594357)[0m compiled for stage:43 name: stage_1_10_acc_grad_1 module id: 1
[2m[36m(CompileWorker pid=3594355)[0m  tensor (Large latency) dimensions: (1, 2048, 12288, 12288, 1, 1, 1, 1, 1, 1, 0, 0, 'CONV', 1, 1, 0, 0),  latency: 26.58889142857143
[2m[36m(CompileWorker pid=3594363)[0m compiled for stage:58 name: stage_2_8_acc_grad_0 module id: 0
[2m[36m(CompileWorker pid=3594357)[0m compiled for stage:66 name: stage_3_3_acc_grad_0 module id: 0
[2m[36m(CompileWorker pid=3594357)[0m compiled for stage:66 name: stage_3_3_acc_grad_1 module id: 1
[2m[36m(CompileWorker pid=3594363)[0m compiled for stage:58 name: stage_2_8_acc_grad_1 module id: 1
[2m[36m(CompileWorker pid=3594356)[0m compiled for stage:57 name: stage_2_7_acc_grad_0 module id: 0
[2m[36m(CompileWorker pid=3594362)[0m compiled for stage:45 name: stage_1_11_acc_grad_0 module id: 0
[2m[36m(CompileWorker pid=3594356)[0m compiled for stage:57 name: stage_2_7_acc_grad_1 module id: 1
[2m[36m(CompileWorker pid=3594362)[0m compiled for stage:45 name: stage_1_11_acc_grad_1 module id: 1
[2m[36m(CompileWorker pid=3594355)[0m compiled for stage:67 name: stage_3_3_acc_grad_0 module id: 0
[2m[36m(CompileWorker pid=3594355)[0m compiled for stage:67 name: stage_3_3_acc_grad_1 module id: 1
[2m[36m(CompileWorker pid=3594357)[0m compiled for stage:68 name: stage_3_4_acc_grad_0 module id: 0
[2m[36m(CompileWorker pid=3594357)[0m compiled for stage:68 name: stage_3_4_acc_grad_1 module id: 1
[2m[36m(CompileWorker pid=3594362)[0m  tensor (Large latency) dimensions: (1, 3072, 50257, 50257, 1, 1, 1, 1, 1, 1, 0, 0, 'CONV', 1, 1, 0, 0),  latency: 7998.294604300595
[2m[36m(CompileWorker pid=3594354)[0m compiled for stage:59 name: stage_2_8_acc_grad_0 module id: 0
[2m[36m(CompileWorker pid=3594363)[0m compiled for stage:69 name: stage_3_4_acc_grad_0 module id: 0
[2m[36m(CompileWorker pid=3594363)[0m compiled for stage:69 name: stage_3_4_acc_grad_1 module id: 1
[2m[36m(CompileWorker pid=3594354)[0m compiled for stage:59 name: stage_2_8_acc_grad_1 module id: 1
[2m[36m(CompileWorker pid=3594356)[0m compiled for stage:70 name: stage_3_5_acc_grad_0 module id: 0
[2m[36m(CompileWorker pid=3594356)[0m compiled for stage:70 name: stage_3_5_acc_grad_1 module id: 1
[2m[36m(CompileWorker pid=3594359)[0m compiled for stage:60 name: stage_2_9_acc_grad_0 module id: 0
[2m[36m(CompileWorker pid=3594359)[0m compiled for stage:60 name: stage_2_9_acc_grad_1 module id: 1
[2m[36m(CompileWorker pid=3594355)[0m compiled for stage:71 name: stage_3_5_acc_grad_0 module id: 0
[2m[36m(CompileWorker pid=3594355)[0m compiled for stage:71 name: stage_3_5_acc_grad_1 module id: 1
[2m[36m(CompileWorker pid=3594357)[0m compiled for stage:72 name: stage_3_6_acc_grad_0 module id: 0
[2m[36m(CompileWorker pid=3594357)[0m compiled for stage:72 name: stage_3_6_acc_grad_1 module id: 1
[2m[36m(CompileWorker pid=3594358)[0m compiled for stage:62 name: stage_2_10_acc_grad_0 module id: 0
[2m[36m(CompileWorker pid=3594358)[0m compiled for stage:62 name: stage_2_10_acc_grad_1 module id: 1
[2m[36m(CompileWorker pid=3594362)[0m compiled for stage:73 name: stage_3_6_acc_grad_0 module id: 0
[2m[36m(CompileWorker pid=3594362)[0m compiled for stage:73 name: stage_3_6_acc_grad_1 module id: 1
[2m[36m(CompileWorker pid=3594363)[0m compiled for stage:74 name: stage_3_7_acc_grad_0 module id: 0
[2m[36m(CompileWorker pid=3594363)[0m compiled for stage:74 name: stage_3_7_acc_grad_1 module id: 1
[2m[36m(CompileWorker pid=3594365)[0m compiled for stage:61 name: stage_2_9_acc_grad_0 module id: 0
[2m[36m(CompileWorker pid=3594365)[0m compiled for stage:61 name: stage_2_9_acc_grad_1 module id: 1
[2m[36m(CompileWorker pid=3594356)[0m compiled for stage:76 name: stage_3_8_acc_grad_0 module id: 0
[2m[36m(CompileWorker pid=3594356)[0m compiled for stage:76 name: stage_3_8_acc_grad_1 module id: 1
[2m[36m(CompileWorker pid=3594364)[0m compiled for stage:64 name: stage_2_11_acc_grad_0 module id: 0
[2m[36m(CompileWorker pid=3594354)[0m compiled for stage:75 name: stage_3_7_acc_grad_0 module id: 0
[2m[36m(CompileWorker pid=3594354)[0m compiled for stage:75 name: stage_3_7_acc_grad_1 module id: 1
[2m[36m(CompileWorker pid=3594364)[0m compiled for stage:64 name: stage_2_11_acc_grad_1 module id: 1
[2m[36m(CompileWorker pid=3594356)[0m compiled for stage:84 name: stage_4_4_acc_grad_0 module id: 0
[2m[36m(CompileWorker pid=3594356)[0m compiled for stage:84 name: stage_4_4_acc_grad_1 module id: 1
[2m[36m(CompileWorker pid=3594355)[0m compiled for stage:78 name: stage_3_9_acc_grad_0 module id: 0
[2m[36m(CompileWorker pid=3594354)[0m compiled for stage:85 name: stage_4_4_acc_grad_0 module id: 0
[2m[36m(CompileWorker pid=3594354)[0m compiled for stage:85 name: stage_4_4_acc_grad_1 module id: 1
[2m[36m(CompileWorker pid=3594364)[0m  tensor (Large latency) dimensions: (1, 3072, 50257, 50257, 1, 1, 1, 1, 1, 1, 0, 0, 'CONV', 1, 1, 0, 0),  latency: 7998.294604300595
[2m[36m(CompileWorker pid=3594355)[0m compiled for stage:78 name: stage_3_9_acc_grad_1 module id: 1
[2m[36m(CompileWorker pid=3594356)[0m compiled for stage:86 name: stage_4_5_acc_grad_0 module id: 0
[2m[36m(CompileWorker pid=3594356)[0m compiled for stage:86 name: stage_4_5_acc_grad_1 module id: 1
[2m[36m(CompileWorker pid=3594361)[0m compiled for stage:63 name: stage_2_10_acc_grad_0 module id: 0
[2m[36m(CompileWorker pid=3594361)[0m compiled for stage:63 name: stage_2_10_acc_grad_1 module id: 1
[2m[36m(CompileWorker pid=3594359)[0m compiled for stage:77 name: stage_3_8_acc_grad_0 module id: 0
[2m[36m(CompileWorker pid=3594359)[0m compiled for stage:77 name: stage_3_8_acc_grad_1 module id: 1
[2m[36m(CompileWorker pid=3594354)[0m compiled for stage:87 name: stage_4_5_acc_grad_0 module id: 0
[2m[36m(CompileWorker pid=3594354)[0m compiled for stage:87 name: stage_4_5_acc_grad_1 module id: 1
[2m[36m(CompileWorker pid=3594360)[0m compiled for stage:65 name: stage_2_11_acc_grad_0 module id: 0
[2m[36m(CompileWorker pid=3594364)[0m compiled for stage:88 name: stage_4_6_acc_grad_0 module id: 0
[2m[36m(CompileWorker pid=3594364)[0m compiled for stage:88 name: stage_4_6_acc_grad_1 module id: 1
[2m[36m(CompileWorker pid=3594360)[0m compiled for stage:65 name: stage_2_11_acc_grad_1 module id: 1
[2m[36m(CompileWorker pid=3594357)[0m compiled for stage:79 name: stage_3_9_acc_grad_0 module id: 0
[2m[36m(CompileWorker pid=3594355)[0m compiled for stage:89 name: stage_4_6_acc_grad_0 module id: 0
[2m[36m(CompileWorker pid=3594355)[0m compiled for stage:89 name: stage_4_6_acc_grad_1 module id: 1
[2m[36m(CompileWorker pid=3594357)[0m compiled for stage:79 name: stage_3_9_acc_grad_1 module id: 1
[2m[36m(CompileWorker pid=3594358)[0m compiled for stage:80 name: stage_3_10_acc_grad_0 module id: 0
[2m[36m(CompileWorker pid=3594360)[0m  tensor (Large latency) dimensions: (1, 3072, 50257, 50257, 1, 1, 1, 1, 1, 1, 0, 0, 'CONV', 1, 1, 0, 0),  latency: 7998.294604300595
[2m[36m(CompileWorker pid=3594358)[0m compiled for stage:80 name: stage_3_10_acc_grad_1 module id: 1
[2m[36m(CompileWorker pid=3594356)[0m compiled for stage:90 name: stage_4_7_acc_grad_0 module id: 0
[2m[36m(CompileWorker pid=3594356)[0m compiled for stage:90 name: stage_4_7_acc_grad_1 module id: 1
[2m[36m(CompileWorker pid=3594363)[0m compiled for stage:82 name: stage_3_11_acc_grad_0 module id: 0
[2m[36m(CompileWorker pid=3594360)[0m  tensor (Large latency) dimensions: (1, 2048, 12288, 12288, 1, 1, 1, 1, 1, 1, 0, 0, 'CONV', 1, 1, 0, 0),  latency: 26.58889142857143
[2m[36m(CompileWorker pid=3594363)[0m compiled for stage:82 name: stage_3_11_acc_grad_1 module id: 1
[2m[36m(CompileWorker pid=3594361)[0m compiled for stage:91 name: stage_4_7_acc_grad_0 module id: 0
[2m[36m(CompileWorker pid=3594354)[0m compiled for stage:92 name: stage_4_8_acc_grad_0 module id: 0
[2m[36m(CompileWorker pid=3594361)[0m compiled for stage:91 name: stage_4_7_acc_grad_1 module id: 1
[2m[36m(CompileWorker pid=3594354)[0m compiled for stage:92 name: stage_4_8_acc_grad_1 module id: 1
[2m[36m(CompileWorker pid=3594362)[0m compiled for stage:81 name: stage_3_10_acc_grad_0 module id: 0
[2m[36m(CompileWorker pid=3594363)[0m  tensor (Large latency) dimensions: (1, 3072, 50257, 50257, 1, 1, 1, 1, 1, 1, 0, 0, 'CONV', 1, 1, 0, 0),  latency: 7998.294604300595
[2m[36m(CompileWorker pid=3594361)[0m compiled for stage:100 name: stage_5_5_acc_grad_0 module id: 0
[2m[36m(CompileWorker pid=3594361)[0m compiled for stage:100 name: stage_5_5_acc_grad_1 module id: 1
[2m[36m(CompileWorker pid=3594362)[0m compiled for stage:81 name: stage_3_10_acc_grad_1 module id: 1
[2m[36m(CompileWorker pid=3594354)[0m compiled for stage:101 name: stage_5_5_acc_grad_0 module id: 0
[2m[36m(CompileWorker pid=3594354)[0m compiled for stage:101 name: stage_5_5_acc_grad_1 module id: 1
[2m[36m(CompileWorker pid=3594364)[0m compiled for stage:94 name: stage_4_9_acc_grad_0 module id: 0
[2m[36m(CompileWorker pid=3594364)[0m compiled for stage:94 name: stage_4_9_acc_grad_1 module id: 1
[2m[36m(CompileWorker pid=3594359)[0m compiled for stage:93 name: stage_4_8_acc_grad_0 module id: 0
[2m[36m(CompileWorker pid=3594359)[0m compiled for stage:93 name: stage_4_8_acc_grad_1 module id: 1
[2m[36m(CompileWorker pid=3594361)[0m compiled for stage:102 name: stage_5_6_acc_grad_0 module id: 0
[2m[36m(CompileWorker pid=3594365)[0m compiled for stage:83 name: stage_3_11_acc_grad_0 module id: 0
[2m[36m(CompileWorker pid=3594363)[0m  tensor (Large latency) dimensions: (1, 2048, 12288, 12288, 1, 1, 1, 1, 1, 1, 0, 0, 'CONV', 1, 1, 0, 0),  latency: 26.58889142857143
[2m[36m(CompileWorker pid=3594354)[0m compiled for stage:103 name: stage_5_6_acc_grad_0 module id: 0
[2m[36m(CompileWorker pid=3594361)[0m compiled for stage:102 name: stage_5_6_acc_grad_1 module id: 1
[2m[36m(CompileWorker pid=3594354)[0m compiled for stage:103 name: stage_5_6_acc_grad_1 module id: 1
[2m[36m(CompileWorker pid=3594365)[0m compiled for stage:83 name: stage_3_11_acc_grad_1 module id: 1
[2m[36m(CompileWorker pid=3594362)[0m compiled for stage:104 name: stage_5_7_acc_grad_0 module id: 0
[2m[36m(CompileWorker pid=3594357)[0m compiled for stage:96 name: stage_4_10_acc_grad_0 module id: 0
[2m[36m(CompileWorker pid=3594362)[0m compiled for stage:104 name: stage_5_7_acc_grad_1 module id: 1
[2m[36m(CompileWorker pid=3594357)[0m compiled for stage:96 name: stage_4_10_acc_grad_1 module id: 1
[2m[36m(CompileWorker pid=3594365)[0m  tensor (Large latency) dimensions: (1, 3072, 50257, 50257, 1, 1, 1, 1, 1, 1, 0, 0, 'CONV', 1, 1, 0, 0),  latency: 7998.294604300595
[2m[36m(CompileWorker pid=3594355)[0m compiled for stage:95 name: stage_4_9_acc_grad_0 module id: 0
[2m[36m(CompileWorker pid=3594355)[0m compiled for stage:95 name: stage_4_9_acc_grad_1 module id: 1
[2m[36m(CompileWorker pid=3594364)[0m compiled for stage:105 name: stage_5_7_acc_grad_0 module id: 0
[2m[36m(CompileWorker pid=3594364)[0m compiled for stage:105 name: stage_5_7_acc_grad_1 module id: 1
[2m[36m(CompileWorker pid=3594359)[0m compiled for stage:106 name: stage_5_8_acc_grad_0 module id: 0
[2m[36m(CompileWorker pid=3594359)[0m compiled for stage:106 name: stage_5_8_acc_grad_1 module id: 1
[2m[36m(CompileWorker pid=3594365)[0m  tensor (Large latency) dimensions: (1, 2048, 12288, 12288, 1, 1, 1, 1, 1, 1, 0, 0, 'CONV', 1, 1, 0, 0),  latency: 26.58889142857143
[2m[36m(CompileWorker pid=3594356)[0m compiled for stage:98 name: stage_4_11_acc_grad_0 module id: 0
[2m[36m(CompileWorker pid=3594359)[0m compiled for stage:114 name: stage_6_6_acc_grad_0 module id: 0
[2m[36m(CompileWorker pid=3594358)[0m compiled for stage:97 name: stage_4_10_acc_grad_0 module id: 0
[2m[36m(CompileWorker pid=3594359)[0m compiled for stage:114 name: stage_6_6_acc_grad_1 module id: 1
[2m[36m(CompileWorker pid=3594356)[0m compiled for stage:98 name: stage_4_11_acc_grad_1 module id: 1
[2m[36m(CompileWorker pid=3594365)[0m compiled for stage:115 name: stage_6_6_acc_grad_0 module id: 0
[2m[36m(CompileWorker pid=3594365)[0m compiled for stage:115 name: stage_6_6_acc_grad_1 module id: 1
[2m[36m(CompileWorker pid=3594358)[0m compiled for stage:97 name: stage_4_10_acc_grad_1 module id: 1
[2m[36m(CompileWorker pid=3594361)[0m compiled for stage:108 name: stage_5_9_acc_grad_0 module id: 0
[2m[36m(CompileWorker pid=3594361)[0m compiled for stage:108 name: stage_5_9_acc_grad_1 module id: 1
[2m[36m(CompileWorker pid=3594363)[0m compiled for stage:107 name: stage_5_8_acc_grad_0 module id: 0
[2m[36m(CompileWorker pid=3594363)[0m compiled for stage:107 name: stage_5_8_acc_grad_1 module id: 1
[2m[36m(CompileWorker pid=3594356)[0m  tensor (Large latency) dimensions: (1, 3072, 50257, 50257, 1, 1, 1, 1, 1, 1, 0, 0, 'CONV', 1, 1, 0, 0),  latency: 7998.294604300595
[2m[36m(CompileWorker pid=3594359)[0m compiled for stage:116 name: stage_6_7_acc_grad_0 module id: 0
[2m[36m(CompileWorker pid=3594359)[0m compiled for stage:116 name: stage_6_7_acc_grad_1 module id: 1
[2m[36m(CompileWorker pid=3594354)[0m compiled for stage:109 name: stage_5_9_acc_grad_0 module id: 0
[2m[36m(CompileWorker pid=3594365)[0m compiled for stage:117 name: stage_6_7_acc_grad_0 module id: 0
[2m[36m(CompileWorker pid=3594362)[0m compiled for stage:110 name: stage_5_10_acc_grad_0 module id: 0
[2m[36m(CompileWorker pid=3594354)[0m compiled for stage:109 name: stage_5_9_acc_grad_1 module id: 1
[2m[36m(CompileWorker pid=3594365)[0m compiled for stage:117 name: stage_6_7_acc_grad_1 module id: 1
[2m[36m(CompileWorker pid=3594362)[0m compiled for stage:110 name: stage_5_10_acc_grad_1 module id: 1
[2m[36m(CompileWorker pid=3594358)[0m compiled for stage:118 name: stage_6_8_acc_grad_0 module id: 0
[2m[36m(CompileWorker pid=3594358)[0m compiled for stage:118 name: stage_6_8_acc_grad_1 module id: 1
[2m[36m(CompileWorker pid=3594360)[0m compiled for stage:99 name: stage_4_11_acc_grad_0 module id: 0
[2m[36m(CompileWorker pid=3594360)[0m compiled for stage:99 name: stage_4_11_acc_grad_1 module id: 1
[2m[36m(CompileWorker pid=3594356)[0m  tensor (Large latency) dimensions: (1, 2048, 12288, 12288, 1, 1, 1, 1, 1, 1, 0, 0, 'CONV', 1, 1, 0, 0),  latency: 26.58889142857143
[2m[36m(CompileWorker pid=3594361)[0m compiled for stage:119 name: stage_6_8_acc_grad_0 module id: 0
[2m[36m(CompileWorker pid=3594361)[0m compiled for stage:119 name: stage_6_8_acc_grad_1 module id: 1
[2m[36m(CompileWorker pid=3594355)[0m compiled for stage:112 name: stage_5_11_acc_grad_0 module id: 0
[2m[36m(CompileWorker pid=3594355)[0m compiled for stage:112 name: stage_5_11_acc_grad_1 module id: 1
[2m[36m(CompileWorker pid=3594363)[0m compiled for stage:120 name: stage_6_9_acc_grad_0 module id: 0
[2m[36m(CompileWorker pid=3594363)[0m compiled for stage:120 name: stage_6_9_acc_grad_1 module id: 1
[2m[36m(CompileWorker pid=3594356)[0m compiled for stage:126 name: stage_7_7_acc_grad_0 module id: 0
[2m[36m(CompileWorker pid=3594356)[0m compiled for stage:126 name: stage_7_7_acc_grad_1 module id: 1
[2m[36m(CompileWorker pid=3594361)[0m compiled for stage:127 name: stage_7_7_acc_grad_0 module id: 0
[2m[36m(CompileWorker pid=3594357)[0m compiled for stage:111 name: stage_5_10_acc_grad_0 module id: 0
[2m[36m(CompileWorker pid=3594361)[0m compiled for stage:127 name: stage_7_7_acc_grad_1 module id: 1
[2m[36m(CompileWorker pid=3594357)[0m compiled for stage:111 name: stage_5_10_acc_grad_1 module id: 1
[2m[36m(CompileWorker pid=3594360)[0m compiled for stage:128 name: stage_7_8_acc_grad_0 module id: 0
[2m[36m(CompileWorker pid=3594360)[0m compiled for stage:128 name: stage_7_8_acc_grad_1 module id: 1
[2m[36m(CompileWorker pid=3594359)[0m compiled for stage:121 name: stage_6_9_acc_grad_0 module id: 0
[2m[36m(CompileWorker pid=3594355)[0m compiled for stage:129 name: stage_7_8_acc_grad_0 module id: 0
[2m[36m(CompileWorker pid=3594355)[0m compiled for stage:129 name: stage_7_8_acc_grad_1 module id: 1
[2m[36m(CompileWorker pid=3594359)[0m compiled for stage:121 name: stage_6_9_acc_grad_1 module id: 1
[2m[36m(CompileWorker pid=3594365)[0m compiled for stage:122 name: stage_6_10_acc_grad_0 module id: 0
[2m[36m(CompileWorker pid=3594365)[0m compiled for stage:122 name: stage_6_10_acc_grad_1 module id: 1
[2m[36m(CompileWorker pid=3594363)[0m compiled for stage:130 name: stage_7_9_acc_grad_0 module id: 0
[2m[36m(CompileWorker pid=3594363)[0m compiled for stage:130 name: stage_7_9_acc_grad_1 module id: 1
[2m[36m(CompileWorker pid=3594359)[0m compiled for stage:136 name: stage_8_8_acc_grad_0 module id: 0
[2m[36m(CompileWorker pid=3594364)[0m compiled for stage:113 name: stage_5_11_acc_grad_0 module id: 0
[2m[36m(CompileWorker pid=3594359)[0m compiled for stage:136 name: stage_8_8_acc_grad_1 module id: 1
[2m[36m(CompileWorker pid=3594364)[0m compiled for stage:113 name: stage_5_11_acc_grad_1 module id: 1
[2m[36m(CompileWorker pid=3594362)[0m compiled for stage:124 name: stage_6_11_acc_grad_0 module id: 0
[2m[36m(CompileWorker pid=3594362)[0m compiled for stage:124 name: stage_6_11_acc_grad_1 module id: 1
[2m[36m(CompileWorker pid=3594365)[0m compiled for stage:137 name: stage_8_8_acc_grad_0 module id: 0
[2m[36m(CompileWorker pid=3594365)[0m compiled for stage:137 name: stage_8_8_acc_grad_1 module id: 1
[2m[36m(CompileWorker pid=3594356)[0m compiled for stage:131 name: stage_7_9_acc_grad_0 module id: 0
[2m[36m(CompileWorker pid=3594356)[0m compiled for stage:131 name: stage_7_9_acc_grad_1 module id: 1
[2m[36m(CompileWorker pid=3594361)[0m compiled for stage:132 name: stage_7_10_acc_grad_0 module id: 0
[2m[36m(CompileWorker pid=3594361)[0m compiled for stage:132 name: stage_7_10_acc_grad_1 module id: 1
[2m[36m(CompileWorker pid=3594354)[0m compiled for stage:123 name: stage_6_10_acc_grad_0 module id: 0
[2m[36m(CompileWorker pid=3594363)[0m compiled for stage:138 name: stage_8_9_acc_grad_0 module id: 0
[2m[36m(CompileWorker pid=3594354)[0m compiled for stage:123 name: stage_6_10_acc_grad_1 module id: 1
[2m[36m(CompileWorker pid=3594363)[0m compiled for stage:138 name: stage_8_9_acc_grad_1 module id: 1
[2m[36m(CompileWorker pid=3594361)[0m compiled for stage:144 name: stage_9_9_acc_grad_0 module id: 0
[2m[36m(CompileWorker pid=3594361)[0m compiled for stage:144 name: stage_9_9_acc_grad_1 module id: 1
[2m[36m(CompileWorker pid=3594359)[0m compiled for stage:139 name: stage_8_9_acc_grad_0 module id: 0
[2m[36m(CompileWorker pid=3594359)[0m compiled for stage:139 name: stage_8_9_acc_grad_1 module id: 1
[2m[36m(CompileWorker pid=3594360)[0m compiled for stage:134 name: stage_7_11_acc_grad_0 module id: 0
[2m[36m(CompileWorker pid=3594363)[0m compiled for stage:145 name: stage_9_9_acc_grad_0 module id: 0
[2m[36m(CompileWorker pid=3594363)[0m compiled for stage:145 name: stage_9_9_acc_grad_1 module id: 1
[2m[36m(CompileWorker pid=3594360)[0m compiled for stage:134 name: stage_7_11_acc_grad_1 module id: 1
[2m[36m(CompileWorker pid=3594358)[0m compiled for stage:125 name: stage_6_11_acc_grad_0 module id: 0
[2m[36m(CompileWorker pid=3594357)[0m compiled for stage:133 name: stage_7_10_acc_grad_0 module id: 0
[2m[36m(CompileWorker pid=3594358)[0m compiled for stage:125 name: stage_6_11_acc_grad_1 module id: 1
[2m[36m(CompileWorker pid=3594357)[0m compiled for stage:133 name: stage_7_10_acc_grad_1 module id: 1
[2m[36m(CompileWorker pid=3594364)[0m compiled for stage:140 name: stage_8_10_acc_grad_0 module id: 0
[2m[36m(CompileWorker pid=3594364)[0m compiled for stage:140 name: stage_8_10_acc_grad_1 module id: 1
[2m[36m(CompileWorker pid=3594354)[0m compiled for stage:146 name: stage_9_10_acc_grad_0 module id: 0
[2m[36m(CompileWorker pid=3594354)[0m compiled for stage:146 name: stage_9_10_acc_grad_1 module id: 1
[2m[36m(CompileWorker pid=3594360)[0m compiled for stage:150 name: stage_10_10_acc_grad_0 module id: 0
[2m[36m(CompileWorker pid=3594360)[0m compiled for stage:150 name: stage_10_10_acc_grad_1 module id: 1
[2m[36m(CompileWorker pid=3594362)[0m compiled for stage:142 name: stage_8_11_acc_grad_0 module id: 0
[2m[36m(CompileWorker pid=3594365)[0m compiled for stage:141 name: stage_8_10_acc_grad_0 module id: 0
[2m[36m(CompileWorker pid=3594362)[0m compiled for stage:142 name: stage_8_11_acc_grad_1 module id: 1
[2m[36m(CompileWorker pid=3594358)[0m  tensor (Large latency) dimensions: (1, 3072, 50257, 50257, 1, 1, 1, 1, 1, 1, 0, 0, 'CONV', 1, 1, 0, 0),  latency: 7998.294604300595
[2m[36m(CompileWorker pid=3594365)[0m compiled for stage:141 name: stage_8_10_acc_grad_1 module id: 1
[2m[36m(CompileWorker pid=3594357)[0m compiled for stage:151 name: stage_10_10_acc_grad_0 module id: 0
[2m[36m(CompileWorker pid=3594357)[0m compiled for stage:151 name: stage_10_10_acc_grad_1 module id: 1
[2m[36m(CompileWorker pid=3594355)[0m compiled for stage:135 name: stage_7_11_acc_grad_0 module id: 0
[2m[36m(CompileWorker pid=3594360)[0m compiled for stage:154 name: stage_11_11_acc_grad_0 module id: 0
[2m[36m(CompileWorker pid=3594360)[0m compiled for stage:154 name: stage_11_11_acc_grad_1 module id: 1
[2m[36m(CompileWorker pid=3594361)[0m compiled for stage:147 name: stage_9_10_acc_grad_0 module id: 0
[2m[36m(CompileWorker pid=3594361)[0m compiled for stage:147 name: stage_9_10_acc_grad_1 module id: 1
[2m[36m(CompileWorker pid=3594364)[0m compiled for stage:152 name: stage_10_11_acc_grad_0 module id: 0
[2m[36m(CompileWorker pid=3594355)[0m compiled for stage:135 name: stage_7_11_acc_grad_1 module id: 1
[2m[36m(CompileWorker pid=3594359)[0m compiled for stage:148 name: stage_9_11_acc_grad_0 module id: 0
[2m[36m(CompileWorker pid=3594364)[0m compiled for stage:152 name: stage_10_11_acc_grad_1 module id: 1
[2m[36m(CompileWorker pid=3594362)[0m compiled for stage:155 name: stage_11_11_acc_grad_0 module id: 0
[2m[36m(CompileWorker pid=3594362)[0m compiled for stage:155 name: stage_11_11_acc_grad_1 module id: 1
[2m[36m(CompileWorker pid=3594359)[0m compiled for stage:148 name: stage_9_11_acc_grad_1 module id: 1
[2m[36m(CompileWorker pid=3594356)[0m compiled for stage:143 name: stage_8_11_acc_grad_0 module id: 0
[2m[36m(CompileWorker pid=3594356)[0m compiled for stage:143 name: stage_8_11_acc_grad_1 module id: 1
[2m[36m(CompileWorker pid=3594363)[0m compiled for stage:149 name: stage_9_11_acc_grad_0 module id: 0
[2m[36m(CompileWorker pid=3594363)[0m compiled for stage:149 name: stage_9_11_acc_grad_1 module id: 1
[2m[36m(CompileWorker pid=3594354)[0m compiled for stage:153 name: stage_10_11_acc_grad_0 module id: 0
[2m[36m(CompileWorker pid=3594354)[0m compiled for stage:153 name: stage_10_11_acc_grad_1 module id: 1
[2m[36m(CompileWorker pid=3594359)[0m  tensor (Large latency) dimensions: (1, 3072, 50257, 50257, 1, 1, 1, 1, 1, 1, 0, 0, 'CONV', 1, 1, 0, 0),  latency: 7998.294604300595
[2m[36m(CompileWorker pid=3594358)[0m  tensor (Large latency) dimensions: (1, 2048, 12288, 12288, 1, 1, 1, 1, 1, 1, 0, 0, 'CONV', 1, 1, 0, 0),  latency: 26.58889142857143
[2m[36m(CompileWorker pid=3594354)[0m  tensor (Large latency) dimensions: (1, 3072, 50257, 50257, 1, 1, 1, 1, 1, 1, 0, 0, 'CONV', 1, 1, 0, 0),  latency: 7998.294604300595
[2m[36m(CompileWorker pid=3594359)[0m  tensor (Large latency) dimensions: (1, 2048, 12288, 12288, 1, 1, 1, 1, 1, 1, 0, 0, 'CONV', 1, 1, 0, 0),  latency: 26.58889142857143
- parse estimation results for all stages
[2m[36m(CompileWorker pid=3594354)[0m  tensor (Large latency) dimensions: (1, 2048, 12288, 12288, 1, 1, 1, 1, 1, 1, 0, 0, 'CONV', 1, 1, 0, 0),  latency: 26.58889142857143
Using pre computed peak Mem for (0, 0, 2, 0), module 0
result[(0, 0, 2, 0), 0] = ModuleProfileResult(compute_cost=1060.416, peak_memory=3.400 GB, invar_size=2.006 GB, outvar_size=2.382 GB, temp_buffer_size=-0.988 GB, available_memory=64.000 GB, comm_cost=0.468)
Using pre computed peak Mem for (0, 0, 2, 0), module 1
result[(0, 0, 2, 0), 1] = ModuleProfileResult(compute_cost=4874.815, peak_memory=3.900 GB, invar_size=4.388 GB, outvar_size=2.006 GB, temp_buffer_size=-0.488 GB, available_memory=64.000 GB, comm_cost=0.310)
Using pre computed peak Mem for (0, 0, 2, 1), module 0
result[(0, 0, 2, 1), 0] = ModuleProfileResult(compute_cost=1060.416, peak_memory=3.400 GB, invar_size=2.006 GB, outvar_size=2.382 GB, temp_buffer_size=-0.988 GB, available_memory=64.000 GB, comm_cost=0.468)
Using pre computed peak Mem for (0, 0, 2, 1), module 1
result[(0, 0, 2, 1), 1] = ModuleProfileResult(compute_cost=4874.815, peak_memory=3.900 GB, invar_size=4.388 GB, outvar_size=2.006 GB, temp_buffer_size=-0.488 GB, available_memory=64.000 GB, comm_cost=0.311)
Using pre computed peak Mem for (0, 1, 2, 0), module 0
result[(0, 1, 2, 0), 0] = ModuleProfileResult(compute_cost=1397.708, peak_memory=6.800 GB, invar_size=2.850 GB, outvar_size=4.715 GB, temp_buffer_size=-0.765 GB, available_memory=64.000 GB, comm_cost=0.711)
Using pre computed peak Mem for (0, 1, 2, 0), module 1
result[(0, 1, 2, 0), 1] = ModuleProfileResult(compute_cost=5415.021, peak_memory=7.800 GB, invar_size=7.565 GB, outvar_size=2.850 GB, temp_buffer_size=0.235 GB, available_memory=64.000 GB, comm_cost=0.584)
Using pre computed peak Mem for (0, 1, 2, 1), module 0
result[(0, 1, 2, 1), 0] = ModuleProfileResult(compute_cost=1216.076, peak_memory=6.800 GB, invar_size=3.483 GB, outvar_size=5.383 GB, temp_buffer_size=-2.065 GB, available_memory=64.000 GB, comm_cost=0.522)
Using pre computed peak Mem for (0, 1, 2, 1), module 1
result[(0, 1, 2, 1), 1] = ModuleProfileResult(compute_cost=6776.260, peak_memory=7.800 GB, invar_size=8.865 GB, outvar_size=3.483 GB, temp_buffer_size=-1.065 GB, available_memory=64.000 GB, comm_cost=0.597)
Using pre computed peak Mem for (0, 2, 2, 0), module 0
result[(0, 2, 2, 0), 0] = ModuleProfileResult(compute_cost=2014.223, peak_memory=10.200 GB, invar_size=3.975 GB, outvar_size=7.926 GB, temp_buffer_size=-1.701 GB, available_memory=64.000 GB, comm_cost=1.177)
Using pre computed peak Mem for (0, 2, 2, 0), module 1
result[(0, 2, 2, 0), 1] = ModuleProfileResult(compute_cost=6119.330, peak_memory=11.700 GB, invar_size=11.901 GB, outvar_size=3.975 GB, temp_buffer_size=-0.201 GB, available_memory=64.000 GB, comm_cost=1.111)
Using pre computed peak Mem for (0, 2, 2, 1), module 0
result[(0, 2, 2, 1), 0] = ModuleProfileResult(compute_cost=2014.223, peak_memory=10.200 GB, invar_size=3.975 GB, outvar_size=7.926 GB, temp_buffer_size=-1.701 GB, available_memory=64.000 GB, comm_cost=1.177)
Using pre computed peak Mem for (0, 2, 2, 1), module 1
result[(0, 2, 2, 1), 1] = ModuleProfileResult(compute_cost=6119.328, peak_memory=11.700 GB, invar_size=11.901 GB, outvar_size=3.975 GB, temp_buffer_size=-0.201 GB, available_memory=64.000 GB, comm_cost=1.112)
Using pre computed peak Mem for (0, 3, 2, 0), module 0
result[(0, 3, 2, 0), 0] = ModuleProfileResult(compute_cost=2351.327, peak_memory=13.600 GB, invar_size=4.819 GB, outvar_size=10.094 GB, temp_buffer_size=-1.314 GB, available_memory=64.000 GB, comm_cost=1.421)
Using pre computed peak Mem for (0, 3, 2, 0), module 1
result[(0, 3, 2, 0), 1] = ModuleProfileResult(compute_cost=6659.255, peak_memory=15.600 GB, invar_size=14.914 GB, outvar_size=4.819 GB, temp_buffer_size=0.686 GB, available_memory=64.000 GB, comm_cost=1.384)
Using pre computed peak Mem for (0, 3, 2, 1), module 0
result[(0, 3, 2, 1), 0] = ModuleProfileResult(compute_cost=2331.231, peak_memory=13.600 GB, invar_size=5.030 GB, outvar_size=10.341 GB, temp_buffer_size=-1.771 GB, available_memory=64.000 GB, comm_cost=1.405)
Using pre computed peak Mem for (0, 3, 2, 1), module 1
result[(0, 3, 2, 1), 1] = ModuleProfileResult(compute_cost=6779.150, peak_memory=15.600 GB, invar_size=15.441 GB, outvar_size=5.030 GB, temp_buffer_size=0.159 GB, available_memory=64.000 GB, comm_cost=1.209)
Using pre computed peak Mem for (0, 4, 2, 0), module 0
result[(0, 4, 2, 0), 0] = ModuleProfileResult(compute_cost=2688.431, peak_memory=17.000 GB, invar_size=5.663 GB, outvar_size=12.439 GB, temp_buffer_size=-1.102 GB, available_memory=64.000 GB, comm_cost=1.664)
Using pre computed peak Mem for (0, 4, 2, 0), module 1
result[(0, 4, 2, 0), 1] = ModuleProfileResult(compute_cost=7199.181, peak_memory=19.500 GB, invar_size=18.102 GB, outvar_size=5.663 GB, temp_buffer_size=1.398 GB, available_memory=64.000 GB, comm_cost=1.658)
Using pre computed peak Mem for (0, 4, 2, 1), module 0
result[(0, 4, 2, 1), 0] = ModuleProfileResult(compute_cost=2688.437, peak_memory=17.000 GB, invar_size=5.663 GB, outvar_size=12.614 GB, temp_buffer_size=-1.278 GB, available_memory=64.000 GB, comm_cost=1.669)
Using pre computed peak Mem for (0, 4, 2, 1), module 1
result[(0, 4, 2, 1), 1] = ModuleProfileResult(compute_cost=7198.377, peak_memory=19.500 GB, invar_size=18.278 GB, outvar_size=5.663 GB, temp_buffer_size=1.222 GB, available_memory=64.000 GB, comm_cost=0.864)
Using pre computed peak Mem for (0, 5, 2, 0), module 0
result[(0, 5, 2, 0), 0] = ModuleProfileResult(compute_cost=3000.582, peak_memory=20.400 GB, invar_size=6.507 GB, outvar_size=14.572 GB, temp_buffer_size=-0.679 GB, available_memory=64.000 GB, comm_cost=2.090)
Using pre computed peak Mem for (0, 5, 2, 0), module 1
result[(0, 5, 2, 0), 1] = ModuleProfileResult(compute_cost=7708.783, peak_memory=23.400 GB, invar_size=21.149 GB, outvar_size=6.507 GB, temp_buffer_size=2.251 GB, available_memory=64.000 GB, comm_cost=1.944)
Using pre computed peak Mem for (0, 5, 2, 1), module 0
result[(0, 5, 2, 1), 0] = ModuleProfileResult(compute_cost=2662.263, peak_memory=20.400 GB, invar_size=7.773 GB, outvar_size=16.013 GB, temp_buffer_size=-3.386 GB, available_memory=64.000 GB, comm_cost=1.518)
Using pre computed peak Mem for (0, 5, 2, 1), module 1
result[(0, 5, 2, 1), 1] = ModuleProfileResult(compute_cost=10461.777, peak_memory=23.400 GB, invar_size=23.786 GB, outvar_size=7.773 GB, temp_buffer_size=-0.386 GB, available_memory=64.000 GB, comm_cost=2.148)
Using pre computed peak Mem for (0, 6, 2, 0), module 0
result[(0, 6, 2, 0), 0] = ModuleProfileResult(compute_cost=3362.640, peak_memory=23.800 GB, invar_size=7.351 GB, outvar_size=16.881 GB, temp_buffer_size=-0.432 GB, available_memory=64.000 GB, comm_cost=2.151)
Using pre computed peak Mem for (0, 6, 2, 0), module 1
result[(0, 6, 2, 0), 1] = ModuleProfileResult(compute_cost=8279.034, peak_memory=27.300 GB, invar_size=24.232 GB, outvar_size=7.351 GB, temp_buffer_size=3.068 GB, available_memory=64.000 GB, comm_cost=2.208)
Using pre computed peak Mem for (0, 6, 2, 1), module 0
result[(0, 6, 2, 1), 0] = ModuleProfileResult(compute_cost=3362.640, peak_memory=23.800 GB, invar_size=7.351 GB, outvar_size=17.162 GB, temp_buffer_size=-0.713 GB, available_memory=64.000 GB, comm_cost=2.151)
Using pre computed peak Mem for (0, 6, 2, 1), module 1
result[(0, 6, 2, 1), 1] = ModuleProfileResult(compute_cost=8278.427, peak_memory=27.300 GB, invar_size=24.513 GB, outvar_size=7.351 GB, temp_buffer_size=2.787 GB, available_memory=64.000 GB, comm_cost=1.609)
Using pre computed peak Mem for (0, 7, 2, 0), module 0
result[(0, 7, 2, 0), 0] = ModuleProfileResult(compute_cost=3699.744, peak_memory=27.200 GB, invar_size=8.195 GB, outvar_size=19.084 GB, temp_buffer_size=-0.079 GB, available_memory=64.000 GB, comm_cost=2.394)
Using pre computed peak Mem for (0, 7, 2, 0), module 1
result[(0, 7, 2, 0), 1] = ModuleProfileResult(compute_cost=8818.957, peak_memory=31.200 GB, invar_size=27.279 GB, outvar_size=8.195 GB, temp_buffer_size=3.921 GB, available_memory=64.000 GB, comm_cost=2.479)
Using pre computed peak Mem for (0, 7, 2, 1), module 0
result[(0, 7, 2, 1), 0] = ModuleProfileResult(compute_cost=3699.744, peak_memory=27.200 GB, invar_size=8.195 GB, outvar_size=19.365 GB, temp_buffer_size=-0.361 GB, available_memory=64.000 GB, comm_cost=2.394)
Using pre computed peak Mem for (0, 7, 2, 1), module 1
result[(0, 7, 2, 1), 1] = ModuleProfileResult(compute_cost=8817.750, peak_memory=31.200 GB, invar_size=27.561 GB, outvar_size=8.195 GB, temp_buffer_size=3.639 GB, available_memory=64.000 GB, comm_cost=1.284)
Using pre computed peak Mem for (0, 8, 2, 0), module 0
result[(0, 8, 2, 0), 0] = ModuleProfileResult(compute_cost=4036.848, peak_memory=30.600 GB, invar_size=9.039 GB, outvar_size=21.288 GB, temp_buffer_size=0.273 GB, available_memory=64.000 GB, comm_cost=2.638)
Using pre computed peak Mem for (0, 8, 2, 0), module 1
result[(0, 8, 2, 0), 1] = ModuleProfileResult(compute_cost=9358.883, peak_memory=35.100 GB, invar_size=30.327 GB, outvar_size=9.039 GB, temp_buffer_size=4.773 GB, available_memory=64.000 GB, comm_cost=2.753)
Using pre computed peak Mem for (0, 8, 2, 1), module 0
result[(0, 8, 2, 1), 0] = ModuleProfileResult(compute_cost=2947.034, peak_memory=30.600 GB, invar_size=12.836 GB, outvar_size=25.084 GB, temp_buffer_size=-7.320 GB, available_memory=64.000 GB, comm_cost=1.470)
Using pre computed peak Mem for (0, 8, 2, 1), module 1
result[(0, 8, 2, 1), 1] = ModuleProfileResult(compute_cost=17527.104, peak_memory=35.100 GB, invar_size=37.920 GB, outvar_size=12.836 GB, temp_buffer_size=-2.820 GB, available_memory=64.000 GB, comm_cost=3.603)
Using pre computed peak Mem for (0, 9, 2, 0), module 0
result[(0, 9, 2, 0), 0] = ModuleProfileResult(compute_cost=4373.952, peak_memory=34.000 GB, invar_size=9.883 GB, outvar_size=23.456 GB, temp_buffer_size=0.661 GB, available_memory=64.000 GB, comm_cost=2.881)
Using pre computed peak Mem for (0, 9, 2, 0), module 1
result[(0, 9, 2, 0), 1] = ModuleProfileResult(compute_cost=9898.812, peak_memory=39.000 GB, invar_size=33.339 GB, outvar_size=9.883 GB, temp_buffer_size=5.661 GB, available_memory=64.000 GB, comm_cost=3.031)
Using pre computed peak Mem for (0, 9, 2, 1), module 0
result[(0, 9, 2, 1), 0] = ModuleProfileResult(compute_cost=3284.136, peak_memory=34.000 GB, invar_size=13.680 GB, outvar_size=27.323 GB, temp_buffer_size=-7.003 GB, available_memory=64.000 GB, comm_cost=1.711)
Using pre computed peak Mem for (0, 9, 2, 1), module 1
result[(0, 9, 2, 1), 1] = ModuleProfileResult(compute_cost=18067.025, peak_memory=39.000 GB, invar_size=41.003 GB, outvar_size=13.680 GB, temp_buffer_size=-2.003 GB, available_memory=64.000 GB, comm_cost=3.873)
Using pre computed peak Mem for (0, 10, 2, 0), module 0
result[(0, 10, 2, 0), 0] = ModuleProfileResult(compute_cost=4711.056, peak_memory=37.400 GB, invar_size=10.727 GB, outvar_size=25.870 GB, temp_buffer_size=0.803 GB, available_memory=64.000 GB, comm_cost=3.125)
Using pre computed peak Mem for (0, 10, 2, 0), module 1
result[(0, 10, 2, 0), 1] = ModuleProfileResult(compute_cost=10438.740, peak_memory=42.900 GB, invar_size=36.597 GB, outvar_size=10.727 GB, temp_buffer_size=6.303 GB, available_memory=64.000 GB, comm_cost=3.307)
Using pre computed peak Mem for (0, 10, 2, 1), module 0
result[(0, 10, 2, 1), 0] = ModuleProfileResult(compute_cost=4711.056, peak_memory=37.400 GB, invar_size=10.727 GB, outvar_size=26.187 GB, temp_buffer_size=0.486 GB, available_memory=64.000 GB, comm_cost=3.125)
Using pre computed peak Mem for (0, 10, 2, 1), module 1
result[(0, 10, 2, 1), 1] = ModuleProfileResult(compute_cost=10437.325, peak_memory=42.900 GB, invar_size=36.914 GB, outvar_size=10.727 GB, temp_buffer_size=5.986 GB, available_memory=64.000 GB, comm_cost=1.906)
Using pre computed peak Mem for (0, 11, 2, 0), module 0
result[(0, 11, 2, 0), 0] = ModuleProfileResult(compute_cost=4769.124, peak_memory=40.800 GB, invar_size=11.290 GB, outvar_size=28.392 GB, temp_buffer_size=1.118 GB, available_memory=64.000 GB, comm_cost=3.146)
Using pre computed peak Mem for (0, 11, 2, 0), module 1
result[(0, 11, 2, 0), 1] = ModuleProfileResult(compute_cost=42761.645, peak_memory=46.800 GB, invar_size=40.832 GB, outvar_size=12.440 GB, temp_buffer_size=5.968 GB, available_memory=64.000 GB, comm_cost=3.331)
Using pre computed peak Mem for (0, 11, 2, 1), module 0
result[(0, 11, 2, 1), 0] = ModuleProfileResult(compute_cost=3497.671, peak_memory=40.800 GB, invar_size=15.719 GB, outvar_size=32.681 GB, temp_buffer_size=-7.600 GB, available_memory=64.000 GB, comm_cost=1.781)
Using pre computed peak Mem for (0, 11, 2, 1), module 1
result[(0, 11, 2, 1), 1] = ModuleProfileResult(compute_cost=52291.493, peak_memory=46.800 GB, invar_size=49.551 GB, outvar_size=16.870 GB, temp_buffer_size=-2.751 GB, available_memory=64.000 GB, comm_cost=4.573)
Using pre computed peak Mem for (1, 1, 2, 0), module 0
result[(1, 1, 2, 0), 0] = ModuleProfileResult(compute_cost=337.323, peak_memory=3.400 GB, invar_size=0.938 GB, outvar_size=2.426 GB, temp_buffer_size=0.036 GB, available_memory=64.000 GB, comm_cost=0.243)
Using pre computed peak Mem for (1, 1, 2, 0), module 1
result[(1, 1, 2, 0), 1] = ModuleProfileResult(compute_cost=540.206, peak_memory=3.900 GB, invar_size=3.270 GB, outvar_size=0.938 GB, temp_buffer_size=0.536 GB, available_memory=64.000 GB, comm_cost=0.274)
Using pre computed peak Mem for (1, 1, 2, 1), module 0
result[(1, 1, 2, 1), 0] = ModuleProfileResult(compute_cost=337.323, peak_memory=3.400 GB, invar_size=0.938 GB, outvar_size=2.461 GB, temp_buffer_size=0.001 GB, available_memory=64.000 GB, comm_cost=0.243)
result[(1, 1, 2, 1), 1] = ModuleProfileResult(compute_cost=540.005, peak_memory=4.161 GB, invar_size=3.305 GB, outvar_size=0.938 GB, temp_buffer_size=0.762 GB, available_memory=64.000 GB, comm_cost=0.075)
Using pre computed peak Mem for (1, 2, 2, 0), module 0
result[(1, 2, 2, 0), 0] = ModuleProfileResult(compute_cost=953.838, peak_memory=6.800 GB, invar_size=2.063 GB, outvar_size=5.708 GB, temp_buffer_size=-0.971 GB, available_memory=64.000 GB, comm_cost=0.709)
Using pre computed peak Mem for (1, 2, 2, 0), module 1
result[(1, 2, 2, 0), 1] = ModuleProfileResult(compute_cost=1244.515, peak_memory=7.800 GB, invar_size=7.677 GB, outvar_size=2.063 GB, temp_buffer_size=0.029 GB, available_memory=64.000 GB, comm_cost=0.800)
Using pre computed peak Mem for (1, 2, 2, 1), module 0
result[(1, 2, 2, 1), 0] = ModuleProfileResult(compute_cost=953.838, peak_memory=6.800 GB, invar_size=2.063 GB, outvar_size=5.638 GB, temp_buffer_size=-0.901 GB, available_memory=64.000 GB, comm_cost=0.709)
Using pre computed peak Mem for (1, 2, 2, 1), module 1
result[(1, 2, 2, 1), 1] = ModuleProfileResult(compute_cost=1244.313, peak_memory=7.800 GB, invar_size=7.607 GB, outvar_size=2.063 GB, temp_buffer_size=0.099 GB, available_memory=64.000 GB, comm_cost=0.601)
Using pre computed peak Mem for (1, 3, 2, 0), module 0
result[(1, 3, 2, 0), 0] = ModuleProfileResult(compute_cost=1290.942, peak_memory=10.200 GB, invar_size=2.907 GB, outvar_size=7.947 GB, temp_buffer_size=-0.654 GB, available_memory=64.000 GB, comm_cost=0.953)
Using pre computed peak Mem for (1, 3, 2, 0), module 1
result[(1, 3, 2, 0), 1] = ModuleProfileResult(compute_cost=1784.440, peak_memory=11.700 GB, invar_size=10.760 GB, outvar_size=2.907 GB, temp_buffer_size=0.846 GB, available_memory=64.000 GB, comm_cost=1.074)
Using pre computed peak Mem for (1, 3, 2, 1), module 0
result[(1, 3, 2, 1), 0] = ModuleProfileResult(compute_cost=1290.942, peak_memory=10.200 GB, invar_size=2.907 GB, outvar_size=8.017 GB, temp_buffer_size=-0.724 GB, available_memory=64.000 GB, comm_cost=0.953)
Using pre computed peak Mem for (1, 3, 2, 1), module 1
result[(1, 3, 2, 1), 1] = ModuleProfileResult(compute_cost=1783.836, peak_memory=11.700 GB, invar_size=10.830 GB, outvar_size=2.907 GB, temp_buffer_size=0.776 GB, available_memory=64.000 GB, comm_cost=0.477)
Using pre computed peak Mem for (1, 4, 2, 0), module 0
result[(1, 4, 2, 0), 0] = ModuleProfileResult(compute_cost=1628.046, peak_memory=13.600 GB, invar_size=3.751 GB, outvar_size=10.185 GB, temp_buffer_size=-0.336 GB, available_memory=64.000 GB, comm_cost=1.196)
Using pre computed peak Mem for (1, 4, 2, 0), module 1
result[(1, 4, 2, 0), 1] = ModuleProfileResult(compute_cost=2324.366, peak_memory=15.600 GB, invar_size=13.842 GB, outvar_size=3.751 GB, temp_buffer_size=1.664 GB, available_memory=64.000 GB, comm_cost=1.348)
Using pre computed peak Mem for (1, 4, 2, 1), module 0
result[(1, 4, 2, 1), 0] = ModuleProfileResult(compute_cost=1628.046, peak_memory=13.600 GB, invar_size=3.751 GB, outvar_size=10.396 GB, temp_buffer_size=-0.547 GB, available_memory=64.000 GB, comm_cost=1.196)
Using pre computed peak Mem for (1, 4, 2, 1), module 1
result[(1, 4, 2, 1), 1] = ModuleProfileResult(compute_cost=2323.762, peak_memory=15.600 GB, invar_size=14.053 GB, outvar_size=3.751 GB, temp_buffer_size=1.453 GB, available_memory=64.000 GB, comm_cost=0.750)
Using pre computed peak Mem for (1, 5, 2, 0), module 0
result[(1, 5, 2, 0), 0] = ModuleProfileResult(compute_cost=1965.150, peak_memory=17.000 GB, invar_size=4.595 GB, outvar_size=12.424 GB, temp_buffer_size=-0.019 GB, available_memory=64.000 GB, comm_cost=1.440)
Using pre computed peak Mem for (1, 5, 2, 0), module 1
result[(1, 5, 2, 0), 1] = ModuleProfileResult(compute_cost=2864.291, peak_memory=19.500 GB, invar_size=16.925 GB, outvar_size=4.595 GB, temp_buffer_size=2.481 GB, available_memory=64.000 GB, comm_cost=1.621)
Using pre computed peak Mem for (1, 5, 2, 1), module 0
result[(1, 5, 2, 1), 0] = ModuleProfileResult(compute_cost=1965.153, peak_memory=17.000 GB, invar_size=4.595 GB, outvar_size=12.600 GB, temp_buffer_size=-0.195 GB, available_memory=64.000 GB, comm_cost=1.442)
Using pre computed peak Mem for (1, 5, 2, 1), module 1
result[(1, 5, 2, 1), 1] = ModuleProfileResult(compute_cost=2863.687, peak_memory=19.500 GB, invar_size=17.101 GB, outvar_size=4.595 GB, temp_buffer_size=2.305 GB, available_memory=64.000 GB, comm_cost=1.028)
Using pre computed peak Mem for (1, 6, 2, 0), module 0
result[(1, 6, 2, 0), 0] = ModuleProfileResult(compute_cost=2302.255, peak_memory=20.400 GB, invar_size=5.439 GB, outvar_size=14.698 GB, temp_buffer_size=0.263 GB, available_memory=64.000 GB, comm_cost=1.683)
Using pre computed peak Mem for (1, 6, 2, 0), module 1
result[(1, 6, 2, 0), 1] = ModuleProfileResult(compute_cost=3404.217, peak_memory=23.400 GB, invar_size=20.043 GB, outvar_size=5.439 GB, temp_buffer_size=3.263 GB, available_memory=64.000 GB, comm_cost=1.895)
Using pre computed peak Mem for (1, 6, 2, 1), module 0
result[(1, 6, 2, 1), 0] = ModuleProfileResult(compute_cost=2302.255, peak_memory=20.400 GB, invar_size=5.439 GB, outvar_size=14.909 GB, temp_buffer_size=0.052 GB, available_memory=64.000 GB, comm_cost=1.683)
Using pre computed peak Mem for (1, 6, 2, 1), module 1
result[(1, 6, 2, 1), 1] = ModuleProfileResult(compute_cost=3403.210, peak_memory=23.400 GB, invar_size=20.254 GB, outvar_size=5.439 GB, temp_buffer_size=3.052 GB, available_memory=64.000 GB, comm_cost=0.899)
Using pre computed peak Mem for (1, 7, 2, 0), module 0
result[(1, 7, 2, 0), 0] = ModuleProfileResult(compute_cost=2639.359, peak_memory=23.800 GB, invar_size=6.283 GB, outvar_size=16.936 GB, temp_buffer_size=0.581 GB, available_memory=64.000 GB, comm_cost=1.927)
Using pre computed peak Mem for (1, 7, 2, 0), module 1
result[(1, 7, 2, 0), 1] = ModuleProfileResult(compute_cost=3944.142, peak_memory=27.300 GB, invar_size=23.125 GB, outvar_size=6.283 GB, temp_buffer_size=4.081 GB, available_memory=64.000 GB, comm_cost=2.169)
Using pre computed peak Mem for (1, 7, 2, 1), module 0
result[(1, 7, 2, 1), 0] = ModuleProfileResult(compute_cost=2639.359, peak_memory=23.800 GB, invar_size=6.283 GB, outvar_size=16.866 GB, temp_buffer_size=0.651 GB, available_memory=64.000 GB, comm_cost=1.927)
Using pre computed peak Mem for (1, 7, 2, 1), module 1
result[(1, 7, 2, 1), 1] = ModuleProfileResult(compute_cost=3943.737, peak_memory=27.300 GB, invar_size=23.055 GB, outvar_size=6.283 GB, temp_buffer_size=4.151 GB, available_memory=64.000 GB, comm_cost=1.773)
Using pre computed peak Mem for (1, 8, 2, 0), module 0
result[(1, 8, 2, 0), 0] = ModuleProfileResult(compute_cost=2976.463, peak_memory=27.200 GB, invar_size=7.127 GB, outvar_size=18.964 GB, temp_buffer_size=1.109 GB, available_memory=64.000 GB, comm_cost=2.170)
Using pre computed peak Mem for (1, 8, 2, 0), module 1
result[(1, 8, 2, 0), 1] = ModuleProfileResult(compute_cost=4484.067, peak_memory=31.200 GB, invar_size=25.997 GB, outvar_size=7.127 GB, temp_buffer_size=5.109 GB, available_memory=64.000 GB, comm_cost=2.442)
Using pre computed peak Mem for (1, 8, 2, 1), module 0
result[(1, 8, 2, 1), 0] = ModuleProfileResult(compute_cost=2976.463, peak_memory=27.200 GB, invar_size=7.127 GB, outvar_size=19.351 GB, temp_buffer_size=0.722 GB, available_memory=64.000 GB, comm_cost=2.170)
Using pre computed peak Mem for (1, 8, 2, 1), module 1
result[(1, 8, 2, 1), 1] = ModuleProfileResult(compute_cost=4483.059, peak_memory=31.200 GB, invar_size=26.384 GB, outvar_size=7.127 GB, temp_buffer_size=4.722 GB, available_memory=64.000 GB, comm_cost=1.449)
Using pre computed peak Mem for (1, 9, 2, 0), module 0
result[(1, 9, 2, 0), 0] = ModuleProfileResult(compute_cost=3313.567, peak_memory=30.600 GB, invar_size=7.971 GB, outvar_size=21.343 GB, temp_buffer_size=1.286 GB, available_memory=64.000 GB, comm_cost=2.414)
Using pre computed peak Mem for (1, 9, 2, 0), module 1
result[(1, 9, 2, 0), 1] = ModuleProfileResult(compute_cost=5023.993, peak_memory=35.100 GB, invar_size=29.220 GB, outvar_size=7.971 GB, temp_buffer_size=5.786 GB, available_memory=64.000 GB, comm_cost=2.716)
Using pre computed peak Mem for (1, 9, 2, 1), module 0
result[(1, 9, 2, 1), 0] = ModuleProfileResult(compute_cost=3313.567, peak_memory=30.600 GB, invar_size=7.971 GB, outvar_size=21.589 GB, temp_buffer_size=1.040 GB, available_memory=64.000 GB, comm_cost=2.414)
Using pre computed peak Mem for (1, 9, 2, 1), module 1
result[(1, 9, 2, 1), 1] = ModuleProfileResult(compute_cost=5023.186, peak_memory=35.100 GB, invar_size=29.466 GB, outvar_size=7.971 GB, temp_buffer_size=5.540 GB, available_memory=64.000 GB, comm_cost=1.922)
Using pre computed peak Mem for (1, 10, 2, 0), module 0
result[(1, 10, 2, 0), 0] = ModuleProfileResult(compute_cost=3650.671, peak_memory=34.000 GB, invar_size=8.815 GB, outvar_size=23.687 GB, temp_buffer_size=1.498 GB, available_memory=64.000 GB, comm_cost=2.657)
Using pre computed peak Mem for (1, 10, 2, 0), module 1
result[(1, 10, 2, 0), 1] = ModuleProfileResult(compute_cost=5563.918, peak_memory=39.000 GB, invar_size=32.408 GB, outvar_size=8.815 GB, temp_buffer_size=6.498 GB, available_memory=64.000 GB, comm_cost=2.990)
Using pre computed peak Mem for (1, 10, 2, 1), module 0
result[(1, 10, 2, 1), 0] = ModuleProfileResult(compute_cost=3650.671, peak_memory=34.000 GB, invar_size=8.815 GB, outvar_size=23.828 GB, temp_buffer_size=1.357 GB, available_memory=64.000 GB, comm_cost=2.657)
Using pre computed peak Mem for (1, 10, 2, 1), module 1
result[(1, 10, 2, 1), 1] = ModuleProfileResult(compute_cost=5563.313, peak_memory=39.000 GB, invar_size=32.549 GB, outvar_size=8.815 GB, temp_buffer_size=6.357 GB, available_memory=64.000 GB, comm_cost=2.394)
Using pre computed peak Mem for (1, 11, 2, 0), module 0
result[(1, 11, 2, 0), 0] = ModuleProfileResult(compute_cost=3708.739, peak_memory=37.400 GB, invar_size=9.665 GB, outvar_size=25.346 GB, temp_buffer_size=2.389 GB, available_memory=64.000 GB, comm_cost=2.678)
Using pre computed peak Mem for (1, 11, 2, 0), module 1
result[(1, 11, 2, 0), 1] = ModuleProfileResult(compute_cost=13965.589, peak_memory=42.900 GB, invar_size=34.917 GB, outvar_size=9.665 GB, temp_buffer_size=7.889 GB, available_memory=64.000 GB, comm_cost=3.213)
Using pre computed peak Mem for (1, 11, 2, 1), module 0
result[(1, 11, 2, 1), 0] = ModuleProfileResult(compute_cost=3708.739, peak_memory=37.400 GB, invar_size=9.665 GB, outvar_size=25.241 GB, temp_buffer_size=2.494 GB, available_memory=64.000 GB, comm_cost=2.678)
Using pre computed peak Mem for (1, 11, 2, 1), module 1
result[(1, 11, 2, 1), 1] = ModuleProfileResult(compute_cost=13965.386, peak_memory=42.900 GB, invar_size=34.812 GB, outvar_size=9.665 GB, temp_buffer_size=7.994 GB, available_memory=64.000 GB, comm_cost=3.016)
Using pre computed peak Mem for (2, 2, 2, 0), module 0
result[(2, 2, 2, 0), 0] = ModuleProfileResult(compute_cost=616.546, peak_memory=3.400 GB, invar_size=1.219 GB, outvar_size=3.305 GB, temp_buffer_size=-1.124 GB, available_memory=64.000 GB, comm_cost=0.466)
Using pre computed peak Mem for (2, 2, 2, 0), module 1
result[(2, 2, 2, 0), 1] = ModuleProfileResult(compute_cost=704.308, peak_memory=3.900 GB, invar_size=4.431 GB, outvar_size=1.219 GB, temp_buffer_size=-0.624 GB, available_memory=64.000 GB, comm_cost=0.527)
Using pre computed peak Mem for (2, 2, 2, 1), module 0
result[(2, 2, 2, 1), 0] = ModuleProfileResult(compute_cost=616.546, peak_memory=3.400 GB, invar_size=1.219 GB, outvar_size=3.340 GB, temp_buffer_size=-1.160 GB, available_memory=64.000 GB, comm_cost=0.466)
Using pre computed peak Mem for (2, 2, 2, 1), module 1
result[(2, 2, 2, 1), 1] = ModuleProfileResult(compute_cost=704.107, peak_memory=3.900 GB, invar_size=4.466 GB, outvar_size=1.219 GB, temp_buffer_size=-0.660 GB, available_memory=64.000 GB, comm_cost=0.327)
Using pre computed peak Mem for (2, 3, 2, 0), module 0
result[(2, 3, 2, 0), 0] = ModuleProfileResult(compute_cost=953.651, peak_memory=6.800 GB, invar_size=2.063 GB, outvar_size=5.579 GB, temp_buffer_size=-0.842 GB, available_memory=64.000 GB, comm_cost=0.709)
Using pre computed peak Mem for (2, 3, 2, 0), module 1
result[(2, 3, 2, 0), 1] = ModuleProfileResult(compute_cost=1244.234, peak_memory=7.800 GB, invar_size=7.548 GB, outvar_size=2.063 GB, temp_buffer_size=0.158 GB, available_memory=64.000 GB, comm_cost=0.800)
Using pre computed peak Mem for (2, 3, 2, 1), module 0
result[(2, 3, 2, 1), 0] = ModuleProfileResult(compute_cost=953.651, peak_memory=6.800 GB, invar_size=2.063 GB, outvar_size=5.649 GB, temp_buffer_size=-0.912 GB, available_memory=64.000 GB, comm_cost=0.709)
Using pre computed peak Mem for (2, 3, 2, 1), module 1
result[(2, 3, 2, 1), 1] = ModuleProfileResult(compute_cost=1243.831, peak_memory=7.800 GB, invar_size=7.619 GB, outvar_size=2.063 GB, temp_buffer_size=0.088 GB, available_memory=64.000 GB, comm_cost=0.403)
Using pre computed peak Mem for (2, 4, 2, 0), module 0
result[(2, 4, 2, 0), 0] = ModuleProfileResult(compute_cost=1290.755, peak_memory=10.200 GB, invar_size=2.907 GB, outvar_size=7.888 GB, temp_buffer_size=-0.595 GB, available_memory=64.000 GB, comm_cost=0.953)
Using pre computed peak Mem for (2, 4, 2, 0), module 1
result[(2, 4, 2, 0), 1] = ModuleProfileResult(compute_cost=1784.159, peak_memory=11.700 GB, invar_size=10.701 GB, outvar_size=2.907 GB, temp_buffer_size=0.905 GB, available_memory=64.000 GB, comm_cost=1.074)
Using pre computed peak Mem for (2, 4, 2, 1), module 0
result[(2, 4, 2, 1), 0] = ModuleProfileResult(compute_cost=1290.755, peak_memory=10.200 GB, invar_size=2.907 GB, outvar_size=7.853 GB, temp_buffer_size=-0.560 GB, available_memory=64.000 GB, comm_cost=0.953)
Using pre computed peak Mem for (2, 4, 2, 1), module 1
result[(2, 4, 2, 1), 1] = ModuleProfileResult(compute_cost=1783.757, peak_memory=11.700 GB, invar_size=10.666 GB, outvar_size=2.907 GB, temp_buffer_size=0.940 GB, available_memory=64.000 GB, comm_cost=0.676)
Using pre computed peak Mem for (2, 5, 2, 0), module 0
result[(2, 5, 2, 0), 0] = ModuleProfileResult(compute_cost=1627.859, peak_memory=13.600 GB, invar_size=3.751 GB, outvar_size=10.056 GB, temp_buffer_size=-0.207 GB, available_memory=64.000 GB, comm_cost=1.196)
Using pre computed peak Mem for (2, 5, 2, 0), module 1
result[(2, 5, 2, 0), 1] = ModuleProfileResult(compute_cost=2324.085, peak_memory=15.600 GB, invar_size=13.714 GB, outvar_size=3.751 GB, temp_buffer_size=1.793 GB, available_memory=64.000 GB, comm_cost=1.348)
Using pre computed peak Mem for (2, 5, 2, 1), module 0
result[(2, 5, 2, 1), 0] = ModuleProfileResult(compute_cost=1627.859, peak_memory=13.600 GB, invar_size=3.751 GB, outvar_size=10.127 GB, temp_buffer_size=-0.278 GB, available_memory=64.000 GB, comm_cost=1.196)
Using pre computed peak Mem for (2, 5, 2, 1), module 1
result[(2, 5, 2, 1), 1] = ModuleProfileResult(compute_cost=2323.682, peak_memory=15.600 GB, invar_size=13.784 GB, outvar_size=3.751 GB, temp_buffer_size=1.722 GB, available_memory=64.000 GB, comm_cost=0.949)
Using pre computed peak Mem for (2, 6, 2, 0), module 0
result[(2, 6, 2, 0), 0] = ModuleProfileResult(compute_cost=1964.963, peak_memory=17.000 GB, invar_size=4.595 GB, outvar_size=12.400 GB, temp_buffer_size=0.005 GB, available_memory=64.000 GB, comm_cost=1.440)
Using pre computed peak Mem for (2, 6, 2, 0), module 1
result[(2, 6, 2, 0), 1] = ModuleProfileResult(compute_cost=2864.010, peak_memory=19.500 GB, invar_size=16.902 GB, outvar_size=4.595 GB, temp_buffer_size=2.505 GB, available_memory=64.000 GB, comm_cost=1.621)
Using pre computed peak Mem for (2, 6, 2, 1), module 0
result[(2, 6, 2, 1), 0] = ModuleProfileResult(compute_cost=1964.963, peak_memory=17.000 GB, invar_size=4.595 GB, outvar_size=12.295 GB, temp_buffer_size=0.110 GB, available_memory=64.000 GB, comm_cost=1.440)
Using pre computed peak Mem for (2, 6, 2, 1), module 1
result[(2, 6, 2, 1), 1] = ModuleProfileResult(compute_cost=2863.807, peak_memory=19.500 GB, invar_size=16.796 GB, outvar_size=4.595 GB, temp_buffer_size=2.610 GB, available_memory=64.000 GB, comm_cost=1.424)
Using pre computed peak Mem for (2, 7, 2, 0), module 0
result[(2, 7, 2, 0), 0] = ModuleProfileResult(compute_cost=2302.067, peak_memory=20.400 GB, invar_size=5.439 GB, outvar_size=14.604 GB, temp_buffer_size=0.357 GB, available_memory=64.000 GB, comm_cost=1.683)
Using pre computed peak Mem for (2, 7, 2, 0), module 1
result[(2, 7, 2, 0), 1] = ModuleProfileResult(compute_cost=3403.936, peak_memory=23.400 GB, invar_size=19.949 GB, outvar_size=5.439 GB, temp_buffer_size=3.357 GB, available_memory=64.000 GB, comm_cost=1.895)
Using pre computed peak Mem for (2, 7, 2, 1), module 0
result[(2, 7, 2, 1), 0] = ModuleProfileResult(compute_cost=2302.067, peak_memory=20.400 GB, invar_size=5.439 GB, outvar_size=14.815 GB, temp_buffer_size=0.146 GB, available_memory=64.000 GB, comm_cost=1.683)
Using pre computed peak Mem for (2, 7, 2, 1), module 1
result[(2, 7, 2, 1), 1] = ModuleProfileResult(compute_cost=3402.929, peak_memory=23.400 GB, invar_size=20.160 GB, outvar_size=5.439 GB, temp_buffer_size=3.146 GB, available_memory=64.000 GB, comm_cost=0.900)
Using pre computed peak Mem for (2, 8, 2, 0), module 0
result[(2, 8, 2, 0), 0] = ModuleProfileResult(compute_cost=2639.171, peak_memory=23.800 GB, invar_size=6.283 GB, outvar_size=16.667 GB, temp_buffer_size=0.850 GB, available_memory=64.000 GB, comm_cost=1.927)
Using pre computed peak Mem for (2, 8, 2, 0), module 1
result[(2, 8, 2, 0), 1] = ModuleProfileResult(compute_cost=3943.861, peak_memory=27.300 GB, invar_size=22.856 GB, outvar_size=6.283 GB, temp_buffer_size=4.350 GB, available_memory=64.000 GB, comm_cost=2.169)
Using pre computed peak Mem for (2, 8, 2, 1), module 0
result[(2, 8, 2, 1), 0] = ModuleProfileResult(compute_cost=2639.171, peak_memory=23.800 GB, invar_size=6.283 GB, outvar_size=16.772 GB, temp_buffer_size=0.745 GB, available_memory=64.000 GB, comm_cost=1.927)
Using pre computed peak Mem for (2, 8, 2, 1), module 1
result[(2, 8, 2, 1), 1] = ModuleProfileResult(compute_cost=3943.657, peak_memory=27.300 GB, invar_size=22.961 GB, outvar_size=6.283 GB, temp_buffer_size=4.245 GB, available_memory=64.000 GB, comm_cost=1.973)
Using pre computed peak Mem for (2, 9, 2, 0), module 0
result[(2, 9, 2, 0), 0] = ModuleProfileResult(compute_cost=2976.275, peak_memory=27.200 GB, invar_size=7.127 GB, outvar_size=19.046 GB, temp_buffer_size=1.027 GB, available_memory=64.000 GB, comm_cost=2.170)
Using pre computed peak Mem for (2, 9, 2, 0), module 1
result[(2, 9, 2, 0), 1] = ModuleProfileResult(compute_cost=4483.787, peak_memory=31.200 GB, invar_size=26.079 GB, outvar_size=7.127 GB, temp_buffer_size=5.027 GB, available_memory=64.000 GB, comm_cost=2.442)
Using pre computed peak Mem for (2, 9, 2, 1), module 0
result[(2, 9, 2, 1), 0] = ModuleProfileResult(compute_cost=2976.275, peak_memory=27.200 GB, invar_size=7.127 GB, outvar_size=19.222 GB, temp_buffer_size=0.851 GB, available_memory=64.000 GB, comm_cost=2.170)
Using pre computed peak Mem for (2, 9, 2, 1), module 1
result[(2, 9, 2, 1), 1] = ModuleProfileResult(compute_cost=4482.579, peak_memory=31.200 GB, invar_size=26.255 GB, outvar_size=7.127 GB, temp_buffer_size=4.851 GB, available_memory=64.000 GB, comm_cost=1.248)
Using pre computed peak Mem for (2, 10, 2, 0), module 0
result[(2, 10, 2, 0), 0] = ModuleProfileResult(compute_cost=3313.380, peak_memory=30.600 GB, invar_size=7.971 GB, outvar_size=21.355 GB, temp_buffer_size=1.274 GB, available_memory=64.000 GB, comm_cost=2.414)
Using pre computed peak Mem for (2, 10, 2, 0), module 1
result[(2, 10, 2, 0), 1] = ModuleProfileResult(compute_cost=5023.712, peak_memory=35.100 GB, invar_size=29.232 GB, outvar_size=7.971 GB, temp_buffer_size=5.774 GB, available_memory=64.000 GB, comm_cost=2.716)
Using pre computed peak Mem for (2, 10, 2, 1), module 0
result[(2, 10, 2, 1), 0] = ModuleProfileResult(compute_cost=3313.380, peak_memory=30.600 GB, invar_size=7.971 GB, outvar_size=21.495 GB, temp_buffer_size=1.134 GB, available_memory=64.000 GB, comm_cost=2.414)
Using pre computed peak Mem for (2, 10, 2, 1), module 1
result[(2, 10, 2, 1), 1] = ModuleProfileResult(compute_cost=5023.308, peak_memory=35.100 GB, invar_size=29.373 GB, outvar_size=7.971 GB, temp_buffer_size=5.634 GB, available_memory=64.000 GB, comm_cost=2.320)
Using pre computed peak Mem for (2, 11, 2, 0), module 0
result[(2, 11, 2, 0), 0] = ModuleProfileResult(compute_cost=3371.447, peak_memory=34.000 GB, invar_size=8.821 GB, outvar_size=22.908 GB, temp_buffer_size=2.271 GB, available_memory=64.000 GB, comm_cost=2.435)
Using pre computed peak Mem for (2, 11, 2, 0), module 1
result[(2, 11, 2, 0), 1] = ModuleProfileResult(compute_cost=13425.383, peak_memory=39.000 GB, invar_size=31.636 GB, outvar_size=8.821 GB, temp_buffer_size=7.271 GB, available_memory=64.000 GB, comm_cost=2.939)
Using pre computed peak Mem for (2, 11, 2, 1), module 0
result[(2, 11, 2, 1), 0] = ModuleProfileResult(compute_cost=3371.447, peak_memory=34.000 GB, invar_size=8.821 GB, outvar_size=23.119 GB, temp_buffer_size=2.060 GB, available_memory=64.000 GB, comm_cost=2.435)
Using pre computed peak Mem for (2, 11, 2, 1), module 1
result[(2, 11, 2, 1), 1] = ModuleProfileResult(compute_cost=13425.179, peak_memory=39.000 GB, invar_size=31.847 GB, outvar_size=8.821 GB, temp_buffer_size=7.060 GB, available_memory=64.000 GB, comm_cost=2.744)
Using pre computed peak Mem for (3, 3, 2, 0), module 0
result[(3, 3, 2, 0), 0] = ModuleProfileResult(compute_cost=337.135, peak_memory=3.400 GB, invar_size=0.938 GB, outvar_size=2.403 GB, temp_buffer_size=0.060 GB, available_memory=64.000 GB, comm_cost=0.243)
Using pre computed peak Mem for (3, 3, 2, 0), module 1
result[(3, 3, 2, 0), 1] = ModuleProfileResult(compute_cost=539.925, peak_memory=3.900 GB, invar_size=3.247 GB, outvar_size=0.938 GB, temp_buffer_size=0.560 GB, available_memory=64.000 GB, comm_cost=0.274)
Using pre computed peak Mem for (3, 3, 2, 1), module 0
result[(3, 3, 2, 1), 0] = ModuleProfileResult(compute_cost=337.135, peak_memory=3.400 GB, invar_size=0.938 GB, outvar_size=2.403 GB, temp_buffer_size=0.060 GB, available_memory=64.000 GB, comm_cost=0.243)
result[(3, 3, 2, 1), 1] = ModuleProfileResult(compute_cost=539.724, peak_memory=3.915 GB, invar_size=3.247 GB, outvar_size=0.938 GB, temp_buffer_size=0.574 GB, available_memory=64.000 GB, comm_cost=0.075)
Using pre computed peak Mem for (3, 4, 2, 0), module 0
result[(3, 4, 2, 0), 0] = ModuleProfileResult(compute_cost=674.239, peak_memory=6.800 GB, invar_size=1.782 GB, outvar_size=4.536 GB, temp_buffer_size=0.482 GB, available_memory=64.000 GB, comm_cost=0.487)
Using pre computed peak Mem for (3, 4, 2, 0), module 1
result[(3, 4, 2, 0), 1] = ModuleProfileResult(compute_cost=1079.851, peak_memory=7.800 GB, invar_size=6.224 GB, outvar_size=1.782 GB, temp_buffer_size=1.482 GB, available_memory=64.000 GB, comm_cost=0.547)
Using pre computed peak Mem for (3, 4, 2, 1), module 0
result[(3, 4, 2, 1), 0] = ModuleProfileResult(compute_cost=674.239, peak_memory=6.800 GB, invar_size=1.782 GB, outvar_size=4.676 GB, temp_buffer_size=0.342 GB, available_memory=64.000 GB, comm_cost=0.487)
result[(3, 4, 2, 1), 1] = ModuleProfileResult(compute_cost=1079.448, peak_memory=7.419 GB, invar_size=6.364 GB, outvar_size=1.782 GB, temp_buffer_size=0.961 GB, available_memory=64.000 GB, comm_cost=0.149)
Using pre computed peak Mem for (3, 5, 2, 0), module 0
result[(3, 5, 2, 0), 0] = ModuleProfileResult(compute_cost=1011.344, peak_memory=10.200 GB, invar_size=2.626 GB, outvar_size=6.845 GB, temp_buffer_size=0.730 GB, available_memory=64.000 GB, comm_cost=0.730)
Using pre computed peak Mem for (3, 5, 2, 0), module 1
result[(3, 5, 2, 0), 1] = ModuleProfileResult(compute_cost=1619.776, peak_memory=11.700 GB, invar_size=9.377 GB, outvar_size=2.626 GB, temp_buffer_size=2.230 GB, available_memory=64.000 GB, comm_cost=0.821)
Using pre computed peak Mem for (3, 5, 2, 1), module 0
result[(3, 5, 2, 1), 0] = ModuleProfileResult(compute_cost=1011.344, peak_memory=10.200 GB, invar_size=2.626 GB, outvar_size=6.774 GB, temp_buffer_size=0.800 GB, available_memory=64.000 GB, comm_cost=0.730)
Using pre computed peak Mem for (3, 5, 2, 1), module 1
result[(3, 5, 2, 1), 1] = ModuleProfileResult(compute_cost=1619.575, peak_memory=11.700 GB, invar_size=9.306 GB, outvar_size=2.626 GB, temp_buffer_size=2.300 GB, available_memory=64.000 GB, comm_cost=0.621)
Using pre computed peak Mem for (3, 6, 2, 0), module 0
result[(3, 6, 2, 0), 0] = ModuleProfileResult(compute_cost=1348.448, peak_memory=13.600 GB, invar_size=3.470 GB, outvar_size=9.083 GB, temp_buffer_size=1.047 GB, available_memory=64.000 GB, comm_cost=0.974)
Using pre computed peak Mem for (3, 6, 2, 0), module 1
result[(3, 6, 2, 0), 1] = ModuleProfileResult(compute_cost=2159.702, peak_memory=15.600 GB, invar_size=12.459 GB, outvar_size=3.470 GB, temp_buffer_size=3.047 GB, available_memory=64.000 GB, comm_cost=1.095)
Using pre computed peak Mem for (3, 6, 2, 1), module 0
result[(3, 6, 2, 1), 0] = ModuleProfileResult(compute_cost=1348.448, peak_memory=13.600 GB, invar_size=3.470 GB, outvar_size=9.119 GB, temp_buffer_size=1.012 GB, available_memory=64.000 GB, comm_cost=0.974)
Using pre computed peak Mem for (3, 6, 2, 1), module 1
result[(3, 6, 2, 1), 1] = ModuleProfileResult(compute_cost=2159.700, peak_memory=15.600 GB, invar_size=12.494 GB, outvar_size=3.470 GB, temp_buffer_size=3.012 GB, available_memory=64.000 GB, comm_cost=1.097)
Using pre computed peak Mem for (3, 7, 2, 0), module 0
result[(3, 7, 2, 0), 0] = ModuleProfileResult(compute_cost=1685.552, peak_memory=17.000 GB, invar_size=4.314 GB, outvar_size=11.392 GB, temp_buffer_size=1.294 GB, available_memory=64.000 GB, comm_cost=1.217)
Using pre computed peak Mem for (3, 7, 2, 0), module 1
result[(3, 7, 2, 0), 1] = ModuleProfileResult(compute_cost=2699.627, peak_memory=19.500 GB, invar_size=15.612 GB, outvar_size=4.314 GB, temp_buffer_size=3.794 GB, available_memory=64.000 GB, comm_cost=1.368)
Using pre computed peak Mem for (3, 7, 2, 1), module 0
result[(3, 7, 2, 1), 0] = ModuleProfileResult(compute_cost=1685.552, peak_memory=17.000 GB, invar_size=4.314 GB, outvar_size=11.498 GB, temp_buffer_size=1.189 GB, available_memory=64.000 GB, comm_cost=1.217)
Using pre computed peak Mem for (3, 7, 2, 1), module 1
result[(3, 7, 2, 1), 1] = ModuleProfileResult(compute_cost=2698.822, peak_memory=19.500 GB, invar_size=15.718 GB, outvar_size=4.314 GB, temp_buffer_size=3.689 GB, available_memory=64.000 GB, comm_cost=0.572)
Using pre computed peak Mem for (3, 8, 2, 0), module 0
result[(3, 8, 2, 0), 0] = ModuleProfileResult(compute_cost=2022.656, peak_memory=20.400 GB, invar_size=5.158 GB, outvar_size=13.561 GB, temp_buffer_size=1.682 GB, available_memory=64.000 GB, comm_cost=1.461)
Using pre computed peak Mem for (3, 8, 2, 0), module 1
result[(3, 8, 2, 0), 1] = ModuleProfileResult(compute_cost=3239.553, peak_memory=23.400 GB, invar_size=18.624 GB, outvar_size=5.158 GB, temp_buffer_size=4.682 GB, available_memory=64.000 GB, comm_cost=1.642)
Using pre computed peak Mem for (3, 8, 2, 1), module 0
result[(3, 8, 2, 1), 0] = ModuleProfileResult(compute_cost=2022.656, peak_memory=20.400 GB, invar_size=5.158 GB, outvar_size=13.772 GB, temp_buffer_size=1.471 GB, available_memory=64.000 GB, comm_cost=1.461)
Using pre computed peak Mem for (3, 8, 2, 1), module 1
result[(3, 8, 2, 1), 1] = ModuleProfileResult(compute_cost=3238.949, peak_memory=23.400 GB, invar_size=18.835 GB, outvar_size=5.158 GB, temp_buffer_size=4.471 GB, available_memory=64.000 GB, comm_cost=1.045)
Using pre computed peak Mem for (3, 9, 2, 0), module 0
result[(3, 9, 2, 0), 0] = ModuleProfileResult(compute_cost=2359.760, peak_memory=23.800 GB, invar_size=6.002 GB, outvar_size=15.764 GB, temp_buffer_size=2.034 GB, available_memory=64.000 GB, comm_cost=1.704)
Using pre computed peak Mem for (3, 9, 2, 0), module 1
result[(3, 9, 2, 0), 1] = ModuleProfileResult(compute_cost=3779.478, peak_memory=27.300 GB, invar_size=21.672 GB, outvar_size=6.002 GB, temp_buffer_size=5.534 GB, available_memory=64.000 GB, comm_cost=1.916)
Using pre computed peak Mem for (3, 9, 2, 1), module 0
result[(3, 9, 2, 1), 0] = ModuleProfileResult(compute_cost=2359.760, peak_memory=23.800 GB, invar_size=6.002 GB, outvar_size=15.975 GB, temp_buffer_size=1.823 GB, available_memory=64.000 GB, comm_cost=1.704)
Using pre computed peak Mem for (3, 9, 2, 1), module 1
result[(3, 9, 2, 1), 1] = ModuleProfileResult(compute_cost=3779.074, peak_memory=27.300 GB, invar_size=21.883 GB, outvar_size=6.002 GB, temp_buffer_size=5.323 GB, available_memory=64.000 GB, comm_cost=1.519)
Using pre computed peak Mem for (3, 10, 2, 0), module 0
result[(3, 10, 2, 0), 0] = ModuleProfileResult(compute_cost=2696.864, peak_memory=27.200 GB, invar_size=6.846 GB, outvar_size=18.143 GB, temp_buffer_size=2.211 GB, available_memory=64.000 GB, comm_cost=1.948)
Using pre computed peak Mem for (3, 10, 2, 0), module 1
result[(3, 10, 2, 0), 1] = ModuleProfileResult(compute_cost=4319.404, peak_memory=31.200 GB, invar_size=24.895 GB, outvar_size=6.846 GB, temp_buffer_size=6.211 GB, available_memory=64.000 GB, comm_cost=2.190)
Using pre computed peak Mem for (3, 10, 2, 1), module 0
result[(3, 10, 2, 1), 0] = ModuleProfileResult(compute_cost=2696.864, peak_memory=27.200 GB, invar_size=6.846 GB, outvar_size=18.354 GB, temp_buffer_size=2.000 GB, available_memory=64.000 GB, comm_cost=1.948)
Using pre computed peak Mem for (3, 10, 2, 1), module 1
result[(3, 10, 2, 1), 1] = ModuleProfileResult(compute_cost=4318.599, peak_memory=31.200 GB, invar_size=25.106 GB, outvar_size=6.846 GB, temp_buffer_size=6.000 GB, available_memory=64.000 GB, comm_cost=1.392)
Using pre computed peak Mem for (3, 11, 2, 0), module 0
result[(3, 11, 2, 0), 0] = ModuleProfileResult(compute_cost=2754.932, peak_memory=30.600 GB, invar_size=7.696 GB, outvar_size=19.662 GB, temp_buffer_size=3.243 GB, available_memory=64.000 GB, comm_cost=1.968)
Using pre computed peak Mem for (3, 11, 2, 0), module 1
result[(3, 11, 2, 0), 1] = ModuleProfileResult(compute_cost=12721.074, peak_memory=35.100 GB, invar_size=27.264 GB, outvar_size=7.696 GB, temp_buffer_size=7.743 GB, available_memory=64.000 GB, comm_cost=2.413)
Using pre computed peak Mem for (3, 11, 2, 1), module 0
result[(3, 11, 2, 1), 0] = ModuleProfileResult(compute_cost=2754.932, peak_memory=30.600 GB, invar_size=7.696 GB, outvar_size=19.978 GB, temp_buffer_size=2.926 GB, available_memory=64.000 GB, comm_cost=1.968)
Using pre computed peak Mem for (3, 11, 2, 1), module 1
result[(3, 11, 2, 1), 1] = ModuleProfileResult(compute_cost=12720.067, peak_memory=35.100 GB, invar_size=27.580 GB, outvar_size=7.696 GB, temp_buffer_size=7.426 GB, available_memory=64.000 GB, comm_cost=1.418)
Using pre computed peak Mem for (4, 4, 2, 0), module 0
result[(4, 4, 2, 0), 0] = ModuleProfileResult(compute_cost=337.135, peak_memory=3.400 GB, invar_size=0.938 GB, outvar_size=2.368 GB, temp_buffer_size=0.095 GB, available_memory=64.000 GB, comm_cost=0.243)
Using pre computed peak Mem for (4, 4, 2, 0), module 1
result[(4, 4, 2, 0), 1] = ModuleProfileResult(compute_cost=539.925, peak_memory=3.900 GB, invar_size=3.212 GB, outvar_size=0.938 GB, temp_buffer_size=0.595 GB, available_memory=64.000 GB, comm_cost=0.274)
Using pre computed peak Mem for (4, 4, 2, 1), module 0
result[(4, 4, 2, 1), 0] = ModuleProfileResult(compute_cost=337.135, peak_memory=3.400 GB, invar_size=0.938 GB, outvar_size=2.403 GB, temp_buffer_size=0.060 GB, available_memory=64.000 GB, comm_cost=0.243)
result[(4, 4, 2, 1), 1] = ModuleProfileResult(compute_cost=539.724, peak_memory=3.915 GB, invar_size=3.247 GB, outvar_size=0.938 GB, temp_buffer_size=0.574 GB, available_memory=64.000 GB, comm_cost=0.075)
Using pre computed peak Mem for (4, 5, 2, 0), module 0
result[(4, 5, 2, 0), 0] = ModuleProfileResult(compute_cost=674.239, peak_memory=6.800 GB, invar_size=1.782 GB, outvar_size=4.641 GB, temp_buffer_size=0.377 GB, available_memory=64.000 GB, comm_cost=0.487)
Using pre computed peak Mem for (4, 5, 2, 0), module 1
result[(4, 5, 2, 0), 1] = ModuleProfileResult(compute_cost=1079.851, peak_memory=7.800 GB, invar_size=6.329 GB, outvar_size=1.782 GB, temp_buffer_size=1.377 GB, available_memory=64.000 GB, comm_cost=0.547)
Using pre computed peak Mem for (4, 5, 2, 1), module 0
result[(4, 5, 2, 1), 0] = ModuleProfileResult(compute_cost=674.239, peak_memory=6.800 GB, invar_size=1.782 GB, outvar_size=4.606 GB, temp_buffer_size=0.412 GB, available_memory=64.000 GB, comm_cost=0.487)
Using pre computed peak Mem for (4, 5, 2, 1), module 1
result[(4, 5, 2, 1), 1] = ModuleProfileResult(compute_cost=1079.850, peak_memory=7.800 GB, invar_size=6.294 GB, outvar_size=1.782 GB, temp_buffer_size=1.412 GB, available_memory=64.000 GB, comm_cost=0.549)
Using pre computed peak Mem for (4, 6, 2, 0), module 0
result[(4, 6, 2, 0), 0] = ModuleProfileResult(compute_cost=1011.344, peak_memory=10.200 GB, invar_size=2.626 GB, outvar_size=6.774 GB, temp_buffer_size=0.800 GB, available_memory=64.000 GB, comm_cost=0.730)
Using pre computed peak Mem for (4, 6, 2, 0), module 1
result[(4, 6, 2, 0), 1] = ModuleProfileResult(compute_cost=1619.776, peak_memory=11.700 GB, invar_size=9.306 GB, outvar_size=2.626 GB, temp_buffer_size=2.300 GB, available_memory=64.000 GB, comm_cost=0.821)
Using pre computed peak Mem for (4, 6, 2, 1), module 0
result[(4, 6, 2, 1), 0] = ModuleProfileResult(compute_cost=1011.344, peak_memory=10.200 GB, invar_size=2.626 GB, outvar_size=6.810 GB, temp_buffer_size=0.765 GB, available_memory=64.000 GB, comm_cost=0.730)
Using pre computed peak Mem for (4, 6, 2, 1), module 1
result[(4, 6, 2, 1), 1] = ModuleProfileResult(compute_cost=1619.575, peak_memory=11.700 GB, invar_size=9.342 GB, outvar_size=2.626 GB, temp_buffer_size=2.265 GB, available_memory=64.000 GB, comm_cost=0.622)
Using pre computed peak Mem for (4, 7, 2, 0), module 0
result[(4, 7, 2, 0), 0] = ModuleProfileResult(compute_cost=1348.448, peak_memory=13.600 GB, invar_size=3.470 GB, outvar_size=9.048 GB, temp_buffer_size=1.082 GB, available_memory=64.000 GB, comm_cost=0.974)
Using pre computed peak Mem for (4, 7, 2, 0), module 1
result[(4, 7, 2, 0), 1] = ModuleProfileResult(compute_cost=2159.702, peak_memory=15.600 GB, invar_size=12.424 GB, outvar_size=3.470 GB, temp_buffer_size=3.082 GB, available_memory=64.000 GB, comm_cost=1.095)
Using pre computed peak Mem for (4, 7, 2, 1), module 0
result[(4, 7, 2, 1), 0] = ModuleProfileResult(compute_cost=1348.448, peak_memory=13.600 GB, invar_size=3.470 GB, outvar_size=9.119 GB, temp_buffer_size=1.012 GB, available_memory=64.000 GB, comm_cost=0.974)
Using pre computed peak Mem for (4, 7, 2, 1), module 1
result[(4, 7, 2, 1), 1] = ModuleProfileResult(compute_cost=2159.701, peak_memory=15.600 GB, invar_size=12.494 GB, outvar_size=3.470 GB, temp_buffer_size=3.012 GB, available_memory=64.000 GB, comm_cost=1.096)
Using pre computed peak Mem for (4, 8, 2, 0), module 0
result[(4, 8, 2, 0), 0] = ModuleProfileResult(compute_cost=1685.552, peak_memory=17.000 GB, invar_size=4.314 GB, outvar_size=11.357 GB, temp_buffer_size=1.329 GB, available_memory=64.000 GB, comm_cost=1.217)
Using pre computed peak Mem for (4, 8, 2, 0), module 1
result[(4, 8, 2, 0), 1] = ModuleProfileResult(compute_cost=2699.627, peak_memory=19.500 GB, invar_size=15.577 GB, outvar_size=4.314 GB, temp_buffer_size=3.829 GB, available_memory=64.000 GB, comm_cost=1.368)
Using pre computed peak Mem for (4, 8, 2, 1), module 0
result[(4, 8, 2, 1), 0] = ModuleProfileResult(compute_cost=1685.552, peak_memory=17.000 GB, invar_size=4.314 GB, outvar_size=11.427 GB, temp_buffer_size=1.259 GB, available_memory=64.000 GB, comm_cost=1.217)
Using pre computed peak Mem for (4, 8, 2, 1), module 1
result[(4, 8, 2, 1), 1] = ModuleProfileResult(compute_cost=2699.023, peak_memory=19.500 GB, invar_size=15.647 GB, outvar_size=4.314 GB, temp_buffer_size=3.759 GB, available_memory=64.000 GB, comm_cost=0.772)
Using pre computed peak Mem for (4, 9, 2, 0), module 0
result[(4, 9, 2, 0), 0] = ModuleProfileResult(compute_cost=2022.656, peak_memory=20.400 GB, invar_size=5.158 GB, outvar_size=13.561 GB, temp_buffer_size=1.682 GB, available_memory=64.000 GB, comm_cost=1.461)
Using pre computed peak Mem for (4, 9, 2, 0), module 1
result[(4, 9, 2, 0), 1] = ModuleProfileResult(compute_cost=3239.553, peak_memory=23.400 GB, invar_size=18.624 GB, outvar_size=5.158 GB, temp_buffer_size=4.682 GB, available_memory=64.000 GB, comm_cost=1.642)
Using pre computed peak Mem for (4, 9, 2, 1), module 0
result[(4, 9, 2, 1), 0] = ModuleProfileResult(compute_cost=2022.656, peak_memory=20.400 GB, invar_size=5.158 GB, outvar_size=13.807 GB, temp_buffer_size=1.436 GB, available_memory=64.000 GB, comm_cost=1.461)
Using pre computed peak Mem for (4, 9, 2, 1), module 1
result[(4, 9, 2, 1), 1] = ModuleProfileResult(compute_cost=3238.747, peak_memory=23.400 GB, invar_size=18.871 GB, outvar_size=5.158 GB, temp_buffer_size=4.436 GB, available_memory=64.000 GB, comm_cost=0.846)
Using pre computed peak Mem for (4, 10, 2, 0), module 0
result[(4, 10, 2, 0), 0] = ModuleProfileResult(compute_cost=2359.760, peak_memory=23.800 GB, invar_size=6.002 GB, outvar_size=15.870 GB, temp_buffer_size=1.929 GB, available_memory=64.000 GB, comm_cost=1.704)
Using pre computed peak Mem for (4, 10, 2, 0), module 1
result[(4, 10, 2, 0), 1] = ModuleProfileResult(compute_cost=3779.478, peak_memory=27.300 GB, invar_size=21.777 GB, outvar_size=6.002 GB, temp_buffer_size=5.429 GB, available_memory=64.000 GB, comm_cost=1.916)
Using pre computed peak Mem for (4, 10, 2, 1), module 0
result[(4, 10, 2, 1), 0] = ModuleProfileResult(compute_cost=2359.760, peak_memory=23.800 GB, invar_size=6.002 GB, outvar_size=15.975 GB, temp_buffer_size=1.823 GB, available_memory=64.000 GB, comm_cost=1.704)
Using pre computed peak Mem for (4, 10, 2, 1), module 1
result[(4, 10, 2, 1), 1] = ModuleProfileResult(compute_cost=3779.275, peak_memory=27.300 GB, invar_size=21.883 GB, outvar_size=6.002 GB, temp_buffer_size=5.323 GB, available_memory=64.000 GB, comm_cost=1.719)
Using pre computed peak Mem for (4, 11, 2, 0), module 0
result[(4, 11, 2, 0), 0] = ModuleProfileResult(compute_cost=2417.828, peak_memory=27.200 GB, invar_size=6.852 GB, outvar_size=17.458 GB, temp_buffer_size=2.890 GB, available_memory=64.000 GB, comm_cost=1.725)
Using pre computed peak Mem for (4, 11, 2, 0), module 1
result[(4, 11, 2, 0), 1] = ModuleProfileResult(compute_cost=12181.149, peak_memory=31.200 GB, invar_size=24.216 GB, outvar_size=6.852 GB, temp_buffer_size=6.890 GB, available_memory=64.000 GB, comm_cost=2.139)
Using pre computed peak Mem for (4, 11, 2, 1), module 0
result[(4, 11, 2, 1), 0] = ModuleProfileResult(compute_cost=2417.828, peak_memory=27.200 GB, invar_size=6.852 GB, outvar_size=17.493 GB, temp_buffer_size=2.855 GB, available_memory=64.000 GB, comm_cost=1.725)
Using pre computed peak Mem for (4, 11, 2, 1), module 1
result[(4, 11, 2, 1), 1] = ModuleProfileResult(compute_cost=12180.746, peak_memory=31.200 GB, invar_size=24.251 GB, outvar_size=6.852 GB, temp_buffer_size=6.855 GB, available_memory=64.000 GB, comm_cost=1.741)
Using pre computed peak Mem for (5, 5, 2, 0), module 0
result[(5, 5, 2, 0), 0] = ModuleProfileResult(compute_cost=337.135, peak_memory=3.400 GB, invar_size=0.938 GB, outvar_size=2.368 GB, temp_buffer_size=0.095 GB, available_memory=64.000 GB, comm_cost=0.243)
Using pre computed peak Mem for (5, 5, 2, 0), module 1
result[(5, 5, 2, 0), 1] = ModuleProfileResult(compute_cost=539.925, peak_memory=3.900 GB, invar_size=3.212 GB, outvar_size=0.938 GB, temp_buffer_size=0.595 GB, available_memory=64.000 GB, comm_cost=0.274)
Using pre computed peak Mem for (5, 5, 2, 1), module 0
result[(5, 5, 2, 1), 0] = ModuleProfileResult(compute_cost=337.135, peak_memory=3.400 GB, invar_size=0.938 GB, outvar_size=2.403 GB, temp_buffer_size=0.060 GB, available_memory=64.000 GB, comm_cost=0.243)
result[(5, 5, 2, 1), 1] = ModuleProfileResult(compute_cost=539.724, peak_memory=3.915 GB, invar_size=3.247 GB, outvar_size=0.938 GB, temp_buffer_size=0.574 GB, available_memory=64.000 GB, comm_cost=0.075)
Using pre computed peak Mem for (5, 6, 2, 0), module 0
result[(5, 6, 2, 0), 0] = ModuleProfileResult(compute_cost=674.239, peak_memory=6.800 GB, invar_size=1.782 GB, outvar_size=4.571 GB, temp_buffer_size=0.447 GB, available_memory=64.000 GB, comm_cost=0.487)
Using pre computed peak Mem for (5, 6, 2, 0), module 1
result[(5, 6, 2, 0), 1] = ModuleProfileResult(compute_cost=1079.851, peak_memory=7.800 GB, invar_size=6.259 GB, outvar_size=1.782 GB, temp_buffer_size=1.447 GB, available_memory=64.000 GB, comm_cost=0.547)
Using pre computed peak Mem for (5, 6, 2, 1), module 0
result[(5, 6, 2, 1), 0] = ModuleProfileResult(compute_cost=674.239, peak_memory=6.800 GB, invar_size=1.782 GB, outvar_size=4.676 GB, temp_buffer_size=0.342 GB, available_memory=64.000 GB, comm_cost=0.487)
result[(5, 6, 2, 1), 1] = ModuleProfileResult(compute_cost=1079.448, peak_memory=7.419 GB, invar_size=6.364 GB, outvar_size=1.782 GB, temp_buffer_size=0.961 GB, available_memory=64.000 GB, comm_cost=0.149)
Using pre computed peak Mem for (5, 7, 2, 0), module 0
result[(5, 7, 2, 0), 0] = ModuleProfileResult(compute_cost=1011.344, peak_memory=10.200 GB, invar_size=2.626 GB, outvar_size=6.915 GB, temp_buffer_size=0.659 GB, available_memory=64.000 GB, comm_cost=0.730)
Using pre computed peak Mem for (5, 7, 2, 0), module 1
result[(5, 7, 2, 0), 1] = ModuleProfileResult(compute_cost=1619.776, peak_memory=11.700 GB, invar_size=9.447 GB, outvar_size=2.626 GB, temp_buffer_size=2.159 GB, available_memory=64.000 GB, comm_cost=0.821)
Using pre computed peak Mem for (5, 7, 2, 1), module 0
result[(5, 7, 2, 1), 0] = ModuleProfileResult(compute_cost=1011.344, peak_memory=10.200 GB, invar_size=2.626 GB, outvar_size=6.845 GB, temp_buffer_size=0.730 GB, available_memory=64.000 GB, comm_cost=0.730)
Using pre computed peak Mem for (5, 7, 2, 1), module 1
result[(5, 7, 2, 1), 1] = ModuleProfileResult(compute_cost=1619.775, peak_memory=11.700 GB, invar_size=9.377 GB, outvar_size=2.626 GB, temp_buffer_size=2.230 GB, available_memory=64.000 GB, comm_cost=0.822)
Using pre computed peak Mem for (5, 8, 2, 0), module 0
result[(5, 8, 2, 0), 0] = ModuleProfileResult(compute_cost=1348.448, peak_memory=13.600 GB, invar_size=3.470 GB, outvar_size=9.083 GB, temp_buffer_size=1.047 GB, available_memory=64.000 GB, comm_cost=0.974)
Using pre computed peak Mem for (5, 8, 2, 0), module 1
result[(5, 8, 2, 0), 1] = ModuleProfileResult(compute_cost=2159.702, peak_memory=15.600 GB, invar_size=12.459 GB, outvar_size=3.470 GB, temp_buffer_size=3.047 GB, available_memory=64.000 GB, comm_cost=1.095)
Using pre computed peak Mem for (5, 8, 2, 1), module 0
result[(5, 8, 2, 1), 0] = ModuleProfileResult(compute_cost=1348.448, peak_memory=13.600 GB, invar_size=3.470 GB, outvar_size=9.083 GB, temp_buffer_size=1.047 GB, available_memory=64.000 GB, comm_cost=0.974)
Using pre computed peak Mem for (5, 8, 2, 1), module 1
result[(5, 8, 2, 1), 1] = ModuleProfileResult(compute_cost=2159.300, peak_memory=15.600 GB, invar_size=12.459 GB, outvar_size=3.470 GB, temp_buffer_size=3.047 GB, available_memory=64.000 GB, comm_cost=0.696)
Using pre computed peak Mem for (5, 9, 2, 0), module 0
result[(5, 9, 2, 0), 0] = ModuleProfileResult(compute_cost=1685.552, peak_memory=17.000 GB, invar_size=4.314 GB, outvar_size=11.357 GB, temp_buffer_size=1.329 GB, available_memory=64.000 GB, comm_cost=1.217)
Using pre computed peak Mem for (5, 9, 2, 0), module 1
result[(5, 9, 2, 0), 1] = ModuleProfileResult(compute_cost=2699.627, peak_memory=19.500 GB, invar_size=15.577 GB, outvar_size=4.314 GB, temp_buffer_size=3.829 GB, available_memory=64.000 GB, comm_cost=1.368)
Using pre computed peak Mem for (5, 9, 2, 1), module 0
result[(5, 9, 2, 1), 0] = ModuleProfileResult(compute_cost=1685.552, peak_memory=17.000 GB, invar_size=4.314 GB, outvar_size=11.287 GB, temp_buffer_size=1.400 GB, available_memory=64.000 GB, comm_cost=1.217)
Using pre computed peak Mem for (5, 9, 2, 1), module 1
result[(5, 9, 2, 1), 1] = ModuleProfileResult(compute_cost=2699.425, peak_memory=19.500 GB, invar_size=15.507 GB, outvar_size=4.314 GB, temp_buffer_size=3.900 GB, available_memory=64.000 GB, comm_cost=1.170)
Using pre computed peak Mem for (5, 10, 2, 0), module 0
result[(5, 10, 2, 0), 0] = ModuleProfileResult(compute_cost=2022.656, peak_memory=20.400 GB, invar_size=5.158 GB, outvar_size=13.525 GB, temp_buffer_size=1.717 GB, available_memory=64.000 GB, comm_cost=1.461)
Using pre computed peak Mem for (5, 10, 2, 0), module 1
result[(5, 10, 2, 0), 1] = ModuleProfileResult(compute_cost=3239.553, peak_memory=23.400 GB, invar_size=18.589 GB, outvar_size=5.158 GB, temp_buffer_size=4.717 GB, available_memory=64.000 GB, comm_cost=1.642)
Using pre computed peak Mem for (5, 10, 2, 1), module 0
result[(5, 10, 2, 1), 0] = ModuleProfileResult(compute_cost=2022.656, peak_memory=20.400 GB, invar_size=5.158 GB, outvar_size=13.772 GB, temp_buffer_size=1.471 GB, available_memory=64.000 GB, comm_cost=1.461)
Using pre computed peak Mem for (5, 10, 2, 1), module 1
result[(5, 10, 2, 1), 1] = ModuleProfileResult(compute_cost=3238.947, peak_memory=23.400 GB, invar_size=18.835 GB, outvar_size=5.158 GB, temp_buffer_size=4.471 GB, available_memory=64.000 GB, comm_cost=1.047)
Using pre computed peak Mem for (5, 11, 2, 0), module 0
result[(5, 11, 2, 0), 0] = ModuleProfileResult(compute_cost=2080.724, peak_memory=23.800 GB, invar_size=6.008 GB, outvar_size=15.290 GB, temp_buffer_size=2.502 GB, available_memory=64.000 GB, comm_cost=1.482)
Using pre computed peak Mem for (5, 11, 2, 0), module 1
result[(5, 11, 2, 0), 1] = ModuleProfileResult(compute_cost=11641.223, peak_memory=27.300 GB, invar_size=21.204 GB, outvar_size=6.008 GB, temp_buffer_size=6.002 GB, available_memory=64.000 GB, comm_cost=1.865)
Using pre computed peak Mem for (5, 11, 2, 1), module 0
result[(5, 11, 2, 1), 0] = ModuleProfileResult(compute_cost=2080.724, peak_memory=23.800 GB, invar_size=6.008 GB, outvar_size=15.395 GB, temp_buffer_size=2.397 GB, available_memory=64.000 GB, comm_cost=1.482)
Using pre computed peak Mem for (5, 11, 2, 1), module 1
result[(5, 11, 2, 1), 1] = ModuleProfileResult(compute_cost=11640.618, peak_memory=27.300 GB, invar_size=21.309 GB, outvar_size=6.008 GB, temp_buffer_size=5.897 GB, available_memory=64.000 GB, comm_cost=1.269)
Using pre computed peak Mem for (6, 6, 2, 0), module 0
result[(6, 6, 2, 0), 0] = ModuleProfileResult(compute_cost=337.135, peak_memory=3.400 GB, invar_size=0.938 GB, outvar_size=2.403 GB, temp_buffer_size=0.060 GB, available_memory=64.000 GB, comm_cost=0.243)
Using pre computed peak Mem for (6, 6, 2, 0), module 1
result[(6, 6, 2, 0), 1] = ModuleProfileResult(compute_cost=539.925, peak_memory=3.900 GB, invar_size=3.247 GB, outvar_size=0.938 GB, temp_buffer_size=0.560 GB, available_memory=64.000 GB, comm_cost=0.274)
Using pre computed peak Mem for (6, 6, 2, 1), module 0
result[(6, 6, 2, 1), 0] = ModuleProfileResult(compute_cost=337.135, peak_memory=3.400 GB, invar_size=0.938 GB, outvar_size=2.368 GB, temp_buffer_size=0.095 GB, available_memory=64.000 GB, comm_cost=0.243)
result[(6, 6, 2, 1), 1] = ModuleProfileResult(compute_cost=539.724, peak_memory=3.879 GB, invar_size=3.212 GB, outvar_size=0.938 GB, temp_buffer_size=0.574 GB, available_memory=64.000 GB, comm_cost=0.075)
Using pre computed peak Mem for (6, 7, 2, 0), module 0
result[(6, 7, 2, 0), 0] = ModuleProfileResult(compute_cost=674.239, peak_memory=6.800 GB, invar_size=1.782 GB, outvar_size=4.606 GB, temp_buffer_size=0.412 GB, available_memory=64.000 GB, comm_cost=0.487)
Using pre computed peak Mem for (6, 7, 2, 0), module 1
result[(6, 7, 2, 0), 1] = ModuleProfileResult(compute_cost=1079.851, peak_memory=7.800 GB, invar_size=6.294 GB, outvar_size=1.782 GB, temp_buffer_size=1.412 GB, available_memory=64.000 GB, comm_cost=0.547)
Using pre computed peak Mem for (6, 7, 2, 1), module 0
result[(6, 7, 2, 1), 0] = ModuleProfileResult(compute_cost=674.239, peak_memory=6.800 GB, invar_size=1.782 GB, outvar_size=4.676 GB, temp_buffer_size=0.342 GB, available_memory=64.000 GB, comm_cost=0.487)
Using pre computed peak Mem for (6, 7, 2, 1), module 1
result[(6, 7, 2, 1), 1] = ModuleProfileResult(compute_cost=1079.649, peak_memory=7.800 GB, invar_size=6.364 GB, outvar_size=1.782 GB, temp_buffer_size=1.342 GB, available_memory=64.000 GB, comm_cost=0.349)
Using pre computed peak Mem for (6, 8, 2, 0), module 0
result[(6, 8, 2, 0), 0] = ModuleProfileResult(compute_cost=1011.344, peak_memory=10.200 GB, invar_size=2.626 GB, outvar_size=6.915 GB, temp_buffer_size=0.659 GB, available_memory=64.000 GB, comm_cost=0.730)
Using pre computed peak Mem for (6, 8, 2, 0), module 1
result[(6, 8, 2, 0), 1] = ModuleProfileResult(compute_cost=1619.776, peak_memory=11.700 GB, invar_size=9.447 GB, outvar_size=2.626 GB, temp_buffer_size=2.159 GB, available_memory=64.000 GB, comm_cost=0.821)
Using pre computed peak Mem for (6, 8, 2, 1), module 0
result[(6, 8, 2, 1), 0] = ModuleProfileResult(compute_cost=1011.344, peak_memory=10.200 GB, invar_size=2.626 GB, outvar_size=6.810 GB, temp_buffer_size=0.765 GB, available_memory=64.000 GB, comm_cost=0.730)
Using pre computed peak Mem for (6, 8, 2, 1), module 1
result[(6, 8, 2, 1), 1] = ModuleProfileResult(compute_cost=1619.776, peak_memory=11.700 GB, invar_size=9.342 GB, outvar_size=2.626 GB, temp_buffer_size=2.265 GB, available_memory=64.000 GB, comm_cost=0.822)
Using pre computed peak Mem for (6, 9, 2, 0), module 0
result[(6, 9, 2, 0), 0] = ModuleProfileResult(compute_cost=1348.448, peak_memory=13.600 GB, invar_size=3.470 GB, outvar_size=9.119 GB, temp_buffer_size=1.012 GB, available_memory=64.000 GB, comm_cost=0.974)
Using pre computed peak Mem for (6, 9, 2, 0), module 1
result[(6, 9, 2, 0), 1] = ModuleProfileResult(compute_cost=2159.702, peak_memory=15.600 GB, invar_size=12.494 GB, outvar_size=3.470 GB, temp_buffer_size=3.012 GB, available_memory=64.000 GB, comm_cost=1.095)
Using pre computed peak Mem for (6, 9, 2, 1), module 0
result[(6, 9, 2, 1), 0] = ModuleProfileResult(compute_cost=1348.448, peak_memory=13.600 GB, invar_size=3.470 GB, outvar_size=9.119 GB, temp_buffer_size=1.012 GB, available_memory=64.000 GB, comm_cost=0.974)
Using pre computed peak Mem for (6, 9, 2, 1), module 1
result[(6, 9, 2, 1), 1] = ModuleProfileResult(compute_cost=2159.700, peak_memory=15.600 GB, invar_size=12.494 GB, outvar_size=3.470 GB, temp_buffer_size=3.012 GB, available_memory=64.000 GB, comm_cost=1.097)
Using pre computed peak Mem for (6, 10, 2, 0), module 0
result[(6, 10, 2, 0), 0] = ModuleProfileResult(compute_cost=1685.552, peak_memory=17.000 GB, invar_size=4.314 GB, outvar_size=11.287 GB, temp_buffer_size=1.400 GB, available_memory=64.000 GB, comm_cost=1.217)
Using pre computed peak Mem for (6, 10, 2, 0), module 1
result[(6, 10, 2, 0), 1] = ModuleProfileResult(compute_cost=2699.627, peak_memory=19.500 GB, invar_size=15.507 GB, outvar_size=4.314 GB, temp_buffer_size=3.900 GB, available_memory=64.000 GB, comm_cost=1.368)
Using pre computed peak Mem for (6, 10, 2, 1), module 0
result[(6, 10, 2, 1), 0] = ModuleProfileResult(compute_cost=1685.552, peak_memory=17.000 GB, invar_size=4.314 GB, outvar_size=11.392 GB, temp_buffer_size=1.294 GB, available_memory=64.000 GB, comm_cost=1.217)
Using pre computed peak Mem for (6, 10, 2, 1), module 1
result[(6, 10, 2, 1), 1] = ModuleProfileResult(compute_cost=2699.224, peak_memory=19.500 GB, invar_size=15.612 GB, outvar_size=4.314 GB, temp_buffer_size=3.794 GB, available_memory=64.000 GB, comm_cost=0.971)
Using pre computed peak Mem for (6, 11, 2, 0), module 0
result[(6, 11, 2, 0), 0] = ModuleProfileResult(compute_cost=1743.620, peak_memory=20.400 GB, invar_size=5.164 GB, outvar_size=13.016 GB, temp_buffer_size=2.220 GB, available_memory=64.000 GB, comm_cost=1.238)
Using pre computed peak Mem for (6, 11, 2, 0), module 1
result[(6, 11, 2, 0), 1] = ModuleProfileResult(compute_cost=11101.298, peak_memory=23.400 GB, invar_size=18.086 GB, outvar_size=5.164 GB, temp_buffer_size=5.220 GB, available_memory=64.000 GB, comm_cost=1.592)
Using pre computed peak Mem for (6, 11, 2, 1), module 0
result[(6, 11, 2, 1), 0] = ModuleProfileResult(compute_cost=1743.620, peak_memory=20.400 GB, invar_size=5.164 GB, outvar_size=13.121 GB, temp_buffer_size=2.115 GB, available_memory=64.000 GB, comm_cost=1.238)
Using pre computed peak Mem for (6, 11, 2, 1), module 1
result[(6, 11, 2, 1), 1] = ModuleProfileResult(compute_cost=11100.895, peak_memory=23.400 GB, invar_size=18.192 GB, outvar_size=5.164 GB, temp_buffer_size=5.115 GB, available_memory=64.000 GB, comm_cost=1.194)
Using pre computed peak Mem for (7, 7, 2, 0), module 0
result[(7, 7, 2, 0), 0] = ModuleProfileResult(compute_cost=337.135, peak_memory=3.400 GB, invar_size=0.938 GB, outvar_size=2.368 GB, temp_buffer_size=0.095 GB, available_memory=64.000 GB, comm_cost=0.243)
Using pre computed peak Mem for (7, 7, 2, 0), module 1
result[(7, 7, 2, 0), 1] = ModuleProfileResult(compute_cost=539.925, peak_memory=3.900 GB, invar_size=3.212 GB, outvar_size=0.938 GB, temp_buffer_size=0.595 GB, available_memory=64.000 GB, comm_cost=0.274)
Using pre computed peak Mem for (7, 7, 2, 1), module 0
result[(7, 7, 2, 1), 0] = ModuleProfileResult(compute_cost=337.135, peak_memory=3.400 GB, invar_size=0.938 GB, outvar_size=2.332 GB, temp_buffer_size=0.130 GB, available_memory=64.000 GB, comm_cost=0.243)
Using pre computed peak Mem for (7, 7, 2, 1), module 1
result[(7, 7, 2, 1), 1] = ModuleProfileResult(compute_cost=539.925, peak_memory=3.900 GB, invar_size=3.176 GB, outvar_size=0.938 GB, temp_buffer_size=0.630 GB, available_memory=64.000 GB, comm_cost=0.274)
Using pre computed peak Mem for (7, 8, 2, 0), module 0
result[(7, 8, 2, 0), 0] = ModuleProfileResult(compute_cost=674.239, peak_memory=6.800 GB, invar_size=1.782 GB, outvar_size=4.571 GB, temp_buffer_size=0.447 GB, available_memory=64.000 GB, comm_cost=0.487)
Using pre computed peak Mem for (7, 8, 2, 0), module 1
result[(7, 8, 2, 0), 1] = ModuleProfileResult(compute_cost=1079.851, peak_memory=7.800 GB, invar_size=6.259 GB, outvar_size=1.782 GB, temp_buffer_size=1.447 GB, available_memory=64.000 GB, comm_cost=0.547)
Using pre computed peak Mem for (7, 8, 2, 1), module 0
result[(7, 8, 2, 1), 0] = ModuleProfileResult(compute_cost=674.239, peak_memory=6.800 GB, invar_size=1.782 GB, outvar_size=4.606 GB, temp_buffer_size=0.412 GB, available_memory=64.000 GB, comm_cost=0.487)
Using pre computed peak Mem for (7, 8, 2, 1), module 1
result[(7, 8, 2, 1), 1] = ModuleProfileResult(compute_cost=1079.850, peak_memory=7.800 GB, invar_size=6.294 GB, outvar_size=1.782 GB, temp_buffer_size=1.412 GB, available_memory=64.000 GB, comm_cost=0.548)
Using pre computed peak Mem for (7, 9, 2, 0), module 0
result[(7, 9, 2, 0), 0] = ModuleProfileResult(compute_cost=1011.344, peak_memory=10.200 GB, invar_size=2.626 GB, outvar_size=6.880 GB, temp_buffer_size=0.694 GB, available_memory=64.000 GB, comm_cost=0.730)
Using pre computed peak Mem for (7, 9, 2, 0), module 1
result[(7, 9, 2, 0), 1] = ModuleProfileResult(compute_cost=1619.776, peak_memory=11.700 GB, invar_size=9.412 GB, outvar_size=2.626 GB, temp_buffer_size=2.194 GB, available_memory=64.000 GB, comm_cost=0.821)
Using pre computed peak Mem for (7, 9, 2, 1), module 0
result[(7, 9, 2, 1), 0] = ModuleProfileResult(compute_cost=1011.344, peak_memory=10.200 GB, invar_size=2.626 GB, outvar_size=6.985 GB, temp_buffer_size=0.589 GB, available_memory=64.000 GB, comm_cost=0.730)
Using pre computed peak Mem for (7, 9, 2, 1), module 1
result[(7, 9, 2, 1), 1] = ModuleProfileResult(compute_cost=1619.373, peak_memory=11.700 GB, invar_size=9.517 GB, outvar_size=2.626 GB, temp_buffer_size=2.089 GB, available_memory=64.000 GB, comm_cost=0.423)
Using pre computed peak Mem for (7, 10, 2, 0), module 0
result[(7, 10, 2, 0), 0] = ModuleProfileResult(compute_cost=1348.448, peak_memory=13.600 GB, invar_size=3.470 GB, outvar_size=9.013 GB, temp_buffer_size=1.117 GB, available_memory=64.000 GB, comm_cost=0.974)
Using pre computed peak Mem for (7, 10, 2, 0), module 1
result[(7, 10, 2, 0), 1] = ModuleProfileResult(compute_cost=2159.702, peak_memory=15.600 GB, invar_size=12.389 GB, outvar_size=3.470 GB, temp_buffer_size=3.117 GB, available_memory=64.000 GB, comm_cost=1.095)
Using pre computed peak Mem for (7, 10, 2, 1), module 0
result[(7, 10, 2, 1), 0] = ModuleProfileResult(compute_cost=1348.448, peak_memory=13.600 GB, invar_size=3.470 GB, outvar_size=9.154 GB, temp_buffer_size=0.977 GB, available_memory=64.000 GB, comm_cost=0.974)
Using pre computed peak Mem for (7, 10, 2, 1), module 1
result[(7, 10, 2, 1), 1] = ModuleProfileResult(compute_cost=2159.299, peak_memory=15.600 GB, invar_size=12.530 GB, outvar_size=3.470 GB, temp_buffer_size=2.977 GB, available_memory=64.000 GB, comm_cost=0.697)
Using pre computed peak Mem for (7, 11, 2, 0), module 0
result[(7, 11, 2, 0), 0] = ModuleProfileResult(compute_cost=1406.515, peak_memory=17.000 GB, invar_size=4.320 GB, outvar_size=10.742 GB, temp_buffer_size=1.938 GB, available_memory=64.000 GB, comm_cost=0.995)
Using pre computed peak Mem for (7, 11, 2, 0), module 1
result[(7, 11, 2, 0), 1] = ModuleProfileResult(compute_cost=10561.373, peak_memory=19.500 GB, invar_size=14.968 GB, outvar_size=4.320 GB, temp_buffer_size=4.438 GB, available_memory=64.000 GB, comm_cost=1.318)
Using pre computed peak Mem for (7, 11, 2, 1), module 0
result[(7, 11, 2, 1), 0] = ModuleProfileResult(compute_cost=1406.515, peak_memory=17.000 GB, invar_size=4.320 GB, outvar_size=10.813 GB, temp_buffer_size=1.868 GB, available_memory=64.000 GB, comm_cost=0.995)
Using pre computed peak Mem for (7, 11, 2, 1), module 1
result[(7, 11, 2, 1), 1] = ModuleProfileResult(compute_cost=10561.170, peak_memory=19.500 GB, invar_size=15.039 GB, outvar_size=4.320 GB, temp_buffer_size=4.368 GB, available_memory=64.000 GB, comm_cost=1.121)
Using pre computed peak Mem for (8, 8, 2, 0), module 0
result[(8, 8, 2, 0), 0] = ModuleProfileResult(compute_cost=337.135, peak_memory=3.400 GB, invar_size=0.938 GB, outvar_size=2.368 GB, temp_buffer_size=0.095 GB, available_memory=64.000 GB, comm_cost=0.243)
Using pre computed peak Mem for (8, 8, 2, 0), module 1
result[(8, 8, 2, 0), 1] = ModuleProfileResult(compute_cost=539.925, peak_memory=3.900 GB, invar_size=3.212 GB, outvar_size=0.938 GB, temp_buffer_size=0.595 GB, available_memory=64.000 GB, comm_cost=0.274)
Using pre computed peak Mem for (8, 8, 2, 1), module 0
result[(8, 8, 2, 1), 0] = ModuleProfileResult(compute_cost=337.135, peak_memory=3.400 GB, invar_size=0.938 GB, outvar_size=2.403 GB, temp_buffer_size=0.060 GB, available_memory=64.000 GB, comm_cost=0.243)
result[(8, 8, 2, 1), 1] = ModuleProfileResult(compute_cost=539.724, peak_memory=3.915 GB, invar_size=3.247 GB, outvar_size=0.938 GB, temp_buffer_size=0.574 GB, available_memory=64.000 GB, comm_cost=0.075)
Using pre computed peak Mem for (8, 9, 2, 0), module 0
result[(8, 9, 2, 0), 0] = ModuleProfileResult(compute_cost=674.239, peak_memory=6.800 GB, invar_size=1.782 GB, outvar_size=4.536 GB, temp_buffer_size=0.482 GB, available_memory=64.000 GB, comm_cost=0.487)
Using pre computed peak Mem for (8, 9, 2, 0), module 1
result[(8, 9, 2, 0), 1] = ModuleProfileResult(compute_cost=1079.851, peak_memory=7.800 GB, invar_size=6.224 GB, outvar_size=1.782 GB, temp_buffer_size=1.482 GB, available_memory=64.000 GB, comm_cost=0.547)
Using pre computed peak Mem for (8, 9, 2, 1), module 0
result[(8, 9, 2, 1), 0] = ModuleProfileResult(compute_cost=674.239, peak_memory=6.800 GB, invar_size=1.782 GB, outvar_size=4.606 GB, temp_buffer_size=0.412 GB, available_memory=64.000 GB, comm_cost=0.487)
Using pre computed peak Mem for (8, 9, 2, 1), module 1
result[(8, 9, 2, 1), 1] = ModuleProfileResult(compute_cost=1079.850, peak_memory=7.800 GB, invar_size=6.294 GB, outvar_size=1.782 GB, temp_buffer_size=1.412 GB, available_memory=64.000 GB, comm_cost=0.548)
Using pre computed peak Mem for (8, 10, 2, 0), module 0
result[(8, 10, 2, 0), 0] = ModuleProfileResult(compute_cost=1011.344, peak_memory=10.200 GB, invar_size=2.626 GB, outvar_size=6.880 GB, temp_buffer_size=0.694 GB, available_memory=64.000 GB, comm_cost=0.730)
Using pre computed peak Mem for (8, 10, 2, 0), module 1
result[(8, 10, 2, 0), 1] = ModuleProfileResult(compute_cost=1619.776, peak_memory=11.700 GB, invar_size=9.412 GB, outvar_size=2.626 GB, temp_buffer_size=2.194 GB, available_memory=64.000 GB, comm_cost=0.821)
Using pre computed peak Mem for (8, 10, 2, 1), module 0
result[(8, 10, 2, 1), 0] = ModuleProfileResult(compute_cost=1011.344, peak_memory=10.200 GB, invar_size=2.626 GB, outvar_size=6.845 GB, temp_buffer_size=0.730 GB, available_memory=64.000 GB, comm_cost=0.730)
Using pre computed peak Mem for (8, 10, 2, 1), module 1
result[(8, 10, 2, 1), 1] = ModuleProfileResult(compute_cost=1619.574, peak_memory=11.700 GB, invar_size=9.377 GB, outvar_size=2.626 GB, temp_buffer_size=2.230 GB, available_memory=64.000 GB, comm_cost=0.623)
Using pre computed peak Mem for (8, 11, 2, 0), module 0
result[(8, 11, 2, 0), 0] = ModuleProfileResult(compute_cost=1069.411, peak_memory=13.600 GB, invar_size=3.476 GB, outvar_size=8.504 GB, temp_buffer_size=1.621 GB, available_memory=64.000 GB, comm_cost=0.751)
Using pre computed peak Mem for (8, 11, 2, 0), module 1
result[(8, 11, 2, 0), 1] = ModuleProfileResult(compute_cost=10021.447, peak_memory=15.600 GB, invar_size=11.886 GB, outvar_size=3.476 GB, temp_buffer_size=3.621 GB, available_memory=64.000 GB, comm_cost=1.044)
Using pre computed peak Mem for (8, 11, 2, 1), module 0
result[(8, 11, 2, 1), 0] = ModuleProfileResult(compute_cost=1069.414, peak_memory=13.600 GB, invar_size=3.476 GB, outvar_size=8.644 GB, temp_buffer_size=1.480 GB, available_memory=64.000 GB, comm_cost=0.753)
Using pre computed peak Mem for (8, 11, 2, 1), module 1
result[(8, 11, 2, 1), 1] = ModuleProfileResult(compute_cost=10021.051, peak_memory=15.600 GB, invar_size=12.026 GB, outvar_size=3.476 GB, temp_buffer_size=3.480 GB, available_memory=64.000 GB, comm_cost=0.653)
Using pre computed peak Mem for (9, 9, 2, 0), module 0
result[(9, 9, 2, 0), 0] = ModuleProfileResult(compute_cost=337.135, peak_memory=3.400 GB, invar_size=0.938 GB, outvar_size=2.332 GB, temp_buffer_size=0.130 GB, available_memory=64.000 GB, comm_cost=0.243)
Using pre computed peak Mem for (9, 9, 2, 0), module 1
result[(9, 9, 2, 0), 1] = ModuleProfileResult(compute_cost=539.925, peak_memory=3.900 GB, invar_size=3.176 GB, outvar_size=0.938 GB, temp_buffer_size=0.630 GB, available_memory=64.000 GB, comm_cost=0.274)
Using pre computed peak Mem for (9, 9, 2, 1), module 0
result[(9, 9, 2, 1), 0] = ModuleProfileResult(compute_cost=337.135, peak_memory=3.400 GB, invar_size=0.938 GB, outvar_size=2.403 GB, temp_buffer_size=0.060 GB, available_memory=64.000 GB, comm_cost=0.243)
result[(9, 9, 2, 1), 1] = ModuleProfileResult(compute_cost=539.724, peak_memory=3.915 GB, invar_size=3.247 GB, outvar_size=0.938 GB, temp_buffer_size=0.574 GB, available_memory=64.000 GB, comm_cost=0.075)
Using pre computed peak Mem for (9, 10, 2, 0), module 0
result[(9, 10, 2, 0), 0] = ModuleProfileResult(compute_cost=674.239, peak_memory=6.800 GB, invar_size=1.782 GB, outvar_size=4.571 GB, temp_buffer_size=0.447 GB, available_memory=64.000 GB, comm_cost=0.487)
Using pre computed peak Mem for (9, 10, 2, 0), module 1
result[(9, 10, 2, 0), 1] = ModuleProfileResult(compute_cost=1079.851, peak_memory=7.800 GB, invar_size=6.259 GB, outvar_size=1.782 GB, temp_buffer_size=1.447 GB, available_memory=64.000 GB, comm_cost=0.547)
Using pre computed peak Mem for (9, 10, 2, 1), module 0
result[(9, 10, 2, 1), 0] = ModuleProfileResult(compute_cost=674.239, peak_memory=6.800 GB, invar_size=1.782 GB, outvar_size=4.676 GB, temp_buffer_size=0.342 GB, available_memory=64.000 GB, comm_cost=0.487)
Using pre computed peak Mem for (9, 10, 2, 1), module 1
result[(9, 10, 2, 1), 1] = ModuleProfileResult(compute_cost=1079.850, peak_memory=7.800 GB, invar_size=6.364 GB, outvar_size=1.782 GB, temp_buffer_size=1.342 GB, available_memory=64.000 GB, comm_cost=0.549)
Using pre computed peak Mem for (9, 11, 2, 0), module 0
result[(9, 11, 2, 0), 0] = ModuleProfileResult(compute_cost=732.307, peak_memory=10.200 GB, invar_size=2.632 GB, outvar_size=6.265 GB, temp_buffer_size=1.303 GB, available_memory=64.000 GB, comm_cost=0.508)
Using pre computed peak Mem for (9, 11, 2, 0), module 1
result[(9, 11, 2, 0), 1] = ModuleProfileResult(compute_cost=9481.522, peak_memory=11.700 GB, invar_size=8.803 GB, outvar_size=2.632 GB, temp_buffer_size=2.803 GB, available_memory=64.000 GB, comm_cost=0.771)
Using pre computed peak Mem for (9, 11, 2, 1), module 0
result[(9, 11, 2, 1), 0] = ModuleProfileResult(compute_cost=732.307, peak_memory=10.200 GB, invar_size=2.632 GB, outvar_size=6.335 GB, temp_buffer_size=1.233 GB, available_memory=64.000 GB, comm_cost=0.508)
Using pre computed peak Mem for (9, 11, 2, 1), module 1
result[(9, 11, 2, 1), 1] = ModuleProfileResult(compute_cost=9481.320, peak_memory=11.700 GB, invar_size=8.873 GB, outvar_size=2.632 GB, temp_buffer_size=2.733 GB, available_memory=64.000 GB, comm_cost=0.571)
Using pre computed peak Mem for (10, 10, 2, 0), module 0
result[(10, 10, 2, 0), 0] = ModuleProfileResult(compute_cost=337.135, peak_memory=3.400 GB, invar_size=0.938 GB, outvar_size=2.403 GB, temp_buffer_size=0.060 GB, available_memory=64.000 GB, comm_cost=0.243)
Using pre computed peak Mem for (10, 10, 2, 0), module 1
result[(10, 10, 2, 0), 1] = ModuleProfileResult(compute_cost=539.925, peak_memory=3.900 GB, invar_size=3.247 GB, outvar_size=0.938 GB, temp_buffer_size=0.560 GB, available_memory=64.000 GB, comm_cost=0.274)
Using pre computed peak Mem for (10, 10, 2, 1), module 0
result[(10, 10, 2, 1), 0] = ModuleProfileResult(compute_cost=337.135, peak_memory=3.400 GB, invar_size=0.938 GB, outvar_size=2.403 GB, temp_buffer_size=0.060 GB, available_memory=64.000 GB, comm_cost=0.243)
result[(10, 10, 2, 1), 1] = ModuleProfileResult(compute_cost=539.724, peak_memory=3.915 GB, invar_size=3.247 GB, outvar_size=0.938 GB, temp_buffer_size=0.574 GB, available_memory=64.000 GB, comm_cost=0.075)
Using pre computed peak Mem for (10, 11, 2, 0), module 0
result[(10, 11, 2, 0), 0] = ModuleProfileResult(compute_cost=395.203, peak_memory=6.800 GB, invar_size=1.788 GB, outvar_size=4.061 GB, temp_buffer_size=0.951 GB, available_memory=64.000 GB, comm_cost=0.264)
Using pre computed peak Mem for (10, 11, 2, 0), module 1
result[(10, 11, 2, 0), 1] = ModuleProfileResult(compute_cost=8941.596, peak_memory=7.800 GB, invar_size=5.756 GB, outvar_size=1.788 GB, temp_buffer_size=1.951 GB, available_memory=64.000 GB, comm_cost=0.497)
Using pre computed peak Mem for (10, 11, 2, 1), module 0
result[(10, 11, 2, 1), 0] = ModuleProfileResult(compute_cost=395.203, peak_memory=6.800 GB, invar_size=1.788 GB, outvar_size=4.061 GB, temp_buffer_size=0.951 GB, available_memory=64.000 GB, comm_cost=0.264)
Using pre computed peak Mem for (10, 11, 2, 1), module 1
result[(10, 11, 2, 1), 1] = ModuleProfileResult(compute_cost=8941.395, peak_memory=7.800 GB, invar_size=5.756 GB, outvar_size=1.788 GB, temp_buffer_size=1.951 GB, available_memory=64.000 GB, comm_cost=0.298)
result[(11, 11, 2, 0), 0] = ModuleProfileResult(compute_cost=58.068, peak_memory=2.732 GB, invar_size=0.944 GB, outvar_size=1.788 GB, temp_buffer_size=0.000 GB, available_memory=64.000 GB, comm_cost=0.021)
Using pre computed peak Mem for (11, 11, 2, 0), module 1
result[(11, 11, 2, 0), 1] = ModuleProfileResult(compute_cost=8401.671, peak_memory=3.900 GB, invar_size=2.638 GB, outvar_size=0.944 GB, temp_buffer_size=1.168 GB, available_memory=64.000 GB, comm_cost=0.223)
result[(11, 11, 2, 1), 0] = ModuleProfileResult(compute_cost=58.068, peak_memory=2.732 GB, invar_size=0.944 GB, outvar_size=1.788 GB, temp_buffer_size=0.000 GB, available_memory=64.000 GB, comm_cost=0.021)
Using pre computed peak Mem for (11, 11, 2, 1), module 1
result[(11, 11, 2, 1), 1] = ModuleProfileResult(compute_cost=8401.671, peak_memory=3.900 GB, invar_size=2.638 GB, outvar_size=0.944 GB, temp_buffer_size=1.168 GB, available_memory=64.000 GB, comm_cost=0.223)
Profiling for submesh 2 (1, 4) takes 523.20 seconds
--------------------------------------------------
- Profiling for submesh 1 (1, 2):
- Generate all stage infos (Jaxpr -> HLO)
- Compile all stages, get estimations
num of workers:12
[2m[36m(CompileWorker pid=3635758)[0m compiled for stage:0 name: stage_0_0_acc_grad_0 module id: 0
[2m[36m(CompileWorker pid=3635757)[0m compiled for stage:1 name: stage_0_0_acc_grad_0 module id: 0
[2m[36m(CompileWorker pid=3635756)[0m compiled for stage:2 name: stage_0_1_acc_grad_0 module id: 0
[2m[36m(CompileWorker pid=3635755)[0m compiled for stage:3 name: stage_0_1_acc_grad_0 module id: 0
[2m[36m(CompileWorker pid=3635758)[0m  tensor (Large latency) dimensions: (1, 2048, 12288, 50257, 1, 1, 1, 1, 1, 1, 0, 0, 'CONV', 1, 1, 0, 0),  latency: 722.1379657142858
[2m[36m(CompileWorker pid=3635757)[0m  tensor (Large latency) dimensions: (1, 2048, 12288, 50257, 1, 1, 1, 1, 1, 1, 0, 0, 'CONV', 1, 1, 0, 0),  latency: 722.1379657142858
[2m[36m(CompileWorker pid=3635754)[0m compiled for stage:4 name: stage_0_2_acc_grad_0 module id: 0
[2m[36m(CompileWorker pid=3635756)[0m  tensor (Large latency) dimensions: (1, 2048, 12288, 50257, 1, 1, 1, 1, 1, 1, 0, 0, 'CONV', 1, 1, 0, 0),  latency: 722.1379657142858
[2m[36m(CompileWorker pid=3635755)[0m  tensor (Large latency) dimensions: (1, 2048, 12288, 50257, 1, 1, 1, 1, 1, 1, 0, 0, 'CONV', 1, 1, 0, 0),  latency: 722.1379657142858
[2m[36m(CompileWorker pid=3635752)[0m compiled for stage:6 name: stage_0_3_acc_grad_0 module id: 0
[2m[36m(CompileWorker pid=3635749)[0m compiled for stage:8 name: stage_0_4_acc_grad_0 module id: 0
[2m[36m(CompileWorker pid=3635753)[0m compiled for stage:5 name: stage_0_2_acc_grad_0 module id: 0
[2m[36m(CompileWorker pid=3635754)[0m  tensor (Large latency) dimensions: (1, 2048, 12288, 50257, 1, 1, 1, 1, 1, 1, 0, 0, 'CONV', 1, 1, 0, 0),  latency: 722.1379657142858
[2m[36m(CompileWorker pid=3635758)[0m  tensor (Large latency) dimensions: (1, 2048, 12288, 1024, 1, 1, 1, 1, 1, 1, 0, 0, 'CONV', 1, 1, 0, 0),  latency: 1.8724571428571428
[2m[36m(CompileWorker pid=3635757)[0m  tensor (Large latency) dimensions: (1, 2048, 12288, 1024, 1, 1, 1, 1, 1, 1, 0, 0, 'CONV', 1, 1, 0, 0),  latency: 1.8724571428571428
[2m[36m(CompileWorker pid=3635756)[0m  tensor (Large latency) dimensions: (1, 2048, 12288, 1024, 1, 1, 1, 1, 1, 1, 0, 0, 'CONV', 1, 1, 0, 0),  latency: 1.8724571428571428
[2m[36m(CompileWorker pid=3635755)[0m  tensor (Large latency) dimensions: (1, 2048, 12288, 1024, 1, 1, 1, 1, 1, 1, 0, 0, 'CONV', 1, 1, 0, 0),  latency: 1.8724571428571428
[2m[36m(CompileWorker pid=3635751)[0m compiled for stage:7 name: stage_0_3_acc_grad_0 module id: 0
[2m[36m(CompileWorker pid=3635752)[0m  tensor (Large latency) dimensions: (1, 2048, 12288, 50257, 1, 1, 1, 1, 1, 1, 0, 0, 'CONV', 1, 1, 0, 0),  latency: 722.1379657142858
[2m[36m(CompileWorker pid=3635747)[0m compiled for stage:10 name: stage_0_5_acc_grad_0 module id: 0
[2m[36m(CompileWorker pid=3635749)[0m  tensor (Large latency) dimensions: (1, 2048, 12288, 50257, 1, 1, 1, 1, 1, 1, 0, 0, 'CONV', 1, 1, 0, 0),  latency: 722.1379657142858
[2m[36m(CompileWorker pid=3635753)[0m  tensor (Large latency) dimensions: (1, 2048, 12288, 50257, 1, 1, 1, 1, 1, 1, 0, 0, 'CONV', 1, 1, 0, 0),  latency: 722.1379657142858
[2m[36m(CompileWorker pid=3635751)[0m  tensor (Large latency) dimensions: (1, 2048, 12288, 50257, 1, 1, 1, 1, 1, 1, 0, 0, 'CONV', 1, 1, 0, 0),  latency: 722.1379657142858
[2m[36m(CompileWorker pid=3635754)[0m  tensor (Large latency) dimensions: (1, 2048, 12288, 1024, 1, 1, 1, 1, 1, 1, 0, 0, 'CONV', 1, 1, 0, 0),  latency: 1.8724571428571428
[2m[36m(CompileWorker pid=3635758)[0m  tensor (Large latency) dimensions: (1, 2048, 36864, 36864, 1, 1, 1, 1, 1, 1, 0, 0, 'CONV', 1, 1, 0, 0),  latency: 241.54697142857142
[2m[36m(CompileWorker pid=3635747)[0m  tensor (Large latency) dimensions: (1, 2048, 12288, 50257, 1, 1, 1, 1, 1, 1, 0, 0, 'CONV', 1, 1, 0, 0),  latency: 722.1379657142858
[2m[36m(CompileWorker pid=3635755)[0m  tensor (Large latency) dimensions: (1, 2048, 36864, 36864, 1, 1, 1, 1, 1, 1, 0, 0, 'CONV', 1, 1, 0, 0),  latency: 241.54697142857142
[2m[36m(CompileWorker pid=3635756)[0m  tensor (Large latency) dimensions: (1, 2048, 36864, 36864, 1, 1, 1, 1, 1, 1, 0, 0, 'CONV', 1, 1, 0, 0),  latency: 241.54697142857142
[2m[36m(CompileWorker pid=3635748)[0m compiled for stage:9 name: stage_0_4_acc_grad_0 module id: 0
[2m[36m(CompileWorker pid=3635757)[0m  tensor (Large latency) dimensions: (1, 2048, 36864, 36864, 1, 1, 1, 1, 1, 1, 0, 0, 'CONV', 1, 1, 0, 0),  latency: 241.54697142857142
[2m[36m(CompileWorker pid=3635752)[0m  tensor (Large latency) dimensions: (1, 2048, 12288, 1024, 1, 1, 1, 1, 1, 1, 0, 0, 'CONV', 1, 1, 0, 0),  latency: 1.8724571428571428
[2m[36m(CompileWorker pid=3635753)[0m  tensor (Large latency) dimensions: (1, 2048, 12288, 1024, 1, 1, 1, 1, 1, 1, 0, 0, 'CONV', 1, 1, 0, 0),  latency: 1.8724571428571428
[2m[36m(CompileWorker pid=3635749)[0m  tensor (Large latency) dimensions: (1, 2048, 12288, 1024, 1, 1, 1, 1, 1, 1, 0, 0, 'CONV', 1, 1, 0, 0),  latency: 1.8724571428571428
[2m[36m(CompileWorker pid=3635746)[0m compiled for stage:11 name: stage_0_5_acc_grad_0 module id: 0
[2m[36m(CompileWorker pid=3635751)[0m  tensor (Large latency) dimensions: (1, 2048, 12288, 1024, 1, 1, 1, 1, 1, 1, 0, 0, 'CONV', 1, 1, 0, 0),  latency: 1.8724571428571428
[2m[36m(CompileWorker pid=3635748)[0m  tensor (Large latency) dimensions: (1, 2048, 12288, 50257, 1, 1, 1, 1, 1, 1, 0, 0, 'CONV', 1, 1, 0, 0),  latency: 722.1379657142858
[2m[36m(CompileWorker pid=3635754)[0m  tensor (Large latency) dimensions: (1, 2048, 36864, 36864, 1, 1, 1, 1, 1, 1, 0, 0, 'CONV', 1, 1, 0, 0),  latency: 241.54697142857142
[2m[36m(CompileWorker pid=3635747)[0m  tensor (Large latency) dimensions: (1, 2048, 12288, 1024, 1, 1, 1, 1, 1, 1, 0, 0, 'CONV', 1, 1, 0, 0),  latency: 1.8724571428571428
[2m[36m(CompileWorker pid=3635758)[0m  tensor (Large latency) dimensions: (1, 2048, 12288, 12288, 1, 1, 1, 1, 1, 1, 0, 0, 'CONV', 1, 1, 0, 0),  latency: 26.58889142857143
[2m[36m(CompileWorker pid=3635746)[0m  tensor (Large latency) dimensions: (1, 2048, 12288, 50257, 1, 1, 1, 1, 1, 1, 0, 0, 'CONV', 1, 1, 0, 0),  latency: 722.1379657142858
[2m[36m(CompileWorker pid=3635752)[0m  tensor (Large latency) dimensions: (1, 2048, 36864, 36864, 1, 1, 1, 1, 1, 1, 0, 0, 'CONV', 1, 1, 0, 0),  latency: 241.54697142857142
[2m[36m(CompileWorker pid=3635753)[0m  tensor (Large latency) dimensions: (1, 2048, 36864, 36864, 1, 1, 1, 1, 1, 1, 0, 0, 'CONV', 1, 1, 0, 0),  latency: 241.54697142857142
[2m[36m(CompileWorker pid=3635755)[0m  tensor (Large latency) dimensions: (1, 2048, 12288, 12288, 1, 1, 1, 1, 1, 1, 0, 0, 'CONV', 1, 1, 0, 0),  latency: 26.58889142857143
[2m[36m(CompileWorker pid=3635749)[0m  tensor (Large latency) dimensions: (1, 2048, 36864, 36864, 1, 1, 1, 1, 1, 1, 0, 0, 'CONV', 1, 1, 0, 0),  latency: 241.54697142857142
[2m[36m(CompileWorker pid=3635756)[0m  tensor (Large latency) dimensions: (1, 2048, 12288, 12288, 1, 1, 1, 1, 1, 1, 0, 0, 'CONV', 1, 1, 0, 0),  latency: 26.58889142857143
[2m[36m(CompileWorker pid=3635757)[0m  tensor (Large latency) dimensions: (1, 2048, 12288, 12288, 1, 1, 1, 1, 1, 1, 0, 0, 'CONV', 1, 1, 0, 0),  latency: 26.58889142857143
[2m[36m(CompileWorker pid=3635751)[0m  tensor (Large latency) dimensions: (1, 2048, 36864, 36864, 1, 1, 1, 1, 1, 1, 0, 0, 'CONV', 1, 1, 0, 0),  latency: 241.54697142857142
[2m[36m(CompileWorker pid=3635748)[0m  tensor (Large latency) dimensions: (1, 2048, 12288, 1024, 1, 1, 1, 1, 1, 1, 0, 0, 'CONV', 1, 1, 0, 0),  latency: 1.8724571428571428
[2m[36m(CompileWorker pid=3635758)[0m  tensor (Large latency) dimensions: (1, 2048, 24576, 24576, 1, 1, 1, 1, 1, 1, 0, 0, 'CONV', 1, 1, 0, 0),  latency: 107.10454857142857
[2m[36m(CompileWorker pid=3635754)[0m  tensor (Large latency) dimensions: (1, 2048, 12288, 12288, 1, 1, 1, 1, 1, 1, 0, 0, 'CONV', 1, 1, 0, 0),  latency: 26.58889142857143
[2m[36m(CompileWorker pid=3635746)[0m  tensor (Large latency) dimensions: (1, 2048, 12288, 1024, 1, 1, 1, 1, 1, 1, 0, 0, 'CONV', 1, 1, 0, 0),  latency: 1.8724571428571428
[2m[36m(CompileWorker pid=3635755)[0m  tensor (Large latency) dimensions: (1, 2048, 24576, 24576, 1, 1, 1, 1, 1, 1, 0, 0, 'CONV', 1, 1, 0, 0),  latency: 107.10454857142857
[2m[36m(CompileWorker pid=3635756)[0m  tensor (Large latency) dimensions: (1, 2048, 24576, 24576, 1, 1, 1, 1, 1, 1, 0, 0, 'CONV', 1, 1, 0, 0),  latency: 107.10454857142857
[2m[36m(CompileWorker pid=3635747)[0m  tensor (Large latency) dimensions: (1, 2048, 36864, 36864, 1, 1, 1, 1, 1, 1, 0, 0, 'CONV', 1, 1, 0, 0),  latency: 241.54697142857142
[2m[36m(CompileWorker pid=3635757)[0m  tensor (Large latency) dimensions: (1, 2048, 24576, 24576, 1, 1, 1, 1, 1, 1, 0, 0, 'CONV', 1, 1, 0, 0),  latency: 107.10454857142857
[2m[36m(CompileWorker pid=3635752)[0m  tensor (Large latency) dimensions: (1, 2048, 12288, 12288, 1, 1, 1, 1, 1, 1, 0, 0, 'CONV', 1, 1, 0, 0),  latency: 26.58889142857143
[2m[36m(CompileWorker pid=3635753)[0m  tensor (Large latency) dimensions: (1, 2048, 12288, 12288, 1, 1, 1, 1, 1, 1, 0, 0, 'CONV', 1, 1, 0, 0),  latency: 26.58889142857143
[2m[36m(CompileWorker pid=3635758)[0m  tensor (Large latency) dimensions: (1, 2048, 12288, 12288, 1, 1, 1, 1, 1, 1, 0, 0, 'CONV', 1, 1, 0, 0),  latency: 26.58889142857143
[2m[36m(CompileWorker pid=3635758)[0m compiled for stage:0 name: stage_0_0_acc_grad_1 module id: 1
[2m[36m(CompileWorker pid=3635749)[0m  tensor (Large latency) dimensions: (1, 2048, 12288, 12288, 1, 1, 1, 1, 1, 1, 0, 0, 'CONV', 1, 1, 0, 0),  latency: 26.58889142857143
[2m[36m(CompileWorker pid=3635748)[0m  tensor (Large latency) dimensions: (1, 2048, 36864, 36864, 1, 1, 1, 1, 1, 1, 0, 0, 'CONV', 1, 1, 0, 0),  latency: 241.54697142857142
[2m[36m(CompileWorker pid=3635751)[0m  tensor (Large latency) dimensions: (1, 2048, 12288, 12288, 1, 1, 1, 1, 1, 1, 0, 0, 'CONV', 1, 1, 0, 0),  latency: 26.58889142857143
[2m[36m(CompileWorker pid=3635756)[0m  tensor (Large latency) dimensions: (1, 2048, 12288, 12288, 1, 1, 1, 1, 1, 1, 0, 0, 'CONV', 1, 1, 0, 0),  latency: 26.58889142857143
[2m[36m(CompileWorker pid=3635754)[0m  tensor (Large latency) dimensions: (1, 2048, 24576, 24576, 1, 1, 1, 1, 1, 1, 0, 0, 'CONV', 1, 1, 0, 0),  latency: 107.10454857142857
[2m[36m(CompileWorker pid=3635756)[0m compiled for stage:2 name: stage_0_1_acc_grad_1 module id: 1
[2m[36m(CompileWorker pid=3635755)[0m  tensor (Large latency) dimensions: (1, 2048, 12288, 12288, 1, 1, 1, 1, 1, 1, 0, 0, 'CONV', 1, 1, 0, 0),  latency: 26.58889142857143
[2m[36m(CompileWorker pid=3635755)[0m compiled for stage:3 name: stage_0_1_acc_grad_1 module id: 1
[2m[36m(CompileWorker pid=3635746)[0m  tensor (Large latency) dimensions: (1, 2048, 36864, 36864, 1, 1, 1, 1, 1, 1, 0, 0, 'CONV', 1, 1, 0, 0),  latency: 241.54697142857142
[2m[36m(CompileWorker pid=3635757)[0m  tensor (Large latency) dimensions: (1, 2048, 12288, 12288, 1, 1, 1, 1, 1, 1, 0, 0, 'CONV', 1, 1, 0, 0),  latency: 26.58889142857143
[2m[36m(CompileWorker pid=3635757)[0m compiled for stage:1 name: stage_0_0_acc_grad_1 module id: 1
[2m[36m(CompileWorker pid=3635753)[0m  tensor (Large latency) dimensions: (1, 2048, 24576, 24576, 1, 1, 1, 1, 1, 1, 0, 0, 'CONV', 1, 1, 0, 0),  latency: 107.10454857142857
[2m[36m(CompileWorker pid=3635752)[0m  tensor (Large latency) dimensions: (1, 2048, 24576, 24576, 1, 1, 1, 1, 1, 1, 0, 0, 'CONV', 1, 1, 0, 0),  latency: 107.10454857142857
[2m[36m(CompileWorker pid=3635749)[0m  tensor (Large latency) dimensions: (1, 2048, 24576, 24576, 1, 1, 1, 1, 1, 1, 0, 0, 'CONV', 1, 1, 0, 0),  latency: 107.10454857142857
[2m[36m(CompileWorker pid=3635747)[0m  tensor (Large latency) dimensions: (1, 2048, 12288, 12288, 1, 1, 1, 1, 1, 1, 0, 0, 'CONV', 1, 1, 0, 0),  latency: 26.58889142857143
[2m[36m(CompileWorker pid=3635754)[0m  tensor (Large latency) dimensions: (1, 2048, 12288, 12288, 1, 1, 1, 1, 1, 1, 0, 0, 'CONV', 1, 1, 0, 0),  latency: 26.58889142857143
[2m[36m(CompileWorker pid=3635754)[0m compiled for stage:4 name: stage_0_2_acc_grad_1 module id: 1
[2m[36m(CompileWorker pid=3635751)[0m  tensor (Large latency) dimensions: (1, 2048, 24576, 24576, 1, 1, 1, 1, 1, 1, 0, 0, 'CONV', 1, 1, 0, 0),  latency: 107.10454857142857
[2m[36m(CompileWorker pid=3635748)[0m  tensor (Large latency) dimensions: (1, 2048, 12288, 12288, 1, 1, 1, 1, 1, 1, 0, 0, 'CONV', 1, 1, 0, 0),  latency: 26.58889142857143
[2m[36m(CompileWorker pid=3635753)[0m  tensor (Large latency) dimensions: (1, 2048, 12288, 12288, 1, 1, 1, 1, 1, 1, 0, 0, 'CONV', 1, 1, 0, 0),  latency: 26.58889142857143
[2m[36m(CompileWorker pid=3635752)[0m  tensor (Large latency) dimensions: (1, 2048, 12288, 12288, 1, 1, 1, 1, 1, 1, 0, 0, 'CONV', 1, 1, 0, 0),  latency: 26.58889142857143
[2m[36m(CompileWorker pid=3635752)[0m compiled for stage:6 name: stage_0_3_acc_grad_1 module id: 1
[2m[36m(CompileWorker pid=3635749)[0m  tensor (Large latency) dimensions: (1, 2048, 12288, 12288, 1, 1, 1, 1, 1, 1, 0, 0, 'CONV', 1, 1, 0, 0),  latency: 26.58889142857143
[2m[36m(CompileWorker pid=3635749)[0m compiled for stage:8 name: stage_0_4_acc_grad_1 module id: 1
[2m[36m(CompileWorker pid=3635746)[0m  tensor (Large latency) dimensions: (1, 2048, 12288, 12288, 1, 1, 1, 1, 1, 1, 0, 0, 'CONV', 1, 1, 0, 0),  latency: 26.58889142857143
[2m[36m(CompileWorker pid=3635751)[0m  tensor (Large latency) dimensions: (1, 2048, 12288, 12288, 1, 1, 1, 1, 1, 1, 0, 0, 'CONV', 1, 1, 0, 0),  latency: 26.58889142857143
[2m[36m(CompileWorker pid=3635751)[0m compiled for stage:7 name: stage_0_3_acc_grad_1 module id: 1
[2m[36m(CompileWorker pid=3635747)[0m  tensor (Large latency) dimensions: (1, 2048, 24576, 24576, 1, 1, 1, 1, 1, 1, 0, 0, 'CONV', 1, 1, 0, 0),  latency: 107.10454857142857
[2m[36m(CompileWorker pid=3635748)[0m  tensor (Large latency) dimensions: (1, 2048, 24576, 24576, 1, 1, 1, 1, 1, 1, 0, 0, 'CONV', 1, 1, 0, 0),  latency: 107.10454857142857
[2m[36m(CompileWorker pid=3635758)[0m  tensor (Large latency) dimensions: (1, 24576, 12288, 12288, 1, 1, 1, 1, 1, 1, 0, 0, 'CONV', 1, 1, 0, 0),  latency: 319.06669714285715
[2m[36m(CompileWorker pid=3635753)[0m  tensor (Large latency) dimensions: (1, 1024, 12288, 12288, 1, 1, 1, 1, 1, 1, 0, 0, 'CONV', 1, 1, 0, 0),  latency: 13.294445714285715
[2m[36m(CompileWorker pid=3635753)[0m compiled for stage:5 name: stage_0_2_acc_grad_1 module id: 1
[2m[36m(CompileWorker pid=3635756)[0m  tensor (Large latency) dimensions: (1, 24576, 12288, 12288, 1, 1, 1, 1, 1, 1, 0, 0, 'CONV', 1, 1, 0, 0),  latency: 319.06669714285715
[2m[36m(CompileWorker pid=3635754)[0m  tensor (Large latency) dimensions: (1, 6144, 12288, 12288, 1, 1, 1, 1, 1, 1, 0, 0, 'CONV', 1, 1, 0, 0),  latency: 79.76667428571429
[2m[36m(CompileWorker pid=3635755)[0m  tensor (Large latency) dimensions: (1, 24576, 12288, 12288, 1, 1, 1, 1, 1, 1, 0, 0, 'CONV', 1, 1, 0, 0),  latency: 319.06669714285715
[2m[36m(CompileWorker pid=3635757)[0m  tensor (Large latency) dimensions: (1, 24576, 12288, 12288, 1, 1, 1, 1, 1, 1, 0, 0, 'CONV', 1, 1, 0, 0),  latency: 319.06669714285715
[2m[36m(CompileWorker pid=3635747)[0m  tensor (Large latency) dimensions: (1, 2048, 12288, 12288, 1, 1, 1, 1, 1, 1, 0, 0, 'CONV', 1, 1, 0, 0),  latency: 26.58889142857143
[2m[36m(CompileWorker pid=3635747)[0m compiled for stage:10 name: stage_0_5_acc_grad_1 module id: 1
[2m[36m(CompileWorker pid=3635746)[0m  tensor (Large latency) dimensions: (1, 2048, 24576, 24576, 1, 1, 1, 1, 1, 1, 0, 0, 'CONV', 1, 1, 0, 0),  latency: 107.10454857142857
[2m[36m(CompileWorker pid=3635752)[0m  tensor (Large latency) dimensions: (1, 6144, 12288, 12288, 1, 1, 1, 1, 1, 1, 0, 0, 'CONV', 1, 1, 0, 0),  latency: 79.76667428571429
[2m[36m(CompileWorker pid=3635748)[0m  tensor (Large latency) dimensions: (1, 2048, 12288, 12288, 1, 1, 1, 1, 1, 1, 0, 0, 'CONV', 1, 1, 0, 0),  latency: 26.58889142857143
[2m[36m(CompileWorker pid=3635754)[0m  tensor (Large latency) dimensions: (1, 2048, 6144, 6144, 1, 1, 1, 1, 1, 1, 0, 0, 'CONV', 1, 1, 0, 0),  latency: 6.5536
[2m[36m(CompileWorker pid=3635749)[0m  tensor (Large latency) dimensions: (1, 6144, 12288, 12288, 1, 1, 1, 1, 1, 1, 0, 0, 'CONV', 1, 1, 0, 0),  latency: 79.76667428571429
[2m[36m(CompileWorker pid=3635751)[0m  tensor (Large latency) dimensions: (1, 6144, 12288, 12288, 1, 1, 1, 1, 1, 1, 0, 0, 'CONV', 1, 1, 0, 0),  latency: 79.76667428571429
[2m[36m(CompileWorker pid=3635746)[0m  tensor (Large latency) dimensions: (1, 2048, 12288, 12288, 1, 1, 1, 1, 1, 1, 0, 0, 'CONV', 1, 1, 0, 0),  latency: 26.58889142857143
[2m[36m(CompileWorker pid=3635746)[0m compiled for stage:11 name: stage_0_5_acc_grad_1 module id: 1
[2m[36m(CompileWorker pid=3635752)[0m  tensor (Large latency) dimensions: (1, 2048, 6144, 6144, 1, 1, 1, 1, 1, 1, 0, 0, 'CONV', 1, 1, 0, 0),  latency: 6.5536
[2m[36m(CompileWorker pid=3635758)[0m  tensor (Large latency) dimensions: (1, 12288, 24576, 24576, 1, 1, 1, 1, 1, 1, 0, 0, 'CONV', 1, 1, 0, 0),  latency: 642.6272914285714
[2m[36m(CompileWorker pid=3635749)[0m  tensor (Large latency) dimensions: (1, 2048, 6144, 6144, 1, 1, 1, 1, 1, 1, 0, 0, 'CONV', 1, 1, 0, 0),  latency: 6.5536
[2m[36m(CompileWorker pid=3635751)[0m  tensor (Large latency) dimensions: (1, 2048, 6144, 6144, 1, 1, 1, 1, 1, 1, 0, 0, 'CONV', 1, 1, 0, 0),  latency: 6.5536
[2m[36m(CompileWorker pid=3635756)[0m  tensor (Large latency) dimensions: (1, 12288, 24576, 24576, 1, 1, 1, 1, 1, 1, 0, 0, 'CONV', 1, 1, 0, 0),  latency: 642.6272914285714
[2m[36m(CompileWorker pid=3635748)[0m  tensor (Large latency) dimensions: (1, 1024, 12288, 12288, 1, 1, 1, 1, 1, 1, 0, 0, 'CONV', 1, 1, 0, 0),  latency: 13.294445714285715
[2m[36m(CompileWorker pid=3635755)[0m  tensor (Large latency) dimensions: (1, 12288, 24576, 24576, 1, 1, 1, 1, 1, 1, 0, 0, 'CONV', 1, 1, 0, 0),  latency: 642.6272914285714
[2m[36m(CompileWorker pid=3635748)[0m compiled for stage:9 name: stage_0_4_acc_grad_1 module id: 1
[2m[36m(CompileWorker pid=3635747)[0m  tensor (Large latency) dimensions: (1, 6144, 12288, 12288, 1, 1, 1, 1, 1, 1, 0, 0, 'CONV', 1, 1, 0, 0),  latency: 79.76667428571429
[2m[36m(CompileWorker pid=3635757)[0m  tensor (Large latency) dimensions: (1, 12288, 24576, 24576, 1, 1, 1, 1, 1, 1, 0, 0, 'CONV', 1, 1, 0, 0),  latency: 642.6272914285714
[2m[36m(CompileWorker pid=3635753)[0m  tensor (Large latency) dimensions: (1, 12288, 12288, 12288, 1, 1, 1, 1, 1, 1, 0, 0, 'CONV', 1, 1, 0, 0),  latency: 159.53334857142858
[2m[36m(CompileWorker pid=3635754)[0m  tensor (Large latency) dimensions: (1, 12288, 18432, 18432, 1, 1, 1, 1, 1, 1, 0, 0, 'CONV', 1, 1, 0, 0),  latency: 360.6352457142857
[2m[36m(CompileWorker pid=3635758)[0m  tensor (Large latency) dimensions: (1, 6144, 12288, 12288, 1, 1, 1, 1, 1, 1, 0, 0, 'CONV', 1, 1, 0, 0),  latency: 79.76667428571429
[2m[36m(CompileWorker pid=3635747)[0m  tensor (Large latency) dimensions: (1, 2048, 6144, 6144, 1, 1, 1, 1, 1, 1, 0, 0, 'CONV', 1, 1, 0, 0),  latency: 6.5536
[2m[36m(CompileWorker pid=3635746)[0m  tensor (Large latency) dimensions: (1, 6144, 12288, 12288, 1, 1, 1, 1, 1, 1, 0, 0, 'CONV', 1, 1, 0, 0),  latency: 79.76667428571429
[2m[36m(CompileWorker pid=3635753)[0m  tensor (Large latency) dimensions: (1, 2048, 6144, 6144, 1, 1, 1, 1, 1, 1, 0, 0, 'CONV', 1, 1, 0, 0),  latency: 6.5536
[2m[36m(CompileWorker pid=3635756)[0m  tensor (Large latency) dimensions: (1, 6144, 12288, 12288, 1, 1, 1, 1, 1, 1, 0, 0, 'CONV', 1, 1, 0, 0),  latency: 79.76667428571429
[2m[36m(CompileWorker pid=3635755)[0m  tensor (Large latency) dimensions: (1, 6144, 12288, 12288, 1, 1, 1, 1, 1, 1, 0, 0, 'CONV', 1, 1, 0, 0),  latency: 79.76667428571429
[2m[36m(CompileWorker pid=3635752)[0m  tensor (Large latency) dimensions: (1, 12288, 18432, 18432, 1, 1, 1, 1, 1, 1, 0, 0, 'CONV', 1, 1, 0, 0),  latency: 360.6352457142857
[2m[36m(CompileWorker pid=3635758)[0m  tensor (Large latency) dimensions: (1, 2048, 6144, 6144, 1, 1, 1, 1, 1, 1, 0, 0, 'CONV', 1, 1, 0, 0),  latency: 6.5536
[2m[36m(CompileWorker pid=3635749)[0m  tensor (Large latency) dimensions: (1, 12288, 18432, 18432, 1, 1, 1, 1, 1, 1, 0, 0, 'CONV', 1, 1, 0, 0),  latency: 360.6352457142857
[2m[36m(CompileWorker pid=3635754)[0m  tensor (Large latency) dimensions: (1, 2048, 12288, 12288, 1, 1, 1, 1, 1, 1, 0, 0, 'CONV', 1, 1, 0, 0),  latency: 26.58889142857143
[2m[36m(CompileWorker pid=3635757)[0m  tensor (Large latency) dimensions: (1, 6144, 12288, 12288, 1, 1, 1, 1, 1, 1, 0, 0, 'CONV', 1, 1, 0, 0),  latency: 79.76667428571429
[2m[36m(CompileWorker pid=3635756)[0m  tensor (Large latency) dimensions: (1, 2048, 6144, 6144, 1, 1, 1, 1, 1, 1, 0, 0, 'CONV', 1, 1, 0, 0),  latency: 6.5536
[2m[36m(CompileWorker pid=3635755)[0m  tensor (Large latency) dimensions: (1, 2048, 6144, 6144, 1, 1, 1, 1, 1, 1, 0, 0, 'CONV', 1, 1, 0, 0),  latency: 6.5536
[2m[36m(CompileWorker pid=3635751)[0m  tensor (Large latency) dimensions: (1, 12288, 18432, 18432, 1, 1, 1, 1, 1, 1, 0, 0, 'CONV', 1, 1, 0, 0),  latency: 360.6352457142857
[2m[36m(CompileWorker pid=3635746)[0m  tensor (Large latency) dimensions: (1, 2048, 6144, 6144, 1, 1, 1, 1, 1, 1, 0, 0, 'CONV', 1, 1, 0, 0),  latency: 6.5536
[2m[36m(CompileWorker pid=3635752)[0m  tensor (Large latency) dimensions: (1, 2048, 12288, 12288, 1, 1, 1, 1, 1, 1, 0, 0, 'CONV', 1, 1, 0, 0),  latency: 26.58889142857143
[2m[36m(CompileWorker pid=3635749)[0m  tensor (Large latency) dimensions: (1, 2048, 12288, 12288, 1, 1, 1, 1, 1, 1, 0, 0, 'CONV', 1, 1, 0, 0),  latency: 26.58889142857143
[2m[36m(CompileWorker pid=3635748)[0m  tensor (Large latency) dimensions: (1, 12288, 12288, 12288, 1, 1, 1, 1, 1, 1, 0, 0, 'CONV', 1, 1, 0, 0),  latency: 159.53334857142858
[2m[36m(CompileWorker pid=3635757)[0m  tensor (Large latency) dimensions: (1, 2048, 6144, 6144, 1, 1, 1, 1, 1, 1, 0, 0, 'CONV', 1, 1, 0, 0),  latency: 6.5536
[2m[36m(CompileWorker pid=3635751)[0m  tensor (Large latency) dimensions: (1, 2048, 12288, 12288, 1, 1, 1, 1, 1, 1, 0, 0, 'CONV', 1, 1, 0, 0),  latency: 26.58889142857143
[2m[36m(CompileWorker pid=3635753)[0m  tensor (Large latency) dimensions: (1, 12288, 18432, 18432, 1, 1, 1, 1, 1, 1, 0, 0, 'CONV', 1, 1, 0, 0),  latency: 360.6352457142857
[2m[36m(CompileWorker pid=3635747)[0m  tensor (Large latency) dimensions: (1, 12288, 18432, 18432, 1, 1, 1, 1, 1, 1, 0, 0, 'CONV', 1, 1, 0, 0),  latency: 360.6352457142857
[2m[36m(CompileWorker pid=3635758)[0m  tensor (Large latency) dimensions: (1, 12288, 18432, 18432, 1, 1, 1, 1, 1, 1, 0, 0, 'CONV', 1, 1, 0, 0),  latency: 360.6352457142857
[2m[36m(CompileWorker pid=3635754)[0m  tensor (Large latency) dimensions: (1, 24576, 12288, 12288, 1, 1, 1, 1, 1, 1, 0, 0, 'CONV', 1, 1, 0, 0),  latency: 319.06669714285715
[2m[36m(CompileWorker pid=3635753)[0m  tensor (Large latency) dimensions: (1, 2048, 12288, 12288, 1, 1, 1, 1, 1, 1, 0, 0, 'CONV', 1, 1, 0, 0),  latency: 26.58889142857143
[2m[36m(CompileWorker pid=3635756)[0m  tensor (Large latency) dimensions: (1, 12288, 18432, 18432, 1, 1, 1, 1, 1, 1, 0, 0, 'CONV', 1, 1, 0, 0),  latency: 360.6352457142857
[2m[36m(CompileWorker pid=3635755)[0m  tensor (Large latency) dimensions: (1, 12288, 18432, 18432, 1, 1, 1, 1, 1, 1, 0, 0, 'CONV', 1, 1, 0, 0),  latency: 360.6352457142857
[2m[36m(CompileWorker pid=3635747)[0m  tensor (Large latency) dimensions: (1, 2048, 12288, 12288, 1, 1, 1, 1, 1, 1, 0, 0, 'CONV', 1, 1, 0, 0),  latency: 26.58889142857143
[2m[36m(CompileWorker pid=3635758)[0m  tensor (Large latency) dimensions: (1, 2048, 12288, 12288, 1, 1, 1, 1, 1, 1, 0, 0, 'CONV', 1, 1, 0, 0),  latency: 26.58889142857143
[2m[36m(CompileWorker pid=3635746)[0m  tensor (Large latency) dimensions: (1, 12288, 18432, 18432, 1, 1, 1, 1, 1, 1, 0, 0, 'CONV', 1, 1, 0, 0),  latency: 360.6352457142857
[2m[36m(CompileWorker pid=3635757)[0m  tensor (Large latency) dimensions: (1, 12288, 18432, 18432, 1, 1, 1, 1, 1, 1, 0, 0, 'CONV', 1, 1, 0, 0),  latency: 360.6352457142857
[2m[36m(CompileWorker pid=3635752)[0m  tensor (Large latency) dimensions: (1, 24576, 12288, 12288, 1, 1, 1, 1, 1, 1, 0, 0, 'CONV', 1, 1, 0, 0),  latency: 319.06669714285715
[2m[36m(CompileWorker pid=3635748)[0m  tensor (Large latency) dimensions: (1, 12288, 18432, 18432, 1, 1, 1, 1, 1, 1, 0, 0, 'CONV', 1, 1, 0, 0),  latency: 360.6352457142857
[2m[36m(CompileWorker pid=3635756)[0m  tensor (Large latency) dimensions: (1, 2048, 12288, 12288, 1, 1, 1, 1, 1, 1, 0, 0, 'CONV', 1, 1, 0, 0),  latency: 26.58889142857143
[2m[36m(CompileWorker pid=3635758)[0m  tensor (Large latency) dimensions: (1, 1024, 12288, 12288, 1, 1, 1, 1, 1, 1, 0, 0, 'CONV', 1, 1, 0, 0),  latency: 13.294445714285715
[2m[36m(CompileWorker pid=3635749)[0m  tensor (Large latency) dimensions: (1, 24576, 12288, 12288, 1, 1, 1, 1, 1, 1, 0, 0, 'CONV', 1, 1, 0, 0),  latency: 319.06669714285715
[2m[36m(CompileWorker pid=3635755)[0m  tensor (Large latency) dimensions: (1, 2048, 12288, 12288, 1, 1, 1, 1, 1, 1, 0, 0, 'CONV', 1, 1, 0, 0),  latency: 26.58889142857143
[2m[36m(CompileWorker pid=3635746)[0m  tensor (Large latency) dimensions: (1, 2048, 12288, 12288, 1, 1, 1, 1, 1, 1, 0, 0, 'CONV', 1, 1, 0, 0),  latency: 26.58889142857143
[2m[36m(CompileWorker pid=3635751)[0m  tensor (Large latency) dimensions: (1, 24576, 12288, 12288, 1, 1, 1, 1, 1, 1, 0, 0, 'CONV', 1, 1, 0, 0),  latency: 319.06669714285715
[2m[36m(CompileWorker pid=3635757)[0m  tensor (Large latency) dimensions: (1, 2048, 12288, 12288, 1, 1, 1, 1, 1, 1, 0, 0, 'CONV', 1, 1, 0, 0),  latency: 26.58889142857143
[2m[36m(CompileWorker pid=3635756)[0m  tensor (Large latency) dimensions: (1, 1024, 12288, 12288, 1, 1, 1, 1, 1, 1, 0, 0, 'CONV', 1, 1, 0, 0),  latency: 13.294445714285715
[2m[36m(CompileWorker pid=3635748)[0m  tensor (Large latency) dimensions: (1, 2048, 12288, 12288, 1, 1, 1, 1, 1, 1, 0, 0, 'CONV', 1, 1, 0, 0),  latency: 26.58889142857143
[2m[36m(CompileWorker pid=3635754)[0m  tensor (Large latency) dimensions: (1, 12288, 24576, 24576, 1, 1, 1, 1, 1, 1, 0, 0, 'CONV', 1, 1, 0, 0),  latency: 642.6272914285714
[2m[36m(CompileWorker pid=3635755)[0m  tensor (Large latency) dimensions: (1, 1024, 12288, 12288, 1, 1, 1, 1, 1, 1, 0, 0, 'CONV', 1, 1, 0, 0),  latency: 13.294445714285715
[2m[36m(CompileWorker pid=3635758)[0m  tensor (Large latency) dimensions: (1, 50257, 12288, 12288, 1, 1, 1, 1, 1, 1, 0, 0, 'CONV', 1, 1, 0, 0),  latency: 4325.884891428572
[2m[36m(CompileWorker pid=3635757)[0m  tensor (Large latency) dimensions: (1, 1024, 12288, 12288, 1, 1, 1, 1, 1, 1, 0, 0, 'CONV', 1, 1, 0, 0),  latency: 13.294445714285715
[2m[36m(CompileWorker pid=3635753)[0m  tensor (Large latency) dimensions: (1, 24576, 12288, 12288, 1, 1, 1, 1, 1, 1, 0, 0, 'CONV', 1, 1, 0, 0),  latency: 319.06669714285715
[2m[36m(CompileWorker pid=3635754)[0m  tensor (Large latency) dimensions: (1, 1024, 12288, 12288, 1, 1, 1, 1, 1, 1, 0, 0, 'CONV', 1, 1, 0, 0),  latency: 13.294445714285715
[2m[36m(CompileWorker pid=3635752)[0m  tensor (Large latency) dimensions: (1, 12288, 24576, 24576, 1, 1, 1, 1, 1, 1, 0, 0, 'CONV', 1, 1, 0, 0),  latency: 642.6272914285714
[2m[36m(CompileWorker pid=3635755)[0m  tensor (Large latency) dimensions: (1, 50257, 12288, 12288, 1, 1, 1, 1, 1, 1, 0, 0, 'CONV', 1, 1, 0, 0),  latency: 4325.884891428572
[2m[36m(CompileWorker pid=3635756)[0m  tensor (Large latency) dimensions: (1, 50257, 12288, 12288, 1, 1, 1, 1, 1, 1, 0, 0, 'CONV', 1, 1, 0, 0),  latency: 4325.884891428572
[2m[36m(CompileWorker pid=3635749)[0m  tensor (Large latency) dimensions: (1, 12288, 24576, 24576, 1, 1, 1, 1, 1, 1, 0, 0, 'CONV', 1, 1, 0, 0),  latency: 642.6272914285714
[2m[36m(CompileWorker pid=3635747)[0m  tensor (Large latency) dimensions: (1, 24576, 12288, 12288, 1, 1, 1, 1, 1, 1, 0, 0, 'CONV', 1, 1, 0, 0),  latency: 319.06669714285715
[2m[36m(CompileWorker pid=3635757)[0m  tensor (Large latency) dimensions: (1, 50257, 12288, 12288, 1, 1, 1, 1, 1, 1, 0, 0, 'CONV', 1, 1, 0, 0),  latency: 4325.884891428572
[2m[36m(CompileWorker pid=3635752)[0m  tensor (Large latency) dimensions: (1, 1024, 12288, 12288, 1, 1, 1, 1, 1, 1, 0, 0, 'CONV', 1, 1, 0, 0),  latency: 13.294445714285715
[2m[36m(CompileWorker pid=3635751)[0m  tensor (Large latency) dimensions: (1, 12288, 24576, 24576, 1, 1, 1, 1, 1, 1, 0, 0, 'CONV', 1, 1, 0, 0),  latency: 642.6272914285714
[2m[36m(CompileWorker pid=3635754)[0m  tensor (Large latency) dimensions: (1, 50257, 12288, 12288, 1, 1, 1, 1, 1, 1, 0, 0, 'CONV', 1, 1, 0, 0),  latency: 4325.884891428572
[2m[36m(CompileWorker pid=3635749)[0m  tensor (Large latency) dimensions: (1, 1024, 12288, 12288, 1, 1, 1, 1, 1, 1, 0, 0, 'CONV', 1, 1, 0, 0),  latency: 13.294445714285715
[2m[36m(CompileWorker pid=3635746)[0m  tensor (Large latency) dimensions: (1, 24576, 12288, 12288, 1, 1, 1, 1, 1, 1, 0, 0, 'CONV', 1, 1, 0, 0),  latency: 319.06669714285715
[2m[36m(CompileWorker pid=3635751)[0m  tensor (Large latency) dimensions: (1, 1024, 12288, 12288, 1, 1, 1, 1, 1, 1, 0, 0, 'CONV', 1, 1, 0, 0),  latency: 13.294445714285715
[2m[36m(CompileWorker pid=3635753)[0m  tensor (Large latency) dimensions: (1, 12288, 24576, 24576, 1, 1, 1, 1, 1, 1, 0, 0, 'CONV', 1, 1, 0, 0),  latency: 642.6272914285714
[2m[36m(CompileWorker pid=3635748)[0m  tensor (Large latency) dimensions: (1, 24576, 12288, 12288, 1, 1, 1, 1, 1, 1, 0, 0, 'CONV', 1, 1, 0, 0),  latency: 319.06669714285715
[2m[36m(CompileWorker pid=3635752)[0m  tensor (Large latency) dimensions: (1, 50257, 12288, 12288, 1, 1, 1, 1, 1, 1, 0, 0, 'CONV', 1, 1, 0, 0),  latency: 4325.884891428572
[2m[36m(CompileWorker pid=3635749)[0m  tensor (Large latency) dimensions: (1, 50257, 12288, 12288, 1, 1, 1, 1, 1, 1, 0, 0, 'CONV', 1, 1, 0, 0),  latency: 4325.884891428572
[2m[36m(CompileWorker pid=3635751)[0m  tensor (Large latency) dimensions: (1, 50257, 12288, 12288, 1, 1, 1, 1, 1, 1, 0, 0, 'CONV', 1, 1, 0, 0),  latency: 4325.884891428572
[2m[36m(CompileWorker pid=3635747)[0m  tensor (Large latency) dimensions: (1, 12288, 24576, 24576, 1, 1, 1, 1, 1, 1, 0, 0, 'CONV', 1, 1, 0, 0),  latency: 642.6272914285714
[2m[36m(CompileWorker pid=3635758)[0m compiled for stage:12 name: stage_0_6_acc_grad_0 module id: 0
[2m[36m(CompileWorker pid=3635753)[0m  tensor (Large latency) dimensions: (1, 6144, 12288, 12288, 1, 1, 1, 1, 1, 1, 0, 0, 'CONV', 1, 1, 0, 0),  latency: 79.76667428571429
[2m[36m(CompileWorker pid=3635747)[0m  tensor (Large latency) dimensions: (1, 1024, 12288, 12288, 1, 1, 1, 1, 1, 1, 0, 0, 'CONV', 1, 1, 0, 0),  latency: 13.294445714285715
[2m[36m(CompileWorker pid=3635758)[0m compiled for stage:12 name: stage_0_6_acc_grad_1 module id: 1
[2m[36m(CompileWorker pid=3635756)[0m compiled for stage:14 name: stage_0_7_acc_grad_0 module id: 0
[2m[36m(CompileWorker pid=3635746)[0m  tensor (Large latency) dimensions: (1, 12288, 24576, 24576, 1, 1, 1, 1, 1, 1, 0, 0, 'CONV', 1, 1, 0, 0),  latency: 642.6272914285714
[2m[36m(CompileWorker pid=3635756)[0m compiled for stage:14 name: stage_0_7_acc_grad_1 module id: 1
[2m[36m(CompileWorker pid=3635748)[0m  tensor (Large latency) dimensions: (1, 12288, 24576, 24576, 1, 1, 1, 1, 1, 1, 0, 0, 'CONV', 1, 1, 0, 0),  latency: 642.6272914285714
[2m[36m(CompileWorker pid=3635753)[0m  tensor (Large latency) dimensions: (1, 1024, 12288, 12288, 1, 1, 1, 1, 1, 1, 0, 0, 'CONV', 1, 1, 0, 0),  latency: 13.294445714285715
[2m[36m(CompileWorker pid=3635747)[0m  tensor (Large latency) dimensions: (1, 50257, 12288, 12288, 1, 1, 1, 1, 1, 1, 0, 0, 'CONV', 1, 1, 0, 0),  latency: 4325.884891428572
[2m[36m(CompileWorker pid=3635746)[0m  tensor (Large latency) dimensions: (1, 1024, 12288, 12288, 1, 1, 1, 1, 1, 1, 0, 0, 'CONV', 1, 1, 0, 0),  latency: 13.294445714285715
[2m[36m(CompileWorker pid=3635755)[0m compiled for stage:13 name: stage_0_6_acc_grad_0 module id: 0
[2m[36m(CompileWorker pid=3635753)[0m  tensor (Large latency) dimensions: (1, 50257, 12288, 12288, 1, 1, 1, 1, 1, 1, 0, 0, 'CONV', 1, 1, 0, 0),  latency: 4325.884891428572
[2m[36m(CompileWorker pid=3635754)[0m compiled for stage:16 name: stage_0_8_acc_grad_0 module id: 0
[2m[36m(CompileWorker pid=3635754)[0m compiled for stage:16 name: stage_0_8_acc_grad_1 module id: 1
[2m[36m(CompileWorker pid=3635748)[0m  tensor (Large latency) dimensions: (1, 6144, 12288, 12288, 1, 1, 1, 1, 1, 1, 0, 0, 'CONV', 1, 1, 0, 0),  latency: 79.76667428571429
[2m[36m(CompileWorker pid=3635755)[0m compiled for stage:13 name: stage_0_6_acc_grad_1 module id: 1
[2m[36m(CompileWorker pid=3635746)[0m  tensor (Large latency) dimensions: (1, 50257, 12288, 12288, 1, 1, 1, 1, 1, 1, 0, 0, 'CONV', 1, 1, 0, 0),  latency: 4325.884891428572
[2m[36m(CompileWorker pid=3635754)[0m compiled for stage:24 name: stage_1_1_acc_grad_0 module id: 0
[2m[36m(CompileWorker pid=3635754)[0m compiled for stage:24 name: stage_1_1_acc_grad_1 module id: 1
[2m[36m(CompileWorker pid=3635757)[0m compiled for stage:15 name: stage_0_7_acc_grad_0 module id: 0
[2m[36m(CompileWorker pid=3635757)[0m compiled for stage:15 name: stage_0_7_acc_grad_1 module id: 1
[2m[36m(CompileWorker pid=3635755)[0m compiled for stage:25 name: stage_1_1_acc_grad_0 module id: 0
[2m[36m(CompileWorker pid=3635748)[0m  tensor (Large latency) dimensions: (1, 2048, 6144, 6144, 1, 1, 1, 1, 1, 1, 0, 0, 'CONV', 1, 1, 0, 0),  latency: 6.5536
[2m[36m(CompileWorker pid=3635755)[0m compiled for stage:25 name: stage_1_1_acc_grad_1 module id: 1
[2m[36m(CompileWorker pid=3635746)[0m compiled for stage:26 name: stage_1_2_acc_grad_0 module id: 0
[2m[36m(CompileWorker pid=3635746)[0m compiled for stage:26 name: stage_1_2_acc_grad_1 module id: 1
[2m[36m(CompileWorker pid=3635754)[0m compiled for stage:27 name: stage_1_2_acc_grad_0 module id: 0
[2m[36m(CompileWorker pid=3635754)[0m compiled for stage:27 name: stage_1_2_acc_grad_1 module id: 1
[2m[36m(CompileWorker pid=3635749)[0m compiled for stage:18 name: stage_0_9_acc_grad_0 module id: 0
[2m[36m(CompileWorker pid=3635748)[0m  tensor (Large latency) dimensions: (1, 1024, 12288, 12288, 1, 1, 1, 1, 1, 1, 0, 0, 'CONV', 1, 1, 0, 0),  latency: 13.294445714285715
[2m[36m(CompileWorker pid=3635749)[0m compiled for stage:18 name: stage_0_9_acc_grad_1 module id: 1
[2m[36m(CompileWorker pid=3635755)[0m compiled for stage:28 name: stage_1_3_acc_grad_0 module id: 0
[2m[36m(CompileWorker pid=3635755)[0m compiled for stage:28 name: stage_1_3_acc_grad_1 module id: 1
[2m[36m(CompileWorker pid=3635757)[0m compiled for stage:29 name: stage_1_3_acc_grad_0 module id: 0
[2m[36m(CompileWorker pid=3635757)[0m compiled for stage:29 name: stage_1_3_acc_grad_1 module id: 1
[2m[36m(CompileWorker pid=3635748)[0m  tensor (Large latency) dimensions: (1, 50257, 12288, 12288, 1, 1, 1, 1, 1, 1, 0, 0, 'CONV', 1, 1, 0, 0),  latency: 4325.884891428572
[2m[36m(CompileWorker pid=3635752)[0m compiled for stage:17 name: stage_0_8_acc_grad_0 module id: 0
[2m[36m(CompileWorker pid=3635746)[0m compiled for stage:30 name: stage_1_4_acc_grad_0 module id: 0
[2m[36m(CompileWorker pid=3635752)[0m compiled for stage:17 name: stage_0_8_acc_grad_1 module id: 1
[2m[36m(CompileWorker pid=3635746)[0m compiled for stage:30 name: stage_1_4_acc_grad_1 module id: 1
[2m[36m(CompileWorker pid=3635751)[0m compiled for stage:19 name: stage_0_9_acc_grad_0 module id: 0
[2m[36m(CompileWorker pid=3635754)[0m compiled for stage:31 name: stage_1_4_acc_grad_0 module id: 0
[2m[36m(CompileWorker pid=3635754)[0m compiled for stage:31 name: stage_1_4_acc_grad_1 module id: 1
[2m[36m(CompileWorker pid=3635749)[0m compiled for stage:32 name: stage_1_5_acc_grad_0 module id: 0
[2m[36m(CompileWorker pid=3635749)[0m compiled for stage:32 name: stage_1_5_acc_grad_1 module id: 1
[2m[36m(CompileWorker pid=3635758)[0m compiled for stage:20 name: stage_0_10_acc_grad_0 module id: 0
[2m[36m(CompileWorker pid=3635758)[0m compiled for stage:20 name: stage_0_10_acc_grad_1 module id: 1
[2m[36m(CompileWorker pid=3635757)[0m compiled for stage:34 name: stage_1_6_acc_grad_0 module id: 0
[2m[36m(CompileWorker pid=3635757)[0m compiled for stage:34 name: stage_1_6_acc_grad_1 module id: 1
[2m[36m(CompileWorker pid=3635755)[0m compiled for stage:33 name: stage_1_5_acc_grad_0 module id: 0
[2m[36m(CompileWorker pid=3635755)[0m compiled for stage:33 name: stage_1_5_acc_grad_1 module id: 1
[2m[36m(CompileWorker pid=3635751)[0m  tensor (Large latency) dimensions: (1, 1024, 12288, 12288, 1, 1, 1, 1, 1, 1, 0, 0, 'CONV', 1, 1, 0, 0),  latency: 13.294445714285715
[2m[36m(CompileWorker pid=3635751)[0m compiled for stage:19 name: stage_0_9_acc_grad_1 module id: 1
[2m[36m(CompileWorker pid=3635748)[0m compiled for stage:35 name: stage_1_6_acc_grad_0 module id: 0
[2m[36m(CompileWorker pid=3635748)[0m compiled for stage:35 name: stage_1_6_acc_grad_1 module id: 1
[2m[36m(CompileWorker pid=3635756)[0m compiled for stage:22 name: stage_0_11_acc_grad_0 module id: 0
[2m[36m(CompileWorker pid=3635746)[0m compiled for stage:36 name: stage_1_7_acc_grad_0 module id: 0
[2m[36m(CompileWorker pid=3635746)[0m compiled for stage:36 name: stage_1_7_acc_grad_1 module id: 1
[2m[36m(CompileWorker pid=3635756)[0m compiled for stage:22 name: stage_0_11_acc_grad_1 module id: 1
[2m[36m(CompileWorker pid=3635747)[0m compiled for stage:21 name: stage_0_10_acc_grad_0 module id: 0
[2m[36m(CompileWorker pid=3635747)[0m compiled for stage:21 name: stage_0_10_acc_grad_1 module id: 1
[2m[36m(CompileWorker pid=3635756)[0m  tensor (Large latency) dimensions: (1, 12288, 50257, 50257, 1, 1, 1, 1, 1, 1, 0, 0, 'CONV', 1, 1, 0, 0),  latency: 31918.00680860119
[2m[36m(CompileWorker pid=3635754)[0m compiled for stage:38 name: stage_1_8_acc_grad_0 module id: 0
[2m[36m(CompileWorker pid=3635752)[0m compiled for stage:37 name: stage_1_7_acc_grad_0 module id: 0
[2m[36m(CompileWorker pid=3635754)[0m compiled for stage:38 name: stage_1_8_acc_grad_1 module id: 1
[2m[36m(CompileWorker pid=3635752)[0m compiled for stage:37 name: stage_1_7_acc_grad_1 module id: 1
[2m[36m(CompileWorker pid=3635751)[0m  tensor (Large latency) dimensions: (1, 12288, 12288, 12288, 1, 1, 1, 1, 1, 1, 0, 0, 'CONV', 1, 1, 0, 0),  latency: 159.53334857142858
[2m[36m(CompileWorker pid=3635756)[0m  tensor (Large latency) dimensions: (1, 2048, 12288, 12288, 1, 1, 1, 1, 1, 1, 0, 0, 'CONV', 1, 1, 0, 0),  latency: 26.58889142857143
[2m[36m(CompileWorker pid=3635754)[0m compiled for stage:46 name: stage_2_2_acc_grad_0 module id: 0
[2m[36m(CompileWorker pid=3635754)[0m compiled for stage:46 name: stage_2_2_acc_grad_1 module id: 1
[2m[36m(CompileWorker pid=3635753)[0m compiled for stage:23 name: stage_0_11_acc_grad_0 module id: 0
[2m[36m(CompileWorker pid=3635752)[0m compiled for stage:47 name: stage_2_2_acc_grad_0 module id: 0
[2m[36m(CompileWorker pid=3635752)[0m compiled for stage:47 name: stage_2_2_acc_grad_1 module id: 1
[2m[36m(CompileWorker pid=3635753)[0m compiled for stage:23 name: stage_0_11_acc_grad_1 module id: 1
[2m[36m(CompileWorker pid=3635751)[0m compiled for stage:48 name: stage_2_3_acc_grad_0 module id: 0
[2m[36m(CompileWorker pid=3635751)[0m compiled for stage:48 name: stage_2_3_acc_grad_1 module id: 1
[2m[36m(CompileWorker pid=3635753)[0m  tensor (Large latency) dimensions: (1, 12288, 50257, 50257, 1, 1, 1, 1, 1, 1, 0, 0, 'CONV', 1, 1, 0, 0),  latency: 31918.00680860119
[2m[36m(CompileWorker pid=3635758)[0m compiled for stage:40 name: stage_1_9_acc_grad_0 module id: 0
[2m[36m(CompileWorker pid=3635756)[0m compiled for stage:49 name: stage_2_3_acc_grad_0 module id: 0
[2m[36m(CompileWorker pid=3635756)[0m compiled for stage:49 name: stage_2_3_acc_grad_1 module id: 1
[2m[36m(CompileWorker pid=3635758)[0m compiled for stage:40 name: stage_1_9_acc_grad_1 module id: 1
[2m[36m(CompileWorker pid=3635754)[0m compiled for stage:50 name: stage_2_4_acc_grad_0 module id: 0
[2m[36m(CompileWorker pid=3635754)[0m compiled for stage:50 name: stage_2_4_acc_grad_1 module id: 1
[2m[36m(CompileWorker pid=3635749)[0m compiled for stage:39 name: stage_1_8_acc_grad_0 module id: 0
[2m[36m(CompileWorker pid=3635749)[0m compiled for stage:39 name: stage_1_8_acc_grad_1 module id: 1
[2m[36m(CompileWorker pid=3635753)[0m  tensor (Large latency) dimensions: (1, 2048, 12288, 12288, 1, 1, 1, 1, 1, 1, 0, 0, 'CONV', 1, 1, 0, 0),  latency: 26.58889142857143
[2m[36m(CompileWorker pid=3635757)[0m compiled for stage:41 name: stage_1_9_acc_grad_0 module id: 0
[2m[36m(CompileWorker pid=3635757)[0m compiled for stage:41 name: stage_1_9_acc_grad_1 module id: 1
[2m[36m(CompileWorker pid=3635752)[0m compiled for stage:51 name: stage_2_4_acc_grad_0 module id: 0
[2m[36m(CompileWorker pid=3635752)[0m compiled for stage:51 name: stage_2_4_acc_grad_1 module id: 1
[2m[36m(CompileWorker pid=3635755)[0m compiled for stage:42 name: stage_1_10_acc_grad_0 module id: 0
[2m[36m(CompileWorker pid=3635755)[0m compiled for stage:42 name: stage_1_10_acc_grad_1 module id: 1
[2m[36m(CompileWorker pid=3635751)[0m compiled for stage:52 name: stage_2_5_acc_grad_0 module id: 0
[2m[36m(CompileWorker pid=3635751)[0m compiled for stage:52 name: stage_2_5_acc_grad_1 module id: 1
[2m[36m(CompileWorker pid=3635758)[0m compiled for stage:53 name: stage_2_5_acc_grad_0 module id: 0
[2m[36m(CompileWorker pid=3635758)[0m compiled for stage:53 name: stage_2_5_acc_grad_1 module id: 1
[2m[36m(CompileWorker pid=3635756)[0m compiled for stage:54 name: stage_2_6_acc_grad_0 module id: 0
[2m[36m(CompileWorker pid=3635756)[0m compiled for stage:54 name: stage_2_6_acc_grad_1 module id: 1
[2m[36m(CompileWorker pid=3635746)[0m compiled for stage:44 name: stage_1_11_acc_grad_0 module id: 0
[2m[36m(CompileWorker pid=3635754)[0m compiled for stage:55 name: stage_2_6_acc_grad_0 module id: 0
[2m[36m(CompileWorker pid=3635748)[0m compiled for stage:43 name: stage_1_10_acc_grad_0 module id: 0
[2m[36m(CompileWorker pid=3635754)[0m compiled for stage:55 name: stage_2_6_acc_grad_1 module id: 1
[2m[36m(CompileWorker pid=3635746)[0m compiled for stage:44 name: stage_1_11_acc_grad_1 module id: 1
[2m[36m(CompileWorker pid=3635748)[0m compiled for stage:43 name: stage_1_10_acc_grad_1 module id: 1
[2m[36m(CompileWorker pid=3635752)[0m compiled for stage:56 name: stage_2_7_acc_grad_0 module id: 0
[2m[36m(CompileWorker pid=3635746)[0m  tensor (Large latency) dimensions: (1, 6144, 50257, 50257, 1, 1, 1, 1, 1, 1, 0, 0, 'CONV', 1, 1, 0, 0),  latency: 15959.003404300594
[2m[36m(CompileWorker pid=3635752)[0m compiled for stage:56 name: stage_2_7_acc_grad_1 module id: 1
[2m[36m(CompileWorker pid=3635749)[0m compiled for stage:58 name: stage_2_8_acc_grad_0 module id: 0
[2m[36m(CompileWorker pid=3635749)[0m compiled for stage:58 name: stage_2_8_acc_grad_1 module id: 1
[2m[36m(CompileWorker pid=3635752)[0m compiled for stage:66 name: stage_3_3_acc_grad_0 module id: 0
[2m[36m(CompileWorker pid=3635752)[0m compiled for stage:66 name: stage_3_3_acc_grad_1 module id: 1
[2m[36m(CompileWorker pid=3635749)[0m compiled for stage:67 name: stage_3_3_acc_grad_0 module id: 0
[2m[36m(CompileWorker pid=3635749)[0m compiled for stage:67 name: stage_3_3_acc_grad_1 module id: 1
[2m[36m(CompileWorker pid=3635746)[0m  tensor (Large latency) dimensions: (1, 2048, 12288, 12288, 1, 1, 1, 1, 1, 1, 0, 0, 'CONV', 1, 1, 0, 0),  latency: 26.58889142857143
[2m[36m(CompileWorker pid=3635753)[0m compiled for stage:57 name: stage_2_7_acc_grad_0 module id: 0
[2m[36m(CompileWorker pid=3635753)[0m compiled for stage:57 name: stage_2_7_acc_grad_1 module id: 1
[2m[36m(CompileWorker pid=3635757)[0m compiled for stage:60 name: stage_2_9_acc_grad_0 module id: 0
[2m[36m(CompileWorker pid=3635752)[0m compiled for stage:68 name: stage_3_4_acc_grad_0 module id: 0
[2m[36m(CompileWorker pid=3635757)[0m compiled for stage:60 name: stage_2_9_acc_grad_1 module id: 1
[2m[36m(CompileWorker pid=3635752)[0m compiled for stage:68 name: stage_3_4_acc_grad_1 module id: 1
[2m[36m(CompileWorker pid=3635749)[0m compiled for stage:69 name: stage_3_4_acc_grad_0 module id: 0
[2m[36m(CompileWorker pid=3635749)[0m compiled for stage:69 name: stage_3_4_acc_grad_1 module id: 1
[2m[36m(CompileWorker pid=3635746)[0m compiled for stage:70 name: stage_3_5_acc_grad_0 module id: 0
[2m[36m(CompileWorker pid=3635755)[0m compiled for stage:59 name: stage_2_8_acc_grad_0 module id: 0
[2m[36m(CompileWorker pid=3635746)[0m compiled for stage:70 name: stage_3_5_acc_grad_1 module id: 1
[2m[36m(CompileWorker pid=3635755)[0m compiled for stage:59 name: stage_2_8_acc_grad_1 module id: 1
[2m[36m(CompileWorker pid=3635752)[0m compiled for stage:72 name: stage_3_6_acc_grad_0 module id: 0
[2m[36m(CompileWorker pid=3635752)[0m compiled for stage:72 name: stage_3_6_acc_grad_1 module id: 1
[2m[36m(CompileWorker pid=3635753)[0m compiled for stage:71 name: stage_3_5_acc_grad_0 module id: 0
[2m[36m(CompileWorker pid=3635753)[0m compiled for stage:71 name: stage_3_5_acc_grad_1 module id: 1
[2m[36m(CompileWorker pid=3635751)[0m compiled for stage:61 name: stage_2_9_acc_grad_0 module id: 0
[2m[36m(CompileWorker pid=3635751)[0m compiled for stage:61 name: stage_2_9_acc_grad_1 module id: 1
[2m[36m(CompileWorker pid=3635758)[0m compiled for stage:62 name: stage_2_10_acc_grad_0 module id: 0
[2m[36m(CompileWorker pid=3635757)[0m compiled for stage:73 name: stage_3_6_acc_grad_0 module id: 0
[2m[36m(CompileWorker pid=3635757)[0m compiled for stage:73 name: stage_3_6_acc_grad_1 module id: 1
[2m[36m(CompileWorker pid=3635758)[0m compiled for stage:62 name: stage_2_10_acc_grad_1 module id: 1
[2m[36m(CompileWorker pid=3635747)[0m compiled for stage:45 name: stage_1_11_acc_grad_0 module id: 0
[2m[36m(CompileWorker pid=3635747)[0m compiled for stage:45 name: stage_1_11_acc_grad_1 module id: 1
[2m[36m(CompileWorker pid=3635749)[0m compiled for stage:74 name: stage_3_7_acc_grad_0 module id: 0
[2m[36m(CompileWorker pid=3635749)[0m compiled for stage:74 name: stage_3_7_acc_grad_1 module id: 1
[2m[36m(CompileWorker pid=3635754)[0m compiled for stage:64 name: stage_2_11_acc_grad_0 module id: 0
[2m[36m(CompileWorker pid=3635754)[0m compiled for stage:64 name: stage_2_11_acc_grad_1 module id: 1
[2m[36m(CompileWorker pid=3635756)[0m compiled for stage:63 name: stage_2_10_acc_grad_0 module id: 0
[2m[36m(CompileWorker pid=3635747)[0m  tensor (Large latency) dimensions: (1, 6144, 50257, 50257, 1, 1, 1, 1, 1, 1, 0, 0, 'CONV', 1, 1, 0, 0),  latency: 15959.003404300594
[2m[36m(CompileWorker pid=3635756)[0m compiled for stage:63 name: stage_2_10_acc_grad_1 module id: 1
[2m[36m(CompileWorker pid=3635754)[0m  tensor (Large latency) dimensions: (1, 6144, 50257, 50257, 1, 1, 1, 1, 1, 1, 0, 0, 'CONV', 1, 1, 0, 0),  latency: 15959.003404300594
[2m[36m(CompileWorker pid=3635755)[0m compiled for stage:76 name: stage_3_8_acc_grad_0 module id: 0
[2m[36m(CompileWorker pid=3635746)[0m compiled for stage:75 name: stage_3_7_acc_grad_0 module id: 0
[2m[36m(CompileWorker pid=3635755)[0m compiled for stage:76 name: stage_3_8_acc_grad_1 module id: 1
[2m[36m(CompileWorker pid=3635746)[0m compiled for stage:75 name: stage_3_7_acc_grad_1 module id: 1
[2m[36m(CompileWorker pid=3635753)[0m compiled for stage:78 name: stage_3_9_acc_grad_0 module id: 0
[2m[36m(CompileWorker pid=3635755)[0m compiled for stage:84 name: stage_4_4_acc_grad_0 module id: 0
[2m[36m(CompileWorker pid=3635747)[0m  tensor (Large latency) dimensions: (1, 2048, 12288, 12288, 1, 1, 1, 1, 1, 1, 0, 0, 'CONV', 1, 1, 0, 0),  latency: 26.58889142857143
[2m[36m(CompileWorker pid=3635753)[0m compiled for stage:78 name: stage_3_9_acc_grad_1 module id: 1
[2m[36m(CompileWorker pid=3635755)[0m compiled for stage:84 name: stage_4_4_acc_grad_1 module id: 1
[2m[36m(CompileWorker pid=3635754)[0m  tensor (Large latency) dimensions: (1, 2048, 12288, 12288, 1, 1, 1, 1, 1, 1, 0, 0, 'CONV', 1, 1, 0, 0),  latency: 26.58889142857143
[2m[36m(CompileWorker pid=3635755)[0m compiled for stage:85 name: stage_4_4_acc_grad_0 module id: 0
[2m[36m(CompileWorker pid=3635752)[0m compiled for stage:77 name: stage_3_8_acc_grad_0 module id: 0
[2m[36m(CompileWorker pid=3635755)[0m compiled for stage:85 name: stage_4_4_acc_grad_1 module id: 1
[2m[36m(CompileWorker pid=3635752)[0m compiled for stage:77 name: stage_3_8_acc_grad_1 module id: 1
[2m[36m(CompileWorker pid=3635747)[0m compiled for stage:86 name: stage_4_5_acc_grad_0 module id: 0
[2m[36m(CompileWorker pid=3635747)[0m compiled for stage:86 name: stage_4_5_acc_grad_1 module id: 1
[2m[36m(CompileWorker pid=3635758)[0m  tensor (Large latency) dimensions: (1, 12288, 6144, 6144, 1, 1, 1, 1, 1, 1, 0, 0, 'CONV', 1, 1, 0, 0),  latency: 39.3216
[2m[36m(CompileWorker pid=3635753)[0m compiled for stage:87 name: stage_4_5_acc_grad_0 module id: 0
[2m[36m(CompileWorker pid=3635753)[0m compiled for stage:87 name: stage_4_5_acc_grad_1 module id: 1
[2m[36m(CompileWorker pid=3635757)[0m compiled for stage:80 name: stage_3_10_acc_grad_0 module id: 0
[2m[36m(CompileWorker pid=3635757)[0m compiled for stage:80 name: stage_3_10_acc_grad_1 module id: 1
[2m[36m(CompileWorker pid=3635754)[0m compiled for stage:88 name: stage_4_6_acc_grad_0 module id: 0
[2m[36m(CompileWorker pid=3635754)[0m compiled for stage:88 name: stage_4_6_acc_grad_1 module id: 1
[2m[36m(CompileWorker pid=3635755)[0m compiled for stage:89 name: stage_4_6_acc_grad_0 module id: 0
[2m[36m(CompileWorker pid=3635748)[0m compiled for stage:65 name: stage_2_11_acc_grad_0 module id: 0
[2m[36m(CompileWorker pid=3635755)[0m compiled for stage:89 name: stage_4_6_acc_grad_1 module id: 1
[2m[36m(CompileWorker pid=3635748)[0m compiled for stage:65 name: stage_2_11_acc_grad_1 module id: 1
[2m[36m(CompileWorker pid=3635751)[0m compiled for stage:79 name: stage_3_9_acc_grad_0 module id: 0
[2m[36m(CompileWorker pid=3635751)[0m compiled for stage:79 name: stage_3_9_acc_grad_1 module id: 1
[2m[36m(CompileWorker pid=3635752)[0m compiled for stage:90 name: stage_4_7_acc_grad_0 module id: 0
[2m[36m(CompileWorker pid=3635752)[0m compiled for stage:90 name: stage_4_7_acc_grad_1 module id: 1
[2m[36m(CompileWorker pid=3635748)[0m  tensor (Large latency) dimensions: (1, 6144, 50257, 50257, 1, 1, 1, 1, 1, 1, 0, 0, 'CONV', 1, 1, 0, 0),  latency: 15959.003404300594
[2m[36m(CompileWorker pid=3635747)[0m compiled for stage:91 name: stage_4_7_acc_grad_0 module id: 0
[2m[36m(CompileWorker pid=3635747)[0m compiled for stage:91 name: stage_4_7_acc_grad_1 module id: 1
[2m[36m(CompileWorker pid=3635758)[0m compiled for stage:92 name: stage_4_8_acc_grad_0 module id: 0
[2m[36m(CompileWorker pid=3635758)[0m compiled for stage:92 name: stage_4_8_acc_grad_1 module id: 1
[2m[36m(CompileWorker pid=3635749)[0m compiled for stage:81 name: stage_3_10_acc_grad_0 module id: 0
[2m[36m(CompileWorker pid=3635749)[0m compiled for stage:81 name: stage_3_10_acc_grad_1 module id: 1
[2m[36m(CompileWorker pid=3635748)[0m  tensor (Large latency) dimensions: (1, 2048, 12288, 12288, 1, 1, 1, 1, 1, 1, 0, 0, 'CONV', 1, 1, 0, 0),  latency: 26.58889142857143
[2m[36m(CompileWorker pid=3635758)[0m compiled for stage:100 name: stage_5_5_acc_grad_0 module id: 0
[2m[36m(CompileWorker pid=3635758)[0m compiled for stage:100 name: stage_5_5_acc_grad_1 module id: 1
[2m[36m(CompileWorker pid=3635757)[0m compiled for stage:94 name: stage_4_9_acc_grad_0 module id: 0
[2m[36m(CompileWorker pid=3635749)[0m compiled for stage:101 name: stage_5_5_acc_grad_0 module id: 0
[2m[36m(CompileWorker pid=3635749)[0m compiled for stage:101 name: stage_5_5_acc_grad_1 module id: 1
[2m[36m(CompileWorker pid=3635757)[0m compiled for stage:94 name: stage_4_9_acc_grad_1 module id: 1
[2m[36m(CompileWorker pid=3635756)[0m compiled for stage:82 name: stage_3_11_acc_grad_0 module id: 0
[2m[36m(CompileWorker pid=3635756)[0m compiled for stage:82 name: stage_3_11_acc_grad_1 module id: 1
[2m[36m(CompileWorker pid=3635753)[0m compiled for stage:93 name: stage_4_8_acc_grad_0 module id: 0
[2m[36m(CompileWorker pid=3635753)[0m compiled for stage:93 name: stage_4_8_acc_grad_1 module id: 1
[2m[36m(CompileWorker pid=3635748)[0m compiled for stage:102 name: stage_5_6_acc_grad_0 module id: 0
[2m[36m(CompileWorker pid=3635748)[0m compiled for stage:102 name: stage_5_6_acc_grad_1 module id: 1
[2m[36m(CompileWorker pid=3635746)[0m compiled for stage:83 name: stage_3_11_acc_grad_0 module id: 0
[2m[36m(CompileWorker pid=3635758)[0m compiled for stage:103 name: stage_5_6_acc_grad_0 module id: 0
[2m[36m(CompileWorker pid=3635758)[0m compiled for stage:103 name: stage_5_6_acc_grad_1 module id: 1
[2m[36m(CompileWorker pid=3635755)[0m compiled for stage:96 name: stage_4_10_acc_grad_0 module id: 0
[2m[36m(CompileWorker pid=3635746)[0m compiled for stage:83 name: stage_3_11_acc_grad_1 module id: 1
[2m[36m(CompileWorker pid=3635756)[0m  tensor (Large latency) dimensions: (1, 6144, 50257, 50257, 1, 1, 1, 1, 1, 1, 0, 0, 'CONV', 1, 1, 0, 0),  latency: 15959.003404300594
[2m[36m(CompileWorker pid=3635755)[0m compiled for stage:96 name: stage_4_10_acc_grad_1 module id: 1
[2m[36m(CompileWorker pid=3635749)[0m compiled for stage:104 name: stage_5_7_acc_grad_0 module id: 0
[2m[36m(CompileWorker pid=3635749)[0m compiled for stage:104 name: stage_5_7_acc_grad_1 module id: 1
[2m[36m(CompileWorker pid=3635754)[0m compiled for stage:95 name: stage_4_9_acc_grad_0 module id: 0
[2m[36m(CompileWorker pid=3635754)[0m compiled for stage:95 name: stage_4_9_acc_grad_1 module id: 1
[2m[36m(CompileWorker pid=3635757)[0m compiled for stage:105 name: stage_5_7_acc_grad_0 module id: 0
[2m[36m(CompileWorker pid=3635752)[0m compiled for stage:98 name: stage_4_11_acc_grad_0 module id: 0
[2m[36m(CompileWorker pid=3635757)[0m compiled for stage:105 name: stage_5_7_acc_grad_1 module id: 1
[2m[36m(CompileWorker pid=3635752)[0m compiled for stage:98 name: stage_4_11_acc_grad_1 module id: 1
[2m[36m(CompileWorker pid=3635753)[0m compiled for stage:106 name: stage_5_8_acc_grad_0 module id: 0
[2m[36m(CompileWorker pid=3635757)[0m compiled for stage:114 name: stage_6_6_acc_grad_0 module id: 0
[2m[36m(CompileWorker pid=3635753)[0m compiled for stage:106 name: stage_5_8_acc_grad_1 module id: 1
[2m[36m(CompileWorker pid=3635757)[0m compiled for stage:114 name: stage_6_6_acc_grad_1 module id: 1
[2m[36m(CompileWorker pid=3635752)[0m  tensor (Large latency) dimensions: (1, 6144, 50257, 50257, 1, 1, 1, 1, 1, 1, 0, 0, 'CONV', 1, 1, 0, 0),  latency: 15959.003404300594
[2m[36m(CompileWorker pid=3635751)[0m compiled for stage:97 name: stage_4_10_acc_grad_0 module id: 0
[2m[36m(CompileWorker pid=3635751)[0m compiled for stage:97 name: stage_4_10_acc_grad_1 module id: 1
[2m[36m(CompileWorker pid=3635748)[0m compiled for stage:107 name: stage_5_8_acc_grad_0 module id: 0
[2m[36m(CompileWorker pid=3635757)[0m compiled for stage:115 name: stage_6_6_acc_grad_0 module id: 0
[2m[36m(CompileWorker pid=3635757)[0m compiled for stage:115 name: stage_6_6_acc_grad_1 module id: 1
[2m[36m(CompileWorker pid=3635748)[0m compiled for stage:107 name: stage_5_8_acc_grad_1 module id: 1
[2m[36m(CompileWorker pid=3635758)[0m compiled for stage:108 name: stage_5_9_acc_grad_0 module id: 0
[2m[36m(CompileWorker pid=3635758)[0m compiled for stage:108 name: stage_5_9_acc_grad_1 module id: 1
[2m[36m(CompileWorker pid=3635753)[0m compiled for stage:116 name: stage_6_7_acc_grad_0 module id: 0
[2m[36m(CompileWorker pid=3635753)[0m compiled for stage:116 name: stage_6_7_acc_grad_1 module id: 1
[2m[36m(CompileWorker pid=3635752)[0m  tensor (Large latency) dimensions: (1, 2048, 12288, 12288, 1, 1, 1, 1, 1, 1, 0, 0, 'CONV', 1, 1, 0, 0),  latency: 26.58889142857143
[2m[36m(CompileWorker pid=3635746)[0m compiled for stage:110 name: stage_5_10_acc_grad_0 module id: 0
[2m[36m(CompileWorker pid=3635757)[0m compiled for stage:117 name: stage_6_7_acc_grad_0 module id: 0
[2m[36m(CompileWorker pid=3635757)[0m compiled for stage:117 name: stage_6_7_acc_grad_1 module id: 1
[2m[36m(CompileWorker pid=3635746)[0m compiled for stage:110 name: stage_5_10_acc_grad_1 module id: 1
[2m[36m(CompileWorker pid=3635756)[0m compiled for stage:109 name: stage_5_9_acc_grad_0 module id: 0
[2m[36m(CompileWorker pid=3635756)[0m compiled for stage:109 name: stage_5_9_acc_grad_1 module id: 1
[2m[36m(CompileWorker pid=3635751)[0m compiled for stage:118 name: stage_6_8_acc_grad_0 module id: 0
[2m[36m(CompileWorker pid=3635751)[0m compiled for stage:118 name: stage_6_8_acc_grad_1 module id: 1
[2m[36m(CompileWorker pid=3635747)[0m compiled for stage:99 name: stage_4_11_acc_grad_0 module id: 0
[2m[36m(CompileWorker pid=3635747)[0m compiled for stage:99 name: stage_4_11_acc_grad_1 module id: 1
[2m[36m(CompileWorker pid=3635748)[0m compiled for stage:119 name: stage_6_8_acc_grad_0 module id: 0
[2m[36m(CompileWorker pid=3635748)[0m compiled for stage:119 name: stage_6_8_acc_grad_1 module id: 1
[2m[36m(CompileWorker pid=3635751)[0m compiled for stage:126 name: stage_7_7_acc_grad_0 module id: 0
[2m[36m(CompileWorker pid=3635751)[0m compiled for stage:126 name: stage_7_7_acc_grad_1 module id: 1
[2m[36m(CompileWorker pid=3635749)[0m compiled for stage:112 name: stage_5_11_acc_grad_0 module id: 0
[2m[36m(CompileWorker pid=3635758)[0m compiled for stage:120 name: stage_6_9_acc_grad_0 module id: 0
[2m[36m(CompileWorker pid=3635755)[0m compiled for stage:111 name: stage_5_10_acc_grad_0 module id: 0
[2m[36m(CompileWorker pid=3635749)[0m compiled for stage:112 name: stage_5_11_acc_grad_1 module id: 1
[2m[36m(CompileWorker pid=3635747)[0m compiled for stage:127 name: stage_7_7_acc_grad_0 module id: 0
[2m[36m(CompileWorker pid=3635758)[0m compiled for stage:120 name: stage_6_9_acc_grad_1 module id: 1
[2m[36m(CompileWorker pid=3635755)[0m compiled for stage:111 name: stage_5_10_acc_grad_1 module id: 1
[2m[36m(CompileWorker pid=3635747)[0m compiled for stage:127 name: stage_7_7_acc_grad_1 module id: 1
[2m[36m(CompileWorker pid=3635752)[0m compiled for stage:122 name: stage_6_10_acc_grad_0 module id: 0
[2m[36m(CompileWorker pid=3635753)[0m compiled for stage:121 name: stage_6_9_acc_grad_0 module id: 0
[2m[36m(CompileWorker pid=3635748)[0m compiled for stage:128 name: stage_7_8_acc_grad_0 module id: 0
[2m[36m(CompileWorker pid=3635749)[0m  tensor (Large latency) dimensions: (1, 6144, 50257, 50257, 1, 1, 1, 1, 1, 1, 0, 0, 'CONV', 1, 1, 0, 0),  latency: 15959.003404300594
[2m[36m(CompileWorker pid=3635748)[0m compiled for stage:128 name: stage_7_8_acc_grad_1 module id: 1
[2m[36m(CompileWorker pid=3635752)[0m compiled for stage:122 name: stage_6_10_acc_grad_1 module id: 1
[2m[36m(CompileWorker pid=3635753)[0m compiled for stage:121 name: stage_6_9_acc_grad_1 module id: 1
[2m[36m(CompileWorker pid=3635751)[0m compiled for stage:129 name: stage_7_8_acc_grad_0 module id: 0
[2m[36m(CompileWorker pid=3635751)[0m compiled for stage:129 name: stage_7_8_acc_grad_1 module id: 1
[2m[36m(CompileWorker pid=3635752)[0m compiled for stage:136 name: stage_8_8_acc_grad_0 module id: 0
[2m[36m(CompileWorker pid=3635752)[0m compiled for stage:136 name: stage_8_8_acc_grad_1 module id: 1
[2m[36m(CompileWorker pid=3635754)[0m compiled for stage:113 name: stage_5_11_acc_grad_0 module id: 0
[2m[36m(CompileWorker pid=3635746)[0m compiled for stage:124 name: stage_6_11_acc_grad_0 module id: 0
[2m[36m(CompileWorker pid=3635754)[0m compiled for stage:113 name: stage_5_11_acc_grad_1 module id: 1
[2m[36m(CompileWorker pid=3635747)[0m compiled for stage:130 name: stage_7_9_acc_grad_0 module id: 0
[2m[36m(CompileWorker pid=3635746)[0m compiled for stage:124 name: stage_6_11_acc_grad_1 module id: 1
[2m[36m(CompileWorker pid=3635747)[0m compiled for stage:130 name: stage_7_9_acc_grad_1 module id: 1
[2m[36m(CompileWorker pid=3635749)[0m  tensor (Large latency) dimensions: (1, 2048, 12288, 12288, 1, 1, 1, 1, 1, 1, 0, 0, 'CONV', 1, 1, 0, 0),  latency: 26.58889142857143
[2m[36m(CompileWorker pid=3635752)[0m compiled for stage:137 name: stage_8_8_acc_grad_0 module id: 0
[2m[36m(CompileWorker pid=3635758)[0m compiled for stage:131 name: stage_7_9_acc_grad_0 module id: 0
[2m[36m(CompileWorker pid=3635752)[0m compiled for stage:137 name: stage_8_8_acc_grad_1 module id: 1
[2m[36m(CompileWorker pid=3635755)[0m compiled for stage:132 name: stage_7_10_acc_grad_0 module id: 0
[2m[36m(CompileWorker pid=3635758)[0m compiled for stage:131 name: stage_7_9_acc_grad_1 module id: 1
[2m[36m(CompileWorker pid=3635757)[0m compiled for stage:123 name: stage_6_10_acc_grad_0 module id: 0
[2m[36m(CompileWorker pid=3635755)[0m compiled for stage:132 name: stage_7_10_acc_grad_1 module id: 1
[2m[36m(CompileWorker pid=3635757)[0m compiled for stage:123 name: stage_6_10_acc_grad_1 module id: 1
[2m[36m(CompileWorker pid=3635747)[0m compiled for stage:138 name: stage_8_9_acc_grad_0 module id: 0
[2m[36m(CompileWorker pid=3635747)[0m compiled for stage:138 name: stage_8_9_acc_grad_1 module id: 1
[2m[36m(CompileWorker pid=3635755)[0m compiled for stage:144 name: stage_9_9_acc_grad_0 module id: 0
[2m[36m(CompileWorker pid=3635755)[0m compiled for stage:144 name: stage_9_9_acc_grad_1 module id: 1
[2m[36m(CompileWorker pid=3635757)[0m compiled for stage:145 name: stage_9_9_acc_grad_0 module id: 0
[2m[36m(CompileWorker pid=3635757)[0m compiled for stage:145 name: stage_9_9_acc_grad_1 module id: 1
[2m[36m(CompileWorker pid=3635756)[0m compiled for stage:125 name: stage_6_11_acc_grad_0 module id: 0
[2m[36m(CompileWorker pid=3635756)[0m compiled for stage:125 name: stage_6_11_acc_grad_1 module id: 1
[2m[36m(CompileWorker pid=3635746)[0m compiled for stage:139 name: stage_8_9_acc_grad_0 module id: 0
[2m[36m(CompileWorker pid=3635746)[0m compiled for stage:139 name: stage_8_9_acc_grad_1 module id: 1
[2m[36m(CompileWorker pid=3635753)[0m compiled for stage:134 name: stage_7_11_acc_grad_0 module id: 0
[2m[36m(CompileWorker pid=3635753)[0m compiled for stage:134 name: stage_7_11_acc_grad_1 module id: 1
[2m[36m(CompileWorker pid=3635748)[0m compiled for stage:133 name: stage_7_10_acc_grad_0 module id: 0
[2m[36m(CompileWorker pid=3635748)[0m compiled for stage:133 name: stage_7_10_acc_grad_1 module id: 1
[2m[36m(CompileWorker pid=3635754)[0m compiled for stage:140 name: stage_8_10_acc_grad_0 module id: 0
[2m[36m(CompileWorker pid=3635754)[0m compiled for stage:140 name: stage_8_10_acc_grad_1 module id: 1
[2m[36m(CompileWorker pid=3635747)[0m compiled for stage:146 name: stage_9_10_acc_grad_0 module id: 0
[2m[36m(CompileWorker pid=3635746)[0m compiled for stage:150 name: stage_10_10_acc_grad_0 module id: 0
[2m[36m(CompileWorker pid=3635746)[0m compiled for stage:150 name: stage_10_10_acc_grad_1 module id: 1
[2m[36m(CompileWorker pid=3635747)[0m compiled for stage:146 name: stage_9_10_acc_grad_1 module id: 1
[2m[36m(CompileWorker pid=3635751)[0m compiled for stage:135 name: stage_7_11_acc_grad_0 module id: 0
[2m[36m(CompileWorker pid=3635751)[0m compiled for stage:135 name: stage_7_11_acc_grad_1 module id: 1
[2m[36m(CompileWorker pid=3635755)[0m compiled for stage:147 name: stage_9_10_acc_grad_0 module id: 0
[2m[36m(CompileWorker pid=3635755)[0m compiled for stage:147 name: stage_9_10_acc_grad_1 module id: 1
[2m[36m(CompileWorker pid=3635749)[0m compiled for stage:141 name: stage_8_10_acc_grad_0 module id: 0
[2m[36m(CompileWorker pid=3635749)[0m compiled for stage:141 name: stage_8_10_acc_grad_1 module id: 1
[2m[36m(CompileWorker pid=3635748)[0m compiled for stage:151 name: stage_10_10_acc_grad_0 module id: 0
[2m[36m(CompileWorker pid=3635752)[0m compiled for stage:142 name: stage_8_11_acc_grad_0 module id: 0
[2m[36m(CompileWorker pid=3635753)[0m  tensor (Large latency) dimensions: (1, 6144, 50257, 50257, 1, 1, 1, 1, 1, 1, 0, 0, 'CONV', 1, 1, 0, 0),  latency: 15959.003404300594
[2m[36m(CompileWorker pid=3635748)[0m compiled for stage:151 name: stage_10_10_acc_grad_1 module id: 1
[2m[36m(CompileWorker pid=3635757)[0m compiled for stage:148 name: stage_9_11_acc_grad_0 module id: 0
[2m[36m(CompileWorker pid=3635757)[0m compiled for stage:148 name: stage_9_11_acc_grad_1 module id: 1
[2m[36m(CompileWorker pid=3635752)[0m compiled for stage:142 name: stage_8_11_acc_grad_1 module id: 1
[2m[36m(CompileWorker pid=3635747)[0m compiled for stage:154 name: stage_11_11_acc_grad_0 module id: 0
[2m[36m(CompileWorker pid=3635747)[0m compiled for stage:154 name: stage_11_11_acc_grad_1 module id: 1
[2m[36m(CompileWorker pid=3635754)[0m compiled for stage:152 name: stage_10_11_acc_grad_0 module id: 0
[2m[36m(CompileWorker pid=3635754)[0m compiled for stage:152 name: stage_10_11_acc_grad_1 module id: 1
[2m[36m(CompileWorker pid=3635755)[0m compiled for stage:155 name: stage_11_11_acc_grad_0 module id: 0
[2m[36m(CompileWorker pid=3635755)[0m compiled for stage:155 name: stage_11_11_acc_grad_1 module id: 1
[2m[36m(CompileWorker pid=3635758)[0m compiled for stage:143 name: stage_8_11_acc_grad_0 module id: 0
[2m[36m(CompileWorker pid=3635758)[0m compiled for stage:143 name: stage_8_11_acc_grad_1 module id: 1
[2m[36m(CompileWorker pid=3635751)[0m  tensor (Large latency) dimensions: (1, 6144, 50257, 50257, 1, 1, 1, 1, 1, 1, 0, 0, 'CONV', 1, 1, 0, 0),  latency: 15959.003404300594
[2m[36m(CompileWorker pid=3635757)[0m  tensor (Large latency) dimensions: (1, 6144, 50257, 50257, 1, 1, 1, 1, 1, 1, 0, 0, 'CONV', 1, 1, 0, 0),  latency: 15959.003404300594
[2m[36m(CompileWorker pid=3635756)[0m compiled for stage:149 name: stage_9_11_acc_grad_0 module id: 0
[2m[36m(CompileWorker pid=3635746)[0m compiled for stage:153 name: stage_10_11_acc_grad_0 module id: 0
[2m[36m(CompileWorker pid=3635755)[0m  tensor (Large latency) dimensions: (1, 6144, 50257, 50257, 1, 1, 1, 1, 1, 1, 0, 0, 'CONV', 1, 1, 0, 0),  latency: 15959.003404300594
[2m[36m(CompileWorker pid=3635756)[0m compiled for stage:149 name: stage_9_11_acc_grad_1 module id: 1
[2m[36m(CompileWorker pid=3635746)[0m compiled for stage:153 name: stage_10_11_acc_grad_1 module id: 1
[2m[36m(CompileWorker pid=3635758)[0m  tensor (Large latency) dimensions: (1, 6144, 50257, 50257, 1, 1, 1, 1, 1, 1, 0, 0, 'CONV', 1, 1, 0, 0),  latency: 15959.003404300594
[2m[36m(CompileWorker pid=3635755)[0m  tensor (Large latency) dimensions: (1, 2048, 12288, 12288, 1, 1, 1, 1, 1, 1, 0, 0, 'CONV', 1, 1, 0, 0),  latency: 26.58889142857143
[2m[36m(CompileWorker pid=3635757)[0m  tensor (Large latency) dimensions: (1, 2048, 12288, 12288, 1, 1, 1, 1, 1, 1, 0, 0, 'CONV', 1, 1, 0, 0),  latency: 26.58889142857143
[2m[36m(CompileWorker pid=3635751)[0m  tensor (Large latency) dimensions: (1, 2048, 12288, 12288, 1, 1, 1, 1, 1, 1, 0, 0, 'CONV', 1, 1, 0, 0),  latency: 26.58889142857143
[2m[36m(CompileWorker pid=3635758)[0m  tensor (Large latency) dimensions: (1, 2048, 12288, 12288, 1, 1, 1, 1, 1, 1, 0, 0, 'CONV', 1, 1, 0, 0),  latency: 26.58889142857143
- parse estimation results for all stages
Using pre computed peak Mem for (0, 0, 1, 0), module 0
result[(0, 0, 1, 0), 0] = ModuleProfileResult(compute_cost=1155.833, peak_memory=5.600 GB, invar_size=2.861 GB, outvar_size=3.967 GB, temp_buffer_size=-1.229 GB, available_memory=64.000 GB, comm_cost=0.468)
result[(0, 0, 1, 0), 1] = ModuleProfileResult(compute_cost=5928.919, peak_memory=8.181 GB, invar_size=6.829 GB, outvar_size=2.861 GB, temp_buffer_size=1.352 GB, available_memory=64.000 GB, comm_cost=0.107)
Using pre computed peak Mem for (0, 0, 1, 1), module 0
result[(0, 0, 1, 1), 0] = ModuleProfileResult(compute_cost=1155.833, peak_memory=5.600 GB, invar_size=2.861 GB, outvar_size=3.991 GB, temp_buffer_size=-1.252 GB, available_memory=64.000 GB, comm_cost=0.468)
result[(0, 0, 1, 1), 1] = ModuleProfileResult(compute_cost=5928.920, peak_memory=8.404 GB, invar_size=6.852 GB, outvar_size=2.861 GB, temp_buffer_size=1.551 GB, available_memory=64.000 GB, comm_cost=0.107)
Using pre computed peak Mem for (0, 1, 1, 0), module 0
result[(0, 1, 1, 0), 0] = ModuleProfileResult(compute_cost=1587.310, peak_memory=11.200 GB, invar_size=4.549 GB, outvar_size=7.859 GB, temp_buffer_size=-1.208 GB, available_memory=64.000 GB, comm_cost=0.711)
result[(0, 1, 1, 0), 1] = ModuleProfileResult(compute_cost=7516.563, peak_memory=14.029 GB, invar_size=12.408 GB, outvar_size=4.549 GB, temp_buffer_size=1.621 GB, available_memory=64.000 GB, comm_cost=0.182)
Using pre computed peak Mem for (0, 1, 1, 1), module 0
result[(0, 1, 1, 1), 0] = ModuleProfileResult(compute_cost=1587.310, peak_memory=11.200 GB, invar_size=4.549 GB, outvar_size=7.929 GB, temp_buffer_size=-1.278 GB, available_memory=64.000 GB, comm_cost=0.711)
result[(0, 1, 1, 1), 1] = ModuleProfileResult(compute_cost=7516.564, peak_memory=14.426 GB, invar_size=12.478 GB, outvar_size=4.549 GB, temp_buffer_size=1.948 GB, available_memory=64.000 GB, comm_cost=0.181)
Using pre computed peak Mem for (0, 2, 1, 0), module 0
result[(0, 2, 1, 0), 0] = ModuleProfileResult(compute_cost=2308.124, peak_memory=16.800 GB, invar_size=6.800 GB, outvar_size=13.250 GB, temp_buffer_size=-3.250 GB, available_memory=64.000 GB, comm_cost=1.178)
result[(0, 2, 1, 0), 1] = ModuleProfileResult(compute_cost=9590.455, peak_memory=22.163 GB, invar_size=20.050 GB, outvar_size=6.800 GB, temp_buffer_size=2.114 GB, available_memory=64.000 GB, comm_cost=0.314)
Using pre computed peak Mem for (0, 2, 1, 1), module 0
result[(0, 2, 1, 1), 0] = ModuleProfileResult(compute_cost=2294.727, peak_memory=16.800 GB, invar_size=6.940 GB, outvar_size=13.531 GB, temp_buffer_size=-3.672 GB, available_memory=64.000 GB, comm_cost=1.164)
result[(0, 2, 1, 1), 1] = ModuleProfileResult(compute_cost=9670.538, peak_memory=23.410 GB, invar_size=20.519 GB, outvar_size=6.940 GB, temp_buffer_size=2.891 GB, available_memory=64.000 GB, comm_cost=0.342)
Using pre computed peak Mem for (0, 3, 1, 0), module 0
result[(0, 3, 1, 0), 0] = ModuleProfileResult(compute_cost=2739.414, peak_memory=22.400 GB, invar_size=8.487 GB, outvar_size=17.071 GB, temp_buffer_size=-3.158 GB, available_memory=64.000 GB, comm_cost=1.421)
result[(0, 3, 1, 0), 1] = ModuleProfileResult(compute_cost=11177.819, peak_memory=27.999 GB, invar_size=25.558 GB, outvar_size=8.487 GB, temp_buffer_size=2.441 GB, available_memory=64.000 GB, comm_cost=0.390)
Using pre computed peak Mem for (0, 3, 1, 1), module 0
result[(0, 3, 1, 1), 0] = ModuleProfileResult(compute_cost=2739.414, peak_memory=22.400 GB, invar_size=8.487 GB, outvar_size=17.235 GB, temp_buffer_size=-3.322 GB, available_memory=64.000 GB, comm_cost=1.421)
result[(0, 3, 1, 1), 1] = ModuleProfileResult(compute_cost=11177.822, peak_memory=28.247 GB, invar_size=25.722 GB, outvar_size=8.487 GB, temp_buffer_size=2.525 GB, available_memory=64.000 GB, comm_cost=0.389)
Using pre computed peak Mem for (0, 4, 1, 0), module 0
result[(0, 4, 1, 0), 0] = ModuleProfileResult(compute_cost=3170.704, peak_memory=28.000 GB, invar_size=10.175 GB, outvar_size=20.868 GB, temp_buffer_size=-3.044 GB, available_memory=64.000 GB, comm_cost=1.665)
result[(0, 4, 1, 0), 1] = ModuleProfileResult(compute_cost=12765.180, peak_memory=33.742 GB, invar_size=31.044 GB, outvar_size=10.175 GB, temp_buffer_size=2.698 GB, available_memory=64.000 GB, comm_cost=0.463)
Using pre computed peak Mem for (0, 4, 1, 1), module 0
result[(0, 4, 1, 1), 0] = ModuleProfileResult(compute_cost=3157.299, peak_memory=28.000 GB, invar_size=10.316 GB, outvar_size=21.126 GB, temp_buffer_size=-3.442 GB, available_memory=64.000 GB, comm_cost=1.646)
result[(0, 4, 1, 1), 1] = ModuleProfileResult(compute_cost=12852.005, peak_memory=34.404 GB, invar_size=31.489 GB, outvar_size=10.316 GB, temp_buffer_size=2.915 GB, available_memory=64.000 GB, comm_cost=0.491)
Using pre computed peak Mem for (0, 5, 1, 0), module 0
result[(0, 5, 1, 0), 0] = ModuleProfileResult(compute_cost=3601.996, peak_memory=33.600 GB, invar_size=11.863 GB, outvar_size=24.572 GB, temp_buffer_size=-2.835 GB, available_memory=64.000 GB, comm_cost=1.911)
result[(0, 5, 1, 0), 1] = ModuleProfileResult(compute_cost=14352.546, peak_memory=39.602 GB, invar_size=36.435 GB, outvar_size=11.863 GB, temp_buffer_size=3.167 GB, available_memory=64.000 GB, comm_cost=0.540)
Using pre computed peak Mem for (0, 5, 1, 1), module 0
result[(0, 5, 1, 1), 0] = ModuleProfileResult(compute_cost=3601.994, peak_memory=33.600 GB, invar_size=11.863 GB, outvar_size=24.666 GB, temp_buffer_size=-2.929 GB, available_memory=64.000 GB, comm_cost=1.908)
result[(0, 5, 1, 1), 1] = ModuleProfileResult(compute_cost=14352.545, peak_memory=39.731 GB, invar_size=36.529 GB, outvar_size=11.863 GB, temp_buffer_size=3.202 GB, available_memory=64.000 GB, comm_cost=0.535)
Using pre computed peak Mem for (0, 6, 1, 0), module 0
result[(0, 6, 1, 0), 0] = ModuleProfileResult(compute_cost=4033.284, peak_memory=39.200 GB, invar_size=13.551 GB, outvar_size=28.487 GB, temp_buffer_size=-2.837 GB, available_memory=64.000 GB, comm_cost=2.152)
result[(0, 6, 1, 0), 1] = ModuleProfileResult(compute_cost=15939.916, peak_memory=45.556 GB, invar_size=42.037 GB, outvar_size=13.551 GB, temp_buffer_size=3.519 GB, available_memory=64.000 GB, comm_cost=0.621)
Using pre computed peak Mem for (0, 6, 1, 1), module 0
result[(0, 6, 1, 1), 0] = ModuleProfileResult(compute_cost=4033.310, peak_memory=39.200 GB, invar_size=13.551 GB, outvar_size=28.651 GB, temp_buffer_size=-3.001 GB, available_memory=64.000 GB, comm_cost=2.168)
result[(0, 6, 1, 1), 1] = ModuleProfileResult(compute_cost=15939.934, peak_memory=46.168 GB, invar_size=42.201 GB, outvar_size=13.551 GB, temp_buffer_size=3.967 GB, available_memory=64.000 GB, comm_cost=0.625)
Using pre computed peak Mem for (0, 7, 1, 0), module 0
result[(0, 7, 1, 0), 0] = ModuleProfileResult(compute_cost=4464.574, peak_memory=44.800 GB, invar_size=15.238 GB, outvar_size=32.167 GB, temp_buffer_size=-2.605 GB, available_memory=64.000 GB, comm_cost=2.395)
result[(0, 7, 1, 0), 1] = ModuleProfileResult(compute_cost=17527.272, peak_memory=51.041 GB, invar_size=47.405 GB, outvar_size=15.238 GB, temp_buffer_size=3.636 GB, available_memory=64.000 GB, comm_cost=0.689)
Using pre computed peak Mem for (0, 7, 1, 1), module 0
result[(0, 7, 1, 1), 0] = ModuleProfileResult(compute_cost=4464.574, peak_memory=44.800 GB, invar_size=15.238 GB, outvar_size=32.307 GB, temp_buffer_size=-2.746 GB, available_memory=64.000 GB, comm_cost=2.395)
result[(0, 7, 1, 1), 1] = ModuleProfileResult(compute_cost=17527.282, peak_memory=51.557 GB, invar_size=47.546 GB, outvar_size=15.238 GB, temp_buffer_size=4.011 GB, available_memory=64.000 GB, comm_cost=0.689)
Using pre computed peak Mem for (0, 8, 1, 0), module 0
result[(0, 8, 1, 0), 0] = ModuleProfileResult(compute_cost=4895.864, peak_memory=50.400 GB, invar_size=16.926 GB, outvar_size=35.917 GB, temp_buffer_size=-2.444 GB, available_memory=64.000 GB, comm_cost=2.639)
result[(0, 8, 1, 0), 1] = ModuleProfileResult(compute_cost=19114.636, peak_memory=56.364 GB, invar_size=52.844 GB, outvar_size=16.926 GB, temp_buffer_size=3.521 GB, available_memory=64.000 GB, comm_cost=0.764)
Using pre computed peak Mem for (0, 8, 1, 1), module 0
result[(0, 8, 1, 1), 0] = ModuleProfileResult(compute_cost=4895.864, peak_memory=50.400 GB, invar_size=16.926 GB, outvar_size=36.105 GB, temp_buffer_size=-2.631 GB, available_memory=64.000 GB, comm_cost=2.639)
result[(0, 8, 1, 1), 1] = ModuleProfileResult(compute_cost=19114.643, peak_memory=56.656 GB, invar_size=53.031 GB, outvar_size=16.926 GB, temp_buffer_size=3.625 GB, available_memory=64.000 GB, comm_cost=0.765)
Using pre computed peak Mem for (0, 9, 1, 0), module 0
result[(0, 9, 1, 0), 0] = ModuleProfileResult(compute_cost=5307.209, peak_memory=56.000 GB, invar_size=18.614 GB, outvar_size=39.668 GB, temp_buffer_size=-2.282 GB, available_memory=64.000 GB, comm_cost=3.066)
result[(0, 9, 1, 0), 1] = ModuleProfileResult(compute_cost=20701.999, peak_memory=63.629 GB, invar_size=58.329 GB, outvar_size=18.614 GB, temp_buffer_size=5.300 GB, available_memory=64.000 GB, comm_cost=0.840)
Using pre computed peak Mem for (0, 9, 1, 1), module 0
result[(0, 9, 1, 1), 0] = ModuleProfileResult(compute_cost=5313.753, peak_memory=56.000 GB, invar_size=18.755 GB, outvar_size=40.019 GB, temp_buffer_size=-2.774 GB, available_memory=64.000 GB, comm_cost=2.866)
result[(0, 9, 1, 1), 1] = ModuleProfileResult(compute_cost=20782.086, peak_memory=64.019 GB, invar_size=58.821 GB, outvar_size=18.755 GB, temp_buffer_size=5.198 GB, available_memory=64.000 GB, comm_cost=0.867)
Using pre computed peak Mem for (0, 10, 1, 0), module 0
result[(0, 10, 1, 0), 0] = ModuleProfileResult(compute_cost=5758.443, peak_memory=61.600 GB, invar_size=20.302 GB, outvar_size=43.465 GB, temp_buffer_size=-2.167 GB, available_memory=64.000 GB, comm_cost=3.126)
result[(0, 10, 1, 0), 1] = ModuleProfileResult(compute_cost=22289.363, peak_memory=68.622 GB, invar_size=63.767 GB, outvar_size=20.302 GB, temp_buffer_size=4.855 GB, available_memory=64.000 GB, comm_cost=0.915)
Using pre computed peak Mem for (0, 10, 1, 1), module 0
result[(0, 10, 1, 1), 0] = ModuleProfileResult(compute_cost=5758.443, peak_memory=61.600 GB, invar_size=20.302 GB, outvar_size=43.489 GB, temp_buffer_size=-2.190 GB, available_memory=64.000 GB, comm_cost=3.126)
result[(0, 10, 1, 1), 1] = ModuleProfileResult(compute_cost=22289.374, peak_memory=68.622 GB, invar_size=63.790 GB, outvar_size=20.302 GB, temp_buffer_size=4.832 GB, available_memory=64.000 GB, comm_cost=0.919)
Using pre computed peak Mem for (0, 11, 1, 0), module 0
result[(0, 11, 1, 0), 0] = ModuleProfileResult(compute_cost=5900.587, peak_memory=67.200 GB, invar_size=21.427 GB, outvar_size=46.936 GB, temp_buffer_size=-1.163 GB, available_memory=64.000 GB, comm_cost=3.149)
result[(0, 11, 1, 0), 1] = ModuleProfileResult(compute_cost=55337.565, peak_memory=74.678 GB, invar_size=69.513 GB, outvar_size=22.577 GB, temp_buffer_size=5.164 GB, available_memory=64.000 GB, comm_cost=0.938)
Using pre computed peak Mem for (0, 11, 1, 1), module 0
result[(0, 11, 1, 1), 0] = ModuleProfileResult(compute_cost=5900.593, peak_memory=67.200 GB, invar_size=21.427 GB, outvar_size=46.983 GB, temp_buffer_size=-1.210 GB, available_memory=64.000 GB, comm_cost=3.154)
result[(0, 11, 1, 1), 1] = ModuleProfileResult(compute_cost=55337.576, peak_memory=74.770 GB, invar_size=69.560 GB, outvar_size=22.577 GB, temp_buffer_size=5.210 GB, available_memory=64.000 GB, comm_cost=0.940)
Using pre computed peak Mem for (1, 1, 1, 0), module 0
result[(1, 1, 1, 0), 0] = ModuleProfileResult(compute_cost=431.508, peak_memory=5.600 GB, invar_size=1.782 GB, outvar_size=3.961 GB, temp_buffer_size=-0.143 GB, available_memory=64.000 GB, comm_cost=0.244)
result[(1, 1, 1, 0), 1] = ModuleProfileResult(compute_cost=1587.645, peak_memory=6.775 GB, invar_size=5.649 GB, outvar_size=1.782 GB, temp_buffer_size=1.032 GB, available_memory=64.000 GB, comm_cost=0.075)
Using pre computed peak Mem for (1, 1, 1, 1), module 0
result[(1, 1, 1, 1), 0] = ModuleProfileResult(compute_cost=431.508, peak_memory=5.600 GB, invar_size=1.782 GB, outvar_size=3.985 GB, temp_buffer_size=-0.166 GB, available_memory=64.000 GB, comm_cost=0.244)
result[(1, 1, 1, 1), 1] = ModuleProfileResult(compute_cost=1587.646, peak_memory=7.150 GB, invar_size=5.673 GB, outvar_size=1.782 GB, temp_buffer_size=1.383 GB, available_memory=64.000 GB, comm_cost=0.075)
Using pre computed peak Mem for (1, 2, 1, 0), module 0
result[(1, 2, 1, 0), 0] = ModuleProfileResult(compute_cost=1152.322, peak_memory=11.200 GB, invar_size=4.032 GB, outvar_size=9.400 GB, temp_buffer_size=-2.232 GB, available_memory=64.000 GB, comm_cost=0.710)
result[(1, 2, 1, 0), 1] = ModuleProfileResult(compute_cost=3661.534, peak_memory=14.897 GB, invar_size=13.338 GB, outvar_size=4.032 GB, temp_buffer_size=1.466 GB, available_memory=64.000 GB, comm_cost=0.205)
Using pre computed peak Mem for (1, 2, 1, 1), module 0
result[(1, 2, 1, 1), 0] = ModuleProfileResult(compute_cost=1152.322, peak_memory=11.200 GB, invar_size=4.032 GB, outvar_size=9.470 GB, temp_buffer_size=-2.302 GB, available_memory=64.000 GB, comm_cost=0.710)
result[(1, 2, 1, 1), 1] = ModuleProfileResult(compute_cost=3661.538, peak_memory=15.073 GB, invar_size=13.408 GB, outvar_size=4.032 GB, temp_buffer_size=1.571 GB, available_memory=64.000 GB, comm_cost=0.206)
Using pre computed peak Mem for (1, 3, 1, 0), module 0
result[(1, 3, 1, 0), 0] = ModuleProfileResult(compute_cost=1583.612, peak_memory=16.800 GB, invar_size=5.720 GB, outvar_size=13.221 GB, temp_buffer_size=-2.140 GB, available_memory=64.000 GB, comm_cost=0.953)
result[(1, 3, 1, 0), 1] = ModuleProfileResult(compute_cost=5248.898, peak_memory=20.839 GB, invar_size=18.847 GB, outvar_size=5.720 GB, temp_buffer_size=1.899 GB, available_memory=64.000 GB, comm_cost=0.281)
Using pre computed peak Mem for (1, 3, 1, 1), module 0
result[(1, 3, 1, 1), 0] = ModuleProfileResult(compute_cost=1583.612, peak_memory=16.800 GB, invar_size=5.720 GB, outvar_size=13.268 GB, temp_buffer_size=-2.187 GB, available_memory=64.000 GB, comm_cost=0.953)
result[(1, 3, 1, 1), 1] = ModuleProfileResult(compute_cost=5248.901, peak_memory=21.238 GB, invar_size=18.894 GB, outvar_size=5.720 GB, temp_buffer_size=2.251 GB, available_memory=64.000 GB, comm_cost=0.280)
Using pre computed peak Mem for (1, 4, 1, 0), module 0
result[(1, 4, 1, 0), 0] = ModuleProfileResult(compute_cost=2014.902, peak_memory=22.400 GB, invar_size=7.407 GB, outvar_size=16.995 GB, temp_buffer_size=-2.002 GB, available_memory=64.000 GB, comm_cost=1.197)
result[(1, 4, 1, 0), 1] = ModuleProfileResult(compute_cost=6836.262, peak_memory=26.653 GB, invar_size=24.308 GB, outvar_size=7.407 GB, temp_buffer_size=2.251 GB, available_memory=64.000 GB, comm_cost=0.356)
Using pre computed peak Mem for (1, 4, 1, 1), module 0
result[(1, 4, 1, 1), 0] = ModuleProfileResult(compute_cost=2014.902, peak_memory=22.400 GB, invar_size=7.407 GB, outvar_size=16.948 GB, temp_buffer_size=-1.955 GB, available_memory=64.000 GB, comm_cost=1.197)
result[(1, 4, 1, 1), 1] = ModuleProfileResult(compute_cost=6836.267, peak_memory=26.606 GB, invar_size=24.261 GB, outvar_size=7.407 GB, temp_buffer_size=2.251 GB, available_memory=64.000 GB, comm_cost=0.359)
Using pre computed peak Mem for (1, 5, 1, 0), module 0
result[(1, 5, 1, 0), 0] = ModuleProfileResult(compute_cost=2446.192, peak_memory=28.000 GB, invar_size=9.095 GB, outvar_size=20.698 GB, temp_buffer_size=-1.794 GB, available_memory=64.000 GB, comm_cost=1.440)
result[(1, 5, 1, 0), 1] = ModuleProfileResult(compute_cost=8423.625, peak_memory=32.279 GB, invar_size=29.700 GB, outvar_size=9.095 GB, temp_buffer_size=2.485 GB, available_memory=64.000 GB, comm_cost=0.432)
Using pre computed peak Mem for (1, 5, 1, 1), module 0
result[(1, 5, 1, 1), 0] = ModuleProfileResult(compute_cost=2446.192, peak_memory=28.000 GB, invar_size=9.095 GB, outvar_size=20.792 GB, temp_buffer_size=-1.887 GB, available_memory=64.000 GB, comm_cost=1.440)
result[(1, 5, 1, 1), 1] = ModuleProfileResult(compute_cost=8423.628, peak_memory=32.560 GB, invar_size=29.793 GB, outvar_size=9.095 GB, temp_buffer_size=2.673 GB, available_memory=64.000 GB, comm_cost=0.428)
Using pre computed peak Mem for (1, 6, 1, 0), module 0
result[(1, 6, 1, 0), 0] = ModuleProfileResult(compute_cost=2877.482, peak_memory=33.600 GB, invar_size=10.783 GB, outvar_size=24.566 GB, temp_buffer_size=-1.749 GB, available_memory=64.000 GB, comm_cost=1.684)
result[(1, 6, 1, 0), 1] = ModuleProfileResult(compute_cost=10010.989, peak_memory=38.350 GB, invar_size=35.255 GB, outvar_size=10.783 GB, temp_buffer_size=3.001 GB, available_memory=64.000 GB, comm_cost=0.507)
Using pre computed peak Mem for (1, 6, 1, 1), module 0
result[(1, 6, 1, 1), 0] = ModuleProfileResult(compute_cost=2877.482, peak_memory=33.600 GB, invar_size=10.783 GB, outvar_size=24.543 GB, temp_buffer_size=-1.726 GB, available_memory=64.000 GB, comm_cost=1.684)
result[(1, 6, 1, 1), 1] = ModuleProfileResult(compute_cost=10010.999, peak_memory=38.314 GB, invar_size=35.232 GB, outvar_size=10.783 GB, temp_buffer_size=2.989 GB, available_memory=64.000 GB, comm_cost=0.510)
Using pre computed peak Mem for (1, 7, 1, 0), module 0
result[(1, 7, 1, 0), 0] = ModuleProfileResult(compute_cost=3308.772, peak_memory=39.200 GB, invar_size=12.471 GB, outvar_size=28.270 GB, temp_buffer_size=-1.540 GB, available_memory=64.000 GB, comm_cost=1.927)
result[(1, 7, 1, 0), 1] = ModuleProfileResult(compute_cost=11598.353, peak_memory=44.093 GB, invar_size=40.647 GB, outvar_size=12.471 GB, temp_buffer_size=3.353 GB, available_memory=64.000 GB, comm_cost=0.582)
Using pre computed peak Mem for (1, 7, 1, 1), module 0
result[(1, 7, 1, 1), 0] = ModuleProfileResult(compute_cost=3308.772, peak_memory=39.200 GB, invar_size=12.471 GB, outvar_size=28.434 GB, temp_buffer_size=-1.704 GB, available_memory=64.000 GB, comm_cost=1.927)
result[(1, 7, 1, 1), 1] = ModuleProfileResult(compute_cost=11598.359, peak_memory=44.280 GB, invar_size=40.811 GB, outvar_size=12.471 GB, temp_buffer_size=3.375 GB, available_memory=64.000 GB, comm_cost=0.582)
Using pre computed peak Mem for (1, 8, 1, 0), module 0
result[(1, 8, 1, 0), 0] = ModuleProfileResult(compute_cost=3740.062, peak_memory=44.800 GB, invar_size=14.158 GB, outvar_size=31.973 GB, temp_buffer_size=-1.332 GB, available_memory=64.000 GB, comm_cost=2.171)
result[(1, 8, 1, 0), 1] = ModuleProfileResult(compute_cost=13185.717, peak_memory=49.578 GB, invar_size=46.038 GB, outvar_size=14.158 GB, temp_buffer_size=3.446 GB, available_memory=64.000 GB, comm_cost=0.658)
Using pre computed peak Mem for (1, 8, 1, 1), module 0
result[(1, 8, 1, 1), 0] = ModuleProfileResult(compute_cost=3740.062, peak_memory=44.800 GB, invar_size=14.158 GB, outvar_size=32.231 GB, temp_buffer_size=-1.590 GB, available_memory=64.000 GB, comm_cost=2.171)
result[(1, 8, 1, 1), 1] = ModuleProfileResult(compute_cost=13185.725, peak_memory=49.917 GB, invar_size=46.296 GB, outvar_size=14.158 GB, temp_buffer_size=3.528 GB, available_memory=64.000 GB, comm_cost=0.656)
Using pre computed peak Mem for (1, 9, 1, 0), module 0
result[(1, 9, 1, 0), 0] = ModuleProfileResult(compute_cost=4171.352, peak_memory=50.400 GB, invar_size=15.846 GB, outvar_size=35.911 GB, temp_buffer_size=-1.358 GB, available_memory=64.000 GB, comm_cost=2.414)
result[(1, 9, 1, 0), 1] = ModuleProfileResult(compute_cost=14773.081, peak_memory=55.065 GB, invar_size=51.664 GB, outvar_size=15.846 GB, temp_buffer_size=3.308 GB, available_memory=64.000 GB, comm_cost=0.733)
Using pre computed peak Mem for (1, 9, 1, 1), module 0
result[(1, 9, 1, 1), 0] = ModuleProfileResult(compute_cost=4171.352, peak_memory=50.400 GB, invar_size=15.846 GB, outvar_size=35.935 GB, temp_buffer_size=-1.381 GB, available_memory=64.000 GB, comm_cost=2.414)
result[(1, 9, 1, 1), 1] = ModuleProfileResult(compute_cost=14773.089, peak_memory=55.170 GB, invar_size=51.687 GB, outvar_size=15.846 GB, temp_buffer_size=3.389 GB, available_memory=64.000 GB, comm_cost=0.735)
Using pre computed peak Mem for (1, 10, 1, 0), module 0
result[(1, 10, 1, 0), 0] = ModuleProfileResult(compute_cost=4602.641, peak_memory=56.000 GB, invar_size=17.534 GB, outvar_size=39.592 GB, temp_buffer_size=-1.125 GB, available_memory=64.000 GB, comm_cost=2.658)
result[(1, 10, 1, 0), 1] = ModuleProfileResult(compute_cost=16360.445, peak_memory=62.213 GB, invar_size=57.032 GB, outvar_size=17.534 GB, temp_buffer_size=5.087 GB, available_memory=64.000 GB, comm_cost=0.808)
Using pre computed peak Mem for (1, 10, 1, 1), module 0
result[(1, 10, 1, 1), 0] = ModuleProfileResult(compute_cost=4602.641, peak_memory=56.000 GB, invar_size=17.534 GB, outvar_size=39.709 GB, temp_buffer_size=-1.243 GB, available_memory=64.000 GB, comm_cost=2.658)
result[(1, 10, 1, 1), 1] = ModuleProfileResult(compute_cost=16360.453, peak_memory=62.283 GB, invar_size=57.149 GB, outvar_size=17.534 GB, temp_buffer_size=5.040 GB, available_memory=64.000 GB, comm_cost=0.810)
Using pre computed peak Mem for (1, 11, 1, 0), module 0
result[(1, 11, 1, 0), 0] = ModuleProfileResult(compute_cost=4744.782, peak_memory=61.600 GB, invar_size=19.234 GB, outvar_size=42.370 GB, temp_buffer_size=-0.004 GB, available_memory=64.000 GB, comm_cost=2.679)
Using pre computed peak Mem for (1, 11, 1, 0), module 1
result[(1, 11, 1, 0), 1] = ModuleProfileResult(compute_cost=33448.695, peak_memory=71.500 GB, invar_size=61.510 GB, outvar_size=19.234 GB, temp_buffer_size=9.896 GB, available_memory=64.000 GB, comm_cost=1.032)
Using pre computed peak Mem for (1, 11, 1, 1), module 0
result[(1, 11, 1, 1), 0] = ModuleProfileResult(compute_cost=4744.782, peak_memory=61.600 GB, invar_size=19.234 GB, outvar_size=42.487 GB, temp_buffer_size=-0.121 GB, available_memory=64.000 GB, comm_cost=2.679)
Using pre computed peak Mem for (1, 11, 1, 1), module 1
result[(1, 11, 1, 1), 1] = ModuleProfileResult(compute_cost=33448.701, peak_memory=71.500 GB, invar_size=61.628 GB, outvar_size=19.234 GB, temp_buffer_size=9.779 GB, available_memory=64.000 GB, comm_cost=1.030)
Using pre computed peak Mem for (2, 2, 1, 0), module 0
result[(2, 2, 1, 0), 0] = ModuleProfileResult(compute_cost=720.845, peak_memory=5.600 GB, invar_size=2.344 GB, outvar_size=5.556 GB, temp_buffer_size=-2.300 GB, available_memory=64.000 GB, comm_cost=0.466)
result[(2, 2, 1, 0), 1] = ModuleProfileResult(compute_cost=2073.889, peak_memory=9.095 GB, invar_size=7.806 GB, outvar_size=2.344 GB, temp_buffer_size=1.196 GB, available_memory=64.000 GB, comm_cost=0.130)
Using pre computed peak Mem for (2, 2, 1, 1), module 0
result[(2, 2, 1, 1), 0] = ModuleProfileResult(compute_cost=720.845, peak_memory=5.600 GB, invar_size=2.344 GB, outvar_size=5.509 GB, temp_buffer_size=-2.253 GB, available_memory=64.000 GB, comm_cost=0.466)
result[(2, 2, 1, 1), 1] = ModuleProfileResult(compute_cost=2073.889, peak_memory=9.002 GB, invar_size=7.759 GB, outvar_size=2.344 GB, temp_buffer_size=1.149 GB, available_memory=64.000 GB, comm_cost=0.130)
Using pre computed peak Mem for (2, 3, 1, 0), module 0
result[(2, 3, 1, 0), 0] = ModuleProfileResult(compute_cost=1152.135, peak_memory=11.200 GB, invar_size=4.032 GB, outvar_size=9.376 GB, temp_buffer_size=-2.208 GB, available_memory=64.000 GB, comm_cost=0.710)
result[(2, 3, 1, 0), 1] = ModuleProfileResult(compute_cost=3661.253, peak_memory=14.886 GB, invar_size=13.315 GB, outvar_size=4.032 GB, temp_buffer_size=1.477 GB, available_memory=64.000 GB, comm_cost=0.205)
Using pre computed peak Mem for (2, 3, 1, 1), module 0
result[(2, 3, 1, 1), 0] = ModuleProfileResult(compute_cost=1152.135, peak_memory=11.200 GB, invar_size=4.032 GB, outvar_size=9.376 GB, temp_buffer_size=-2.208 GB, available_memory=64.000 GB, comm_cost=0.710)
result[(2, 3, 1, 1), 1] = ModuleProfileResult(compute_cost=3661.258, peak_memory=14.932 GB, invar_size=13.315 GB, outvar_size=4.032 GB, temp_buffer_size=1.524 GB, available_memory=64.000 GB, comm_cost=0.208)
Using pre computed peak Mem for (2, 4, 1, 0), module 0
result[(2, 4, 1, 0), 0] = ModuleProfileResult(compute_cost=1583.425, peak_memory=16.800 GB, invar_size=5.720 GB, outvar_size=13.104 GB, temp_buffer_size=-2.023 GB, available_memory=64.000 GB, comm_cost=0.953)
result[(2, 4, 1, 0), 1] = ModuleProfileResult(compute_cost=5248.617, peak_memory=20.676 GB, invar_size=18.729 GB, outvar_size=5.720 GB, temp_buffer_size=1.853 GB, available_memory=64.000 GB, comm_cost=0.281)
Using pre computed peak Mem for (2, 4, 1, 1), module 0
result[(2, 4, 1, 1), 0] = ModuleProfileResult(compute_cost=1583.425, peak_memory=16.800 GB, invar_size=5.720 GB, outvar_size=13.174 GB, temp_buffer_size=-2.094 GB, available_memory=64.000 GB, comm_cost=0.953)
result[(2, 4, 1, 1), 1] = ModuleProfileResult(compute_cost=5248.620, peak_memory=21.027 GB, invar_size=18.800 GB, outvar_size=5.720 GB, temp_buffer_size=2.133 GB, available_memory=64.000 GB, comm_cost=0.280)
Using pre computed peak Mem for (2, 5, 1, 0), module 0
result[(2, 5, 1, 0), 0] = ModuleProfileResult(compute_cost=2014.715, peak_memory=22.400 GB, invar_size=7.407 GB, outvar_size=16.901 GB, temp_buffer_size=-1.908 GB, available_memory=64.000 GB, comm_cost=1.197)
result[(2, 5, 1, 0), 1] = ModuleProfileResult(compute_cost=6835.981, peak_memory=26.700 GB, invar_size=24.215 GB, outvar_size=7.407 GB, temp_buffer_size=2.392 GB, available_memory=64.000 GB, comm_cost=0.356)
Using pre computed peak Mem for (2, 5, 1, 1), module 0
result[(2, 5, 1, 1), 0] = ModuleProfileResult(compute_cost=2014.715, peak_memory=22.400 GB, invar_size=7.407 GB, outvar_size=17.018 GB, temp_buffer_size=-2.026 GB, available_memory=64.000 GB, comm_cost=1.197)
result[(2, 5, 1, 1), 1] = ModuleProfileResult(compute_cost=6835.986, peak_memory=27.169 GB, invar_size=24.332 GB, outvar_size=7.407 GB, temp_buffer_size=2.743 GB, available_memory=64.000 GB, comm_cost=0.354)
Using pre computed peak Mem for (2, 6, 1, 0), module 0
result[(2, 6, 1, 0), 0] = ModuleProfileResult(compute_cost=2446.005, peak_memory=28.000 GB, invar_size=9.095 GB, outvar_size=20.722 GB, temp_buffer_size=-1.817 GB, available_memory=64.000 GB, comm_cost=1.440)
result[(2, 6, 1, 0), 1] = ModuleProfileResult(compute_cost=8423.345, peak_memory=32.513 GB, invar_size=29.723 GB, outvar_size=9.095 GB, temp_buffer_size=2.696 GB, available_memory=64.000 GB, comm_cost=0.432)
Using pre computed peak Mem for (2, 6, 1, 1), module 0
result[(2, 6, 1, 1), 0] = ModuleProfileResult(compute_cost=2446.005, peak_memory=28.000 GB, invar_size=9.095 GB, outvar_size=20.769 GB, temp_buffer_size=-1.864 GB, available_memory=64.000 GB, comm_cost=1.440)
result[(2, 6, 1, 1), 1] = ModuleProfileResult(compute_cost=8423.351, peak_memory=32.700 GB, invar_size=29.770 GB, outvar_size=9.095 GB, temp_buffer_size=2.836 GB, available_memory=64.000 GB, comm_cost=0.431)
Using pre computed peak Mem for (2, 7, 1, 0), module 0
result[(2, 7, 1, 0), 0] = ModuleProfileResult(compute_cost=2877.294, peak_memory=33.600 GB, invar_size=10.783 GB, outvar_size=24.496 GB, temp_buffer_size=-1.679 GB, available_memory=64.000 GB, comm_cost=1.684)
result[(2, 7, 1, 0), 1] = ModuleProfileResult(compute_cost=10010.708, peak_memory=38.561 GB, invar_size=35.185 GB, outvar_size=10.783 GB, temp_buffer_size=3.282 GB, available_memory=64.000 GB, comm_cost=0.507)
Using pre computed peak Mem for (2, 7, 1, 1), module 0
result[(2, 7, 1, 1), 0] = ModuleProfileResult(compute_cost=2877.294, peak_memory=33.600 GB, invar_size=10.783 GB, outvar_size=24.613 GB, temp_buffer_size=-1.796 GB, available_memory=64.000 GB, comm_cost=1.684)
result[(2, 7, 1, 1), 1] = ModuleProfileResult(compute_cost=10010.713, peak_memory=38.677 GB, invar_size=35.302 GB, outvar_size=10.783 GB, temp_buffer_size=3.282 GB, available_memory=64.000 GB, comm_cost=0.503)
Using pre computed peak Mem for (2, 8, 1, 0), module 0
result[(2, 8, 1, 0), 0] = ModuleProfileResult(compute_cost=3308.584, peak_memory=39.200 GB, invar_size=12.471 GB, outvar_size=28.246 GB, temp_buffer_size=-1.517 GB, available_memory=64.000 GB, comm_cost=1.927)
result[(2, 8, 1, 0), 1] = ModuleProfileResult(compute_cost=11598.072, peak_memory=43.988 GB, invar_size=40.623 GB, outvar_size=12.471 GB, temp_buffer_size=3.271 GB, available_memory=64.000 GB, comm_cost=0.582)
Using pre computed peak Mem for (2, 8, 1, 1), module 0
result[(2, 8, 1, 1), 0] = ModuleProfileResult(compute_cost=3308.584, peak_memory=39.200 GB, invar_size=12.471 GB, outvar_size=28.410 GB, temp_buffer_size=-1.681 GB, available_memory=64.000 GB, comm_cost=1.927)
result[(2, 8, 1, 1), 1] = ModuleProfileResult(compute_cost=11598.078, peak_memory=44.421 GB, invar_size=40.787 GB, outvar_size=12.471 GB, temp_buffer_size=3.540 GB, available_memory=64.000 GB, comm_cost=0.578)
Using pre computed peak Mem for (2, 9, 1, 0), module 0
result[(2, 9, 1, 0), 0] = ModuleProfileResult(compute_cost=3739.874, peak_memory=44.800 GB, invar_size=14.158 GB, outvar_size=32.044 GB, temp_buffer_size=-1.402 GB, available_memory=64.000 GB, comm_cost=2.171)
result[(2, 9, 1, 0), 1] = ModuleProfileResult(compute_cost=13185.436, peak_memory=49.648 GB, invar_size=46.108 GB, outvar_size=14.158 GB, temp_buffer_size=3.446 GB, available_memory=64.000 GB, comm_cost=0.658)
Using pre computed peak Mem for (2, 9, 1, 1), module 0
result[(2, 9, 1, 1), 0] = ModuleProfileResult(compute_cost=3739.874, peak_memory=44.800 GB, invar_size=14.158 GB, outvar_size=32.067 GB, temp_buffer_size=-1.426 GB, available_memory=64.000 GB, comm_cost=2.171)
result[(2, 9, 1, 1), 1] = ModuleProfileResult(compute_cost=13185.440, peak_memory=49.812 GB, invar_size=46.132 GB, outvar_size=14.158 GB, temp_buffer_size=3.586 GB, available_memory=64.000 GB, comm_cost=0.653)
Using pre computed peak Mem for (2, 10, 1, 0), module 0
result[(2, 10, 1, 0), 0] = ModuleProfileResult(compute_cost=4151.218, peak_memory=50.400 GB, invar_size=15.846 GB, outvar_size=35.700 GB, temp_buffer_size=-1.147 GB, available_memory=64.000 GB, comm_cost=2.596)
result[(2, 10, 1, 0), 1] = ModuleProfileResult(compute_cost=14732.357, peak_memory=55.064 GB, invar_size=51.500 GB, outvar_size=15.846 GB, temp_buffer_size=3.471 GB, available_memory=64.000 GB, comm_cost=0.736)
Using pre computed peak Mem for (2, 10, 1, 1), module 0
result[(2, 10, 1, 1), 0] = ModuleProfileResult(compute_cost=4171.164, peak_memory=50.400 GB, invar_size=15.846 GB, outvar_size=36.052 GB, temp_buffer_size=-1.498 GB, available_memory=64.000 GB, comm_cost=2.414)
result[(2, 10, 1, 1), 1] = ModuleProfileResult(compute_cost=14772.807, peak_memory=55.392 GB, invar_size=51.804 GB, outvar_size=15.846 GB, temp_buffer_size=3.494 GB, available_memory=64.000 GB, comm_cost=0.728)
Using pre computed peak Mem for (2, 11, 1, 0), module 0
result[(2, 11, 1, 0), 0] = ModuleProfileResult(compute_cost=4313.305, peak_memory=56.000 GB, invar_size=17.546 GB, outvar_size=38.596 GB, temp_buffer_size=-0.143 GB, available_memory=64.000 GB, comm_cost=2.435)
Using pre computed peak Mem for (2, 11, 1, 0), module 1
result[(2, 11, 1, 0), 1] = ModuleProfileResult(compute_cost=31861.051, peak_memory=65.000 GB, invar_size=56.049 GB, outvar_size=17.546 GB, temp_buffer_size=8.858 GB, available_memory=64.000 GB, comm_cost=0.957)
Using pre computed peak Mem for (2, 11, 1, 1), module 0
result[(2, 11, 1, 1), 0] = ModuleProfileResult(compute_cost=4313.305, peak_memory=56.000 GB, invar_size=17.546 GB, outvar_size=38.596 GB, temp_buffer_size=-0.143 GB, available_memory=64.000 GB, comm_cost=2.435)
Using pre computed peak Mem for (2, 11, 1, 1), module 1
result[(2, 11, 1, 1), 1] = ModuleProfileResult(compute_cost=31861.062, peak_memory=65.000 GB, invar_size=56.049 GB, outvar_size=17.546 GB, temp_buffer_size=8.858 GB, available_memory=64.000 GB, comm_cost=0.959)
Using pre computed peak Mem for (3, 3, 1, 0), module 0
result[(3, 3, 1, 0), 0] = ModuleProfileResult(compute_cost=431.321, peak_memory=5.600 GB, invar_size=1.782 GB, outvar_size=3.891 GB, temp_buffer_size=-0.073 GB, available_memory=64.000 GB, comm_cost=0.244)
result[(3, 3, 1, 0), 1] = ModuleProfileResult(compute_cost=1587.364, peak_memory=6.493 GB, invar_size=5.579 GB, outvar_size=1.782 GB, temp_buffer_size=0.820 GB, available_memory=64.000 GB, comm_cost=0.075)
Using pre computed peak Mem for (3, 3, 1, 1), module 0
result[(3, 3, 1, 1), 0] = ModuleProfileResult(compute_cost=431.321, peak_memory=5.600 GB, invar_size=1.782 GB, outvar_size=3.915 GB, temp_buffer_size=-0.096 GB, available_memory=64.000 GB, comm_cost=0.244)
result[(3, 3, 1, 1), 1] = ModuleProfileResult(compute_cost=1587.365, peak_memory=6.845 GB, invar_size=5.602 GB, outvar_size=1.782 GB, temp_buffer_size=1.148 GB, available_memory=64.000 GB, comm_cost=0.075)
Using pre computed peak Mem for (3, 4, 1, 0), module 0
result[(3, 4, 1, 0), 0] = ModuleProfileResult(compute_cost=862.611, peak_memory=11.200 GB, invar_size=3.469 GB, outvar_size=7.642 GB, temp_buffer_size=0.089 GB, available_memory=64.000 GB, comm_cost=0.487)
result[(3, 4, 1, 0), 1] = ModuleProfileResult(compute_cost=3174.728, peak_memory=12.401 GB, invar_size=11.017 GB, outvar_size=3.469 GB, temp_buffer_size=1.290 GB, available_memory=64.000 GB, comm_cost=0.151)
Using pre computed peak Mem for (3, 4, 1, 1), module 0
result[(3, 4, 1, 1), 0] = ModuleProfileResult(compute_cost=862.611, peak_memory=11.200 GB, invar_size=3.469 GB, outvar_size=7.689 GB, temp_buffer_size=0.042 GB, available_memory=64.000 GB, comm_cost=0.487)
result[(3, 4, 1, 1), 1] = ModuleProfileResult(compute_cost=3174.730, peak_memory=12.517 GB, invar_size=11.064 GB, outvar_size=3.469 GB, temp_buffer_size=1.360 GB, available_memory=64.000 GB, comm_cost=0.151)
Using pre computed peak Mem for (3, 5, 1, 0), module 0
result[(3, 5, 1, 0), 0] = ModuleProfileResult(compute_cost=1293.901, peak_memory=16.800 GB, invar_size=5.157 GB, outvar_size=11.439 GB, temp_buffer_size=0.204 GB, available_memory=64.000 GB, comm_cost=0.731)
result[(3, 5, 1, 0), 1] = ModuleProfileResult(compute_cost=4762.092, peak_memory=18.448 GB, invar_size=16.502 GB, outvar_size=5.157 GB, temp_buffer_size=1.852 GB, available_memory=64.000 GB, comm_cost=0.226)
Using pre computed peak Mem for (3, 5, 1, 1), module 0
result[(3, 5, 1, 1), 0] = ModuleProfileResult(compute_cost=1293.905, peak_memory=16.800 GB, invar_size=5.157 GB, outvar_size=11.486 GB, temp_buffer_size=0.157 GB, available_memory=64.000 GB, comm_cost=0.734)
result[(3, 5, 1, 1), 1] = ModuleProfileResult(compute_cost=4762.097, peak_memory=18.589 GB, invar_size=16.549 GB, outvar_size=5.157 GB, temp_buffer_size=1.946 GB, available_memory=64.000 GB, comm_cost=0.227)
Using pre computed peak Mem for (3, 6, 1, 0), module 0
result[(3, 6, 1, 0), 0] = ModuleProfileResult(compute_cost=1725.191, peak_memory=22.400 GB, invar_size=6.845 GB, outvar_size=15.260 GB, temp_buffer_size=0.295 GB, available_memory=64.000 GB, comm_cost=0.974)
result[(3, 6, 1, 0), 1] = ModuleProfileResult(compute_cost=6349.455, peak_memory=24.449 GB, invar_size=22.011 GB, outvar_size=6.845 GB, temp_buffer_size=2.344 GB, available_memory=64.000 GB, comm_cost=0.301)
Using pre computed peak Mem for (3, 6, 1, 1), module 0
result[(3, 6, 1, 1), 0] = ModuleProfileResult(compute_cost=1725.191, peak_memory=22.400 GB, invar_size=6.845 GB, outvar_size=15.236 GB, temp_buffer_size=0.319 GB, available_memory=64.000 GB, comm_cost=0.974)
result[(3, 6, 1, 1), 1] = ModuleProfileResult(compute_cost=6349.458, peak_memory=24.426 GB, invar_size=21.987 GB, outvar_size=6.845 GB, temp_buffer_size=2.344 GB, available_memory=64.000 GB, comm_cost=0.302)
Using pre computed peak Mem for (3, 7, 1, 0), module 0
result[(3, 7, 1, 0), 0] = ModuleProfileResult(compute_cost=2156.481, peak_memory=28.000 GB, invar_size=8.533 GB, outvar_size=18.940 GB, temp_buffer_size=0.527 GB, available_memory=64.000 GB, comm_cost=1.218)
result[(3, 7, 1, 0), 1] = ModuleProfileResult(compute_cost=7936.819, peak_memory=30.309 GB, invar_size=27.379 GB, outvar_size=8.533 GB, temp_buffer_size=2.837 GB, available_memory=64.000 GB, comm_cost=0.377)
Using pre computed peak Mem for (3, 7, 1, 1), module 0
result[(3, 7, 1, 1), 0] = ModuleProfileResult(compute_cost=2156.481, peak_memory=28.000 GB, invar_size=8.533 GB, outvar_size=19.104 GB, temp_buffer_size=0.363 GB, available_memory=64.000 GB, comm_cost=1.218)
result[(3, 7, 1, 1), 1] = ModuleProfileResult(compute_cost=7936.823, peak_memory=30.848 GB, invar_size=27.543 GB, outvar_size=8.533 GB, temp_buffer_size=3.211 GB, available_memory=64.000 GB, comm_cost=0.374)
Using pre computed peak Mem for (3, 8, 1, 0), module 0
result[(3, 8, 1, 0), 0] = ModuleProfileResult(compute_cost=2587.771, peak_memory=33.600 GB, invar_size=10.220 GB, outvar_size=22.714 GB, temp_buffer_size=0.666 GB, available_memory=64.000 GB, comm_cost=1.461)
result[(3, 8, 1, 0), 1] = ModuleProfileResult(compute_cost=9524.183, peak_memory=35.829 GB, invar_size=32.841 GB, outvar_size=10.220 GB, temp_buffer_size=2.895 GB, available_memory=64.000 GB, comm_cost=0.452)
Using pre computed peak Mem for (3, 8, 1, 1), module 0
result[(3, 8, 1, 1), 0] = ModuleProfileResult(compute_cost=2587.771, peak_memory=33.600 GB, invar_size=10.220 GB, outvar_size=22.972 GB, temp_buffer_size=0.408 GB, available_memory=64.000 GB, comm_cost=1.461)
result[(3, 8, 1, 1), 1] = ModuleProfileResult(compute_cost=9524.186, peak_memory=36.474 GB, invar_size=33.098 GB, outvar_size=10.220 GB, temp_buffer_size=3.282 GB, available_memory=64.000 GB, comm_cost=0.450)
Using pre computed peak Mem for (3, 9, 1, 0), module 0
result[(3, 9, 1, 0), 0] = ModuleProfileResult(compute_cost=3019.061, peak_memory=39.200 GB, invar_size=11.908 GB, outvar_size=26.511 GB, temp_buffer_size=0.781 GB, available_memory=64.000 GB, comm_cost=1.705)
result[(3, 9, 1, 0), 1] = ModuleProfileResult(compute_cost=11111.547, peak_memory=41.514 GB, invar_size=38.326 GB, outvar_size=11.908 GB, temp_buffer_size=3.095 GB, available_memory=64.000 GB, comm_cost=0.528)
Using pre computed peak Mem for (3, 9, 1, 1), module 0
result[(3, 9, 1, 1), 0] = ModuleProfileResult(compute_cost=3019.061, peak_memory=39.200 GB, invar_size=11.908 GB, outvar_size=26.629 GB, temp_buffer_size=0.663 GB, available_memory=64.000 GB, comm_cost=1.705)
result[(3, 9, 1, 1), 1] = ModuleProfileResult(compute_cost=11111.553, peak_memory=42.064 GB, invar_size=38.443 GB, outvar_size=11.908 GB, temp_buffer_size=3.528 GB, available_memory=64.000 GB, comm_cost=0.527)
Using pre computed peak Mem for (3, 10, 1, 0), module 0
result[(3, 10, 1, 0), 0] = ModuleProfileResult(compute_cost=3450.350, peak_memory=44.800 GB, invar_size=13.596 GB, outvar_size=30.332 GB, temp_buffer_size=0.872 GB, available_memory=64.000 GB, comm_cost=1.948)
result[(3, 10, 1, 0), 1] = ModuleProfileResult(compute_cost=12698.911, peak_memory=47.023 GB, invar_size=43.834 GB, outvar_size=13.596 GB, temp_buffer_size=3.095 GB, available_memory=64.000 GB, comm_cost=0.603)
Using pre computed peak Mem for (3, 10, 1, 1), module 0
result[(3, 10, 1, 1), 0] = ModuleProfileResult(compute_cost=3450.350, peak_memory=44.800 GB, invar_size=13.596 GB, outvar_size=30.426 GB, temp_buffer_size=0.778 GB, available_memory=64.000 GB, comm_cost=1.948)
result[(3, 10, 1, 1), 1] = ModuleProfileResult(compute_cost=12698.916, peak_memory=47.655 GB, invar_size=43.928 GB, outvar_size=13.596 GB, temp_buffer_size=3.634 GB, available_memory=64.000 GB, comm_cost=0.601)
Using pre computed peak Mem for (3, 11, 1, 0), module 0
result[(3, 11, 1, 0), 0] = ModuleProfileResult(compute_cost=3592.491, peak_memory=50.400 GB, invar_size=15.296 GB, outvar_size=33.181 GB, temp_buffer_size=1.923 GB, available_memory=64.000 GB, comm_cost=1.969)
Using pre computed peak Mem for (3, 11, 1, 0), module 1
result[(3, 11, 1, 0), 1] = ModuleProfileResult(compute_cost=29787.161, peak_memory=58.500 GB, invar_size=48.383 GB, outvar_size=15.296 GB, temp_buffer_size=10.023 GB, available_memory=64.000 GB, comm_cost=0.827)
Using pre computed peak Mem for (3, 11, 1, 1), module 0
result[(3, 11, 1, 1), 0] = ModuleProfileResult(compute_cost=3592.491, peak_memory=50.400 GB, invar_size=15.296 GB, outvar_size=33.228 GB, temp_buffer_size=1.876 GB, available_memory=64.000 GB, comm_cost=1.969)
Using pre computed peak Mem for (3, 11, 1, 1), module 1
result[(3, 11, 1, 1), 1] = ModuleProfileResult(compute_cost=29787.172, peak_memory=58.500 GB, invar_size=48.430 GB, outvar_size=15.296 GB, temp_buffer_size=9.976 GB, available_memory=64.000 GB, comm_cost=0.831)
Using pre computed peak Mem for (4, 4, 1, 0), module 0
result[(4, 4, 1, 0), 0] = ModuleProfileResult(compute_cost=431.321, peak_memory=5.600 GB, invar_size=1.782 GB, outvar_size=3.891 GB, temp_buffer_size=-0.073 GB, available_memory=64.000 GB, comm_cost=0.244)
result[(4, 4, 1, 0), 1] = ModuleProfileResult(compute_cost=1587.364, peak_memory=6.493 GB, invar_size=5.579 GB, outvar_size=1.782 GB, temp_buffer_size=0.820 GB, available_memory=64.000 GB, comm_cost=0.075)
Using pre computed peak Mem for (4, 4, 1, 1), module 0
result[(4, 4, 1, 1), 0] = ModuleProfileResult(compute_cost=431.321, peak_memory=5.600 GB, invar_size=1.782 GB, outvar_size=3.915 GB, temp_buffer_size=-0.096 GB, available_memory=64.000 GB, comm_cost=0.244)
result[(4, 4, 1, 1), 1] = ModuleProfileResult(compute_cost=1587.365, peak_memory=6.845 GB, invar_size=5.602 GB, outvar_size=1.782 GB, temp_buffer_size=1.148 GB, available_memory=64.000 GB, comm_cost=0.075)
Using pre computed peak Mem for (4, 5, 1, 0), module 0
result[(4, 5, 1, 0), 0] = ModuleProfileResult(compute_cost=862.611, peak_memory=11.200 GB, invar_size=3.469 GB, outvar_size=7.642 GB, temp_buffer_size=0.089 GB, available_memory=64.000 GB, comm_cost=0.487)
result[(4, 5, 1, 0), 1] = ModuleProfileResult(compute_cost=3174.728, peak_memory=12.401 GB, invar_size=11.017 GB, outvar_size=3.469 GB, temp_buffer_size=1.290 GB, available_memory=64.000 GB, comm_cost=0.151)
Using pre computed peak Mem for (4, 5, 1, 1), module 0
result[(4, 5, 1, 1), 0] = ModuleProfileResult(compute_cost=862.611, peak_memory=11.200 GB, invar_size=3.469 GB, outvar_size=7.712 GB, temp_buffer_size=0.019 GB, available_memory=64.000 GB, comm_cost=0.487)
result[(4, 5, 1, 1), 1] = ModuleProfileResult(compute_cost=3174.730, peak_memory=12.845 GB, invar_size=11.087 GB, outvar_size=3.469 GB, temp_buffer_size=1.664 GB, available_memory=64.000 GB, comm_cost=0.151)
Using pre computed peak Mem for (4, 6, 1, 0), module 0
result[(4, 6, 1, 0), 0] = ModuleProfileResult(compute_cost=1293.901, peak_memory=16.800 GB, invar_size=5.157 GB, outvar_size=11.416 GB, temp_buffer_size=0.227 GB, available_memory=64.000 GB, comm_cost=0.731)
result[(4, 6, 1, 0), 1] = ModuleProfileResult(compute_cost=4762.092, peak_memory=18.425 GB, invar_size=16.479 GB, outvar_size=5.157 GB, temp_buffer_size=1.852 GB, available_memory=64.000 GB, comm_cost=0.226)
Using pre computed peak Mem for (4, 6, 1, 1), module 0
result[(4, 6, 1, 1), 0] = ModuleProfileResult(compute_cost=1293.901, peak_memory=16.800 GB, invar_size=5.157 GB, outvar_size=11.486 GB, temp_buffer_size=0.157 GB, available_memory=64.000 GB, comm_cost=0.731)
result[(4, 6, 1, 1), 1] = ModuleProfileResult(compute_cost=4762.093, peak_memory=18.894 GB, invar_size=16.549 GB, outvar_size=5.157 GB, temp_buffer_size=2.251 GB, available_memory=64.000 GB, comm_cost=0.223)
Using pre computed peak Mem for (4, 7, 1, 0), module 0
result[(4, 7, 1, 0), 0] = ModuleProfileResult(compute_cost=1725.191, peak_memory=22.400 GB, invar_size=6.845 GB, outvar_size=15.236 GB, temp_buffer_size=0.319 GB, available_memory=64.000 GB, comm_cost=0.974)
result[(4, 7, 1, 0), 1] = ModuleProfileResult(compute_cost=6349.455, peak_memory=24.426 GB, invar_size=21.987 GB, outvar_size=6.845 GB, temp_buffer_size=2.344 GB, available_memory=64.000 GB, comm_cost=0.301)
Using pre computed peak Mem for (4, 7, 1, 1), module 0
result[(4, 7, 1, 1), 0] = ModuleProfileResult(compute_cost=1725.191, peak_memory=22.400 GB, invar_size=6.845 GB, outvar_size=15.283 GB, temp_buffer_size=0.272 GB, available_memory=64.000 GB, comm_cost=0.974)
result[(4, 7, 1, 1), 1] = ModuleProfileResult(compute_cost=6349.460, peak_memory=24.496 GB, invar_size=22.034 GB, outvar_size=6.845 GB, temp_buffer_size=2.368 GB, available_memory=64.000 GB, comm_cost=0.300)
Using pre computed peak Mem for (4, 8, 1, 0), module 0
result[(4, 8, 1, 0), 0] = ModuleProfileResult(compute_cost=2156.481, peak_memory=28.000 GB, invar_size=8.533 GB, outvar_size=19.034 GB, temp_buffer_size=0.434 GB, available_memory=64.000 GB, comm_cost=1.218)
result[(4, 8, 1, 0), 1] = ModuleProfileResult(compute_cost=7936.819, peak_memory=30.426 GB, invar_size=27.473 GB, outvar_size=8.533 GB, temp_buffer_size=2.860 GB, available_memory=64.000 GB, comm_cost=0.377)
Using pre computed peak Mem for (4, 8, 1, 1), module 0
result[(4, 8, 1, 1), 0] = ModuleProfileResult(compute_cost=2156.481, peak_memory=28.000 GB, invar_size=8.533 GB, outvar_size=19.057 GB, temp_buffer_size=0.410 GB, available_memory=64.000 GB, comm_cost=1.218)
result[(4, 8, 1, 1), 1] = ModuleProfileResult(compute_cost=7936.825, peak_memory=30.426 GB, invar_size=27.496 GB, outvar_size=8.533 GB, temp_buffer_size=2.837 GB, available_memory=64.000 GB, comm_cost=0.379)
Using pre computed peak Mem for (4, 9, 1, 0), module 0
result[(4, 9, 1, 0), 0] = ModuleProfileResult(compute_cost=2587.771, peak_memory=33.600 GB, invar_size=10.220 GB, outvar_size=22.714 GB, temp_buffer_size=0.666 GB, available_memory=64.000 GB, comm_cost=1.461)
result[(4, 9, 1, 0), 1] = ModuleProfileResult(compute_cost=9524.183, peak_memory=35.818 GB, invar_size=32.841 GB, outvar_size=10.220 GB, temp_buffer_size=2.884 GB, available_memory=64.000 GB, comm_cost=0.452)
Using pre computed peak Mem for (4, 9, 1, 1), module 0
result[(4, 9, 1, 1), 0] = ModuleProfileResult(compute_cost=2587.771, peak_memory=33.600 GB, invar_size=10.220 GB, outvar_size=22.902 GB, temp_buffer_size=0.478 GB, available_memory=64.000 GB, comm_cost=1.461)
result[(4, 9, 1, 1), 1] = ModuleProfileResult(compute_cost=9524.187, peak_memory=36.357 GB, invar_size=33.028 GB, outvar_size=10.220 GB, temp_buffer_size=3.235 GB, available_memory=64.000 GB, comm_cost=0.449)
Using pre computed peak Mem for (4, 10, 1, 0), module 0
result[(4, 10, 1, 0), 0] = ModuleProfileResult(compute_cost=3019.061, peak_memory=39.200 GB, invar_size=11.908 GB, outvar_size=26.511 GB, temp_buffer_size=0.781 GB, available_memory=64.000 GB, comm_cost=1.705)
result[(4, 10, 1, 0), 1] = ModuleProfileResult(compute_cost=11111.547, peak_memory=41.514 GB, invar_size=38.326 GB, outvar_size=11.908 GB, temp_buffer_size=3.095 GB, available_memory=64.000 GB, comm_cost=0.528)
Using pre computed peak Mem for (4, 10, 1, 1), module 0
result[(4, 10, 1, 1), 0] = ModuleProfileResult(compute_cost=3019.061, peak_memory=39.200 GB, invar_size=11.908 GB, outvar_size=26.699 GB, temp_buffer_size=0.593 GB, available_memory=64.000 GB, comm_cost=1.705)
result[(4, 10, 1, 1), 1] = ModuleProfileResult(compute_cost=11111.552, peak_memory=42.088 GB, invar_size=38.513 GB, outvar_size=11.908 GB, temp_buffer_size=3.481 GB, available_memory=64.000 GB, comm_cost=0.524)
Using pre computed peak Mem for (4, 11, 1, 0), module 0
result[(4, 11, 1, 0), 0] = ModuleProfileResult(compute_cost=3161.201, peak_memory=44.800 GB, invar_size=13.608 GB, outvar_size=29.313 GB, temp_buffer_size=1.878 GB, available_memory=64.000 GB, comm_cost=1.725)
Using pre computed peak Mem for (4, 11, 1, 0), module 1
result[(4, 11, 1, 0), 1] = ModuleProfileResult(compute_cost=28199.798, peak_memory=52.000 GB, invar_size=42.828 GB, outvar_size=13.608 GB, temp_buffer_size=9.078 GB, available_memory=64.000 GB, comm_cost=0.751)
Using pre computed peak Mem for (4, 11, 1, 1), module 0
result[(4, 11, 1, 1), 0] = ModuleProfileResult(compute_cost=3161.201, peak_memory=44.800 GB, invar_size=13.608 GB, outvar_size=29.477 GB, temp_buffer_size=1.714 GB, available_memory=64.000 GB, comm_cost=1.725)
Using pre computed peak Mem for (4, 11, 1, 1), module 1
result[(4, 11, 1, 1), 1] = ModuleProfileResult(compute_cost=28199.803, peak_memory=52.000 GB, invar_size=42.992 GB, outvar_size=13.608 GB, temp_buffer_size=8.914 GB, available_memory=64.000 GB, comm_cost=0.749)
Using pre computed peak Mem for (5, 5, 1, 0), module 0
result[(5, 5, 1, 0), 0] = ModuleProfileResult(compute_cost=431.321, peak_memory=5.600 GB, invar_size=1.782 GB, outvar_size=3.891 GB, temp_buffer_size=-0.073 GB, available_memory=64.000 GB, comm_cost=0.244)
result[(5, 5, 1, 0), 1] = ModuleProfileResult(compute_cost=1587.364, peak_memory=6.493 GB, invar_size=5.579 GB, outvar_size=1.782 GB, temp_buffer_size=0.820 GB, available_memory=64.000 GB, comm_cost=0.075)
Using pre computed peak Mem for (5, 5, 1, 1), module 0
result[(5, 5, 1, 1), 0] = ModuleProfileResult(compute_cost=431.321, peak_memory=5.600 GB, invar_size=1.782 GB, outvar_size=3.915 GB, temp_buffer_size=-0.096 GB, available_memory=64.000 GB, comm_cost=0.244)
result[(5, 5, 1, 1), 1] = ModuleProfileResult(compute_cost=1587.365, peak_memory=6.845 GB, invar_size=5.602 GB, outvar_size=1.782 GB, temp_buffer_size=1.148 GB, available_memory=64.000 GB, comm_cost=0.075)
Using pre computed peak Mem for (5, 6, 1, 0), module 0
result[(5, 6, 1, 0), 0] = ModuleProfileResult(compute_cost=862.611, peak_memory=11.200 GB, invar_size=3.469 GB, outvar_size=7.618 GB, temp_buffer_size=0.113 GB, available_memory=64.000 GB, comm_cost=0.487)
result[(5, 6, 1, 0), 1] = ModuleProfileResult(compute_cost=3174.728, peak_memory=12.354 GB, invar_size=10.994 GB, outvar_size=3.469 GB, temp_buffer_size=1.266 GB, available_memory=64.000 GB, comm_cost=0.151)
Using pre computed peak Mem for (5, 6, 1, 1), module 0
result[(5, 6, 1, 1), 0] = ModuleProfileResult(compute_cost=862.611, peak_memory=11.200 GB, invar_size=3.469 GB, outvar_size=7.712 GB, temp_buffer_size=0.019 GB, available_memory=64.000 GB, comm_cost=0.487)
result[(5, 6, 1, 1), 1] = ModuleProfileResult(compute_cost=3174.730, peak_memory=12.845 GB, invar_size=11.087 GB, outvar_size=3.469 GB, temp_buffer_size=1.664 GB, available_memory=64.000 GB, comm_cost=0.149)
Using pre computed peak Mem for (5, 7, 1, 0), module 0
result[(5, 7, 1, 0), 0] = ModuleProfileResult(compute_cost=1293.901, peak_memory=16.800 GB, invar_size=5.157 GB, outvar_size=11.439 GB, temp_buffer_size=0.204 GB, available_memory=64.000 GB, comm_cost=0.731)
result[(5, 7, 1, 0), 1] = ModuleProfileResult(compute_cost=4762.092, peak_memory=18.472 GB, invar_size=16.502 GB, outvar_size=5.157 GB, temp_buffer_size=1.876 GB, available_memory=64.000 GB, comm_cost=0.226)
Using pre computed peak Mem for (5, 7, 1, 1), module 0
result[(5, 7, 1, 1), 0] = ModuleProfileResult(compute_cost=1293.901, peak_memory=16.800 GB, invar_size=5.157 GB, outvar_size=11.416 GB, temp_buffer_size=0.227 GB, available_memory=64.000 GB, comm_cost=0.731)
result[(5, 7, 1, 1), 1] = ModuleProfileResult(compute_cost=4762.093, peak_memory=18.448 GB, invar_size=16.479 GB, outvar_size=5.157 GB, temp_buffer_size=1.876 GB, available_memory=64.000 GB, comm_cost=0.227)
Using pre computed peak Mem for (5, 8, 1, 0), module 0
result[(5, 8, 1, 0), 0] = ModuleProfileResult(compute_cost=1725.191, peak_memory=22.400 GB, invar_size=6.845 GB, outvar_size=15.213 GB, temp_buffer_size=0.342 GB, available_memory=64.000 GB, comm_cost=0.974)
result[(5, 8, 1, 0), 1] = ModuleProfileResult(compute_cost=6349.455, peak_memory=24.379 GB, invar_size=21.964 GB, outvar_size=6.845 GB, temp_buffer_size=2.321 GB, available_memory=64.000 GB, comm_cost=0.301)
Using pre computed peak Mem for (5, 8, 1, 1), module 0
result[(5, 8, 1, 1), 0] = ModuleProfileResult(compute_cost=1725.191, peak_memory=22.400 GB, invar_size=6.845 GB, outvar_size=15.283 GB, temp_buffer_size=0.272 GB, available_memory=64.000 GB, comm_cost=0.974)
result[(5, 8, 1, 1), 1] = ModuleProfileResult(compute_cost=6349.457, peak_memory=24.519 GB, invar_size=22.034 GB, outvar_size=6.845 GB, temp_buffer_size=2.391 GB, available_memory=64.000 GB, comm_cost=0.300)
Using pre computed peak Mem for (5, 9, 1, 0), module 0
result[(5, 9, 1, 0), 0] = ModuleProfileResult(compute_cost=2156.481, peak_memory=28.000 GB, invar_size=8.533 GB, outvar_size=18.964 GB, temp_buffer_size=0.504 GB, available_memory=64.000 GB, comm_cost=1.218)
result[(5, 9, 1, 0), 1] = ModuleProfileResult(compute_cost=7936.819, peak_memory=30.333 GB, invar_size=27.402 GB, outvar_size=8.533 GB, temp_buffer_size=2.837 GB, available_memory=64.000 GB, comm_cost=0.377)
Using pre computed peak Mem for (5, 9, 1, 1), module 0
result[(5, 9, 1, 1), 0] = ModuleProfileResult(compute_cost=2156.481, peak_memory=28.000 GB, invar_size=8.533 GB, outvar_size=19.128 GB, temp_buffer_size=0.340 GB, available_memory=64.000 GB, comm_cost=1.218)
result[(5, 9, 1, 1), 1] = ModuleProfileResult(compute_cost=7936.825, peak_memory=30.872 GB, invar_size=27.566 GB, outvar_size=8.533 GB, temp_buffer_size=3.212 GB, available_memory=64.000 GB, comm_cost=0.375)
Using pre computed peak Mem for (5, 10, 1, 0), module 0
result[(5, 10, 1, 0), 0] = ModuleProfileResult(compute_cost=2587.771, peak_memory=33.600 GB, invar_size=10.220 GB, outvar_size=22.691 GB, temp_buffer_size=0.689 GB, available_memory=64.000 GB, comm_cost=1.461)
result[(5, 10, 1, 0), 1] = ModuleProfileResult(compute_cost=9524.183, peak_memory=35.794 GB, invar_size=32.817 GB, outvar_size=10.220 GB, temp_buffer_size=2.884 GB, available_memory=64.000 GB, comm_cost=0.452)
Using pre computed peak Mem for (5, 10, 1, 1), module 0
result[(5, 10, 1, 1), 0] = ModuleProfileResult(compute_cost=2587.771, peak_memory=33.600 GB, invar_size=10.220 GB, outvar_size=22.855 GB, temp_buffer_size=0.525 GB, available_memory=64.000 GB, comm_cost=1.461)
result[(5, 10, 1, 1), 1] = ModuleProfileResult(compute_cost=9524.186, peak_memory=36.345 GB, invar_size=32.981 GB, outvar_size=10.220 GB, temp_buffer_size=3.270 GB, available_memory=64.000 GB, comm_cost=0.450)
Using pre computed peak Mem for (5, 11, 1, 0), module 0
result[(5, 11, 1, 0), 0] = ModuleProfileResult(compute_cost=2729.911, peak_memory=39.200 GB, invar_size=11.921 GB, outvar_size=25.657 GB, temp_buffer_size=1.623 GB, available_memory=64.000 GB, comm_cost=1.482)
Using pre computed peak Mem for (5, 11, 1, 0), module 1
result[(5, 11, 1, 0), 1] = ModuleProfileResult(compute_cost=26612.434, peak_memory=45.500 GB, invar_size=37.483 GB, outvar_size=11.921 GB, temp_buffer_size=7.923 GB, available_memory=64.000 GB, comm_cost=0.676)
Using pre computed peak Mem for (5, 11, 1, 1), module 0
result[(5, 11, 1, 1), 0] = ModuleProfileResult(compute_cost=2729.911, peak_memory=39.200 GB, invar_size=11.921 GB, outvar_size=25.680 GB, temp_buffer_size=1.599 GB, available_memory=64.000 GB, comm_cost=1.482)
Using pre computed peak Mem for (5, 11, 1, 1), module 1
result[(5, 11, 1, 1), 1] = ModuleProfileResult(compute_cost=26612.438, peak_memory=45.500 GB, invar_size=37.507 GB, outvar_size=11.921 GB, temp_buffer_size=7.899 GB, available_memory=64.000 GB, comm_cost=0.677)
Using pre computed peak Mem for (6, 6, 1, 0), module 0
result[(6, 6, 1, 0), 0] = ModuleProfileResult(compute_cost=431.321, peak_memory=5.600 GB, invar_size=1.782 GB, outvar_size=3.915 GB, temp_buffer_size=-0.096 GB, available_memory=64.000 GB, comm_cost=0.244)
result[(6, 6, 1, 0), 1] = ModuleProfileResult(compute_cost=1587.364, peak_memory=6.516 GB, invar_size=5.602 GB, outvar_size=1.782 GB, temp_buffer_size=0.820 GB, available_memory=64.000 GB, comm_cost=0.075)
Using pre computed peak Mem for (6, 6, 1, 1), module 0
result[(6, 6, 1, 1), 0] = ModuleProfileResult(compute_cost=431.321, peak_memory=5.600 GB, invar_size=1.782 GB, outvar_size=3.915 GB, temp_buffer_size=-0.096 GB, available_memory=64.000 GB, comm_cost=0.244)
result[(6, 6, 1, 1), 1] = ModuleProfileResult(compute_cost=1587.365, peak_memory=6.845 GB, invar_size=5.602 GB, outvar_size=1.782 GB, temp_buffer_size=1.148 GB, available_memory=64.000 GB, comm_cost=0.075)
Using pre computed peak Mem for (6, 7, 1, 0), module 0
result[(6, 7, 1, 0), 0] = ModuleProfileResult(compute_cost=862.611, peak_memory=11.200 GB, invar_size=3.469 GB, outvar_size=7.735 GB, temp_buffer_size=-0.005 GB, available_memory=64.000 GB, comm_cost=0.487)
result[(6, 7, 1, 0), 1] = ModuleProfileResult(compute_cost=3174.728, peak_memory=12.541 GB, invar_size=11.111 GB, outvar_size=3.469 GB, temp_buffer_size=1.336 GB, available_memory=64.000 GB, comm_cost=0.151)
Using pre computed peak Mem for (6, 7, 1, 1), module 0
result[(6, 7, 1, 1), 0] = ModuleProfileResult(compute_cost=862.611, peak_memory=11.200 GB, invar_size=3.469 GB, outvar_size=7.712 GB, temp_buffer_size=0.019 GB, available_memory=64.000 GB, comm_cost=0.487)
result[(6, 7, 1, 1), 1] = ModuleProfileResult(compute_cost=3174.728, peak_memory=12.564 GB, invar_size=11.087 GB, outvar_size=3.469 GB, temp_buffer_size=1.383 GB, available_memory=64.000 GB, comm_cost=0.149)
Using pre computed peak Mem for (6, 8, 1, 0), module 0
result[(6, 8, 1, 0), 0] = ModuleProfileResult(compute_cost=1293.901, peak_memory=16.800 GB, invar_size=5.157 GB, outvar_size=11.462 GB, temp_buffer_size=0.180 GB, available_memory=64.000 GB, comm_cost=0.731)
result[(6, 8, 1, 0), 1] = ModuleProfileResult(compute_cost=4762.092, peak_memory=18.495 GB, invar_size=16.526 GB, outvar_size=5.157 GB, temp_buffer_size=1.876 GB, available_memory=64.000 GB, comm_cost=0.226)
Using pre computed peak Mem for (6, 8, 1, 1), module 0
result[(6, 8, 1, 1), 0] = ModuleProfileResult(compute_cost=1293.901, peak_memory=16.800 GB, invar_size=5.157 GB, outvar_size=11.439 GB, temp_buffer_size=0.204 GB, available_memory=64.000 GB, comm_cost=0.731)
result[(6, 8, 1, 1), 1] = ModuleProfileResult(compute_cost=4762.094, peak_memory=18.448 GB, invar_size=16.502 GB, outvar_size=5.157 GB, temp_buffer_size=1.852 GB, available_memory=64.000 GB, comm_cost=0.226)
Using pre computed peak Mem for (6, 9, 1, 0), module 0
result[(6, 9, 1, 0), 0] = ModuleProfileResult(compute_cost=1725.191, peak_memory=22.400 GB, invar_size=6.845 GB, outvar_size=15.260 GB, temp_buffer_size=0.295 GB, available_memory=64.000 GB, comm_cost=0.974)
result[(6, 9, 1, 0), 1] = ModuleProfileResult(compute_cost=6349.455, peak_memory=24.449 GB, invar_size=22.011 GB, outvar_size=6.845 GB, temp_buffer_size=2.344 GB, available_memory=64.000 GB, comm_cost=0.301)
Using pre computed peak Mem for (6, 9, 1, 1), module 0
result[(6, 9, 1, 1), 0] = ModuleProfileResult(compute_cost=1725.191, peak_memory=22.400 GB, invar_size=6.845 GB, outvar_size=15.236 GB, temp_buffer_size=0.319 GB, available_memory=64.000 GB, comm_cost=0.974)
result[(6, 9, 1, 1), 1] = ModuleProfileResult(compute_cost=6349.459, peak_memory=24.449 GB, invar_size=21.987 GB, outvar_size=6.845 GB, temp_buffer_size=2.368 GB, available_memory=64.000 GB, comm_cost=0.301)
Using pre computed peak Mem for (6, 10, 1, 0), module 0
result[(6, 10, 1, 0), 0] = ModuleProfileResult(compute_cost=2156.481, peak_memory=28.000 GB, invar_size=8.533 GB, outvar_size=18.964 GB, temp_buffer_size=0.504 GB, available_memory=64.000 GB, comm_cost=1.218)
result[(6, 10, 1, 0), 1] = ModuleProfileResult(compute_cost=7936.819, peak_memory=30.333 GB, invar_size=27.402 GB, outvar_size=8.533 GB, temp_buffer_size=2.837 GB, available_memory=64.000 GB, comm_cost=0.377)
Using pre computed peak Mem for (6, 10, 1, 1), module 0
result[(6, 10, 1, 1), 0] = ModuleProfileResult(compute_cost=2156.481, peak_memory=28.000 GB, invar_size=8.533 GB, outvar_size=19.081 GB, temp_buffer_size=0.387 GB, available_memory=64.000 GB, comm_cost=1.218)
result[(6, 10, 1, 1), 1] = ModuleProfileResult(compute_cost=7936.822, peak_memory=30.590 GB, invar_size=27.519 GB, outvar_size=8.533 GB, temp_buffer_size=2.977 GB, available_memory=64.000 GB, comm_cost=0.375)
Using pre computed peak Mem for (6, 11, 1, 0), module 0
result[(6, 11, 1, 0), 0] = ModuleProfileResult(compute_cost=2298.622, peak_memory=33.600 GB, invar_size=10.233 GB, outvar_size=21.812 GB, temp_buffer_size=1.555 GB, available_memory=64.000 GB, comm_cost=1.238)
Using pre computed peak Mem for (6, 11, 1, 0), module 1
result[(6, 11, 1, 0), 1] = ModuleProfileResult(compute_cost=25025.070, peak_memory=39.000 GB, invar_size=31.951 GB, outvar_size=10.233 GB, temp_buffer_size=6.955 GB, available_memory=64.000 GB, comm_cost=0.600)
Using pre computed peak Mem for (6, 11, 1, 1), module 0
result[(6, 11, 1, 1), 0] = ModuleProfileResult(compute_cost=2298.622, peak_memory=33.600 GB, invar_size=10.233 GB, outvar_size=21.953 GB, temp_buffer_size=1.414 GB, available_memory=64.000 GB, comm_cost=1.238)
Using pre computed peak Mem for (6, 11, 1, 1), module 1
result[(6, 11, 1, 1), 1] = ModuleProfileResult(compute_cost=25025.074, peak_memory=39.000 GB, invar_size=32.092 GB, outvar_size=10.233 GB, temp_buffer_size=6.814 GB, available_memory=64.000 GB, comm_cost=0.599)
Using pre computed peak Mem for (7, 7, 1, 0), module 0
result[(7, 7, 1, 0), 0] = ModuleProfileResult(compute_cost=431.321, peak_memory=5.600 GB, invar_size=1.782 GB, outvar_size=3.915 GB, temp_buffer_size=-0.096 GB, available_memory=64.000 GB, comm_cost=0.244)
result[(7, 7, 1, 0), 1] = ModuleProfileResult(compute_cost=1587.364, peak_memory=6.516 GB, invar_size=5.602 GB, outvar_size=1.782 GB, temp_buffer_size=0.820 GB, available_memory=64.000 GB, comm_cost=0.075)
Using pre computed peak Mem for (7, 7, 1, 1), module 0
result[(7, 7, 1, 1), 0] = ModuleProfileResult(compute_cost=431.321, peak_memory=5.600 GB, invar_size=1.782 GB, outvar_size=3.915 GB, temp_buffer_size=-0.096 GB, available_memory=64.000 GB, comm_cost=0.244)
result[(7, 7, 1, 1), 1] = ModuleProfileResult(compute_cost=1587.365, peak_memory=6.845 GB, invar_size=5.602 GB, outvar_size=1.782 GB, temp_buffer_size=1.148 GB, available_memory=64.000 GB, comm_cost=0.075)
Using pre computed peak Mem for (7, 8, 1, 0), module 0
result[(7, 8, 1, 0), 0] = ModuleProfileResult(compute_cost=862.611, peak_memory=11.200 GB, invar_size=3.469 GB, outvar_size=7.618 GB, temp_buffer_size=0.113 GB, available_memory=64.000 GB, comm_cost=0.487)
result[(7, 8, 1, 0), 1] = ModuleProfileResult(compute_cost=3174.728, peak_memory=12.354 GB, invar_size=10.994 GB, outvar_size=3.469 GB, temp_buffer_size=1.266 GB, available_memory=64.000 GB, comm_cost=0.151)
Using pre computed peak Mem for (7, 8, 1, 1), module 0
result[(7, 8, 1, 1), 0] = ModuleProfileResult(compute_cost=862.611, peak_memory=11.200 GB, invar_size=3.469 GB, outvar_size=7.735 GB, temp_buffer_size=-0.005 GB, available_memory=64.000 GB, comm_cost=0.487)
result[(7, 8, 1, 1), 1] = ModuleProfileResult(compute_cost=3174.730, peak_memory=12.869 GB, invar_size=11.111 GB, outvar_size=3.469 GB, temp_buffer_size=1.664 GB, available_memory=64.000 GB, comm_cost=0.149)
Using pre computed peak Mem for (7, 9, 1, 0), module 0
result[(7, 9, 1, 0), 0] = ModuleProfileResult(compute_cost=1293.901, peak_memory=16.800 GB, invar_size=5.157 GB, outvar_size=11.462 GB, temp_buffer_size=0.180 GB, available_memory=64.000 GB, comm_cost=0.731)
result[(7, 9, 1, 0), 1] = ModuleProfileResult(compute_cost=4762.092, peak_memory=18.495 GB, invar_size=16.526 GB, outvar_size=5.157 GB, temp_buffer_size=1.876 GB, available_memory=64.000 GB, comm_cost=0.226)
Using pre computed peak Mem for (7, 9, 1, 1), module 0
result[(7, 9, 1, 1), 0] = ModuleProfileResult(compute_cost=1293.901, peak_memory=16.800 GB, invar_size=5.157 GB, outvar_size=11.509 GB, temp_buffer_size=0.134 GB, available_memory=64.000 GB, comm_cost=0.731)
result[(7, 9, 1, 1), 1] = ModuleProfileResult(compute_cost=4762.096, peak_memory=18.612 GB, invar_size=16.573 GB, outvar_size=5.157 GB, temp_buffer_size=1.946 GB, available_memory=64.000 GB, comm_cost=0.227)
Using pre computed peak Mem for (7, 10, 1, 0), module 0
result[(7, 10, 1, 0), 0] = ModuleProfileResult(compute_cost=1725.191, peak_memory=22.400 GB, invar_size=6.845 GB, outvar_size=15.213 GB, temp_buffer_size=0.342 GB, available_memory=64.000 GB, comm_cost=0.974)
result[(7, 10, 1, 0), 1] = ModuleProfileResult(compute_cost=6349.455, peak_memory=24.379 GB, invar_size=21.964 GB, outvar_size=6.845 GB, temp_buffer_size=2.321 GB, available_memory=64.000 GB, comm_cost=0.301)
Using pre computed peak Mem for (7, 10, 1, 1), module 0
result[(7, 10, 1, 1), 0] = ModuleProfileResult(compute_cost=1725.191, peak_memory=22.400 GB, invar_size=6.845 GB, outvar_size=15.283 GB, temp_buffer_size=0.272 GB, available_memory=64.000 GB, comm_cost=0.974)
result[(7, 10, 1, 1), 1] = ModuleProfileResult(compute_cost=6349.459, peak_memory=24.824 GB, invar_size=22.034 GB, outvar_size=6.845 GB, temp_buffer_size=2.696 GB, available_memory=64.000 GB, comm_cost=0.301)
Using pre computed peak Mem for (7, 11, 1, 0), module 0
result[(7, 11, 1, 0), 0] = ModuleProfileResult(compute_cost=1867.332, peak_memory=28.000 GB, invar_size=8.545 GB, outvar_size=18.062 GB, temp_buffer_size=1.393 GB, available_memory=64.000 GB, comm_cost=0.995)
Using pre computed peak Mem for (7, 11, 1, 0), module 1
result[(7, 11, 1, 0), 1] = ModuleProfileResult(compute_cost=23437.706, peak_memory=32.500 GB, invar_size=26.513 GB, outvar_size=8.545 GB, temp_buffer_size=5.893 GB, available_memory=64.000 GB, comm_cost=0.525)
Using pre computed peak Mem for (7, 11, 1, 1), module 0
result[(7, 11, 1, 1), 0] = ModuleProfileResult(compute_cost=1867.332, peak_memory=28.000 GB, invar_size=8.545 GB, outvar_size=18.038 GB, temp_buffer_size=1.417 GB, available_memory=64.000 GB, comm_cost=0.995)
Using pre computed peak Mem for (7, 11, 1, 1), module 1
result[(7, 11, 1, 1), 1] = ModuleProfileResult(compute_cost=23437.713, peak_memory=32.500 GB, invar_size=26.490 GB, outvar_size=8.545 GB, temp_buffer_size=5.917 GB, available_memory=64.000 GB, comm_cost=0.528)
Using pre computed peak Mem for (8, 8, 1, 0), module 0
result[(8, 8, 1, 0), 0] = ModuleProfileResult(compute_cost=431.321, peak_memory=5.600 GB, invar_size=1.782 GB, outvar_size=3.891 GB, temp_buffer_size=-0.073 GB, available_memory=64.000 GB, comm_cost=0.244)
result[(8, 8, 1, 0), 1] = ModuleProfileResult(compute_cost=1587.364, peak_memory=6.493 GB, invar_size=5.579 GB, outvar_size=1.782 GB, temp_buffer_size=0.820 GB, available_memory=64.000 GB, comm_cost=0.075)
Using pre computed peak Mem for (8, 8, 1, 1), module 0
result[(8, 8, 1, 1), 0] = ModuleProfileResult(compute_cost=431.321, peak_memory=5.600 GB, invar_size=1.782 GB, outvar_size=3.915 GB, temp_buffer_size=-0.096 GB, available_memory=64.000 GB, comm_cost=0.244)
result[(8, 8, 1, 1), 1] = ModuleProfileResult(compute_cost=1587.365, peak_memory=6.845 GB, invar_size=5.602 GB, outvar_size=1.782 GB, temp_buffer_size=1.148 GB, available_memory=64.000 GB, comm_cost=0.075)
Using pre computed peak Mem for (8, 9, 1, 0), module 0
result[(8, 9, 1, 0), 0] = ModuleProfileResult(compute_cost=862.611, peak_memory=11.200 GB, invar_size=3.469 GB, outvar_size=7.665 GB, temp_buffer_size=0.066 GB, available_memory=64.000 GB, comm_cost=0.487)
result[(8, 9, 1, 0), 1] = ModuleProfileResult(compute_cost=3174.728, peak_memory=12.424 GB, invar_size=11.041 GB, outvar_size=3.469 GB, temp_buffer_size=1.290 GB, available_memory=64.000 GB, comm_cost=0.151)
Using pre computed peak Mem for (8, 9, 1, 1), module 0
result[(8, 9, 1, 1), 0] = ModuleProfileResult(compute_cost=862.611, peak_memory=11.200 GB, invar_size=3.469 GB, outvar_size=7.665 GB, temp_buffer_size=0.066 GB, available_memory=64.000 GB, comm_cost=0.487)
result[(8, 9, 1, 1), 1] = ModuleProfileResult(compute_cost=3174.729, peak_memory=12.494 GB, invar_size=11.041 GB, outvar_size=3.469 GB, temp_buffer_size=1.360 GB, available_memory=64.000 GB, comm_cost=0.150)
Using pre computed peak Mem for (8, 10, 1, 0), module 0
result[(8, 10, 1, 0), 0] = ModuleProfileResult(compute_cost=1293.901, peak_memory=16.800 GB, invar_size=5.157 GB, outvar_size=11.509 GB, temp_buffer_size=0.134 GB, available_memory=64.000 GB, comm_cost=0.731)
result[(8, 10, 1, 0), 1] = ModuleProfileResult(compute_cost=4762.092, peak_memory=18.566 GB, invar_size=16.573 GB, outvar_size=5.157 GB, temp_buffer_size=1.899 GB, available_memory=64.000 GB, comm_cost=0.226)
Using pre computed peak Mem for (8, 10, 1, 1), module 0
result[(8, 10, 1, 1), 0] = ModuleProfileResult(compute_cost=1293.901, peak_memory=16.800 GB, invar_size=5.157 GB, outvar_size=11.439 GB, temp_buffer_size=0.204 GB, available_memory=64.000 GB, comm_cost=0.731)
result[(8, 10, 1, 1), 1] = ModuleProfileResult(compute_cost=4762.094, peak_memory=18.519 GB, invar_size=16.502 GB, outvar_size=5.157 GB, temp_buffer_size=1.922 GB, available_memory=64.000 GB, comm_cost=0.226)
Using pre computed peak Mem for (8, 11, 1, 0), module 0
result[(8, 11, 1, 0), 0] = ModuleProfileResult(compute_cost=1436.042, peak_memory=22.400 GB, invar_size=6.857 GB, outvar_size=14.288 GB, temp_buffer_size=1.255 GB, available_memory=64.000 GB, comm_cost=0.751)
Using pre computed peak Mem for (8, 11, 1, 0), module 1
result[(8, 11, 1, 0), 1] = ModuleProfileResult(compute_cost=21850.342, peak_memory=26.000 GB, invar_size=21.051 GB, outvar_size=6.857 GB, temp_buffer_size=4.855 GB, available_memory=64.000 GB, comm_cost=0.450)
Using pre computed peak Mem for (8, 11, 1, 1), module 0
result[(8, 11, 1, 1), 0] = ModuleProfileResult(compute_cost=1436.042, peak_memory=22.400 GB, invar_size=6.857 GB, outvar_size=14.241 GB, temp_buffer_size=1.302 GB, available_memory=64.000 GB, comm_cost=0.751)
Using pre computed peak Mem for (8, 11, 1, 1), module 1
result[(8, 11, 1, 1), 1] = ModuleProfileResult(compute_cost=21850.346, peak_memory=26.000 GB, invar_size=21.004 GB, outvar_size=6.857 GB, temp_buffer_size=4.902 GB, available_memory=64.000 GB, comm_cost=0.451)
Using pre computed peak Mem for (9, 9, 1, 0), module 0
result[(9, 9, 1, 0), 0] = ModuleProfileResult(compute_cost=431.321, peak_memory=5.600 GB, invar_size=1.782 GB, outvar_size=3.868 GB, temp_buffer_size=-0.049 GB, available_memory=64.000 GB, comm_cost=0.244)
result[(9, 9, 1, 0), 1] = ModuleProfileResult(compute_cost=1587.364, peak_memory=6.446 GB, invar_size=5.555 GB, outvar_size=1.782 GB, temp_buffer_size=0.797 GB, available_memory=64.000 GB, comm_cost=0.075)
Using pre computed peak Mem for (9, 9, 1, 1), module 0
result[(9, 9, 1, 1), 0] = ModuleProfileResult(compute_cost=431.321, peak_memory=5.600 GB, invar_size=1.782 GB, outvar_size=3.915 GB, temp_buffer_size=-0.096 GB, available_memory=64.000 GB, comm_cost=0.244)
result[(9, 9, 1, 1), 1] = ModuleProfileResult(compute_cost=1587.365, peak_memory=6.845 GB, invar_size=5.602 GB, outvar_size=1.782 GB, temp_buffer_size=1.148 GB, available_memory=64.000 GB, comm_cost=0.075)
Using pre computed peak Mem for (9, 10, 1, 0), module 0
result[(9, 10, 1, 0), 0] = ModuleProfileResult(compute_cost=862.611, peak_memory=11.200 GB, invar_size=3.469 GB, outvar_size=7.642 GB, temp_buffer_size=0.089 GB, available_memory=64.000 GB, comm_cost=0.487)
result[(9, 10, 1, 0), 1] = ModuleProfileResult(compute_cost=3174.728, peak_memory=12.400 GB, invar_size=11.017 GB, outvar_size=3.469 GB, temp_buffer_size=1.289 GB, available_memory=64.000 GB, comm_cost=0.151)
Using pre computed peak Mem for (9, 10, 1, 1), module 0
result[(9, 10, 1, 1), 0] = ModuleProfileResult(compute_cost=862.611, peak_memory=11.200 GB, invar_size=3.469 GB, outvar_size=7.689 GB, temp_buffer_size=0.042 GB, available_memory=64.000 GB, comm_cost=0.487)
result[(9, 10, 1, 1), 1] = ModuleProfileResult(compute_cost=3174.730, peak_memory=12.517 GB, invar_size=11.064 GB, outvar_size=3.469 GB, temp_buffer_size=1.360 GB, available_memory=64.000 GB, comm_cost=0.151)
Using pre computed peak Mem for (9, 11, 1, 0), module 0
result[(9, 11, 1, 0), 0] = ModuleProfileResult(compute_cost=1004.752, peak_memory=16.800 GB, invar_size=5.170 GB, outvar_size=10.420 GB, temp_buffer_size=1.210 GB, available_memory=64.000 GB, comm_cost=0.508)
Using pre computed peak Mem for (9, 11, 1, 0), module 1
result[(9, 11, 1, 0), 1] = ModuleProfileResult(compute_cost=20262.978, peak_memory=19.500 GB, invar_size=15.496 GB, outvar_size=5.170 GB, temp_buffer_size=3.910 GB, available_memory=64.000 GB, comm_cost=0.374)
Using pre computed peak Mem for (9, 11, 1, 1), module 0
result[(9, 11, 1, 1), 0] = ModuleProfileResult(compute_cost=1004.752, peak_memory=16.800 GB, invar_size=5.170 GB, outvar_size=10.514 GB, temp_buffer_size=1.117 GB, available_memory=64.000 GB, comm_cost=0.508)
Using pre computed peak Mem for (9, 11, 1, 1), module 1
result[(9, 11, 1, 1), 1] = ModuleProfileResult(compute_cost=20262.981, peak_memory=19.500 GB, invar_size=15.590 GB, outvar_size=5.170 GB, temp_buffer_size=3.817 GB, available_memory=64.000 GB, comm_cost=0.374)
Using pre computed peak Mem for (10, 10, 1, 0), module 0
result[(10, 10, 1, 0), 0] = ModuleProfileResult(compute_cost=431.321, peak_memory=5.600 GB, invar_size=1.782 GB, outvar_size=3.891 GB, temp_buffer_size=-0.073 GB, available_memory=64.000 GB, comm_cost=0.244)
result[(10, 10, 1, 0), 1] = ModuleProfileResult(compute_cost=1587.364, peak_memory=6.493 GB, invar_size=5.579 GB, outvar_size=1.782 GB, temp_buffer_size=0.820 GB, available_memory=64.000 GB, comm_cost=0.075)
Using pre computed peak Mem for (10, 10, 1, 1), module 0
result[(10, 10, 1, 1), 0] = ModuleProfileResult(compute_cost=431.321, peak_memory=5.600 GB, invar_size=1.782 GB, outvar_size=3.915 GB, temp_buffer_size=-0.096 GB, available_memory=64.000 GB, comm_cost=0.244)
result[(10, 10, 1, 1), 1] = ModuleProfileResult(compute_cost=1587.365, peak_memory=6.845 GB, invar_size=5.602 GB, outvar_size=1.782 GB, temp_buffer_size=1.148 GB, available_memory=64.000 GB, comm_cost=0.075)
Using pre computed peak Mem for (10, 11, 1, 0), module 0
result[(10, 11, 1, 0), 0] = ModuleProfileResult(compute_cost=573.462, peak_memory=11.200 GB, invar_size=3.482 GB, outvar_size=6.693 GB, temp_buffer_size=1.025 GB, available_memory=64.000 GB, comm_cost=0.264)
Using pre computed peak Mem for (10, 11, 1, 0), module 1
result[(10, 11, 1, 0), 1] = ModuleProfileResult(compute_cost=18675.615, peak_memory=13.000 GB, invar_size=10.081 GB, outvar_size=3.482 GB, temp_buffer_size=2.825 GB, available_memory=64.000 GB, comm_cost=0.299)
Using pre computed peak Mem for (10, 11, 1, 1), module 0
result[(10, 11, 1, 1), 0] = ModuleProfileResult(compute_cost=573.462, peak_memory=11.200 GB, invar_size=3.482 GB, outvar_size=6.716 GB, temp_buffer_size=1.002 GB, available_memory=64.000 GB, comm_cost=0.264)
Using pre computed peak Mem for (10, 11, 1, 1), module 1
result[(10, 11, 1, 1), 1] = ModuleProfileResult(compute_cost=18675.616, peak_memory=13.000 GB, invar_size=10.104 GB, outvar_size=3.482 GB, temp_buffer_size=2.802 GB, available_memory=64.000 GB, comm_cost=0.300)
result[(11, 11, 1, 0), 0] = ModuleProfileResult(compute_cost=142.141, peak_memory=4.713 GB, invar_size=1.794 GB, outvar_size=2.919 GB, temp_buffer_size=0.000 GB, available_memory=64.000 GB, comm_cost=0.021)
Using pre computed peak Mem for (11, 11, 1, 0), module 1
result[(11, 11, 1, 0), 1] = ModuleProfileResult(compute_cost=17088.251, peak_memory=6.500 GB, invar_size=4.619 GB, outvar_size=1.794 GB, temp_buffer_size=1.787 GB, available_memory=64.000 GB, comm_cost=0.224)
result[(11, 11, 1, 1), 0] = ModuleProfileResult(compute_cost=142.141, peak_memory=4.713 GB, invar_size=1.794 GB, outvar_size=2.919 GB, temp_buffer_size=0.000 GB, available_memory=64.000 GB, comm_cost=0.021)
Using pre computed peak Mem for (11, 11, 1, 1), module 1
result[(11, 11, 1, 1), 1] = ModuleProfileResult(compute_cost=17088.251, peak_memory=6.500 GB, invar_size=4.619 GB, outvar_size=1.794 GB, temp_buffer_size=1.787 GB, available_memory=64.000 GB, comm_cost=0.224)
Profiling for submesh 1 (1, 2) takes 568.76 seconds
--------------------------------------------------
- Profiling for submesh 0 (1, 1):
- Generate all stage infos (Jaxpr -> HLO)
- Compile all stages, get estimations
num of workers:12
[2m[36m(CompileWorker pid=3679883)[0m compiled for stage:3 name: stage_0_1_acc_grad_0 module id: 0
[2m[36m(CompileWorker pid=3679884)[0m compiled for stage:2 name: stage_0_1_acc_grad_0 module id: 0
[2m[36m(CompileWorker pid=3679886)[0m compiled for stage:0 name: stage_0_0_acc_grad_0 module id: 0
[2m[36m(CompileWorker pid=3679885)[0m compiled for stage:1 name: stage_0_0_acc_grad_0 module id: 0
[2m[36m(CompileWorker pid=3679882)[0m compiled for stage:4 name: stage_0_2_acc_grad_0 module id: 0
[2m[36m(CompileWorker pid=3679881)[0m compiled for stage:5 name: stage_0_2_acc_grad_0 module id: 0
[2m[36m(CompileWorker pid=3679875)[0m compiled for stage:11 name: stage_0_5_acc_grad_0 module id: 0
[2m[36m(CompileWorker pid=3679880)[0m compiled for stage:6 name: stage_0_3_acc_grad_0 module id: 0
[2m[36m(CompileWorker pid=3679879)[0m compiled for stage:7 name: stage_0_3_acc_grad_0 module id: 0
[2m[36m(CompileWorker pid=3679876)[0m compiled for stage:10 name: stage_0_5_acc_grad_0 module id: 0
[2m[36m(CompileWorker pid=3679877)[0m compiled for stage:9 name: stage_0_4_acc_grad_0 module id: 0
[2m[36m(CompileWorker pid=3679878)[0m compiled for stage:8 name: stage_0_4_acc_grad_0 module id: 0
[2m[36m(CompileWorker pid=3679875)[0m  tensor (Large latency) dimensions: (1, 1, 2048, 50257, 1, 1, 1, 1, 1, 1, 0, 0, 'CONV', 1, 1, 0, 0),  latency: 1.585174538690476
[2m[36m(CompileWorker pid=3679883)[0m  tensor (Large latency) dimensions: (1, 1, 2048, 50257, 1, 1, 1, 1, 1, 1, 0, 0, 'CONV', 1, 1, 0, 0),  latency: 1.585174538690476
[2m[36m(CompileWorker pid=3679884)[0m  tensor (Large latency) dimensions: (1, 1, 2048, 50257, 1, 1, 1, 1, 1, 1, 0, 0, 'CONV', 1, 1, 0, 0),  latency: 1.585174538690476
[2m[36m(CompileWorker pid=3679876)[0m  tensor (Large latency) dimensions: (1, 1, 2048, 50257, 1, 1, 1, 1, 1, 1, 0, 0, 'CONV', 1, 1, 0, 0),  latency: 1.585174538690476
[2m[36m(CompileWorker pid=3679877)[0m  tensor (Large latency) dimensions: (1, 1, 2048, 50257, 1, 1, 1, 1, 1, 1, 0, 0, 'CONV', 1, 1, 0, 0),  latency: 1.585174538690476
[2m[36m(CompileWorker pid=3679886)[0m  tensor (Large latency) dimensions: (1, 1, 2048, 50257, 1, 1, 1, 1, 1, 1, 0, 0, 'CONV', 1, 1, 0, 0),  latency: 1.585174538690476
[2m[36m(CompileWorker pid=3679885)[0m  tensor (Large latency) dimensions: (1, 1, 2048, 50257, 1, 1, 1, 1, 1, 1, 0, 0, 'CONV', 1, 1, 0, 0),  latency: 1.585174538690476
[2m[36m(CompileWorker pid=3679882)[0m  tensor (Large latency) dimensions: (1, 1, 2048, 50257, 1, 1, 1, 1, 1, 1, 0, 0, 'CONV', 1, 1, 0, 0),  latency: 1.585174538690476
[2m[36m(CompileWorker pid=3679881)[0m  tensor (Large latency) dimensions: (1, 1, 2048, 50257, 1, 1, 1, 1, 1, 1, 0, 0, 'CONV', 1, 1, 0, 0),  latency: 1.585174538690476
[2m[36m(CompileWorker pid=3679878)[0m  tensor (Large latency) dimensions: (1, 1, 2048, 50257, 1, 1, 1, 1, 1, 1, 0, 0, 'CONV', 1, 1, 0, 0),  latency: 1.585174538690476
[2m[36m(CompileWorker pid=3679880)[0m  tensor (Large latency) dimensions: (1, 1, 2048, 50257, 1, 1, 1, 1, 1, 1, 0, 0, 'CONV', 1, 1, 0, 0),  latency: 1.585174538690476
[2m[36m(CompileWorker pid=3679879)[0m  tensor (Large latency) dimensions: (1, 1, 2048, 50257, 1, 1, 1, 1, 1, 1, 0, 0, 'CONV', 1, 1, 0, 0),  latency: 1.585174538690476
[2m[36m(CompileWorker pid=3679886)[0m  tensor (Large latency) dimensions: (1, 1, 2048, 49152, 1, 1, 1, 1, 1, 1, 0, 0, 'CONV', 1, 1, 0, 0),  latency: 1.8724571428571428
[2m[36m(CompileWorker pid=3679886)[0m compiled for stage:0 name: stage_0_0_acc_grad_1 module id: 1
[2m[36m(CompileWorker pid=3679883)[0m  tensor (Large latency) dimensions: (1, 1, 2048, 49152, 1, 1, 1, 1, 1, 1, 0, 0, 'CONV', 1, 1, 0, 0),  latency: 1.8724571428571428
[2m[36m(CompileWorker pid=3679883)[0m compiled for stage:3 name: stage_0_1_acc_grad_1 module id: 1
[2m[36m(CompileWorker pid=3679879)[0m  tensor (Large latency) dimensions: (1, 1, 2048, 49152, 1, 1, 1, 1, 1, 1, 0, 0, 'CONV', 1, 1, 0, 0),  latency: 1.8724571428571428
[2m[36m(CompileWorker pid=3679885)[0m  tensor (Large latency) dimensions: (1, 1, 2048, 49152, 1, 1, 1, 1, 1, 1, 0, 0, 'CONV', 1, 1, 0, 0),  latency: 1.8724571428571428
[2m[36m(CompileWorker pid=3679885)[0m compiled for stage:1 name: stage_0_0_acc_grad_1 module id: 1
[2m[36m(CompileWorker pid=3679880)[0m  tensor (Large latency) dimensions: (1, 1, 2048, 49152, 1, 1, 1, 1, 1, 1, 0, 0, 'CONV', 1, 1, 0, 0),  latency: 1.8724571428571428
[2m[36m(CompileWorker pid=3679880)[0m compiled for stage:6 name: stage_0_3_acc_grad_1 module id: 1
[2m[36m(CompileWorker pid=3679879)[0m compiled for stage:7 name: stage_0_3_acc_grad_1 module id: 1
[2m[36m(CompileWorker pid=3679882)[0m  tensor (Large latency) dimensions: (1, 1, 2048, 49152, 1, 1, 1, 1, 1, 1, 0, 0, 'CONV', 1, 1, 0, 0),  latency: 1.8724571428571428
[2m[36m(CompileWorker pid=3679882)[0m compiled for stage:4 name: stage_0_2_acc_grad_1 module id: 1
[2m[36m(CompileWorker pid=3679884)[0m  tensor (Large latency) dimensions: (1, 1, 2048, 49152, 1, 1, 1, 1, 1, 1, 0, 0, 'CONV', 1, 1, 0, 0),  latency: 1.8724571428571428
[2m[36m(CompileWorker pid=3679884)[0m compiled for stage:2 name: stage_0_1_acc_grad_1 module id: 1
[2m[36m(CompileWorker pid=3679881)[0m  tensor (Large latency) dimensions: (1, 1, 2048, 49152, 1, 1, 1, 1, 1, 1, 0, 0, 'CONV', 1, 1, 0, 0),  latency: 1.8724571428571428
[2m[36m(CompileWorker pid=3679881)[0m compiled for stage:5 name: stage_0_2_acc_grad_1 module id: 1
[2m[36m(CompileWorker pid=3679878)[0m  tensor (Large latency) dimensions: (1, 1, 2048, 49152, 1, 1, 1, 1, 1, 1, 0, 0, 'CONV', 1, 1, 0, 0),  latency: 1.8724571428571428
[2m[36m(CompileWorker pid=3679878)[0m compiled for stage:8 name: stage_0_4_acc_grad_1 module id: 1
[2m[36m(CompileWorker pid=3679877)[0m  tensor (Large latency) dimensions: (1, 1, 2048, 49152, 1, 1, 1, 1, 1, 1, 0, 0, 'CONV', 1, 1, 0, 0),  latency: 1.8724571428571428
[2m[36m(CompileWorker pid=3679877)[0m compiled for stage:9 name: stage_0_4_acc_grad_1 module id: 1
[2m[36m(CompileWorker pid=3679885)[0m  tensor (Large latency) dimensions: (1, 12288, 49152, 1, 1, 1, 1, 1, 1, 1, 0, 0, 'CONV', 1, 1, 0, 0),  latency: 8.987794285714285
[2m[36m(CompileWorker pid=3679883)[0m  tensor (Large latency) dimensions: (1, 12288, 49152, 1, 1, 1, 1, 1, 1, 1, 0, 0, 'CONV', 1, 1, 0, 0),  latency: 8.987794285714285
[2m[36m(CompileWorker pid=3679876)[0m  tensor (Large latency) dimensions: (1, 1, 2048, 49152, 1, 1, 1, 1, 1, 1, 0, 0, 'CONV', 1, 1, 0, 0),  latency: 1.8724571428571428
[2m[36m(CompileWorker pid=3679875)[0m  tensor (Large latency) dimensions: (1, 1, 2048, 49152, 1, 1, 1, 1, 1, 1, 0, 0, 'CONV', 1, 1, 0, 0),  latency: 1.8724571428571428
[2m[36m(CompileWorker pid=3679875)[0m compiled for stage:11 name: stage_0_5_acc_grad_1 module id: 1
[2m[36m(CompileWorker pid=3679876)[0m compiled for stage:10 name: stage_0_5_acc_grad_1 module id: 1
[2m[36m(CompileWorker pid=3679886)[0m  tensor (Large latency) dimensions: (1, 12288, 49152, 1, 1, 1, 1, 1, 1, 1, 0, 0, 'CONV', 1, 1, 0, 0),  latency: 8.987794285714285
[2m[36m(CompileWorker pid=3679880)[0m  tensor (Large latency) dimensions: (1, 12288, 12288, 1, 1, 1, 1, 1, 1, 1, 0, 0, 'CONV', 1, 1, 0, 0),  latency: 2.2469485714285713
[2m[36m(CompileWorker pid=3679879)[0m  tensor (Large latency) dimensions: (1, 12288, 12288, 1, 1, 1, 1, 1, 1, 1, 0, 0, 'CONV', 1, 1, 0, 0),  latency: 2.2469485714285713
[2m[36m(CompileWorker pid=3679882)[0m  tensor (Large latency) dimensions: (1, 12288, 12288, 1, 1, 1, 1, 1, 1, 1, 0, 0, 'CONV', 1, 1, 0, 0),  latency: 2.2469485714285713
[2m[36m(CompileWorker pid=3679881)[0m  tensor (Large latency) dimensions: (1, 12288, 12288, 1, 1, 1, 1, 1, 1, 1, 0, 0, 'CONV', 1, 1, 0, 0),  latency: 2.2469485714285713
[2m[36m(CompileWorker pid=3679883)[0m  tensor (Large latency) dimensions: (1, 1, 2048, 49152, 1, 1, 1, 1, 1, 1, 0, 0, 'CONV', 1, 1, 0, 0),  latency: 1.8724571428571428
[2m[36m(CompileWorker pid=3679877)[0m  tensor (Large latency) dimensions: (1, 12288, 12288, 1, 1, 1, 1, 1, 1, 1, 0, 0, 'CONV', 1, 1, 0, 0),  latency: 2.2469485714285713
[2m[36m(CompileWorker pid=3679886)[0m  tensor (Large latency) dimensions: (1, 1, 2048, 49152, 1, 1, 1, 1, 1, 1, 0, 0, 'CONV', 1, 1, 0, 0),  latency: 1.8724571428571428
[2m[36m(CompileWorker pid=3679878)[0m  tensor (Large latency) dimensions: (1, 12288, 12288, 1, 1, 1, 1, 1, 1, 1, 0, 0, 'CONV', 1, 1, 0, 0),  latency: 2.2469485714285713
[2m[36m(CompileWorker pid=3679884)[0m  tensor (Large latency) dimensions: (1, 12288, 49152, 1, 1, 1, 1, 1, 1, 1, 0, 0, 'CONV', 1, 1, 0, 0),  latency: 8.987794285714285
[2m[36m(CompileWorker pid=3679885)[0m  tensor (Large latency) dimensions: (1, 1, 2048, 49152, 1, 1, 1, 1, 1, 1, 0, 0, 'CONV', 1, 1, 0, 0),  latency: 1.8724571428571428
[2m[36m(CompileWorker pid=3679875)[0m  tensor (Large latency) dimensions: (1, 12288, 12288, 1, 1, 1, 1, 1, 1, 1, 0, 0, 'CONV', 1, 1, 0, 0),  latency: 2.2469485714285713
[2m[36m(CompileWorker pid=3679876)[0m  tensor (Large latency) dimensions: (1, 12288, 12288, 1, 1, 1, 1, 1, 1, 1, 0, 0, 'CONV', 1, 1, 0, 0),  latency: 2.2469485714285713
[2m[36m(CompileWorker pid=3679883)[0m  tensor (Large latency) dimensions: (1, 49152, 12288, 1, 1, 1, 1, 1, 1, 1, 0, 0, 'CONV', 1, 1, 0, 0),  latency: 8.987794285714285
[2m[36m(CompileWorker pid=3679884)[0m  tensor (Large latency) dimensions: (1, 1, 2048, 49152, 1, 1, 1, 1, 1, 1, 0, 0, 'CONV', 1, 1, 0, 0),  latency: 1.8724571428571428
[2m[36m(CompileWorker pid=3679886)[0m  tensor (Large latency) dimensions: (1, 49152, 12288, 1, 1, 1, 1, 1, 1, 1, 0, 0, 'CONV', 1, 1, 0, 0),  latency: 8.987794285714285
[2m[36m(CompileWorker pid=3679885)[0m  tensor (Large latency) dimensions: (1, 49152, 12288, 1, 1, 1, 1, 1, 1, 1, 0, 0, 'CONV', 1, 1, 0, 0),  latency: 8.987794285714285
[2m[36m(CompileWorker pid=3679884)[0m  tensor (Large latency) dimensions: (1, 49152, 12288, 1, 1, 1, 1, 1, 1, 1, 0, 0, 'CONV', 1, 1, 0, 0),  latency: 8.987794285714285
[2m[36m(CompileWorker pid=3679883)[0m  tensor (Large latency) dimensions: (1, 12288, 12288, 1, 1, 1, 1, 1, 1, 1, 0, 0, 'CONV', 1, 1, 0, 0),  latency: 2.2469485714285713
[2m[36m(CompileWorker pid=3679886)[0m  tensor (Large latency) dimensions: (1, 12288, 12288, 1, 1, 1, 1, 1, 1, 1, 0, 0, 'CONV', 1, 1, 0, 0),  latency: 2.2469485714285713
[2m[36m(CompileWorker pid=3679885)[0m  tensor (Large latency) dimensions: (1, 12288, 12288, 1, 1, 1, 1, 1, 1, 1, 0, 0, 'CONV', 1, 1, 0, 0),  latency: 2.2469485714285713
[2m[36m(CompileWorker pid=3679884)[0m  tensor (Large latency) dimensions: (1, 12288, 12288, 1, 1, 1, 1, 1, 1, 1, 0, 0, 'CONV', 1, 1, 0, 0),  latency: 2.2469485714285713
[2m[36m(CompileWorker pid=3679882)[0m  tensor (Large latency) dimensions: (1, 36864, 12288, 1, 1, 1, 1, 1, 1, 1, 0, 0, 'CONV', 1, 1, 0, 0),  latency: 6.740845714285714
[2m[36m(CompileWorker pid=3679880)[0m  tensor (Large latency) dimensions: (1, 36864, 12288, 1, 1, 1, 1, 1, 1, 1, 0, 0, 'CONV', 1, 1, 0, 0),  latency: 6.740845714285714
[2m[36m(CompileWorker pid=3679879)[0m  tensor (Large latency) dimensions: (1, 36864, 12288, 1, 1, 1, 1, 1, 1, 1, 0, 0, 'CONV', 1, 1, 0, 0),  latency: 6.740845714285714
[2m[36m(CompileWorker pid=3679877)[0m  tensor (Large latency) dimensions: (1, 36864, 12288, 1, 1, 1, 1, 1, 1, 1, 0, 0, 'CONV', 1, 1, 0, 0),  latency: 6.740845714285714
[2m[36m(CompileWorker pid=3679881)[0m  tensor (Large latency) dimensions: (1, 36864, 12288, 1, 1, 1, 1, 1, 1, 1, 0, 0, 'CONV', 1, 1, 0, 0),  latency: 6.740845714285714
[2m[36m(CompileWorker pid=3679878)[0m  tensor (Large latency) dimensions: (1, 36864, 12288, 1, 1, 1, 1, 1, 1, 1, 0, 0, 'CONV', 1, 1, 0, 0),  latency: 6.740845714285714
[2m[36m(CompileWorker pid=3679876)[0m  tensor (Large latency) dimensions: (1, 36864, 12288, 1, 1, 1, 1, 1, 1, 1, 0, 0, 'CONV', 1, 1, 0, 0),  latency: 6.740845714285714
[2m[36m(CompileWorker pid=3679882)[0m  tensor (Large latency) dimensions: (1, 12288, 49152, 1, 1, 1, 1, 1, 1, 1, 0, 0, 'CONV', 1, 1, 0, 0),  latency: 8.987794285714285
[2m[36m(CompileWorker pid=3679875)[0m  tensor (Large latency) dimensions: (1, 36864, 12288, 1, 1, 1, 1, 1, 1, 1, 0, 0, 'CONV', 1, 1, 0, 0),  latency: 6.740845714285714
[2m[36m(CompileWorker pid=3679880)[0m  tensor (Large latency) dimensions: (1, 12288, 49152, 1, 1, 1, 1, 1, 1, 1, 0, 0, 'CONV', 1, 1, 0, 0),  latency: 8.987794285714285
[2m[36m(CompileWorker pid=3679879)[0m  tensor (Large latency) dimensions: (1, 12288, 49152, 1, 1, 1, 1, 1, 1, 1, 0, 0, 'CONV', 1, 1, 0, 0),  latency: 8.987794285714285
[2m[36m(CompileWorker pid=3679877)[0m  tensor (Large latency) dimensions: (1, 12288, 49152, 1, 1, 1, 1, 1, 1, 1, 0, 0, 'CONV', 1, 1, 0, 0),  latency: 8.987794285714285
[2m[36m(CompileWorker pid=3679881)[0m  tensor (Large latency) dimensions: (1, 12288, 49152, 1, 1, 1, 1, 1, 1, 1, 0, 0, 'CONV', 1, 1, 0, 0),  latency: 8.987794285714285
[2m[36m(CompileWorker pid=3679882)[0m  tensor (Large latency) dimensions: (1, 1, 2048, 49152, 1, 1, 1, 1, 1, 1, 0, 0, 'CONV', 1, 1, 0, 0),  latency: 1.8724571428571428
[2m[36m(CompileWorker pid=3679879)[0m  tensor (Large latency) dimensions: (1, 1, 2048, 49152, 1, 1, 1, 1, 1, 1, 0, 0, 'CONV', 1, 1, 0, 0),  latency: 1.8724571428571428
[2m[36m(CompileWorker pid=3679878)[0m  tensor (Large latency) dimensions: (1, 12288, 49152, 1, 1, 1, 1, 1, 1, 1, 0, 0, 'CONV', 1, 1, 0, 0),  latency: 8.987794285714285
[2m[36m(CompileWorker pid=3679880)[0m  tensor (Large latency) dimensions: (1, 1, 2048, 49152, 1, 1, 1, 1, 1, 1, 0, 0, 'CONV', 1, 1, 0, 0),  latency: 1.8724571428571428
[2m[36m(CompileWorker pid=3679883)[0m  tensor (Large latency) dimensions: (1, 36864, 12288, 1, 1, 1, 1, 1, 1, 1, 0, 0, 'CONV', 1, 1, 0, 0),  latency: 6.740845714285714
[2m[36m(CompileWorker pid=3679886)[0m  tensor (Large latency) dimensions: (1, 36864, 12288, 1, 1, 1, 1, 1, 1, 1, 0, 0, 'CONV', 1, 1, 0, 0),  latency: 6.740845714285714
[2m[36m(CompileWorker pid=3679877)[0m  tensor (Large latency) dimensions: (1, 1, 2048, 49152, 1, 1, 1, 1, 1, 1, 0, 0, 'CONV', 1, 1, 0, 0),  latency: 1.8724571428571428
[2m[36m(CompileWorker pid=3679885)[0m  tensor (Large latency) dimensions: (1, 36864, 12288, 1, 1, 1, 1, 1, 1, 1, 0, 0, 'CONV', 1, 1, 0, 0),  latency: 6.740845714285714
[2m[36m(CompileWorker pid=3679881)[0m  tensor (Large latency) dimensions: (1, 1, 2048, 49152, 1, 1, 1, 1, 1, 1, 0, 0, 'CONV', 1, 1, 0, 0),  latency: 1.8724571428571428
[2m[36m(CompileWorker pid=3679876)[0m  tensor (Large latency) dimensions: (1, 12288, 49152, 1, 1, 1, 1, 1, 1, 1, 0, 0, 'CONV', 1, 1, 0, 0),  latency: 8.987794285714285
[2m[36m(CompileWorker pid=3679875)[0m  tensor (Large latency) dimensions: (1, 12288, 49152, 1, 1, 1, 1, 1, 1, 1, 0, 0, 'CONV', 1, 1, 0, 0),  latency: 8.987794285714285
[2m[36m(CompileWorker pid=3679882)[0m  tensor (Large latency) dimensions: (1, 49152, 12288, 1, 1, 1, 1, 1, 1, 1, 0, 0, 'CONV', 1, 1, 0, 0),  latency: 8.987794285714285
[2m[36m(CompileWorker pid=3679878)[0m  tensor (Large latency) dimensions: (1, 1, 2048, 49152, 1, 1, 1, 1, 1, 1, 0, 0, 'CONV', 1, 1, 0, 0),  latency: 1.8724571428571428
[2m[36m(CompileWorker pid=3679879)[0m  tensor (Large latency) dimensions: (1, 49152, 12288, 1, 1, 1, 1, 1, 1, 1, 0, 0, 'CONV', 1, 1, 0, 0),  latency: 8.987794285714285
[2m[36m(CompileWorker pid=3679880)[0m  tensor (Large latency) dimensions: (1, 49152, 12288, 1, 1, 1, 1, 1, 1, 1, 0, 0, 'CONV', 1, 1, 0, 0),  latency: 8.987794285714285
[2m[36m(CompileWorker pid=3679876)[0m  tensor (Large latency) dimensions: (1, 1, 2048, 49152, 1, 1, 1, 1, 1, 1, 0, 0, 'CONV', 1, 1, 0, 0),  latency: 1.8724571428571428
[2m[36m(CompileWorker pid=3679875)[0m  tensor (Large latency) dimensions: (1, 1, 2048, 49152, 1, 1, 1, 1, 1, 1, 0, 0, 'CONV', 1, 1, 0, 0),  latency: 1.8724571428571428
[2m[36m(CompileWorker pid=3679877)[0m  tensor (Large latency) dimensions: (1, 49152, 12288, 1, 1, 1, 1, 1, 1, 1, 0, 0, 'CONV', 1, 1, 0, 0),  latency: 8.987794285714285
[2m[36m(CompileWorker pid=3679881)[0m  tensor (Large latency) dimensions: (1, 49152, 12288, 1, 1, 1, 1, 1, 1, 1, 0, 0, 'CONV', 1, 1, 0, 0),  latency: 8.987794285714285
[2m[36m(CompileWorker pid=3679884)[0m  tensor (Large latency) dimensions: (1, 36864, 12288, 1, 1, 1, 1, 1, 1, 1, 0, 0, 'CONV', 1, 1, 0, 0),  latency: 6.740845714285714
[2m[36m(CompileWorker pid=3679878)[0m  tensor (Large latency) dimensions: (1, 49152, 12288, 1, 1, 1, 1, 1, 1, 1, 0, 0, 'CONV', 1, 1, 0, 0),  latency: 8.987794285714285
[2m[36m(CompileWorker pid=3679886)[0m  tensor (Large latency) dimensions: (1, 12288, 50257, 1, 1, 1, 1, 1, 1, 1, 0, 0, 'CONV', 1, 1, 0, 0),  latency: 9.190599300595238
[2m[36m(CompileWorker pid=3679883)[0m  tensor (Large latency) dimensions: (1, 12288, 50257, 1, 1, 1, 1, 1, 1, 1, 0, 0, 'CONV', 1, 1, 0, 0),  latency: 9.190599300595238
[2m[36m(CompileWorker pid=3679875)[0m  tensor (Large latency) dimensions: (1, 49152, 12288, 1, 1, 1, 1, 1, 1, 1, 0, 0, 'CONV', 1, 1, 0, 0),  latency: 8.987794285714285
[2m[36m(CompileWorker pid=3679876)[0m  tensor (Large latency) dimensions: (1, 49152, 12288, 1, 1, 1, 1, 1, 1, 1, 0, 0, 'CONV', 1, 1, 0, 0),  latency: 8.987794285714285
[2m[36m(CompileWorker pid=3679885)[0m  tensor (Large latency) dimensions: (1, 12288, 50257, 1, 1, 1, 1, 1, 1, 1, 0, 0, 'CONV', 1, 1, 0, 0),  latency: 9.190599300595238
[2m[36m(CompileWorker pid=3679882)[0m  tensor (Large latency) dimensions: (1, 12288, 50257, 1, 1, 1, 1, 1, 1, 1, 0, 0, 'CONV', 1, 1, 0, 0),  latency: 9.190599300595238
[2m[36m(CompileWorker pid=3679879)[0m  tensor (Large latency) dimensions: (1, 12288, 50257, 1, 1, 1, 1, 1, 1, 1, 0, 0, 'CONV', 1, 1, 0, 0),  latency: 9.190599300595238
[2m[36m(CompileWorker pid=3679880)[0m  tensor (Large latency) dimensions: (1, 12288, 50257, 1, 1, 1, 1, 1, 1, 1, 0, 0, 'CONV', 1, 1, 0, 0),  latency: 9.190599300595238
[2m[36m(CompileWorker pid=3679877)[0m  tensor (Large latency) dimensions: (1, 12288, 50257, 1, 1, 1, 1, 1, 1, 1, 0, 0, 'CONV', 1, 1, 0, 0),  latency: 9.190599300595238
[2m[36m(CompileWorker pid=3679884)[0m  tensor (Large latency) dimensions: (1, 12288, 50257, 1, 1, 1, 1, 1, 1, 1, 0, 0, 'CONV', 1, 1, 0, 0),  latency: 9.190599300595238
[2m[36m(CompileWorker pid=3679878)[0m  tensor (Large latency) dimensions: (1, 12288, 50257, 1, 1, 1, 1, 1, 1, 1, 0, 0, 'CONV', 1, 1, 0, 0),  latency: 9.190599300595238
[2m[36m(CompileWorker pid=3679881)[0m  tensor (Large latency) dimensions: (1, 12288, 50257, 1, 1, 1, 1, 1, 1, 1, 0, 0, 'CONV', 1, 1, 0, 0),  latency: 9.190599300595238
[2m[36m(CompileWorker pid=3679886)[0m compiled for stage:12 name: stage_0_6_acc_grad_0 module id: 0
[2m[36m(CompileWorker pid=3679875)[0m  tensor (Large latency) dimensions: (1, 12288, 50257, 1, 1, 1, 1, 1, 1, 1, 0, 0, 'CONV', 1, 1, 0, 0),  latency: 9.190599300595238
[2m[36m(CompileWorker pid=3679876)[0m  tensor (Large latency) dimensions: (1, 12288, 50257, 1, 1, 1, 1, 1, 1, 1, 0, 0, 'CONV', 1, 1, 0, 0),  latency: 9.190599300595238
[2m[36m(CompileWorker pid=3679886)[0m compiled for stage:12 name: stage_0_6_acc_grad_1 module id: 1
[2m[36m(CompileWorker pid=3679882)[0m compiled for stage:13 name: stage_0_6_acc_grad_0 module id: 0
[2m[36m(CompileWorker pid=3679882)[0m compiled for stage:13 name: stage_0_6_acc_grad_1 module id: 1
[2m[36m(CompileWorker pid=3679878)[0m compiled for stage:14 name: stage_0_7_acc_grad_0 module id: 0
[2m[36m(CompileWorker pid=3679878)[0m compiled for stage:14 name: stage_0_7_acc_grad_1 module id: 1
[2m[36m(CompileWorker pid=3679875)[0m compiled for stage:15 name: stage_0_7_acc_grad_0 module id: 0
[2m[36m(CompileWorker pid=3679875)[0m compiled for stage:15 name: stage_0_7_acc_grad_1 module id: 1
[2m[36m(CompileWorker pid=3679882)[0m compiled for stage:16 name: stage_0_8_acc_grad_0 module id: 0
[2m[36m(CompileWorker pid=3679882)[0m compiled for stage:16 name: stage_0_8_acc_grad_1 module id: 1
[2m[36m(CompileWorker pid=3679881)[0m compiled for stage:17 name: stage_0_8_acc_grad_0 module id: 0
[2m[36m(CompileWorker pid=3679881)[0m compiled for stage:17 name: stage_0_8_acc_grad_1 module id: 1
[2m[36m(CompileWorker pid=3679878)[0m compiled for stage:18 name: stage_0_9_acc_grad_0 module id: 0
[2m[36m(CompileWorker pid=3679878)[0m compiled for stage:18 name: stage_0_9_acc_grad_1 module id: 1
[2m[36m(CompileWorker pid=3679884)[0m compiled for stage:19 name: stage_0_9_acc_grad_0 module id: 0
[2m[36m(CompileWorker pid=3679884)[0m compiled for stage:19 name: stage_0_9_acc_grad_1 module id: 1
[2m[36m(CompileWorker pid=3679876)[0m compiled for stage:20 name: stage_0_10_acc_grad_0 module id: 0
[2m[36m(CompileWorker pid=3679876)[0m compiled for stage:20 name: stage_0_10_acc_grad_1 module id: 1
[2m[36m(CompileWorker pid=3679882)[0m compiled for stage:21 name: stage_0_10_acc_grad_0 module id: 0
[2m[36m(CompileWorker pid=3679882)[0m compiled for stage:21 name: stage_0_10_acc_grad_1 module id: 1
[2m[36m(CompileWorker pid=3679884)[0m compiled for stage:24 name: stage_1_1_acc_grad_0 module id: 0
[2m[36m(CompileWorker pid=3679884)[0m compiled for stage:24 name: stage_1_1_acc_grad_1 module id: 1
[2m[36m(CompileWorker pid=3679880)[0m compiled for stage:22 name: stage_0_11_acc_grad_0 module id: 0
[2m[36m(CompileWorker pid=3679879)[0m compiled for stage:25 name: stage_1_1_acc_grad_0 module id: 0
[2m[36m(CompileWorker pid=3679879)[0m compiled for stage:25 name: stage_1_1_acc_grad_1 module id: 1
[2m[36m(CompileWorker pid=3679884)[0m compiled for stage:26 name: stage_1_2_acc_grad_0 module id: 0
[2m[36m(CompileWorker pid=3679880)[0m compiled for stage:22 name: stage_0_11_acc_grad_1 module id: 1
[2m[36m(CompileWorker pid=3679884)[0m compiled for stage:26 name: stage_1_2_acc_grad_1 module id: 1
[2m[36m(CompileWorker pid=3679877)[0m compiled for stage:23 name: stage_0_11_acc_grad_0 module id: 0
[2m[36m(CompileWorker pid=3679886)[0m compiled for stage:27 name: stage_1_2_acc_grad_0 module id: 0
[2m[36m(CompileWorker pid=3679886)[0m compiled for stage:27 name: stage_1_2_acc_grad_1 module id: 1
[2m[36m(CompileWorker pid=3679877)[0m compiled for stage:23 name: stage_0_11_acc_grad_1 module id: 1
[2m[36m(CompileWorker pid=3679881)[0m compiled for stage:28 name: stage_1_3_acc_grad_0 module id: 0
[2m[36m(CompileWorker pid=3679881)[0m compiled for stage:28 name: stage_1_3_acc_grad_1 module id: 1
[2m[36m(CompileWorker pid=3679880)[0m  tensor (Large latency) dimensions: (1, 50257, 12288, 1, 1, 1, 1, 1, 1, 1, 0, 0, 'CONV', 1, 1, 0, 0),  latency: 9.190599300595238
[2m[36m(CompileWorker pid=3679879)[0m compiled for stage:29 name: stage_1_3_acc_grad_0 module id: 0
[2m[36m(CompileWorker pid=3679879)[0m compiled for stage:29 name: stage_1_3_acc_grad_1 module id: 1
[2m[36m(CompileWorker pid=3679876)[0m compiled for stage:30 name: stage_1_4_acc_grad_0 module id: 0
[2m[36m(CompileWorker pid=3679877)[0m  tensor (Large latency) dimensions: (1, 50257, 12288, 1, 1, 1, 1, 1, 1, 1, 0, 0, 'CONV', 1, 1, 0, 0),  latency: 9.190599300595238
[2m[36m(CompileWorker pid=3679876)[0m compiled for stage:30 name: stage_1_4_acc_grad_1 module id: 1
[2m[36m(CompileWorker pid=3679884)[0m compiled for stage:31 name: stage_1_4_acc_grad_0 module id: 0
[2m[36m(CompileWorker pid=3679884)[0m compiled for stage:31 name: stage_1_4_acc_grad_1 module id: 1
[2m[36m(CompileWorker pid=3679882)[0m compiled for stage:32 name: stage_1_5_acc_grad_0 module id: 0
[2m[36m(CompileWorker pid=3679882)[0m compiled for stage:32 name: stage_1_5_acc_grad_1 module id: 1
[2m[36m(CompileWorker pid=3679881)[0m compiled for stage:33 name: stage_1_5_acc_grad_0 module id: 0
[2m[36m(CompileWorker pid=3679881)[0m compiled for stage:33 name: stage_1_5_acc_grad_1 module id: 1
[2m[36m(CompileWorker pid=3679885)[0m compiled for stage:34 name: stage_1_6_acc_grad_0 module id: 0
[2m[36m(CompileWorker pid=3679885)[0m compiled for stage:34 name: stage_1_6_acc_grad_1 module id: 1
[2m[36m(CompileWorker pid=3679877)[0m compiled for stage:35 name: stage_1_6_acc_grad_0 module id: 0
[2m[36m(CompileWorker pid=3679877)[0m compiled for stage:35 name: stage_1_6_acc_grad_1 module id: 1
[2m[36m(CompileWorker pid=3679883)[0m compiled for stage:36 name: stage_1_7_acc_grad_0 module id: 0
[2m[36m(CompileWorker pid=3679883)[0m compiled for stage:36 name: stage_1_7_acc_grad_1 module id: 1
[2m[36m(CompileWorker pid=3679875)[0m compiled for stage:37 name: stage_1_7_acc_grad_0 module id: 0
[2m[36m(CompileWorker pid=3679875)[0m compiled for stage:37 name: stage_1_7_acc_grad_1 module id: 1
[2m[36m(CompileWorker pid=3679886)[0m compiled for stage:38 name: stage_1_8_acc_grad_0 module id: 0
[2m[36m(CompileWorker pid=3679886)[0m compiled for stage:38 name: stage_1_8_acc_grad_1 module id: 1
[2m[36m(CompileWorker pid=3679880)[0m compiled for stage:39 name: stage_1_8_acc_grad_0 module id: 0
[2m[36m(CompileWorker pid=3679880)[0m compiled for stage:39 name: stage_1_8_acc_grad_1 module id: 1
[2m[36m(CompileWorker pid=3679882)[0m compiled for stage:40 name: stage_1_9_acc_grad_0 module id: 0
[2m[36m(CompileWorker pid=3679879)[0m compiled for stage:41 name: stage_1_9_acc_grad_0 module id: 0
[2m[36m(CompileWorker pid=3679882)[0m compiled for stage:40 name: stage_1_9_acc_grad_1 module id: 1
[2m[36m(CompileWorker pid=3679879)[0m compiled for stage:41 name: stage_1_9_acc_grad_1 module id: 1
[2m[36m(CompileWorker pid=3679883)[0m compiled for stage:42 name: stage_1_10_acc_grad_0 module id: 0
[2m[36m(CompileWorker pid=3679883)[0m compiled for stage:42 name: stage_1_10_acc_grad_1 module id: 1
[2m[36m(CompileWorker pid=3679878)[0m compiled for stage:43 name: stage_1_10_acc_grad_0 module id: 0
[2m[36m(CompileWorker pid=3679878)[0m compiled for stage:43 name: stage_1_10_acc_grad_1 module id: 1
[2m[36m(CompileWorker pid=3679879)[0m compiled for stage:46 name: stage_2_2_acc_grad_0 module id: 0
[2m[36m(CompileWorker pid=3679879)[0m compiled for stage:46 name: stage_2_2_acc_grad_1 module id: 1
[2m[36m(CompileWorker pid=3679886)[0m compiled for stage:44 name: stage_1_11_acc_grad_0 module id: 0
[2m[36m(CompileWorker pid=3679883)[0m compiled for stage:47 name: stage_2_2_acc_grad_0 module id: 0
[2m[36m(CompileWorker pid=3679883)[0m compiled for stage:47 name: stage_2_2_acc_grad_1 module id: 1
[2m[36m(CompileWorker pid=3679886)[0m compiled for stage:44 name: stage_1_11_acc_grad_1 module id: 1
[2m[36m(CompileWorker pid=3679880)[0m compiled for stage:45 name: stage_1_11_acc_grad_0 module id: 0
[2m[36m(CompileWorker pid=3679876)[0m compiled for stage:48 name: stage_2_3_acc_grad_0 module id: 0
[2m[36m(CompileWorker pid=3679876)[0m compiled for stage:48 name: stage_2_3_acc_grad_1 module id: 1
[2m[36m(CompileWorker pid=3679884)[0m compiled for stage:49 name: stage_2_3_acc_grad_0 module id: 0
[2m[36m(CompileWorker pid=3679884)[0m compiled for stage:49 name: stage_2_3_acc_grad_1 module id: 1
[2m[36m(CompileWorker pid=3679880)[0m compiled for stage:45 name: stage_1_11_acc_grad_1 module id: 1
[2m[36m(CompileWorker pid=3679885)[0m compiled for stage:50 name: stage_2_4_acc_grad_0 module id: 0
[2m[36m(CompileWorker pid=3679885)[0m compiled for stage:50 name: stage_2_4_acc_grad_1 module id: 1
[2m[36m(CompileWorker pid=3679886)[0m  tensor (Large latency) dimensions: (1, 50257, 12288, 1, 1, 1, 1, 1, 1, 1, 0, 0, 'CONV', 1, 1, 0, 0),  latency: 9.190599300595238
[2m[36m(CompileWorker pid=3679881)[0m compiled for stage:51 name: stage_2_4_acc_grad_0 module id: 0
[2m[36m(CompileWorker pid=3679881)[0m compiled for stage:51 name: stage_2_4_acc_grad_1 module id: 1
[2m[36m(CompileWorker pid=3679882)[0m compiled for stage:52 name: stage_2_5_acc_grad_0 module id: 0
[2m[36m(CompileWorker pid=3679882)[0m compiled for stage:52 name: stage_2_5_acc_grad_1 module id: 1
[2m[36m(CompileWorker pid=3679877)[0m compiled for stage:53 name: stage_2_5_acc_grad_0 module id: 0
[2m[36m(CompileWorker pid=3679877)[0m compiled for stage:53 name: stage_2_5_acc_grad_1 module id: 1
[2m[36m(CompileWorker pid=3679875)[0m compiled for stage:54 name: stage_2_6_acc_grad_0 module id: 0
[2m[36m(CompileWorker pid=3679875)[0m compiled for stage:54 name: stage_2_6_acc_grad_1 module id: 1
[2m[36m(CompileWorker pid=3679883)[0m compiled for stage:55 name: stage_2_6_acc_grad_0 module id: 0
[2m[36m(CompileWorker pid=3679883)[0m compiled for stage:55 name: stage_2_6_acc_grad_1 module id: 1
[2m[36m(CompileWorker pid=3679882)[0m compiled for stage:56 name: stage_2_7_acc_grad_0 module id: 0
[2m[36m(CompileWorker pid=3679882)[0m compiled for stage:56 name: stage_2_7_acc_grad_1 module id: 1
[2m[36m(CompileWorker pid=3679886)[0m compiled for stage:57 name: stage_2_7_acc_grad_0 module id: 0
[2m[36m(CompileWorker pid=3679886)[0m compiled for stage:57 name: stage_2_7_acc_grad_1 module id: 1
[2m[36m(CompileWorker pid=3679877)[0m compiled for stage:58 name: stage_2_8_acc_grad_0 module id: 0
[2m[36m(CompileWorker pid=3679877)[0m compiled for stage:58 name: stage_2_8_acc_grad_1 module id: 1
[2m[36m(CompileWorker pid=3679879)[0m compiled for stage:59 name: stage_2_8_acc_grad_0 module id: 0
[2m[36m(CompileWorker pid=3679879)[0m compiled for stage:59 name: stage_2_8_acc_grad_1 module id: 1
[2m[36m(CompileWorker pid=3679884)[0m compiled for stage:60 name: stage_2_9_acc_grad_0 module id: 0
[2m[36m(CompileWorker pid=3679884)[0m compiled for stage:60 name: stage_2_9_acc_grad_1 module id: 1
[2m[36m(CompileWorker pid=3679878)[0m compiled for stage:61 name: stage_2_9_acc_grad_0 module id: 0
[2m[36m(CompileWorker pid=3679878)[0m compiled for stage:61 name: stage_2_9_acc_grad_1 module id: 1
[2m[36m(CompileWorker pid=3679875)[0m compiled for stage:62 name: stage_2_10_acc_grad_0 module id: 0
[2m[36m(CompileWorker pid=3679875)[0m compiled for stage:62 name: stage_2_10_acc_grad_1 module id: 1
[2m[36m(CompileWorker pid=3679879)[0m compiled for stage:63 name: stage_2_10_acc_grad_0 module id: 0
[2m[36m(CompileWorker pid=3679879)[0m compiled for stage:63 name: stage_2_10_acc_grad_1 module id: 1
[2m[36m(CompileWorker pid=3679883)[0m compiled for stage:66 name: stage_3_3_acc_grad_0 module id: 0
[2m[36m(CompileWorker pid=3679883)[0m compiled for stage:66 name: stage_3_3_acc_grad_1 module id: 1
[2m[36m(CompileWorker pid=3679880)[0m compiled for stage:64 name: stage_2_11_acc_grad_0 module id: 0
[2m[36m(CompileWorker pid=3679886)[0m compiled for stage:67 name: stage_3_3_acc_grad_0 module id: 0
[2m[36m(CompileWorker pid=3679886)[0m compiled for stage:67 name: stage_3_3_acc_grad_1 module id: 1
[2m[36m(CompileWorker pid=3679880)[0m compiled for stage:64 name: stage_2_11_acc_grad_1 module id: 1
[2m[36m(CompileWorker pid=3679876)[0m compiled for stage:68 name: stage_3_4_acc_grad_0 module id: 0
[2m[36m(CompileWorker pid=3679876)[0m compiled for stage:68 name: stage_3_4_acc_grad_1 module id: 1
[2m[36m(CompileWorker pid=3679884)[0m compiled for stage:65 name: stage_2_11_acc_grad_0 module id: 0
[2m[36m(CompileWorker pid=3679877)[0m compiled for stage:69 name: stage_3_4_acc_grad_0 module id: 0
[2m[36m(CompileWorker pid=3679877)[0m compiled for stage:69 name: stage_3_4_acc_grad_1 module id: 1
[2m[36m(CompileWorker pid=3679884)[0m compiled for stage:65 name: stage_2_11_acc_grad_1 module id: 1
[2m[36m(CompileWorker pid=3679878)[0m compiled for stage:70 name: stage_3_5_acc_grad_0 module id: 0
[2m[36m(CompileWorker pid=3679885)[0m compiled for stage:71 name: stage_3_5_acc_grad_0 module id: 0
[2m[36m(CompileWorker pid=3679878)[0m compiled for stage:70 name: stage_3_5_acc_grad_1 module id: 1
[2m[36m(CompileWorker pid=3679885)[0m compiled for stage:71 name: stage_3_5_acc_grad_1 module id: 1
[2m[36m(CompileWorker pid=3679886)[0m compiled for stage:72 name: stage_3_6_acc_grad_0 module id: 0
[2m[36m(CompileWorker pid=3679877)[0m compiled for stage:73 name: stage_3_6_acc_grad_0 module id: 0
[2m[36m(CompileWorker pid=3679886)[0m compiled for stage:72 name: stage_3_6_acc_grad_1 module id: 1
[2m[36m(CompileWorker pid=3679876)[0m compiled for stage:74 name: stage_3_7_acc_grad_0 module id: 0
[2m[36m(CompileWorker pid=3679877)[0m compiled for stage:73 name: stage_3_6_acc_grad_1 module id: 1
[2m[36m(CompileWorker pid=3679884)[0m  tensor (Large latency) dimensions: (1, 50257, 12288, 1, 1, 1, 1, 1, 1, 1, 0, 0, 'CONV', 1, 1, 0, 0),  latency: 9.190599300595238
[2m[36m(CompileWorker pid=3679876)[0m compiled for stage:74 name: stage_3_7_acc_grad_1 module id: 1
[2m[36m(CompileWorker pid=3679878)[0m compiled for stage:75 name: stage_3_7_acc_grad_0 module id: 0
[2m[36m(CompileWorker pid=3679878)[0m compiled for stage:75 name: stage_3_7_acc_grad_1 module id: 1
[2m[36m(CompileWorker pid=3679881)[0m compiled for stage:76 name: stage_3_8_acc_grad_0 module id: 0
[2m[36m(CompileWorker pid=3679883)[0m compiled for stage:77 name: stage_3_8_acc_grad_0 module id: 0
[2m[36m(CompileWorker pid=3679881)[0m compiled for stage:76 name: stage_3_8_acc_grad_1 module id: 1
[2m[36m(CompileWorker pid=3679883)[0m compiled for stage:77 name: stage_3_8_acc_grad_1 module id: 1
[2m[36m(CompileWorker pid=3679875)[0m compiled for stage:78 name: stage_3_9_acc_grad_0 module id: 0
[2m[36m(CompileWorker pid=3679875)[0m compiled for stage:78 name: stage_3_9_acc_grad_1 module id: 1
[2m[36m(CompileWorker pid=3679886)[0m compiled for stage:79 name: stage_3_9_acc_grad_0 module id: 0
[2m[36m(CompileWorker pid=3679886)[0m compiled for stage:79 name: stage_3_9_acc_grad_1 module id: 1
[2m[36m(CompileWorker pid=3679877)[0m compiled for stage:80 name: stage_3_10_acc_grad_0 module id: 0
[2m[36m(CompileWorker pid=3679879)[0m compiled for stage:81 name: stage_3_10_acc_grad_0 module id: 0
[2m[36m(CompileWorker pid=3679877)[0m compiled for stage:80 name: stage_3_10_acc_grad_1 module id: 1
[2m[36m(CompileWorker pid=3679879)[0m compiled for stage:81 name: stage_3_10_acc_grad_1 module id: 1
[2m[36m(CompileWorker pid=3679884)[0m compiled for stage:84 name: stage_4_4_acc_grad_0 module id: 0
[2m[36m(CompileWorker pid=3679884)[0m compiled for stage:84 name: stage_4_4_acc_grad_1 module id: 1
[2m[36m(CompileWorker pid=3679882)[0m compiled for stage:82 name: stage_3_11_acc_grad_0 module id: 0
[2m[36m(CompileWorker pid=3679875)[0m compiled for stage:85 name: stage_4_4_acc_grad_0 module id: 0
[2m[36m(CompileWorker pid=3679875)[0m compiled for stage:85 name: stage_4_4_acc_grad_1 module id: 1
[2m[36m(CompileWorker pid=3679882)[0m compiled for stage:82 name: stage_3_11_acc_grad_1 module id: 1
[2m[36m(CompileWorker pid=3679880)[0m compiled for stage:83 name: stage_3_11_acc_grad_0 module id: 0
[2m[36m(CompileWorker pid=3679885)[0m compiled for stage:86 name: stage_4_5_acc_grad_0 module id: 0
[2m[36m(CompileWorker pid=3679885)[0m compiled for stage:86 name: stage_4_5_acc_grad_1 module id: 1
[2m[36m(CompileWorker pid=3679880)[0m compiled for stage:83 name: stage_3_11_acc_grad_1 module id: 1
[2m[36m(CompileWorker pid=3679879)[0m compiled for stage:87 name: stage_4_5_acc_grad_0 module id: 0
[2m[36m(CompileWorker pid=3679879)[0m compiled for stage:87 name: stage_4_5_acc_grad_1 module id: 1
[2m[36m(CompileWorker pid=3679878)[0m compiled for stage:88 name: stage_4_6_acc_grad_0 module id: 0
[2m[36m(CompileWorker pid=3679878)[0m compiled for stage:88 name: stage_4_6_acc_grad_1 module id: 1
[2m[36m(CompileWorker pid=3679879)[0m compiled for stage:89 name: stage_4_6_acc_grad_0 module id: 0
[2m[36m(CompileWorker pid=3679879)[0m compiled for stage:89 name: stage_4_6_acc_grad_1 module id: 1
[2m[36m(CompileWorker pid=3679882)[0m  tensor (Large latency) dimensions: (1, 50257, 12288, 1, 1, 1, 1, 1, 1, 1, 0, 0, 'CONV', 1, 1, 0, 0),  latency: 9.190599300595238
[2m[36m(CompileWorker pid=3679883)[0m compiled for stage:90 name: stage_4_7_acc_grad_0 module id: 0
[2m[36m(CompileWorker pid=3679883)[0m compiled for stage:90 name: stage_4_7_acc_grad_1 module id: 1
[2m[36m(CompileWorker pid=3679876)[0m compiled for stage:91 name: stage_4_7_acc_grad_0 module id: 0
[2m[36m(CompileWorker pid=3679884)[0m compiled for stage:92 name: stage_4_8_acc_grad_0 module id: 0
[2m[36m(CompileWorker pid=3679876)[0m compiled for stage:91 name: stage_4_7_acc_grad_1 module id: 1
[2m[36m(CompileWorker pid=3679884)[0m compiled for stage:92 name: stage_4_8_acc_grad_1 module id: 1
[2m[36m(CompileWorker pid=3679881)[0m compiled for stage:93 name: stage_4_8_acc_grad_0 module id: 0
[2m[36m(CompileWorker pid=3679881)[0m compiled for stage:93 name: stage_4_8_acc_grad_1 module id: 1
[2m[36m(CompileWorker pid=3679879)[0m compiled for stage:94 name: stage_4_9_acc_grad_0 module id: 0
[2m[36m(CompileWorker pid=3679879)[0m compiled for stage:94 name: stage_4_9_acc_grad_1 module id: 1
[2m[36m(CompileWorker pid=3679882)[0m compiled for stage:95 name: stage_4_9_acc_grad_0 module id: 0
[2m[36m(CompileWorker pid=3679882)[0m compiled for stage:95 name: stage_4_9_acc_grad_1 module id: 1
[2m[36m(CompileWorker pid=3679886)[0m compiled for stage:96 name: stage_4_10_acc_grad_0 module id: 0
[2m[36m(CompileWorker pid=3679886)[0m compiled for stage:96 name: stage_4_10_acc_grad_1 module id: 1
[2m[36m(CompileWorker pid=3679877)[0m compiled for stage:97 name: stage_4_10_acc_grad_0 module id: 0
[2m[36m(CompileWorker pid=3679877)[0m compiled for stage:97 name: stage_4_10_acc_grad_1 module id: 1
[2m[36m(CompileWorker pid=3679882)[0m compiled for stage:100 name: stage_5_5_acc_grad_0 module id: 0
[2m[36m(CompileWorker pid=3679882)[0m compiled for stage:100 name: stage_5_5_acc_grad_1 module id: 1
[2m[36m(CompileWorker pid=3679875)[0m compiled for stage:98 name: stage_4_11_acc_grad_0 module id: 0
[2m[36m(CompileWorker pid=3679879)[0m compiled for stage:101 name: stage_5_5_acc_grad_0 module id: 0
[2m[36m(CompileWorker pid=3679879)[0m compiled for stage:101 name: stage_5_5_acc_grad_1 module id: 1
[2m[36m(CompileWorker pid=3679875)[0m compiled for stage:98 name: stage_4_11_acc_grad_1 module id: 1
[2m[36m(CompileWorker pid=3679883)[0m compiled for stage:99 name: stage_4_11_acc_grad_0 module id: 0
[2m[36m(CompileWorker pid=3679880)[0m compiled for stage:102 name: stage_5_6_acc_grad_0 module id: 0
[2m[36m(CompileWorker pid=3679880)[0m compiled for stage:102 name: stage_5_6_acc_grad_1 module id: 1
[2m[36m(CompileWorker pid=3679883)[0m compiled for stage:99 name: stage_4_11_acc_grad_1 module id: 1
[2m[36m(CompileWorker pid=3679876)[0m compiled for stage:103 name: stage_5_6_acc_grad_0 module id: 0
[2m[36m(CompileWorker pid=3679876)[0m compiled for stage:103 name: stage_5_6_acc_grad_1 module id: 1
[2m[36m(CompileWorker pid=3679886)[0m compiled for stage:104 name: stage_5_7_acc_grad_0 module id: 0
[2m[36m(CompileWorker pid=3679886)[0m compiled for stage:104 name: stage_5_7_acc_grad_1 module id: 1
[2m[36m(CompileWorker pid=3679880)[0m compiled for stage:105 name: stage_5_7_acc_grad_0 module id: 0
[2m[36m(CompileWorker pid=3679880)[0m compiled for stage:105 name: stage_5_7_acc_grad_1 module id: 1
[2m[36m(CompileWorker pid=3679875)[0m  tensor (Large latency) dimensions: (1, 50257, 12288, 1, 1, 1, 1, 1, 1, 1, 0, 0, 'CONV', 1, 1, 0, 0),  latency: 9.190599300595238
[2m[36m(CompileWorker pid=3679878)[0m compiled for stage:106 name: stage_5_8_acc_grad_0 module id: 0
[2m[36m(CompileWorker pid=3679883)[0m  tensor (Large latency) dimensions: (1, 50257, 12288, 1, 1, 1, 1, 1, 1, 1, 0, 0, 'CONV', 1, 1, 0, 0),  latency: 9.190599300595238
[2m[36m(CompileWorker pid=3679876)[0m compiled for stage:107 name: stage_5_8_acc_grad_0 module id: 0
[2m[36m(CompileWorker pid=3679878)[0m compiled for stage:106 name: stage_5_8_acc_grad_1 module id: 1
[2m[36m(CompileWorker pid=3679876)[0m compiled for stage:107 name: stage_5_8_acc_grad_1 module id: 1
[2m[36m(CompileWorker pid=3679881)[0m compiled for stage:108 name: stage_5_9_acc_grad_0 module id: 0
[2m[36m(CompileWorker pid=3679881)[0m compiled for stage:108 name: stage_5_9_acc_grad_1 module id: 1
[2m[36m(CompileWorker pid=3679885)[0m compiled for stage:109 name: stage_5_9_acc_grad_0 module id: 0
[2m[36m(CompileWorker pid=3679885)[0m compiled for stage:109 name: stage_5_9_acc_grad_1 module id: 1
[2m[36m(CompileWorker pid=3679878)[0m compiled for stage:110 name: stage_5_10_acc_grad_0 module id: 0
[2m[36m(CompileWorker pid=3679875)[0m compiled for stage:111 name: stage_5_10_acc_grad_0 module id: 0
[2m[36m(CompileWorker pid=3679878)[0m compiled for stage:110 name: stage_5_10_acc_grad_1 module id: 1
[2m[36m(CompileWorker pid=3679875)[0m compiled for stage:111 name: stage_5_10_acc_grad_1 module id: 1
[2m[36m(CompileWorker pid=3679884)[0m compiled for stage:112 name: stage_5_11_acc_grad_0 module id: 0
[2m[36m(CompileWorker pid=3679885)[0m compiled for stage:114 name: stage_6_6_acc_grad_0 module id: 0
[2m[36m(CompileWorker pid=3679885)[0m compiled for stage:114 name: stage_6_6_acc_grad_1 module id: 1
[2m[36m(CompileWorker pid=3679880)[0m compiled for stage:115 name: stage_6_6_acc_grad_0 module id: 0
[2m[36m(CompileWorker pid=3679880)[0m compiled for stage:115 name: stage_6_6_acc_grad_1 module id: 1
[2m[36m(CompileWorker pid=3679884)[0m compiled for stage:112 name: stage_5_11_acc_grad_1 module id: 1
[2m[36m(CompileWorker pid=3679883)[0m compiled for stage:113 name: stage_5_11_acc_grad_0 module id: 0
[2m[36m(CompileWorker pid=3679878)[0m compiled for stage:116 name: stage_6_7_acc_grad_0 module id: 0
[2m[36m(CompileWorker pid=3679883)[0m compiled for stage:113 name: stage_5_11_acc_grad_1 module id: 1
[2m[36m(CompileWorker pid=3679879)[0m compiled for stage:117 name: stage_6_7_acc_grad_0 module id: 0
[2m[36m(CompileWorker pid=3679879)[0m compiled for stage:117 name: stage_6_7_acc_grad_1 module id: 1
[2m[36m(CompileWorker pid=3679878)[0m compiled for stage:116 name: stage_6_7_acc_grad_1 module id: 1
[2m[36m(CompileWorker pid=3679877)[0m compiled for stage:118 name: stage_6_8_acc_grad_0 module id: 0
[2m[36m(CompileWorker pid=3679877)[0m compiled for stage:118 name: stage_6_8_acc_grad_1 module id: 1
[2m[36m(CompileWorker pid=3679886)[0m compiled for stage:119 name: stage_6_8_acc_grad_0 module id: 0
[2m[36m(CompileWorker pid=3679886)[0m compiled for stage:119 name: stage_6_8_acc_grad_1 module id: 1
[2m[36m(CompileWorker pid=3679885)[0m compiled for stage:120 name: stage_6_9_acc_grad_0 module id: 0
[2m[36m(CompileWorker pid=3679884)[0m compiled for stage:121 name: stage_6_9_acc_grad_0 module id: 0
[2m[36m(CompileWorker pid=3679885)[0m compiled for stage:120 name: stage_6_9_acc_grad_1 module id: 1
[2m[36m(CompileWorker pid=3679884)[0m compiled for stage:121 name: stage_6_9_acc_grad_1 module id: 1
[2m[36m(CompileWorker pid=3679883)[0m compiled for stage:122 name: stage_6_10_acc_grad_0 module id: 0
[2m[36m(CompileWorker pid=3679883)[0m compiled for stage:122 name: stage_6_10_acc_grad_1 module id: 1
[2m[36m(CompileWorker pid=3679880)[0m compiled for stage:123 name: stage_6_10_acc_grad_0 module id: 0
[2m[36m(CompileWorker pid=3679880)[0m compiled for stage:123 name: stage_6_10_acc_grad_1 module id: 1
[2m[36m(CompileWorker pid=3679875)[0m compiled for stage:126 name: stage_7_7_acc_grad_0 module id: 0
[2m[36m(CompileWorker pid=3679875)[0m compiled for stage:126 name: stage_7_7_acc_grad_1 module id: 1
[2m[36m(CompileWorker pid=3679884)[0m compiled for stage:127 name: stage_7_7_acc_grad_0 module id: 0
[2m[36m(CompileWorker pid=3679877)[0m compiled for stage:124 name: stage_6_11_acc_grad_0 module id: 0
[2m[36m(CompileWorker pid=3679884)[0m compiled for stage:127 name: stage_7_7_acc_grad_1 module id: 1
[2m[36m(CompileWorker pid=3679879)[0m compiled for stage:125 name: stage_6_11_acc_grad_0 module id: 0
[2m[36m(CompileWorker pid=3679877)[0m compiled for stage:124 name: stage_6_11_acc_grad_1 module id: 1
[2m[36m(CompileWorker pid=3679879)[0m compiled for stage:125 name: stage_6_11_acc_grad_1 module id: 1
[2m[36m(CompileWorker pid=3679881)[0m compiled for stage:128 name: stage_7_8_acc_grad_0 module id: 0
[2m[36m(CompileWorker pid=3679881)[0m compiled for stage:128 name: stage_7_8_acc_grad_1 module id: 1
[2m[36m(CompileWorker pid=3679886)[0m compiled for stage:129 name: stage_7_8_acc_grad_0 module id: 0
[2m[36m(CompileWorker pid=3679886)[0m compiled for stage:129 name: stage_7_8_acc_grad_1 module id: 1
[2m[36m(CompileWorker pid=3679883)[0m compiled for stage:130 name: stage_7_9_acc_grad_0 module id: 0
[2m[36m(CompileWorker pid=3679883)[0m compiled for stage:130 name: stage_7_9_acc_grad_1 module id: 1
[2m[36m(CompileWorker pid=3679885)[0m compiled for stage:131 name: stage_7_9_acc_grad_0 module id: 0
[2m[36m(CompileWorker pid=3679885)[0m compiled for stage:131 name: stage_7_9_acc_grad_1 module id: 1
[2m[36m(CompileWorker pid=3679880)[0m compiled for stage:132 name: stage_7_10_acc_grad_0 module id: 0
[2m[36m(CompileWorker pid=3679880)[0m compiled for stage:132 name: stage_7_10_acc_grad_1 module id: 1
[2m[36m(CompileWorker pid=3679879)[0m  tensor (Large latency) dimensions: (1, 50257, 12288, 1, 1, 1, 1, 1, 1, 1, 0, 0, 'CONV', 1, 1, 0, 0),  latency: 9.190599300595238
[2m[36m(CompileWorker pid=3679886)[0m compiled for stage:133 name: stage_7_10_acc_grad_0 module id: 0
[2m[36m(CompileWorker pid=3679886)[0m compiled for stage:133 name: stage_7_10_acc_grad_1 module id: 1
[2m[36m(CompileWorker pid=3679883)[0m compiled for stage:134 name: stage_7_11_acc_grad_0 module id: 0
[2m[36m(CompileWorker pid=3679884)[0m compiled for stage:136 name: stage_8_8_acc_grad_0 module id: 0
[2m[36m(CompileWorker pid=3679884)[0m compiled for stage:136 name: stage_8_8_acc_grad_1 module id: 1
[2m[36m(CompileWorker pid=3679876)[0m compiled for stage:137 name: stage_8_8_acc_grad_0 module id: 0
[2m[36m(CompileWorker pid=3679876)[0m compiled for stage:137 name: stage_8_8_acc_grad_1 module id: 1
[2m[36m(CompileWorker pid=3679883)[0m compiled for stage:134 name: stage_7_11_acc_grad_1 module id: 1
[2m[36m(CompileWorker pid=3679881)[0m compiled for stage:138 name: stage_8_9_acc_grad_0 module id: 0
[2m[36m(CompileWorker pid=3679882)[0m compiled for stage:135 name: stage_7_11_acc_grad_0 module id: 0
[2m[36m(CompileWorker pid=3679886)[0m compiled for stage:139 name: stage_8_9_acc_grad_0 module id: 0
[2m[36m(CompileWorker pid=3679886)[0m compiled for stage:139 name: stage_8_9_acc_grad_1 module id: 1
[2m[36m(CompileWorker pid=3679882)[0m compiled for stage:135 name: stage_7_11_acc_grad_1 module id: 1
[2m[36m(CompileWorker pid=3679881)[0m compiled for stage:138 name: stage_8_9_acc_grad_1 module id: 1
[2m[36m(CompileWorker pid=3679879)[0m compiled for stage:140 name: stage_8_10_acc_grad_0 module id: 0
[2m[36m(CompileWorker pid=3679879)[0m compiled for stage:140 name: stage_8_10_acc_grad_1 module id: 1
[2m[36m(CompileWorker pid=3679877)[0m compiled for stage:141 name: stage_8_10_acc_grad_0 module id: 0
[2m[36m(CompileWorker pid=3679877)[0m compiled for stage:141 name: stage_8_10_acc_grad_1 module id: 1
[2m[36m(CompileWorker pid=3679886)[0m compiled for stage:142 name: stage_8_11_acc_grad_0 module id: 0
[2m[36m(CompileWorker pid=3679885)[0m compiled for stage:144 name: stage_9_9_acc_grad_0 module id: 0
[2m[36m(CompileWorker pid=3679885)[0m compiled for stage:144 name: stage_9_9_acc_grad_1 module id: 1
[2m[36m(CompileWorker pid=3679878)[0m compiled for stage:145 name: stage_9_9_acc_grad_0 module id: 0
[2m[36m(CompileWorker pid=3679878)[0m compiled for stage:145 name: stage_9_9_acc_grad_1 module id: 1
[2m[36m(CompileWorker pid=3679886)[0m compiled for stage:142 name: stage_8_11_acc_grad_1 module id: 1
[2m[36m(CompileWorker pid=3679884)[0m compiled for stage:143 name: stage_8_11_acc_grad_0 module id: 0
[2m[36m(CompileWorker pid=3679884)[0m compiled for stage:143 name: stage_8_11_acc_grad_1 module id: 1
[2m[36m(CompileWorker pid=3679882)[0m compiled for stage:146 name: stage_9_10_acc_grad_0 module id: 0
[2m[36m(CompileWorker pid=3679876)[0m compiled for stage:147 name: stage_9_10_acc_grad_0 module id: 0
[2m[36m(CompileWorker pid=3679876)[0m compiled for stage:147 name: stage_9_10_acc_grad_1 module id: 1
[2m[36m(CompileWorker pid=3679882)[0m compiled for stage:146 name: stage_9_10_acc_grad_1 module id: 1
[2m[36m(CompileWorker pid=3679882)[0m compiled for stage:150 name: stage_10_10_acc_grad_0 module id: 0
[2m[36m(CompileWorker pid=3679882)[0m compiled for stage:150 name: stage_10_10_acc_grad_1 module id: 1
[2m[36m(CompileWorker pid=3679881)[0m compiled for stage:148 name: stage_9_11_acc_grad_0 module id: 0
[2m[36m(CompileWorker pid=3679881)[0m compiled for stage:148 name: stage_9_11_acc_grad_1 module id: 1
[2m[36m(CompileWorker pid=3679880)[0m compiled for stage:151 name: stage_10_10_acc_grad_0 module id: 0
[2m[36m(CompileWorker pid=3679880)[0m compiled for stage:151 name: stage_10_10_acc_grad_1 module id: 1
[2m[36m(CompileWorker pid=3679879)[0m compiled for stage:149 name: stage_9_11_acc_grad_0 module id: 0
[2m[36m(CompileWorker pid=3679879)[0m compiled for stage:149 name: stage_9_11_acc_grad_1 module id: 1
[2m[36m(CompileWorker pid=3679878)[0m compiled for stage:152 name: stage_10_11_acc_grad_0 module id: 0
[2m[36m(CompileWorker pid=3679875)[0m compiled for stage:153 name: stage_10_11_acc_grad_0 module id: 0
[2m[36m(CompileWorker pid=3679875)[0m compiled for stage:153 name: stage_10_11_acc_grad_1 module id: 1
[2m[36m(CompileWorker pid=3679877)[0m compiled for stage:154 name: stage_11_11_acc_grad_0 module id: 0
[2m[36m(CompileWorker pid=3679877)[0m compiled for stage:154 name: stage_11_11_acc_grad_1 module id: 1
[2m[36m(CompileWorker pid=3679885)[0m compiled for stage:155 name: stage_11_11_acc_grad_0 module id: 0
[2m[36m(CompileWorker pid=3679885)[0m compiled for stage:155 name: stage_11_11_acc_grad_1 module id: 1
[2m[36m(CompileWorker pid=3679878)[0m compiled for stage:152 name: stage_10_11_acc_grad_1 module id: 1
[2m[36m(CompileWorker pid=3679881)[0m  tensor (Large latency) dimensions: (1, 50257, 12288, 1, 1, 1, 1, 1, 1, 1, 0, 0, 'CONV', 1, 1, 0, 0),  latency: 9.190599300595238
[2m[36m(CompileWorker pid=3679885)[0m  tensor (Large latency) dimensions: (1, 50257, 12288, 1, 1, 1, 1, 1, 1, 1, 0, 0, 'CONV', 1, 1, 0, 0),  latency: 9.190599300595238
[2m[36m(CompileWorker pid=3679878)[0m  tensor (Large latency) dimensions: (1, 50257, 12288, 1, 1, 1, 1, 1, 1, 1, 0, 0, 'CONV', 1, 1, 0, 0),  latency: 9.190599300595238
- parse estimation results for all stages
result[(0, 0, 0, 0), 0] = ModuleProfileResult(compute_cost=62.582, peak_memory=12.861 GB, invar_size=4.572 GB, outvar_size=7.138 GB, temp_buffer_size=1.150 GB, available_memory=64.000 GB, comm_cost=0.000)
result[(0, 0, 0, 0), 1] = ModuleProfileResult(compute_cost=77.002, peak_memory=13.778 GB, invar_size=11.710 GB, outvar_size=4.572 GB, temp_buffer_size=2.068 GB, available_memory=64.000 GB, comm_cost=0.000)
result[(0, 0, 0, 1), 0] = ModuleProfileResult(compute_cost=62.582, peak_memory=12.861 GB, invar_size=4.572 GB, outvar_size=7.138 GB, temp_buffer_size=1.150 GB, available_memory=64.000 GB, comm_cost=0.000)
result[(0, 0, 0, 1), 1] = ModuleProfileResult(compute_cost=77.002, peak_memory=13.778 GB, invar_size=11.710 GB, outvar_size=4.572 GB, temp_buffer_size=2.068 GB, available_memory=64.000 GB, comm_cost=0.000)
result[(0, 1, 0, 0), 0] = ModuleProfileResult(compute_cost=123.610, peak_memory=23.175 GB, invar_size=7.948 GB, outvar_size=14.076 GB, temp_buffer_size=1.150 GB, available_memory=64.000 GB, comm_cost=0.000)
result[(0, 1, 0, 0), 1] = ModuleProfileResult(compute_cost=142.330, peak_memory=24.842 GB, invar_size=22.024 GB, outvar_size=7.948 GB, temp_buffer_size=2.817 GB, available_memory=64.000 GB, comm_cost=0.000)
result[(0, 1, 0, 1), 0] = ModuleProfileResult(compute_cost=123.610, peak_memory=23.175 GB, invar_size=7.948 GB, outvar_size=14.076 GB, temp_buffer_size=1.150 GB, available_memory=64.000 GB, comm_cost=0.000)
result[(0, 1, 0, 1), 1] = ModuleProfileResult(compute_cost=142.330, peak_memory=24.842 GB, invar_size=22.024 GB, outvar_size=7.948 GB, temp_buffer_size=2.817 GB, available_memory=64.000 GB, comm_cost=0.000)
result[(0, 2, 0, 0), 0] = ModuleProfileResult(compute_cost=227.479, peak_memory=37.682 GB, invar_size=12.448 GB, outvar_size=23.969 GB, temp_buffer_size=1.266 GB, available_memory=64.000 GB, comm_cost=0.000)
result[(0, 2, 0, 0), 1] = ModuleProfileResult(compute_cost=242.439, peak_memory=40.219 GB, invar_size=36.417 GB, outvar_size=12.448 GB, temp_buffer_size=3.802 GB, available_memory=64.000 GB, comm_cost=0.000)
result[(0, 2, 0, 1), 0] = ModuleProfileResult(compute_cost=227.479, peak_memory=37.682 GB, invar_size=12.448 GB, outvar_size=23.969 GB, temp_buffer_size=1.266 GB, available_memory=64.000 GB, comm_cost=0.000)
result[(0, 2, 0, 1), 1] = ModuleProfileResult(compute_cost=242.439, peak_memory=40.219 GB, invar_size=36.417 GB, outvar_size=12.448 GB, temp_buffer_size=3.802 GB, available_memory=64.000 GB, comm_cost=0.000)
result[(0, 3, 0, 0), 0] = ModuleProfileResult(compute_cost=288.319, peak_memory=48.043 GB, invar_size=15.824 GB, outvar_size=30.813 GB, temp_buffer_size=1.406 GB, available_memory=64.000 GB, comm_cost=0.000)
result[(0, 3, 0, 0), 1] = ModuleProfileResult(compute_cost=307.485, peak_memory=50.955 GB, invar_size=46.637 GB, outvar_size=15.823 GB, temp_buffer_size=4.318 GB, available_memory=64.000 GB, comm_cost=0.000)
result[(0, 3, 0, 1), 0] = ModuleProfileResult(compute_cost=288.319, peak_memory=48.043 GB, invar_size=15.824 GB, outvar_size=30.813 GB, temp_buffer_size=1.406 GB, available_memory=64.000 GB, comm_cost=0.000)
result[(0, 3, 0, 1), 1] = ModuleProfileResult(compute_cost=307.485, peak_memory=50.955 GB, invar_size=46.637 GB, outvar_size=15.823 GB, temp_buffer_size=4.318 GB, available_memory=64.000 GB, comm_cost=0.000)
result[(0, 4, 0, 0), 0] = ModuleProfileResult(compute_cost=349.159, peak_memory=58.263 GB, invar_size=19.199 GB, outvar_size=37.658 GB, temp_buffer_size=1.406 GB, available_memory=64.000 GB, comm_cost=0.000)
result[(0, 4, 0, 0), 1] = ModuleProfileResult(compute_cost=372.531, peak_memory=61.409 GB, invar_size=56.857 GB, outvar_size=19.199 GB, temp_buffer_size=4.552 GB, available_memory=64.000 GB, comm_cost=0.000)
result[(0, 4, 0, 1), 0] = ModuleProfileResult(compute_cost=349.159, peak_memory=58.263 GB, invar_size=19.199 GB, outvar_size=37.658 GB, temp_buffer_size=1.406 GB, available_memory=64.000 GB, comm_cost=0.000)
result[(0, 4, 0, 1), 1] = ModuleProfileResult(compute_cost=372.531, peak_memory=61.409 GB, invar_size=56.857 GB, outvar_size=19.199 GB, temp_buffer_size=4.552 GB, available_memory=64.000 GB, comm_cost=0.000)
result[(0, 5, 0, 0), 0] = ModuleProfileResult(compute_cost=410.000, peak_memory=68.624 GB, invar_size=22.574 GB, outvar_size=44.503 GB, temp_buffer_size=1.547 GB, available_memory=64.000 GB, comm_cost=0.000)
result[(0, 5, 0, 0), 1] = ModuleProfileResult(compute_cost=437.577, peak_memory=72.520 GB, invar_size=67.077 GB, outvar_size=22.574 GB, temp_buffer_size=5.443 GB, available_memory=64.000 GB, comm_cost=0.000)
result[(0, 5, 0, 1), 0] = ModuleProfileResult(compute_cost=410.000, peak_memory=68.624 GB, invar_size=22.574 GB, outvar_size=44.503 GB, temp_buffer_size=1.547 GB, available_memory=64.000 GB, comm_cost=0.000)
result[(0, 5, 0, 1), 1] = ModuleProfileResult(compute_cost=437.577, peak_memory=72.520 GB, invar_size=67.077 GB, outvar_size=22.574 GB, temp_buffer_size=5.443 GB, available_memory=64.000 GB, comm_cost=0.000)
result[(0, 6, 0, 0), 0] = ModuleProfileResult(compute_cost=470.840, peak_memory=78.984 GB, invar_size=25.949 GB, outvar_size=51.347 GB, temp_buffer_size=1.688 GB, available_memory=64.000 GB, comm_cost=0.000)
result[(0, 6, 0, 0), 1] = ModuleProfileResult(compute_cost=502.623, peak_memory=82.176 GB, invar_size=77.297 GB, outvar_size=25.949 GB, temp_buffer_size=4.880 GB, available_memory=64.000 GB, comm_cost=0.000)
result[(0, 6, 0, 1), 0] = ModuleProfileResult(compute_cost=470.840, peak_memory=78.984 GB, invar_size=25.949 GB, outvar_size=51.347 GB, temp_buffer_size=1.688 GB, available_memory=64.000 GB, comm_cost=0.000)
result[(0, 6, 0, 1), 1] = ModuleProfileResult(compute_cost=502.623, peak_memory=82.176 GB, invar_size=77.297 GB, outvar_size=25.949 GB, temp_buffer_size=4.880 GB, available_memory=64.000 GB, comm_cost=0.000)
result[(0, 7, 0, 0), 0] = ModuleProfileResult(compute_cost=531.681, peak_memory=89.392 GB, invar_size=29.325 GB, outvar_size=58.192 GB, temp_buffer_size=1.875 GB, available_memory=64.000 GB, comm_cost=0.000)
result[(0, 7, 0, 0), 1] = ModuleProfileResult(compute_cost=567.670, peak_memory=93.569 GB, invar_size=87.516 GB, outvar_size=29.325 GB, temp_buffer_size=6.053 GB, available_memory=64.000 GB, comm_cost=0.000)
result[(0, 7, 0, 1), 0] = ModuleProfileResult(compute_cost=531.681, peak_memory=89.392 GB, invar_size=29.325 GB, outvar_size=58.192 GB, temp_buffer_size=1.875 GB, available_memory=64.000 GB, comm_cost=0.000)
result[(0, 7, 0, 1), 1] = ModuleProfileResult(compute_cost=567.670, peak_memory=93.569 GB, invar_size=87.516 GB, outvar_size=29.325 GB, temp_buffer_size=6.053 GB, available_memory=64.000 GB, comm_cost=0.000)
result[(0, 8, 0, 0), 0] = ModuleProfileResult(compute_cost=592.521, peak_memory=99.752 GB, invar_size=32.700 GB, outvar_size=65.036 GB, temp_buffer_size=2.016 GB, available_memory=64.000 GB, comm_cost=0.000)
result[(0, 8, 0, 0), 1] = ModuleProfileResult(compute_cost=632.716, peak_memory=104.211 GB, invar_size=97.736 GB, outvar_size=32.700 GB, temp_buffer_size=6.475 GB, available_memory=64.000 GB, comm_cost=0.000)
result[(0, 8, 0, 1), 0] = ModuleProfileResult(compute_cost=592.521, peak_memory=99.752 GB, invar_size=32.700 GB, outvar_size=65.036 GB, temp_buffer_size=2.016 GB, available_memory=64.000 GB, comm_cost=0.000)
result[(0, 8, 0, 1), 1] = ModuleProfileResult(compute_cost=632.716, peak_memory=104.211 GB, invar_size=97.736 GB, outvar_size=32.700 GB, temp_buffer_size=6.475 GB, available_memory=64.000 GB, comm_cost=0.000)
result[(0, 9, 0, 0), 0] = ModuleProfileResult(compute_cost=653.362, peak_memory=110.113 GB, invar_size=36.075 GB, outvar_size=71.881 GB, temp_buffer_size=2.156 GB, available_memory=64.000 GB, comm_cost=0.000)
result[(0, 9, 0, 0), 1] = ModuleProfileResult(compute_cost=697.762, peak_memory=115.649 GB, invar_size=107.956 GB, outvar_size=36.075 GB, temp_buffer_size=7.693 GB, available_memory=64.000 GB, comm_cost=0.000)
result[(0, 9, 0, 1), 0] = ModuleProfileResult(compute_cost=653.362, peak_memory=110.113 GB, invar_size=36.075 GB, outvar_size=71.881 GB, temp_buffer_size=2.156 GB, available_memory=64.000 GB, comm_cost=0.000)
result[(0, 9, 0, 1), 1] = ModuleProfileResult(compute_cost=697.762, peak_memory=115.649 GB, invar_size=107.956 GB, outvar_size=36.075 GB, temp_buffer_size=7.693 GB, available_memory=64.000 GB, comm_cost=0.000)
result[(0, 10, 0, 0), 0] = ModuleProfileResult(compute_cost=714.202, peak_memory=120.473 GB, invar_size=39.451 GB, outvar_size=78.726 GB, temp_buffer_size=2.297 GB, available_memory=64.000 GB, comm_cost=0.000)
result[(0, 10, 0, 0), 1] = ModuleProfileResult(compute_cost=762.808, peak_memory=125.401 GB, invar_size=118.176 GB, outvar_size=39.451 GB, temp_buffer_size=7.224 GB, available_memory=64.000 GB, comm_cost=0.000)
result[(0, 10, 0, 1), 0] = ModuleProfileResult(compute_cost=714.202, peak_memory=120.473 GB, invar_size=39.451 GB, outvar_size=78.726 GB, temp_buffer_size=2.297 GB, available_memory=64.000 GB, comm_cost=0.000)
result[(0, 10, 0, 1), 1] = ModuleProfileResult(compute_cost=762.808, peak_memory=125.401 GB, invar_size=118.176 GB, outvar_size=39.451 GB, temp_buffer_size=7.224 GB, available_memory=64.000 GB, comm_cost=0.000)
result[(0, 11, 0, 0), 0] = ModuleProfileResult(compute_cost=732.389, peak_memory=127.155 GB, invar_size=41.701 GB, outvar_size=83.814 GB, temp_buffer_size=1.641 GB, available_memory=64.000 GB, comm_cost=0.000)
result[(0, 11, 0, 0), 1] = ModuleProfileResult(compute_cost=805.146, peak_memory=134.456 GB, invar_size=126.665 GB, outvar_size=42.851 GB, temp_buffer_size=7.791 GB, available_memory=64.000 GB, comm_cost=0.000)
result[(0, 11, 0, 1), 0] = ModuleProfileResult(compute_cost=732.389, peak_memory=127.155 GB, invar_size=41.701 GB, outvar_size=83.814 GB, temp_buffer_size=1.641 GB, available_memory=64.000 GB, comm_cost=0.000)
result[(0, 11, 0, 1), 1] = ModuleProfileResult(compute_cost=805.146, peak_memory=134.456 GB, invar_size=126.665 GB, outvar_size=42.851 GB, temp_buffer_size=7.791 GB, available_memory=64.000 GB, comm_cost=0.000)
result[(1, 1, 0, 0), 0] = ModuleProfileResult(compute_cost=61.028, peak_memory=10.595 GB, invar_size=3.469 GB, outvar_size=7.032 GB, temp_buffer_size=0.094 GB, available_memory=64.000 GB, comm_cost=0.000)
result[(1, 1, 0, 0), 1] = ModuleProfileResult(compute_cost=65.327, peak_memory=12.330 GB, invar_size=10.407 GB, outvar_size=3.469 GB, temp_buffer_size=1.829 GB, available_memory=64.000 GB, comm_cost=0.000)
result[(1, 1, 0, 1), 0] = ModuleProfileResult(compute_cost=61.028, peak_memory=10.595 GB, invar_size=3.469 GB, outvar_size=7.032 GB, temp_buffer_size=0.094 GB, available_memory=64.000 GB, comm_cost=0.000)
result[(1, 1, 0, 1), 1] = ModuleProfileResult(compute_cost=65.327, peak_memory=12.330 GB, invar_size=10.407 GB, outvar_size=3.469 GB, temp_buffer_size=1.829 GB, available_memory=64.000 GB, comm_cost=0.000)
result[(1, 2, 0, 0), 0] = ModuleProfileResult(compute_cost=164.896, peak_memory=26.066 GB, invar_size=7.969 GB, outvar_size=16.924 GB, temp_buffer_size=1.172 GB, available_memory=64.000 GB, comm_cost=0.000)
result[(1, 2, 0, 0), 1] = ModuleProfileResult(compute_cost=165.436, peak_memory=27.567 GB, invar_size=24.800 GB, outvar_size=7.969 GB, temp_buffer_size=2.673 GB, available_memory=64.000 GB, comm_cost=0.000)
result[(1, 2, 0, 1), 0] = ModuleProfileResult(compute_cost=164.896, peak_memory=26.066 GB, invar_size=7.969 GB, outvar_size=16.924 GB, temp_buffer_size=1.172 GB, available_memory=64.000 GB, comm_cost=0.000)
result[(1, 2, 0, 1), 1] = ModuleProfileResult(compute_cost=165.436, peak_memory=27.567 GB, invar_size=24.800 GB, outvar_size=7.969 GB, temp_buffer_size=2.673 GB, available_memory=64.000 GB, comm_cost=0.000)
result[(1, 3, 0, 0), 0] = ModuleProfileResult(compute_cost=225.737, peak_memory=36.426 GB, invar_size=11.345 GB, outvar_size=23.769 GB, temp_buffer_size=1.313 GB, available_memory=64.000 GB, comm_cost=0.000)
result[(1, 3, 0, 0), 1] = ModuleProfileResult(compute_cost=230.482, peak_memory=38.630 GB, invar_size=35.020 GB, outvar_size=11.345 GB, temp_buffer_size=3.517 GB, available_memory=64.000 GB, comm_cost=0.000)
result[(1, 3, 0, 1), 0] = ModuleProfileResult(compute_cost=225.737, peak_memory=36.426 GB, invar_size=11.345 GB, outvar_size=23.769 GB, temp_buffer_size=1.313 GB, available_memory=64.000 GB, comm_cost=0.000)
result[(1, 3, 0, 1), 1] = ModuleProfileResult(compute_cost=230.482, peak_memory=38.630 GB, invar_size=35.020 GB, outvar_size=11.345 GB, temp_buffer_size=3.517 GB, available_memory=64.000 GB, comm_cost=0.000)
result[(1, 4, 0, 0), 0] = ModuleProfileResult(compute_cost=286.577, peak_memory=46.787 GB, invar_size=14.720 GB, outvar_size=30.614 GB, temp_buffer_size=1.453 GB, available_memory=64.000 GB, comm_cost=0.000)
result[(1, 4, 0, 0), 1] = ModuleProfileResult(compute_cost=295.529, peak_memory=49.366 GB, invar_size=45.240 GB, outvar_size=14.720 GB, temp_buffer_size=4.032 GB, available_memory=64.000 GB, comm_cost=0.000)
result[(1, 4, 0, 1), 0] = ModuleProfileResult(compute_cost=286.577, peak_memory=46.787 GB, invar_size=14.720 GB, outvar_size=30.614 GB, temp_buffer_size=1.453 GB, available_memory=64.000 GB, comm_cost=0.000)
result[(1, 4, 0, 1), 1] = ModuleProfileResult(compute_cost=295.529, peak_memory=49.366 GB, invar_size=45.240 GB, outvar_size=14.720 GB, temp_buffer_size=4.032 GB, available_memory=64.000 GB, comm_cost=0.000)
result[(1, 5, 0, 0), 0] = ModuleProfileResult(compute_cost=347.418, peak_memory=57.147 GB, invar_size=18.095 GB, outvar_size=37.458 GB, temp_buffer_size=1.594 GB, available_memory=64.000 GB, comm_cost=0.000)
result[(1, 5, 0, 0), 1] = ModuleProfileResult(compute_cost=360.575, peak_memory=59.821 GB, invar_size=55.460 GB, outvar_size=18.095 GB, temp_buffer_size=4.267 GB, available_memory=64.000 GB, comm_cost=0.000)
result[(1, 5, 0, 1), 0] = ModuleProfileResult(compute_cost=347.418, peak_memory=57.147 GB, invar_size=18.095 GB, outvar_size=37.458 GB, temp_buffer_size=1.594 GB, available_memory=64.000 GB, comm_cost=0.000)
result[(1, 5, 0, 1), 1] = ModuleProfileResult(compute_cost=360.575, peak_memory=59.821 GB, invar_size=55.460 GB, outvar_size=18.095 GB, temp_buffer_size=4.267 GB, available_memory=64.000 GB, comm_cost=0.000)
result[(1, 6, 0, 0), 0] = ModuleProfileResult(compute_cost=408.258, peak_memory=67.508 GB, invar_size=21.471 GB, outvar_size=44.303 GB, temp_buffer_size=1.734 GB, available_memory=64.000 GB, comm_cost=0.000)
result[(1, 6, 0, 0), 1] = ModuleProfileResult(compute_cost=425.621, peak_memory=70.931 GB, invar_size=65.680 GB, outvar_size=21.471 GB, temp_buffer_size=5.158 GB, available_memory=64.000 GB, comm_cost=0.000)
result[(1, 6, 0, 1), 0] = ModuleProfileResult(compute_cost=408.258, peak_memory=67.508 GB, invar_size=21.471 GB, outvar_size=44.303 GB, temp_buffer_size=1.734 GB, available_memory=64.000 GB, comm_cost=0.000)
result[(1, 6, 0, 1), 1] = ModuleProfileResult(compute_cost=425.621, peak_memory=70.931 GB, invar_size=65.680 GB, outvar_size=21.471 GB, temp_buffer_size=5.158 GB, available_memory=64.000 GB, comm_cost=0.000)
result[(1, 7, 0, 0), 0] = ModuleProfileResult(compute_cost=469.098, peak_memory=77.869 GB, invar_size=24.846 GB, outvar_size=51.148 GB, temp_buffer_size=1.875 GB, available_memory=64.000 GB, comm_cost=0.000)
result[(1, 7, 0, 0), 1] = ModuleProfileResult(compute_cost=490.667, peak_memory=80.542 GB, invar_size=75.900 GB, outvar_size=24.846 GB, temp_buffer_size=4.548 GB, available_memory=64.000 GB, comm_cost=0.000)
result[(1, 7, 0, 1), 0] = ModuleProfileResult(compute_cost=469.098, peak_memory=77.869 GB, invar_size=24.846 GB, outvar_size=51.148 GB, temp_buffer_size=1.875 GB, available_memory=64.000 GB, comm_cost=0.000)
result[(1, 7, 0, 1), 1] = ModuleProfileResult(compute_cost=490.667, peak_memory=80.542 GB, invar_size=75.900 GB, outvar_size=24.846 GB, temp_buffer_size=4.548 GB, available_memory=64.000 GB, comm_cost=0.000)
result[(1, 8, 0, 0), 0] = ModuleProfileResult(compute_cost=529.939, peak_memory=88.229 GB, invar_size=28.221 GB, outvar_size=57.992 GB, temp_buffer_size=2.016 GB, available_memory=64.000 GB, comm_cost=0.000)
result[(1, 8, 0, 0), 1] = ModuleProfileResult(compute_cost=555.713, peak_memory=91.934 GB, invar_size=86.120 GB, outvar_size=28.221 GB, temp_buffer_size=5.721 GB, available_memory=64.000 GB, comm_cost=0.000)
result[(1, 8, 0, 1), 0] = ModuleProfileResult(compute_cost=529.939, peak_memory=88.229 GB, invar_size=28.221 GB, outvar_size=57.992 GB, temp_buffer_size=2.016 GB, available_memory=64.000 GB, comm_cost=0.000)
result[(1, 8, 0, 1), 1] = ModuleProfileResult(compute_cost=555.713, peak_memory=91.934 GB, invar_size=86.120 GB, outvar_size=28.221 GB, temp_buffer_size=5.721 GB, available_memory=64.000 GB, comm_cost=0.000)
result[(1, 9, 0, 0), 0] = ModuleProfileResult(compute_cost=590.779, peak_memory=98.637 GB, invar_size=31.597 GB, outvar_size=64.837 GB, temp_buffer_size=2.203 GB, available_memory=64.000 GB, comm_cost=0.000)
result[(1, 9, 0, 0), 1] = ModuleProfileResult(compute_cost=620.760, peak_memory=102.623 GB, invar_size=96.340 GB, outvar_size=31.597 GB, temp_buffer_size=6.189 GB, available_memory=64.000 GB, comm_cost=0.000)
result[(1, 9, 0, 1), 0] = ModuleProfileResult(compute_cost=590.779, peak_memory=98.637 GB, invar_size=31.597 GB, outvar_size=64.837 GB, temp_buffer_size=2.203 GB, available_memory=64.000 GB, comm_cost=0.000)
result[(1, 9, 0, 1), 1] = ModuleProfileResult(compute_cost=620.760, peak_memory=102.623 GB, invar_size=96.340 GB, outvar_size=31.597 GB, temp_buffer_size=6.189 GB, available_memory=64.000 GB, comm_cost=0.000)
result[(1, 10, 0, 0), 0] = ModuleProfileResult(compute_cost=651.620, peak_memory=108.950 GB, invar_size=34.972 GB, outvar_size=71.682 GB, temp_buffer_size=2.297 GB, available_memory=64.000 GB, comm_cost=0.000)
result[(1, 10, 0, 0), 1] = ModuleProfileResult(compute_cost=685.806, peak_memory=114.061 GB, invar_size=106.560 GB, outvar_size=34.972 GB, temp_buffer_size=7.407 GB, available_memory=64.000 GB, comm_cost=0.000)
result[(1, 10, 0, 1), 0] = ModuleProfileResult(compute_cost=651.620, peak_memory=108.950 GB, invar_size=34.972 GB, outvar_size=71.682 GB, temp_buffer_size=2.297 GB, available_memory=64.000 GB, comm_cost=0.000)
result[(1, 10, 0, 1), 1] = ModuleProfileResult(compute_cost=685.806, peak_memory=114.061 GB, invar_size=106.560 GB, outvar_size=34.972 GB, temp_buffer_size=7.407 GB, available_memory=64.000 GB, comm_cost=0.000)
result[(1, 11, 0, 0), 0] = ModuleProfileResult(compute_cost=669.807, peak_memory=115.236 GB, invar_size=38.372 GB, outvar_size=76.769 GB, temp_buffer_size=0.094 GB, available_memory=64.000 GB, comm_cost=0.000)
result[(1, 11, 0, 0), 1] = ModuleProfileResult(compute_cost=728.143, peak_memory=123.022 GB, invar_size=115.048 GB, outvar_size=38.372 GB, temp_buffer_size=7.880 GB, available_memory=64.000 GB, comm_cost=0.000)
result[(1, 11, 0, 1), 0] = ModuleProfileResult(compute_cost=669.807, peak_memory=115.236 GB, invar_size=38.372 GB, outvar_size=76.769 GB, temp_buffer_size=0.094 GB, available_memory=64.000 GB, comm_cost=0.000)
result[(1, 11, 0, 1), 1] = ModuleProfileResult(compute_cost=728.143, peak_memory=123.022 GB, invar_size=115.048 GB, outvar_size=38.372 GB, temp_buffer_size=7.880 GB, available_memory=64.000 GB, comm_cost=0.000)
result[(2, 2, 0, 0), 0] = ModuleProfileResult(compute_cost=103.868, peak_memory=15.612 GB, invar_size=4.594 GB, outvar_size=9.986 GB, temp_buffer_size=1.031 GB, available_memory=64.000 GB, comm_cost=0.000)
result[(2, 2, 0, 0), 1] = ModuleProfileResult(compute_cost=100.109, peak_memory=16.643 GB, invar_size=14.486 GB, outvar_size=4.594 GB, temp_buffer_size=2.063 GB, available_memory=64.000 GB, comm_cost=0.000)
result[(2, 2, 0, 1), 0] = ModuleProfileResult(compute_cost=103.868, peak_memory=15.612 GB, invar_size=4.594 GB, outvar_size=9.986 GB, temp_buffer_size=1.031 GB, available_memory=64.000 GB, comm_cost=0.000)
result[(2, 2, 0, 1), 1] = ModuleProfileResult(compute_cost=100.109, peak_memory=16.643 GB, invar_size=14.486 GB, outvar_size=4.594 GB, temp_buffer_size=2.063 GB, available_memory=64.000 GB, comm_cost=0.000)
result[(2, 3, 0, 0), 0] = ModuleProfileResult(compute_cost=164.709, peak_memory=25.785 GB, invar_size=7.970 GB, outvar_size=16.831 GB, temp_buffer_size=0.984 GB, available_memory=64.000 GB, comm_cost=0.000)
result[(2, 3, 0, 0), 1] = ModuleProfileResult(compute_cost=165.155, peak_memory=27.473 GB, invar_size=24.706 GB, outvar_size=7.969 GB, temp_buffer_size=2.673 GB, available_memory=64.000 GB, comm_cost=0.000)
result[(2, 3, 0, 1), 0] = ModuleProfileResult(compute_cost=164.709, peak_memory=25.785 GB, invar_size=7.970 GB, outvar_size=16.831 GB, temp_buffer_size=0.984 GB, available_memory=64.000 GB, comm_cost=0.000)
result[(2, 3, 0, 1), 1] = ModuleProfileResult(compute_cost=165.155, peak_memory=27.473 GB, invar_size=24.706 GB, outvar_size=7.969 GB, temp_buffer_size=2.673 GB, available_memory=64.000 GB, comm_cost=0.000)
result[(2, 4, 0, 0), 0] = ModuleProfileResult(compute_cost=225.549, peak_memory=36.192 GB, invar_size=11.345 GB, outvar_size=23.675 GB, temp_buffer_size=1.172 GB, available_memory=64.000 GB, comm_cost=0.000)
result[(2, 4, 0, 0), 1] = ModuleProfileResult(compute_cost=230.201, peak_memory=38.396 GB, invar_size=34.926 GB, outvar_size=11.345 GB, temp_buffer_size=3.376 GB, available_memory=64.000 GB, comm_cost=0.000)
result[(2, 4, 0, 1), 0] = ModuleProfileResult(compute_cost=225.549, peak_memory=36.192 GB, invar_size=11.345 GB, outvar_size=23.675 GB, temp_buffer_size=1.172 GB, available_memory=64.000 GB, comm_cost=0.000)
result[(2, 4, 0, 1), 1] = ModuleProfileResult(compute_cost=230.201, peak_memory=38.396 GB, invar_size=34.926 GB, outvar_size=11.345 GB, temp_buffer_size=3.376 GB, available_memory=64.000 GB, comm_cost=0.000)
result[(2, 5, 0, 0), 0] = ModuleProfileResult(compute_cost=286.390, peak_memory=46.553 GB, invar_size=14.720 GB, outvar_size=30.520 GB, temp_buffer_size=1.313 GB, available_memory=64.000 GB, comm_cost=0.000)
result[(2, 5, 0, 0), 1] = ModuleProfileResult(compute_cost=295.248, peak_memory=49.647 GB, invar_size=45.146 GB, outvar_size=14.720 GB, temp_buffer_size=4.407 GB, available_memory=64.000 GB, comm_cost=0.000)
result[(2, 5, 0, 1), 0] = ModuleProfileResult(compute_cost=286.390, peak_memory=46.553 GB, invar_size=14.720 GB, outvar_size=30.520 GB, temp_buffer_size=1.313 GB, available_memory=64.000 GB, comm_cost=0.000)
result[(2, 5, 0, 1), 1] = ModuleProfileResult(compute_cost=295.248, peak_memory=49.647 GB, invar_size=45.146 GB, outvar_size=14.720 GB, temp_buffer_size=4.407 GB, available_memory=64.000 GB, comm_cost=0.000)
result[(2, 6, 0, 0), 0] = ModuleProfileResult(compute_cost=347.230, peak_memory=56.913 GB, invar_size=18.095 GB, outvar_size=37.365 GB, temp_buffer_size=1.453 GB, available_memory=64.000 GB, comm_cost=0.000)
result[(2, 6, 0, 0), 1] = ModuleProfileResult(compute_cost=360.294, peak_memory=59.727 GB, invar_size=55.366 GB, outvar_size=18.095 GB, temp_buffer_size=4.267 GB, available_memory=64.000 GB, comm_cost=0.000)
result[(2, 6, 0, 1), 0] = ModuleProfileResult(compute_cost=347.230, peak_memory=56.913 GB, invar_size=18.095 GB, outvar_size=37.365 GB, temp_buffer_size=1.453 GB, available_memory=64.000 GB, comm_cost=0.000)
result[(2, 6, 0, 1), 1] = ModuleProfileResult(compute_cost=360.294, peak_memory=59.727 GB, invar_size=55.366 GB, outvar_size=18.095 GB, temp_buffer_size=4.267 GB, available_memory=64.000 GB, comm_cost=0.000)
result[(2, 7, 0, 0), 0] = ModuleProfileResult(compute_cost=408.070, peak_memory=67.274 GB, invar_size=21.471 GB, outvar_size=44.209 GB, temp_buffer_size=1.595 GB, available_memory=64.000 GB, comm_cost=0.000)
result[(2, 7, 0, 0), 1] = ModuleProfileResult(compute_cost=425.340, peak_memory=70.181 GB, invar_size=65.586 GB, outvar_size=21.471 GB, temp_buffer_size=4.501 GB, available_memory=64.000 GB, comm_cost=0.000)
result[(2, 7, 0, 1), 0] = ModuleProfileResult(compute_cost=408.070, peak_memory=67.274 GB, invar_size=21.471 GB, outvar_size=44.209 GB, temp_buffer_size=1.595 GB, available_memory=64.000 GB, comm_cost=0.000)
result[(2, 7, 0, 1), 1] = ModuleProfileResult(compute_cost=425.340, peak_memory=70.181 GB, invar_size=65.586 GB, outvar_size=21.471 GB, temp_buffer_size=4.501 GB, available_memory=64.000 GB, comm_cost=0.000)
result[(2, 8, 0, 0), 0] = ModuleProfileResult(compute_cost=468.911, peak_memory=77.635 GB, invar_size=24.846 GB, outvar_size=51.054 GB, temp_buffer_size=1.735 GB, available_memory=64.000 GB, comm_cost=0.000)
result[(2, 8, 0, 0), 1] = ModuleProfileResult(compute_cost=490.386, peak_memory=80.729 GB, invar_size=75.806 GB, outvar_size=24.846 GB, temp_buffer_size=4.829 GB, available_memory=64.000 GB, comm_cost=0.000)
result[(2, 8, 0, 1), 0] = ModuleProfileResult(compute_cost=468.911, peak_memory=77.635 GB, invar_size=24.846 GB, outvar_size=51.054 GB, temp_buffer_size=1.735 GB, available_memory=64.000 GB, comm_cost=0.000)
result[(2, 8, 0, 1), 1] = ModuleProfileResult(compute_cost=490.386, peak_memory=80.729 GB, invar_size=75.806 GB, outvar_size=24.846 GB, temp_buffer_size=4.829 GB, available_memory=64.000 GB, comm_cost=0.000)
result[(2, 9, 0, 0), 0] = ModuleProfileResult(compute_cost=529.751, peak_memory=87.996 GB, invar_size=28.221 GB, outvar_size=57.898 GB, temp_buffer_size=1.876 GB, available_memory=64.000 GB, comm_cost=0.000)
result[(2, 9, 0, 0), 1] = ModuleProfileResult(compute_cost=555.432, peak_memory=92.028 GB, invar_size=86.026 GB, outvar_size=28.221 GB, temp_buffer_size=5.908 GB, available_memory=64.000 GB, comm_cost=0.000)
result[(2, 9, 0, 1), 0] = ModuleProfileResult(compute_cost=529.751, peak_memory=87.996 GB, invar_size=28.221 GB, outvar_size=57.898 GB, temp_buffer_size=1.876 GB, available_memory=64.000 GB, comm_cost=0.000)
result[(2, 9, 0, 1), 1] = ModuleProfileResult(compute_cost=555.432, peak_memory=92.028 GB, invar_size=86.026 GB, outvar_size=28.221 GB, temp_buffer_size=5.908 GB, available_memory=64.000 GB, comm_cost=0.000)
result[(2, 10, 0, 0), 0] = ModuleProfileResult(compute_cost=590.592, peak_memory=98.356 GB, invar_size=31.597 GB, outvar_size=64.743 GB, temp_buffer_size=2.016 GB, available_memory=64.000 GB, comm_cost=0.000)
result[(2, 10, 0, 0), 1] = ModuleProfileResult(compute_cost=620.479, peak_memory=102.669 GB, invar_size=96.246 GB, outvar_size=31.597 GB, temp_buffer_size=6.330 GB, available_memory=64.000 GB, comm_cost=0.000)
result[(2, 10, 0, 1), 0] = ModuleProfileResult(compute_cost=590.592, peak_memory=98.356 GB, invar_size=31.597 GB, outvar_size=64.743 GB, temp_buffer_size=2.016 GB, available_memory=64.000 GB, comm_cost=0.000)
result[(2, 10, 0, 1), 1] = ModuleProfileResult(compute_cost=620.479, peak_memory=102.669 GB, invar_size=96.246 GB, outvar_size=31.597 GB, temp_buffer_size=6.330 GB, available_memory=64.000 GB, comm_cost=0.000)
result[(2, 11, 0, 0), 0] = ModuleProfileResult(compute_cost=608.779, peak_memory=104.922 GB, invar_size=34.997 GB, outvar_size=69.831 GB, temp_buffer_size=0.094 GB, available_memory=64.000 GB, comm_cost=0.000)
result[(2, 11, 0, 0), 1] = ModuleProfileResult(compute_cost=662.816, peak_memory=112.287 GB, invar_size=104.734 GB, outvar_size=34.997 GB, temp_buffer_size=7.459 GB, available_memory=64.000 GB, comm_cost=0.000)
result[(2, 11, 0, 1), 0] = ModuleProfileResult(compute_cost=608.779, peak_memory=104.922 GB, invar_size=34.997 GB, outvar_size=69.831 GB, temp_buffer_size=0.094 GB, available_memory=64.000 GB, comm_cost=0.000)
result[(2, 11, 0, 1), 1] = ModuleProfileResult(compute_cost=662.816, peak_memory=112.287 GB, invar_size=104.734 GB, outvar_size=34.997 GB, temp_buffer_size=7.459 GB, available_memory=64.000 GB, comm_cost=0.000)
result[(3, 3, 0, 0), 0] = ModuleProfileResult(compute_cost=60.840, peak_memory=11.298 GB, invar_size=3.469 GB, outvar_size=6.938 GB, temp_buffer_size=0.891 GB, available_memory=64.000 GB, comm_cost=0.000)
result[(3, 3, 0, 0), 1] = ModuleProfileResult(compute_cost=65.046, peak_memory=11.908 GB, invar_size=10.314 GB, outvar_size=3.469 GB, temp_buffer_size=1.501 GB, available_memory=64.000 GB, comm_cost=0.000)
result[(3, 3, 0, 1), 0] = ModuleProfileResult(compute_cost=60.840, peak_memory=11.298 GB, invar_size=3.469 GB, outvar_size=6.938 GB, temp_buffer_size=0.891 GB, available_memory=64.000 GB, comm_cost=0.000)
result[(3, 3, 0, 1), 1] = ModuleProfileResult(compute_cost=65.046, peak_memory=11.908 GB, invar_size=10.314 GB, outvar_size=3.469 GB, temp_buffer_size=1.501 GB, available_memory=64.000 GB, comm_cost=0.000)
result[(3, 4, 0, 0), 0] = ModuleProfileResult(compute_cost=121.681, peak_memory=21.612 GB, invar_size=6.844 GB, outvar_size=13.783 GB, temp_buffer_size=0.984 GB, available_memory=64.000 GB, comm_cost=0.000)
result[(3, 4, 0, 0), 1] = ModuleProfileResult(compute_cost=130.092, peak_memory=23.065 GB, invar_size=20.534 GB, outvar_size=6.844 GB, temp_buffer_size=2.438 GB, available_memory=64.000 GB, comm_cost=0.000)
result[(3, 4, 0, 1), 0] = ModuleProfileResult(compute_cost=121.681, peak_memory=21.612 GB, invar_size=6.844 GB, outvar_size=13.783 GB, temp_buffer_size=0.984 GB, available_memory=64.000 GB, comm_cost=0.000)
result[(3, 4, 0, 1), 1] = ModuleProfileResult(compute_cost=130.092, peak_memory=23.065 GB, invar_size=20.534 GB, outvar_size=6.844 GB, temp_buffer_size=2.438 GB, available_memory=64.000 GB, comm_cost=0.000)
result[(3, 5, 0, 0), 0] = ModuleProfileResult(compute_cost=182.521, peak_memory=31.832 GB, invar_size=10.220 GB, outvar_size=20.628 GB, temp_buffer_size=0.984 GB, available_memory=64.000 GB, comm_cost=0.000)
result[(3, 5, 0, 0), 1] = ModuleProfileResult(compute_cost=195.139, peak_memory=34.316 GB, invar_size=30.754 GB, outvar_size=10.220 GB, temp_buffer_size=3.469 GB, available_memory=64.000 GB, comm_cost=0.000)
result[(3, 5, 0, 1), 0] = ModuleProfileResult(compute_cost=182.521, peak_memory=31.832 GB, invar_size=10.220 GB, outvar_size=20.628 GB, temp_buffer_size=0.984 GB, available_memory=64.000 GB, comm_cost=0.000)
result[(3, 5, 0, 1), 1] = ModuleProfileResult(compute_cost=195.139, peak_memory=34.316 GB, invar_size=30.754 GB, outvar_size=10.220 GB, temp_buffer_size=3.469 GB, available_memory=64.000 GB, comm_cost=0.000)
result[(3, 6, 0, 0), 0] = ModuleProfileResult(compute_cost=243.362, peak_memory=42.192 GB, invar_size=13.595 GB, outvar_size=27.472 GB, temp_buffer_size=1.125 GB, available_memory=64.000 GB, comm_cost=0.000)
result[(3, 6, 0, 0), 1] = ModuleProfileResult(compute_cost=260.185, peak_memory=45.380 GB, invar_size=40.973 GB, outvar_size=13.595 GB, temp_buffer_size=4.313 GB, available_memory=64.000 GB, comm_cost=0.000)
result[(3, 6, 0, 1), 0] = ModuleProfileResult(compute_cost=243.362, peak_memory=42.192 GB, invar_size=13.595 GB, outvar_size=27.472 GB, temp_buffer_size=1.125 GB, available_memory=64.000 GB, comm_cost=0.000)
result[(3, 6, 0, 1), 1] = ModuleProfileResult(compute_cost=260.185, peak_memory=45.380 GB, invar_size=40.973 GB, outvar_size=13.595 GB, temp_buffer_size=4.313 GB, available_memory=64.000 GB, comm_cost=0.000)
result[(3, 7, 0, 0), 0] = ModuleProfileResult(compute_cost=304.202, peak_memory=52.553 GB, invar_size=16.970 GB, outvar_size=34.317 GB, temp_buffer_size=1.266 GB, available_memory=64.000 GB, comm_cost=0.000)
result[(3, 7, 0, 0), 1] = ModuleProfileResult(compute_cost=325.231, peak_memory=55.647 GB, invar_size=51.193 GB, outvar_size=16.970 GB, temp_buffer_size=4.360 GB, available_memory=64.000 GB, comm_cost=0.000)
result[(3, 7, 0, 1), 0] = ModuleProfileResult(compute_cost=304.202, peak_memory=52.553 GB, invar_size=16.970 GB, outvar_size=34.317 GB, temp_buffer_size=1.266 GB, available_memory=64.000 GB, comm_cost=0.000)
result[(3, 7, 0, 1), 1] = ModuleProfileResult(compute_cost=325.231, peak_memory=55.647 GB, invar_size=51.193 GB, outvar_size=16.970 GB, temp_buffer_size=4.360 GB, available_memory=64.000 GB, comm_cost=0.000)
result[(3, 8, 0, 0), 0] = ModuleProfileResult(compute_cost=365.043, peak_memory=62.913 GB, invar_size=20.346 GB, outvar_size=41.162 GB, temp_buffer_size=1.406 GB, available_memory=64.000 GB, comm_cost=0.000)
result[(3, 8, 0, 0), 1] = ModuleProfileResult(compute_cost=390.277, peak_memory=66.054 GB, invar_size=61.413 GB, outvar_size=20.346 GB, temp_buffer_size=4.547 GB, available_memory=64.000 GB, comm_cost=0.000)
result[(3, 8, 0, 1), 0] = ModuleProfileResult(compute_cost=365.043, peak_memory=62.913 GB, invar_size=20.346 GB, outvar_size=41.162 GB, temp_buffer_size=1.406 GB, available_memory=64.000 GB, comm_cost=0.000)
result[(3, 8, 0, 1), 1] = ModuleProfileResult(compute_cost=390.277, peak_memory=66.054 GB, invar_size=61.413 GB, outvar_size=20.346 GB, temp_buffer_size=4.547 GB, available_memory=64.000 GB, comm_cost=0.000)
result[(3, 9, 0, 0), 0] = ModuleProfileResult(compute_cost=425.883, peak_memory=73.274 GB, invar_size=23.721 GB, outvar_size=48.006 GB, temp_buffer_size=1.547 GB, available_memory=64.000 GB, comm_cost=0.000)
result[(3, 9, 0, 0), 1] = ModuleProfileResult(compute_cost=455.323, peak_memory=76.649 GB, invar_size=71.633 GB, outvar_size=23.721 GB, temp_buffer_size=4.922 GB, available_memory=64.000 GB, comm_cost=0.000)
result[(3, 9, 0, 1), 0] = ModuleProfileResult(compute_cost=425.883, peak_memory=73.274 GB, invar_size=23.721 GB, outvar_size=48.006 GB, temp_buffer_size=1.547 GB, available_memory=64.000 GB, comm_cost=0.000)
result[(3, 9, 0, 1), 1] = ModuleProfileResult(compute_cost=455.323, peak_memory=76.649 GB, invar_size=71.633 GB, outvar_size=23.721 GB, temp_buffer_size=4.922 GB, available_memory=64.000 GB, comm_cost=0.000)
result[(3, 10, 0, 0), 0] = ModuleProfileResult(compute_cost=486.723, peak_memory=83.635 GB, invar_size=27.096 GB, outvar_size=54.851 GB, temp_buffer_size=1.688 GB, available_memory=64.000 GB, comm_cost=0.000)
result[(3, 10, 0, 0), 1] = ModuleProfileResult(compute_cost=520.370, peak_memory=86.072 GB, invar_size=81.853 GB, outvar_size=27.096 GB, temp_buffer_size=4.125 GB, available_memory=64.000 GB, comm_cost=0.000)
result[(3, 10, 0, 1), 0] = ModuleProfileResult(compute_cost=486.723, peak_memory=83.635 GB, invar_size=27.096 GB, outvar_size=54.851 GB, temp_buffer_size=1.688 GB, available_memory=64.000 GB, comm_cost=0.000)
result[(3, 10, 0, 1), 1] = ModuleProfileResult(compute_cost=520.370, peak_memory=86.072 GB, invar_size=81.853 GB, outvar_size=27.096 GB, temp_buffer_size=4.125 GB, available_memory=64.000 GB, comm_cost=0.000)
result[(3, 11, 0, 0), 0] = ModuleProfileResult(compute_cost=504.911, peak_memory=90.483 GB, invar_size=30.497 GB, outvar_size=59.939 GB, temp_buffer_size=0.047 GB, available_memory=64.000 GB, comm_cost=0.000)
result[(3, 11, 0, 0), 1] = ModuleProfileResult(compute_cost=562.707, peak_memory=96.582 GB, invar_size=90.342 GB, outvar_size=30.497 GB, temp_buffer_size=6.147 GB, available_memory=64.000 GB, comm_cost=0.000)
result[(3, 11, 0, 1), 0] = ModuleProfileResult(compute_cost=504.911, peak_memory=90.483 GB, invar_size=30.497 GB, outvar_size=59.939 GB, temp_buffer_size=0.047 GB, available_memory=64.000 GB, comm_cost=0.000)
result[(3, 11, 0, 1), 1] = ModuleProfileResult(compute_cost=562.707, peak_memory=96.582 GB, invar_size=90.342 GB, outvar_size=30.497 GB, temp_buffer_size=6.147 GB, available_memory=64.000 GB, comm_cost=0.000)
result[(4, 4, 0, 0), 0] = ModuleProfileResult(compute_cost=60.840, peak_memory=11.298 GB, invar_size=3.469 GB, outvar_size=6.938 GB, temp_buffer_size=0.891 GB, available_memory=64.000 GB, comm_cost=0.000)
result[(4, 4, 0, 0), 1] = ModuleProfileResult(compute_cost=65.046, peak_memory=11.908 GB, invar_size=10.314 GB, outvar_size=3.469 GB, temp_buffer_size=1.501 GB, available_memory=64.000 GB, comm_cost=0.000)
result[(4, 4, 0, 1), 0] = ModuleProfileResult(compute_cost=60.840, peak_memory=11.298 GB, invar_size=3.469 GB, outvar_size=6.938 GB, temp_buffer_size=0.891 GB, available_memory=64.000 GB, comm_cost=0.000)
result[(4, 4, 0, 1), 1] = ModuleProfileResult(compute_cost=65.046, peak_memory=11.908 GB, invar_size=10.314 GB, outvar_size=3.469 GB, temp_buffer_size=1.501 GB, available_memory=64.000 GB, comm_cost=0.000)
result[(4, 5, 0, 0), 0] = ModuleProfileResult(compute_cost=121.681, peak_memory=21.612 GB, invar_size=6.844 GB, outvar_size=13.783 GB, temp_buffer_size=0.984 GB, available_memory=64.000 GB, comm_cost=0.000)
result[(4, 5, 0, 0), 1] = ModuleProfileResult(compute_cost=130.092, peak_memory=23.065 GB, invar_size=20.534 GB, outvar_size=6.844 GB, temp_buffer_size=2.438 GB, available_memory=64.000 GB, comm_cost=0.000)
result[(4, 5, 0, 1), 0] = ModuleProfileResult(compute_cost=121.681, peak_memory=21.612 GB, invar_size=6.844 GB, outvar_size=13.783 GB, temp_buffer_size=0.984 GB, available_memory=64.000 GB, comm_cost=0.000)
result[(4, 5, 0, 1), 1] = ModuleProfileResult(compute_cost=130.092, peak_memory=23.065 GB, invar_size=20.534 GB, outvar_size=6.844 GB, temp_buffer_size=2.438 GB, available_memory=64.000 GB, comm_cost=0.000)
result[(4, 6, 0, 0), 0] = ModuleProfileResult(compute_cost=182.521, peak_memory=31.832 GB, invar_size=10.220 GB, outvar_size=20.628 GB, temp_buffer_size=0.984 GB, available_memory=64.000 GB, comm_cost=0.000)
result[(4, 6, 0, 0), 1] = ModuleProfileResult(compute_cost=195.139, peak_memory=34.316 GB, invar_size=30.754 GB, outvar_size=10.220 GB, temp_buffer_size=3.469 GB, available_memory=64.000 GB, comm_cost=0.000)
result[(4, 6, 0, 1), 0] = ModuleProfileResult(compute_cost=182.521, peak_memory=31.832 GB, invar_size=10.220 GB, outvar_size=20.628 GB, temp_buffer_size=0.984 GB, available_memory=64.000 GB, comm_cost=0.000)
result[(4, 6, 0, 1), 1] = ModuleProfileResult(compute_cost=195.139, peak_memory=34.316 GB, invar_size=30.754 GB, outvar_size=10.220 GB, temp_buffer_size=3.469 GB, available_memory=64.000 GB, comm_cost=0.000)
result[(4, 7, 0, 0), 0] = ModuleProfileResult(compute_cost=243.362, peak_memory=42.192 GB, invar_size=13.595 GB, outvar_size=27.472 GB, temp_buffer_size=1.125 GB, available_memory=64.000 GB, comm_cost=0.000)
result[(4, 7, 0, 0), 1] = ModuleProfileResult(compute_cost=260.185, peak_memory=45.380 GB, invar_size=40.973 GB, outvar_size=13.595 GB, temp_buffer_size=4.313 GB, available_memory=64.000 GB, comm_cost=0.000)
result[(4, 7, 0, 1), 0] = ModuleProfileResult(compute_cost=243.362, peak_memory=42.192 GB, invar_size=13.595 GB, outvar_size=27.472 GB, temp_buffer_size=1.125 GB, available_memory=64.000 GB, comm_cost=0.000)
result[(4, 7, 0, 1), 1] = ModuleProfileResult(compute_cost=260.185, peak_memory=45.380 GB, invar_size=40.973 GB, outvar_size=13.595 GB, temp_buffer_size=4.313 GB, available_memory=64.000 GB, comm_cost=0.000)
result[(4, 8, 0, 0), 0] = ModuleProfileResult(compute_cost=304.202, peak_memory=52.553 GB, invar_size=16.970 GB, outvar_size=34.317 GB, temp_buffer_size=1.266 GB, available_memory=64.000 GB, comm_cost=0.000)
result[(4, 8, 0, 0), 1] = ModuleProfileResult(compute_cost=325.231, peak_memory=55.647 GB, invar_size=51.193 GB, outvar_size=16.970 GB, temp_buffer_size=4.360 GB, available_memory=64.000 GB, comm_cost=0.000)
result[(4, 8, 0, 1), 0] = ModuleProfileResult(compute_cost=304.202, peak_memory=52.553 GB, invar_size=16.970 GB, outvar_size=34.317 GB, temp_buffer_size=1.266 GB, available_memory=64.000 GB, comm_cost=0.000)
result[(4, 8, 0, 1), 1] = ModuleProfileResult(compute_cost=325.231, peak_memory=55.647 GB, invar_size=51.193 GB, outvar_size=16.970 GB, temp_buffer_size=4.360 GB, available_memory=64.000 GB, comm_cost=0.000)
result[(4, 9, 0, 0), 0] = ModuleProfileResult(compute_cost=365.043, peak_memory=62.913 GB, invar_size=20.346 GB, outvar_size=41.162 GB, temp_buffer_size=1.406 GB, available_memory=64.000 GB, comm_cost=0.000)
result[(4, 9, 0, 0), 1] = ModuleProfileResult(compute_cost=390.277, peak_memory=66.054 GB, invar_size=61.413 GB, outvar_size=20.346 GB, temp_buffer_size=4.547 GB, available_memory=64.000 GB, comm_cost=0.000)
result[(4, 9, 0, 1), 0] = ModuleProfileResult(compute_cost=365.043, peak_memory=62.913 GB, invar_size=20.346 GB, outvar_size=41.162 GB, temp_buffer_size=1.406 GB, available_memory=64.000 GB, comm_cost=0.000)
result[(4, 9, 0, 1), 1] = ModuleProfileResult(compute_cost=390.277, peak_memory=66.054 GB, invar_size=61.413 GB, outvar_size=20.346 GB, temp_buffer_size=4.547 GB, available_memory=64.000 GB, comm_cost=0.000)
result[(4, 10, 0, 0), 0] = ModuleProfileResult(compute_cost=425.883, peak_memory=73.274 GB, invar_size=23.721 GB, outvar_size=48.006 GB, temp_buffer_size=1.547 GB, available_memory=64.000 GB, comm_cost=0.000)
result[(4, 10, 0, 0), 1] = ModuleProfileResult(compute_cost=455.323, peak_memory=76.649 GB, invar_size=71.633 GB, outvar_size=23.721 GB, temp_buffer_size=4.922 GB, available_memory=64.000 GB, comm_cost=0.000)
result[(4, 10, 0, 1), 0] = ModuleProfileResult(compute_cost=425.883, peak_memory=73.274 GB, invar_size=23.721 GB, outvar_size=48.006 GB, temp_buffer_size=1.547 GB, available_memory=64.000 GB, comm_cost=0.000)
result[(4, 10, 0, 1), 1] = ModuleProfileResult(compute_cost=455.323, peak_memory=76.649 GB, invar_size=71.633 GB, outvar_size=23.721 GB, temp_buffer_size=4.922 GB, available_memory=64.000 GB, comm_cost=0.000)
result[(4, 11, 0, 0), 0] = ModuleProfileResult(compute_cost=444.070, peak_memory=80.263 GB, invar_size=27.121 GB, outvar_size=53.094 GB, temp_buffer_size=0.047 GB, available_memory=64.000 GB, comm_cost=0.000)
result[(4, 11, 0, 0), 1] = ModuleProfileResult(compute_cost=497.661, peak_memory=85.705 GB, invar_size=80.122 GB, outvar_size=27.121 GB, temp_buffer_size=5.489 GB, available_memory=64.000 GB, comm_cost=0.000)
result[(4, 11, 0, 1), 0] = ModuleProfileResult(compute_cost=444.070, peak_memory=80.263 GB, invar_size=27.121 GB, outvar_size=53.094 GB, temp_buffer_size=0.047 GB, available_memory=64.000 GB, comm_cost=0.000)
result[(4, 11, 0, 1), 1] = ModuleProfileResult(compute_cost=497.661, peak_memory=85.705 GB, invar_size=80.122 GB, outvar_size=27.121 GB, temp_buffer_size=5.489 GB, available_memory=64.000 GB, comm_cost=0.000)
result[(5, 5, 0, 0), 0] = ModuleProfileResult(compute_cost=60.840, peak_memory=11.298 GB, invar_size=3.469 GB, outvar_size=6.938 GB, temp_buffer_size=0.891 GB, available_memory=64.000 GB, comm_cost=0.000)
result[(5, 5, 0, 0), 1] = ModuleProfileResult(compute_cost=65.046, peak_memory=11.908 GB, invar_size=10.314 GB, outvar_size=3.469 GB, temp_buffer_size=1.501 GB, available_memory=64.000 GB, comm_cost=0.000)
result[(5, 5, 0, 1), 0] = ModuleProfileResult(compute_cost=60.840, peak_memory=11.298 GB, invar_size=3.469 GB, outvar_size=6.938 GB, temp_buffer_size=0.891 GB, available_memory=64.000 GB, comm_cost=0.000)
result[(5, 5, 0, 1), 1] = ModuleProfileResult(compute_cost=65.046, peak_memory=11.908 GB, invar_size=10.314 GB, outvar_size=3.469 GB, temp_buffer_size=1.501 GB, available_memory=64.000 GB, comm_cost=0.000)
result[(5, 6, 0, 0), 0] = ModuleProfileResult(compute_cost=121.681, peak_memory=21.612 GB, invar_size=6.844 GB, outvar_size=13.783 GB, temp_buffer_size=0.984 GB, available_memory=64.000 GB, comm_cost=0.000)
result[(5, 6, 0, 0), 1] = ModuleProfileResult(compute_cost=130.092, peak_memory=23.065 GB, invar_size=20.534 GB, outvar_size=6.844 GB, temp_buffer_size=2.438 GB, available_memory=64.000 GB, comm_cost=0.000)
result[(5, 6, 0, 1), 0] = ModuleProfileResult(compute_cost=121.681, peak_memory=21.612 GB, invar_size=6.844 GB, outvar_size=13.783 GB, temp_buffer_size=0.984 GB, available_memory=64.000 GB, comm_cost=0.000)
result[(5, 6, 0, 1), 1] = ModuleProfileResult(compute_cost=130.092, peak_memory=23.065 GB, invar_size=20.534 GB, outvar_size=6.844 GB, temp_buffer_size=2.438 GB, available_memory=64.000 GB, comm_cost=0.000)
result[(5, 7, 0, 0), 0] = ModuleProfileResult(compute_cost=182.521, peak_memory=31.832 GB, invar_size=10.220 GB, outvar_size=20.628 GB, temp_buffer_size=0.984 GB, available_memory=64.000 GB, comm_cost=0.000)
result[(5, 7, 0, 0), 1] = ModuleProfileResult(compute_cost=195.139, peak_memory=34.316 GB, invar_size=30.754 GB, outvar_size=10.220 GB, temp_buffer_size=3.469 GB, available_memory=64.000 GB, comm_cost=0.000)
result[(5, 7, 0, 1), 0] = ModuleProfileResult(compute_cost=182.521, peak_memory=31.832 GB, invar_size=10.220 GB, outvar_size=20.628 GB, temp_buffer_size=0.984 GB, available_memory=64.000 GB, comm_cost=0.000)
result[(5, 7, 0, 1), 1] = ModuleProfileResult(compute_cost=195.139, peak_memory=34.316 GB, invar_size=30.754 GB, outvar_size=10.220 GB, temp_buffer_size=3.469 GB, available_memory=64.000 GB, comm_cost=0.000)
result[(5, 8, 0, 0), 0] = ModuleProfileResult(compute_cost=243.362, peak_memory=42.192 GB, invar_size=13.595 GB, outvar_size=27.472 GB, temp_buffer_size=1.125 GB, available_memory=64.000 GB, comm_cost=0.000)
result[(5, 8, 0, 0), 1] = ModuleProfileResult(compute_cost=260.185, peak_memory=45.380 GB, invar_size=40.973 GB, outvar_size=13.595 GB, temp_buffer_size=4.313 GB, available_memory=64.000 GB, comm_cost=0.000)
result[(5, 8, 0, 1), 0] = ModuleProfileResult(compute_cost=243.362, peak_memory=42.192 GB, invar_size=13.595 GB, outvar_size=27.472 GB, temp_buffer_size=1.125 GB, available_memory=64.000 GB, comm_cost=0.000)
result[(5, 8, 0, 1), 1] = ModuleProfileResult(compute_cost=260.185, peak_memory=45.380 GB, invar_size=40.973 GB, outvar_size=13.595 GB, temp_buffer_size=4.313 GB, available_memory=64.000 GB, comm_cost=0.000)
result[(5, 9, 0, 0), 0] = ModuleProfileResult(compute_cost=304.202, peak_memory=52.553 GB, invar_size=16.970 GB, outvar_size=34.317 GB, temp_buffer_size=1.266 GB, available_memory=64.000 GB, comm_cost=0.000)
result[(5, 9, 0, 0), 1] = ModuleProfileResult(compute_cost=325.231, peak_memory=55.647 GB, invar_size=51.193 GB, outvar_size=16.970 GB, temp_buffer_size=4.360 GB, available_memory=64.000 GB, comm_cost=0.000)
result[(5, 9, 0, 1), 0] = ModuleProfileResult(compute_cost=304.202, peak_memory=52.553 GB, invar_size=16.970 GB, outvar_size=34.317 GB, temp_buffer_size=1.266 GB, available_memory=64.000 GB, comm_cost=0.000)
result[(5, 9, 0, 1), 1] = ModuleProfileResult(compute_cost=325.231, peak_memory=55.647 GB, invar_size=51.193 GB, outvar_size=16.970 GB, temp_buffer_size=4.360 GB, available_memory=64.000 GB, comm_cost=0.000)
result[(5, 10, 0, 0), 0] = ModuleProfileResult(compute_cost=365.043, peak_memory=62.913 GB, invar_size=20.346 GB, outvar_size=41.162 GB, temp_buffer_size=1.406 GB, available_memory=64.000 GB, comm_cost=0.000)
result[(5, 10, 0, 0), 1] = ModuleProfileResult(compute_cost=390.277, peak_memory=66.054 GB, invar_size=61.413 GB, outvar_size=20.346 GB, temp_buffer_size=4.547 GB, available_memory=64.000 GB, comm_cost=0.000)
result[(5, 10, 0, 1), 0] = ModuleProfileResult(compute_cost=365.043, peak_memory=62.913 GB, invar_size=20.346 GB, outvar_size=41.162 GB, temp_buffer_size=1.406 GB, available_memory=64.000 GB, comm_cost=0.000)
result[(5, 10, 0, 1), 1] = ModuleProfileResult(compute_cost=390.277, peak_memory=66.054 GB, invar_size=61.413 GB, outvar_size=20.346 GB, temp_buffer_size=4.547 GB, available_memory=64.000 GB, comm_cost=0.000)
result[(5, 11, 0, 0), 0] = ModuleProfileResult(compute_cost=383.230, peak_memory=70.043 GB, invar_size=23.746 GB, outvar_size=46.250 GB, temp_buffer_size=0.047 GB, available_memory=64.000 GB, comm_cost=0.000)
result[(5, 11, 0, 0), 1] = ModuleProfileResult(compute_cost=432.615, peak_memory=75.344 GB, invar_size=69.902 GB, outvar_size=23.746 GB, temp_buffer_size=5.349 GB, available_memory=64.000 GB, comm_cost=0.000)
result[(5, 11, 0, 1), 0] = ModuleProfileResult(compute_cost=383.230, peak_memory=70.043 GB, invar_size=23.746 GB, outvar_size=46.250 GB, temp_buffer_size=0.047 GB, available_memory=64.000 GB, comm_cost=0.000)
result[(5, 11, 0, 1), 1] = ModuleProfileResult(compute_cost=432.615, peak_memory=75.344 GB, invar_size=69.902 GB, outvar_size=23.746 GB, temp_buffer_size=5.349 GB, available_memory=64.000 GB, comm_cost=0.000)
result[(6, 6, 0, 0), 0] = ModuleProfileResult(compute_cost=60.840, peak_memory=11.298 GB, invar_size=3.469 GB, outvar_size=6.938 GB, temp_buffer_size=0.891 GB, available_memory=64.000 GB, comm_cost=0.000)
result[(6, 6, 0, 0), 1] = ModuleProfileResult(compute_cost=65.046, peak_memory=11.908 GB, invar_size=10.314 GB, outvar_size=3.469 GB, temp_buffer_size=1.501 GB, available_memory=64.000 GB, comm_cost=0.000)
result[(6, 6, 0, 1), 0] = ModuleProfileResult(compute_cost=60.840, peak_memory=11.298 GB, invar_size=3.469 GB, outvar_size=6.938 GB, temp_buffer_size=0.891 GB, available_memory=64.000 GB, comm_cost=0.000)
result[(6, 6, 0, 1), 1] = ModuleProfileResult(compute_cost=65.046, peak_memory=11.908 GB, invar_size=10.314 GB, outvar_size=3.469 GB, temp_buffer_size=1.501 GB, available_memory=64.000 GB, comm_cost=0.000)
result[(6, 7, 0, 0), 0] = ModuleProfileResult(compute_cost=121.681, peak_memory=21.612 GB, invar_size=6.844 GB, outvar_size=13.783 GB, temp_buffer_size=0.984 GB, available_memory=64.000 GB, comm_cost=0.000)
result[(6, 7, 0, 0), 1] = ModuleProfileResult(compute_cost=130.092, peak_memory=23.065 GB, invar_size=20.534 GB, outvar_size=6.844 GB, temp_buffer_size=2.438 GB, available_memory=64.000 GB, comm_cost=0.000)
result[(6, 7, 0, 1), 0] = ModuleProfileResult(compute_cost=121.681, peak_memory=21.612 GB, invar_size=6.844 GB, outvar_size=13.783 GB, temp_buffer_size=0.984 GB, available_memory=64.000 GB, comm_cost=0.000)
result[(6, 7, 0, 1), 1] = ModuleProfileResult(compute_cost=130.092, peak_memory=23.065 GB, invar_size=20.534 GB, outvar_size=6.844 GB, temp_buffer_size=2.438 GB, available_memory=64.000 GB, comm_cost=0.000)
result[(6, 8, 0, 0), 0] = ModuleProfileResult(compute_cost=182.521, peak_memory=31.832 GB, invar_size=10.220 GB, outvar_size=20.628 GB, temp_buffer_size=0.984 GB, available_memory=64.000 GB, comm_cost=0.000)
result[(6, 8, 0, 0), 1] = ModuleProfileResult(compute_cost=195.139, peak_memory=34.316 GB, invar_size=30.754 GB, outvar_size=10.220 GB, temp_buffer_size=3.469 GB, available_memory=64.000 GB, comm_cost=0.000)
result[(6, 8, 0, 1), 0] = ModuleProfileResult(compute_cost=182.521, peak_memory=31.832 GB, invar_size=10.220 GB, outvar_size=20.628 GB, temp_buffer_size=0.984 GB, available_memory=64.000 GB, comm_cost=0.000)
result[(6, 8, 0, 1), 1] = ModuleProfileResult(compute_cost=195.139, peak_memory=34.316 GB, invar_size=30.754 GB, outvar_size=10.220 GB, temp_buffer_size=3.469 GB, available_memory=64.000 GB, comm_cost=0.000)
result[(6, 9, 0, 0), 0] = ModuleProfileResult(compute_cost=243.362, peak_memory=42.192 GB, invar_size=13.595 GB, outvar_size=27.472 GB, temp_buffer_size=1.125 GB, available_memory=64.000 GB, comm_cost=0.000)
result[(6, 9, 0, 0), 1] = ModuleProfileResult(compute_cost=260.185, peak_memory=45.380 GB, invar_size=40.973 GB, outvar_size=13.595 GB, temp_buffer_size=4.313 GB, available_memory=64.000 GB, comm_cost=0.000)
result[(6, 9, 0, 1), 0] = ModuleProfileResult(compute_cost=243.362, peak_memory=42.192 GB, invar_size=13.595 GB, outvar_size=27.472 GB, temp_buffer_size=1.125 GB, available_memory=64.000 GB, comm_cost=0.000)
result[(6, 9, 0, 1), 1] = ModuleProfileResult(compute_cost=260.185, peak_memory=45.380 GB, invar_size=40.973 GB, outvar_size=13.595 GB, temp_buffer_size=4.313 GB, available_memory=64.000 GB, comm_cost=0.000)
result[(6, 10, 0, 0), 0] = ModuleProfileResult(compute_cost=304.202, peak_memory=52.553 GB, invar_size=16.970 GB, outvar_size=34.317 GB, temp_buffer_size=1.266 GB, available_memory=64.000 GB, comm_cost=0.000)
result[(6, 10, 0, 0), 1] = ModuleProfileResult(compute_cost=325.231, peak_memory=55.647 GB, invar_size=51.193 GB, outvar_size=16.970 GB, temp_buffer_size=4.360 GB, available_memory=64.000 GB, comm_cost=0.000)
result[(6, 10, 0, 1), 0] = ModuleProfileResult(compute_cost=304.202, peak_memory=52.553 GB, invar_size=16.970 GB, outvar_size=34.317 GB, temp_buffer_size=1.266 GB, available_memory=64.000 GB, comm_cost=0.000)
result[(6, 10, 0, 1), 1] = ModuleProfileResult(compute_cost=325.231, peak_memory=55.647 GB, invar_size=51.193 GB, outvar_size=16.970 GB, temp_buffer_size=4.360 GB, available_memory=64.000 GB, comm_cost=0.000)
result[(6, 11, 0, 0), 0] = ModuleProfileResult(compute_cost=322.389, peak_memory=59.823 GB, invar_size=20.371 GB, outvar_size=39.405 GB, temp_buffer_size=0.047 GB, available_memory=64.000 GB, comm_cost=0.000)
result[(6, 11, 0, 0), 1] = ModuleProfileResult(compute_cost=367.569, peak_memory=64.749 GB, invar_size=59.682 GB, outvar_size=20.371 GB, temp_buffer_size=4.973 GB, available_memory=64.000 GB, comm_cost=0.000)
result[(6, 11, 0, 1), 0] = ModuleProfileResult(compute_cost=322.389, peak_memory=59.823 GB, invar_size=20.371 GB, outvar_size=39.405 GB, temp_buffer_size=0.047 GB, available_memory=64.000 GB, comm_cost=0.000)
result[(6, 11, 0, 1), 1] = ModuleProfileResult(compute_cost=367.569, peak_memory=64.749 GB, invar_size=59.682 GB, outvar_size=20.371 GB, temp_buffer_size=4.973 GB, available_memory=64.000 GB, comm_cost=0.000)
result[(7, 7, 0, 0), 0] = ModuleProfileResult(compute_cost=60.840, peak_memory=11.298 GB, invar_size=3.469 GB, outvar_size=6.938 GB, temp_buffer_size=0.891 GB, available_memory=64.000 GB, comm_cost=0.000)
result[(7, 7, 0, 0), 1] = ModuleProfileResult(compute_cost=65.046, peak_memory=11.908 GB, invar_size=10.314 GB, outvar_size=3.469 GB, temp_buffer_size=1.501 GB, available_memory=64.000 GB, comm_cost=0.000)
result[(7, 7, 0, 1), 0] = ModuleProfileResult(compute_cost=60.840, peak_memory=11.298 GB, invar_size=3.469 GB, outvar_size=6.938 GB, temp_buffer_size=0.891 GB, available_memory=64.000 GB, comm_cost=0.000)
result[(7, 7, 0, 1), 1] = ModuleProfileResult(compute_cost=65.046, peak_memory=11.908 GB, invar_size=10.314 GB, outvar_size=3.469 GB, temp_buffer_size=1.501 GB, available_memory=64.000 GB, comm_cost=0.000)
result[(7, 8, 0, 0), 0] = ModuleProfileResult(compute_cost=121.681, peak_memory=21.612 GB, invar_size=6.844 GB, outvar_size=13.783 GB, temp_buffer_size=0.984 GB, available_memory=64.000 GB, comm_cost=0.000)
result[(7, 8, 0, 0), 1] = ModuleProfileResult(compute_cost=130.092, peak_memory=23.065 GB, invar_size=20.534 GB, outvar_size=6.844 GB, temp_buffer_size=2.438 GB, available_memory=64.000 GB, comm_cost=0.000)
result[(7, 8, 0, 1), 0] = ModuleProfileResult(compute_cost=121.681, peak_memory=21.612 GB, invar_size=6.844 GB, outvar_size=13.783 GB, temp_buffer_size=0.984 GB, available_memory=64.000 GB, comm_cost=0.000)
result[(7, 8, 0, 1), 1] = ModuleProfileResult(compute_cost=130.092, peak_memory=23.065 GB, invar_size=20.534 GB, outvar_size=6.844 GB, temp_buffer_size=2.438 GB, available_memory=64.000 GB, comm_cost=0.000)
result[(7, 9, 0, 0), 0] = ModuleProfileResult(compute_cost=182.521, peak_memory=31.832 GB, invar_size=10.220 GB, outvar_size=20.628 GB, temp_buffer_size=0.984 GB, available_memory=64.000 GB, comm_cost=0.000)
result[(7, 9, 0, 0), 1] = ModuleProfileResult(compute_cost=195.139, peak_memory=34.316 GB, invar_size=30.754 GB, outvar_size=10.220 GB, temp_buffer_size=3.469 GB, available_memory=64.000 GB, comm_cost=0.000)
result[(7, 9, 0, 1), 0] = ModuleProfileResult(compute_cost=182.521, peak_memory=31.832 GB, invar_size=10.220 GB, outvar_size=20.628 GB, temp_buffer_size=0.984 GB, available_memory=64.000 GB, comm_cost=0.000)
result[(7, 9, 0, 1), 1] = ModuleProfileResult(compute_cost=195.139, peak_memory=34.316 GB, invar_size=30.754 GB, outvar_size=10.220 GB, temp_buffer_size=3.469 GB, available_memory=64.000 GB, comm_cost=0.000)
result[(7, 10, 0, 0), 0] = ModuleProfileResult(compute_cost=243.362, peak_memory=42.192 GB, invar_size=13.595 GB, outvar_size=27.472 GB, temp_buffer_size=1.125 GB, available_memory=64.000 GB, comm_cost=0.000)
result[(7, 10, 0, 0), 1] = ModuleProfileResult(compute_cost=260.185, peak_memory=45.380 GB, invar_size=40.973 GB, outvar_size=13.595 GB, temp_buffer_size=4.313 GB, available_memory=64.000 GB, comm_cost=0.000)
result[(7, 10, 0, 1), 0] = ModuleProfileResult(compute_cost=243.362, peak_memory=42.192 GB, invar_size=13.595 GB, outvar_size=27.472 GB, temp_buffer_size=1.125 GB, available_memory=64.000 GB, comm_cost=0.000)
result[(7, 10, 0, 1), 1] = ModuleProfileResult(compute_cost=260.185, peak_memory=45.380 GB, invar_size=40.973 GB, outvar_size=13.595 GB, temp_buffer_size=4.313 GB, available_memory=64.000 GB, comm_cost=0.000)
result[(7, 11, 0, 0), 0] = ModuleProfileResult(compute_cost=261.549, peak_memory=49.603 GB, invar_size=16.995 GB, outvar_size=32.560 GB, temp_buffer_size=0.047 GB, available_memory=64.000 GB, comm_cost=0.000)
result[(7, 11, 0, 0), 1] = ModuleProfileResult(compute_cost=302.522, peak_memory=54.389 GB, invar_size=49.462 GB, outvar_size=16.995 GB, temp_buffer_size=4.833 GB, available_memory=64.000 GB, comm_cost=0.000)
result[(7, 11, 0, 1), 0] = ModuleProfileResult(compute_cost=261.549, peak_memory=49.603 GB, invar_size=16.995 GB, outvar_size=32.560 GB, temp_buffer_size=0.047 GB, available_memory=64.000 GB, comm_cost=0.000)
result[(7, 11, 0, 1), 1] = ModuleProfileResult(compute_cost=302.522, peak_memory=54.389 GB, invar_size=49.462 GB, outvar_size=16.995 GB, temp_buffer_size=4.833 GB, available_memory=64.000 GB, comm_cost=0.000)
result[(8, 8, 0, 0), 0] = ModuleProfileResult(compute_cost=60.840, peak_memory=11.298 GB, invar_size=3.469 GB, outvar_size=6.938 GB, temp_buffer_size=0.891 GB, available_memory=64.000 GB, comm_cost=0.000)
result[(8, 8, 0, 0), 1] = ModuleProfileResult(compute_cost=65.046, peak_memory=11.908 GB, invar_size=10.314 GB, outvar_size=3.469 GB, temp_buffer_size=1.501 GB, available_memory=64.000 GB, comm_cost=0.000)
result[(8, 8, 0, 1), 0] = ModuleProfileResult(compute_cost=60.840, peak_memory=11.298 GB, invar_size=3.469 GB, outvar_size=6.938 GB, temp_buffer_size=0.891 GB, available_memory=64.000 GB, comm_cost=0.000)
result[(8, 8, 0, 1), 1] = ModuleProfileResult(compute_cost=65.046, peak_memory=11.908 GB, invar_size=10.314 GB, outvar_size=3.469 GB, temp_buffer_size=1.501 GB, available_memory=64.000 GB, comm_cost=0.000)
result[(8, 9, 0, 0), 0] = ModuleProfileResult(compute_cost=121.681, peak_memory=21.612 GB, invar_size=6.844 GB, outvar_size=13.783 GB, temp_buffer_size=0.984 GB, available_memory=64.000 GB, comm_cost=0.000)
result[(8, 9, 0, 0), 1] = ModuleProfileResult(compute_cost=130.092, peak_memory=23.065 GB, invar_size=20.534 GB, outvar_size=6.844 GB, temp_buffer_size=2.438 GB, available_memory=64.000 GB, comm_cost=0.000)
result[(8, 9, 0, 1), 0] = ModuleProfileResult(compute_cost=121.681, peak_memory=21.612 GB, invar_size=6.844 GB, outvar_size=13.783 GB, temp_buffer_size=0.984 GB, available_memory=64.000 GB, comm_cost=0.000)
result[(8, 9, 0, 1), 1] = ModuleProfileResult(compute_cost=130.092, peak_memory=23.065 GB, invar_size=20.534 GB, outvar_size=6.844 GB, temp_buffer_size=2.438 GB, available_memory=64.000 GB, comm_cost=0.000)
result[(8, 10, 0, 0), 0] = ModuleProfileResult(compute_cost=182.521, peak_memory=31.832 GB, invar_size=10.220 GB, outvar_size=20.628 GB, temp_buffer_size=0.984 GB, available_memory=64.000 GB, comm_cost=0.000)
result[(8, 10, 0, 0), 1] = ModuleProfileResult(compute_cost=195.139, peak_memory=34.316 GB, invar_size=30.754 GB, outvar_size=10.220 GB, temp_buffer_size=3.469 GB, available_memory=64.000 GB, comm_cost=0.000)
result[(8, 10, 0, 1), 0] = ModuleProfileResult(compute_cost=182.521, peak_memory=31.832 GB, invar_size=10.220 GB, outvar_size=20.628 GB, temp_buffer_size=0.984 GB, available_memory=64.000 GB, comm_cost=0.000)
result[(8, 10, 0, 1), 1] = ModuleProfileResult(compute_cost=195.139, peak_memory=34.316 GB, invar_size=30.754 GB, outvar_size=10.220 GB, temp_buffer_size=3.469 GB, available_memory=64.000 GB, comm_cost=0.000)
result[(8, 11, 0, 0), 0] = ModuleProfileResult(compute_cost=200.708, peak_memory=39.383 GB, invar_size=13.620 GB, outvar_size=25.716 GB, temp_buffer_size=0.047 GB, available_memory=64.000 GB, comm_cost=0.000)
result[(8, 11, 0, 0), 1] = ModuleProfileResult(compute_cost=237.476, peak_memory=43.559 GB, invar_size=39.242 GB, outvar_size=13.620 GB, temp_buffer_size=4.224 GB, available_memory=64.000 GB, comm_cost=0.000)
result[(8, 11, 0, 1), 0] = ModuleProfileResult(compute_cost=200.708, peak_memory=39.383 GB, invar_size=13.620 GB, outvar_size=25.716 GB, temp_buffer_size=0.047 GB, available_memory=64.000 GB, comm_cost=0.000)
result[(8, 11, 0, 1), 1] = ModuleProfileResult(compute_cost=237.476, peak_memory=43.559 GB, invar_size=39.242 GB, outvar_size=13.620 GB, temp_buffer_size=4.224 GB, available_memory=64.000 GB, comm_cost=0.000)
result[(9, 9, 0, 0), 0] = ModuleProfileResult(compute_cost=60.840, peak_memory=11.298 GB, invar_size=3.469 GB, outvar_size=6.938 GB, temp_buffer_size=0.891 GB, available_memory=64.000 GB, comm_cost=0.000)
result[(9, 9, 0, 0), 1] = ModuleProfileResult(compute_cost=65.046, peak_memory=11.908 GB, invar_size=10.314 GB, outvar_size=3.469 GB, temp_buffer_size=1.501 GB, available_memory=64.000 GB, comm_cost=0.000)
result[(9, 9, 0, 1), 0] = ModuleProfileResult(compute_cost=60.840, peak_memory=11.298 GB, invar_size=3.469 GB, outvar_size=6.938 GB, temp_buffer_size=0.891 GB, available_memory=64.000 GB, comm_cost=0.000)
result[(9, 9, 0, 1), 1] = ModuleProfileResult(compute_cost=65.046, peak_memory=11.908 GB, invar_size=10.314 GB, outvar_size=3.469 GB, temp_buffer_size=1.501 GB, available_memory=64.000 GB, comm_cost=0.000)
result[(9, 10, 0, 0), 0] = ModuleProfileResult(compute_cost=121.681, peak_memory=21.612 GB, invar_size=6.844 GB, outvar_size=13.783 GB, temp_buffer_size=0.984 GB, available_memory=64.000 GB, comm_cost=0.000)
result[(9, 10, 0, 0), 1] = ModuleProfileResult(compute_cost=130.092, peak_memory=23.065 GB, invar_size=20.534 GB, outvar_size=6.844 GB, temp_buffer_size=2.438 GB, available_memory=64.000 GB, comm_cost=0.000)
result[(9, 10, 0, 1), 0] = ModuleProfileResult(compute_cost=121.681, peak_memory=21.612 GB, invar_size=6.844 GB, outvar_size=13.783 GB, temp_buffer_size=0.984 GB, available_memory=64.000 GB, comm_cost=0.000)
result[(9, 10, 0, 1), 1] = ModuleProfileResult(compute_cost=130.092, peak_memory=23.065 GB, invar_size=20.534 GB, outvar_size=6.844 GB, temp_buffer_size=2.438 GB, available_memory=64.000 GB, comm_cost=0.000)
result[(9, 11, 0, 0), 0] = ModuleProfileResult(compute_cost=139.868, peak_memory=29.163 GB, invar_size=10.245 GB, outvar_size=18.871 GB, temp_buffer_size=0.047 GB, available_memory=64.000 GB, comm_cost=0.000)
result[(9, 11, 0, 0), 1] = ModuleProfileResult(compute_cost=172.430, peak_memory=32.542 GB, invar_size=29.022 GB, outvar_size=10.245 GB, temp_buffer_size=3.426 GB, available_memory=64.000 GB, comm_cost=0.000)
result[(9, 11, 0, 1), 0] = ModuleProfileResult(compute_cost=139.868, peak_memory=29.163 GB, invar_size=10.245 GB, outvar_size=18.871 GB, temp_buffer_size=0.047 GB, available_memory=64.000 GB, comm_cost=0.000)
result[(9, 11, 0, 1), 1] = ModuleProfileResult(compute_cost=172.430, peak_memory=32.542 GB, invar_size=29.022 GB, outvar_size=10.245 GB, temp_buffer_size=3.426 GB, available_memory=64.000 GB, comm_cost=0.000)
result[(10, 10, 0, 0), 0] = ModuleProfileResult(compute_cost=60.840, peak_memory=11.298 GB, invar_size=3.469 GB, outvar_size=6.938 GB, temp_buffer_size=0.891 GB, available_memory=64.000 GB, comm_cost=0.000)
result[(10, 10, 0, 0), 1] = ModuleProfileResult(compute_cost=65.046, peak_memory=11.908 GB, invar_size=10.314 GB, outvar_size=3.469 GB, temp_buffer_size=1.501 GB, available_memory=64.000 GB, comm_cost=0.000)
result[(10, 10, 0, 1), 0] = ModuleProfileResult(compute_cost=60.840, peak_memory=11.298 GB, invar_size=3.469 GB, outvar_size=6.938 GB, temp_buffer_size=0.891 GB, available_memory=64.000 GB, comm_cost=0.000)
result[(10, 10, 0, 1), 1] = ModuleProfileResult(compute_cost=65.046, peak_memory=11.908 GB, invar_size=10.314 GB, outvar_size=3.469 GB, temp_buffer_size=1.501 GB, available_memory=64.000 GB, comm_cost=0.000)
result[(10, 11, 0, 0), 0] = ModuleProfileResult(compute_cost=79.028, peak_memory=18.943 GB, invar_size=6.870 GB, outvar_size=12.026 GB, temp_buffer_size=0.047 GB, available_memory=64.000 GB, comm_cost=0.000)
result[(10, 11, 0, 0), 1] = ModuleProfileResult(compute_cost=107.384, peak_memory=21.432 GB, invar_size=18.802 GB, outvar_size=6.870 GB, temp_buffer_size=2.536 GB, available_memory=64.000 GB, comm_cost=0.000)
result[(10, 11, 0, 1), 0] = ModuleProfileResult(compute_cost=79.028, peak_memory=18.943 GB, invar_size=6.870 GB, outvar_size=12.026 GB, temp_buffer_size=0.047 GB, available_memory=64.000 GB, comm_cost=0.000)
result[(10, 11, 0, 1), 1] = ModuleProfileResult(compute_cost=107.384, peak_memory=21.432 GB, invar_size=18.802 GB, outvar_size=6.870 GB, temp_buffer_size=2.536 GB, available_memory=64.000 GB, comm_cost=0.000)
result[(11, 11, 0, 0), 0] = ModuleProfileResult(compute_cost=18.187, peak_memory=8.676 GB, invar_size=3.494 GB, outvar_size=5.182 GB, temp_buffer_size=0.000 GB, available_memory=64.000 GB, comm_cost=0.000)
result[(11, 11, 0, 0), 1] = ModuleProfileResult(compute_cost=42.338, peak_memory=10.082 GB, invar_size=8.582 GB, outvar_size=3.494 GB, temp_buffer_size=1.406 GB, available_memory=64.000 GB, comm_cost=0.000)
result[(11, 11, 0, 1), 0] = ModuleProfileResult(compute_cost=18.187, peak_memory=8.676 GB, invar_size=3.494 GB, outvar_size=5.182 GB, temp_buffer_size=0.000 GB, available_memory=64.000 GB, comm_cost=0.000)
result[(11, 11, 0, 1), 1] = ModuleProfileResult(compute_cost=42.338, peak_memory=10.082 GB, invar_size=8.582 GB, outvar_size=3.494 GB, temp_buffer_size=1.406 GB, available_memory=64.000 GB, comm_cost=0.000)
Profiling for submesh 0 (1, 1) takes 903.16 seconds
--------------------------------------------------
Profile result saved to: profile-results-2026-02-22-14-17-27.npy
----------------------------------------------------------------------
Best solution cost: 29024878.094726562
Result forward_stage_layer_ids: [[0], [1], [2, 3], [4, 5, 6, 7, 8, 9], [10, 11]]
Result mesh_shapes: [(1, 2), (1, 1), (1, 4), (1, 8), (1, 1)]
Result logical_mesh_shapes: [(1, 2), (1, 1), (4, 1), (8, 1), (1, 1)]
Result autosharding_option_dicts: [{'force_batch_dim_to_mesh_dim': 0}, {'force_batch_dim_to_mesh_dim': 0}, {}, {}, {}]
Elapsed time: 2877.28s
--------------------------------------------------
