2026-02-22 17:27:41,778	INFO worker.py:1352 -- Connecting to existing Ray cluster at address: 172.27.147.10:6379...
2026-02-22 17:27:41,988	INFO worker.py:1538 -- Connected to Ray cluster.
Model has 22,387,937,280 parameters
Creating
Compiling and running the parallelized training step for the original Llama3 model...
-------------------- Automatic stage clustering --------------------
submesh_choices: ((1, 1), (1, 2), (1, 4), (1, 8), (2, 8))
- Profiling for submesh 4 (2, 8):
- Generate all stage infos (Jaxpr -> HLO)
- Compile all stages, get estimations
num of workers:1
[2m[36m(CompileWorker pid=3957753)[0m compiled for stage:0 name: stage_0_11_acc_grad_0 module id: 0
[2m[36m(CompileWorker pid=3957753)[0m  tensor (Large latency) dimensions: (1, 2048, 36864, 36864, 1, 1, 1, 1, 1, 1, 0, 0, 'CONV', 1, 1, 0, 0),  latency: 241.54697142857142
[2m[36m(CompileWorker pid=3957753)[0m  tensor (Large latency) dimensions: (1, 2048, 12288, 12288, 1, 1, 1, 1, 1, 1, 0, 0, 'CONV', 1, 1, 0, 0),  latency: 26.58889142857143
[2m[36m(CompileWorker pid=3957753)[0m  tensor (Large latency) dimensions: (1, 2048, 3072, 3072, 1, 1, 1, 1, 1, 1, 0, 0, 'CONV', 1, 1, 0, 0),  latency: 1.5915885714285714
[2m[36m(CompileWorker pid=3957753)[0m  tensor (Large latency) dimensions: (1, 2048, 12288, 12288, 1, 1, 1, 1, 1, 1, 0, 0, 'CONV', 1, 1, 0, 0),  latency: 26.58889142857143
[2m[36m(CompileWorker pid=3957753)[0m compiled for stage:0 name: stage_0_11_acc_grad_1 module id: 1
[2m[36m(CompileWorker pid=3957753)[0m  tensor (Large latency) dimensions: (1, 2048, 12288, 12288, 1, 1, 1, 1, 1, 1, 0, 0, 'CONV', 1, 1, 0, 0),  latency: 26.58889142857143
[2m[36m(CompileWorker pid=3957753)[0m  tensor (Large latency) dimensions: (1, 3072, 12288, 12288, 1, 1, 1, 1, 1, 1, 0, 0, 'CONV', 1, 1, 0, 0),  latency: 39.883337142857144
[2m[36m(CompileWorker pid=3957753)[0m  tensor (Large latency) dimensions: (1, 12288, 3072, 3072, 1, 1, 1, 1, 1, 1, 0, 0, 'CONV', 1, 1, 0, 0),  latency: 9.549531428571429
[2m[36m(CompileWorker pid=3957753)[0m  tensor (Large latency) dimensions: (1, 768, 12288, 12288, 1, 1, 1, 1, 1, 1, 0, 0, 'CONV', 1, 1, 0, 0),  latency: 11.094308571428572
[2m[36m(CompileWorker pid=3957753)[0m  tensor (Large latency) dimensions: (1, 12288, 2304, 2304, 1, 1, 1, 1, 1, 1, 0, 0, 'CONV', 1, 1, 0, 0),  latency: 6.530194285714286
[2m[36m(CompileWorker pid=3957753)[0m  tensor (Large latency) dimensions: (1, 2048, 12288, 12288, 1, 1, 1, 1, 1, 1, 0, 0, 'CONV', 1, 1, 0, 0),  latency: 26.58889142857143
[2m[36m(CompileWorker pid=3957753)[0m  tensor (Large latency) dimensions: (1, 128, 12288, 12288, 1, 1, 1, 1, 1, 1, 0, 0, 'CONV', 1, 1, 0, 0),  latency: 4.610925714285714
- parse estimation results for all stages
Using pre computed peak Mem for (0, 11, 4, 0), module 0
result[(0, 11, 4, 0), 0] = ModuleProfileResult(compute_cost=3623.737, peak_memory=18.600 GB, invar_size=3.687 GB, outvar_size=15.020 GB, temp_buffer_size=-0.107 GB, available_memory=64.000 GB, comm_cost=3.368)
Using pre computed peak Mem for (0, 11, 4, 0), module 1
result[(0, 11, 4, 0), 1] = ModuleProfileResult(compute_cost=1548.333, peak_memory=24.000 GB, invar_size=19.857 GB, outvar_size=4.837 GB, temp_buffer_size=4.143 GB, available_memory=64.000 GB, comm_cost=2.929)
Profiling for submesh 4 (2, 8) takes 229.15 seconds
--------------------------------------------------
- Profiling for submesh 3 (1, 8):
- Generate all stage infos (Jaxpr -> HLO)
- Compile all stages, get estimations
num of workers:12
[2m[36m(CompileWorker pid=3961398)[0m compiled for stage:0 name: stage_0_0_acc_grad_0 module id: 0
[2m[36m(CompileWorker pid=3961397)[0m compiled for stage:1 name: stage_0_0_acc_grad_0 module id: 0
[2m[36m(CompileWorker pid=3961396)[0m compiled for stage:2 name: stage_0_1_acc_grad_0 module id: 0
[2m[36m(CompileWorker pid=3961395)[0m compiled for stage:3 name: stage_0_1_acc_grad_0 module id: 0
[2m[36m(CompileWorker pid=3961394)[0m compiled for stage:4 name: stage_0_2_acc_grad_0 module id: 0
[2m[36m(CompileWorker pid=3961393)[0m compiled for stage:5 name: stage_0_2_acc_grad_0 module id: 0
[2m[36m(CompileWorker pid=3961392)[0m compiled for stage:6 name: stage_0_3_acc_grad_0 module id: 0
[2m[36m(CompileWorker pid=3961390)[0m compiled for stage:8 name: stage_0_4_acc_grad_0 module id: 0
[2m[36m(CompileWorker pid=3961391)[0m compiled for stage:7 name: stage_0_3_acc_grad_0 module id: 0
[2m[36m(CompileWorker pid=3961395)[0m  tensor (Large latency) dimensions: (1, 256, 36864, 36864, 1, 1, 1, 1, 1, 1, 0, 0, 'CONV', 1, 1, 0, 0),  latency: 45.36027428571428
[2m[36m(CompileWorker pid=3961388)[0m compiled for stage:10 name: stage_0_5_acc_grad_0 module id: 0
[2m[36m(CompileWorker pid=3961396)[0m  tensor (Large latency) dimensions: (1, 2048, 36864, 36864, 1, 1, 1, 1, 1, 1, 0, 0, 'CONV', 1, 1, 0, 0),  latency: 241.54697142857142
[2m[36m(CompileWorker pid=3961398)[0m  tensor (Large latency) dimensions: (1, 2048, 36864, 36864, 1, 1, 1, 1, 1, 1, 0, 0, 'CONV', 1, 1, 0, 0),  latency: 241.54697142857142
[2m[36m(CompileWorker pid=3961389)[0m compiled for stage:9 name: stage_0_4_acc_grad_0 module id: 0
[2m[36m(CompileWorker pid=3961397)[0m  tensor (Large latency) dimensions: (1, 2048, 36864, 36864, 1, 1, 1, 1, 1, 1, 0, 0, 'CONV', 1, 1, 0, 0),  latency: 241.54697142857142
[2m[36m(CompileWorker pid=3961394)[0m  tensor (Large latency) dimensions: (1, 2048, 36864, 36864, 1, 1, 1, 1, 1, 1, 0, 0, 'CONV', 1, 1, 0, 0),  latency: 241.54697142857142
[2m[36m(CompileWorker pid=3961393)[0m  tensor (Large latency) dimensions: (1, 256, 36864, 36864, 1, 1, 1, 1, 1, 1, 0, 0, 'CONV', 1, 1, 0, 0),  latency: 45.36027428571428
[2m[36m(CompileWorker pid=3961387)[0m compiled for stage:11 name: stage_0_5_acc_grad_0 module id: 0
[2m[36m(CompileWorker pid=3961395)[0m  tensor (Large latency) dimensions: (1, 2048, 12288, 12288, 1, 1, 1, 1, 1, 1, 0, 0, 'CONV', 1, 1, 0, 0),  latency: 26.58889142857143
[2m[36m(CompileWorker pid=3961392)[0m  tensor (Large latency) dimensions: (1, 2048, 36864, 36864, 1, 1, 1, 1, 1, 1, 0, 0, 'CONV', 1, 1, 0, 0),  latency: 241.54697142857142
[2m[36m(CompileWorker pid=3961390)[0m  tensor (Large latency) dimensions: (1, 2048, 36864, 36864, 1, 1, 1, 1, 1, 1, 0, 0, 'CONV', 1, 1, 0, 0),  latency: 241.54697142857142
[2m[36m(CompileWorker pid=3961396)[0m  tensor (Large latency) dimensions: (1, 2048, 12288, 12288, 1, 1, 1, 1, 1, 1, 0, 0, 'CONV', 1, 1, 0, 0),  latency: 26.58889142857143
[2m[36m(CompileWorker pid=3961397)[0m  tensor (Large latency) dimensions: (1, 2048, 12288, 12288, 1, 1, 1, 1, 1, 1, 0, 0, 'CONV', 1, 1, 0, 0),  latency: 26.58889142857143
[2m[36m(CompileWorker pid=3961394)[0m  tensor (Large latency) dimensions: (1, 2048, 12288, 12288, 1, 1, 1, 1, 1, 1, 0, 0, 'CONV', 1, 1, 0, 0),  latency: 26.58889142857143
[2m[36m(CompileWorker pid=3961391)[0m  tensor (Large latency) dimensions: (1, 2048, 36864, 36864, 1, 1, 1, 1, 1, 1, 0, 0, 'CONV', 1, 1, 0, 0),  latency: 241.54697142857142
[2m[36m(CompileWorker pid=3961398)[0m  tensor (Large latency) dimensions: (1, 2048, 12288, 12288, 1, 1, 1, 1, 1, 1, 0, 0, 'CONV', 1, 1, 0, 0),  latency: 26.58889142857143
[2m[36m(CompileWorker pid=3961395)[0m  tensor (Large latency) dimensions: (1, 2048, 6144, 6144, 1, 1, 1, 1, 1, 1, 0, 0, 'CONV', 1, 1, 0, 0),  latency: 6.5536
[2m[36m(CompileWorker pid=3961393)[0m  tensor (Large latency) dimensions: (1, 2048, 12288, 12288, 1, 1, 1, 1, 1, 1, 0, 0, 'CONV', 1, 1, 0, 0),  latency: 26.58889142857143
[2m[36m(CompileWorker pid=3961396)[0m  tensor (Large latency) dimensions: (1, 2048, 6144, 6144, 1, 1, 1, 1, 1, 1, 0, 0, 'CONV', 1, 1, 0, 0),  latency: 6.5536
[2m[36m(CompileWorker pid=3961388)[0m  tensor (Large latency) dimensions: (1, 2048, 36864, 36864, 1, 1, 1, 1, 1, 1, 0, 0, 'CONV', 1, 1, 0, 0),  latency: 241.54697142857142
[2m[36m(CompileWorker pid=3961397)[0m  tensor (Large latency) dimensions: (1, 2048, 6144, 6144, 1, 1, 1, 1, 1, 1, 0, 0, 'CONV', 1, 1, 0, 0),  latency: 6.5536
[2m[36m(CompileWorker pid=3961392)[0m  tensor (Large latency) dimensions: (1, 2048, 12288, 12288, 1, 1, 1, 1, 1, 1, 0, 0, 'CONV', 1, 1, 0, 0),  latency: 26.58889142857143
[2m[36m(CompileWorker pid=3961398)[0m  tensor (Large latency) dimensions: (1, 2048, 6144, 6144, 1, 1, 1, 1, 1, 1, 0, 0, 'CONV', 1, 1, 0, 0),  latency: 6.5536
[2m[36m(CompileWorker pid=3961394)[0m  tensor (Large latency) dimensions: (1, 2048, 6144, 6144, 1, 1, 1, 1, 1, 1, 0, 0, 'CONV', 1, 1, 0, 0),  latency: 6.5536
[2m[36m(CompileWorker pid=3961389)[0m  tensor (Large latency) dimensions: (1, 2048, 36864, 36864, 1, 1, 1, 1, 1, 1, 0, 0, 'CONV', 1, 1, 0, 0),  latency: 241.54697142857142
[2m[36m(CompileWorker pid=3961395)[0m  tensor (Large latency) dimensions: (1, 2048, 12288, 12288, 1, 1, 1, 1, 1, 1, 0, 0, 'CONV', 1, 1, 0, 0),  latency: 26.58889142857143
[2m[36m(CompileWorker pid=3961393)[0m  tensor (Large latency) dimensions: (1, 2048, 6144, 6144, 1, 1, 1, 1, 1, 1, 0, 0, 'CONV', 1, 1, 0, 0),  latency: 6.5536
[2m[36m(CompileWorker pid=3961390)[0m  tensor (Large latency) dimensions: (1, 2048, 12288, 12288, 1, 1, 1, 1, 1, 1, 0, 0, 'CONV', 1, 1, 0, 0),  latency: 26.58889142857143
[2m[36m(CompileWorker pid=3961396)[0m  tensor (Large latency) dimensions: (1, 2048, 12288, 12288, 1, 1, 1, 1, 1, 1, 0, 0, 'CONV', 1, 1, 0, 0),  latency: 26.58889142857143
[2m[36m(CompileWorker pid=3961397)[0m  tensor (Large latency) dimensions: (1, 2048, 12288, 12288, 1, 1, 1, 1, 1, 1, 0, 0, 'CONV', 1, 1, 0, 0),  latency: 26.58889142857143
[2m[36m(CompileWorker pid=3961397)[0m compiled for stage:1 name: stage_0_0_acc_grad_1 module id: 1
[2m[36m(CompileWorker pid=3961396)[0m compiled for stage:2 name: stage_0_1_acc_grad_1 module id: 1
[2m[36m(CompileWorker pid=3961392)[0m  tensor (Large latency) dimensions: (1, 2048, 6144, 6144, 1, 1, 1, 1, 1, 1, 0, 0, 'CONV', 1, 1, 0, 0),  latency: 6.5536
[2m[36m(CompileWorker pid=3961398)[0m  tensor (Large latency) dimensions: (1, 2048, 12288, 12288, 1, 1, 1, 1, 1, 1, 0, 0, 'CONV', 1, 1, 0, 0),  latency: 26.58889142857143
[2m[36m(CompileWorker pid=3961398)[0m compiled for stage:0 name: stage_0_0_acc_grad_1 module id: 1
[2m[36m(CompileWorker pid=3961391)[0m  tensor (Large latency) dimensions: (1, 2048, 12288, 12288, 1, 1, 1, 1, 1, 1, 0, 0, 'CONV', 1, 1, 0, 0),  latency: 26.58889142857143
[2m[36m(CompileWorker pid=3961394)[0m  tensor (Large latency) dimensions: (1, 2048, 12288, 12288, 1, 1, 1, 1, 1, 1, 0, 0, 'CONV', 1, 1, 0, 0),  latency: 26.58889142857143
[2m[36m(CompileWorker pid=3961394)[0m compiled for stage:4 name: stage_0_2_acc_grad_1 module id: 1
[2m[36m(CompileWorker pid=3961387)[0m  tensor (Large latency) dimensions: (1, 2048, 36864, 36864, 1, 1, 1, 1, 1, 1, 0, 0, 'CONV', 1, 1, 0, 0),  latency: 241.54697142857142
[2m[36m(CompileWorker pid=3961395)[0m  tensor (Large latency) dimensions: (1, 2048, 36864, 36864, 1, 1, 1, 1, 1, 1, 0, 0, 'CONV', 1, 1, 0, 0),  latency: 241.54697142857142
[2m[36m(CompileWorker pid=3961393)[0m  tensor (Large latency) dimensions: (1, 2048, 12288, 12288, 1, 1, 1, 1, 1, 1, 0, 0, 'CONV', 1, 1, 0, 0),  latency: 26.58889142857143
[2m[36m(CompileWorker pid=3961395)[0m compiled for stage:3 name: stage_0_1_acc_grad_1 module id: 1
[2m[36m(CompileWorker pid=3961390)[0m  tensor (Large latency) dimensions: (1, 2048, 6144, 6144, 1, 1, 1, 1, 1, 1, 0, 0, 'CONV', 1, 1, 0, 0),  latency: 6.5536
[2m[36m(CompileWorker pid=3961388)[0m  tensor (Large latency) dimensions: (1, 2048, 12288, 12288, 1, 1, 1, 1, 1, 1, 0, 0, 'CONV', 1, 1, 0, 0),  latency: 26.58889142857143
[2m[36m(CompileWorker pid=3961389)[0m  tensor (Large latency) dimensions: (1, 2048, 12288, 12288, 1, 1, 1, 1, 1, 1, 0, 0, 'CONV', 1, 1, 0, 0),  latency: 26.58889142857143
[2m[36m(CompileWorker pid=3961392)[0m  tensor (Large latency) dimensions: (1, 2048, 12288, 12288, 1, 1, 1, 1, 1, 1, 0, 0, 'CONV', 1, 1, 0, 0),  latency: 26.58889142857143
[2m[36m(CompileWorker pid=3961392)[0m compiled for stage:6 name: stage_0_3_acc_grad_1 module id: 1
[2m[36m(CompileWorker pid=3961391)[0m  tensor (Large latency) dimensions: (1, 2048, 6144, 6144, 1, 1, 1, 1, 1, 1, 0, 0, 'CONV', 1, 1, 0, 0),  latency: 6.5536
[2m[36m(CompileWorker pid=3961388)[0m  tensor (Large latency) dimensions: (1, 2048, 6144, 6144, 1, 1, 1, 1, 1, 1, 0, 0, 'CONV', 1, 1, 0, 0),  latency: 6.5536
[2m[36m(CompileWorker pid=3961393)[0m  tensor (Large latency) dimensions: (1, 2048, 36864, 36864, 1, 1, 1, 1, 1, 1, 0, 0, 'CONV', 1, 1, 0, 0),  latency: 241.54697142857142
[2m[36m(CompileWorker pid=3961393)[0m compiled for stage:5 name: stage_0_2_acc_grad_1 module id: 1
[2m[36m(CompileWorker pid=3961396)[0m  tensor (Large latency) dimensions: (1, 6144, 12288, 12288, 1, 1, 1, 1, 1, 1, 0, 0, 'CONV', 1, 1, 0, 0),  latency: 79.76667428571429
[2m[36m(CompileWorker pid=3961390)[0m  tensor (Large latency) dimensions: (1, 2048, 12288, 12288, 1, 1, 1, 1, 1, 1, 0, 0, 'CONV', 1, 1, 0, 0),  latency: 26.58889142857143
[2m[36m(CompileWorker pid=3961390)[0m compiled for stage:8 name: stage_0_4_acc_grad_1 module id: 1
[2m[36m(CompileWorker pid=3961397)[0m  tensor (Large latency) dimensions: (1, 6144, 12288, 12288, 1, 1, 1, 1, 1, 1, 0, 0, 'CONV', 1, 1, 0, 0),  latency: 79.76667428571429
[2m[36m(CompileWorker pid=3961389)[0m  tensor (Large latency) dimensions: (1, 2048, 6144, 6144, 1, 1, 1, 1, 1, 1, 0, 0, 'CONV', 1, 1, 0, 0),  latency: 6.5536
[2m[36m(CompileWorker pid=3961394)[0m  tensor (Large latency) dimensions: (1, 1536, 12288, 12288, 1, 1, 1, 1, 1, 1, 0, 0, 'CONV', 1, 1, 0, 0),  latency: 19.941668571428572
[2m[36m(CompileWorker pid=3961398)[0m  tensor (Large latency) dimensions: (1, 6144, 12288, 12288, 1, 1, 1, 1, 1, 1, 0, 0, 'CONV', 1, 1, 0, 0),  latency: 79.76667428571429
[2m[36m(CompileWorker pid=3961391)[0m  tensor (Large latency) dimensions: (1, 2048, 12288, 12288, 1, 1, 1, 1, 1, 1, 0, 0, 'CONV', 1, 1, 0, 0),  latency: 26.58889142857143
[2m[36m(CompileWorker pid=3961391)[0m compiled for stage:7 name: stage_0_3_acc_grad_1 module id: 1
[2m[36m(CompileWorker pid=3961395)[0m  tensor (Large latency) dimensions: (1, 6144, 12288, 12288, 1, 1, 1, 1, 1, 1, 0, 0, 'CONV', 1, 1, 0, 0),  latency: 79.76667428571429
[2m[36m(CompileWorker pid=3961387)[0m  tensor (Large latency) dimensions: (1, 2048, 12288, 12288, 1, 1, 1, 1, 1, 1, 0, 0, 'CONV', 1, 1, 0, 0),  latency: 26.58889142857143
[2m[36m(CompileWorker pid=3961392)[0m  tensor (Large latency) dimensions: (1, 1536, 12288, 12288, 1, 1, 1, 1, 1, 1, 0, 0, 'CONV', 1, 1, 0, 0),  latency: 19.941668571428572
[2m[36m(CompileWorker pid=3961389)[0m  tensor (Large latency) dimensions: (1, 2048, 12288, 12288, 1, 1, 1, 1, 1, 1, 0, 0, 'CONV', 1, 1, 0, 0),  latency: 26.58889142857143
[2m[36m(CompileWorker pid=3961388)[0m  tensor (Large latency) dimensions: (1, 2048, 12288, 12288, 1, 1, 1, 1, 1, 1, 0, 0, 'CONV', 1, 1, 0, 0),  latency: 26.58889142857143
[2m[36m(CompileWorker pid=3961388)[0m compiled for stage:10 name: stage_0_5_acc_grad_1 module id: 1
[2m[36m(CompileWorker pid=3961389)[0m  tensor (Large latency) dimensions: (1, 256, 36864, 36864, 1, 1, 1, 1, 1, 1, 0, 0, 'CONV', 1, 1, 0, 0),  latency: 45.36027428571428
[2m[36m(CompileWorker pid=3961393)[0m  tensor (Large latency) dimensions: (1, 1536, 12288, 12288, 1, 1, 1, 1, 1, 1, 0, 0, 'CONV', 1, 1, 0, 0),  latency: 19.941668571428572
[2m[36m(CompileWorker pid=3961389)[0m compiled for stage:9 name: stage_0_4_acc_grad_1 module id: 1
[2m[36m(CompileWorker pid=3961387)[0m  tensor (Large latency) dimensions: (1, 2048, 6144, 6144, 1, 1, 1, 1, 1, 1, 0, 0, 'CONV', 1, 1, 0, 0),  latency: 6.5536
[2m[36m(CompileWorker pid=3961390)[0m  tensor (Large latency) dimensions: (1, 1536, 12288, 12288, 1, 1, 1, 1, 1, 1, 0, 0, 'CONV', 1, 1, 0, 0),  latency: 19.941668571428572
[2m[36m(CompileWorker pid=3961391)[0m  tensor (Large latency) dimensions: (1, 1536, 12288, 12288, 1, 1, 1, 1, 1, 1, 0, 0, 'CONV', 1, 1, 0, 0),  latency: 19.941668571428572
[2m[36m(CompileWorker pid=3961396)[0m  tensor (Large latency) dimensions: (1, 12288, 6144, 6144, 1, 1, 1, 1, 1, 1, 0, 0, 'CONV', 1, 1, 0, 0),  latency: 39.3216
[2m[36m(CompileWorker pid=3961397)[0m  tensor (Large latency) dimensions: (1, 12288, 6144, 6144, 1, 1, 1, 1, 1, 1, 0, 0, 'CONV', 1, 1, 0, 0),  latency: 39.3216
[2m[36m(CompileWorker pid=3961398)[0m  tensor (Large latency) dimensions: (1, 12288, 6144, 6144, 1, 1, 1, 1, 1, 1, 0, 0, 'CONV', 1, 1, 0, 0),  latency: 39.3216
[2m[36m(CompileWorker pid=3961387)[0m  tensor (Large latency) dimensions: (1, 2048, 12288, 12288, 1, 1, 1, 1, 1, 1, 0, 0, 'CONV', 1, 1, 0, 0),  latency: 26.58889142857143
[2m[36m(CompileWorker pid=3961387)[0m compiled for stage:11 name: stage_0_5_acc_grad_1 module id: 1
[2m[36m(CompileWorker pid=3961395)[0m  tensor (Large latency) dimensions: (1, 12288, 6144, 6144, 1, 1, 1, 1, 1, 1, 0, 0, 'CONV', 1, 1, 0, 0),  latency: 39.3216
[2m[36m(CompileWorker pid=3961388)[0m  tensor (Large latency) dimensions: (1, 1536, 12288, 12288, 1, 1, 1, 1, 1, 1, 0, 0, 'CONV', 1, 1, 0, 0),  latency: 19.941668571428572
[2m[36m(CompileWorker pid=3961389)[0m  tensor (Large latency) dimensions: (1, 1536, 12288, 12288, 1, 1, 1, 1, 1, 1, 0, 0, 'CONV', 1, 1, 0, 0),  latency: 19.941668571428572
[2m[36m(CompileWorker pid=3961394)[0m  tensor (Large latency) dimensions: (1, 12288, 4608, 4608, 1, 1, 1, 1, 1, 1, 0, 0, 'CONV', 1, 1, 0, 0),  latency: 21.90774857142857
[2m[36m(CompileWorker pid=3961397)[0m  tensor (Large latency) dimensions: (1, 1536, 12288, 12288, 1, 1, 1, 1, 1, 1, 0, 0, 'CONV', 1, 1, 0, 0),  latency: 19.941668571428572
[2m[36m(CompileWorker pid=3961396)[0m  tensor (Large latency) dimensions: (1, 1536, 12288, 12288, 1, 1, 1, 1, 1, 1, 0, 0, 'CONV', 1, 1, 0, 0),  latency: 19.941668571428572
[2m[36m(CompileWorker pid=3961398)[0m  tensor (Large latency) dimensions: (1, 1536, 12288, 12288, 1, 1, 1, 1, 1, 1, 0, 0, 'CONV', 1, 1, 0, 0),  latency: 19.941668571428572
[2m[36m(CompileWorker pid=3961395)[0m  tensor (Large latency) dimensions: (1, 1536, 12288, 12288, 1, 1, 1, 1, 1, 1, 0, 0, 'CONV', 1, 1, 0, 0),  latency: 19.941668571428572
[2m[36m(CompileWorker pid=3961394)[0m  tensor (Large latency) dimensions: (1, 2048, 12288, 12288, 1, 1, 1, 1, 1, 1, 0, 0, 'CONV', 1, 1, 0, 0),  latency: 26.58889142857143
[2m[36m(CompileWorker pid=3961392)[0m  tensor (Large latency) dimensions: (1, 12288, 4608, 4608, 1, 1, 1, 1, 1, 1, 0, 0, 'CONV', 1, 1, 0, 0),  latency: 21.90774857142857
[2m[36m(CompileWorker pid=3961387)[0m  tensor (Large latency) dimensions: (1, 1536, 12288, 12288, 1, 1, 1, 1, 1, 1, 0, 0, 'CONV', 1, 1, 0, 0),  latency: 19.941668571428572
[2m[36m(CompileWorker pid=3961393)[0m  tensor (Large latency) dimensions: (1, 12288, 4608, 4608, 1, 1, 1, 1, 1, 1, 0, 0, 'CONV', 1, 1, 0, 0),  latency: 21.90774857142857
[2m[36m(CompileWorker pid=3961392)[0m  tensor (Large latency) dimensions: (1, 2048, 12288, 12288, 1, 1, 1, 1, 1, 1, 0, 0, 'CONV', 1, 1, 0, 0),  latency: 26.58889142857143
[2m[36m(CompileWorker pid=3961390)[0m  tensor (Large latency) dimensions: (1, 12288, 4608, 4608, 1, 1, 1, 1, 1, 1, 0, 0, 'CONV', 1, 1, 0, 0),  latency: 21.90774857142857
[2m[36m(CompileWorker pid=3961393)[0m  tensor (Large latency) dimensions: (1, 2048, 12288, 12288, 1, 1, 1, 1, 1, 1, 0, 0, 'CONV', 1, 1, 0, 0),  latency: 26.58889142857143
[2m[36m(CompileWorker pid=3961394)[0m  tensor (Large latency) dimensions: (1, 6144, 12288, 12288, 1, 1, 1, 1, 1, 1, 0, 0, 'CONV', 1, 1, 0, 0),  latency: 79.76667428571429
[2m[36m(CompileWorker pid=3961391)[0m  tensor (Large latency) dimensions: (1, 12288, 4608, 4608, 1, 1, 1, 1, 1, 1, 0, 0, 'CONV', 1, 1, 0, 0),  latency: 21.90774857142857
[2m[36m(CompileWorker pid=3961390)[0m  tensor (Large latency) dimensions: (1, 2048, 12288, 12288, 1, 1, 1, 1, 1, 1, 0, 0, 'CONV', 1, 1, 0, 0),  latency: 26.58889142857143
[2m[36m(CompileWorker pid=3961388)[0m  tensor (Large latency) dimensions: (1, 12288, 4608, 4608, 1, 1, 1, 1, 1, 1, 0, 0, 'CONV', 1, 1, 0, 0),  latency: 21.90774857142857
[2m[36m(CompileWorker pid=3961391)[0m  tensor (Large latency) dimensions: (1, 2048, 12288, 12288, 1, 1, 1, 1, 1, 1, 0, 0, 'CONV', 1, 1, 0, 0),  latency: 26.58889142857143
[2m[36m(CompileWorker pid=3961397)[0m  tensor (Large latency) dimensions: (1, 12288, 4608, 4608, 1, 1, 1, 1, 1, 1, 0, 0, 'CONV', 1, 1, 0, 0),  latency: 21.90774857142857
[2m[36m(CompileWorker pid=3961392)[0m  tensor (Large latency) dimensions: (1, 6144, 12288, 12288, 1, 1, 1, 1, 1, 1, 0, 0, 'CONV', 1, 1, 0, 0),  latency: 79.76667428571429
[2m[36m(CompileWorker pid=3961396)[0m  tensor (Large latency) dimensions: (1, 12288, 4608, 4608, 1, 1, 1, 1, 1, 1, 0, 0, 'CONV', 1, 1, 0, 0),  latency: 21.90774857142857
[2m[36m(CompileWorker pid=3961398)[0m  tensor (Large latency) dimensions: (1, 12288, 4608, 4608, 1, 1, 1, 1, 1, 1, 0, 0, 'CONV', 1, 1, 0, 0),  latency: 21.90774857142857
[2m[36m(CompileWorker pid=3961389)[0m  tensor (Large latency) dimensions: (1, 12288, 4608, 4608, 1, 1, 1, 1, 1, 1, 0, 0, 'CONV', 1, 1, 0, 0),  latency: 21.90774857142857
[2m[36m(CompileWorker pid=3961393)[0m  tensor (Large latency) dimensions: (1, 6144, 12288, 12288, 1, 1, 1, 1, 1, 1, 0, 0, 'CONV', 1, 1, 0, 0),  latency: 79.76667428571429
[2m[36m(CompileWorker pid=3961397)[0m  tensor (Large latency) dimensions: (1, 2048, 12288, 12288, 1, 1, 1, 1, 1, 1, 0, 0, 'CONV', 1, 1, 0, 0),  latency: 26.58889142857143
[2m[36m(CompileWorker pid=3961396)[0m  tensor (Large latency) dimensions: (1, 2048, 12288, 12288, 1, 1, 1, 1, 1, 1, 0, 0, 'CONV', 1, 1, 0, 0),  latency: 26.58889142857143
[2m[36m(CompileWorker pid=3961395)[0m  tensor (Large latency) dimensions: (1, 12288, 4608, 4608, 1, 1, 1, 1, 1, 1, 0, 0, 'CONV', 1, 1, 0, 0),  latency: 21.90774857142857
[2m[36m(CompileWorker pid=3961388)[0m  tensor (Large latency) dimensions: (1, 2048, 12288, 12288, 1, 1, 1, 1, 1, 1, 0, 0, 'CONV', 1, 1, 0, 0),  latency: 26.58889142857143
[2m[36m(CompileWorker pid=3961398)[0m  tensor (Large latency) dimensions: (1, 2048, 12288, 12288, 1, 1, 1, 1, 1, 1, 0, 0, 'CONV', 1, 1, 0, 0),  latency: 26.58889142857143
[2m[36m(CompileWorker pid=3961397)[0m  tensor (Large latency) dimensions: (1, 256, 12288, 12288, 1, 1, 1, 1, 1, 1, 0, 0, 'CONV', 1, 1, 0, 0),  latency: 5.0088228571428575
[2m[36m(CompileWorker pid=3961396)[0m  tensor (Large latency) dimensions: (1, 256, 12288, 12288, 1, 1, 1, 1, 1, 1, 0, 0, 'CONV', 1, 1, 0, 0),  latency: 5.0088228571428575
[2m[36m(CompileWorker pid=3961394)[0m  tensor (Large latency) dimensions: (1, 12288, 6144, 6144, 1, 1, 1, 1, 1, 1, 0, 0, 'CONV', 1, 1, 0, 0),  latency: 39.3216
[2m[36m(CompileWorker pid=3961398)[0m  tensor (Large latency) dimensions: (1, 256, 12288, 12288, 1, 1, 1, 1, 1, 1, 0, 0, 'CONV', 1, 1, 0, 0),  latency: 5.0088228571428575
[2m[36m(CompileWorker pid=3961390)[0m  tensor (Large latency) dimensions: (1, 6144, 12288, 12288, 1, 1, 1, 1, 1, 1, 0, 0, 'CONV', 1, 1, 0, 0),  latency: 79.76667428571429
[2m[36m(CompileWorker pid=3961389)[0m  tensor (Large latency) dimensions: (1, 2048, 12288, 12288, 1, 1, 1, 1, 1, 1, 0, 0, 'CONV', 1, 1, 0, 0),  latency: 26.58889142857143
[2m[36m(CompileWorker pid=3961387)[0m  tensor (Large latency) dimensions: (1, 12288, 4608, 4608, 1, 1, 1, 1, 1, 1, 0, 0, 'CONV', 1, 1, 0, 0),  latency: 21.90774857142857
[2m[36m(CompileWorker pid=3961394)[0m  tensor (Large latency) dimensions: (1, 256, 12288, 12288, 1, 1, 1, 1, 1, 1, 0, 0, 'CONV', 1, 1, 0, 0),  latency: 5.0088228571428575
[2m[36m(CompileWorker pid=3961391)[0m  tensor (Large latency) dimensions: (1, 6144, 12288, 12288, 1, 1, 1, 1, 1, 1, 0, 0, 'CONV', 1, 1, 0, 0),  latency: 79.76667428571429
[2m[36m(CompileWorker pid=3961395)[0m  tensor (Large latency) dimensions: (1, 2048, 12288, 12288, 1, 1, 1, 1, 1, 1, 0, 0, 'CONV', 1, 1, 0, 0),  latency: 26.58889142857143
[2m[36m(CompileWorker pid=3961392)[0m  tensor (Large latency) dimensions: (1, 12288, 6144, 6144, 1, 1, 1, 1, 1, 1, 0, 0, 'CONV', 1, 1, 0, 0),  latency: 39.3216
[2m[36m(CompileWorker pid=3961387)[0m  tensor (Large latency) dimensions: (1, 2048, 12288, 12288, 1, 1, 1, 1, 1, 1, 0, 0, 'CONV', 1, 1, 0, 0),  latency: 26.58889142857143
[2m[36m(CompileWorker pid=3961393)[0m  tensor (Large latency) dimensions: (1, 12288, 6144, 6144, 1, 1, 1, 1, 1, 1, 0, 0, 'CONV', 1, 1, 0, 0),  latency: 39.3216
[2m[36m(CompileWorker pid=3961392)[0m  tensor (Large latency) dimensions: (1, 256, 12288, 12288, 1, 1, 1, 1, 1, 1, 0, 0, 'CONV', 1, 1, 0, 0),  latency: 5.0088228571428575
[2m[36m(CompileWorker pid=3961388)[0m  tensor (Large latency) dimensions: (1, 6144, 12288, 12288, 1, 1, 1, 1, 1, 1, 0, 0, 'CONV', 1, 1, 0, 0),  latency: 79.76667428571429
[2m[36m(CompileWorker pid=3961389)[0m  tensor (Large latency) dimensions: (1, 6144, 12288, 12288, 1, 1, 1, 1, 1, 1, 0, 0, 'CONV', 1, 1, 0, 0),  latency: 79.76667428571429
[2m[36m(CompileWorker pid=3961390)[0m  tensor (Large latency) dimensions: (1, 12288, 6144, 6144, 1, 1, 1, 1, 1, 1, 0, 0, 'CONV', 1, 1, 0, 0),  latency: 39.3216
[2m[36m(CompileWorker pid=3961390)[0m  tensor (Large latency) dimensions: (1, 256, 12288, 12288, 1, 1, 1, 1, 1, 1, 0, 0, 'CONV', 1, 1, 0, 0),  latency: 5.0088228571428575
[2m[36m(CompileWorker pid=3961395)[0m  tensor (Large latency) dimensions: (1, 12288, 36864, 36864, 1, 1, 1, 1, 1, 1, 0, 0, 'CONV', 1, 1, 0, 0),  latency: 1449.2818285714286
[2m[36m(CompileWorker pid=3961391)[0m  tensor (Large latency) dimensions: (1, 12288, 6144, 6144, 1, 1, 1, 1, 1, 1, 0, 0, 'CONV', 1, 1, 0, 0),  latency: 39.3216
[2m[36m(CompileWorker pid=3961391)[0m  tensor (Large latency) dimensions: (1, 256, 12288, 12288, 1, 1, 1, 1, 1, 1, 0, 0, 'CONV', 1, 1, 0, 0),  latency: 5.0088228571428575
[2m[36m(CompileWorker pid=3961387)[0m  tensor (Large latency) dimensions: (1, 6144, 12288, 12288, 1, 1, 1, 1, 1, 1, 0, 0, 'CONV', 1, 1, 0, 0),  latency: 79.76667428571429
[2m[36m(CompileWorker pid=3961397)[0m compiled for stage:12 name: stage_0_6_acc_grad_0 module id: 0
[2m[36m(CompileWorker pid=3961395)[0m  tensor (Large latency) dimensions: (1, 2048, 12288, 12288, 1, 1, 1, 1, 1, 1, 0, 0, 'CONV', 1, 1, 0, 0),  latency: 26.58889142857143
[2m[36m(CompileWorker pid=3961397)[0m compiled for stage:12 name: stage_0_6_acc_grad_1 module id: 1
[2m[36m(CompileWorker pid=3961393)[0m  tensor (Large latency) dimensions: (1, 12288, 36864, 36864, 1, 1, 1, 1, 1, 1, 0, 0, 'CONV', 1, 1, 0, 0),  latency: 1449.2818285714286
[2m[36m(CompileWorker pid=3961395)[0m  tensor (Large latency) dimensions: (1, 256, 12288, 12288, 1, 1, 1, 1, 1, 1, 0, 0, 'CONV', 1, 1, 0, 0),  latency: 5.0088228571428575
[2m[36m(CompileWorker pid=3961398)[0m compiled for stage:14 name: stage_0_7_acc_grad_0 module id: 0
[2m[36m(CompileWorker pid=3961388)[0m  tensor (Large latency) dimensions: (1, 12288, 6144, 6144, 1, 1, 1, 1, 1, 1, 0, 0, 'CONV', 1, 1, 0, 0),  latency: 39.3216
[2m[36m(CompileWorker pid=3961398)[0m compiled for stage:14 name: stage_0_7_acc_grad_1 module id: 1
[2m[36m(CompileWorker pid=3961389)[0m  tensor (Large latency) dimensions: (1, 12288, 6144, 6144, 1, 1, 1, 1, 1, 1, 0, 0, 'CONV', 1, 1, 0, 0),  latency: 39.3216
[2m[36m(CompileWorker pid=3961388)[0m  tensor (Large latency) dimensions: (1, 256, 12288, 12288, 1, 1, 1, 1, 1, 1, 0, 0, 'CONV', 1, 1, 0, 0),  latency: 5.0088228571428575
[2m[36m(CompileWorker pid=3961393)[0m  tensor (Large latency) dimensions: (1, 2048, 12288, 12288, 1, 1, 1, 1, 1, 1, 0, 0, 'CONV', 1, 1, 0, 0),  latency: 26.58889142857143
[2m[36m(CompileWorker pid=3961393)[0m  tensor (Large latency) dimensions: (1, 256, 12288, 12288, 1, 1, 1, 1, 1, 1, 0, 0, 'CONV', 1, 1, 0, 0),  latency: 5.0088228571428575
[2m[36m(CompileWorker pid=3961396)[0m compiled for stage:13 name: stage_0_6_acc_grad_0 module id: 0
[2m[36m(CompileWorker pid=3961396)[0m compiled for stage:13 name: stage_0_6_acc_grad_1 module id: 1
[2m[36m(CompileWorker pid=3961387)[0m  tensor (Large latency) dimensions: (1, 12288, 6144, 6144, 1, 1, 1, 1, 1, 1, 0, 0, 'CONV', 1, 1, 0, 0),  latency: 39.3216
[2m[36m(CompileWorker pid=3961387)[0m  tensor (Large latency) dimensions: (1, 256, 12288, 12288, 1, 1, 1, 1, 1, 1, 0, 0, 'CONV', 1, 1, 0, 0),  latency: 5.0088228571428575
[2m[36m(CompileWorker pid=3961394)[0m compiled for stage:15 name: stage_0_7_acc_grad_0 module id: 0
[2m[36m(CompileWorker pid=3961387)[0m compiled for stage:24 name: stage_1_1_acc_grad_0 module id: 0
[2m[36m(CompileWorker pid=3961387)[0m compiled for stage:24 name: stage_1_1_acc_grad_1 module id: 1
[2m[36m(CompileWorker pid=3961396)[0m compiled for stage:25 name: stage_1_1_acc_grad_0 module id: 0
[2m[36m(CompileWorker pid=3961396)[0m compiled for stage:25 name: stage_1_1_acc_grad_1 module id: 1
[2m[36m(CompileWorker pid=3961389)[0m  tensor (Large latency) dimensions: (1, 12288, 36864, 36864, 1, 1, 1, 1, 1, 1, 0, 0, 'CONV', 1, 1, 0, 0),  latency: 1449.2818285714286
[2m[36m(CompileWorker pid=3961394)[0m compiled for stage:15 name: stage_0_7_acc_grad_1 module id: 1
[2m[36m(CompileWorker pid=3961392)[0m compiled for stage:16 name: stage_0_8_acc_grad_0 module id: 0
[2m[36m(CompileWorker pid=3961392)[0m compiled for stage:16 name: stage_0_8_acc_grad_1 module id: 1
[2m[36m(CompileWorker pid=3961387)[0m compiled for stage:26 name: stage_1_2_acc_grad_0 module id: 0
[2m[36m(CompileWorker pid=3961387)[0m compiled for stage:26 name: stage_1_2_acc_grad_1 module id: 1
[2m[36m(CompileWorker pid=3961389)[0m  tensor (Large latency) dimensions: (1, 2048, 12288, 12288, 1, 1, 1, 1, 1, 1, 0, 0, 'CONV', 1, 1, 0, 0),  latency: 26.58889142857143
[2m[36m(CompileWorker pid=3961396)[0m compiled for stage:27 name: stage_1_2_acc_grad_0 module id: 0
[2m[36m(CompileWorker pid=3961396)[0m compiled for stage:27 name: stage_1_2_acc_grad_1 module id: 1
[2m[36m(CompileWorker pid=3961389)[0m  tensor (Large latency) dimensions: (1, 256, 12288, 12288, 1, 1, 1, 1, 1, 1, 0, 0, 'CONV', 1, 1, 0, 0),  latency: 5.0088228571428575
[2m[36m(CompileWorker pid=3961394)[0m compiled for stage:28 name: stage_1_3_acc_grad_0 module id: 0
[2m[36m(CompileWorker pid=3961394)[0m compiled for stage:28 name: stage_1_3_acc_grad_1 module id: 1
[2m[36m(CompileWorker pid=3961387)[0m compiled for stage:29 name: stage_1_3_acc_grad_0 module id: 0
[2m[36m(CompileWorker pid=3961391)[0m compiled for stage:18 name: stage_0_9_acc_grad_0 module id: 0
[2m[36m(CompileWorker pid=3961387)[0m compiled for stage:29 name: stage_1_3_acc_grad_1 module id: 1
[2m[36m(CompileWorker pid=3961392)[0m compiled for stage:30 name: stage_1_4_acc_grad_0 module id: 0
[2m[36m(CompileWorker pid=3961392)[0m compiled for stage:30 name: stage_1_4_acc_grad_1 module id: 1
[2m[36m(CompileWorker pid=3961391)[0m compiled for stage:18 name: stage_0_9_acc_grad_1 module id: 1
[2m[36m(CompileWorker pid=3961396)[0m compiled for stage:31 name: stage_1_4_acc_grad_0 module id: 0
[2m[36m(CompileWorker pid=3961396)[0m compiled for stage:31 name: stage_1_4_acc_grad_1 module id: 1
[2m[36m(CompileWorker pid=3961390)[0m compiled for stage:17 name: stage_0_8_acc_grad_0 module id: 0
[2m[36m(CompileWorker pid=3961389)[0m compiled for stage:32 name: stage_1_5_acc_grad_0 module id: 0
[2m[36m(CompileWorker pid=3961389)[0m compiled for stage:32 name: stage_1_5_acc_grad_1 module id: 1
[2m[36m(CompileWorker pid=3961390)[0m  tensor (Large latency) dimensions: (1, 256, 36864, 36864, 1, 1, 1, 1, 1, 1, 0, 0, 'CONV', 1, 1, 0, 0),  latency: 45.36027428571428
[2m[36m(CompileWorker pid=3961390)[0m compiled for stage:17 name: stage_0_8_acc_grad_1 module id: 1
[2m[36m(CompileWorker pid=3961395)[0m compiled for stage:20 name: stage_0_10_acc_grad_0 module id: 0
[2m[36m(CompileWorker pid=3961395)[0m compiled for stage:20 name: stage_0_10_acc_grad_1 module id: 1
[2m[36m(CompileWorker pid=3961388)[0m compiled for stage:22 name: stage_0_11_acc_grad_0 module id: 0
[2m[36m(CompileWorker pid=3961388)[0m compiled for stage:22 name: stage_0_11_acc_grad_1 module id: 1
[2m[36m(CompileWorker pid=3961387)[0m compiled for stage:34 name: stage_1_6_acc_grad_0 module id: 0
[2m[36m(CompileWorker pid=3961387)[0m compiled for stage:34 name: stage_1_6_acc_grad_1 module id: 1
[2m[36m(CompileWorker pid=3961397)[0m compiled for stage:19 name: stage_0_9_acc_grad_0 module id: 0
[2m[36m(CompileWorker pid=3961394)[0m compiled for stage:33 name: stage_1_5_acc_grad_0 module id: 0
[2m[36m(CompileWorker pid=3961394)[0m compiled for stage:33 name: stage_1_5_acc_grad_1 module id: 1
[2m[36m(CompileWorker pid=3961388)[0m  tensor (Large latency) dimensions: (1, 2048, 12288, 12288, 1, 1, 1, 1, 1, 1, 0, 0, 'CONV', 1, 1, 0, 0),  latency: 26.58889142857143
[2m[36m(CompileWorker pid=3961392)[0m compiled for stage:35 name: stage_1_6_acc_grad_0 module id: 0
[2m[36m(CompileWorker pid=3961391)[0m compiled for stage:36 name: stage_1_7_acc_grad_0 module id: 0
[2m[36m(CompileWorker pid=3961392)[0m compiled for stage:35 name: stage_1_6_acc_grad_1 module id: 1
[2m[36m(CompileWorker pid=3961391)[0m compiled for stage:36 name: stage_1_7_acc_grad_1 module id: 1
[2m[36m(CompileWorker pid=3961397)[0m  tensor (Large latency) dimensions: (1, 256, 36864, 36864, 1, 1, 1, 1, 1, 1, 0, 0, 'CONV', 1, 1, 0, 0),  latency: 45.36027428571428
[2m[36m(CompileWorker pid=3961398)[0m compiled for stage:21 name: stage_0_10_acc_grad_0 module id: 0
[2m[36m(CompileWorker pid=3961397)[0m compiled for stage:19 name: stage_0_9_acc_grad_1 module id: 1
[2m[36m(CompileWorker pid=3961390)[0m  tensor (Large latency) dimensions: (1, 12288, 36864, 36864, 1, 1, 1, 1, 1, 1, 0, 0, 'CONV', 1, 1, 0, 0),  latency: 1449.2818285714286
[2m[36m(CompileWorker pid=3961398)[0m compiled for stage:21 name: stage_0_10_acc_grad_1 module id: 1
[2m[36m(CompileWorker pid=3961389)[0m compiled for stage:38 name: stage_1_8_acc_grad_0 module id: 0
[2m[36m(CompileWorker pid=3961389)[0m compiled for stage:38 name: stage_1_8_acc_grad_1 module id: 1
[2m[36m(CompileWorker pid=3961390)[0m  tensor (Large latency) dimensions: (1, 2048, 12288, 12288, 1, 1, 1, 1, 1, 1, 0, 0, 'CONV', 1, 1, 0, 0),  latency: 26.58889142857143
[2m[36m(CompileWorker pid=3961396)[0m compiled for stage:37 name: stage_1_7_acc_grad_0 module id: 0
[2m[36m(CompileWorker pid=3961389)[0m compiled for stage:46 name: stage_2_2_acc_grad_0 module id: 0
[2m[36m(CompileWorker pid=3961389)[0m compiled for stage:46 name: stage_2_2_acc_grad_1 module id: 1
[2m[36m(CompileWorker pid=3961396)[0m compiled for stage:37 name: stage_1_7_acc_grad_1 module id: 1
[2m[36m(CompileWorker pid=3961390)[0m compiled for stage:47 name: stage_2_2_acc_grad_0 module id: 0
[2m[36m(CompileWorker pid=3961390)[0m compiled for stage:47 name: stage_2_2_acc_grad_1 module id: 1
[2m[36m(CompileWorker pid=3961393)[0m compiled for stage:23 name: stage_0_11_acc_grad_0 module id: 0
[2m[36m(CompileWorker pid=3961393)[0m compiled for stage:23 name: stage_0_11_acc_grad_1 module id: 1
[2m[36m(CompileWorker pid=3961389)[0m compiled for stage:48 name: stage_2_3_acc_grad_0 module id: 0
[2m[36m(CompileWorker pid=3961389)[0m compiled for stage:48 name: stage_2_3_acc_grad_1 module id: 1
[2m[36m(CompileWorker pid=3961397)[0m  tensor (Large latency) dimensions: (1, 12288, 36864, 36864, 1, 1, 1, 1, 1, 1, 0, 0, 'CONV', 1, 1, 0, 0),  latency: 1449.2818285714286
[2m[36m(CompileWorker pid=3961396)[0m compiled for stage:49 name: stage_2_3_acc_grad_0 module id: 0
[2m[36m(CompileWorker pid=3961396)[0m compiled for stage:49 name: stage_2_3_acc_grad_1 module id: 1
[2m[36m(CompileWorker pid=3961390)[0m compiled for stage:50 name: stage_2_4_acc_grad_0 module id: 0
[2m[36m(CompileWorker pid=3961395)[0m compiled for stage:39 name: stage_1_8_acc_grad_0 module id: 0
[2m[36m(CompileWorker pid=3961390)[0m compiled for stage:50 name: stage_2_4_acc_grad_1 module id: 1
[2m[36m(CompileWorker pid=3961395)[0m compiled for stage:39 name: stage_1_8_acc_grad_1 module id: 1
[2m[36m(CompileWorker pid=3961387)[0m compiled for stage:40 name: stage_1_9_acc_grad_0 module id: 0
[2m[36m(CompileWorker pid=3961387)[0m compiled for stage:40 name: stage_1_9_acc_grad_1 module id: 1
[2m[36m(CompileWorker pid=3961393)[0m  tensor (Large latency) dimensions: (1, 2048, 12288, 12288, 1, 1, 1, 1, 1, 1, 0, 0, 'CONV', 1, 1, 0, 0),  latency: 26.58889142857143
[2m[36m(CompileWorker pid=3961397)[0m  tensor (Large latency) dimensions: (1, 2048, 12288, 12288, 1, 1, 1, 1, 1, 1, 0, 0, 'CONV', 1, 1, 0, 0),  latency: 26.58889142857143
[2m[36m(CompileWorker pid=3961389)[0m compiled for stage:51 name: stage_2_4_acc_grad_0 module id: 0
[2m[36m(CompileWorker pid=3961389)[0m compiled for stage:51 name: stage_2_4_acc_grad_1 module id: 1
[2m[36m(CompileWorker pid=3961396)[0m compiled for stage:52 name: stage_2_5_acc_grad_0 module id: 0
[2m[36m(CompileWorker pid=3961396)[0m compiled for stage:52 name: stage_2_5_acc_grad_1 module id: 1
[2m[36m(CompileWorker pid=3961388)[0m compiled for stage:42 name: stage_1_10_acc_grad_0 module id: 0
[2m[36m(CompileWorker pid=3961394)[0m compiled for stage:41 name: stage_1_9_acc_grad_0 module id: 0
[2m[36m(CompileWorker pid=3961388)[0m compiled for stage:42 name: stage_1_10_acc_grad_1 module id: 1
[2m[36m(CompileWorker pid=3961394)[0m compiled for stage:41 name: stage_1_9_acc_grad_1 module id: 1
[2m[36m(CompileWorker pid=3961390)[0m compiled for stage:53 name: stage_2_5_acc_grad_0 module id: 0
[2m[36m(CompileWorker pid=3961390)[0m compiled for stage:53 name: stage_2_5_acc_grad_1 module id: 1
[2m[36m(CompileWorker pid=3961392)[0m compiled for stage:44 name: stage_1_11_acc_grad_0 module id: 0
[2m[36m(CompileWorker pid=3961392)[0m compiled for stage:44 name: stage_1_11_acc_grad_1 module id: 1
[2m[36m(CompileWorker pid=3961395)[0m compiled for stage:54 name: stage_2_6_acc_grad_0 module id: 0
[2m[36m(CompileWorker pid=3961395)[0m compiled for stage:54 name: stage_2_6_acc_grad_1 module id: 1
[2m[36m(CompileWorker pid=3961393)[0m compiled for stage:55 name: stage_2_6_acc_grad_0 module id: 0
[2m[36m(CompileWorker pid=3961393)[0m compiled for stage:55 name: stage_2_6_acc_grad_1 module id: 1
[2m[36m(CompileWorker pid=3961387)[0m compiled for stage:56 name: stage_2_7_acc_grad_0 module id: 0
[2m[36m(CompileWorker pid=3961387)[0m compiled for stage:56 name: stage_2_7_acc_grad_1 module id: 1
[2m[36m(CompileWorker pid=3961392)[0m  tensor (Large latency) dimensions: (1, 2048, 12288, 12288, 1, 1, 1, 1, 1, 1, 0, 0, 'CONV', 1, 1, 0, 0),  latency: 26.58889142857143
[2m[36m(CompileWorker pid=3961392)[0m compiled for stage:66 name: stage_3_3_acc_grad_0 module id: 0
[2m[36m(CompileWorker pid=3961392)[0m compiled for stage:66 name: stage_3_3_acc_grad_1 module id: 1
[2m[36m(CompileWorker pid=3961391)[0m compiled for stage:43 name: stage_1_10_acc_grad_0 module id: 0
[2m[36m(CompileWorker pid=3961392)[0m compiled for stage:67 name: stage_3_3_acc_grad_0 module id: 0
[2m[36m(CompileWorker pid=3961391)[0m compiled for stage:43 name: stage_1_10_acc_grad_1 module id: 1
[2m[36m(CompileWorker pid=3961392)[0m compiled for stage:67 name: stage_3_3_acc_grad_1 module id: 1
[2m[36m(CompileWorker pid=3961389)[0m compiled for stage:58 name: stage_2_8_acc_grad_0 module id: 0
[2m[36m(CompileWorker pid=3961397)[0m compiled for stage:57 name: stage_2_7_acc_grad_0 module id: 0
[2m[36m(CompileWorker pid=3961389)[0m compiled for stage:58 name: stage_2_8_acc_grad_1 module id: 1
[2m[36m(CompileWorker pid=3961397)[0m compiled for stage:57 name: stage_2_7_acc_grad_1 module id: 1
[2m[36m(CompileWorker pid=3961398)[0m compiled for stage:45 name: stage_1_11_acc_grad_0 module id: 0
[2m[36m(CompileWorker pid=3961398)[0m compiled for stage:45 name: stage_1_11_acc_grad_1 module id: 1
[2m[36m(CompileWorker pid=3961392)[0m compiled for stage:68 name: stage_3_4_acc_grad_0 module id: 0
[2m[36m(CompileWorker pid=3961392)[0m compiled for stage:68 name: stage_3_4_acc_grad_1 module id: 1
[2m[36m(CompileWorker pid=3961391)[0m compiled for stage:69 name: stage_3_4_acc_grad_0 module id: 0
[2m[36m(CompileWorker pid=3961391)[0m compiled for stage:69 name: stage_3_4_acc_grad_1 module id: 1
[2m[36m(CompileWorker pid=3961396)[0m compiled for stage:59 name: stage_2_8_acc_grad_0 module id: 0
[2m[36m(CompileWorker pid=3961397)[0m compiled for stage:70 name: stage_3_5_acc_grad_0 module id: 0
[2m[36m(CompileWorker pid=3961397)[0m compiled for stage:70 name: stage_3_5_acc_grad_1 module id: 1
[2m[36m(CompileWorker pid=3961396)[0m compiled for stage:59 name: stage_2_8_acc_grad_1 module id: 1
[2m[36m(CompileWorker pid=3961398)[0m  tensor (Large latency) dimensions: (1, 2048, 12288, 12288, 1, 1, 1, 1, 1, 1, 0, 0, 'CONV', 1, 1, 0, 0),  latency: 26.58889142857143
[2m[36m(CompileWorker pid=3961389)[0m compiled for stage:71 name: stage_3_5_acc_grad_0 module id: 0
[2m[36m(CompileWorker pid=3961389)[0m compiled for stage:71 name: stage_3_5_acc_grad_1 module id: 1
[2m[36m(CompileWorker pid=3961392)[0m compiled for stage:72 name: stage_3_6_acc_grad_0 module id: 0
[2m[36m(CompileWorker pid=3961392)[0m compiled for stage:72 name: stage_3_6_acc_grad_1 module id: 1
[2m[36m(CompileWorker pid=3961388)[0m compiled for stage:60 name: stage_2_9_acc_grad_0 module id: 0
[2m[36m(CompileWorker pid=3961388)[0m compiled for stage:60 name: stage_2_9_acc_grad_1 module id: 1
[2m[36m(CompileWorker pid=3961394)[0m compiled for stage:62 name: stage_2_10_acc_grad_0 module id: 0
[2m[36m(CompileWorker pid=3961394)[0m  tensor (Large latency) dimensions: (1, 256, 12288, 12288, 1, 1, 1, 1, 1, 1, 0, 0, 'CONV', 1, 1, 0, 0),  latency: 5.0088228571428575
[2m[36m(CompileWorker pid=3961394)[0m compiled for stage:62 name: stage_2_10_acc_grad_1 module id: 1
[2m[36m(CompileWorker pid=3961390)[0m compiled for stage:61 name: stage_2_9_acc_grad_0 module id: 0
[2m[36m(CompileWorker pid=3961390)[0m compiled for stage:61 name: stage_2_9_acc_grad_1 module id: 1
[2m[36m(CompileWorker pid=3961391)[0m compiled for stage:73 name: stage_3_6_acc_grad_0 module id: 0
[2m[36m(CompileWorker pid=3961391)[0m compiled for stage:73 name: stage_3_6_acc_grad_1 module id: 1
[2m[36m(CompileWorker pid=3961393)[0m compiled for stage:64 name: stage_2_11_acc_grad_0 module id: 0
[2m[36m(CompileWorker pid=3961397)[0m compiled for stage:74 name: stage_3_7_acc_grad_0 module id: 0
[2m[36m(CompileWorker pid=3961393)[0m compiled for stage:64 name: stage_2_11_acc_grad_1 module id: 1
[2m[36m(CompileWorker pid=3961397)[0m compiled for stage:74 name: stage_3_7_acc_grad_1 module id: 1
[2m[36m(CompileWorker pid=3961395)[0m compiled for stage:63 name: stage_2_10_acc_grad_0 module id: 0
[2m[36m(CompileWorker pid=3961395)[0m compiled for stage:63 name: stage_2_10_acc_grad_1 module id: 1
[2m[36m(CompileWorker pid=3961396)[0m compiled for stage:75 name: stage_3_7_acc_grad_0 module id: 0
[2m[36m(CompileWorker pid=3961396)[0m compiled for stage:75 name: stage_3_7_acc_grad_1 module id: 1
[2m[36m(CompileWorker pid=3961398)[0m compiled for stage:76 name: stage_3_8_acc_grad_0 module id: 0
[2m[36m(CompileWorker pid=3961395)[0m compiled for stage:84 name: stage_4_4_acc_grad_0 module id: 0
[2m[36m(CompileWorker pid=3961395)[0m compiled for stage:84 name: stage_4_4_acc_grad_1 module id: 1
[2m[36m(CompileWorker pid=3961398)[0m compiled for stage:76 name: stage_3_8_acc_grad_1 module id: 1
[2m[36m(CompileWorker pid=3961392)[0m compiled for stage:78 name: stage_3_9_acc_grad_0 module id: 0
[2m[36m(CompileWorker pid=3961392)[0m compiled for stage:78 name: stage_3_9_acc_grad_1 module id: 1
[2m[36m(CompileWorker pid=3961396)[0m compiled for stage:85 name: stage_4_4_acc_grad_0 module id: 0
[2m[36m(CompileWorker pid=3961396)[0m compiled for stage:85 name: stage_4_4_acc_grad_1 module id: 1
[2m[36m(CompileWorker pid=3961389)[0m compiled for stage:77 name: stage_3_8_acc_grad_0 module id: 0
[2m[36m(CompileWorker pid=3961389)[0m compiled for stage:77 name: stage_3_8_acc_grad_1 module id: 1
[2m[36m(CompileWorker pid=3961394)[0m  tensor (Large latency) dimensions: (1, 12288, 12288, 12288, 1, 1, 1, 1, 1, 1, 0, 0, 'CONV', 1, 1, 0, 0),  latency: 159.53334857142858
[2m[36m(CompileWorker pid=3961395)[0m compiled for stage:86 name: stage_4_5_acc_grad_0 module id: 0
[2m[36m(CompileWorker pid=3961395)[0m compiled for stage:86 name: stage_4_5_acc_grad_1 module id: 1
[2m[36m(CompileWorker pid=3961387)[0m compiled for stage:65 name: stage_2_11_acc_grad_0 module id: 0
[2m[36m(CompileWorker pid=3961387)[0m compiled for stage:65 name: stage_2_11_acc_grad_1 module id: 1
[2m[36m(CompileWorker pid=3961398)[0m compiled for stage:87 name: stage_4_5_acc_grad_0 module id: 0
[2m[36m(CompileWorker pid=3961398)[0m compiled for stage:87 name: stage_4_5_acc_grad_1 module id: 1
[2m[36m(CompileWorker pid=3961396)[0m compiled for stage:88 name: stage_4_6_acc_grad_0 module id: 0
[2m[36m(CompileWorker pid=3961396)[0m compiled for stage:88 name: stage_4_6_acc_grad_1 module id: 1
[2m[36m(CompileWorker pid=3961392)[0m compiled for stage:89 name: stage_4_6_acc_grad_0 module id: 0
[2m[36m(CompileWorker pid=3961390)[0m compiled for stage:80 name: stage_3_10_acc_grad_0 module id: 0
[2m[36m(CompileWorker pid=3961392)[0m compiled for stage:89 name: stage_4_6_acc_grad_1 module id: 1
[2m[36m(CompileWorker pid=3961390)[0m compiled for stage:80 name: stage_3_10_acc_grad_1 module id: 1
[2m[36m(CompileWorker pid=3961388)[0m compiled for stage:79 name: stage_3_9_acc_grad_0 module id: 0
[2m[36m(CompileWorker pid=3961388)[0m compiled for stage:79 name: stage_3_9_acc_grad_1 module id: 1
[2m[36m(CompileWorker pid=3961389)[0m compiled for stage:90 name: stage_4_7_acc_grad_0 module id: 0
[2m[36m(CompileWorker pid=3961387)[0m  tensor (Large latency) dimensions: (1, 2048, 12288, 12288, 1, 1, 1, 1, 1, 1, 0, 0, 'CONV', 1, 1, 0, 0),  latency: 26.58889142857143
[2m[36m(CompileWorker pid=3961389)[0m compiled for stage:90 name: stage_4_7_acc_grad_1 module id: 1
[2m[36m(CompileWorker pid=3961394)[0m compiled for stage:91 name: stage_4_7_acc_grad_0 module id: 0
[2m[36m(CompileWorker pid=3961395)[0m compiled for stage:92 name: stage_4_8_acc_grad_0 module id: 0
[2m[36m(CompileWorker pid=3961394)[0m compiled for stage:91 name: stage_4_7_acc_grad_1 module id: 1
[2m[36m(CompileWorker pid=3961395)[0m compiled for stage:92 name: stage_4_8_acc_grad_1 module id: 1
[2m[36m(CompileWorker pid=3961391)[0m compiled for stage:81 name: stage_3_10_acc_grad_0 module id: 0
[2m[36m(CompileWorker pid=3961391)[0m compiled for stage:81 name: stage_3_10_acc_grad_1 module id: 1
[2m[36m(CompileWorker pid=3961394)[0m compiled for stage:100 name: stage_5_5_acc_grad_0 module id: 0
[2m[36m(CompileWorker pid=3961394)[0m compiled for stage:100 name: stage_5_5_acc_grad_1 module id: 1
[2m[36m(CompileWorker pid=3961395)[0m compiled for stage:101 name: stage_5_5_acc_grad_0 module id: 0
[2m[36m(CompileWorker pid=3961395)[0m compiled for stage:101 name: stage_5_5_acc_grad_1 module id: 1
[2m[36m(CompileWorker pid=3961397)[0m compiled for stage:82 name: stage_3_11_acc_grad_0 module id: 0
[2m[36m(CompileWorker pid=3961398)[0m compiled for stage:93 name: stage_4_8_acc_grad_0 module id: 0
[2m[36m(CompileWorker pid=3961398)[0m compiled for stage:93 name: stage_4_8_acc_grad_1 module id: 1
[2m[36m(CompileWorker pid=3961397)[0m compiled for stage:82 name: stage_3_11_acc_grad_1 module id: 1
[2m[36m(CompileWorker pid=3961396)[0m compiled for stage:94 name: stage_4_9_acc_grad_0 module id: 0
[2m[36m(CompileWorker pid=3961396)[0m compiled for stage:94 name: stage_4_9_acc_grad_1 module id: 1
[2m[36m(CompileWorker pid=3961394)[0m compiled for stage:102 name: stage_5_6_acc_grad_0 module id: 0
[2m[36m(CompileWorker pid=3961394)[0m compiled for stage:102 name: stage_5_6_acc_grad_1 module id: 1
[2m[36m(CompileWorker pid=3961391)[0m compiled for stage:103 name: stage_5_6_acc_grad_0 module id: 0
[2m[36m(CompileWorker pid=3961391)[0m compiled for stage:103 name: stage_5_6_acc_grad_1 module id: 1
[2m[36m(CompileWorker pid=3961395)[0m compiled for stage:104 name: stage_5_7_acc_grad_0 module id: 0
[2m[36m(CompileWorker pid=3961393)[0m compiled for stage:83 name: stage_3_11_acc_grad_0 module id: 0
[2m[36m(CompileWorker pid=3961395)[0m compiled for stage:104 name: stage_5_7_acc_grad_1 module id: 1
[2m[36m(CompileWorker pid=3961393)[0m compiled for stage:83 name: stage_3_11_acc_grad_1 module id: 1
[2m[36m(CompileWorker pid=3961397)[0m  tensor (Large latency) dimensions: (1, 2048, 12288, 12288, 1, 1, 1, 1, 1, 1, 0, 0, 'CONV', 1, 1, 0, 0),  latency: 26.58889142857143
[2m[36m(CompileWorker pid=3961390)[0m compiled for stage:96 name: stage_4_10_acc_grad_0 module id: 0
[2m[36m(CompileWorker pid=3961390)[0m compiled for stage:96 name: stage_4_10_acc_grad_1 module id: 1
[2m[36m(CompileWorker pid=3961398)[0m compiled for stage:105 name: stage_5_7_acc_grad_0 module id: 0
[2m[36m(CompileWorker pid=3961398)[0m compiled for stage:105 name: stage_5_7_acc_grad_1 module id: 1
[2m[36m(CompileWorker pid=3961392)[0m compiled for stage:95 name: stage_4_9_acc_grad_0 module id: 0
[2m[36m(CompileWorker pid=3961396)[0m compiled for stage:106 name: stage_5_8_acc_grad_0 module id: 0
[2m[36m(CompileWorker pid=3961396)[0m compiled for stage:106 name: stage_5_8_acc_grad_1 module id: 1
[2m[36m(CompileWorker pid=3961389)[0m compiled for stage:98 name: stage_4_11_acc_grad_0 module id: 0
[2m[36m(CompileWorker pid=3961389)[0m compiled for stage:98 name: stage_4_11_acc_grad_1 module id: 1
[2m[36m(CompileWorker pid=3961392)[0m  tensor (Large latency) dimensions: (1, 256, 12288, 12288, 1, 1, 1, 1, 1, 1, 0, 0, 'CONV', 1, 1, 0, 0),  latency: 5.0088228571428575
[2m[36m(CompileWorker pid=3961392)[0m compiled for stage:95 name: stage_4_9_acc_grad_1 module id: 1
[2m[36m(CompileWorker pid=3961396)[0m compiled for stage:114 name: stage_6_6_acc_grad_0 module id: 0
[2m[36m(CompileWorker pid=3961396)[0m compiled for stage:114 name: stage_6_6_acc_grad_1 module id: 1
[2m[36m(CompileWorker pid=3961394)[0m compiled for stage:107 name: stage_5_8_acc_grad_0 module id: 0
[2m[36m(CompileWorker pid=3961394)[0m compiled for stage:107 name: stage_5_8_acc_grad_1 module id: 1
[2m[36m(CompileWorker pid=3961387)[0m compiled for stage:97 name: stage_4_10_acc_grad_0 module id: 0
[2m[36m(CompileWorker pid=3961387)[0m compiled for stage:97 name: stage_4_10_acc_grad_1 module id: 1
[2m[36m(CompileWorker pid=3961396)[0m compiled for stage:115 name: stage_6_6_acc_grad_0 module id: 0
[2m[36m(CompileWorker pid=3961396)[0m compiled for stage:115 name: stage_6_6_acc_grad_1 module id: 1
[2m[36m(CompileWorker pid=3961391)[0m compiled for stage:108 name: stage_5_9_acc_grad_0 module id: 0
[2m[36m(CompileWorker pid=3961391)[0m compiled for stage:108 name: stage_5_9_acc_grad_1 module id: 1
[2m[36m(CompileWorker pid=3961389)[0m  tensor (Large latency) dimensions: (1, 2048, 12288, 12288, 1, 1, 1, 1, 1, 1, 0, 0, 'CONV', 1, 1, 0, 0),  latency: 26.58889142857143
[2m[36m(CompileWorker pid=3961394)[0m compiled for stage:116 name: stage_6_7_acc_grad_0 module id: 0
[2m[36m(CompileWorker pid=3961394)[0m compiled for stage:116 name: stage_6_7_acc_grad_1 module id: 1
[2m[36m(CompileWorker pid=3961395)[0m compiled for stage:109 name: stage_5_9_acc_grad_0 module id: 0
[2m[36m(CompileWorker pid=3961395)[0m compiled for stage:109 name: stage_5_9_acc_grad_1 module id: 1
[2m[36m(CompileWorker pid=3961397)[0m compiled for stage:110 name: stage_5_10_acc_grad_0 module id: 0
[2m[36m(CompileWorker pid=3961397)[0m compiled for stage:110 name: stage_5_10_acc_grad_1 module id: 1
[2m[36m(CompileWorker pid=3961387)[0m compiled for stage:117 name: stage_6_7_acc_grad_0 module id: 0
[2m[36m(CompileWorker pid=3961387)[0m compiled for stage:117 name: stage_6_7_acc_grad_1 module id: 1
[2m[36m(CompileWorker pid=3961388)[0m compiled for stage:99 name: stage_4_11_acc_grad_0 module id: 0
[2m[36m(CompileWorker pid=3961396)[0m compiled for stage:118 name: stage_6_8_acc_grad_0 module id: 0
[2m[36m(CompileWorker pid=3961388)[0m compiled for stage:99 name: stage_4_11_acc_grad_1 module id: 1
[2m[36m(CompileWorker pid=3961396)[0m compiled for stage:118 name: stage_6_8_acc_grad_1 module id: 1
[2m[36m(CompileWorker pid=3961393)[0m compiled for stage:111 name: stage_5_10_acc_grad_0 module id: 0
[2m[36m(CompileWorker pid=3961391)[0m compiled for stage:119 name: stage_6_8_acc_grad_0 module id: 0
[2m[36m(CompileWorker pid=3961393)[0m compiled for stage:111 name: stage_5_10_acc_grad_1 module id: 1
[2m[36m(CompileWorker pid=3961389)[0m compiled for stage:120 name: stage_6_9_acc_grad_0 module id: 0
[2m[36m(CompileWorker pid=3961391)[0m compiled for stage:119 name: stage_6_8_acc_grad_1 module id: 1
[2m[36m(CompileWorker pid=3961388)[0m compiled for stage:126 name: stage_7_7_acc_grad_0 module id: 0
[2m[36m(CompileWorker pid=3961388)[0m compiled for stage:126 name: stage_7_7_acc_grad_1 module id: 1
[2m[36m(CompileWorker pid=3961389)[0m compiled for stage:120 name: stage_6_9_acc_grad_1 module id: 1
[2m[36m(CompileWorker pid=3961390)[0m compiled for stage:112 name: stage_5_11_acc_grad_0 module id: 0
[2m[36m(CompileWorker pid=3961392)[0m  tensor (Large latency) dimensions: (1, 12288, 12288, 12288, 1, 1, 1, 1, 1, 1, 0, 0, 'CONV', 1, 1, 0, 0),  latency: 159.53334857142858
[2m[36m(CompileWorker pid=3961390)[0m compiled for stage:112 name: stage_5_11_acc_grad_1 module id: 1
[2m[36m(CompileWorker pid=3961393)[0m compiled for stage:127 name: stage_7_7_acc_grad_0 module id: 0
[2m[36m(CompileWorker pid=3961393)[0m compiled for stage:127 name: stage_7_7_acc_grad_1 module id: 1
[2m[36m(CompileWorker pid=3961398)[0m compiled for stage:113 name: stage_5_11_acc_grad_0 module id: 0
[2m[36m(CompileWorker pid=3961398)[0m compiled for stage:113 name: stage_5_11_acc_grad_1 module id: 1
[2m[36m(CompileWorker pid=3961394)[0m compiled for stage:121 name: stage_6_9_acc_grad_0 module id: 0
[2m[36m(CompileWorker pid=3961391)[0m compiled for stage:128 name: stage_7_8_acc_grad_0 module id: 0
[2m[36m(CompileWorker pid=3961394)[0m compiled for stage:121 name: stage_6_9_acc_grad_1 module id: 1
[2m[36m(CompileWorker pid=3961391)[0m compiled for stage:128 name: stage_7_8_acc_grad_1 module id: 1
[2m[36m(CompileWorker pid=3961388)[0m compiled for stage:129 name: stage_7_8_acc_grad_0 module id: 0
[2m[36m(CompileWorker pid=3961388)[0m compiled for stage:129 name: stage_7_8_acc_grad_1 module id: 1
[2m[36m(CompileWorker pid=3961390)[0m  tensor (Large latency) dimensions: (1, 2048, 12288, 12288, 1, 1, 1, 1, 1, 1, 0, 0, 'CONV', 1, 1, 0, 0),  latency: 26.58889142857143
[2m[36m(CompileWorker pid=3961395)[0m compiled for stage:122 name: stage_6_10_acc_grad_0 module id: 0
[2m[36m(CompileWorker pid=3961395)[0m compiled for stage:122 name: stage_6_10_acc_grad_1 module id: 1
[2m[36m(CompileWorker pid=3961389)[0m compiled for stage:130 name: stage_7_9_acc_grad_0 module id: 0
[2m[36m(CompileWorker pid=3961389)[0m compiled for stage:130 name: stage_7_9_acc_grad_1 module id: 1
[2m[36m(CompileWorker pid=3961397)[0m compiled for stage:124 name: stage_6_11_acc_grad_0 module id: 0
[2m[36m(CompileWorker pid=3961397)[0m compiled for stage:124 name: stage_6_11_acc_grad_1 module id: 1
[2m[36m(CompileWorker pid=3961388)[0m compiled for stage:136 name: stage_8_8_acc_grad_0 module id: 0
[2m[36m(CompileWorker pid=3961388)[0m compiled for stage:136 name: stage_8_8_acc_grad_1 module id: 1
[2m[36m(CompileWorker pid=3961392)[0m compiled for stage:131 name: stage_7_9_acc_grad_0 module id: 0
[2m[36m(CompileWorker pid=3961392)[0m compiled for stage:131 name: stage_7_9_acc_grad_1 module id: 1
[2m[36m(CompileWorker pid=3961390)[0m compiled for stage:137 name: stage_8_8_acc_grad_0 module id: 0
[2m[36m(CompileWorker pid=3961390)[0m compiled for stage:137 name: stage_8_8_acc_grad_1 module id: 1
[2m[36m(CompileWorker pid=3961393)[0m compiled for stage:132 name: stage_7_10_acc_grad_0 module id: 0
[2m[36m(CompileWorker pid=3961395)[0m compiled for stage:138 name: stage_8_9_acc_grad_0 module id: 0
[2m[36m(CompileWorker pid=3961387)[0m compiled for stage:123 name: stage_6_10_acc_grad_0 module id: 0
[2m[36m(CompileWorker pid=3961395)[0m compiled for stage:138 name: stage_8_9_acc_grad_1 module id: 1
[2m[36m(CompileWorker pid=3961393)[0m compiled for stage:132 name: stage_7_10_acc_grad_1 module id: 1
[2m[36m(CompileWorker pid=3961387)[0m compiled for stage:123 name: stage_6_10_acc_grad_1 module id: 1
[2m[36m(CompileWorker pid=3961389)[0m compiled for stage:139 name: stage_8_9_acc_grad_0 module id: 0
[2m[36m(CompileWorker pid=3961389)[0m compiled for stage:139 name: stage_8_9_acc_grad_1 module id: 1
[2m[36m(CompileWorker pid=3961395)[0m compiled for stage:144 name: stage_9_9_acc_grad_0 module id: 0
[2m[36m(CompileWorker pid=3961391)[0m compiled for stage:134 name: stage_7_11_acc_grad_0 module id: 0
[2m[36m(CompileWorker pid=3961395)[0m compiled for stage:144 name: stage_9_9_acc_grad_1 module id: 1
[2m[36m(CompileWorker pid=3961393)[0m compiled for stage:145 name: stage_9_9_acc_grad_0 module id: 0
[2m[36m(CompileWorker pid=3961388)[0m compiled for stage:140 name: stage_8_10_acc_grad_0 module id: 0
[2m[36m(CompileWorker pid=3961388)[0m compiled for stage:140 name: stage_8_10_acc_grad_1 module id: 1
[2m[36m(CompileWorker pid=3961391)[0m compiled for stage:134 name: stage_7_11_acc_grad_1 module id: 1
[2m[36m(CompileWorker pid=3961393)[0m compiled for stage:145 name: stage_9_9_acc_grad_1 module id: 1
[2m[36m(CompileWorker pid=3961396)[0m compiled for stage:125 name: stage_6_11_acc_grad_0 module id: 0
[2m[36m(CompileWorker pid=3961398)[0m compiled for stage:133 name: stage_7_10_acc_grad_0 module id: 0
[2m[36m(CompileWorker pid=3961396)[0m compiled for stage:125 name: stage_6_11_acc_grad_1 module id: 1
[2m[36m(CompileWorker pid=3961397)[0m compiled for stage:141 name: stage_8_10_acc_grad_0 module id: 0
[2m[36m(CompileWorker pid=3961397)[0m compiled for stage:141 name: stage_8_10_acc_grad_1 module id: 1
[2m[36m(CompileWorker pid=3961387)[0m compiled for stage:146 name: stage_9_10_acc_grad_0 module id: 0
[2m[36m(CompileWorker pid=3961392)[0m compiled for stage:142 name: stage_8_11_acc_grad_0 module id: 0
[2m[36m(CompileWorker pid=3961387)[0m compiled for stage:146 name: stage_9_10_acc_grad_1 module id: 1
[2m[36m(CompileWorker pid=3961388)[0m compiled for stage:150 name: stage_10_10_acc_grad_0 module id: 0
[2m[36m(CompileWorker pid=3961392)[0m compiled for stage:142 name: stage_8_11_acc_grad_1 module id: 1
[2m[36m(CompileWorker pid=3961388)[0m compiled for stage:150 name: stage_10_10_acc_grad_1 module id: 1
[2m[36m(CompileWorker pid=3961394)[0m compiled for stage:135 name: stage_7_11_acc_grad_0 module id: 0
[2m[36m(CompileWorker pid=3961389)[0m compiled for stage:147 name: stage_9_10_acc_grad_0 module id: 0
[2m[36m(CompileWorker pid=3961394)[0m compiled for stage:135 name: stage_7_11_acc_grad_1 module id: 1
[2m[36m(CompileWorker pid=3961389)[0m compiled for stage:147 name: stage_9_10_acc_grad_1 module id: 1
[2m[36m(CompileWorker pid=3961392)[0m compiled for stage:154 name: stage_11_11_acc_grad_0 module id: 0
[2m[36m(CompileWorker pid=3961392)[0m compiled for stage:154 name: stage_11_11_acc_grad_1 module id: 1
[2m[36m(CompileWorker pid=3961395)[0m compiled for stage:148 name: stage_9_11_acc_grad_0 module id: 0
[2m[36m(CompileWorker pid=3961390)[0m compiled for stage:143 name: stage_8_11_acc_grad_0 module id: 0
[2m[36m(CompileWorker pid=3961398)[0m  tensor (Large latency) dimensions: (1, 256, 36864, 36864, 1, 1, 1, 1, 1, 1, 0, 0, 'CONV', 1, 1, 0, 0),  latency: 45.36027428571428
[2m[36m(CompileWorker pid=3961398)[0m compiled for stage:133 name: stage_7_10_acc_grad_1 module id: 1
[2m[36m(CompileWorker pid=3961395)[0m compiled for stage:148 name: stage_9_11_acc_grad_1 module id: 1
[2m[36m(CompileWorker pid=3961397)[0m compiled for stage:151 name: stage_10_10_acc_grad_0 module id: 0
[2m[36m(CompileWorker pid=3961397)[0m compiled for stage:151 name: stage_10_10_acc_grad_1 module id: 1
[2m[36m(CompileWorker pid=3961390)[0m compiled for stage:143 name: stage_8_11_acc_grad_1 module id: 1
[2m[36m(CompileWorker pid=3961389)[0m compiled for stage:155 name: stage_11_11_acc_grad_0 module id: 0
[2m[36m(CompileWorker pid=3961389)[0m compiled for stage:155 name: stage_11_11_acc_grad_1 module id: 1
[2m[36m(CompileWorker pid=3961387)[0m compiled for stage:152 name: stage_10_11_acc_grad_0 module id: 0
[2m[36m(CompileWorker pid=3961387)[0m compiled for stage:152 name: stage_10_11_acc_grad_1 module id: 1
[2m[36m(CompileWorker pid=3961393)[0m compiled for stage:149 name: stage_9_11_acc_grad_0 module id: 0
[2m[36m(CompileWorker pid=3961393)[0m compiled for stage:149 name: stage_9_11_acc_grad_1 module id: 1
[2m[36m(CompileWorker pid=3961391)[0m  tensor (Large latency) dimensions: (1, 2048, 12288, 12288, 1, 1, 1, 1, 1, 1, 0, 0, 'CONV', 1, 1, 0, 0),  latency: 26.58889142857143
[2m[36m(CompileWorker pid=3961388)[0m compiled for stage:153 name: stage_10_11_acc_grad_0 module id: 0
[2m[36m(CompileWorker pid=3961388)[0m compiled for stage:153 name: stage_10_11_acc_grad_1 module id: 1
[2m[36m(CompileWorker pid=3961396)[0m  tensor (Large latency) dimensions: (1, 2048, 12288, 12288, 1, 1, 1, 1, 1, 1, 0, 0, 'CONV', 1, 1, 0, 0),  latency: 26.58889142857143
[2m[36m(CompileWorker pid=3961394)[0m  tensor (Large latency) dimensions: (1, 2048, 12288, 12288, 1, 1, 1, 1, 1, 1, 0, 0, 'CONV', 1, 1, 0, 0),  latency: 26.58889142857143
[2m[36m(CompileWorker pid=3961395)[0m  tensor (Large latency) dimensions: (1, 2048, 12288, 12288, 1, 1, 1, 1, 1, 1, 0, 0, 'CONV', 1, 1, 0, 0),  latency: 26.58889142857143
[2m[36m(CompileWorker pid=3961398)[0m  tensor (Large latency) dimensions: (1, 12288, 36864, 36864, 1, 1, 1, 1, 1, 1, 0, 0, 'CONV', 1, 1, 0, 0),  latency: 1449.2818285714286
[2m[36m(CompileWorker pid=3961398)[0m  tensor (Large latency) dimensions: (1, 2048, 12288, 12288, 1, 1, 1, 1, 1, 1, 0, 0, 'CONV', 1, 1, 0, 0),  latency: 26.58889142857143
- parse estimation results for all stages
Using pre computed peak Mem for (0, 0, 3, 0), module 0
result[(0, 0, 3, 0), 0] = ModuleProfileResult(compute_cost=310.976, peak_memory=2.100 GB, invar_size=1.578 GB, outvar_size=1.590 GB, temp_buffer_size=-1.068 GB, available_memory=64.000 GB, comm_cost=0.467)
Using pre computed peak Mem for (0, 0, 3, 0), module 1
result[(0, 0, 3, 0), 1] = ModuleProfileResult(compute_cost=234.528, peak_memory=2.450 GB, invar_size=3.168 GB, outvar_size=1.578 GB, temp_buffer_size=-0.718 GB, available_memory=64.000 GB, comm_cost=0.313)
Using pre computed peak Mem for (0, 0, 3, 1), module 0
result[(0, 0, 3, 1), 0] = ModuleProfileResult(compute_cost=310.976, peak_memory=2.100 GB, invar_size=1.578 GB, outvar_size=1.631 GB, temp_buffer_size=-1.109 GB, available_memory=64.000 GB, comm_cost=0.467)
Using pre computed peak Mem for (0, 0, 3, 1), module 1
result[(0, 0, 3, 1), 1] = ModuleProfileResult(compute_cost=234.528, peak_memory=2.450 GB, invar_size=3.209 GB, outvar_size=1.578 GB, temp_buffer_size=-0.759 GB, available_memory=64.000 GB, comm_cost=0.313)
Using pre computed peak Mem for (0, 1, 3, 0), module 0
result[(0, 1, 3, 0), 0] = ModuleProfileResult(compute_cost=621.398, peak_memory=4.200 GB, invar_size=2.000 GB, outvar_size=3.113 GB, temp_buffer_size=-0.914 GB, available_memory=64.000 GB, comm_cost=0.714)
Using pre computed peak Mem for (0, 1, 3, 0), module 1
result[(0, 1, 3, 0), 1] = ModuleProfileResult(compute_cost=461.979, peak_memory=4.900 GB, invar_size=5.114 GB, outvar_size=2.000 GB, temp_buffer_size=-0.214 GB, available_memory=64.000 GB, comm_cost=0.587)
Using pre computed peak Mem for (0, 1, 3, 1), module 0
result[(0, 1, 3, 1), 0] = ModuleProfileResult(compute_cost=424.685, peak_memory=4.200 GB, invar_size=2.739 GB, outvar_size=3.893 GB, temp_buffer_size=-2.431 GB, available_memory=64.000 GB, comm_cost=0.516)
Using pre computed peak Mem for (0, 1, 3, 1), module 1
result[(0, 1, 3, 1), 1] = ModuleProfileResult(compute_cost=1891.038, peak_memory=4.900 GB, invar_size=6.631 GB, outvar_size=2.739 GB, temp_buffer_size=-1.731 GB, available_memory=64.000 GB, comm_cost=0.796)
Using pre computed peak Mem for (0, 2, 3, 0), module 0
result[(0, 2, 3, 0), 0] = ModuleProfileResult(compute_cost=1205.978, peak_memory=6.300 GB, invar_size=2.563 GB, outvar_size=5.211 GB, temp_buffer_size=-1.475 GB, available_memory=64.000 GB, comm_cost=1.177)
Using pre computed peak Mem for (0, 2, 3, 0), module 1
result[(0, 2, 3, 0), 1] = ModuleProfileResult(compute_cost=761.870, peak_memory=7.350 GB, invar_size=7.775 GB, outvar_size=2.563 GB, temp_buffer_size=-0.425 GB, available_memory=64.000 GB, comm_cost=1.115)
Using pre computed peak Mem for (0, 2, 3, 1), module 0
result[(0, 2, 3, 1), 0] = ModuleProfileResult(compute_cost=812.558, peak_memory=6.300 GB, invar_size=4.040 GB, outvar_size=6.688 GB, temp_buffer_size=-4.428 GB, available_memory=64.000 GB, comm_cost=0.786)
Using pre computed peak Mem for (0, 2, 3, 1), module 1
result[(0, 2, 3, 1), 1] = ModuleProfileResult(compute_cost=3619.788, peak_memory=7.350 GB, invar_size=10.728 GB, outvar_size=4.040 GB, temp_buffer_size=-3.378 GB, available_memory=64.000 GB, comm_cost=1.332)
Using pre computed peak Mem for (0, 3, 3, 0), module 0
result[(0, 3, 3, 0), 0] = ModuleProfileResult(compute_cost=1516.208, peak_memory=8.400 GB, invar_size=2.985 GB, outvar_size=6.682 GB, temp_buffer_size=-1.268 GB, available_memory=64.000 GB, comm_cost=1.420)
Using pre computed peak Mem for (0, 3, 3, 0), module 1
result[(0, 3, 3, 0), 1] = ModuleProfileResult(compute_cost=989.041, peak_memory=9.800 GB, invar_size=9.668 GB, outvar_size=2.985 GB, temp_buffer_size=0.132 GB, available_memory=64.000 GB, comm_cost=1.389)
Using pre computed peak Mem for (0, 3, 3, 1), module 0
result[(0, 3, 3, 1), 0] = ModuleProfileResult(compute_cost=1516.206, peak_memory=8.400 GB, invar_size=2.985 GB, outvar_size=6.641 GB, temp_buffer_size=-1.227 GB, available_memory=64.000 GB, comm_cost=1.418)
Using pre computed peak Mem for (0, 3, 3, 1), module 1
result[(0, 3, 3, 1), 1] = ModuleProfileResult(compute_cost=988.842, peak_memory=9.800 GB, invar_size=9.627 GB, outvar_size=2.985 GB, temp_buffer_size=0.173 GB, available_memory=64.000 GB, comm_cost=1.188)
Using pre computed peak Mem for (0, 4, 3, 0), module 0
result[(0, 4, 3, 0), 0] = ModuleProfileResult(compute_cost=1826.436, peak_memory=10.500 GB, invar_size=3.407 GB, outvar_size=8.235 GB, temp_buffer_size=-1.143 GB, available_memory=64.000 GB, comm_cost=1.661)
Using pre computed peak Mem for (0, 4, 3, 0), module 1
result[(0, 4, 3, 0), 1] = ModuleProfileResult(compute_cost=1216.209, peak_memory=12.250 GB, invar_size=11.643 GB, outvar_size=3.407 GB, temp_buffer_size=0.607 GB, available_memory=64.000 GB, comm_cost=1.661)
Using pre computed peak Mem for (0, 4, 3, 1), module 0
result[(0, 4, 3, 1), 0] = ModuleProfileResult(compute_cost=1629.728, peak_memory=10.500 GB, invar_size=4.146 GB, outvar_size=9.097 GB, temp_buffer_size=-2.742 GB, available_memory=64.000 GB, comm_cost=1.467)
Using pre computed peak Mem for (0, 4, 3, 1), module 1
result[(0, 4, 3, 1), 1] = ModuleProfileResult(compute_cost=2644.477, peak_memory=12.250 GB, invar_size=13.242 GB, outvar_size=4.146 GB, temp_buffer_size=-0.992 GB, available_memory=64.000 GB, comm_cost=1.071)
Using pre computed peak Mem for (0, 5, 3, 0), module 0
result[(0, 5, 3, 0), 0] = ModuleProfileResult(compute_cost=2136.667, peak_memory=12.600 GB, invar_size=3.829 GB, outvar_size=9.665 GB, temp_buffer_size=-0.895 GB, available_memory=64.000 GB, comm_cost=1.904)
Using pre computed peak Mem for (0, 5, 3, 0), module 1
result[(0, 5, 3, 0), 1] = ModuleProfileResult(compute_cost=1443.379, peak_memory=14.700 GB, invar_size=13.495 GB, outvar_size=3.829 GB, temp_buffer_size=1.205 GB, available_memory=64.000 GB, comm_cost=1.934)
Using pre computed peak Mem for (0, 5, 3, 1), module 0
result[(0, 5, 3, 1), 0] = ModuleProfileResult(compute_cost=2136.667, peak_memory=12.600 GB, invar_size=3.829 GB, outvar_size=9.829 GB, temp_buffer_size=-1.059 GB, available_memory=64.000 GB, comm_cost=1.904)
Using pre computed peak Mem for (0, 5, 3, 1), module 1
result[(0, 5, 3, 1), 1] = ModuleProfileResult(compute_cost=1442.789, peak_memory=14.700 GB, invar_size=13.659 GB, outvar_size=3.829 GB, temp_buffer_size=1.041 GB, available_memory=64.000 GB, comm_cost=1.336)
Using pre computed peak Mem for (0, 6, 3, 0), module 0
result[(0, 6, 3, 0), 0] = ModuleProfileResult(compute_cost=2446.897, peak_memory=14.700 GB, invar_size=4.252 GB, outvar_size=11.218 GB, temp_buffer_size=-0.770 GB, available_memory=64.000 GB, comm_cost=2.147)
Using pre computed peak Mem for (0, 6, 3, 0), module 1
result[(0, 6, 3, 0), 1] = ModuleProfileResult(compute_cost=1670.550, peak_memory=17.150 GB, invar_size=15.470 GB, outvar_size=4.252 GB, temp_buffer_size=1.680 GB, available_memory=64.000 GB, comm_cost=2.208)
Using pre computed peak Mem for (0, 6, 3, 1), module 0
result[(0, 6, 3, 1), 0] = ModuleProfileResult(compute_cost=2446.897, peak_memory=14.700 GB, invar_size=4.252 GB, outvar_size=11.546 GB, temp_buffer_size=-1.098 GB, available_memory=64.000 GB, comm_cost=2.147)
Using pre computed peak Mem for (0, 6, 3, 1), module 1
result[(0, 6, 3, 1), 1] = ModuleProfileResult(compute_cost=1669.565, peak_memory=17.150 GB, invar_size=15.798 GB, outvar_size=4.252 GB, temp_buffer_size=1.352 GB, available_memory=64.000 GB, comm_cost=1.212)
Using pre computed peak Mem for (0, 7, 3, 0), module 0
result[(0, 7, 3, 0), 0] = ModuleProfileResult(compute_cost=2757.130, peak_memory=16.800 GB, invar_size=4.674 GB, outvar_size=12.525 GB, temp_buffer_size=-0.399 GB, available_memory=64.000 GB, comm_cost=2.393)
Using pre computed peak Mem for (0, 7, 3, 0), module 1
result[(0, 7, 3, 0), 1] = ModuleProfileResult(compute_cost=1897.722, peak_memory=19.600 GB, invar_size=17.199 GB, outvar_size=4.674 GB, temp_buffer_size=2.401 GB, available_memory=64.000 GB, comm_cost=2.484)
Using pre computed peak Mem for (0, 7, 3, 1), module 0
result[(0, 7, 3, 1), 0] = ModuleProfileResult(compute_cost=2757.138, peak_memory=16.800 GB, invar_size=4.674 GB, outvar_size=13.017 GB, temp_buffer_size=-0.891 GB, available_memory=64.000 GB, comm_cost=2.397)
Using pre computed peak Mem for (0, 7, 3, 1), module 1
result[(0, 7, 3, 1), 1] = ModuleProfileResult(compute_cost=1897.139, peak_memory=19.600 GB, invar_size=17.691 GB, outvar_size=4.674 GB, temp_buffer_size=1.909 GB, available_memory=64.000 GB, comm_cost=1.891)
Using pre computed peak Mem for (0, 8, 3, 0), module 0
result[(0, 8, 3, 0), 0] = ModuleProfileResult(compute_cost=3067.358, peak_memory=18.900 GB, invar_size=5.096 GB, outvar_size=14.037 GB, temp_buffer_size=-0.233 GB, available_memory=64.000 GB, comm_cost=2.633)
Using pre computed peak Mem for (0, 8, 3, 0), module 1
result[(0, 8, 3, 0), 1] = ModuleProfileResult(compute_cost=2124.896, peak_memory=22.050 GB, invar_size=19.133 GB, outvar_size=5.096 GB, temp_buffer_size=2.917 GB, available_memory=64.000 GB, comm_cost=2.760)
Using pre computed peak Mem for (0, 8, 3, 1), module 0
result[(0, 8, 3, 1), 0] = ModuleProfileResult(compute_cost=2477.231, peak_memory=18.900 GB, invar_size=7.311 GB, outvar_size=16.252 GB, temp_buffer_size=-4.663 GB, available_memory=64.000 GB, comm_cost=2.050)
Using pre computed peak Mem for (0, 8, 3, 1), module 1
result[(0, 8, 3, 1), 1] = ModuleProfileResult(compute_cost=6411.675, peak_memory=22.050 GB, invar_size=23.563 GB, outvar_size=7.311 GB, temp_buffer_size=-1.513 GB, available_memory=64.000 GB, comm_cost=2.985)
Using pre computed peak Mem for (0, 9, 3, 0), module 0
result[(0, 9, 3, 0), 0] = ModuleProfileResult(compute_cost=3377.598, peak_memory=21.000 GB, invar_size=5.518 GB, outvar_size=15.631 GB, temp_buffer_size=-0.149 GB, available_memory=64.000 GB, comm_cost=2.884)
Using pre computed peak Mem for (0, 9, 3, 0), module 1
result[(0, 9, 3, 0), 1] = ModuleProfileResult(compute_cost=2352.074, peak_memory=24.500 GB, invar_size=21.149 GB, outvar_size=5.518 GB, temp_buffer_size=3.351 GB, available_memory=64.000 GB, comm_cost=3.041)
Using pre computed peak Mem for (0, 9, 3, 1), module 0
result[(0, 9, 3, 1), 0] = ModuleProfileResult(compute_cost=2957.796, peak_memory=21.000 GB, invar_size=6.994 GB, outvar_size=16.944 GB, temp_buffer_size=-2.938 GB, available_memory=64.000 GB, comm_cost=2.490)
Using pre computed peak Mem for (0, 9, 3, 1), module 1
result[(0, 9, 3, 1), 1] = ModuleProfileResult(compute_cost=5209.785, peak_memory=24.500 GB, invar_size=24.020 GB, outvar_size=6.994 GB, temp_buffer_size=0.480 GB, available_memory=64.000 GB, comm_cost=3.051)
Using pre computed peak Mem for (0, 10, 3, 0), module 0
result[(0, 10, 3, 0), 0] = ModuleProfileResult(compute_cost=3687.819, peak_memory=23.100 GB, invar_size=5.940 GB, outvar_size=16.897 GB, temp_buffer_size=0.263 GB, available_memory=64.000 GB, comm_cost=3.120)
Using pre computed peak Mem for (0, 10, 3, 0), module 1
result[(0, 10, 3, 0), 1] = ModuleProfileResult(compute_cost=2579.231, peak_memory=26.950 GB, invar_size=22.837 GB, outvar_size=5.940 GB, temp_buffer_size=4.113 GB, available_memory=64.000 GB, comm_cost=3.303)
Using pre computed peak Mem for (0, 10, 3, 1), module 0
result[(0, 10, 3, 1), 0] = ModuleProfileResult(compute_cost=3687.819, peak_memory=23.100 GB, invar_size=5.940 GB, outvar_size=17.225 GB, temp_buffer_size=-0.065 GB, available_memory=64.000 GB, comm_cost=3.120)
Using pre computed peak Mem for (0, 10, 3, 1), module 1
result[(0, 10, 3, 1), 1] = ModuleProfileResult(compute_cost=2578.448, peak_memory=26.950 GB, invar_size=23.165 GB, outvar_size=5.940 GB, temp_buffer_size=3.785 GB, available_memory=64.000 GB, comm_cost=2.506)
Using pre computed peak Mem for (0, 11, 3, 0), module 0
result[(0, 11, 3, 0), 0] = ModuleProfileResult(compute_cost=3724.074, peak_memory=25.200 GB, invar_size=6.221 GB, outvar_size=19.319 GB, temp_buffer_size=-0.340 GB, available_memory=64.000 GB, comm_cost=3.143)
Using pre computed peak Mem for (0, 11, 3, 0), module 1
result[(0, 11, 3, 0), 1] = ModuleProfileResult(compute_cost=2763.049, peak_memory=29.400 GB, invar_size=26.690 GB, outvar_size=7.372 GB, temp_buffer_size=2.710 GB, available_memory=64.000 GB, comm_cost=3.333)
Using pre computed peak Mem for (0, 11, 3, 1), module 0
result[(0, 11, 3, 1), 0] = ModuleProfileResult(compute_cost=3724.072, peak_memory=25.200 GB, invar_size=6.221 GB, outvar_size=19.483 GB, temp_buffer_size=-0.504 GB, available_memory=64.000 GB, comm_cost=3.141)
Using pre computed peak Mem for (0, 11, 3, 1), module 1
result[(0, 11, 3, 1), 1] = ModuleProfileResult(compute_cost=2761.857, peak_memory=29.400 GB, invar_size=26.855 GB, outvar_size=7.372 GB, temp_buffer_size=2.545 GB, available_memory=64.000 GB, comm_cost=2.127)
Using pre computed peak Mem for (1, 1, 3, 0), module 0
result[(1, 1, 3, 0), 0] = ModuleProfileResult(compute_cost=310.449, peak_memory=2.100 GB, invar_size=0.516 GB, outvar_size=1.658 GB, temp_buffer_size=-0.074 GB, available_memory=64.000 GB, comm_cost=0.243)
Using pre computed peak Mem for (1, 1, 3, 0), module 1
result[(1, 1, 3, 0), 1] = ModuleProfileResult(compute_cost=227.451, peak_memory=2.450 GB, invar_size=2.081 GB, outvar_size=0.516 GB, temp_buffer_size=0.276 GB, available_memory=64.000 GB, comm_cost=0.274)
Using pre computed peak Mem for (1, 1, 3, 1), module 0
result[(1, 1, 3, 1), 0] = ModuleProfileResult(compute_cost=310.449, peak_memory=2.100 GB, invar_size=0.516 GB, outvar_size=1.699 GB, temp_buffer_size=-0.115 GB, available_memory=64.000 GB, comm_cost=0.243)
result[(1, 1, 3, 1), 1] = ModuleProfileResult(compute_cost=227.254, peak_memory=2.620 GB, invar_size=2.122 GB, outvar_size=0.516 GB, temp_buffer_size=0.405 GB, available_memory=64.000 GB, comm_cost=0.074)
Using pre computed peak Mem for (1, 2, 3, 0), module 0
result[(1, 2, 3, 0), 0] = ModuleProfileResult(compute_cost=895.031, peak_memory=4.200 GB, invar_size=1.079 GB, outvar_size=3.839 GB, temp_buffer_size=-0.717 GB, available_memory=64.000 GB, comm_cost=0.708)
Using pre computed peak Mem for (1, 2, 3, 0), module 1
result[(1, 2, 3, 0), 1] = ModuleProfileResult(compute_cost=527.340, peak_memory=4.900 GB, invar_size=4.823 GB, outvar_size=1.079 GB, temp_buffer_size=-0.017 GB, available_memory=64.000 GB, comm_cost=0.800)
Using pre computed peak Mem for (1, 2, 3, 1), module 0
result[(1, 2, 3, 1), 0] = ModuleProfileResult(compute_cost=895.031, peak_memory=4.200 GB, invar_size=1.079 GB, outvar_size=3.839 GB, temp_buffer_size=-0.717 GB, available_memory=64.000 GB, comm_cost=0.708)
Using pre computed peak Mem for (1, 2, 3, 1), module 1
result[(1, 2, 3, 1), 1] = ModuleProfileResult(compute_cost=527.143, peak_memory=4.900 GB, invar_size=4.823 GB, outvar_size=1.079 GB, temp_buffer_size=-0.017 GB, available_memory=64.000 GB, comm_cost=0.601)
Using pre computed peak Mem for (1, 3, 3, 0), module 0
result[(1, 3, 3, 0), 0] = ModuleProfileResult(compute_cost=1205.261, peak_memory=6.300 GB, invar_size=1.501 GB, outvar_size=5.474 GB, temp_buffer_size=-0.674 GB, available_memory=64.000 GB, comm_cost=0.951)
Using pre computed peak Mem for (1, 3, 3, 0), module 1
result[(1, 3, 3, 0), 1] = ModuleProfileResult(compute_cost=754.511, peak_memory=7.350 GB, invar_size=6.881 GB, outvar_size=1.501 GB, temp_buffer_size=0.376 GB, available_memory=64.000 GB, comm_cost=1.074)
Using pre computed peak Mem for (1, 3, 3, 1), module 0
result[(1, 3, 3, 1), 0] = ModuleProfileResult(compute_cost=1205.261, peak_memory=6.300 GB, invar_size=1.501 GB, outvar_size=5.268 GB, temp_buffer_size=-0.469 GB, available_memory=64.000 GB, comm_cost=0.951)
Using pre computed peak Mem for (1, 3, 3, 1), module 1
result[(1, 3, 3, 1), 1] = ModuleProfileResult(compute_cost=754.117, peak_memory=7.350 GB, invar_size=6.676 GB, outvar_size=1.501 GB, temp_buffer_size=0.581 GB, available_memory=64.000 GB, comm_cost=0.675)
Using pre computed peak Mem for (1, 4, 3, 0), module 0
result[(1, 4, 3, 0), 0] = ModuleProfileResult(compute_cost=1515.491, peak_memory=8.400 GB, invar_size=1.923 GB, outvar_size=6.739 GB, temp_buffer_size=-0.262 GB, available_memory=64.000 GB, comm_cost=1.194)
Using pre computed peak Mem for (1, 4, 3, 0), module 1
result[(1, 4, 3, 0), 1] = ModuleProfileResult(compute_cost=981.681, peak_memory=9.800 GB, invar_size=8.569 GB, outvar_size=1.923 GB, temp_buffer_size=1.138 GB, available_memory=64.000 GB, comm_cost=1.347)
Using pre computed peak Mem for (1, 4, 3, 1), module 0
result[(1, 4, 3, 1), 0] = ModuleProfileResult(compute_cost=1515.491, peak_memory=8.400 GB, invar_size=1.923 GB, outvar_size=6.862 GB, temp_buffer_size=-0.385 GB, available_memory=64.000 GB, comm_cost=1.194)
Using pre computed peak Mem for (1, 4, 3, 1), module 1
result[(1, 4, 3, 1), 1] = ModuleProfileResult(compute_cost=981.087, peak_memory=9.800 GB, invar_size=8.692 GB, outvar_size=1.923 GB, temp_buffer_size=1.015 GB, available_memory=64.000 GB, comm_cost=0.748)
Using pre computed peak Mem for (1, 5, 3, 0), module 0
result[(1, 5, 3, 0), 0] = ModuleProfileResult(compute_cost=1825.722, peak_memory=10.500 GB, invar_size=2.345 GB, outvar_size=8.333 GB, temp_buffer_size=-0.178 GB, available_memory=64.000 GB, comm_cost=1.437)
Using pre computed peak Mem for (1, 5, 3, 0), module 1
result[(1, 5, 3, 0), 1] = ModuleProfileResult(compute_cost=1208.851, peak_memory=12.250 GB, invar_size=10.585 GB, outvar_size=2.345 GB, temp_buffer_size=1.572 GB, available_memory=64.000 GB, comm_cost=1.621)
Using pre computed peak Mem for (1, 5, 3, 1), module 0
result[(1, 5, 3, 1), 0] = ModuleProfileResult(compute_cost=1825.722, peak_memory=10.500 GB, invar_size=2.345 GB, outvar_size=8.292 GB, temp_buffer_size=-0.137 GB, available_memory=64.000 GB, comm_cost=1.437)
Using pre computed peak Mem for (1, 5, 3, 1), module 1
result[(1, 5, 3, 1), 1] = ModuleProfileResult(compute_cost=1208.658, peak_memory=12.250 GB, invar_size=10.544 GB, outvar_size=2.345 GB, temp_buffer_size=1.613 GB, available_memory=64.000 GB, comm_cost=1.423)
Using pre computed peak Mem for (1, 6, 3, 0), module 0
result[(1, 6, 3, 0), 0] = ModuleProfileResult(compute_cost=2135.952, peak_memory=12.600 GB, invar_size=2.767 GB, outvar_size=9.681 GB, temp_buffer_size=0.152 GB, available_memory=64.000 GB, comm_cost=1.680)
Using pre computed peak Mem for (1, 6, 3, 0), module 1
result[(1, 6, 3, 0), 1] = ModuleProfileResult(compute_cost=1436.022, peak_memory=14.700 GB, invar_size=12.355 GB, outvar_size=2.767 GB, temp_buffer_size=2.252 GB, available_memory=64.000 GB, comm_cost=1.895)
Using pre computed peak Mem for (1, 6, 3, 1), module 0
result[(1, 6, 3, 1), 0] = ModuleProfileResult(compute_cost=2135.952, peak_memory=12.600 GB, invar_size=2.767 GB, outvar_size=10.091 GB, temp_buffer_size=-0.259 GB, available_memory=64.000 GB, comm_cost=1.680)
Using pre computed peak Mem for (1, 6, 3, 1), module 1
result[(1, 6, 3, 1), 1] = ModuleProfileResult(compute_cost=1435.234, peak_memory=14.700 GB, invar_size=12.765 GB, outvar_size=2.767 GB, temp_buffer_size=1.841 GB, available_memory=64.000 GB, comm_cost=1.097)
Using pre computed peak Mem for (1, 7, 3, 0), module 0
result[(1, 7, 3, 0), 0] = ModuleProfileResult(compute_cost=2446.183, peak_memory=14.700 GB, invar_size=3.189 GB, outvar_size=11.193 GB, temp_buffer_size=0.318 GB, available_memory=64.000 GB, comm_cost=1.923)
Using pre computed peak Mem for (1, 7, 3, 0), module 1
result[(1, 7, 3, 0), 1] = ModuleProfileResult(compute_cost=1663.192, peak_memory=17.150 GB, invar_size=14.289 GB, outvar_size=3.189 GB, temp_buffer_size=2.768 GB, available_memory=64.000 GB, comm_cost=2.168)
Using pre computed peak Mem for (1, 7, 3, 1), module 0
result[(1, 7, 3, 1), 0] = ModuleProfileResult(compute_cost=2446.183, peak_memory=14.700 GB, invar_size=3.189 GB, outvar_size=11.029 GB, temp_buffer_size=0.482 GB, available_memory=64.000 GB, comm_cost=1.923)
Using pre computed peak Mem for (1, 7, 3, 1), module 1
result[(1, 7, 3, 1), 1] = ModuleProfileResult(compute_cost=1663.198, peak_memory=17.150 GB, invar_size=14.125 GB, outvar_size=3.189 GB, temp_buffer_size=2.932 GB, available_memory=64.000 GB, comm_cost=2.170)
Using pre computed peak Mem for (1, 8, 3, 0), module 0
result[(1, 8, 3, 0), 0] = ModuleProfileResult(compute_cost=2756.413, peak_memory=16.800 GB, invar_size=3.611 GB, outvar_size=12.582 GB, temp_buffer_size=0.607 GB, available_memory=64.000 GB, comm_cost=2.166)
Using pre computed peak Mem for (1, 8, 3, 0), module 1
result[(1, 8, 3, 0), 1] = ModuleProfileResult(compute_cost=1890.363, peak_memory=19.600 GB, invar_size=16.100 GB, outvar_size=3.611 GB, temp_buffer_size=3.407 GB, available_memory=64.000 GB, comm_cost=2.442)
Using pre computed peak Mem for (1, 8, 3, 1), module 0
result[(1, 8, 3, 1), 0] = ModuleProfileResult(compute_cost=2756.413, peak_memory=16.800 GB, invar_size=3.611 GB, outvar_size=12.828 GB, temp_buffer_size=0.360 GB, available_memory=64.000 GB, comm_cost=2.166)
Using pre computed peak Mem for (1, 8, 3, 1), module 1
result[(1, 8, 3, 1), 1] = ModuleProfileResult(compute_cost=1889.772, peak_memory=19.600 GB, invar_size=16.346 GB, outvar_size=3.611 GB, temp_buffer_size=3.160 GB, available_memory=64.000 GB, comm_cost=1.844)
Using pre computed peak Mem for (1, 9, 3, 0), module 0
result[(1, 9, 3, 0), 0] = ModuleProfileResult(compute_cost=3066.643, peak_memory=18.900 GB, invar_size=4.033 GB, outvar_size=13.971 GB, temp_buffer_size=0.896 GB, available_memory=64.000 GB, comm_cost=2.409)
Using pre computed peak Mem for (1, 9, 3, 0), module 1
result[(1, 9, 3, 0), 1] = ModuleProfileResult(compute_cost=2117.533, peak_memory=22.050 GB, invar_size=17.911 GB, outvar_size=4.033 GB, temp_buffer_size=4.046 GB, available_memory=64.000 GB, comm_cost=2.716)
Using pre computed peak Mem for (1, 9, 3, 1), module 0
result[(1, 9, 3, 1), 0] = ModuleProfileResult(compute_cost=3066.643, peak_memory=18.900 GB, invar_size=4.033 GB, outvar_size=14.299 GB, temp_buffer_size=0.567 GB, available_memory=64.000 GB, comm_cost=2.409)
Using pre computed peak Mem for (1, 9, 3, 1), module 1
result[(1, 9, 3, 1), 1] = ModuleProfileResult(compute_cost=2116.744, peak_memory=22.050 GB, invar_size=18.239 GB, outvar_size=4.033 GB, temp_buffer_size=3.717 GB, available_memory=64.000 GB, comm_cost=1.918)
Using pre computed peak Mem for (1, 10, 3, 0), module 0
result[(1, 10, 3, 0), 0] = ModuleProfileResult(compute_cost=3376.874, peak_memory=21.000 GB, invar_size=4.455 GB, outvar_size=15.524 GB, temp_buffer_size=1.020 GB, available_memory=64.000 GB, comm_cost=2.653)
Using pre computed peak Mem for (1, 10, 3, 0), module 1
result[(1, 10, 3, 0), 1] = ModuleProfileResult(compute_cost=2344.704, peak_memory=24.500 GB, invar_size=19.886 GB, outvar_size=4.455 GB, temp_buffer_size=4.520 GB, available_memory=64.000 GB, comm_cost=2.990)
Using pre computed peak Mem for (1, 10, 3, 1), module 0
result[(1, 10, 3, 1), 0] = ModuleProfileResult(compute_cost=3376.874, peak_memory=21.000 GB, invar_size=4.455 GB, outvar_size=15.688 GB, temp_buffer_size=0.856 GB, available_memory=64.000 GB, comm_cost=2.653)
Using pre computed peak Mem for (1, 10, 3, 1), module 1
result[(1, 10, 3, 1), 1] = ModuleProfileResult(compute_cost=2343.715, peak_memory=24.500 GB, invar_size=20.050 GB, outvar_size=4.455 GB, temp_buffer_size=4.356 GB, available_memory=64.000 GB, comm_cost=1.991)
Using pre computed peak Mem for (1, 11, 3, 0), module 0
result[(1, 11, 3, 0), 0] = ModuleProfileResult(compute_cost=3413.127, peak_memory=23.100 GB, invar_size=4.881 GB, outvar_size=16.816 GB, temp_buffer_size=1.403 GB, available_memory=64.000 GB, comm_cost=2.674)
Using pre computed peak Mem for (1, 11, 3, 0), module 1
result[(1, 11, 3, 0), 1] = ModuleProfileResult(compute_cost=2526.701, peak_memory=26.950 GB, invar_size=21.603 GB, outvar_size=4.881 GB, temp_buffer_size=5.253 GB, available_memory=64.000 GB, comm_cost=3.212)
Using pre computed peak Mem for (1, 11, 3, 1), module 0
result[(1, 11, 3, 1), 0] = ModuleProfileResult(compute_cost=3413.127, peak_memory=23.100 GB, invar_size=4.881 GB, outvar_size=16.981 GB, temp_buffer_size=1.239 GB, available_memory=64.000 GB, comm_cost=2.674)
Using pre computed peak Mem for (1, 11, 3, 1), module 1
result[(1, 11, 3, 1), 1] = ModuleProfileResult(compute_cost=2525.719, peak_memory=26.950 GB, invar_size=21.767 GB, outvar_size=4.881 GB, temp_buffer_size=5.089 GB, available_memory=64.000 GB, comm_cost=2.215)
Using pre computed peak Mem for (2, 2, 3, 0), module 0
result[(2, 2, 3, 0), 0] = ModuleProfileResult(compute_cost=584.613, peak_memory=2.100 GB, invar_size=0.657 GB, outvar_size=2.192 GB, temp_buffer_size=-0.748 GB, available_memory=64.000 GB, comm_cost=0.465)
Using pre computed peak Mem for (2, 2, 3, 0), module 1
result[(2, 2, 3, 0), 1] = ModuleProfileResult(compute_cost=299.889, peak_memory=2.450 GB, invar_size=2.755 GB, outvar_size=0.657 GB, temp_buffer_size=-0.398 GB, available_memory=64.000 GB, comm_cost=0.526)
Using pre computed peak Mem for (2, 2, 3, 1), module 0
result[(2, 2, 3, 1), 0] = ModuleProfileResult(compute_cost=584.613, peak_memory=2.100 GB, invar_size=0.657 GB, outvar_size=2.274 GB, temp_buffer_size=-0.830 GB, available_memory=64.000 GB, comm_cost=0.465)
Using pre computed peak Mem for (2, 2, 3, 1), module 1
result[(2, 2, 3, 1), 1] = ModuleProfileResult(compute_cost=299.693, peak_memory=2.450 GB, invar_size=2.837 GB, outvar_size=0.657 GB, temp_buffer_size=-0.480 GB, available_memory=64.000 GB, comm_cost=0.327)
Using pre computed peak Mem for (2, 3, 3, 0), module 0
result[(2, 3, 3, 0), 0] = ModuleProfileResult(compute_cost=894.843, peak_memory=4.200 GB, invar_size=1.079 GB, outvar_size=3.663 GB, temp_buffer_size=-0.541 GB, available_memory=64.000 GB, comm_cost=0.708)
Using pre computed peak Mem for (2, 3, 3, 0), module 1
result[(2, 3, 3, 0), 1] = ModuleProfileResult(compute_cost=527.059, peak_memory=4.900 GB, invar_size=4.648 GB, outvar_size=1.079 GB, temp_buffer_size=0.159 GB, available_memory=64.000 GB, comm_cost=0.800)
Using pre computed peak Mem for (2, 3, 3, 1), module 0
result[(2, 3, 3, 1), 0] = ModuleProfileResult(compute_cost=894.843, peak_memory=4.200 GB, invar_size=1.079 GB, outvar_size=3.704 GB, temp_buffer_size=-0.582 GB, available_memory=64.000 GB, comm_cost=0.708)
Using pre computed peak Mem for (2, 3, 3, 1), module 1
result[(2, 3, 3, 1), 1] = ModuleProfileResult(compute_cost=526.863, peak_memory=4.900 GB, invar_size=4.689 GB, outvar_size=1.079 GB, temp_buffer_size=0.118 GB, available_memory=64.000 GB, comm_cost=0.601)
Using pre computed peak Mem for (2, 4, 3, 0), module 0
result[(2, 4, 3, 0), 0] = ModuleProfileResult(compute_cost=1205.074, peak_memory=6.300 GB, invar_size=1.501 GB, outvar_size=5.257 GB, temp_buffer_size=-0.458 GB, available_memory=64.000 GB, comm_cost=0.951)
Using pre computed peak Mem for (2, 4, 3, 0), module 1
result[(2, 4, 3, 0), 1] = ModuleProfileResult(compute_cost=754.230, peak_memory=7.350 GB, invar_size=6.664 GB, outvar_size=1.501 GB, temp_buffer_size=0.592 GB, available_memory=64.000 GB, comm_cost=1.074)
Using pre computed peak Mem for (2, 4, 3, 1), module 0
result[(2, 4, 3, 1), 0] = ModuleProfileResult(compute_cost=1205.074, peak_memory=6.300 GB, invar_size=1.501 GB, outvar_size=5.339 GB, temp_buffer_size=-0.540 GB, available_memory=64.000 GB, comm_cost=0.951)
Using pre computed peak Mem for (2, 4, 3, 1), module 1
result[(2, 4, 3, 1), 1] = ModuleProfileResult(compute_cost=753.635, peak_memory=7.350 GB, invar_size=6.746 GB, outvar_size=1.501 GB, temp_buffer_size=0.510 GB, available_memory=64.000 GB, comm_cost=0.474)
Using pre computed peak Mem for (2, 5, 3, 0), module 0
result[(2, 5, 3, 0), 0] = ModuleProfileResult(compute_cost=1515.304, peak_memory=8.400 GB, invar_size=1.923 GB, outvar_size=6.728 GB, temp_buffer_size=-0.251 GB, available_memory=64.000 GB, comm_cost=1.194)
Using pre computed peak Mem for (2, 5, 3, 0), module 1
result[(2, 5, 3, 0), 1] = ModuleProfileResult(compute_cost=981.400, peak_memory=9.800 GB, invar_size=8.557 GB, outvar_size=1.923 GB, temp_buffer_size=1.149 GB, available_memory=64.000 GB, comm_cost=1.347)
Using pre computed peak Mem for (2, 5, 3, 1), module 0
result[(2, 5, 3, 1), 0] = ModuleProfileResult(compute_cost=1515.304, peak_memory=8.400 GB, invar_size=1.923 GB, outvar_size=6.523 GB, temp_buffer_size=-0.046 GB, available_memory=64.000 GB, comm_cost=1.194)
Using pre computed peak Mem for (2, 5, 3, 1), module 1
result[(2, 5, 3, 1), 1] = ModuleProfileResult(compute_cost=981.404, peak_memory=9.800 GB, invar_size=8.352 GB, outvar_size=1.923 GB, temp_buffer_size=1.354 GB, available_memory=64.000 GB, comm_cost=1.349)
Using pre computed peak Mem for (2, 6, 3, 0), module 0
result[(2, 6, 3, 0), 0] = ModuleProfileResult(compute_cost=1825.534, peak_memory=10.500 GB, invar_size=2.345 GB, outvar_size=8.281 GB, temp_buffer_size=-0.126 GB, available_memory=64.000 GB, comm_cost=1.437)
Using pre computed peak Mem for (2, 6, 3, 0), module 1
result[(2, 6, 3, 0), 1] = ModuleProfileResult(compute_cost=1208.570, peak_memory=12.250 GB, invar_size=10.532 GB, outvar_size=2.345 GB, temp_buffer_size=1.624 GB, available_memory=64.000 GB, comm_cost=1.621)
Using pre computed peak Mem for (2, 6, 3, 1), module 0
result[(2, 6, 3, 1), 0] = ModuleProfileResult(compute_cost=1825.534, peak_memory=10.500 GB, invar_size=2.345 GB, outvar_size=8.240 GB, temp_buffer_size=-0.085 GB, available_memory=64.000 GB, comm_cost=1.437)
Using pre computed peak Mem for (2, 6, 3, 1), module 1
result[(2, 6, 3, 1), 1] = ModuleProfileResult(compute_cost=1208.180, peak_memory=12.250 GB, invar_size=10.491 GB, outvar_size=2.345 GB, temp_buffer_size=1.665 GB, available_memory=64.000 GB, comm_cost=1.223)
Using pre computed peak Mem for (2, 7, 3, 0), module 0
result[(2, 7, 3, 0), 0] = ModuleProfileResult(compute_cost=2135.765, peak_memory=12.600 GB, invar_size=2.767 GB, outvar_size=9.629 GB, temp_buffer_size=0.204 GB, available_memory=64.000 GB, comm_cost=1.680)
Using pre computed peak Mem for (2, 7, 3, 0), module 1
result[(2, 7, 3, 0), 1] = ModuleProfileResult(compute_cost=1435.741, peak_memory=14.700 GB, invar_size=12.302 GB, outvar_size=2.767 GB, temp_buffer_size=2.304 GB, available_memory=64.000 GB, comm_cost=1.895)
Using pre computed peak Mem for (2, 7, 3, 1), module 0
result[(2, 7, 3, 1), 0] = ModuleProfileResult(compute_cost=2135.765, peak_memory=12.600 GB, invar_size=2.767 GB, outvar_size=9.793 GB, temp_buffer_size=0.040 GB, available_memory=64.000 GB, comm_cost=1.680)
Using pre computed peak Mem for (2, 7, 3, 1), module 1
result[(2, 7, 3, 1), 1] = ModuleProfileResult(compute_cost=1434.951, peak_memory=14.700 GB, invar_size=12.466 GB, outvar_size=2.767 GB, temp_buffer_size=2.140 GB, available_memory=64.000 GB, comm_cost=1.097)
Using pre computed peak Mem for (2, 8, 3, 0), module 0
result[(2, 8, 3, 0), 0] = ModuleProfileResult(compute_cost=2445.995, peak_memory=14.700 GB, invar_size=3.189 GB, outvar_size=10.853 GB, temp_buffer_size=0.657 GB, available_memory=64.000 GB, comm_cost=1.923)
Using pre computed peak Mem for (2, 8, 3, 0), module 1
result[(2, 8, 3, 0), 1] = ModuleProfileResult(compute_cost=1662.911, peak_memory=17.150 GB, invar_size=13.949 GB, outvar_size=3.189 GB, temp_buffer_size=3.107 GB, available_memory=64.000 GB, comm_cost=2.168)
Using pre computed peak Mem for (2, 8, 3, 1), module 0
result[(2, 8, 3, 1), 0] = ModuleProfileResult(compute_cost=2445.995, peak_memory=14.700 GB, invar_size=3.189 GB, outvar_size=11.100 GB, temp_buffer_size=0.411 GB, available_memory=64.000 GB, comm_cost=1.923)
Using pre computed peak Mem for (2, 8, 3, 1), module 1
result[(2, 8, 3, 1), 1] = ModuleProfileResult(compute_cost=1662.120, peak_memory=17.150 GB, invar_size=14.195 GB, outvar_size=3.189 GB, temp_buffer_size=2.861 GB, available_memory=64.000 GB, comm_cost=1.370)
Using pre computed peak Mem for (2, 9, 3, 0), module 0
result[(2, 9, 3, 0), 0] = ModuleProfileResult(compute_cost=2756.226, peak_memory=16.800 GB, invar_size=3.611 GB, outvar_size=12.652 GB, temp_buffer_size=0.536 GB, available_memory=64.000 GB, comm_cost=2.166)
Using pre computed peak Mem for (2, 9, 3, 0), module 1
result[(2, 9, 3, 0), 1] = ModuleProfileResult(compute_cost=1890.082, peak_memory=19.600 GB, invar_size=16.170 GB, outvar_size=3.611 GB, temp_buffer_size=3.336 GB, available_memory=64.000 GB, comm_cost=2.442)
Using pre computed peak Mem for (2, 9, 3, 1), module 0
result[(2, 9, 3, 1), 0] = ModuleProfileResult(compute_cost=2756.226, peak_memory=16.800 GB, invar_size=3.611 GB, outvar_size=12.735 GB, temp_buffer_size=0.454 GB, available_memory=64.000 GB, comm_cost=2.166)
Using pre computed peak Mem for (2, 9, 3, 1), module 1
result[(2, 9, 3, 1), 1] = ModuleProfileResult(compute_cost=1889.493, peak_memory=19.600 GB, invar_size=16.252 GB, outvar_size=3.611 GB, temp_buffer_size=3.254 GB, available_memory=64.000 GB, comm_cost=1.844)
Using pre computed peak Mem for (2, 10, 3, 0), module 0
result[(2, 10, 3, 0), 0] = ModuleProfileResult(compute_cost=3044.695, peak_memory=18.900 GB, invar_size=4.279 GB, outvar_size=14.164 GB, temp_buffer_size=0.456 GB, available_memory=64.000 GB, comm_cost=2.391)
Using pre computed peak Mem for (2, 10, 3, 0), module 1
result[(2, 10, 3, 0), 1] = ModuleProfileResult(compute_cost=2257.360, peak_memory=22.050 GB, invar_size=18.432 GB, outvar_size=4.279 GB, temp_buffer_size=3.524 GB, available_memory=64.000 GB, comm_cost=2.741)
Using pre computed peak Mem for (2, 10, 3, 1), module 0
result[(2, 10, 3, 1), 0] = ModuleProfileResult(compute_cost=3066.456, peak_memory=18.900 GB, invar_size=4.033 GB, outvar_size=14.452 GB, temp_buffer_size=0.415 GB, available_memory=64.000 GB, comm_cost=2.409)
Using pre computed peak Mem for (2, 10, 3, 1), module 1
result[(2, 10, 3, 1), 1] = ModuleProfileResult(compute_cost=2116.068, peak_memory=22.050 GB, invar_size=18.391 GB, outvar_size=4.033 GB, temp_buffer_size=3.565 GB, available_memory=64.000 GB, comm_cost=1.518)
Using pre computed peak Mem for (2, 11, 3, 0), module 0
result[(2, 11, 3, 0), 0] = ModuleProfileResult(compute_cost=3102.710, peak_memory=21.000 GB, invar_size=4.459 GB, outvar_size=15.252 GB, temp_buffer_size=1.290 GB, available_memory=64.000 GB, comm_cost=2.430)
Using pre computed peak Mem for (2, 11, 3, 0), module 1
result[(2, 11, 3, 0), 1] = ModuleProfileResult(compute_cost=2299.250, peak_memory=24.500 GB, invar_size=19.617 GB, outvar_size=4.459 GB, temp_buffer_size=4.790 GB, available_memory=64.000 GB, comm_cost=2.938)
Using pre computed peak Mem for (2, 11, 3, 1), module 0
result[(2, 11, 3, 1), 0] = ModuleProfileResult(compute_cost=3102.710, peak_memory=21.000 GB, invar_size=4.459 GB, outvar_size=15.334 GB, temp_buffer_size=1.208 GB, available_memory=64.000 GB, comm_cost=2.430)
Using pre computed peak Mem for (2, 11, 3, 1), module 1
result[(2, 11, 3, 1), 1] = ModuleProfileResult(compute_cost=2298.866, peak_memory=24.500 GB, invar_size=19.699 GB, outvar_size=4.459 GB, temp_buffer_size=4.708 GB, available_memory=64.000 GB, comm_cost=2.542)
Using pre computed peak Mem for (3, 3, 3, 0), module 0
result[(3, 3, 3, 0), 0] = ModuleProfileResult(compute_cost=310.262, peak_memory=2.100 GB, invar_size=0.516 GB, outvar_size=1.606 GB, temp_buffer_size=-0.022 GB, available_memory=64.000 GB, comm_cost=0.243)
Using pre computed peak Mem for (3, 3, 3, 0), module 1
result[(3, 3, 3, 0), 1] = ModuleProfileResult(compute_cost=227.170, peak_memory=2.450 GB, invar_size=2.028 GB, outvar_size=0.516 GB, temp_buffer_size=0.328 GB, available_memory=64.000 GB, comm_cost=0.274)
Using pre computed peak Mem for (3, 3, 3, 1), module 0
result[(3, 3, 3, 1), 0] = ModuleProfileResult(compute_cost=310.262, peak_memory=2.100 GB, invar_size=0.516 GB, outvar_size=1.647 GB, temp_buffer_size=-0.063 GB, available_memory=64.000 GB, comm_cost=0.243)
result[(3, 3, 3, 1), 1] = ModuleProfileResult(compute_cost=226.973, peak_memory=2.450 GB, invar_size=2.069 GB, outvar_size=0.516 GB, temp_buffer_size=0.287 GB, available_memory=64.000 GB, comm_cost=0.074)
Using pre computed peak Mem for (3, 4, 3, 0), module 0
result[(3, 4, 3, 0), 0] = ModuleProfileResult(compute_cost=620.492, peak_memory=4.200 GB, invar_size=0.938 GB, outvar_size=3.077 GB, temp_buffer_size=0.185 GB, available_memory=64.000 GB, comm_cost=0.486)
Using pre computed peak Mem for (3, 4, 3, 0), module 1
result[(3, 4, 3, 0), 1] = ModuleProfileResult(compute_cost=454.341, peak_memory=4.900 GB, invar_size=3.921 GB, outvar_size=0.938 GB, temp_buffer_size=0.885 GB, available_memory=64.000 GB, comm_cost=0.547)
Using pre computed peak Mem for (3, 4, 3, 1), module 0
result[(3, 4, 3, 1), 0] = ModuleProfileResult(compute_cost=620.492, peak_memory=4.200 GB, invar_size=0.938 GB, outvar_size=3.118 GB, temp_buffer_size=0.144 GB, available_memory=64.000 GB, comm_cost=0.486)
Using pre computed peak Mem for (3, 4, 3, 1), module 1
result[(3, 4, 3, 1), 1] = ModuleProfileResult(compute_cost=454.144, peak_memory=4.900 GB, invar_size=3.962 GB, outvar_size=0.938 GB, temp_buffer_size=0.844 GB, available_memory=64.000 GB, comm_cost=0.348)
Using pre computed peak Mem for (3, 5, 3, 0), module 0
result[(3, 5, 3, 0), 0] = ModuleProfileResult(compute_cost=930.722, peak_memory=6.300 GB, invar_size=1.360 GB, outvar_size=4.548 GB, temp_buffer_size=0.392 GB, available_memory=64.000 GB, comm_cost=0.729)
Using pre computed peak Mem for (3, 5, 3, 0), module 1
result[(3, 5, 3, 0), 1] = ModuleProfileResult(compute_cost=681.511, peak_memory=7.350 GB, invar_size=5.814 GB, outvar_size=1.360 GB, temp_buffer_size=1.442 GB, available_memory=64.000 GB, comm_cost=0.821)
Using pre computed peak Mem for (3, 5, 3, 1), module 0
result[(3, 5, 3, 1), 0] = ModuleProfileResult(compute_cost=930.722, peak_memory=6.300 GB, invar_size=1.360 GB, outvar_size=4.589 GB, temp_buffer_size=0.351 GB, available_memory=64.000 GB, comm_cost=0.729)
Using pre computed peak Mem for (3, 5, 3, 1), module 1
result[(3, 5, 3, 1), 1] = ModuleProfileResult(compute_cost=681.516, peak_memory=7.350 GB, invar_size=5.855 GB, outvar_size=1.360 GB, temp_buffer_size=1.401 GB, available_memory=64.000 GB, comm_cost=0.822)
Using pre computed peak Mem for (3, 6, 3, 0), module 0
result[(3, 6, 3, 0), 0] = ModuleProfileResult(compute_cost=1240.953, peak_memory=8.400 GB, invar_size=1.782 GB, outvar_size=5.978 GB, temp_buffer_size=0.640 GB, available_memory=64.000 GB, comm_cost=0.972)
Using pre computed peak Mem for (3, 6, 3, 0), module 1
result[(3, 6, 3, 0), 1] = ModuleProfileResult(compute_cost=908.682, peak_memory=9.800 GB, invar_size=7.666 GB, outvar_size=1.782 GB, temp_buffer_size=2.040 GB, available_memory=64.000 GB, comm_cost=1.095)
Using pre computed peak Mem for (3, 6, 3, 1), module 0
result[(3, 6, 3, 1), 0] = ModuleProfileResult(compute_cost=1240.953, peak_memory=8.400 GB, invar_size=1.782 GB, outvar_size=6.019 GB, temp_buffer_size=0.599 GB, available_memory=64.000 GB, comm_cost=0.972)
Using pre computed peak Mem for (3, 6, 3, 1), module 1
result[(3, 6, 3, 1), 1] = ModuleProfileResult(compute_cost=908.484, peak_memory=9.800 GB, invar_size=7.707 GB, outvar_size=1.782 GB, temp_buffer_size=1.999 GB, available_memory=64.000 GB, comm_cost=0.895)
Using pre computed peak Mem for (3, 7, 3, 0), module 0
result[(3, 7, 3, 0), 0] = ModuleProfileResult(compute_cost=1551.183, peak_memory=10.500 GB, invar_size=2.204 GB, outvar_size=7.572 GB, temp_buffer_size=0.724 GB, available_memory=64.000 GB, comm_cost=1.215)
Using pre computed peak Mem for (3, 7, 3, 0), module 1
result[(3, 7, 3, 0), 1] = ModuleProfileResult(compute_cost=1135.852, peak_memory=12.250 GB, invar_size=9.682 GB, outvar_size=2.204 GB, temp_buffer_size=2.474 GB, available_memory=64.000 GB, comm_cost=1.368)
Using pre computed peak Mem for (3, 7, 3, 1), module 0
result[(3, 7, 3, 1), 0] = ModuleProfileResult(compute_cost=1551.183, peak_memory=10.500 GB, invar_size=2.204 GB, outvar_size=7.613 GB, temp_buffer_size=0.683 GB, available_memory=64.000 GB, comm_cost=1.215)
Using pre computed peak Mem for (3, 7, 3, 1), module 1
result[(3, 7, 3, 1), 1] = ModuleProfileResult(compute_cost=1135.462, peak_memory=12.250 GB, invar_size=9.723 GB, outvar_size=2.204 GB, temp_buffer_size=2.433 GB, available_memory=64.000 GB, comm_cost=0.970)
Using pre computed peak Mem for (3, 8, 3, 0), module 0
result[(3, 8, 3, 0), 0] = ModuleProfileResult(compute_cost=1861.413, peak_memory=12.600 GB, invar_size=2.626 GB, outvar_size=8.919 GB, temp_buffer_size=1.054 GB, available_memory=64.000 GB, comm_cost=1.458)
Using pre computed peak Mem for (3, 8, 3, 0), module 1
result[(3, 8, 3, 0), 1] = ModuleProfileResult(compute_cost=1363.023, peak_memory=14.700 GB, invar_size=11.452 GB, outvar_size=2.626 GB, temp_buffer_size=3.154 GB, available_memory=64.000 GB, comm_cost=1.642)
Using pre computed peak Mem for (3, 8, 3, 1), module 0
result[(3, 8, 3, 1), 0] = ModuleProfileResult(compute_cost=1861.413, peak_memory=12.600 GB, invar_size=2.626 GB, outvar_size=9.166 GB, temp_buffer_size=0.808 GB, available_memory=64.000 GB, comm_cost=1.458)
Using pre computed peak Mem for (3, 8, 3, 1), module 1
result[(3, 8, 3, 1), 1] = ModuleProfileResult(compute_cost=1362.431, peak_memory=14.700 GB, invar_size=11.698 GB, outvar_size=2.626 GB, temp_buffer_size=2.908 GB, available_memory=64.000 GB, comm_cost=1.043)
Using pre computed peak Mem for (3, 9, 3, 0), module 0
result[(3, 9, 3, 0), 0] = ModuleProfileResult(compute_cost=2171.644, peak_memory=14.700 GB, invar_size=3.048 GB, outvar_size=10.431 GB, temp_buffer_size=1.220 GB, available_memory=64.000 GB, comm_cost=1.701)
Using pre computed peak Mem for (3, 9, 3, 0), module 1
result[(3, 9, 3, 0), 1] = ModuleProfileResult(compute_cost=1590.193, peak_memory=17.150 GB, invar_size=13.386 GB, outvar_size=3.048 GB, temp_buffer_size=3.670 GB, available_memory=64.000 GB, comm_cost=1.916)
Using pre computed peak Mem for (3, 9, 3, 1), module 0
result[(3, 9, 3, 1), 0] = ModuleProfileResult(compute_cost=2171.644, peak_memory=14.700 GB, invar_size=3.048 GB, outvar_size=10.513 GB, temp_buffer_size=1.138 GB, available_memory=64.000 GB, comm_cost=1.701)
Using pre computed peak Mem for (3, 9, 3, 1), module 1
result[(3, 9, 3, 1), 1] = ModuleProfileResult(compute_cost=1589.601, peak_memory=17.150 GB, invar_size=13.468 GB, outvar_size=3.048 GB, temp_buffer_size=3.588 GB, available_memory=64.000 GB, comm_cost=1.317)
Using pre computed peak Mem for (3, 10, 3, 0), module 0
result[(3, 10, 3, 0), 0] = ModuleProfileResult(compute_cost=2481.874, peak_memory=16.800 GB, invar_size=3.470 GB, outvar_size=11.902 GB, temp_buffer_size=1.427 GB, available_memory=64.000 GB, comm_cost=1.944)
Using pre computed peak Mem for (3, 10, 3, 0), module 1
result[(3, 10, 3, 0), 1] = ModuleProfileResult(compute_cost=1817.364, peak_memory=19.600 GB, invar_size=15.279 GB, outvar_size=3.470 GB, temp_buffer_size=4.227 GB, available_memory=64.000 GB, comm_cost=2.189)
Using pre computed peak Mem for (3, 10, 3, 1), module 0
result[(3, 10, 3, 1), 0] = ModuleProfileResult(compute_cost=2481.874, peak_memory=16.800 GB, invar_size=3.470 GB, outvar_size=12.148 GB, temp_buffer_size=1.181 GB, available_memory=64.000 GB, comm_cost=1.944)
Using pre computed peak Mem for (3, 10, 3, 1), module 1
result[(3, 10, 3, 1), 1] = ModuleProfileResult(compute_cost=1816.374, peak_memory=19.600 GB, invar_size=15.525 GB, outvar_size=3.470 GB, temp_buffer_size=3.981 GB, available_memory=64.000 GB, comm_cost=1.191)
Using pre computed peak Mem for (3, 11, 3, 0), module 0
result[(3, 11, 3, 0), 0] = ModuleProfileResult(compute_cost=2518.128, peak_memory=18.900 GB, invar_size=3.896 GB, outvar_size=13.031 GB, temp_buffer_size=1.974 GB, available_memory=64.000 GB, comm_cost=1.965)
Using pre computed peak Mem for (3, 11, 3, 0), module 1
result[(3, 11, 3, 0), 1] = ModuleProfileResult(compute_cost=1999.361, peak_memory=22.050 GB, invar_size=16.833 GB, outvar_size=3.896 GB, temp_buffer_size=5.124 GB, available_memory=64.000 GB, comm_cost=2.412)
Using pre computed peak Mem for (3, 11, 3, 1), module 0
result[(3, 11, 3, 1), 0] = ModuleProfileResult(compute_cost=2518.128, peak_memory=18.900 GB, invar_size=3.896 GB, outvar_size=13.400 GB, temp_buffer_size=1.605 GB, available_memory=64.000 GB, comm_cost=1.965)
Using pre computed peak Mem for (3, 11, 3, 1), module 1
result[(3, 11, 3, 1), 1] = ModuleProfileResult(compute_cost=1998.177, peak_memory=22.050 GB, invar_size=17.202 GB, outvar_size=3.896 GB, temp_buffer_size=4.755 GB, available_memory=64.000 GB, comm_cost=1.214)
Using pre computed peak Mem for (4, 4, 3, 0), module 0
result[(4, 4, 3, 0), 0] = ModuleProfileResult(compute_cost=310.262, peak_memory=2.100 GB, invar_size=0.516 GB, outvar_size=1.606 GB, temp_buffer_size=-0.022 GB, available_memory=64.000 GB, comm_cost=0.243)
Using pre computed peak Mem for (4, 4, 3, 0), module 1
result[(4, 4, 3, 0), 1] = ModuleProfileResult(compute_cost=227.170, peak_memory=2.450 GB, invar_size=2.028 GB, outvar_size=0.516 GB, temp_buffer_size=0.328 GB, available_memory=64.000 GB, comm_cost=0.274)
Using pre computed peak Mem for (4, 4, 3, 1), module 0
result[(4, 4, 3, 1), 0] = ModuleProfileResult(compute_cost=310.262, peak_memory=2.100 GB, invar_size=0.516 GB, outvar_size=1.606 GB, temp_buffer_size=-0.022 GB, available_memory=64.000 GB, comm_cost=0.243)
Using pre computed peak Mem for (4, 4, 3, 1), module 1
result[(4, 4, 3, 1), 1] = ModuleProfileResult(compute_cost=227.172, peak_memory=2.450 GB, invar_size=2.028 GB, outvar_size=0.516 GB, temp_buffer_size=0.328 GB, available_memory=64.000 GB, comm_cost=0.274)
Using pre computed peak Mem for (4, 5, 3, 0), module 0
result[(4, 5, 3, 0), 0] = ModuleProfileResult(compute_cost=620.492, peak_memory=4.200 GB, invar_size=0.938 GB, outvar_size=2.995 GB, temp_buffer_size=0.267 GB, available_memory=64.000 GB, comm_cost=0.486)
Using pre computed peak Mem for (4, 5, 3, 0), module 1
result[(4, 5, 3, 0), 1] = ModuleProfileResult(compute_cost=454.341, peak_memory=4.900 GB, invar_size=3.839 GB, outvar_size=0.938 GB, temp_buffer_size=0.967 GB, available_memory=64.000 GB, comm_cost=0.547)
Using pre computed peak Mem for (4, 5, 3, 1), module 0
result[(4, 5, 3, 1), 0] = ModuleProfileResult(compute_cost=620.492, peak_memory=4.200 GB, invar_size=0.938 GB, outvar_size=3.118 GB, temp_buffer_size=0.144 GB, available_memory=64.000 GB, comm_cost=0.486)
Using pre computed peak Mem for (4, 5, 3, 1), module 1
result[(4, 5, 3, 1), 1] = ModuleProfileResult(compute_cost=454.144, peak_memory=4.900 GB, invar_size=3.962 GB, outvar_size=0.938 GB, temp_buffer_size=0.844 GB, available_memory=64.000 GB, comm_cost=0.348)
Using pre computed peak Mem for (4, 6, 3, 0), module 0
result[(4, 6, 3, 0), 0] = ModuleProfileResult(compute_cost=930.722, peak_memory=6.300 GB, invar_size=1.360 GB, outvar_size=4.548 GB, temp_buffer_size=0.392 GB, available_memory=64.000 GB, comm_cost=0.729)
Using pre computed peak Mem for (4, 6, 3, 0), module 1
result[(4, 6, 3, 0), 1] = ModuleProfileResult(compute_cost=681.511, peak_memory=7.350 GB, invar_size=5.814 GB, outvar_size=1.360 GB, temp_buffer_size=1.442 GB, available_memory=64.000 GB, comm_cost=0.821)
Using pre computed peak Mem for (4, 6, 3, 1), module 0
result[(4, 6, 3, 1), 0] = ModuleProfileResult(compute_cost=930.722, peak_memory=6.300 GB, invar_size=1.360 GB, outvar_size=4.548 GB, temp_buffer_size=0.392 GB, available_memory=64.000 GB, comm_cost=0.729)
Using pre computed peak Mem for (4, 6, 3, 1), module 1
result[(4, 6, 3, 1), 1] = ModuleProfileResult(compute_cost=681.312, peak_memory=7.350 GB, invar_size=5.814 GB, outvar_size=1.360 GB, temp_buffer_size=1.442 GB, available_memory=64.000 GB, comm_cost=0.621)
Using pre computed peak Mem for (4, 7, 3, 0), module 0
result[(4, 7, 3, 0), 0] = ModuleProfileResult(compute_cost=1240.953, peak_memory=8.400 GB, invar_size=1.782 GB, outvar_size=5.978 GB, temp_buffer_size=0.640 GB, available_memory=64.000 GB, comm_cost=0.972)
Using pre computed peak Mem for (4, 7, 3, 0), module 1
result[(4, 7, 3, 0), 1] = ModuleProfileResult(compute_cost=908.682, peak_memory=9.800 GB, invar_size=7.666 GB, outvar_size=1.782 GB, temp_buffer_size=2.040 GB, available_memory=64.000 GB, comm_cost=1.095)
Using pre computed peak Mem for (4, 7, 3, 1), module 0
result[(4, 7, 3, 1), 0] = ModuleProfileResult(compute_cost=1240.953, peak_memory=8.400 GB, invar_size=1.782 GB, outvar_size=5.978 GB, temp_buffer_size=0.640 GB, available_memory=64.000 GB, comm_cost=0.972)
Using pre computed peak Mem for (4, 7, 3, 1), module 1
result[(4, 7, 3, 1), 1] = ModuleProfileResult(compute_cost=908.686, peak_memory=9.800 GB, invar_size=7.666 GB, outvar_size=1.782 GB, temp_buffer_size=2.040 GB, available_memory=64.000 GB, comm_cost=1.096)
Using pre computed peak Mem for (4, 8, 3, 0), module 0
result[(4, 8, 3, 0), 0] = ModuleProfileResult(compute_cost=1551.183, peak_memory=10.500 GB, invar_size=2.204 GB, outvar_size=7.531 GB, temp_buffer_size=0.765 GB, available_memory=64.000 GB, comm_cost=1.215)
Using pre computed peak Mem for (4, 8, 3, 0), module 1
result[(4, 8, 3, 0), 1] = ModuleProfileResult(compute_cost=1135.852, peak_memory=12.250 GB, invar_size=9.641 GB, outvar_size=2.204 GB, temp_buffer_size=2.515 GB, available_memory=64.000 GB, comm_cost=1.368)
Using pre computed peak Mem for (4, 8, 3, 1), module 0
result[(4, 8, 3, 1), 0] = ModuleProfileResult(compute_cost=1551.183, peak_memory=10.500 GB, invar_size=2.204 GB, outvar_size=7.572 GB, temp_buffer_size=0.724 GB, available_memory=64.000 GB, comm_cost=1.215)
Using pre computed peak Mem for (4, 8, 3, 1), module 1
result[(4, 8, 3, 1), 1] = ModuleProfileResult(compute_cost=1135.659, peak_memory=12.250 GB, invar_size=9.682 GB, outvar_size=2.204 GB, temp_buffer_size=2.474 GB, available_memory=64.000 GB, comm_cost=1.170)
Using pre computed peak Mem for (4, 9, 3, 0), module 0
result[(4, 9, 3, 0), 0] = ModuleProfileResult(compute_cost=1861.413, peak_memory=12.600 GB, invar_size=2.626 GB, outvar_size=8.960 GB, temp_buffer_size=1.013 GB, available_memory=64.000 GB, comm_cost=1.458)
Using pre computed peak Mem for (4, 9, 3, 0), module 1
result[(4, 9, 3, 0), 1] = ModuleProfileResult(compute_cost=1363.023, peak_memory=14.700 GB, invar_size=11.493 GB, outvar_size=2.626 GB, temp_buffer_size=3.113 GB, available_memory=64.000 GB, comm_cost=1.642)
Using pre computed peak Mem for (4, 9, 3, 1), module 0
result[(4, 9, 3, 1), 0] = ModuleProfileResult(compute_cost=1839.652, peak_memory=12.600 GB, invar_size=2.872 GB, outvar_size=9.248 GB, temp_buffer_size=0.480 GB, available_memory=64.000 GB, comm_cost=1.440)
Using pre computed peak Mem for (4, 9, 3, 1), module 1
result[(4, 9, 3, 1), 1] = ModuleProfileResult(compute_cost=1502.338, peak_memory=14.700 GB, invar_size=12.108 GB, outvar_size=2.872 GB, temp_buffer_size=2.498 GB, available_memory=64.000 GB, comm_cost=0.868)
Using pre computed peak Mem for (4, 10, 3, 0), module 0
result[(4, 10, 3, 0), 0] = ModuleProfileResult(compute_cost=2171.644, peak_memory=14.700 GB, invar_size=3.048 GB, outvar_size=10.267 GB, temp_buffer_size=1.384 GB, available_memory=64.000 GB, comm_cost=1.701)
Using pre computed peak Mem for (4, 10, 3, 0), module 1
result[(4, 10, 3, 0), 1] = ModuleProfileResult(compute_cost=1590.193, peak_memory=17.150 GB, invar_size=13.222 GB, outvar_size=3.048 GB, temp_buffer_size=3.834 GB, available_memory=64.000 GB, comm_cost=1.916)
Using pre computed peak Mem for (4, 10, 3, 1), module 0
result[(4, 10, 3, 1), 0] = ModuleProfileResult(compute_cost=2171.644, peak_memory=14.700 GB, invar_size=3.048 GB, outvar_size=10.636 GB, temp_buffer_size=1.015 GB, available_memory=64.000 GB, comm_cost=1.701)
Using pre computed peak Mem for (4, 10, 3, 1), module 1
result[(4, 10, 3, 1), 1] = ModuleProfileResult(compute_cost=1589.605, peak_memory=17.150 GB, invar_size=13.591 GB, outvar_size=3.048 GB, temp_buffer_size=3.465 GB, available_memory=64.000 GB, comm_cost=1.318)
Using pre computed peak Mem for (4, 11, 3, 0), module 0
result[(4, 11, 3, 0), 0] = ModuleProfileResult(compute_cost=2207.897, peak_memory=16.800 GB, invar_size=3.474 GB, outvar_size=11.478 GB, temp_buffer_size=1.849 GB, available_memory=64.000 GB, comm_cost=1.722)
Using pre computed peak Mem for (4, 11, 3, 0), module 1
result[(4, 11, 3, 0), 1] = ModuleProfileResult(compute_cost=1772.191, peak_memory=19.600 GB, invar_size=14.857 GB, outvar_size=3.474 GB, temp_buffer_size=4.649 GB, available_memory=64.000 GB, comm_cost=2.138)
Using pre computed peak Mem for (4, 11, 3, 1), module 0
result[(4, 11, 3, 1), 0] = ModuleProfileResult(compute_cost=2207.897, peak_memory=16.800 GB, invar_size=3.474 GB, outvar_size=11.724 GB, temp_buffer_size=1.603 GB, available_memory=64.000 GB, comm_cost=1.722)
Using pre computed peak Mem for (4, 11, 3, 1), module 1
result[(4, 11, 3, 1), 1] = ModuleProfileResult(compute_cost=1771.999, peak_memory=19.600 GB, invar_size=15.104 GB, outvar_size=3.474 GB, temp_buffer_size=4.403 GB, available_memory=64.000 GB, comm_cost=1.940)
Using pre computed peak Mem for (5, 5, 3, 0), module 0
result[(5, 5, 3, 0), 0] = ModuleProfileResult(compute_cost=310.262, peak_memory=2.100 GB, invar_size=0.516 GB, outvar_size=1.606 GB, temp_buffer_size=-0.022 GB, available_memory=64.000 GB, comm_cost=0.243)
Using pre computed peak Mem for (5, 5, 3, 0), module 1
result[(5, 5, 3, 0), 1] = ModuleProfileResult(compute_cost=227.170, peak_memory=2.450 GB, invar_size=2.028 GB, outvar_size=0.516 GB, temp_buffer_size=0.328 GB, available_memory=64.000 GB, comm_cost=0.274)
Using pre computed peak Mem for (5, 5, 3, 1), module 0
result[(5, 5, 3, 1), 0] = ModuleProfileResult(compute_cost=310.262, peak_memory=2.100 GB, invar_size=0.516 GB, outvar_size=1.647 GB, temp_buffer_size=-0.063 GB, available_memory=64.000 GB, comm_cost=0.243)
result[(5, 5, 3, 1), 1] = ModuleProfileResult(compute_cost=226.973, peak_memory=2.450 GB, invar_size=2.069 GB, outvar_size=0.516 GB, temp_buffer_size=0.287 GB, available_memory=64.000 GB, comm_cost=0.074)
Using pre computed peak Mem for (5, 6, 3, 0), module 0
result[(5, 6, 3, 0), 0] = ModuleProfileResult(compute_cost=620.492, peak_memory=4.200 GB, invar_size=0.938 GB, outvar_size=3.036 GB, temp_buffer_size=0.226 GB, available_memory=64.000 GB, comm_cost=0.486)
Using pre computed peak Mem for (5, 6, 3, 0), module 1
result[(5, 6, 3, 0), 1] = ModuleProfileResult(compute_cost=454.341, peak_memory=4.900 GB, invar_size=3.880 GB, outvar_size=0.938 GB, temp_buffer_size=0.926 GB, available_memory=64.000 GB, comm_cost=0.547)
Using pre computed peak Mem for (5, 6, 3, 1), module 0
result[(5, 6, 3, 1), 0] = ModuleProfileResult(compute_cost=620.492, peak_memory=4.200 GB, invar_size=0.938 GB, outvar_size=2.995 GB, temp_buffer_size=0.267 GB, available_memory=64.000 GB, comm_cost=0.486)
Using pre computed peak Mem for (5, 6, 3, 1), module 1
result[(5, 6, 3, 1), 1] = ModuleProfileResult(compute_cost=454.342, peak_memory=4.900 GB, invar_size=3.839 GB, outvar_size=0.938 GB, temp_buffer_size=0.967 GB, available_memory=64.000 GB, comm_cost=0.548)
Using pre computed peak Mem for (5, 7, 3, 0), module 0
result[(5, 7, 3, 0), 0] = ModuleProfileResult(compute_cost=930.722, peak_memory=6.300 GB, invar_size=1.360 GB, outvar_size=4.425 GB, temp_buffer_size=0.515 GB, available_memory=64.000 GB, comm_cost=0.729)
Using pre computed peak Mem for (5, 7, 3, 0), module 1
result[(5, 7, 3, 0), 1] = ModuleProfileResult(compute_cost=681.511, peak_memory=7.350 GB, invar_size=5.691 GB, outvar_size=1.360 GB, temp_buffer_size=1.565 GB, available_memory=64.000 GB, comm_cost=0.821)
Using pre computed peak Mem for (5, 7, 3, 1), module 0
result[(5, 7, 3, 1), 0] = ModuleProfileResult(compute_cost=930.722, peak_memory=6.300 GB, invar_size=1.360 GB, outvar_size=4.630 GB, temp_buffer_size=0.310 GB, available_memory=64.000 GB, comm_cost=0.729)
Using pre computed peak Mem for (5, 7, 3, 1), module 1
result[(5, 7, 3, 1), 1] = ModuleProfileResult(compute_cost=681.315, peak_memory=7.350 GB, invar_size=5.896 GB, outvar_size=1.360 GB, temp_buffer_size=1.360 GB, available_memory=64.000 GB, comm_cost=0.622)
Using pre computed peak Mem for (5, 8, 3, 0), module 0
result[(5, 8, 3, 0), 0] = ModuleProfileResult(compute_cost=1240.953, peak_memory=8.400 GB, invar_size=1.782 GB, outvar_size=6.101 GB, temp_buffer_size=0.517 GB, available_memory=64.000 GB, comm_cost=0.972)
Using pre computed peak Mem for (5, 8, 3, 0), module 1
result[(5, 8, 3, 0), 1] = ModuleProfileResult(compute_cost=908.682, peak_memory=9.800 GB, invar_size=7.789 GB, outvar_size=1.782 GB, temp_buffer_size=1.917 GB, available_memory=64.000 GB, comm_cost=1.095)
Using pre computed peak Mem for (5, 8, 3, 1), module 0
result[(5, 8, 3, 1), 0] = ModuleProfileResult(compute_cost=1240.953, peak_memory=8.400 GB, invar_size=1.782 GB, outvar_size=6.060 GB, temp_buffer_size=0.558 GB, available_memory=64.000 GB, comm_cost=0.972)
Using pre computed peak Mem for (5, 8, 3, 1), module 1
result[(5, 8, 3, 1), 1] = ModuleProfileResult(compute_cost=908.288, peak_memory=9.800 GB, invar_size=7.748 GB, outvar_size=1.782 GB, temp_buffer_size=1.958 GB, available_memory=64.000 GB, comm_cost=0.696)
Using pre computed peak Mem for (5, 9, 3, 0), module 0
result[(5, 9, 3, 0), 0] = ModuleProfileResult(compute_cost=1551.183, peak_memory=10.500 GB, invar_size=2.204 GB, outvar_size=7.531 GB, temp_buffer_size=0.765 GB, available_memory=64.000 GB, comm_cost=1.215)
Using pre computed peak Mem for (5, 9, 3, 0), module 1
result[(5, 9, 3, 0), 1] = ModuleProfileResult(compute_cost=1135.852, peak_memory=12.250 GB, invar_size=9.641 GB, outvar_size=2.204 GB, temp_buffer_size=2.515 GB, available_memory=64.000 GB, comm_cost=1.368)
Using pre computed peak Mem for (5, 9, 3, 1), module 0
result[(5, 9, 3, 1), 0] = ModuleProfileResult(compute_cost=1551.183, peak_memory=10.500 GB, invar_size=2.204 GB, outvar_size=7.654 GB, temp_buffer_size=0.642 GB, available_memory=64.000 GB, comm_cost=1.215)
Using pre computed peak Mem for (5, 9, 3, 1), module 1
result[(5, 9, 3, 1), 1] = ModuleProfileResult(compute_cost=1135.061, peak_memory=12.250 GB, invar_size=9.764 GB, outvar_size=2.204 GB, temp_buffer_size=2.392 GB, available_memory=64.000 GB, comm_cost=0.570)
Using pre computed peak Mem for (5, 10, 3, 0), module 0
result[(5, 10, 3, 0), 0] = ModuleProfileResult(compute_cost=1861.413, peak_memory=12.600 GB, invar_size=2.626 GB, outvar_size=9.042 GB, temp_buffer_size=0.931 GB, available_memory=64.000 GB, comm_cost=1.458)
Using pre computed peak Mem for (5, 10, 3, 0), module 1
result[(5, 10, 3, 0), 1] = ModuleProfileResult(compute_cost=1363.023, peak_memory=14.700 GB, invar_size=11.575 GB, outvar_size=2.626 GB, temp_buffer_size=3.031 GB, available_memory=64.000 GB, comm_cost=1.642)
Using pre computed peak Mem for (5, 10, 3, 1), module 0
result[(5, 10, 3, 1), 0] = ModuleProfileResult(compute_cost=1861.413, peak_memory=12.600 GB, invar_size=2.626 GB, outvar_size=9.289 GB, temp_buffer_size=0.685 GB, available_memory=64.000 GB, comm_cost=1.458)
Using pre computed peak Mem for (5, 10, 3, 1), module 1
result[(5, 10, 3, 1), 1] = ModuleProfileResult(compute_cost=1362.235, peak_memory=14.700 GB, invar_size=11.821 GB, outvar_size=2.626 GB, temp_buffer_size=2.785 GB, available_memory=64.000 GB, comm_cost=0.844)
Using pre computed peak Mem for (5, 11, 3, 0), module 0
result[(5, 11, 3, 0), 0] = ModuleProfileResult(compute_cost=1897.667, peak_memory=14.700 GB, invar_size=3.051 GB, outvar_size=10.089 GB, temp_buffer_size=1.560 GB, available_memory=64.000 GB, comm_cost=1.479)
Using pre computed peak Mem for (5, 11, 3, 0), module 1
result[(5, 11, 3, 0), 1] = ModuleProfileResult(compute_cost=1545.020, peak_memory=17.150 GB, invar_size=13.046 GB, outvar_size=3.051 GB, temp_buffer_size=4.010 GB, available_memory=64.000 GB, comm_cost=1.864)
Using pre computed peak Mem for (5, 11, 3, 1), module 0
result[(5, 11, 3, 1), 0] = ModuleProfileResult(compute_cost=1897.667, peak_memory=14.700 GB, invar_size=3.051 GB, outvar_size=10.253 GB, temp_buffer_size=1.396 GB, available_memory=64.000 GB, comm_cost=1.479)
Using pre computed peak Mem for (5, 11, 3, 1), module 1
result[(5, 11, 3, 1), 1] = ModuleProfileResult(compute_cost=1544.430, peak_memory=17.150 GB, invar_size=13.211 GB, outvar_size=3.051 GB, temp_buffer_size=3.846 GB, available_memory=64.000 GB, comm_cost=1.266)
Using pre computed peak Mem for (6, 6, 3, 0), module 0
result[(6, 6, 3, 0), 0] = ModuleProfileResult(compute_cost=310.262, peak_memory=2.100 GB, invar_size=0.516 GB, outvar_size=1.606 GB, temp_buffer_size=-0.022 GB, available_memory=64.000 GB, comm_cost=0.243)
Using pre computed peak Mem for (6, 6, 3, 0), module 1
result[(6, 6, 3, 0), 1] = ModuleProfileResult(compute_cost=227.170, peak_memory=2.450 GB, invar_size=2.028 GB, outvar_size=0.516 GB, temp_buffer_size=0.328 GB, available_memory=64.000 GB, comm_cost=0.274)
Using pre computed peak Mem for (6, 6, 3, 1), module 0
result[(6, 6, 3, 1), 0] = ModuleProfileResult(compute_cost=310.262, peak_memory=2.100 GB, invar_size=0.516 GB, outvar_size=1.647 GB, temp_buffer_size=-0.063 GB, available_memory=64.000 GB, comm_cost=0.243)
result[(6, 6, 3, 1), 1] = ModuleProfileResult(compute_cost=226.973, peak_memory=2.450 GB, invar_size=2.069 GB, outvar_size=0.516 GB, temp_buffer_size=0.287 GB, available_memory=64.000 GB, comm_cost=0.074)
Using pre computed peak Mem for (6, 7, 3, 0), module 0
result[(6, 7, 3, 0), 0] = ModuleProfileResult(compute_cost=620.492, peak_memory=4.200 GB, invar_size=0.938 GB, outvar_size=3.118 GB, temp_buffer_size=0.144 GB, available_memory=64.000 GB, comm_cost=0.486)
Using pre computed peak Mem for (6, 7, 3, 0), module 1
result[(6, 7, 3, 0), 1] = ModuleProfileResult(compute_cost=454.341, peak_memory=4.900 GB, invar_size=3.962 GB, outvar_size=0.938 GB, temp_buffer_size=0.844 GB, available_memory=64.000 GB, comm_cost=0.547)
Using pre computed peak Mem for (6, 7, 3, 1), module 0
result[(6, 7, 3, 1), 0] = ModuleProfileResult(compute_cost=620.492, peak_memory=4.200 GB, invar_size=0.938 GB, outvar_size=3.159 GB, temp_buffer_size=0.103 GB, available_memory=64.000 GB, comm_cost=0.486)
Using pre computed peak Mem for (6, 7, 3, 1), module 1
result[(6, 7, 3, 1), 1] = ModuleProfileResult(compute_cost=454.145, peak_memory=4.900 GB, invar_size=4.003 GB, outvar_size=0.938 GB, temp_buffer_size=0.803 GB, available_memory=64.000 GB, comm_cost=0.348)
Using pre computed peak Mem for (6, 8, 3, 0), module 0
result[(6, 8, 3, 0), 0] = ModuleProfileResult(compute_cost=930.722, peak_memory=6.300 GB, invar_size=1.360 GB, outvar_size=4.630 GB, temp_buffer_size=0.310 GB, available_memory=64.000 GB, comm_cost=0.729)
Using pre computed peak Mem for (6, 8, 3, 0), module 1
result[(6, 8, 3, 0), 1] = ModuleProfileResult(compute_cost=681.511, peak_memory=7.350 GB, invar_size=5.896 GB, outvar_size=1.360 GB, temp_buffer_size=1.360 GB, available_memory=64.000 GB, comm_cost=0.821)
Using pre computed peak Mem for (6, 8, 3, 1), module 0
result[(6, 8, 3, 1), 0] = ModuleProfileResult(compute_cost=930.722, peak_memory=6.300 GB, invar_size=1.360 GB, outvar_size=4.589 GB, temp_buffer_size=0.351 GB, available_memory=64.000 GB, comm_cost=0.729)
Using pre computed peak Mem for (6, 8, 3, 1), module 1
result[(6, 8, 3, 1), 1] = ModuleProfileResult(compute_cost=681.514, peak_memory=7.350 GB, invar_size=5.855 GB, outvar_size=1.360 GB, temp_buffer_size=1.401 GB, available_memory=64.000 GB, comm_cost=0.822)
Using pre computed peak Mem for (6, 9, 3, 0), module 0
result[(6, 9, 3, 0), 0] = ModuleProfileResult(compute_cost=1240.953, peak_memory=8.400 GB, invar_size=1.782 GB, outvar_size=6.019 GB, temp_buffer_size=0.599 GB, available_memory=64.000 GB, comm_cost=0.972)
Using pre computed peak Mem for (6, 9, 3, 0), module 1
result[(6, 9, 3, 0), 1] = ModuleProfileResult(compute_cost=908.682, peak_memory=9.800 GB, invar_size=7.707 GB, outvar_size=1.782 GB, temp_buffer_size=1.999 GB, available_memory=64.000 GB, comm_cost=1.095)
Using pre computed peak Mem for (6, 9, 3, 1), module 0
result[(6, 9, 3, 1), 0] = ModuleProfileResult(compute_cost=1240.953, peak_memory=8.400 GB, invar_size=1.782 GB, outvar_size=6.019 GB, temp_buffer_size=0.599 GB, available_memory=64.000 GB, comm_cost=0.972)
Using pre computed peak Mem for (6, 9, 3, 1), module 1
result[(6, 9, 3, 1), 1] = ModuleProfileResult(compute_cost=908.088, peak_memory=9.800 GB, invar_size=7.707 GB, outvar_size=1.782 GB, temp_buffer_size=1.999 GB, available_memory=64.000 GB, comm_cost=0.496)
Using pre computed peak Mem for (6, 10, 3, 0), module 0
result[(6, 10, 3, 0), 0] = ModuleProfileResult(compute_cost=1551.183, peak_memory=10.500 GB, invar_size=2.204 GB, outvar_size=7.531 GB, temp_buffer_size=0.765 GB, available_memory=64.000 GB, comm_cost=1.215)
Using pre computed peak Mem for (6, 10, 3, 0), module 1
result[(6, 10, 3, 0), 1] = ModuleProfileResult(compute_cost=1135.852, peak_memory=12.250 GB, invar_size=9.641 GB, outvar_size=2.204 GB, temp_buffer_size=2.515 GB, available_memory=64.000 GB, comm_cost=1.368)
Using pre computed peak Mem for (6, 10, 3, 1), module 0
result[(6, 10, 3, 1), 0] = ModuleProfileResult(compute_cost=1551.183, peak_memory=10.500 GB, invar_size=2.204 GB, outvar_size=7.654 GB, temp_buffer_size=0.642 GB, available_memory=64.000 GB, comm_cost=1.215)
Using pre computed peak Mem for (6, 10, 3, 1), module 1
result[(6, 10, 3, 1), 1] = ModuleProfileResult(compute_cost=1135.064, peak_memory=12.250 GB, invar_size=9.764 GB, outvar_size=2.204 GB, temp_buffer_size=2.392 GB, available_memory=64.000 GB, comm_cost=0.571)
Using pre computed peak Mem for (6, 11, 3, 0), module 0
result[(6, 11, 3, 0), 0] = ModuleProfileResult(compute_cost=1587.437, peak_memory=12.600 GB, invar_size=2.629 GB, outvar_size=8.577 GB, temp_buffer_size=1.394 GB, available_memory=64.000 GB, comm_cost=1.236)
Using pre computed peak Mem for (6, 11, 3, 0), module 1
result[(6, 11, 3, 0), 1] = ModuleProfileResult(compute_cost=1317.850, peak_memory=14.700 GB, invar_size=11.112 GB, outvar_size=2.629 GB, temp_buffer_size=3.494 GB, available_memory=64.000 GB, comm_cost=1.591)
Using pre computed peak Mem for (6, 11, 3, 1), module 0
result[(6, 11, 3, 1), 0] = ModuleProfileResult(compute_cost=1587.437, peak_memory=12.600 GB, invar_size=2.629 GB, outvar_size=8.659 GB, temp_buffer_size=1.312 GB, available_memory=64.000 GB, comm_cost=1.236)
Using pre computed peak Mem for (6, 11, 3, 1), module 1
result[(6, 11, 3, 1), 1] = ModuleProfileResult(compute_cost=1317.657, peak_memory=14.700 GB, invar_size=11.194 GB, outvar_size=2.629 GB, temp_buffer_size=3.412 GB, available_memory=64.000 GB, comm_cost=1.392)
Using pre computed peak Mem for (7, 7, 3, 0), module 0
result[(7, 7, 3, 0), 0] = ModuleProfileResult(compute_cost=310.262, peak_memory=2.100 GB, invar_size=0.516 GB, outvar_size=1.606 GB, temp_buffer_size=-0.022 GB, available_memory=64.000 GB, comm_cost=0.243)
Using pre computed peak Mem for (7, 7, 3, 0), module 1
result[(7, 7, 3, 0), 1] = ModuleProfileResult(compute_cost=227.170, peak_memory=2.450 GB, invar_size=2.028 GB, outvar_size=0.516 GB, temp_buffer_size=0.328 GB, available_memory=64.000 GB, comm_cost=0.274)
Using pre computed peak Mem for (7, 7, 3, 1), module 0
result[(7, 7, 3, 1), 0] = ModuleProfileResult(compute_cost=310.262, peak_memory=2.100 GB, invar_size=0.516 GB, outvar_size=1.647 GB, temp_buffer_size=-0.063 GB, available_memory=64.000 GB, comm_cost=0.243)
result[(7, 7, 3, 1), 1] = ModuleProfileResult(compute_cost=226.973, peak_memory=2.450 GB, invar_size=2.069 GB, outvar_size=0.516 GB, temp_buffer_size=0.287 GB, available_memory=64.000 GB, comm_cost=0.074)
Using pre computed peak Mem for (7, 8, 3, 0), module 0
result[(7, 8, 3, 0), 0] = ModuleProfileResult(compute_cost=620.492, peak_memory=4.200 GB, invar_size=0.938 GB, outvar_size=2.995 GB, temp_buffer_size=0.267 GB, available_memory=64.000 GB, comm_cost=0.486)
Using pre computed peak Mem for (7, 8, 3, 0), module 1
result[(7, 8, 3, 0), 1] = ModuleProfileResult(compute_cost=454.341, peak_memory=4.900 GB, invar_size=3.839 GB, outvar_size=0.938 GB, temp_buffer_size=0.967 GB, available_memory=64.000 GB, comm_cost=0.547)
Using pre computed peak Mem for (7, 8, 3, 1), module 0
result[(7, 8, 3, 1), 0] = ModuleProfileResult(compute_cost=620.492, peak_memory=4.200 GB, invar_size=0.938 GB, outvar_size=3.200 GB, temp_buffer_size=0.062 GB, available_memory=64.000 GB, comm_cost=0.486)
result[(7, 8, 3, 1), 1] = ModuleProfileResult(compute_cost=453.946, peak_memory=4.612 GB, invar_size=4.044 GB, outvar_size=0.938 GB, temp_buffer_size=0.475 GB, available_memory=64.000 GB, comm_cost=0.148)
Using pre computed peak Mem for (7, 9, 3, 0), module 0
result[(7, 9, 3, 0), 0] = ModuleProfileResult(compute_cost=930.722, peak_memory=6.300 GB, invar_size=1.360 GB, outvar_size=4.507 GB, temp_buffer_size=0.433 GB, available_memory=64.000 GB, comm_cost=0.729)
Using pre computed peak Mem for (7, 9, 3, 0), module 1
result[(7, 9, 3, 0), 1] = ModuleProfileResult(compute_cost=681.511, peak_memory=7.350 GB, invar_size=5.773 GB, outvar_size=1.360 GB, temp_buffer_size=1.483 GB, available_memory=64.000 GB, comm_cost=0.821)
Using pre computed peak Mem for (7, 9, 3, 1), module 0
result[(7, 9, 3, 1), 0] = ModuleProfileResult(compute_cost=930.722, peak_memory=6.300 GB, invar_size=1.360 GB, outvar_size=4.548 GB, temp_buffer_size=0.392 GB, available_memory=64.000 GB, comm_cost=0.729)
Using pre computed peak Mem for (7, 9, 3, 1), module 1
result[(7, 9, 3, 1), 1] = ModuleProfileResult(compute_cost=681.315, peak_memory=7.350 GB, invar_size=5.814 GB, outvar_size=1.360 GB, temp_buffer_size=1.442 GB, available_memory=64.000 GB, comm_cost=0.622)
Using pre computed peak Mem for (7, 10, 3, 0), module 0
result[(7, 10, 3, 0), 0] = ModuleProfileResult(compute_cost=1240.953, peak_memory=8.400 GB, invar_size=1.782 GB, outvar_size=5.978 GB, temp_buffer_size=0.640 GB, available_memory=64.000 GB, comm_cost=0.972)
Using pre computed peak Mem for (7, 10, 3, 0), module 1
result[(7, 10, 3, 0), 1] = ModuleProfileResult(compute_cost=908.682, peak_memory=9.800 GB, invar_size=7.666 GB, outvar_size=1.782 GB, temp_buffer_size=2.040 GB, available_memory=64.000 GB, comm_cost=1.095)
Using pre computed peak Mem for (7, 10, 3, 1), module 0
result[(7, 10, 3, 1), 0] = ModuleProfileResult(compute_cost=847.535, peak_memory=8.400 GB, invar_size=3.259 GB, outvar_size=7.495 GB, temp_buffer_size=-2.354 GB, available_memory=64.000 GB, comm_cost=0.583)
Using pre computed peak Mem for (7, 10, 3, 1), module 1
result[(7, 10, 3, 1), 1] = ModuleProfileResult(compute_cost=3766.401, peak_memory=9.800 GB, invar_size=10.660 GB, outvar_size=3.259 GB, temp_buffer_size=-0.954 GB, available_memory=64.000 GB, comm_cost=1.113)
Using pre computed peak Mem for (7, 11, 3, 0), module 0
result[(7, 11, 3, 0), 0] = ModuleProfileResult(compute_cost=1277.206, peak_memory=10.500 GB, invar_size=2.207 GB, outvar_size=7.147 GB, temp_buffer_size=1.146 GB, available_memory=64.000 GB, comm_cost=0.993)
Using pre computed peak Mem for (7, 11, 3, 0), module 1
result[(7, 11, 3, 0), 1] = ModuleProfileResult(compute_cost=1090.680, peak_memory=12.250 GB, invar_size=9.260 GB, outvar_size=2.207 GB, temp_buffer_size=2.896 GB, available_memory=64.000 GB, comm_cost=1.317)
Using pre computed peak Mem for (7, 11, 3, 1), module 0
result[(7, 11, 3, 1), 0] = ModuleProfileResult(compute_cost=1277.206, peak_memory=10.500 GB, invar_size=2.207 GB, outvar_size=7.311 GB, temp_buffer_size=0.982 GB, available_memory=64.000 GB, comm_cost=0.993)
Using pre computed peak Mem for (7, 11, 3, 1), module 1
result[(7, 11, 3, 1), 1] = ModuleProfileResult(compute_cost=1090.288, peak_memory=12.250 GB, invar_size=9.424 GB, outvar_size=2.207 GB, temp_buffer_size=2.732 GB, available_memory=64.000 GB, comm_cost=0.919)
Using pre computed peak Mem for (8, 8, 3, 0), module 0
result[(8, 8, 3, 0), 0] = ModuleProfileResult(compute_cost=310.262, peak_memory=2.100 GB, invar_size=0.516 GB, outvar_size=1.606 GB, temp_buffer_size=-0.022 GB, available_memory=64.000 GB, comm_cost=0.243)
Using pre computed peak Mem for (8, 8, 3, 0), module 1
result[(8, 8, 3, 0), 1] = ModuleProfileResult(compute_cost=227.170, peak_memory=2.450 GB, invar_size=2.028 GB, outvar_size=0.516 GB, temp_buffer_size=0.328 GB, available_memory=64.000 GB, comm_cost=0.274)
Using pre computed peak Mem for (8, 8, 3, 1), module 0
result[(8, 8, 3, 1), 0] = ModuleProfileResult(compute_cost=310.262, peak_memory=2.100 GB, invar_size=0.516 GB, outvar_size=1.647 GB, temp_buffer_size=-0.063 GB, available_memory=64.000 GB, comm_cost=0.243)
result[(8, 8, 3, 1), 1] = ModuleProfileResult(compute_cost=226.973, peak_memory=2.450 GB, invar_size=2.069 GB, outvar_size=0.516 GB, temp_buffer_size=0.287 GB, available_memory=64.000 GB, comm_cost=0.074)
Using pre computed peak Mem for (8, 9, 3, 0), module 0
result[(8, 9, 3, 0), 0] = ModuleProfileResult(compute_cost=620.492, peak_memory=4.200 GB, invar_size=0.938 GB, outvar_size=3.036 GB, temp_buffer_size=0.226 GB, available_memory=64.000 GB, comm_cost=0.486)
Using pre computed peak Mem for (8, 9, 3, 0), module 1
result[(8, 9, 3, 0), 1] = ModuleProfileResult(compute_cost=454.341, peak_memory=4.900 GB, invar_size=3.880 GB, outvar_size=0.938 GB, temp_buffer_size=0.926 GB, available_memory=64.000 GB, comm_cost=0.547)
Using pre computed peak Mem for (8, 9, 3, 1), module 0
result[(8, 9, 3, 1), 0] = ModuleProfileResult(compute_cost=620.492, peak_memory=4.200 GB, invar_size=0.938 GB, outvar_size=3.118 GB, temp_buffer_size=0.144 GB, available_memory=64.000 GB, comm_cost=0.486)
Using pre computed peak Mem for (8, 9, 3, 1), module 1
result[(8, 9, 3, 1), 1] = ModuleProfileResult(compute_cost=454.145, peak_memory=4.900 GB, invar_size=3.962 GB, outvar_size=0.938 GB, temp_buffer_size=0.844 GB, available_memory=64.000 GB, comm_cost=0.348)
Using pre computed peak Mem for (8, 10, 3, 0), module 0
result[(8, 10, 3, 0), 0] = ModuleProfileResult(compute_cost=930.722, peak_memory=6.300 GB, invar_size=1.360 GB, outvar_size=4.507 GB, temp_buffer_size=0.433 GB, available_memory=64.000 GB, comm_cost=0.729)
Using pre computed peak Mem for (8, 10, 3, 0), module 1
result[(8, 10, 3, 0), 1] = ModuleProfileResult(compute_cost=681.511, peak_memory=7.350 GB, invar_size=5.773 GB, outvar_size=1.360 GB, temp_buffer_size=1.483 GB, available_memory=64.000 GB, comm_cost=0.821)
Using pre computed peak Mem for (8, 10, 3, 1), module 0
result[(8, 10, 3, 1), 0] = ModuleProfileResult(compute_cost=930.722, peak_memory=6.300 GB, invar_size=1.360 GB, outvar_size=4.712 GB, temp_buffer_size=0.228 GB, available_memory=64.000 GB, comm_cost=0.729)
Using pre computed peak Mem for (8, 10, 3, 1), module 1
result[(8, 10, 3, 1), 1] = ModuleProfileResult(compute_cost=681.118, peak_memory=7.350 GB, invar_size=5.978 GB, outvar_size=1.360 GB, temp_buffer_size=1.278 GB, available_memory=64.000 GB, comm_cost=0.422)
Using pre computed peak Mem for (8, 11, 3, 0), module 0
result[(8, 11, 3, 0), 0] = ModuleProfileResult(compute_cost=966.976, peak_memory=8.400 GB, invar_size=1.785 GB, outvar_size=5.717 GB, temp_buffer_size=0.898 GB, available_memory=64.000 GB, comm_cost=0.750)
Using pre computed peak Mem for (8, 11, 3, 0), module 1
result[(8, 11, 3, 0), 1] = ModuleProfileResult(compute_cost=863.509, peak_memory=9.800 GB, invar_size=7.408 GB, outvar_size=1.785 GB, temp_buffer_size=2.298 GB, available_memory=64.000 GB, comm_cost=1.043)
Using pre computed peak Mem for (8, 11, 3, 1), module 0
result[(8, 11, 3, 1), 0] = ModuleProfileResult(compute_cost=966.976, peak_memory=8.400 GB, invar_size=1.785 GB, outvar_size=5.758 GB, temp_buffer_size=0.857 GB, available_memory=64.000 GB, comm_cost=0.750)
Using pre computed peak Mem for (8, 11, 3, 1), module 1
result[(8, 11, 3, 1), 1] = ModuleProfileResult(compute_cost=863.313, peak_memory=9.800 GB, invar_size=7.449 GB, outvar_size=1.785 GB, temp_buffer_size=2.257 GB, available_memory=64.000 GB, comm_cost=0.844)
Using pre computed peak Mem for (9, 9, 3, 0), module 0
result[(9, 9, 3, 0), 0] = ModuleProfileResult(compute_cost=310.262, peak_memory=2.100 GB, invar_size=0.516 GB, outvar_size=1.565 GB, temp_buffer_size=0.019 GB, available_memory=64.000 GB, comm_cost=0.243)
Using pre computed peak Mem for (9, 9, 3, 0), module 1
result[(9, 9, 3, 0), 1] = ModuleProfileResult(compute_cost=227.170, peak_memory=2.450 GB, invar_size=1.987 GB, outvar_size=0.516 GB, temp_buffer_size=0.369 GB, available_memory=64.000 GB, comm_cost=0.274)
Using pre computed peak Mem for (9, 9, 3, 1), module 0
result[(9, 9, 3, 1), 0] = ModuleProfileResult(compute_cost=310.262, peak_memory=2.100 GB, invar_size=0.516 GB, outvar_size=1.647 GB, temp_buffer_size=-0.063 GB, available_memory=64.000 GB, comm_cost=0.243)
result[(9, 9, 3, 1), 1] = ModuleProfileResult(compute_cost=226.973, peak_memory=2.450 GB, invar_size=2.069 GB, outvar_size=0.516 GB, temp_buffer_size=0.287 GB, available_memory=64.000 GB, comm_cost=0.074)
Using pre computed peak Mem for (9, 10, 3, 0), module 0
result[(9, 10, 3, 0), 0] = ModuleProfileResult(compute_cost=620.492, peak_memory=4.200 GB, invar_size=0.938 GB, outvar_size=3.036 GB, temp_buffer_size=0.226 GB, available_memory=64.000 GB, comm_cost=0.486)
Using pre computed peak Mem for (9, 10, 3, 0), module 1
result[(9, 10, 3, 0), 1] = ModuleProfileResult(compute_cost=454.341, peak_memory=4.900 GB, invar_size=3.880 GB, outvar_size=0.938 GB, temp_buffer_size=0.926 GB, available_memory=64.000 GB, comm_cost=0.547)
Using pre computed peak Mem for (9, 10, 3, 1), module 0
result[(9, 10, 3, 1), 0] = ModuleProfileResult(compute_cost=620.492, peak_memory=4.200 GB, invar_size=0.938 GB, outvar_size=3.077 GB, temp_buffer_size=0.185 GB, available_memory=64.000 GB, comm_cost=0.486)
Using pre computed peak Mem for (9, 10, 3, 1), module 1
result[(9, 10, 3, 1), 1] = ModuleProfileResult(compute_cost=454.145, peak_memory=4.900 GB, invar_size=3.921 GB, outvar_size=0.938 GB, temp_buffer_size=0.885 GB, available_memory=64.000 GB, comm_cost=0.348)
Using pre computed peak Mem for (9, 11, 3, 0), module 0
result[(9, 11, 3, 0), 0] = ModuleProfileResult(compute_cost=656.746, peak_memory=6.300 GB, invar_size=1.363 GB, outvar_size=4.164 GB, temp_buffer_size=0.773 GB, available_memory=64.000 GB, comm_cost=0.507)
Using pre computed peak Mem for (9, 11, 3, 0), module 1
result[(9, 11, 3, 0), 1] = ModuleProfileResult(compute_cost=636.339, peak_memory=7.350 GB, invar_size=5.433 GB, outvar_size=1.363 GB, temp_buffer_size=1.823 GB, available_memory=64.000 GB, comm_cost=0.770)
Using pre computed peak Mem for (9, 11, 3, 1), module 0
result[(9, 11, 3, 1), 0] = ModuleProfileResult(compute_cost=656.746, peak_memory=6.300 GB, invar_size=1.363 GB, outvar_size=4.246 GB, temp_buffer_size=0.691 GB, available_memory=64.000 GB, comm_cost=0.507)
Using pre computed peak Mem for (9, 11, 3, 1), module 1
result[(9, 11, 3, 1), 1] = ModuleProfileResult(compute_cost=636.143, peak_memory=7.350 GB, invar_size=5.515 GB, outvar_size=1.363 GB, temp_buffer_size=1.741 GB, available_memory=64.000 GB, comm_cost=0.571)
Using pre computed peak Mem for (10, 10, 3, 0), module 0
result[(10, 10, 3, 0), 0] = ModuleProfileResult(compute_cost=310.262, peak_memory=2.100 GB, invar_size=0.516 GB, outvar_size=1.606 GB, temp_buffer_size=-0.022 GB, available_memory=64.000 GB, comm_cost=0.243)
Using pre computed peak Mem for (10, 10, 3, 0), module 1
result[(10, 10, 3, 0), 1] = ModuleProfileResult(compute_cost=227.170, peak_memory=2.450 GB, invar_size=2.028 GB, outvar_size=0.516 GB, temp_buffer_size=0.328 GB, available_memory=64.000 GB, comm_cost=0.274)
Using pre computed peak Mem for (10, 10, 3, 1), module 0
result[(10, 10, 3, 1), 0] = ModuleProfileResult(compute_cost=310.262, peak_memory=2.100 GB, invar_size=0.516 GB, outvar_size=1.647 GB, temp_buffer_size=-0.063 GB, available_memory=64.000 GB, comm_cost=0.243)
result[(10, 10, 3, 1), 1] = ModuleProfileResult(compute_cost=226.973, peak_memory=2.450 GB, invar_size=2.069 GB, outvar_size=0.516 GB, temp_buffer_size=0.287 GB, available_memory=64.000 GB, comm_cost=0.074)
Using pre computed peak Mem for (10, 11, 3, 0), module 0
result[(10, 11, 3, 0), 0] = ModuleProfileResult(compute_cost=346.515, peak_memory=4.200 GB, invar_size=0.941 GB, outvar_size=2.734 GB, temp_buffer_size=0.525 GB, available_memory=64.000 GB, comm_cost=0.264)
Using pre computed peak Mem for (10, 11, 3, 0), module 1
result[(10, 11, 3, 0), 1] = ModuleProfileResult(compute_cost=409.168, peak_memory=4.900 GB, invar_size=3.581 GB, outvar_size=0.941 GB, temp_buffer_size=1.225 GB, available_memory=64.000 GB, comm_cost=0.496)
Using pre computed peak Mem for (10, 11, 3, 1), module 0
result[(10, 11, 3, 1), 0] = ModuleProfileResult(compute_cost=346.515, peak_memory=4.200 GB, invar_size=0.941 GB, outvar_size=2.775 GB, temp_buffer_size=0.484 GB, available_memory=64.000 GB, comm_cost=0.264)
Using pre computed peak Mem for (10, 11, 3, 1), module 1
result[(10, 11, 3, 1), 1] = ModuleProfileResult(compute_cost=408.971, peak_memory=4.900 GB, invar_size=3.622 GB, outvar_size=0.941 GB, temp_buffer_size=1.184 GB, available_memory=64.000 GB, comm_cost=0.297)
result[(11, 11, 3, 0), 0] = ModuleProfileResult(compute_cost=36.254, peak_memory=1.741 GB, invar_size=0.519 GB, outvar_size=1.222 GB, temp_buffer_size=0.000 GB, available_memory=64.000 GB, comm_cost=0.021)
Using pre computed peak Mem for (11, 11, 3, 0), module 1
result[(11, 11, 3, 0), 1] = ModuleProfileResult(compute_cost=181.998, peak_memory=2.450 GB, invar_size=1.647 GB, outvar_size=0.519 GB, temp_buffer_size=0.709 GB, available_memory=64.000 GB, comm_cost=0.222)
result[(11, 11, 3, 1), 0] = ModuleProfileResult(compute_cost=36.254, peak_memory=1.741 GB, invar_size=0.519 GB, outvar_size=1.222 GB, temp_buffer_size=0.000 GB, available_memory=64.000 GB, comm_cost=0.021)
Using pre computed peak Mem for (11, 11, 3, 1), module 1
result[(11, 11, 3, 1), 1] = ModuleProfileResult(compute_cost=181.998, peak_memory=2.450 GB, invar_size=1.647 GB, outvar_size=0.519 GB, temp_buffer_size=0.709 GB, available_memory=64.000 GB, comm_cost=0.222)
Profiling for submesh 3 (1, 8) takes 549.92 seconds
--------------------------------------------------
- Profiling for submesh 2 (1, 4):
- Generate all stage infos (Jaxpr -> HLO)
- Compile all stages, get estimations
num of workers:12
[2m[36m(CompileWorker pid=4003224)[0m compiled for stage:0 name: stage_0_0_acc_grad_0 module id: 0
[2m[36m(CompileWorker pid=4003223)[0m compiled for stage:1 name: stage_0_0_acc_grad_0 module id: 0
[2m[36m(CompileWorker pid=4003222)[0m compiled for stage:2 name: stage_0_1_acc_grad_0 module id: 0
[2m[36m(CompileWorker pid=4003221)[0m compiled for stage:3 name: stage_0_1_acc_grad_0 module id: 0
[2m[36m(CompileWorker pid=4003220)[0m compiled for stage:4 name: stage_0_2_acc_grad_0 module id: 0
[2m[36m(CompileWorker pid=4003216)[0m compiled for stage:8 name: stage_0_4_acc_grad_0 module id: 0
[2m[36m(CompileWorker pid=4003219)[0m compiled for stage:5 name: stage_0_2_acc_grad_0 module id: 0
[2m[36m(CompileWorker pid=4003218)[0m compiled for stage:6 name: stage_0_3_acc_grad_0 module id: 0
[2m[36m(CompileWorker pid=4003217)[0m compiled for stage:7 name: stage_0_3_acc_grad_0 module id: 0
[2m[36m(CompileWorker pid=4003214)[0m compiled for stage:10 name: stage_0_5_acc_grad_0 module id: 0
[2m[36m(CompileWorker pid=4003215)[0m compiled for stage:9 name: stage_0_4_acc_grad_0 module id: 0
[2m[36m(CompileWorker pid=4003223)[0m  tensor (Large latency) dimensions: (1, 2048, 36864, 36864, 1, 1, 1, 1, 1, 1, 0, 0, 'CONV', 1, 1, 0, 0),  latency: 241.54697142857142
[2m[36m(CompileWorker pid=4003222)[0m  tensor (Large latency) dimensions: (1, 2048, 36864, 36864, 1, 1, 1, 1, 1, 1, 0, 0, 'CONV', 1, 1, 0, 0),  latency: 241.54697142857142
[2m[36m(CompileWorker pid=4003224)[0m  tensor (Large latency) dimensions: (1, 2048, 36864, 36864, 1, 1, 1, 1, 1, 1, 0, 0, 'CONV', 1, 1, 0, 0),  latency: 241.54697142857142
[2m[36m(CompileWorker pid=4003213)[0m compiled for stage:11 name: stage_0_5_acc_grad_0 module id: 0
[2m[36m(CompileWorker pid=4003221)[0m  tensor (Large latency) dimensions: (1, 2048, 36864, 36864, 1, 1, 1, 1, 1, 1, 0, 0, 'CONV', 1, 1, 0, 0),  latency: 241.54697142857142
[2m[36m(CompileWorker pid=4003220)[0m  tensor (Large latency) dimensions: (1, 2048, 36864, 36864, 1, 1, 1, 1, 1, 1, 0, 0, 'CONV', 1, 1, 0, 0),  latency: 241.54697142857142
[2m[36m(CompileWorker pid=4003219)[0m  tensor (Large latency) dimensions: (1, 2048, 36864, 36864, 1, 1, 1, 1, 1, 1, 0, 0, 'CONV', 1, 1, 0, 0),  latency: 241.54697142857142
[2m[36m(CompileWorker pid=4003222)[0m  tensor (Large latency) dimensions: (1, 2048, 12288, 12288, 1, 1, 1, 1, 1, 1, 0, 0, 'CONV', 1, 1, 0, 0),  latency: 26.58889142857143
[2m[36m(CompileWorker pid=4003223)[0m  tensor (Large latency) dimensions: (1, 2048, 12288, 12288, 1, 1, 1, 1, 1, 1, 0, 0, 'CONV', 1, 1, 0, 0),  latency: 26.58889142857143
[2m[36m(CompileWorker pid=4003216)[0m  tensor (Large latency) dimensions: (1, 2048, 36864, 36864, 1, 1, 1, 1, 1, 1, 0, 0, 'CONV', 1, 1, 0, 0),  latency: 241.54697142857142
[2m[36m(CompileWorker pid=4003218)[0m  tensor (Large latency) dimensions: (1, 2048, 36864, 36864, 1, 1, 1, 1, 1, 1, 0, 0, 'CONV', 1, 1, 0, 0),  latency: 241.54697142857142
[2m[36m(CompileWorker pid=4003224)[0m  tensor (Large latency) dimensions: (1, 2048, 12288, 12288, 1, 1, 1, 1, 1, 1, 0, 0, 'CONV', 1, 1, 0, 0),  latency: 26.58889142857143
[2m[36m(CompileWorker pid=4003221)[0m  tensor (Large latency) dimensions: (1, 2048, 12288, 12288, 1, 1, 1, 1, 1, 1, 0, 0, 'CONV', 1, 1, 0, 0),  latency: 26.58889142857143
[2m[36m(CompileWorker pid=4003217)[0m  tensor (Large latency) dimensions: (1, 2048, 36864, 36864, 1, 1, 1, 1, 1, 1, 0, 0, 'CONV', 1, 1, 0, 0),  latency: 241.54697142857142
[2m[36m(CompileWorker pid=4003222)[0m  tensor (Large latency) dimensions: (1, 2048, 12288, 12288, 1, 1, 1, 1, 1, 1, 0, 0, 'CONV', 1, 1, 0, 0),  latency: 26.58889142857143
[2m[36m(CompileWorker pid=4003214)[0m  tensor (Large latency) dimensions: (1, 2048, 36864, 36864, 1, 1, 1, 1, 1, 1, 0, 0, 'CONV', 1, 1, 0, 0),  latency: 241.54697142857142
[2m[36m(CompileWorker pid=4003220)[0m  tensor (Large latency) dimensions: (1, 2048, 12288, 12288, 1, 1, 1, 1, 1, 1, 0, 0, 'CONV', 1, 1, 0, 0),  latency: 26.58889142857143
[2m[36m(CompileWorker pid=4003223)[0m  tensor (Large latency) dimensions: (1, 2048, 12288, 12288, 1, 1, 1, 1, 1, 1, 0, 0, 'CONV', 1, 1, 0, 0),  latency: 26.58889142857143
[2m[36m(CompileWorker pid=4003222)[0m compiled for stage:2 name: stage_0_1_acc_grad_1 module id: 1
[2m[36m(CompileWorker pid=4003223)[0m compiled for stage:1 name: stage_0_0_acc_grad_1 module id: 1
[2m[36m(CompileWorker pid=4003224)[0m  tensor (Large latency) dimensions: (1, 2048, 12288, 12288, 1, 1, 1, 1, 1, 1, 0, 0, 'CONV', 1, 1, 0, 0),  latency: 26.58889142857143
[2m[36m(CompileWorker pid=4003224)[0m compiled for stage:0 name: stage_0_0_acc_grad_1 module id: 1
[2m[36m(CompileWorker pid=4003219)[0m  tensor (Large latency) dimensions: (1, 2048, 12288, 12288, 1, 1, 1, 1, 1, 1, 0, 0, 'CONV', 1, 1, 0, 0),  latency: 26.58889142857143
[2m[36m(CompileWorker pid=4003221)[0m  tensor (Large latency) dimensions: (1, 2048, 12288, 12288, 1, 1, 1, 1, 1, 1, 0, 0, 'CONV', 1, 1, 0, 0),  latency: 26.58889142857143
[2m[36m(CompileWorker pid=4003221)[0m compiled for stage:3 name: stage_0_1_acc_grad_1 module id: 1
[2m[36m(CompileWorker pid=4003215)[0m  tensor (Large latency) dimensions: (1, 2048, 36864, 36864, 1, 1, 1, 1, 1, 1, 0, 0, 'CONV', 1, 1, 0, 0),  latency: 241.54697142857142
[2m[36m(CompileWorker pid=4003218)[0m  tensor (Large latency) dimensions: (1, 2048, 12288, 12288, 1, 1, 1, 1, 1, 1, 0, 0, 'CONV', 1, 1, 0, 0),  latency: 26.58889142857143
[2m[36m(CompileWorker pid=4003216)[0m  tensor (Large latency) dimensions: (1, 2048, 12288, 12288, 1, 1, 1, 1, 1, 1, 0, 0, 'CONV', 1, 1, 0, 0),  latency: 26.58889142857143
[2m[36m(CompileWorker pid=4003217)[0m  tensor (Large latency) dimensions: (1, 2048, 12288, 12288, 1, 1, 1, 1, 1, 1, 0, 0, 'CONV', 1, 1, 0, 0),  latency: 26.58889142857143
[2m[36m(CompileWorker pid=4003213)[0m  tensor (Large latency) dimensions: (1, 2048, 36864, 36864, 1, 1, 1, 1, 1, 1, 0, 0, 'CONV', 1, 1, 0, 0),  latency: 241.54697142857142
[2m[36m(CompileWorker pid=4003220)[0m  tensor (Large latency) dimensions: (1, 2048, 12288, 12288, 1, 1, 1, 1, 1, 1, 0, 0, 'CONV', 1, 1, 0, 0),  latency: 26.58889142857143
[2m[36m(CompileWorker pid=4003220)[0m compiled for stage:4 name: stage_0_2_acc_grad_1 module id: 1
[2m[36m(CompileWorker pid=4003219)[0m  tensor (Large latency) dimensions: (1, 2048, 12288, 12288, 1, 1, 1, 1, 1, 1, 0, 0, 'CONV', 1, 1, 0, 0),  latency: 26.58889142857143
[2m[36m(CompileWorker pid=4003219)[0m compiled for stage:5 name: stage_0_2_acc_grad_1 module id: 1
[2m[36m(CompileWorker pid=4003214)[0m  tensor (Large latency) dimensions: (1, 2048, 12288, 12288, 1, 1, 1, 1, 1, 1, 0, 0, 'CONV', 1, 1, 0, 0),  latency: 26.58889142857143
[2m[36m(CompileWorker pid=4003218)[0m  tensor (Large latency) dimensions: (1, 2048, 12288, 12288, 1, 1, 1, 1, 1, 1, 0, 0, 'CONV', 1, 1, 0, 0),  latency: 26.58889142857143
[2m[36m(CompileWorker pid=4003218)[0m compiled for stage:6 name: stage_0_3_acc_grad_1 module id: 1
[2m[36m(CompileWorker pid=4003216)[0m  tensor (Large latency) dimensions: (1, 2048, 12288, 12288, 1, 1, 1, 1, 1, 1, 0, 0, 'CONV', 1, 1, 0, 0),  latency: 26.58889142857143
[2m[36m(CompileWorker pid=4003215)[0m  tensor (Large latency) dimensions: (1, 2048, 12288, 12288, 1, 1, 1, 1, 1, 1, 0, 0, 'CONV', 1, 1, 0, 0),  latency: 26.58889142857143
[2m[36m(CompileWorker pid=4003217)[0m  tensor (Large latency) dimensions: (1, 2048, 12288, 12288, 1, 1, 1, 1, 1, 1, 0, 0, 'CONV', 1, 1, 0, 0),  latency: 26.58889142857143
[2m[36m(CompileWorker pid=4003216)[0m compiled for stage:8 name: stage_0_4_acc_grad_1 module id: 1
[2m[36m(CompileWorker pid=4003217)[0m compiled for stage:7 name: stage_0_3_acc_grad_1 module id: 1
[2m[36m(CompileWorker pid=4003223)[0m  tensor (Large latency) dimensions: (1, 12288, 12288, 12288, 1, 1, 1, 1, 1, 1, 0, 0, 'CONV', 1, 1, 0, 0),  latency: 159.53334857142858
[2m[36m(CompileWorker pid=4003222)[0m  tensor (Large latency) dimensions: (1, 12288, 12288, 12288, 1, 1, 1, 1, 1, 1, 0, 0, 'CONV', 1, 1, 0, 0),  latency: 159.53334857142858
[2m[36m(CompileWorker pid=4003214)[0m  tensor (Large latency) dimensions: (1, 2048, 12288, 12288, 1, 1, 1, 1, 1, 1, 0, 0, 'CONV', 1, 1, 0, 0),  latency: 26.58889142857143
[2m[36m(CompileWorker pid=4003214)[0m compiled for stage:10 name: stage_0_5_acc_grad_1 module id: 1
[2m[36m(CompileWorker pid=4003224)[0m  tensor (Large latency) dimensions: (1, 12288, 12288, 12288, 1, 1, 1, 1, 1, 1, 0, 0, 'CONV', 1, 1, 0, 0),  latency: 159.53334857142858
[2m[36m(CompileWorker pid=4003221)[0m  tensor (Large latency) dimensions: (1, 12288, 12288, 12288, 1, 1, 1, 1, 1, 1, 0, 0, 'CONV', 1, 1, 0, 0),  latency: 159.53334857142858
[2m[36m(CompileWorker pid=4003215)[0m  tensor (Large latency) dimensions: (1, 2048, 12288, 12288, 1, 1, 1, 1, 1, 1, 0, 0, 'CONV', 1, 1, 0, 0),  latency: 26.58889142857143
[2m[36m(CompileWorker pid=4003215)[0m compiled for stage:9 name: stage_0_4_acc_grad_1 module id: 1
[2m[36m(CompileWorker pid=4003213)[0m  tensor (Large latency) dimensions: (1, 2048, 12288, 12288, 1, 1, 1, 1, 1, 1, 0, 0, 'CONV', 1, 1, 0, 0),  latency: 26.58889142857143
[2m[36m(CompileWorker pid=4003220)[0m  tensor (Large latency) dimensions: (1, 3072, 12288, 12288, 1, 1, 1, 1, 1, 1, 0, 0, 'CONV', 1, 1, 0, 0),  latency: 39.883337142857144
[2m[36m(CompileWorker pid=4003219)[0m  tensor (Large latency) dimensions: (1, 3072, 12288, 12288, 1, 1, 1, 1, 1, 1, 0, 0, 'CONV', 1, 1, 0, 0),  latency: 39.883337142857144
[2m[36m(CompileWorker pid=4003218)[0m  tensor (Large latency) dimensions: (1, 3072, 12288, 12288, 1, 1, 1, 1, 1, 1, 0, 0, 'CONV', 1, 1, 0, 0),  latency: 39.883337142857144
[2m[36m(CompileWorker pid=4003220)[0m  tensor (Large latency) dimensions: (1, 2048, 3072, 3072, 1, 1, 1, 1, 1, 1, 0, 0, 'CONV', 1, 1, 0, 0),  latency: 1.5915885714285714
[2m[36m(CompileWorker pid=4003216)[0m  tensor (Large latency) dimensions: (1, 3072, 12288, 12288, 1, 1, 1, 1, 1, 1, 0, 0, 'CONV', 1, 1, 0, 0),  latency: 39.883337142857144
[2m[36m(CompileWorker pid=4003223)[0m  tensor (Large latency) dimensions: (1, 3072, 12288, 12288, 1, 1, 1, 1, 1, 1, 0, 0, 'CONV', 1, 1, 0, 0),  latency: 39.883337142857144
[2m[36m(CompileWorker pid=4003217)[0m  tensor (Large latency) dimensions: (1, 3072, 12288, 12288, 1, 1, 1, 1, 1, 1, 0, 0, 'CONV', 1, 1, 0, 0),  latency: 39.883337142857144
[2m[36m(CompileWorker pid=4003219)[0m  tensor (Large latency) dimensions: (1, 2048, 3072, 3072, 1, 1, 1, 1, 1, 1, 0, 0, 'CONV', 1, 1, 0, 0),  latency: 1.5915885714285714
[2m[36m(CompileWorker pid=4003222)[0m  tensor (Large latency) dimensions: (1, 3072, 12288, 12288, 1, 1, 1, 1, 1, 1, 0, 0, 'CONV', 1, 1, 0, 0),  latency: 39.883337142857144
[2m[36m(CompileWorker pid=4003213)[0m  tensor (Large latency) dimensions: (1, 2048, 12288, 12288, 1, 1, 1, 1, 1, 1, 0, 0, 'CONV', 1, 1, 0, 0),  latency: 26.58889142857143
[2m[36m(CompileWorker pid=4003213)[0m compiled for stage:11 name: stage_0_5_acc_grad_1 module id: 1
[2m[36m(CompileWorker pid=4003218)[0m  tensor (Large latency) dimensions: (1, 2048, 3072, 3072, 1, 1, 1, 1, 1, 1, 0, 0, 'CONV', 1, 1, 0, 0),  latency: 1.5915885714285714
[2m[36m(CompileWorker pid=4003223)[0m  tensor (Large latency) dimensions: (1, 2048, 3072, 3072, 1, 1, 1, 1, 1, 1, 0, 0, 'CONV', 1, 1, 0, 0),  latency: 1.5915885714285714
[2m[36m(CompileWorker pid=4003224)[0m  tensor (Large latency) dimensions: (1, 3072, 12288, 12288, 1, 1, 1, 1, 1, 1, 0, 0, 'CONV', 1, 1, 0, 0),  latency: 39.883337142857144
[2m[36m(CompileWorker pid=4003217)[0m  tensor (Large latency) dimensions: (1, 2048, 3072, 3072, 1, 1, 1, 1, 1, 1, 0, 0, 'CONV', 1, 1, 0, 0),  latency: 1.5915885714285714
[2m[36m(CompileWorker pid=4003216)[0m  tensor (Large latency) dimensions: (1, 2048, 3072, 3072, 1, 1, 1, 1, 1, 1, 0, 0, 'CONV', 1, 1, 0, 0),  latency: 1.5915885714285714
[2m[36m(CompileWorker pid=4003221)[0m  tensor (Large latency) dimensions: (1, 3072, 12288, 12288, 1, 1, 1, 1, 1, 1, 0, 0, 'CONV', 1, 1, 0, 0),  latency: 39.883337142857144
[2m[36m(CompileWorker pid=4003214)[0m  tensor (Large latency) dimensions: (1, 3072, 12288, 12288, 1, 1, 1, 1, 1, 1, 0, 0, 'CONV', 1, 1, 0, 0),  latency: 39.883337142857144
[2m[36m(CompileWorker pid=4003215)[0m  tensor (Large latency) dimensions: (1, 3072, 12288, 12288, 1, 1, 1, 1, 1, 1, 0, 0, 'CONV', 1, 1, 0, 0),  latency: 39.883337142857144
[2m[36m(CompileWorker pid=4003222)[0m  tensor (Large latency) dimensions: (1, 2048, 3072, 3072, 1, 1, 1, 1, 1, 1, 0, 0, 'CONV', 1, 1, 0, 0),  latency: 1.5915885714285714
[2m[36m(CompileWorker pid=4003224)[0m  tensor (Large latency) dimensions: (1, 2048, 3072, 3072, 1, 1, 1, 1, 1, 1, 0, 0, 'CONV', 1, 1, 0, 0),  latency: 1.5915885714285714
[2m[36m(CompileWorker pid=4003221)[0m  tensor (Large latency) dimensions: (1, 2048, 3072, 3072, 1, 1, 1, 1, 1, 1, 0, 0, 'CONV', 1, 1, 0, 0),  latency: 1.5915885714285714
[2m[36m(CompileWorker pid=4003215)[0m  tensor (Large latency) dimensions: (1, 2048, 3072, 3072, 1, 1, 1, 1, 1, 1, 0, 0, 'CONV', 1, 1, 0, 0),  latency: 1.5915885714285714
[2m[36m(CompileWorker pid=4003214)[0m  tensor (Large latency) dimensions: (1, 2048, 3072, 3072, 1, 1, 1, 1, 1, 1, 0, 0, 'CONV', 1, 1, 0, 0),  latency: 1.5915885714285714
[2m[36m(CompileWorker pid=4003213)[0m  tensor (Large latency) dimensions: (1, 3072, 12288, 12288, 1, 1, 1, 1, 1, 1, 0, 0, 'CONV', 1, 1, 0, 0),  latency: 39.883337142857144
[2m[36m(CompileWorker pid=4003220)[0m  tensor (Large latency) dimensions: (1, 12288, 9216, 9216, 1, 1, 1, 1, 1, 1, 0, 0, 'CONV', 1, 1, 0, 0),  latency: 89.31620571428572
[2m[36m(CompileWorker pid=4003219)[0m  tensor (Large latency) dimensions: (1, 12288, 9216, 9216, 1, 1, 1, 1, 1, 1, 0, 0, 'CONV', 1, 1, 0, 0),  latency: 89.31620571428572
[2m[36m(CompileWorker pid=4003213)[0m  tensor (Large latency) dimensions: (1, 2048, 3072, 3072, 1, 1, 1, 1, 1, 1, 0, 0, 'CONV', 1, 1, 0, 0),  latency: 1.5915885714285714
[2m[36m(CompileWorker pid=4003218)[0m  tensor (Large latency) dimensions: (1, 12288, 9216, 9216, 1, 1, 1, 1, 1, 1, 0, 0, 'CONV', 1, 1, 0, 0),  latency: 89.31620571428572
[2m[36m(CompileWorker pid=4003223)[0m  tensor (Large latency) dimensions: (1, 12288, 9216, 9216, 1, 1, 1, 1, 1, 1, 0, 0, 'CONV', 1, 1, 0, 0),  latency: 89.31620571428572
[2m[36m(CompileWorker pid=4003217)[0m  tensor (Large latency) dimensions: (1, 12288, 9216, 9216, 1, 1, 1, 1, 1, 1, 0, 0, 'CONV', 1, 1, 0, 0),  latency: 89.31620571428572
[2m[36m(CompileWorker pid=4003222)[0m  tensor (Large latency) dimensions: (1, 12288, 9216, 9216, 1, 1, 1, 1, 1, 1, 0, 0, 'CONV', 1, 1, 0, 0),  latency: 89.31620571428572
[2m[36m(CompileWorker pid=4003216)[0m  tensor (Large latency) dimensions: (1, 12288, 9216, 9216, 1, 1, 1, 1, 1, 1, 0, 0, 'CONV', 1, 1, 0, 0),  latency: 89.31620571428572
[2m[36m(CompileWorker pid=4003220)[0m  tensor (Large latency) dimensions: (1, 2048, 12288, 12288, 1, 1, 1, 1, 1, 1, 0, 0, 'CONV', 1, 1, 0, 0),  latency: 26.58889142857143
[2m[36m(CompileWorker pid=4003219)[0m  tensor (Large latency) dimensions: (1, 2048, 12288, 12288, 1, 1, 1, 1, 1, 1, 0, 0, 'CONV', 1, 1, 0, 0),  latency: 26.58889142857143
[2m[36m(CompileWorker pid=4003224)[0m  tensor (Large latency) dimensions: (1, 12288, 9216, 9216, 1, 1, 1, 1, 1, 1, 0, 0, 'CONV', 1, 1, 0, 0),  latency: 89.31620571428572
[2m[36m(CompileWorker pid=4003221)[0m  tensor (Large latency) dimensions: (1, 12288, 9216, 9216, 1, 1, 1, 1, 1, 1, 0, 0, 'CONV', 1, 1, 0, 0),  latency: 89.31620571428572
[2m[36m(CompileWorker pid=4003218)[0m  tensor (Large latency) dimensions: (1, 2048, 12288, 12288, 1, 1, 1, 1, 1, 1, 0, 0, 'CONV', 1, 1, 0, 0),  latency: 26.58889142857143
[2m[36m(CompileWorker pid=4003223)[0m  tensor (Large latency) dimensions: (1, 2048, 12288, 12288, 1, 1, 1, 1, 1, 1, 0, 0, 'CONV', 1, 1, 0, 0),  latency: 26.58889142857143
[2m[36m(CompileWorker pid=4003217)[0m  tensor (Large latency) dimensions: (1, 2048, 12288, 12288, 1, 1, 1, 1, 1, 1, 0, 0, 'CONV', 1, 1, 0, 0),  latency: 26.58889142857143
[2m[36m(CompileWorker pid=4003222)[0m  tensor (Large latency) dimensions: (1, 2048, 12288, 12288, 1, 1, 1, 1, 1, 1, 0, 0, 'CONV', 1, 1, 0, 0),  latency: 26.58889142857143
[2m[36m(CompileWorker pid=4003214)[0m  tensor (Large latency) dimensions: (1, 12288, 9216, 9216, 1, 1, 1, 1, 1, 1, 0, 0, 'CONV', 1, 1, 0, 0),  latency: 89.31620571428572
[2m[36m(CompileWorker pid=4003215)[0m  tensor (Large latency) dimensions: (1, 12288, 9216, 9216, 1, 1, 1, 1, 1, 1, 0, 0, 'CONV', 1, 1, 0, 0),  latency: 89.31620571428572
[2m[36m(CompileWorker pid=4003216)[0m  tensor (Large latency) dimensions: (1, 2048, 12288, 12288, 1, 1, 1, 1, 1, 1, 0, 0, 'CONV', 1, 1, 0, 0),  latency: 26.58889142857143
[2m[36m(CompileWorker pid=4003224)[0m  tensor (Large latency) dimensions: (1, 2048, 12288, 12288, 1, 1, 1, 1, 1, 1, 0, 0, 'CONV', 1, 1, 0, 0),  latency: 26.58889142857143
[2m[36m(CompileWorker pid=4003221)[0m  tensor (Large latency) dimensions: (1, 2048, 12288, 12288, 1, 1, 1, 1, 1, 1, 0, 0, 'CONV', 1, 1, 0, 0),  latency: 26.58889142857143
[2m[36m(CompileWorker pid=4003222)[0m  tensor (Large latency) dimensions: (1, 512, 12288, 12288, 1, 1, 1, 1, 1, 1, 0, 0, 'CONV', 1, 1, 0, 0),  latency: 6.647222857142857
[2m[36m(CompileWorker pid=4003223)[0m  tensor (Large latency) dimensions: (1, 512, 12288, 12288, 1, 1, 1, 1, 1, 1, 0, 0, 'CONV', 1, 1, 0, 0),  latency: 6.647222857142857
[2m[36m(CompileWorker pid=4003214)[0m  tensor (Large latency) dimensions: (1, 2048, 12288, 12288, 1, 1, 1, 1, 1, 1, 0, 0, 'CONV', 1, 1, 0, 0),  latency: 26.58889142857143
[2m[36m(CompileWorker pid=4003215)[0m  tensor (Large latency) dimensions: (1, 2048, 12288, 12288, 1, 1, 1, 1, 1, 1, 0, 0, 'CONV', 1, 1, 0, 0),  latency: 26.58889142857143
[2m[36m(CompileWorker pid=4003224)[0m  tensor (Large latency) dimensions: (1, 512, 12288, 12288, 1, 1, 1, 1, 1, 1, 0, 0, 'CONV', 1, 1, 0, 0),  latency: 6.647222857142857
[2m[36m(CompileWorker pid=4003213)[0m  tensor (Large latency) dimensions: (1, 12288, 9216, 9216, 1, 1, 1, 1, 1, 1, 0, 0, 'CONV', 1, 1, 0, 0),  latency: 89.31620571428572
[2m[36m(CompileWorker pid=4003221)[0m  tensor (Large latency) dimensions: (1, 512, 12288, 12288, 1, 1, 1, 1, 1, 1, 0, 0, 'CONV', 1, 1, 0, 0),  latency: 6.647222857142857
[2m[36m(CompileWorker pid=4003220)[0m  tensor (Large latency) dimensions: (1, 12288, 12288, 12288, 1, 1, 1, 1, 1, 1, 0, 0, 'CONV', 1, 1, 0, 0),  latency: 159.53334857142858
[2m[36m(CompileWorker pid=4003219)[0m  tensor (Large latency) dimensions: (1, 12288, 12288, 12288, 1, 1, 1, 1, 1, 1, 0, 0, 'CONV', 1, 1, 0, 0),  latency: 159.53334857142858
[2m[36m(CompileWorker pid=4003218)[0m  tensor (Large latency) dimensions: (1, 12288, 12288, 12288, 1, 1, 1, 1, 1, 1, 0, 0, 'CONV', 1, 1, 0, 0),  latency: 159.53334857142858
[2m[36m(CompileWorker pid=4003213)[0m  tensor (Large latency) dimensions: (1, 2048, 12288, 12288, 1, 1, 1, 1, 1, 1, 0, 0, 'CONV', 1, 1, 0, 0),  latency: 26.58889142857143
[2m[36m(CompileWorker pid=4003217)[0m  tensor (Large latency) dimensions: (1, 12288, 12288, 12288, 1, 1, 1, 1, 1, 1, 0, 0, 'CONV', 1, 1, 0, 0),  latency: 159.53334857142858
[2m[36m(CompileWorker pid=4003220)[0m  tensor (Large latency) dimensions: (1, 512, 12288, 12288, 1, 1, 1, 1, 1, 1, 0, 0, 'CONV', 1, 1, 0, 0),  latency: 6.647222857142857
[2m[36m(CompileWorker pid=4003219)[0m  tensor (Large latency) dimensions: (1, 512, 12288, 12288, 1, 1, 1, 1, 1, 1, 0, 0, 'CONV', 1, 1, 0, 0),  latency: 6.647222857142857
[2m[36m(CompileWorker pid=4003218)[0m  tensor (Large latency) dimensions: (1, 512, 12288, 12288, 1, 1, 1, 1, 1, 1, 0, 0, 'CONV', 1, 1, 0, 0),  latency: 6.647222857142857
[2m[36m(CompileWorker pid=4003216)[0m  tensor (Large latency) dimensions: (1, 12288, 12288, 12288, 1, 1, 1, 1, 1, 1, 0, 0, 'CONV', 1, 1, 0, 0),  latency: 159.53334857142858
[2m[36m(CompileWorker pid=4003215)[0m  tensor (Large latency) dimensions: (1, 12288, 12288, 12288, 1, 1, 1, 1, 1, 1, 0, 0, 'CONV', 1, 1, 0, 0),  latency: 159.53334857142858
[2m[36m(CompileWorker pid=4003217)[0m  tensor (Large latency) dimensions: (1, 512, 12288, 12288, 1, 1, 1, 1, 1, 1, 0, 0, 'CONV', 1, 1, 0, 0),  latency: 6.647222857142857
[2m[36m(CompileWorker pid=4003214)[0m  tensor (Large latency) dimensions: (1, 12288, 12288, 12288, 1, 1, 1, 1, 1, 1, 0, 0, 'CONV', 1, 1, 0, 0),  latency: 159.53334857142858
[2m[36m(CompileWorker pid=4003216)[0m  tensor (Large latency) dimensions: (1, 512, 12288, 12288, 1, 1, 1, 1, 1, 1, 0, 0, 'CONV', 1, 1, 0, 0),  latency: 6.647222857142857
[2m[36m(CompileWorker pid=4003222)[0m compiled for stage:12 name: stage_0_6_acc_grad_0 module id: 0
[2m[36m(CompileWorker pid=4003222)[0m compiled for stage:12 name: stage_0_6_acc_grad_1 module id: 1
[2m[36m(CompileWorker pid=4003215)[0m  tensor (Large latency) dimensions: (1, 512, 12288, 12288, 1, 1, 1, 1, 1, 1, 0, 0, 'CONV', 1, 1, 0, 0),  latency: 6.647222857142857
[2m[36m(CompileWorker pid=4003214)[0m  tensor (Large latency) dimensions: (1, 512, 12288, 12288, 1, 1, 1, 1, 1, 1, 0, 0, 'CONV', 1, 1, 0, 0),  latency: 6.647222857142857
[2m[36m(CompileWorker pid=4003213)[0m  tensor (Large latency) dimensions: (1, 12288, 12288, 12288, 1, 1, 1, 1, 1, 1, 0, 0, 'CONV', 1, 1, 0, 0),  latency: 159.53334857142858
[2m[36m(CompileWorker pid=4003224)[0m compiled for stage:14 name: stage_0_7_acc_grad_0 module id: 0
[2m[36m(CompileWorker pid=4003223)[0m compiled for stage:13 name: stage_0_6_acc_grad_0 module id: 0
[2m[36m(CompileWorker pid=4003224)[0m compiled for stage:14 name: stage_0_7_acc_grad_1 module id: 1
[2m[36m(CompileWorker pid=4003224)[0m compiled for stage:24 name: stage_1_1_acc_grad_0 module id: 0
[2m[36m(CompileWorker pid=4003224)[0m compiled for stage:24 name: stage_1_1_acc_grad_1 module id: 1
[2m[36m(CompileWorker pid=4003213)[0m  tensor (Large latency) dimensions: (1, 512, 12288, 12288, 1, 1, 1, 1, 1, 1, 0, 0, 'CONV', 1, 1, 0, 0),  latency: 6.647222857142857
[2m[36m(CompileWorker pid=4003223)[0m compiled for stage:13 name: stage_0_6_acc_grad_1 module id: 1
[2m[36m(CompileWorker pid=4003224)[0m compiled for stage:25 name: stage_1_1_acc_grad_0 module id: 0
[2m[36m(CompileWorker pid=4003224)[0m compiled for stage:25 name: stage_1_1_acc_grad_1 module id: 1
[2m[36m(CompileWorker pid=4003213)[0m compiled for stage:26 name: stage_1_2_acc_grad_0 module id: 0
[2m[36m(CompileWorker pid=4003213)[0m compiled for stage:26 name: stage_1_2_acc_grad_1 module id: 1
[2m[36m(CompileWorker pid=4003221)[0m compiled for stage:15 name: stage_0_7_acc_grad_0 module id: 0
[2m[36m(CompileWorker pid=4003220)[0m compiled for stage:16 name: stage_0_8_acc_grad_0 module id: 0
[2m[36m(CompileWorker pid=4003220)[0m compiled for stage:16 name: stage_0_8_acc_grad_1 module id: 1
[2m[36m(CompileWorker pid=4003221)[0m compiled for stage:15 name: stage_0_7_acc_grad_1 module id: 1
[2m[36m(CompileWorker pid=4003223)[0m compiled for stage:27 name: stage_1_2_acc_grad_0 module id: 0
[2m[36m(CompileWorker pid=4003223)[0m compiled for stage:27 name: stage_1_2_acc_grad_1 module id: 1
[2m[36m(CompileWorker pid=4003224)[0m compiled for stage:28 name: stage_1_3_acc_grad_0 module id: 0
[2m[36m(CompileWorker pid=4003224)[0m compiled for stage:28 name: stage_1_3_acc_grad_1 module id: 1
[2m[36m(CompileWorker pid=4003213)[0m compiled for stage:29 name: stage_1_3_acc_grad_0 module id: 0
[2m[36m(CompileWorker pid=4003213)[0m compiled for stage:29 name: stage_1_3_acc_grad_1 module id: 1
[2m[36m(CompileWorker pid=4003218)[0m compiled for stage:18 name: stage_0_9_acc_grad_0 module id: 0
[2m[36m(CompileWorker pid=4003218)[0m compiled for stage:18 name: stage_0_9_acc_grad_1 module id: 1
[2m[36m(CompileWorker pid=4003220)[0m compiled for stage:30 name: stage_1_4_acc_grad_0 module id: 0
[2m[36m(CompileWorker pid=4003219)[0m compiled for stage:17 name: stage_0_8_acc_grad_0 module id: 0
[2m[36m(CompileWorker pid=4003220)[0m compiled for stage:30 name: stage_1_4_acc_grad_1 module id: 1
[2m[36m(CompileWorker pid=4003219)[0m compiled for stage:17 name: stage_0_8_acc_grad_1 module id: 1
[2m[36m(CompileWorker pid=4003223)[0m compiled for stage:31 name: stage_1_4_acc_grad_0 module id: 0
[2m[36m(CompileWorker pid=4003221)[0m compiled for stage:32 name: stage_1_5_acc_grad_0 module id: 0
[2m[36m(CompileWorker pid=4003223)[0m compiled for stage:31 name: stage_1_4_acc_grad_1 module id: 1
[2m[36m(CompileWorker pid=4003221)[0m compiled for stage:32 name: stage_1_5_acc_grad_1 module id: 1
[2m[36m(CompileWorker pid=4003216)[0m compiled for stage:20 name: stage_0_10_acc_grad_0 module id: 0
[2m[36m(CompileWorker pid=4003216)[0m compiled for stage:20 name: stage_0_10_acc_grad_1 module id: 1
[2m[36m(CompileWorker pid=4003224)[0m compiled for stage:33 name: stage_1_5_acc_grad_0 module id: 0
[2m[36m(CompileWorker pid=4003224)[0m compiled for stage:33 name: stage_1_5_acc_grad_1 module id: 1
[2m[36m(CompileWorker pid=4003213)[0m compiled for stage:34 name: stage_1_6_acc_grad_0 module id: 0
[2m[36m(CompileWorker pid=4003213)[0m compiled for stage:34 name: stage_1_6_acc_grad_1 module id: 1
[2m[36m(CompileWorker pid=4003215)[0m compiled for stage:21 name: stage_0_10_acc_grad_0 module id: 0
[2m[36m(CompileWorker pid=4003217)[0m compiled for stage:19 name: stage_0_9_acc_grad_0 module id: 0
[2m[36m(CompileWorker pid=4003222)[0m compiled for stage:22 name: stage_0_11_acc_grad_0 module id: 0
[2m[36m(CompileWorker pid=4003222)[0m compiled for stage:22 name: stage_0_11_acc_grad_1 module id: 1
[2m[36m(CompileWorker pid=4003220)[0m compiled for stage:36 name: stage_1_7_acc_grad_0 module id: 0
[2m[36m(CompileWorker pid=4003220)[0m compiled for stage:36 name: stage_1_7_acc_grad_1 module id: 1
[2m[36m(CompileWorker pid=4003218)[0m compiled for stage:35 name: stage_1_6_acc_grad_0 module id: 0
[2m[36m(CompileWorker pid=4003218)[0m compiled for stage:35 name: stage_1_6_acc_grad_1 module id: 1
[2m[36m(CompileWorker pid=4003217)[0m  tensor (Large latency) dimensions: (1, 512, 36864, 36864, 1, 1, 1, 1, 1, 1, 0, 0, 'CONV', 1, 1, 0, 0),  latency: 60.386742857142856
[2m[36m(CompileWorker pid=4003217)[0m compiled for stage:19 name: stage_0_9_acc_grad_1 module id: 1
[2m[36m(CompileWorker pid=4003222)[0m  tensor (Large latency) dimensions: (1, 2048, 12288, 12288, 1, 1, 1, 1, 1, 1, 0, 0, 'CONV', 1, 1, 0, 0),  latency: 26.58889142857143
[2m[36m(CompileWorker pid=4003215)[0m  tensor (Large latency) dimensions: (1, 512, 12288, 12288, 1, 1, 1, 1, 1, 1, 0, 0, 'CONV', 1, 1, 0, 0),  latency: 6.647222857142857
[2m[36m(CompileWorker pid=4003215)[0m compiled for stage:21 name: stage_0_10_acc_grad_1 module id: 1
[2m[36m(CompileWorker pid=4003214)[0m compiled for stage:23 name: stage_0_11_acc_grad_0 module id: 0
[2m[36m(CompileWorker pid=4003214)[0m compiled for stage:23 name: stage_0_11_acc_grad_1 module id: 1
[2m[36m(CompileWorker pid=4003219)[0m compiled for stage:37 name: stage_1_7_acc_grad_0 module id: 0
[2m[36m(CompileWorker pid=4003219)[0m compiled for stage:37 name: stage_1_7_acc_grad_1 module id: 1
[2m[36m(CompileWorker pid=4003223)[0m compiled for stage:38 name: stage_1_8_acc_grad_0 module id: 0
[2m[36m(CompileWorker pid=4003223)[0m compiled for stage:38 name: stage_1_8_acc_grad_1 module id: 1
[2m[36m(CompileWorker pid=4003219)[0m compiled for stage:46 name: stage_2_2_acc_grad_0 module id: 0
[2m[36m(CompileWorker pid=4003219)[0m compiled for stage:46 name: stage_2_2_acc_grad_1 module id: 1
[2m[36m(CompileWorker pid=4003214)[0m  tensor (Large latency) dimensions: (1, 2048, 12288, 12288, 1, 1, 1, 1, 1, 1, 0, 0, 'CONV', 1, 1, 0, 0),  latency: 26.58889142857143
[2m[36m(CompileWorker pid=4003224)[0m compiled for stage:40 name: stage_1_9_acc_grad_0 module id: 0
[2m[36m(CompileWorker pid=4003223)[0m compiled for stage:47 name: stage_2_2_acc_grad_0 module id: 0
[2m[36m(CompileWorker pid=4003223)[0m compiled for stage:47 name: stage_2_2_acc_grad_1 module id: 1
[2m[36m(CompileWorker pid=4003224)[0m compiled for stage:40 name: stage_1_9_acc_grad_1 module id: 1
[2m[36m(CompileWorker pid=4003217)[0m  tensor (Large latency) dimensions: (1, 12288, 36864, 36864, 1, 1, 1, 1, 1, 1, 0, 0, 'CONV', 1, 1, 0, 0),  latency: 1449.2818285714286
[2m[36m(CompileWorker pid=4003219)[0m compiled for stage:48 name: stage_2_3_acc_grad_0 module id: 0
[2m[36m(CompileWorker pid=4003219)[0m compiled for stage:48 name: stage_2_3_acc_grad_1 module id: 1
[2m[36m(CompileWorker pid=4003221)[0m compiled for stage:39 name: stage_1_8_acc_grad_0 module id: 0
[2m[36m(CompileWorker pid=4003221)[0m compiled for stage:39 name: stage_1_8_acc_grad_1 module id: 1
[2m[36m(CompileWorker pid=4003217)[0m  tensor (Large latency) dimensions: (1, 2048, 12288, 12288, 1, 1, 1, 1, 1, 1, 0, 0, 'CONV', 1, 1, 0, 0),  latency: 26.58889142857143
[2m[36m(CompileWorker pid=4003214)[0m compiled for stage:49 name: stage_2_3_acc_grad_0 module id: 0
[2m[36m(CompileWorker pid=4003214)[0m compiled for stage:49 name: stage_2_3_acc_grad_1 module id: 1
[2m[36m(CompileWorker pid=4003223)[0m compiled for stage:50 name: stage_2_4_acc_grad_0 module id: 0
[2m[36m(CompileWorker pid=4003215)[0m  tensor (Large latency) dimensions: (1, 12288, 12288, 12288, 1, 1, 1, 1, 1, 1, 0, 0, 'CONV', 1, 1, 0, 0),  latency: 159.53334857142858
[2m[36m(CompileWorker pid=4003213)[0m compiled for stage:42 name: stage_1_10_acc_grad_0 module id: 0
[2m[36m(CompileWorker pid=4003223)[0m compiled for stage:50 name: stage_2_4_acc_grad_1 module id: 1
[2m[36m(CompileWorker pid=4003213)[0m compiled for stage:42 name: stage_1_10_acc_grad_1 module id: 1
[2m[36m(CompileWorker pid=4003216)[0m compiled for stage:41 name: stage_1_9_acc_grad_0 module id: 0
[2m[36m(CompileWorker pid=4003216)[0m compiled for stage:41 name: stage_1_9_acc_grad_1 module id: 1
[2m[36m(CompileWorker pid=4003224)[0m compiled for stage:51 name: stage_2_4_acc_grad_0 module id: 0
[2m[36m(CompileWorker pid=4003224)[0m compiled for stage:51 name: stage_2_4_acc_grad_1 module id: 1
[2m[36m(CompileWorker pid=4003219)[0m compiled for stage:52 name: stage_2_5_acc_grad_0 module id: 0
[2m[36m(CompileWorker pid=4003219)[0m compiled for stage:52 name: stage_2_5_acc_grad_1 module id: 1
[2m[36m(CompileWorker pid=4003221)[0m compiled for stage:53 name: stage_2_5_acc_grad_0 module id: 0
[2m[36m(CompileWorker pid=4003221)[0m compiled for stage:53 name: stage_2_5_acc_grad_1 module id: 1
[2m[36m(CompileWorker pid=4003217)[0m compiled for stage:54 name: stage_2_6_acc_grad_0 module id: 0
[2m[36m(CompileWorker pid=4003217)[0m compiled for stage:54 name: stage_2_6_acc_grad_1 module id: 1
[2m[36m(CompileWorker pid=4003220)[0m compiled for stage:43 name: stage_1_10_acc_grad_0 module id: 0
[2m[36m(CompileWorker pid=4003218)[0m compiled for stage:44 name: stage_1_11_acc_grad_0 module id: 0
[2m[36m(CompileWorker pid=4003220)[0m compiled for stage:43 name: stage_1_10_acc_grad_1 module id: 1
[2m[36m(CompileWorker pid=4003218)[0m compiled for stage:44 name: stage_1_11_acc_grad_1 module id: 1
[2m[36m(CompileWorker pid=4003214)[0m compiled for stage:55 name: stage_2_6_acc_grad_0 module id: 0
[2m[36m(CompileWorker pid=4003214)[0m compiled for stage:55 name: stage_2_6_acc_grad_1 module id: 1
[2m[36m(CompileWorker pid=4003215)[0m compiled for stage:56 name: stage_2_7_acc_grad_0 module id: 0
[2m[36m(CompileWorker pid=4003215)[0m compiled for stage:56 name: stage_2_7_acc_grad_1 module id: 1
[2m[36m(CompileWorker pid=4003219)[0m  tensor (Large latency) dimensions: (1, 12288, 3072, 3072, 1, 1, 1, 1, 1, 1, 0, 0, 'CONV', 1, 1, 0, 0),  latency: 9.549531428571429
[2m[36m(CompileWorker pid=4003223)[0m compiled for stage:57 name: stage_2_7_acc_grad_0 module id: 0
[2m[36m(CompileWorker pid=4003223)[0m compiled for stage:57 name: stage_2_7_acc_grad_1 module id: 1
[2m[36m(CompileWorker pid=4003213)[0m compiled for stage:58 name: stage_2_8_acc_grad_0 module id: 0
[2m[36m(CompileWorker pid=4003218)[0m  tensor (Large latency) dimensions: (1, 2048, 12288, 12288, 1, 1, 1, 1, 1, 1, 0, 0, 'CONV', 1, 1, 0, 0),  latency: 26.58889142857143
[2m[36m(CompileWorker pid=4003213)[0m compiled for stage:58 name: stage_2_8_acc_grad_1 module id: 1
[2m[36m(CompileWorker pid=4003219)[0m compiled for stage:66 name: stage_3_3_acc_grad_0 module id: 0
[2m[36m(CompileWorker pid=4003219)[0m compiled for stage:66 name: stage_3_3_acc_grad_1 module id: 1
[2m[36m(CompileWorker pid=4003223)[0m compiled for stage:67 name: stage_3_3_acc_grad_0 module id: 0
[2m[36m(CompileWorker pid=4003223)[0m compiled for stage:67 name: stage_3_3_acc_grad_1 module id: 1
[2m[36m(CompileWorker pid=4003218)[0m compiled for stage:68 name: stage_3_4_acc_grad_0 module id: 0
[2m[36m(CompileWorker pid=4003218)[0m compiled for stage:68 name: stage_3_4_acc_grad_1 module id: 1
[2m[36m(CompileWorker pid=4003219)[0m compiled for stage:69 name: stage_3_4_acc_grad_0 module id: 0
[2m[36m(CompileWorker pid=4003219)[0m compiled for stage:69 name: stage_3_4_acc_grad_1 module id: 1
[2m[36m(CompileWorker pid=4003216)[0m compiled for stage:60 name: stage_2_9_acc_grad_0 module id: 0
[2m[36m(CompileWorker pid=4003213)[0m compiled for stage:70 name: stage_3_5_acc_grad_0 module id: 0
[2m[36m(CompileWorker pid=4003213)[0m compiled for stage:70 name: stage_3_5_acc_grad_1 module id: 1
[2m[36m(CompileWorker pid=4003224)[0m compiled for stage:59 name: stage_2_8_acc_grad_0 module id: 0
[2m[36m(CompileWorker pid=4003216)[0m compiled for stage:60 name: stage_2_9_acc_grad_1 module id: 1
[2m[36m(CompileWorker pid=4003224)[0m compiled for stage:59 name: stage_2_8_acc_grad_1 module id: 1
[2m[36m(CompileWorker pid=4003223)[0m compiled for stage:71 name: stage_3_5_acc_grad_0 module id: 0
[2m[36m(CompileWorker pid=4003222)[0m compiled for stage:45 name: stage_1_11_acc_grad_0 module id: 0
[2m[36m(CompileWorker pid=4003223)[0m compiled for stage:71 name: stage_3_5_acc_grad_1 module id: 1
[2m[36m(CompileWorker pid=4003222)[0m compiled for stage:45 name: stage_1_11_acc_grad_1 module id: 1
[2m[36m(CompileWorker pid=4003218)[0m compiled for stage:72 name: stage_3_6_acc_grad_0 module id: 0
[2m[36m(CompileWorker pid=4003218)[0m compiled for stage:72 name: stage_3_6_acc_grad_1 module id: 1
[2m[36m(CompileWorker pid=4003217)[0m compiled for stage:62 name: stage_2_10_acc_grad_0 module id: 0
[2m[36m(CompileWorker pid=4003217)[0m compiled for stage:62 name: stage_2_10_acc_grad_1 module id: 1
[2m[36m(CompileWorker pid=4003219)[0m compiled for stage:73 name: stage_3_6_acc_grad_0 module id: 0
[2m[36m(CompileWorker pid=4003219)[0m compiled for stage:73 name: stage_3_6_acc_grad_1 module id: 1
[2m[36m(CompileWorker pid=4003221)[0m compiled for stage:61 name: stage_2_9_acc_grad_0 module id: 0
[2m[36m(CompileWorker pid=4003213)[0m compiled for stage:74 name: stage_3_7_acc_grad_0 module id: 0
[2m[36m(CompileWorker pid=4003221)[0m compiled for stage:61 name: stage_2_9_acc_grad_1 module id: 1
[2m[36m(CompileWorker pid=4003213)[0m compiled for stage:74 name: stage_3_7_acc_grad_1 module id: 1
[2m[36m(CompileWorker pid=4003223)[0m compiled for stage:76 name: stage_3_8_acc_grad_0 module id: 0
[2m[36m(CompileWorker pid=4003223)[0m compiled for stage:76 name: stage_3_8_acc_grad_1 module id: 1
[2m[36m(CompileWorker pid=4003214)[0m compiled for stage:63 name: stage_2_10_acc_grad_0 module id: 0
[2m[36m(CompileWorker pid=4003220)[0m compiled for stage:64 name: stage_2_11_acc_grad_0 module id: 0
[2m[36m(CompileWorker pid=4003214)[0m compiled for stage:63 name: stage_2_10_acc_grad_1 module id: 1
[2m[36m(CompileWorker pid=4003220)[0m compiled for stage:64 name: stage_2_11_acc_grad_1 module id: 1
[2m[36m(CompileWorker pid=4003216)[0m compiled for stage:75 name: stage_3_7_acc_grad_0 module id: 0
[2m[36m(CompileWorker pid=4003216)[0m compiled for stage:75 name: stage_3_7_acc_grad_1 module id: 1
[2m[36m(CompileWorker pid=4003223)[0m compiled for stage:84 name: stage_4_4_acc_grad_0 module id: 0
[2m[36m(CompileWorker pid=4003223)[0m compiled for stage:84 name: stage_4_4_acc_grad_1 module id: 1
[2m[36m(CompileWorker pid=4003218)[0m compiled for stage:78 name: stage_3_9_acc_grad_0 module id: 0
[2m[36m(CompileWorker pid=4003214)[0m compiled for stage:85 name: stage_4_4_acc_grad_0 module id: 0
[2m[36m(CompileWorker pid=4003214)[0m compiled for stage:85 name: stage_4_4_acc_grad_1 module id: 1
[2m[36m(CompileWorker pid=4003218)[0m compiled for stage:78 name: stage_3_9_acc_grad_1 module id: 1
[2m[36m(CompileWorker pid=4003224)[0m compiled for stage:77 name: stage_3_8_acc_grad_0 module id: 0
[2m[36m(CompileWorker pid=4003224)[0m compiled for stage:77 name: stage_3_8_acc_grad_1 module id: 1
[2m[36m(CompileWorker pid=4003216)[0m compiled for stage:86 name: stage_4_5_acc_grad_0 module id: 0
[2m[36m(CompileWorker pid=4003216)[0m compiled for stage:86 name: stage_4_5_acc_grad_1 module id: 1
[2m[36m(CompileWorker pid=4003223)[0m compiled for stage:87 name: stage_4_5_acc_grad_0 module id: 0
[2m[36m(CompileWorker pid=4003223)[0m compiled for stage:87 name: stage_4_5_acc_grad_1 module id: 1
[2m[36m(CompileWorker pid=4003220)[0m  tensor (Large latency) dimensions: (1, 2048, 12288, 12288, 1, 1, 1, 1, 1, 1, 0, 0, 'CONV', 1, 1, 0, 0),  latency: 26.58889142857143
[2m[36m(CompileWorker pid=4003214)[0m compiled for stage:88 name: stage_4_6_acc_grad_0 module id: 0
[2m[36m(CompileWorker pid=4003214)[0m compiled for stage:88 name: stage_4_6_acc_grad_1 module id: 1
[2m[36m(CompileWorker pid=4003215)[0m compiled for stage:65 name: stage_2_11_acc_grad_0 module id: 0
[2m[36m(CompileWorker pid=4003215)[0m compiled for stage:65 name: stage_2_11_acc_grad_1 module id: 1
[2m[36m(CompileWorker pid=4003218)[0m compiled for stage:89 name: stage_4_6_acc_grad_0 module id: 0
[2m[36m(CompileWorker pid=4003224)[0m compiled for stage:90 name: stage_4_7_acc_grad_0 module id: 0
[2m[36m(CompileWorker pid=4003218)[0m compiled for stage:89 name: stage_4_6_acc_grad_1 module id: 1
[2m[36m(CompileWorker pid=4003224)[0m compiled for stage:90 name: stage_4_7_acc_grad_1 module id: 1
[2m[36m(CompileWorker pid=4003222)[0m compiled for stage:79 name: stage_3_9_acc_grad_0 module id: 0
[2m[36m(CompileWorker pid=4003222)[0m compiled for stage:79 name: stage_3_9_acc_grad_1 module id: 1
[2m[36m(CompileWorker pid=4003219)[0m compiled for stage:80 name: stage_3_10_acc_grad_0 module id: 0
[2m[36m(CompileWorker pid=4003219)[0m compiled for stage:80 name: stage_3_10_acc_grad_1 module id: 1
[2m[36m(CompileWorker pid=4003216)[0m compiled for stage:91 name: stage_4_7_acc_grad_0 module id: 0
[2m[36m(CompileWorker pid=4003216)[0m compiled for stage:91 name: stage_4_7_acc_grad_1 module id: 1
[2m[36m(CompileWorker pid=4003215)[0m  tensor (Large latency) dimensions: (1, 2048, 12288, 12288, 1, 1, 1, 1, 1, 1, 0, 0, 'CONV', 1, 1, 0, 0),  latency: 26.58889142857143
[2m[36m(CompileWorker pid=4003213)[0m compiled for stage:82 name: stage_3_11_acc_grad_0 module id: 0
[2m[36m(CompileWorker pid=4003213)[0m compiled for stage:82 name: stage_3_11_acc_grad_1 module id: 1
[2m[36m(CompileWorker pid=4003223)[0m compiled for stage:92 name: stage_4_8_acc_grad_0 module id: 0
[2m[36m(CompileWorker pid=4003217)[0m compiled for stage:81 name: stage_3_10_acc_grad_0 module id: 0
[2m[36m(CompileWorker pid=4003223)[0m compiled for stage:92 name: stage_4_8_acc_grad_1 module id: 1
[2m[36m(CompileWorker pid=4003217)[0m compiled for stage:81 name: stage_3_10_acc_grad_1 module id: 1
[2m[36m(CompileWorker pid=4003215)[0m compiled for stage:100 name: stage_5_5_acc_grad_0 module id: 0
[2m[36m(CompileWorker pid=4003215)[0m compiled for stage:100 name: stage_5_5_acc_grad_1 module id: 1
[2m[36m(CompileWorker pid=4003223)[0m compiled for stage:101 name: stage_5_5_acc_grad_0 module id: 0
[2m[36m(CompileWorker pid=4003223)[0m compiled for stage:101 name: stage_5_5_acc_grad_1 module id: 1
[2m[36m(CompileWorker pid=4003214)[0m compiled for stage:94 name: stage_4_9_acc_grad_0 module id: 0
[2m[36m(CompileWorker pid=4003220)[0m compiled for stage:93 name: stage_4_8_acc_grad_0 module id: 0
[2m[36m(CompileWorker pid=4003214)[0m compiled for stage:94 name: stage_4_9_acc_grad_1 module id: 1
[2m[36m(CompileWorker pid=4003220)[0m compiled for stage:93 name: stage_4_8_acc_grad_1 module id: 1
[2m[36m(CompileWorker pid=4003221)[0m compiled for stage:83 name: stage_3_11_acc_grad_0 module id: 0
[2m[36m(CompileWorker pid=4003221)[0m compiled for stage:83 name: stage_3_11_acc_grad_1 module id: 1
[2m[36m(CompileWorker pid=4003215)[0m compiled for stage:102 name: stage_5_6_acc_grad_0 module id: 0
[2m[36m(CompileWorker pid=4003213)[0m  tensor (Large latency) dimensions: (1, 2048, 12288, 12288, 1, 1, 1, 1, 1, 1, 0, 0, 'CONV', 1, 1, 0, 0),  latency: 26.58889142857143
[2m[36m(CompileWorker pid=4003215)[0m compiled for stage:102 name: stage_5_6_acc_grad_1 module id: 1
[2m[36m(CompileWorker pid=4003217)[0m compiled for stage:103 name: stage_5_6_acc_grad_0 module id: 0
[2m[36m(CompileWorker pid=4003217)[0m compiled for stage:103 name: stage_5_6_acc_grad_1 module id: 1
[2m[36m(CompileWorker pid=4003224)[0m compiled for stage:96 name: stage_4_10_acc_grad_0 module id: 0
[2m[36m(CompileWorker pid=4003224)[0m compiled for stage:96 name: stage_4_10_acc_grad_1 module id: 1
[2m[36m(CompileWorker pid=4003223)[0m compiled for stage:104 name: stage_5_7_acc_grad_0 module id: 0
[2m[36m(CompileWorker pid=4003223)[0m compiled for stage:104 name: stage_5_7_acc_grad_1 module id: 1
[2m[36m(CompileWorker pid=4003221)[0m  tensor (Large latency) dimensions: (1, 2048, 12288, 12288, 1, 1, 1, 1, 1, 1, 0, 0, 'CONV', 1, 1, 0, 0),  latency: 26.58889142857143
[2m[36m(CompileWorker pid=4003218)[0m compiled for stage:95 name: stage_4_9_acc_grad_0 module id: 0
[2m[36m(CompileWorker pid=4003220)[0m compiled for stage:105 name: stage_5_7_acc_grad_0 module id: 0
[2m[36m(CompileWorker pid=4003218)[0m compiled for stage:95 name: stage_4_9_acc_grad_1 module id: 1
[2m[36m(CompileWorker pid=4003220)[0m compiled for stage:105 name: stage_5_7_acc_grad_1 module id: 1
[2m[36m(CompileWorker pid=4003214)[0m compiled for stage:106 name: stage_5_8_acc_grad_0 module id: 0
[2m[36m(CompileWorker pid=4003214)[0m compiled for stage:106 name: stage_5_8_acc_grad_1 module id: 1
[2m[36m(CompileWorker pid=4003218)[0m compiled for stage:114 name: stage_6_6_acc_grad_0 module id: 0
[2m[36m(CompileWorker pid=4003218)[0m compiled for stage:114 name: stage_6_6_acc_grad_1 module id: 1
[2m[36m(CompileWorker pid=4003214)[0m compiled for stage:115 name: stage_6_6_acc_grad_0 module id: 0
[2m[36m(CompileWorker pid=4003214)[0m compiled for stage:115 name: stage_6_6_acc_grad_1 module id: 1
[2m[36m(CompileWorker pid=4003213)[0m compiled for stage:107 name: stage_5_8_acc_grad_0 module id: 0
[2m[36m(CompileWorker pid=4003213)[0m compiled for stage:107 name: stage_5_8_acc_grad_1 module id: 1
[2m[36m(CompileWorker pid=4003219)[0m compiled for stage:98 name: stage_4_11_acc_grad_0 module id: 0
[2m[36m(CompileWorker pid=4003219)[0m compiled for stage:98 name: stage_4_11_acc_grad_1 module id: 1
[2m[36m(CompileWorker pid=4003215)[0m compiled for stage:108 name: stage_5_9_acc_grad_0 module id: 0
[2m[36m(CompileWorker pid=4003215)[0m compiled for stage:108 name: stage_5_9_acc_grad_1 module id: 1
[2m[36m(CompileWorker pid=4003222)[0m compiled for stage:97 name: stage_4_10_acc_grad_0 module id: 0
[2m[36m(CompileWorker pid=4003218)[0m compiled for stage:116 name: stage_6_7_acc_grad_0 module id: 0
[2m[36m(CompileWorker pid=4003218)[0m compiled for stage:116 name: stage_6_7_acc_grad_1 module id: 1
[2m[36m(CompileWorker pid=4003214)[0m compiled for stage:117 name: stage_6_7_acc_grad_0 module id: 0
[2m[36m(CompileWorker pid=4003214)[0m compiled for stage:117 name: stage_6_7_acc_grad_1 module id: 1
[2m[36m(CompileWorker pid=4003224)[0m compiled for stage:110 name: stage_5_10_acc_grad_0 module id: 0
[2m[36m(CompileWorker pid=4003217)[0m compiled for stage:109 name: stage_5_9_acc_grad_0 module id: 0
[2m[36m(CompileWorker pid=4003219)[0m  tensor (Large latency) dimensions: (1, 2048, 12288, 12288, 1, 1, 1, 1, 1, 1, 0, 0, 'CONV', 1, 1, 0, 0),  latency: 26.58889142857143
[2m[36m(CompileWorker pid=4003224)[0m compiled for stage:110 name: stage_5_10_acc_grad_1 module id: 1
[2m[36m(CompileWorker pid=4003217)[0m compiled for stage:109 name: stage_5_9_acc_grad_1 module id: 1
[2m[36m(CompileWorker pid=4003213)[0m compiled for stage:118 name: stage_6_8_acc_grad_0 module id: 0
[2m[36m(CompileWorker pid=4003213)[0m compiled for stage:118 name: stage_6_8_acc_grad_1 module id: 1
[2m[36m(CompileWorker pid=4003216)[0m compiled for stage:99 name: stage_4_11_acc_grad_0 module id: 0
[2m[36m(CompileWorker pid=4003216)[0m compiled for stage:99 name: stage_4_11_acc_grad_1 module id: 1
[2m[36m(CompileWorker pid=4003222)[0m  tensor (Large latency) dimensions: (1, 512, 12288, 12288, 1, 1, 1, 1, 1, 1, 0, 0, 'CONV', 1, 1, 0, 0),  latency: 6.647222857142857
[2m[36m(CompileWorker pid=4003222)[0m compiled for stage:97 name: stage_4_10_acc_grad_1 module id: 1
[2m[36m(CompileWorker pid=4003215)[0m compiled for stage:119 name: stage_6_8_acc_grad_0 module id: 0
[2m[36m(CompileWorker pid=4003221)[0m compiled for stage:112 name: stage_5_11_acc_grad_0 module id: 0
[2m[36m(CompileWorker pid=4003215)[0m compiled for stage:119 name: stage_6_8_acc_grad_1 module id: 1
[2m[36m(CompileWorker pid=4003223)[0m compiled for stage:111 name: stage_5_10_acc_grad_0 module id: 0
[2m[36m(CompileWorker pid=4003223)[0m compiled for stage:111 name: stage_5_10_acc_grad_1 module id: 1
[2m[36m(CompileWorker pid=4003218)[0m compiled for stage:120 name: stage_6_9_acc_grad_0 module id: 0
[2m[36m(CompileWorker pid=4003221)[0m compiled for stage:112 name: stage_5_11_acc_grad_1 module id: 1
[2m[36m(CompileWorker pid=4003218)[0m compiled for stage:120 name: stage_6_9_acc_grad_1 module id: 1
[2m[36m(CompileWorker pid=4003215)[0m compiled for stage:126 name: stage_7_7_acc_grad_0 module id: 0
[2m[36m(CompileWorker pid=4003215)[0m compiled for stage:126 name: stage_7_7_acc_grad_1 module id: 1
[2m[36m(CompileWorker pid=4003223)[0m compiled for stage:127 name: stage_7_7_acc_grad_0 module id: 0
[2m[36m(CompileWorker pid=4003223)[0m compiled for stage:127 name: stage_7_7_acc_grad_1 module id: 1
[2m[36m(CompileWorker pid=4003216)[0m  tensor (Large latency) dimensions: (1, 2048, 12288, 12288, 1, 1, 1, 1, 1, 1, 0, 0, 'CONV', 1, 1, 0, 0),  latency: 26.58889142857143
[2m[36m(CompileWorker pid=4003214)[0m compiled for stage:121 name: stage_6_9_acc_grad_0 module id: 0
[2m[36m(CompileWorker pid=4003214)[0m compiled for stage:121 name: stage_6_9_acc_grad_1 module id: 1
[2m[36m(CompileWorker pid=4003221)[0m compiled for stage:128 name: stage_7_8_acc_grad_0 module id: 0
[2m[36m(CompileWorker pid=4003221)[0m compiled for stage:128 name: stage_7_8_acc_grad_1 module id: 1
[2m[36m(CompileWorker pid=4003220)[0m compiled for stage:113 name: stage_5_11_acc_grad_0 module id: 0
[2m[36m(CompileWorker pid=4003220)[0m compiled for stage:113 name: stage_5_11_acc_grad_1 module id: 1
[2m[36m(CompileWorker pid=4003218)[0m compiled for stage:129 name: stage_7_8_acc_grad_0 module id: 0
[2m[36m(CompileWorker pid=4003218)[0m compiled for stage:129 name: stage_7_8_acc_grad_1 module id: 1
[2m[36m(CompileWorker pid=4003219)[0m compiled for stage:122 name: stage_6_10_acc_grad_0 module id: 0
[2m[36m(CompileWorker pid=4003219)[0m compiled for stage:122 name: stage_6_10_acc_grad_1 module id: 1
[2m[36m(CompileWorker pid=4003215)[0m compiled for stage:130 name: stage_7_9_acc_grad_0 module id: 0
[2m[36m(CompileWorker pid=4003213)[0m compiled for stage:124 name: stage_6_11_acc_grad_0 module id: 0
[2m[36m(CompileWorker pid=4003215)[0m compiled for stage:130 name: stage_7_9_acc_grad_1 module id: 1
[2m[36m(CompileWorker pid=4003213)[0m compiled for stage:124 name: stage_6_11_acc_grad_1 module id: 1
[2m[36m(CompileWorker pid=4003218)[0m compiled for stage:136 name: stage_8_8_acc_grad_0 module id: 0
[2m[36m(CompileWorker pid=4003218)[0m compiled for stage:136 name: stage_8_8_acc_grad_1 module id: 1
[2m[36m(CompileWorker pid=4003219)[0m compiled for stage:137 name: stage_8_8_acc_grad_0 module id: 0
[2m[36m(CompileWorker pid=4003219)[0m compiled for stage:137 name: stage_8_8_acc_grad_1 module id: 1
[2m[36m(CompileWorker pid=4003223)[0m compiled for stage:131 name: stage_7_9_acc_grad_0 module id: 0
[2m[36m(CompileWorker pid=4003224)[0m compiled for stage:123 name: stage_6_10_acc_grad_0 module id: 0
[2m[36m(CompileWorker pid=4003223)[0m compiled for stage:131 name: stage_7_9_acc_grad_1 module id: 1
[2m[36m(CompileWorker pid=4003224)[0m compiled for stage:123 name: stage_6_10_acc_grad_1 module id: 1
[2m[36m(CompileWorker pid=4003215)[0m compiled for stage:138 name: stage_8_9_acc_grad_0 module id: 0
[2m[36m(CompileWorker pid=4003215)[0m compiled for stage:138 name: stage_8_9_acc_grad_1 module id: 1
[2m[36m(CompileWorker pid=4003216)[0m compiled for stage:132 name: stage_7_10_acc_grad_0 module id: 0
[2m[36m(CompileWorker pid=4003222)[0m  tensor (Large latency) dimensions: (1, 12288, 12288, 12288, 1, 1, 1, 1, 1, 1, 0, 0, 'CONV', 1, 1, 0, 0),  latency: 159.53334857142858
[2m[36m(CompileWorker pid=4003216)[0m compiled for stage:132 name: stage_7_10_acc_grad_1 module id: 1
[2m[36m(CompileWorker pid=4003213)[0m compiled for stage:139 name: stage_8_9_acc_grad_0 module id: 0
[2m[36m(CompileWorker pid=4003213)[0m compiled for stage:139 name: stage_8_9_acc_grad_1 module id: 1
[2m[36m(CompileWorker pid=4003217)[0m compiled for stage:125 name: stage_6_11_acc_grad_0 module id: 0
[2m[36m(CompileWorker pid=4003218)[0m compiled for stage:140 name: stage_8_10_acc_grad_0 module id: 0
[2m[36m(CompileWorker pid=4003218)[0m compiled for stage:140 name: stage_8_10_acc_grad_1 module id: 1
[2m[36m(CompileWorker pid=4003221)[0m compiled for stage:134 name: stage_7_11_acc_grad_0 module id: 0
[2m[36m(CompileWorker pid=4003215)[0m compiled for stage:144 name: stage_9_9_acc_grad_0 module id: 0
[2m[36m(CompileWorker pid=4003217)[0m compiled for stage:125 name: stage_6_11_acc_grad_1 module id: 1
[2m[36m(CompileWorker pid=4003221)[0m compiled for stage:134 name: stage_7_11_acc_grad_1 module id: 1
[2m[36m(CompileWorker pid=4003215)[0m compiled for stage:144 name: stage_9_9_acc_grad_1 module id: 1
[2m[36m(CompileWorker pid=4003222)[0m compiled for stage:145 name: stage_9_9_acc_grad_0 module id: 0
[2m[36m(CompileWorker pid=4003222)[0m compiled for stage:145 name: stage_9_9_acc_grad_1 module id: 1
[2m[36m(CompileWorker pid=4003214)[0m compiled for stage:133 name: stage_7_10_acc_grad_0 module id: 0
[2m[36m(CompileWorker pid=4003214)[0m compiled for stage:133 name: stage_7_10_acc_grad_1 module id: 1
[2m[36m(CompileWorker pid=4003221)[0m compiled for stage:150 name: stage_10_10_acc_grad_0 module id: 0
[2m[36m(CompileWorker pid=4003219)[0m compiled for stage:141 name: stage_8_10_acc_grad_0 module id: 0
[2m[36m(CompileWorker pid=4003221)[0m compiled for stage:150 name: stage_10_10_acc_grad_1 module id: 1
[2m[36m(CompileWorker pid=4003219)[0m compiled for stage:141 name: stage_8_10_acc_grad_1 module id: 1
[2m[36m(CompileWorker pid=4003216)[0m compiled for stage:146 name: stage_9_10_acc_grad_0 module id: 0
[2m[36m(CompileWorker pid=4003222)[0m compiled for stage:151 name: stage_10_10_acc_grad_0 module id: 0
[2m[36m(CompileWorker pid=4003216)[0m compiled for stage:146 name: stage_9_10_acc_grad_1 module id: 1
[2m[36m(CompileWorker pid=4003223)[0m compiled for stage:142 name: stage_8_11_acc_grad_0 module id: 0
[2m[36m(CompileWorker pid=4003223)[0m compiled for stage:142 name: stage_8_11_acc_grad_1 module id: 1
[2m[36m(CompileWorker pid=4003222)[0m compiled for stage:151 name: stage_10_10_acc_grad_1 module id: 1
[2m[36m(CompileWorker pid=4003213)[0m compiled for stage:147 name: stage_9_10_acc_grad_0 module id: 0
[2m[36m(CompileWorker pid=4003213)[0m compiled for stage:147 name: stage_9_10_acc_grad_1 module id: 1
[2m[36m(CompileWorker pid=4003219)[0m compiled for stage:154 name: stage_11_11_acc_grad_0 module id: 0
[2m[36m(CompileWorker pid=4003219)[0m compiled for stage:154 name: stage_11_11_acc_grad_1 module id: 1
[2m[36m(CompileWorker pid=4003222)[0m compiled for stage:155 name: stage_11_11_acc_grad_0 module id: 0
[2m[36m(CompileWorker pid=4003214)[0m compiled for stage:152 name: stage_10_11_acc_grad_0 module id: 0
[2m[36m(CompileWorker pid=4003222)[0m compiled for stage:155 name: stage_11_11_acc_grad_1 module id: 1
[2m[36m(CompileWorker pid=4003214)[0m compiled for stage:152 name: stage_10_11_acc_grad_1 module id: 1
[2m[36m(CompileWorker pid=4003215)[0m compiled for stage:148 name: stage_9_11_acc_grad_0 module id: 0
[2m[36m(CompileWorker pid=4003220)[0m compiled for stage:135 name: stage_7_11_acc_grad_0 module id: 0
[2m[36m(CompileWorker pid=4003215)[0m compiled for stage:148 name: stage_9_11_acc_grad_1 module id: 1
[2m[36m(CompileWorker pid=4003220)[0m compiled for stage:135 name: stage_7_11_acc_grad_1 module id: 1
[2m[36m(CompileWorker pid=4003217)[0m  tensor (Large latency) dimensions: (1, 2048, 12288, 12288, 1, 1, 1, 1, 1, 1, 0, 0, 'CONV', 1, 1, 0, 0),  latency: 26.58889142857143
[2m[36m(CompileWorker pid=4003218)[0m compiled for stage:149 name: stage_9_11_acc_grad_0 module id: 0
[2m[36m(CompileWorker pid=4003218)[0m compiled for stage:149 name: stage_9_11_acc_grad_1 module id: 1
[2m[36m(CompileWorker pid=4003224)[0m compiled for stage:143 name: stage_8_11_acc_grad_0 module id: 0
[2m[36m(CompileWorker pid=4003221)[0m compiled for stage:153 name: stage_10_11_acc_grad_0 module id: 0
[2m[36m(CompileWorker pid=4003221)[0m compiled for stage:153 name: stage_10_11_acc_grad_1 module id: 1
[2m[36m(CompileWorker pid=4003224)[0m compiled for stage:143 name: stage_8_11_acc_grad_1 module id: 1
[2m[36m(CompileWorker pid=4003223)[0m  tensor (Large latency) dimensions: (1, 2048, 12288, 12288, 1, 1, 1, 1, 1, 1, 0, 0, 'CONV', 1, 1, 0, 0),  latency: 26.58889142857143
[2m[36m(CompileWorker pid=4003224)[0m  tensor (Large latency) dimensions: (1, 2048, 12288, 12288, 1, 1, 1, 1, 1, 1, 0, 0, 'CONV', 1, 1, 0, 0),  latency: 26.58889142857143
- parse estimation results for all stages
Using pre computed peak Mem for (0, 0, 2, 0), module 0
result[(0, 0, 2, 0), 0] = ModuleProfileResult(compute_cost=338.278, peak_memory=3.400 GB, invar_size=2.006 GB, outvar_size=2.382 GB, temp_buffer_size=-0.988 GB, available_memory=64.000 GB, comm_cost=0.468)
Using pre computed peak Mem for (0, 0, 2, 0), module 1
result[(0, 0, 2, 0), 1] = ModuleProfileResult(compute_cost=548.930, peak_memory=3.900 GB, invar_size=4.388 GB, outvar_size=2.006 GB, temp_buffer_size=-0.488 GB, available_memory=64.000 GB, comm_cost=0.310)
Using pre computed peak Mem for (0, 0, 2, 1), module 0
result[(0, 0, 2, 1), 0] = ModuleProfileResult(compute_cost=338.278, peak_memory=3.400 GB, invar_size=2.006 GB, outvar_size=2.417 GB, temp_buffer_size=-1.023 GB, available_memory=64.000 GB, comm_cost=0.468)
result[(0, 0, 2, 1), 1] = ModuleProfileResult(compute_cost=548.729, peak_memory=5.677 GB, invar_size=4.423 GB, outvar_size=2.006 GB, temp_buffer_size=1.254 GB, available_memory=64.000 GB, comm_cost=0.111)
Using pre computed peak Mem for (0, 1, 2, 0), module 0
result[(0, 1, 2, 0), 0] = ModuleProfileResult(compute_cost=675.570, peak_memory=6.800 GB, invar_size=2.850 GB, outvar_size=4.679 GB, temp_buffer_size=-0.729 GB, available_memory=64.000 GB, comm_cost=0.711)
Using pre computed peak Mem for (0, 1, 2, 0), module 1
result[(0, 1, 2, 0), 1] = ModuleProfileResult(compute_cost=1089.137, peak_memory=7.800 GB, invar_size=7.529 GB, outvar_size=2.850 GB, temp_buffer_size=0.271 GB, available_memory=64.000 GB, comm_cost=0.584)
Using pre computed peak Mem for (0, 1, 2, 1), module 0
result[(0, 1, 2, 1), 0] = ModuleProfileResult(compute_cost=675.570, peak_memory=6.800 GB, invar_size=2.850 GB, outvar_size=4.820 GB, temp_buffer_size=-0.870 GB, available_memory=64.000 GB, comm_cost=0.711)
Using pre computed peak Mem for (0, 1, 2, 1), module 1
result[(0, 1, 2, 1), 1] = ModuleProfileResult(compute_cost=1088.935, peak_memory=7.800 GB, invar_size=7.670 GB, outvar_size=2.850 GB, temp_buffer_size=0.130 GB, available_memory=64.000 GB, comm_cost=0.385)
Using pre computed peak Mem for (0, 2, 2, 0), module 0
result[(0, 2, 2, 0), 0] = ModuleProfileResult(compute_cost=1292.085, peak_memory=10.200 GB, invar_size=3.975 GB, outvar_size=7.996 GB, temp_buffer_size=-1.772 GB, available_memory=64.000 GB, comm_cost=1.177)
Using pre computed peak Mem for (0, 2, 2, 0), module 1
result[(0, 2, 2, 0), 1] = ModuleProfileResult(compute_cost=1793.445, peak_memory=11.700 GB, invar_size=11.972 GB, outvar_size=3.975 GB, temp_buffer_size=-0.272 GB, available_memory=64.000 GB, comm_cost=1.111)
Using pre computed peak Mem for (0, 2, 2, 1), module 0
result[(0, 2, 2, 1), 0] = ModuleProfileResult(compute_cost=1292.085, peak_memory=10.200 GB, invar_size=3.975 GB, outvar_size=8.032 GB, temp_buffer_size=-1.807 GB, available_memory=64.000 GB, comm_cost=1.177)
Using pre computed peak Mem for (0, 2, 2, 1), module 1
result[(0, 2, 2, 1), 1] = ModuleProfileResult(compute_cost=1793.242, peak_memory=11.700 GB, invar_size=12.007 GB, outvar_size=3.975 GB, temp_buffer_size=-0.307 GB, available_memory=64.000 GB, comm_cost=0.913)
Using pre computed peak Mem for (0, 3, 2, 0), module 0
result[(0, 3, 2, 0), 0] = ModuleProfileResult(compute_cost=1629.189, peak_memory=13.600 GB, invar_size=4.819 GB, outvar_size=10.270 GB, temp_buffer_size=-1.490 GB, available_memory=64.000 GB, comm_cost=1.421)
Using pre computed peak Mem for (0, 3, 2, 0), module 1
result[(0, 3, 2, 0), 1] = ModuleProfileResult(compute_cost=2333.370, peak_memory=15.600 GB, invar_size=15.090 GB, outvar_size=4.819 GB, temp_buffer_size=0.510 GB, available_memory=64.000 GB, comm_cost=1.384)
Using pre computed peak Mem for (0, 3, 2, 1), module 0
result[(0, 3, 2, 1), 0] = ModuleProfileResult(compute_cost=1629.189, peak_memory=13.600 GB, invar_size=4.819 GB, outvar_size=10.305 GB, temp_buffer_size=-1.525 GB, available_memory=64.000 GB, comm_cost=1.421)
Using pre computed peak Mem for (0, 3, 2, 1), module 1
result[(0, 3, 2, 1), 1] = ModuleProfileResult(compute_cost=2332.767, peak_memory=15.600 GB, invar_size=15.125 GB, outvar_size=4.819 GB, temp_buffer_size=0.475 GB, available_memory=64.000 GB, comm_cost=0.786)
Using pre computed peak Mem for (0, 4, 2, 0), module 0
result[(0, 4, 2, 0), 0] = ModuleProfileResult(compute_cost=1966.293, peak_memory=17.000 GB, invar_size=5.663 GB, outvar_size=12.403 GB, temp_buffer_size=-1.067 GB, available_memory=64.000 GB, comm_cost=1.664)
Using pre computed peak Mem for (0, 4, 2, 0), module 1
result[(0, 4, 2, 0), 1] = ModuleProfileResult(compute_cost=2873.296, peak_memory=19.500 GB, invar_size=18.067 GB, outvar_size=5.663 GB, temp_buffer_size=1.433 GB, available_memory=64.000 GB, comm_cost=1.658)
Using pre computed peak Mem for (0, 4, 2, 1), module 0
result[(0, 4, 2, 1), 0] = ModuleProfileResult(compute_cost=1966.293, peak_memory=17.000 GB, invar_size=5.663 GB, outvar_size=12.579 GB, temp_buffer_size=-1.242 GB, available_memory=64.000 GB, comm_cost=1.664)
Using pre computed peak Mem for (0, 4, 2, 1), module 1
result[(0, 4, 2, 1), 1] = ModuleProfileResult(compute_cost=2872.692, peak_memory=19.500 GB, invar_size=18.242 GB, outvar_size=5.663 GB, temp_buffer_size=1.258 GB, available_memory=64.000 GB, comm_cost=1.060)
Using pre computed peak Mem for (0, 5, 2, 0), module 0
result[(0, 5, 2, 0), 0] = ModuleProfileResult(compute_cost=2303.404, peak_memory=20.400 GB, invar_size=6.507 GB, outvar_size=14.572 GB, temp_buffer_size=-0.679 GB, available_memory=64.000 GB, comm_cost=1.910)
Using pre computed peak Mem for (0, 5, 2, 0), module 1
result[(0, 5, 2, 0), 1] = ModuleProfileResult(compute_cost=3413.221, peak_memory=23.400 GB, invar_size=21.079 GB, outvar_size=6.507 GB, temp_buffer_size=2.321 GB, available_memory=64.000 GB, comm_cost=1.932)
Using pre computed peak Mem for (0, 5, 2, 1), module 0
result[(0, 5, 2, 1), 0] = ModuleProfileResult(compute_cost=2303.398, peak_memory=20.400 GB, invar_size=6.507 GB, outvar_size=14.783 GB, temp_buffer_size=-0.890 GB, available_memory=64.000 GB, comm_cost=1.908)
Using pre computed peak Mem for (0, 5, 2, 1), module 1
result[(0, 5, 2, 1), 1] = ModuleProfileResult(compute_cost=3412.818, peak_memory=23.400 GB, invar_size=21.290 GB, outvar_size=6.507 GB, temp_buffer_size=2.110 GB, available_memory=64.000 GB, comm_cost=1.534)
Using pre computed peak Mem for (0, 6, 2, 0), module 0
result[(0, 6, 2, 0), 0] = ModuleProfileResult(compute_cost=2640.502, peak_memory=23.800 GB, invar_size=7.351 GB, outvar_size=16.810 GB, temp_buffer_size=-0.362 GB, available_memory=64.000 GB, comm_cost=2.151)
Using pre computed peak Mem for (0, 6, 2, 0), module 1
result[(0, 6, 2, 0), 1] = ModuleProfileResult(compute_cost=3953.147, peak_memory=27.300 GB, invar_size=24.162 GB, outvar_size=7.351 GB, temp_buffer_size=3.138 GB, available_memory=64.000 GB, comm_cost=2.205)
Using pre computed peak Mem for (0, 6, 2, 1), module 0
result[(0, 6, 2, 1), 0] = ModuleProfileResult(compute_cost=2640.507, peak_memory=23.800 GB, invar_size=7.351 GB, outvar_size=16.986 GB, temp_buffer_size=-0.537 GB, available_memory=64.000 GB, comm_cost=2.160)
Using pre computed peak Mem for (0, 6, 2, 1), module 1
result[(0, 6, 2, 1), 1] = ModuleProfileResult(compute_cost=3952.745, peak_memory=27.300 GB, invar_size=24.337 GB, outvar_size=7.351 GB, temp_buffer_size=2.963 GB, available_memory=64.000 GB, comm_cost=1.813)
Using pre computed peak Mem for (0, 7, 2, 0), module 0
result[(0, 7, 2, 0), 0] = ModuleProfileResult(compute_cost=2977.606, peak_memory=27.200 GB, invar_size=8.195 GB, outvar_size=18.979 GB, temp_buffer_size=0.026 GB, available_memory=64.000 GB, comm_cost=2.394)
Using pre computed peak Mem for (0, 7, 2, 0), module 1
result[(0, 7, 2, 0), 1] = ModuleProfileResult(compute_cost=4493.072, peak_memory=31.200 GB, invar_size=27.174 GB, outvar_size=8.195 GB, temp_buffer_size=4.026 GB, available_memory=64.000 GB, comm_cost=2.479)
Using pre computed peak Mem for (0, 7, 2, 1), module 0
result[(0, 7, 2, 1), 0] = ModuleProfileResult(compute_cost=2977.613, peak_memory=27.200 GB, invar_size=8.195 GB, outvar_size=19.365 GB, temp_buffer_size=-0.361 GB, available_memory=64.000 GB, comm_cost=2.402)
Using pre computed peak Mem for (0, 7, 2, 1), module 1
result[(0, 7, 2, 1), 1] = ModuleProfileResult(compute_cost=4492.271, peak_memory=31.200 GB, invar_size=27.561 GB, outvar_size=8.195 GB, temp_buffer_size=3.639 GB, available_memory=64.000 GB, comm_cost=1.690)
Using pre computed peak Mem for (0, 8, 2, 0), module 0
result[(0, 8, 2, 0), 0] = ModuleProfileResult(compute_cost=3314.710, peak_memory=30.600 GB, invar_size=9.039 GB, outvar_size=21.323 GB, temp_buffer_size=0.238 GB, available_memory=64.000 GB, comm_cost=2.638)
Using pre computed peak Mem for (0, 8, 2, 0), module 1
result[(0, 8, 2, 0), 1] = ModuleProfileResult(compute_cost=5032.998, peak_memory=35.100 GB, invar_size=30.362 GB, outvar_size=9.039 GB, temp_buffer_size=4.738 GB, available_memory=64.000 GB, comm_cost=2.753)
Using pre computed peak Mem for (0, 8, 2, 1), module 0
result[(0, 8, 2, 1), 0] = ModuleProfileResult(compute_cost=3314.715, peak_memory=30.600 GB, invar_size=9.039 GB, outvar_size=21.604 GB, temp_buffer_size=-0.043 GB, available_memory=64.000 GB, comm_cost=2.643)
Using pre computed peak Mem for (0, 8, 2, 1), module 1
result[(0, 8, 2, 1), 1] = ModuleProfileResult(compute_cost=5032.393, peak_memory=35.100 GB, invar_size=30.643 GB, outvar_size=9.039 GB, temp_buffer_size=4.457 GB, available_memory=64.000 GB, comm_cost=2.160)
Using pre computed peak Mem for (0, 9, 2, 0), module 0
result[(0, 9, 2, 0), 0] = ModuleProfileResult(compute_cost=3651.814, peak_memory=34.000 GB, invar_size=9.883 GB, outvar_size=23.596 GB, temp_buffer_size=0.520 GB, available_memory=64.000 GB, comm_cost=2.881)
Using pre computed peak Mem for (0, 9, 2, 0), module 1
result[(0, 9, 2, 0), 1] = ModuleProfileResult(compute_cost=5572.923, peak_memory=39.000 GB, invar_size=33.480 GB, outvar_size=9.883 GB, temp_buffer_size=5.520 GB, available_memory=64.000 GB, comm_cost=3.026)
Using pre computed peak Mem for (0, 9, 2, 1), module 0
result[(0, 9, 2, 1), 0] = ModuleProfileResult(compute_cost=2925.274, peak_memory=34.000 GB, invar_size=12.414 GB, outvar_size=26.233 GB, temp_buffer_size=-4.648 GB, available_memory=64.000 GB, comm_cost=2.106)
Using pre computed peak Mem for (0, 9, 2, 1), module 1
result[(0, 9, 2, 1), 1] = ModuleProfileResult(compute_cost=11018.268, peak_memory=39.000 GB, invar_size=38.648 GB, outvar_size=12.414 GB, temp_buffer_size=0.352 GB, available_memory=64.000 GB, comm_cost=3.461)
Using pre computed peak Mem for (0, 10, 2, 0), module 0
result[(0, 10, 2, 0), 0] = ModuleProfileResult(compute_cost=3988.918, peak_memory=37.400 GB, invar_size=10.727 GB, outvar_size=25.870 GB, temp_buffer_size=0.803 GB, available_memory=64.000 GB, comm_cost=3.125)
Using pre computed peak Mem for (0, 10, 2, 0), module 1
result[(0, 10, 2, 0), 1] = ModuleProfileResult(compute_cost=6112.873, peak_memory=42.900 GB, invar_size=36.597 GB, outvar_size=10.727 GB, temp_buffer_size=6.303 GB, available_memory=64.000 GB, comm_cost=3.330)
Using pre computed peak Mem for (0, 10, 2, 1), module 0
result[(0, 10, 2, 1), 0] = ModuleProfileResult(compute_cost=3968.821, peak_memory=37.400 GB, invar_size=10.938 GB, outvar_size=26.679 GB, temp_buffer_size=-0.217 GB, available_memory=64.000 GB, comm_cost=3.109)
Using pre computed peak Mem for (0, 10, 2, 1), module 1
result[(0, 10, 2, 1), 1] = ModuleProfileResult(compute_cost=6236.393, peak_memory=42.900 GB, invar_size=37.687 GB, outvar_size=10.938 GB, temp_buffer_size=5.213 GB, available_memory=64.000 GB, comm_cost=1.736)
Using pre computed peak Mem for (0, 11, 2, 0), module 0
result[(0, 11, 2, 0), 0] = ModuleProfileResult(compute_cost=4046.986, peak_memory=40.800 GB, invar_size=11.290 GB, outvar_size=28.392 GB, temp_buffer_size=1.118 GB, available_memory=64.000 GB, comm_cost=3.146)
Using pre computed peak Mem for (0, 11, 2, 0), module 1
result[(0, 11, 2, 0), 1] = ModuleProfileResult(compute_cost=6517.752, peak_memory=46.800 GB, invar_size=40.832 GB, outvar_size=12.440 GB, temp_buffer_size=5.968 GB, available_memory=64.000 GB, comm_cost=3.328)
Using pre computed peak Mem for (0, 11, 2, 1), module 0
result[(0, 11, 2, 1), 0] = ModuleProfileResult(compute_cost=4046.986, peak_memory=40.800 GB, invar_size=11.290 GB, outvar_size=28.814 GB, temp_buffer_size=0.697 GB, available_memory=64.000 GB, comm_cost=3.146)
Using pre computed peak Mem for (0, 11, 2, 1), module 1
result[(0, 11, 2, 1), 1] = ModuleProfileResult(compute_cost=6516.134, peak_memory=46.800 GB, invar_size=41.254 GB, outvar_size=12.440 GB, temp_buffer_size=5.546 GB, available_memory=64.000 GB, comm_cost=1.729)
Using pre computed peak Mem for (1, 1, 2, 0), module 0
result[(1, 1, 2, 0), 0] = ModuleProfileResult(compute_cost=337.323, peak_memory=3.400 GB, invar_size=0.938 GB, outvar_size=2.426 GB, temp_buffer_size=0.036 GB, available_memory=64.000 GB, comm_cost=0.243)
Using pre computed peak Mem for (1, 1, 2, 0), module 1
result[(1, 1, 2, 0), 1] = ModuleProfileResult(compute_cost=540.206, peak_memory=3.900 GB, invar_size=3.270 GB, outvar_size=0.938 GB, temp_buffer_size=0.536 GB, available_memory=64.000 GB, comm_cost=0.274)
Using pre computed peak Mem for (1, 1, 2, 1), module 0
result[(1, 1, 2, 1), 0] = ModuleProfileResult(compute_cost=337.323, peak_memory=3.400 GB, invar_size=0.938 GB, outvar_size=2.461 GB, temp_buffer_size=0.001 GB, available_memory=64.000 GB, comm_cost=0.243)
result[(1, 1, 2, 1), 1] = ModuleProfileResult(compute_cost=540.005, peak_memory=4.161 GB, invar_size=3.305 GB, outvar_size=0.938 GB, temp_buffer_size=0.762 GB, available_memory=64.000 GB, comm_cost=0.075)
Using pre computed peak Mem for (1, 2, 2, 0), module 0
result[(1, 2, 2, 0), 0] = ModuleProfileResult(compute_cost=953.838, peak_memory=6.800 GB, invar_size=2.063 GB, outvar_size=5.673 GB, temp_buffer_size=-0.936 GB, available_memory=64.000 GB, comm_cost=0.709)
Using pre computed peak Mem for (1, 2, 2, 0), module 1
result[(1, 2, 2, 0), 1] = ModuleProfileResult(compute_cost=1244.515, peak_memory=7.800 GB, invar_size=7.642 GB, outvar_size=2.063 GB, temp_buffer_size=0.064 GB, available_memory=64.000 GB, comm_cost=0.800)
Using pre computed peak Mem for (1, 2, 2, 1), module 0
result[(1, 2, 2, 1), 0] = ModuleProfileResult(compute_cost=953.838, peak_memory=6.800 GB, invar_size=2.063 GB, outvar_size=5.778 GB, temp_buffer_size=-1.041 GB, available_memory=64.000 GB, comm_cost=0.709)
Using pre computed peak Mem for (1, 2, 2, 1), module 1
result[(1, 2, 2, 1), 1] = ModuleProfileResult(compute_cost=1244.112, peak_memory=7.800 GB, invar_size=7.748 GB, outvar_size=2.063 GB, temp_buffer_size=-0.041 GB, available_memory=64.000 GB, comm_cost=0.402)
Using pre computed peak Mem for (1, 3, 2, 0), module 0
result[(1, 3, 2, 0), 0] = ModuleProfileResult(compute_cost=1290.942, peak_memory=10.200 GB, invar_size=2.907 GB, outvar_size=7.911 GB, temp_buffer_size=-0.619 GB, available_memory=64.000 GB, comm_cost=0.953)
Using pre computed peak Mem for (1, 3, 2, 0), module 1
result[(1, 3, 2, 0), 1] = ModuleProfileResult(compute_cost=1784.440, peak_memory=11.700 GB, invar_size=10.725 GB, outvar_size=2.907 GB, temp_buffer_size=0.882 GB, available_memory=64.000 GB, comm_cost=1.074)
Using pre computed peak Mem for (1, 3, 2, 1), module 0
result[(1, 3, 2, 1), 0] = ModuleProfileResult(compute_cost=1290.942, peak_memory=10.200 GB, invar_size=2.907 GB, outvar_size=7.982 GB, temp_buffer_size=-0.689 GB, available_memory=64.000 GB, comm_cost=0.953)
Using pre computed peak Mem for (1, 3, 2, 1), module 1
result[(1, 3, 2, 1), 1] = ModuleProfileResult(compute_cost=1784.239, peak_memory=11.700 GB, invar_size=10.795 GB, outvar_size=2.907 GB, temp_buffer_size=0.811 GB, available_memory=64.000 GB, comm_cost=0.874)
Using pre computed peak Mem for (1, 4, 2, 0), module 0
result[(1, 4, 2, 0), 0] = ModuleProfileResult(compute_cost=1628.046, peak_memory=13.600 GB, invar_size=3.751 GB, outvar_size=10.185 GB, temp_buffer_size=-0.336 GB, available_memory=64.000 GB, comm_cost=1.196)
Using pre computed peak Mem for (1, 4, 2, 0), module 1
result[(1, 4, 2, 0), 1] = ModuleProfileResult(compute_cost=2324.366, peak_memory=15.600 GB, invar_size=13.842 GB, outvar_size=3.751 GB, temp_buffer_size=1.664 GB, available_memory=64.000 GB, comm_cost=1.348)
Using pre computed peak Mem for (1, 4, 2, 1), module 0
result[(1, 4, 2, 1), 0] = ModuleProfileResult(compute_cost=1628.046, peak_memory=13.600 GB, invar_size=3.751 GB, outvar_size=10.080 GB, temp_buffer_size=-0.231 GB, available_memory=64.000 GB, comm_cost=1.196)
Using pre computed peak Mem for (1, 4, 2, 1), module 1
result[(1, 4, 2, 1), 1] = ModuleProfileResult(compute_cost=2324.163, peak_memory=15.600 GB, invar_size=13.737 GB, outvar_size=3.751 GB, temp_buffer_size=1.769 GB, available_memory=64.000 GB, comm_cost=1.150)
Using pre computed peak Mem for (1, 5, 2, 0), module 0
result[(1, 5, 2, 0), 0] = ModuleProfileResult(compute_cost=1965.150, peak_memory=17.000 GB, invar_size=4.595 GB, outvar_size=12.494 GB, temp_buffer_size=-0.089 GB, available_memory=64.000 GB, comm_cost=1.440)
Using pre computed peak Mem for (1, 5, 2, 0), module 1
result[(1, 5, 2, 0), 1] = ModuleProfileResult(compute_cost=2864.291, peak_memory=19.500 GB, invar_size=16.995 GB, outvar_size=4.595 GB, temp_buffer_size=2.411 GB, available_memory=64.000 GB, comm_cost=1.621)
Using pre computed peak Mem for (1, 5, 2, 1), module 0
result[(1, 5, 2, 1), 0] = ModuleProfileResult(compute_cost=1965.150, peak_memory=17.000 GB, invar_size=4.595 GB, outvar_size=12.389 GB, temp_buffer_size=0.016 GB, available_memory=64.000 GB, comm_cost=1.440)
Using pre computed peak Mem for (1, 5, 2, 1), module 1
result[(1, 5, 2, 1), 1] = ModuleProfileResult(compute_cost=2864.089, peak_memory=19.500 GB, invar_size=16.890 GB, outvar_size=4.595 GB, temp_buffer_size=2.516 GB, available_memory=64.000 GB, comm_cost=1.423)
Using pre computed peak Mem for (1, 6, 2, 0), module 0
result[(1, 6, 2, 0), 0] = ModuleProfileResult(compute_cost=2302.255, peak_memory=20.400 GB, invar_size=5.439 GB, outvar_size=14.768 GB, temp_buffer_size=0.193 GB, available_memory=64.000 GB, comm_cost=1.683)
Using pre computed peak Mem for (1, 6, 2, 0), module 1
result[(1, 6, 2, 0), 1] = ModuleProfileResult(compute_cost=3404.217, peak_memory=23.400 GB, invar_size=20.113 GB, outvar_size=5.439 GB, temp_buffer_size=3.193 GB, available_memory=64.000 GB, comm_cost=1.895)
Using pre computed peak Mem for (1, 6, 2, 1), module 0
result[(1, 6, 2, 1), 0] = ModuleProfileResult(compute_cost=2302.255, peak_memory=20.400 GB, invar_size=5.439 GB, outvar_size=14.944 GB, temp_buffer_size=0.017 GB, available_memory=64.000 GB, comm_cost=1.683)
Using pre computed peak Mem for (1, 6, 2, 1), module 1
result[(1, 6, 2, 1), 1] = ModuleProfileResult(compute_cost=3403.411, peak_memory=23.400 GB, invar_size=20.289 GB, outvar_size=5.439 GB, temp_buffer_size=3.017 GB, available_memory=64.000 GB, comm_cost=1.099)
Using pre computed peak Mem for (1, 7, 2, 0), module 0
result[(1, 7, 2, 0), 0] = ModuleProfileResult(compute_cost=2639.359, peak_memory=23.800 GB, invar_size=6.283 GB, outvar_size=16.866 GB, temp_buffer_size=0.651 GB, available_memory=64.000 GB, comm_cost=1.927)
Using pre computed peak Mem for (1, 7, 2, 0), module 1
result[(1, 7, 2, 0), 1] = ModuleProfileResult(compute_cost=3944.142, peak_memory=27.300 GB, invar_size=23.055 GB, outvar_size=6.283 GB, temp_buffer_size=4.151 GB, available_memory=64.000 GB, comm_cost=2.169)
Using pre computed peak Mem for (1, 7, 2, 1), module 0
result[(1, 7, 2, 1), 0] = ModuleProfileResult(compute_cost=2639.359, peak_memory=23.800 GB, invar_size=6.283 GB, outvar_size=17.253 GB, temp_buffer_size=0.264 GB, available_memory=64.000 GB, comm_cost=1.927)
Using pre computed peak Mem for (1, 7, 2, 1), module 1
result[(1, 7, 2, 1), 1] = ModuleProfileResult(compute_cost=3942.733, peak_memory=27.300 GB, invar_size=23.442 GB, outvar_size=6.283 GB, temp_buffer_size=3.764 GB, available_memory=64.000 GB, comm_cost=0.775)
Using pre computed peak Mem for (1, 8, 2, 0), module 0
result[(1, 8, 2, 0), 0] = ModuleProfileResult(compute_cost=2976.463, peak_memory=27.200 GB, invar_size=7.127 GB, outvar_size=19.105 GB, temp_buffer_size=0.969 GB, available_memory=64.000 GB, comm_cost=2.170)
Using pre computed peak Mem for (1, 8, 2, 0), module 1
result[(1, 8, 2, 0), 1] = ModuleProfileResult(compute_cost=4484.067, peak_memory=31.200 GB, invar_size=26.138 GB, outvar_size=7.127 GB, temp_buffer_size=4.969 GB, available_memory=64.000 GB, comm_cost=2.442)
Using pre computed peak Mem for (1, 8, 2, 1), module 0
result[(1, 8, 2, 1), 0] = ModuleProfileResult(compute_cost=2976.463, peak_memory=27.200 GB, invar_size=7.127 GB, outvar_size=19.175 GB, temp_buffer_size=0.898 GB, available_memory=64.000 GB, comm_cost=2.170)
Using pre computed peak Mem for (1, 8, 2, 1), module 1
result[(1, 8, 2, 1), 1] = ModuleProfileResult(compute_cost=4483.664, peak_memory=31.200 GB, invar_size=26.208 GB, outvar_size=7.127 GB, temp_buffer_size=4.898 GB, available_memory=64.000 GB, comm_cost=2.045)
Using pre computed peak Mem for (1, 9, 2, 0), module 0
result[(1, 9, 2, 0), 0] = ModuleProfileResult(compute_cost=3313.567, peak_memory=30.600 GB, invar_size=7.971 GB, outvar_size=21.484 GB, temp_buffer_size=1.145 GB, available_memory=64.000 GB, comm_cost=2.414)
Using pre computed peak Mem for (1, 9, 2, 0), module 1
result[(1, 9, 2, 0), 1] = ModuleProfileResult(compute_cost=5023.993, peak_memory=35.100 GB, invar_size=29.361 GB, outvar_size=7.971 GB, temp_buffer_size=5.645 GB, available_memory=64.000 GB, comm_cost=2.716)
Using pre computed peak Mem for (1, 9, 2, 1), module 0
result[(1, 9, 2, 1), 0] = ModuleProfileResult(compute_cost=3313.567, peak_memory=30.600 GB, invar_size=7.971 GB, outvar_size=21.554 GB, temp_buffer_size=1.075 GB, available_memory=64.000 GB, comm_cost=2.414)
Using pre computed peak Mem for (1, 9, 2, 1), module 1
result[(1, 9, 2, 1), 1] = ModuleProfileResult(compute_cost=5022.985, peak_memory=35.100 GB, invar_size=29.431 GB, outvar_size=7.971 GB, temp_buffer_size=5.575 GB, available_memory=64.000 GB, comm_cost=1.722)
Using pre computed peak Mem for (1, 10, 2, 0), module 0
result[(1, 10, 2, 0), 0] = ModuleProfileResult(compute_cost=3650.671, peak_memory=34.000 GB, invar_size=8.815 GB, outvar_size=23.617 GB, temp_buffer_size=1.568 GB, available_memory=64.000 GB, comm_cost=2.657)
Using pre computed peak Mem for (1, 10, 2, 0), module 1
result[(1, 10, 2, 0), 1] = ModuleProfileResult(compute_cost=5563.918, peak_memory=39.000 GB, invar_size=32.338 GB, outvar_size=8.815 GB, temp_buffer_size=6.568 GB, available_memory=64.000 GB, comm_cost=2.990)
Using pre computed peak Mem for (1, 10, 2, 1), module 0
result[(1, 10, 2, 1), 0] = ModuleProfileResult(compute_cost=3650.671, peak_memory=34.000 GB, invar_size=8.815 GB, outvar_size=23.547 GB, temp_buffer_size=1.638 GB, available_memory=64.000 GB, comm_cost=2.657)
Using pre computed peak Mem for (1, 10, 2, 1), module 1
result[(1, 10, 2, 1), 1] = ModuleProfileResult(compute_cost=5563.916, peak_memory=39.000 GB, invar_size=32.268 GB, outvar_size=8.815 GB, temp_buffer_size=6.638 GB, available_memory=64.000 GB, comm_cost=2.992)
Using pre computed peak Mem for (1, 11, 2, 0), module 0
result[(1, 11, 2, 0), 0] = ModuleProfileResult(compute_cost=3708.739, peak_memory=37.400 GB, invar_size=9.665 GB, outvar_size=25.311 GB, temp_buffer_size=2.424 GB, available_memory=64.000 GB, comm_cost=2.678)
Using pre computed peak Mem for (1, 11, 2, 0), module 1
result[(1, 11, 2, 0), 1] = ModuleProfileResult(compute_cost=5967.294, peak_memory=42.900 GB, invar_size=34.882 GB, outvar_size=9.665 GB, temp_buffer_size=7.924 GB, available_memory=64.000 GB, comm_cost=3.213)
Using pre computed peak Mem for (1, 11, 2, 1), module 0
result[(1, 11, 2, 1), 0] = ModuleProfileResult(compute_cost=3708.739, peak_memory=37.400 GB, invar_size=9.665 GB, outvar_size=25.627 GB, temp_buffer_size=2.108 GB, available_memory=64.000 GB, comm_cost=2.678)
Using pre computed peak Mem for (1, 11, 2, 1), module 1
result[(1, 11, 2, 1), 1] = ModuleProfileResult(compute_cost=5965.684, peak_memory=42.900 GB, invar_size=35.199 GB, outvar_size=9.665 GB, temp_buffer_size=7.608 GB, available_memory=64.000 GB, comm_cost=1.620)
Using pre computed peak Mem for (2, 2, 2, 0), module 0
result[(2, 2, 2, 0), 0] = ModuleProfileResult(compute_cost=616.546, peak_memory=3.400 GB, invar_size=1.219 GB, outvar_size=3.270 GB, temp_buffer_size=-1.089 GB, available_memory=64.000 GB, comm_cost=0.466)
Using pre computed peak Mem for (2, 2, 2, 0), module 1
result[(2, 2, 2, 0), 1] = ModuleProfileResult(compute_cost=704.308, peak_memory=3.900 GB, invar_size=4.395 GB, outvar_size=1.219 GB, temp_buffer_size=-0.589 GB, available_memory=64.000 GB, comm_cost=0.527)
Using pre computed peak Mem for (2, 2, 2, 1), module 0
result[(2, 2, 2, 1), 0] = ModuleProfileResult(compute_cost=616.546, peak_memory=3.400 GB, invar_size=1.219 GB, outvar_size=3.411 GB, temp_buffer_size=-1.230 GB, available_memory=64.000 GB, comm_cost=0.466)
result[(2, 2, 2, 1), 1] = ModuleProfileResult(compute_cost=703.906, peak_memory=5.427 GB, invar_size=4.536 GB, outvar_size=1.219 GB, temp_buffer_size=0.797 GB, available_memory=64.000 GB, comm_cost=0.128)
Using pre computed peak Mem for (2, 3, 2, 0), module 0
result[(2, 3, 2, 0), 0] = ModuleProfileResult(compute_cost=953.651, peak_memory=6.800 GB, invar_size=2.063 GB, outvar_size=5.474 GB, temp_buffer_size=-0.737 GB, available_memory=64.000 GB, comm_cost=0.709)
Using pre computed peak Mem for (2, 3, 2, 0), module 1
result[(2, 3, 2, 0), 1] = ModuleProfileResult(compute_cost=1244.234, peak_memory=7.800 GB, invar_size=7.443 GB, outvar_size=2.063 GB, temp_buffer_size=0.263 GB, available_memory=64.000 GB, comm_cost=0.800)
Using pre computed peak Mem for (2, 3, 2, 1), module 0
result[(2, 3, 2, 1), 0] = ModuleProfileResult(compute_cost=953.651, peak_memory=6.800 GB, invar_size=2.063 GB, outvar_size=5.614 GB, temp_buffer_size=-0.877 GB, available_memory=64.000 GB, comm_cost=0.709)
Using pre computed peak Mem for (2, 3, 2, 1), module 1
result[(2, 3, 2, 1), 1] = ModuleProfileResult(compute_cost=1244.032, peak_memory=7.800 GB, invar_size=7.584 GB, outvar_size=2.063 GB, temp_buffer_size=0.123 GB, available_memory=64.000 GB, comm_cost=0.602)
Using pre computed peak Mem for (2, 4, 2, 0), module 0
result[(2, 4, 2, 0), 0] = ModuleProfileResult(compute_cost=1290.755, peak_memory=10.200 GB, invar_size=2.907 GB, outvar_size=7.712 GB, temp_buffer_size=-0.419 GB, available_memory=64.000 GB, comm_cost=0.953)
Using pre computed peak Mem for (2, 4, 2, 0), module 1
result[(2, 4, 2, 0), 1] = ModuleProfileResult(compute_cost=1784.159, peak_memory=11.700 GB, invar_size=10.526 GB, outvar_size=2.907 GB, temp_buffer_size=1.081 GB, available_memory=64.000 GB, comm_cost=1.074)
Using pre computed peak Mem for (2, 4, 2, 1), module 0
result[(2, 4, 2, 1), 0] = ModuleProfileResult(compute_cost=1290.755, peak_memory=10.200 GB, invar_size=2.907 GB, outvar_size=7.818 GB, temp_buffer_size=-0.525 GB, available_memory=64.000 GB, comm_cost=0.953)
Using pre computed peak Mem for (2, 4, 2, 1), module 1
result[(2, 4, 2, 1), 1] = ModuleProfileResult(compute_cost=1784.157, peak_memory=11.700 GB, invar_size=10.631 GB, outvar_size=2.907 GB, temp_buffer_size=0.975 GB, available_memory=64.000 GB, comm_cost=1.076)
Using pre computed peak Mem for (2, 5, 2, 0), module 0
result[(2, 5, 2, 0), 0] = ModuleProfileResult(compute_cost=1602.903, peak_memory=13.600 GB, invar_size=3.751 GB, outvar_size=10.021 GB, temp_buffer_size=-0.172 GB, available_memory=64.000 GB, comm_cost=1.377)
Using pre computed peak Mem for (2, 5, 2, 0), module 1
result[(2, 5, 2, 0), 1] = ModuleProfileResult(compute_cost=2293.753, peak_memory=15.600 GB, invar_size=13.749 GB, outvar_size=3.751 GB, temp_buffer_size=1.758 GB, available_memory=64.000 GB, comm_cost=1.350)
Using pre computed peak Mem for (2, 5, 2, 1), module 0
result[(2, 5, 2, 1), 0] = ModuleProfileResult(compute_cost=1627.859, peak_memory=13.600 GB, invar_size=3.751 GB, outvar_size=10.127 GB, temp_buffer_size=-0.278 GB, available_memory=64.000 GB, comm_cost=1.196)
Using pre computed peak Mem for (2, 5, 2, 1), module 1
result[(2, 5, 2, 1), 1] = ModuleProfileResult(compute_cost=2323.681, peak_memory=15.600 GB, invar_size=13.784 GB, outvar_size=3.751 GB, temp_buffer_size=1.722 GB, available_memory=64.000 GB, comm_cost=0.951)
Using pre computed peak Mem for (2, 6, 2, 0), module 0
result[(2, 6, 2, 0), 0] = ModuleProfileResult(compute_cost=1964.963, peak_memory=17.000 GB, invar_size=4.595 GB, outvar_size=12.330 GB, temp_buffer_size=0.075 GB, available_memory=64.000 GB, comm_cost=1.440)
Using pre computed peak Mem for (2, 6, 2, 0), module 1
result[(2, 6, 2, 0), 1] = ModuleProfileResult(compute_cost=2864.010, peak_memory=19.500 GB, invar_size=16.831 GB, outvar_size=4.595 GB, temp_buffer_size=2.575 GB, available_memory=64.000 GB, comm_cost=1.621)
Using pre computed peak Mem for (2, 6, 2, 1), module 0
result[(2, 6, 2, 1), 0] = ModuleProfileResult(compute_cost=1964.963, peak_memory=17.000 GB, invar_size=4.595 GB, outvar_size=12.471 GB, temp_buffer_size=-0.066 GB, available_memory=64.000 GB, comm_cost=1.440)
Using pre computed peak Mem for (2, 6, 2, 1), module 1
result[(2, 6, 2, 1), 1] = ModuleProfileResult(compute_cost=2863.205, peak_memory=19.500 GB, invar_size=16.972 GB, outvar_size=4.595 GB, temp_buffer_size=2.434 GB, available_memory=64.000 GB, comm_cost=0.825)
Using pre computed peak Mem for (2, 7, 2, 0), module 0
result[(2, 7, 2, 0), 0] = ModuleProfileResult(compute_cost=2302.067, peak_memory=20.400 GB, invar_size=5.439 GB, outvar_size=14.569 GB, temp_buffer_size=0.392 GB, available_memory=64.000 GB, comm_cost=1.683)
Using pre computed peak Mem for (2, 7, 2, 0), module 1
result[(2, 7, 2, 0), 1] = ModuleProfileResult(compute_cost=3403.936, peak_memory=23.400 GB, invar_size=19.914 GB, outvar_size=5.439 GB, temp_buffer_size=3.392 GB, available_memory=64.000 GB, comm_cost=1.895)
Using pre computed peak Mem for (2, 7, 2, 1), module 0
result[(2, 7, 2, 1), 0] = ModuleProfileResult(compute_cost=2302.067, peak_memory=20.400 GB, invar_size=5.439 GB, outvar_size=14.674 GB, temp_buffer_size=0.287 GB, available_memory=64.000 GB, comm_cost=1.683)
Using pre computed peak Mem for (2, 7, 2, 1), module 1
result[(2, 7, 2, 1), 1] = ModuleProfileResult(compute_cost=3403.532, peak_memory=23.400 GB, invar_size=20.019 GB, outvar_size=5.439 GB, temp_buffer_size=3.287 GB, available_memory=64.000 GB, comm_cost=1.498)
Using pre computed peak Mem for (2, 8, 2, 0), module 0
result[(2, 8, 2, 0), 0] = ModuleProfileResult(compute_cost=2639.171, peak_memory=23.800 GB, invar_size=6.283 GB, outvar_size=16.913 GB, temp_buffer_size=0.604 GB, available_memory=64.000 GB, comm_cost=1.927)
Using pre computed peak Mem for (2, 8, 2, 0), module 1
result[(2, 8, 2, 0), 1] = ModuleProfileResult(compute_cost=3943.861, peak_memory=27.300 GB, invar_size=23.102 GB, outvar_size=6.283 GB, temp_buffer_size=4.104 GB, available_memory=64.000 GB, comm_cost=2.169)
Using pre computed peak Mem for (2, 8, 2, 1), module 0
result[(2, 8, 2, 1), 0] = ModuleProfileResult(compute_cost=2639.171, peak_memory=23.800 GB, invar_size=6.283 GB, outvar_size=16.878 GB, temp_buffer_size=0.639 GB, available_memory=64.000 GB, comm_cost=1.927)
Using pre computed peak Mem for (2, 8, 2, 1), module 1
result[(2, 8, 2, 1), 1] = ModuleProfileResult(compute_cost=3943.256, peak_memory=27.300 GB, invar_size=23.067 GB, outvar_size=6.283 GB, temp_buffer_size=4.139 GB, available_memory=64.000 GB, comm_cost=1.573)
Using pre computed peak Mem for (2, 9, 2, 0), module 0
result[(2, 9, 2, 0), 0] = ModuleProfileResult(compute_cost=2976.275, peak_memory=27.200 GB, invar_size=7.127 GB, outvar_size=18.976 GB, temp_buffer_size=1.097 GB, available_memory=64.000 GB, comm_cost=2.170)
Using pre computed peak Mem for (2, 9, 2, 0), module 1
result[(2, 9, 2, 0), 1] = ModuleProfileResult(compute_cost=4483.787, peak_memory=31.200 GB, invar_size=26.009 GB, outvar_size=7.127 GB, temp_buffer_size=5.097 GB, available_memory=64.000 GB, comm_cost=2.442)
Using pre computed peak Mem for (2, 9, 2, 1), module 0
result[(2, 9, 2, 1), 0] = ModuleProfileResult(compute_cost=2976.275, peak_memory=27.200 GB, invar_size=7.127 GB, outvar_size=19.116 GB, temp_buffer_size=0.957 GB, available_memory=64.000 GB, comm_cost=2.170)
Using pre computed peak Mem for (2, 9, 2, 1), module 1
result[(2, 9, 2, 1), 1] = ModuleProfileResult(compute_cost=4483.583, peak_memory=31.200 GB, invar_size=26.149 GB, outvar_size=7.127 GB, temp_buffer_size=4.957 GB, available_memory=64.000 GB, comm_cost=2.246)
Using pre computed peak Mem for (2, 10, 2, 0), module 0
result[(2, 10, 2, 0), 0] = ModuleProfileResult(compute_cost=3313.380, peak_memory=30.600 GB, invar_size=7.971 GB, outvar_size=21.249 GB, temp_buffer_size=1.380 GB, available_memory=64.000 GB, comm_cost=2.414)
Using pre computed peak Mem for (2, 10, 2, 0), module 1
result[(2, 10, 2, 0), 1] = ModuleProfileResult(compute_cost=5023.712, peak_memory=35.100 GB, invar_size=29.127 GB, outvar_size=7.971 GB, temp_buffer_size=5.880 GB, available_memory=64.000 GB, comm_cost=2.716)
Using pre computed peak Mem for (2, 10, 2, 1), module 0
result[(2, 10, 2, 1), 0] = ModuleProfileResult(compute_cost=3313.380, peak_memory=30.600 GB, invar_size=7.971 GB, outvar_size=21.601 GB, temp_buffer_size=1.028 GB, available_memory=64.000 GB, comm_cost=2.414)
Using pre computed peak Mem for (2, 10, 2, 1), module 1
result[(2, 10, 2, 1), 1] = ModuleProfileResult(compute_cost=5022.504, peak_memory=35.100 GB, invar_size=29.478 GB, outvar_size=7.971 GB, temp_buffer_size=5.528 GB, available_memory=64.000 GB, comm_cost=1.522)
Using pre computed peak Mem for (2, 11, 2, 0), module 0
result[(2, 11, 2, 0), 0] = ModuleProfileResult(compute_cost=3371.447, peak_memory=34.000 GB, invar_size=8.821 GB, outvar_size=22.978 GB, temp_buffer_size=2.200 GB, available_memory=64.000 GB, comm_cost=2.435)
Using pre computed peak Mem for (2, 11, 2, 0), module 1
result[(2, 11, 2, 0), 1] = ModuleProfileResult(compute_cost=5427.088, peak_memory=39.000 GB, invar_size=31.706 GB, outvar_size=8.821 GB, temp_buffer_size=7.200 GB, available_memory=64.000 GB, comm_cost=2.939)
Using pre computed peak Mem for (2, 11, 2, 1), module 0
result[(2, 11, 2, 1), 0] = ModuleProfileResult(compute_cost=3371.447, peak_memory=34.000 GB, invar_size=8.821 GB, outvar_size=23.330 GB, temp_buffer_size=1.849 GB, available_memory=64.000 GB, comm_cost=2.435)
Using pre computed peak Mem for (2, 11, 2, 1), module 1
result[(2, 11, 2, 1), 1] = ModuleProfileResult(compute_cost=5425.678, peak_memory=39.000 GB, invar_size=32.057 GB, outvar_size=8.821 GB, temp_buffer_size=6.849 GB, available_memory=64.000 GB, comm_cost=1.547)
Using pre computed peak Mem for (3, 3, 2, 0), module 0
result[(3, 3, 2, 0), 0] = ModuleProfileResult(compute_cost=337.135, peak_memory=3.400 GB, invar_size=0.938 GB, outvar_size=2.368 GB, temp_buffer_size=0.095 GB, available_memory=64.000 GB, comm_cost=0.243)
Using pre computed peak Mem for (3, 3, 2, 0), module 1
result[(3, 3, 2, 0), 1] = ModuleProfileResult(compute_cost=539.925, peak_memory=3.900 GB, invar_size=3.212 GB, outvar_size=0.938 GB, temp_buffer_size=0.595 GB, available_memory=64.000 GB, comm_cost=0.274)
Using pre computed peak Mem for (3, 3, 2, 1), module 0
result[(3, 3, 2, 1), 0] = ModuleProfileResult(compute_cost=337.135, peak_memory=3.400 GB, invar_size=0.938 GB, outvar_size=2.403 GB, temp_buffer_size=0.060 GB, available_memory=64.000 GB, comm_cost=0.243)
result[(3, 3, 2, 1), 1] = ModuleProfileResult(compute_cost=539.724, peak_memory=3.915 GB, invar_size=3.247 GB, outvar_size=0.938 GB, temp_buffer_size=0.574 GB, available_memory=64.000 GB, comm_cost=0.075)
Using pre computed peak Mem for (3, 4, 2, 0), module 0
result[(3, 4, 2, 0), 0] = ModuleProfileResult(compute_cost=674.239, peak_memory=6.800 GB, invar_size=1.782 GB, outvar_size=4.641 GB, temp_buffer_size=0.377 GB, available_memory=64.000 GB, comm_cost=0.487)
Using pre computed peak Mem for (3, 4, 2, 0), module 1
result[(3, 4, 2, 0), 1] = ModuleProfileResult(compute_cost=1079.851, peak_memory=7.800 GB, invar_size=6.329 GB, outvar_size=1.782 GB, temp_buffer_size=1.377 GB, available_memory=64.000 GB, comm_cost=0.547)
Using pre computed peak Mem for (3, 4, 2, 1), module 0
result[(3, 4, 2, 1), 0] = ModuleProfileResult(compute_cost=674.239, peak_memory=6.800 GB, invar_size=1.782 GB, outvar_size=4.536 GB, temp_buffer_size=0.482 GB, available_memory=64.000 GB, comm_cost=0.487)
Using pre computed peak Mem for (3, 4, 2, 1), module 1
result[(3, 4, 2, 1), 1] = ModuleProfileResult(compute_cost=1079.850, peak_memory=7.800 GB, invar_size=6.224 GB, outvar_size=1.782 GB, temp_buffer_size=1.482 GB, available_memory=64.000 GB, comm_cost=0.548)
Using pre computed peak Mem for (3, 5, 2, 0), module 0
result[(3, 5, 2, 0), 0] = ModuleProfileResult(compute_cost=1011.344, peak_memory=10.200 GB, invar_size=2.626 GB, outvar_size=6.774 GB, temp_buffer_size=0.800 GB, available_memory=64.000 GB, comm_cost=0.730)
Using pre computed peak Mem for (3, 5, 2, 0), module 1
result[(3, 5, 2, 0), 1] = ModuleProfileResult(compute_cost=1619.776, peak_memory=11.700 GB, invar_size=9.306 GB, outvar_size=2.626 GB, temp_buffer_size=2.300 GB, available_memory=64.000 GB, comm_cost=0.821)
Using pre computed peak Mem for (3, 5, 2, 1), module 0
result[(3, 5, 2, 1), 0] = ModuleProfileResult(compute_cost=1011.344, peak_memory=10.200 GB, invar_size=2.626 GB, outvar_size=6.880 GB, temp_buffer_size=0.694 GB, available_memory=64.000 GB, comm_cost=0.730)
Using pre computed peak Mem for (3, 5, 2, 1), module 1
result[(3, 5, 2, 1), 1] = ModuleProfileResult(compute_cost=1619.374, peak_memory=11.700 GB, invar_size=9.412 GB, outvar_size=2.626 GB, temp_buffer_size=2.194 GB, available_memory=64.000 GB, comm_cost=0.423)
Using pre computed peak Mem for (3, 6, 2, 0), module 0
result[(3, 6, 2, 0), 0] = ModuleProfileResult(compute_cost=1348.448, peak_memory=13.600 GB, invar_size=3.470 GB, outvar_size=9.083 GB, temp_buffer_size=1.047 GB, available_memory=64.000 GB, comm_cost=0.974)
Using pre computed peak Mem for (3, 6, 2, 0), module 1
result[(3, 6, 2, 0), 1] = ModuleProfileResult(compute_cost=2159.702, peak_memory=15.600 GB, invar_size=12.459 GB, outvar_size=3.470 GB, temp_buffer_size=3.047 GB, available_memory=64.000 GB, comm_cost=1.095)
Using pre computed peak Mem for (3, 6, 2, 1), module 0
result[(3, 6, 2, 1), 0] = ModuleProfileResult(compute_cost=1348.448, peak_memory=13.600 GB, invar_size=3.470 GB, outvar_size=9.224 GB, temp_buffer_size=0.906 GB, available_memory=64.000 GB, comm_cost=0.974)
Using pre computed peak Mem for (3, 6, 2, 1), module 1
result[(3, 6, 2, 1), 1] = ModuleProfileResult(compute_cost=2159.098, peak_memory=15.600 GB, invar_size=12.600 GB, outvar_size=3.470 GB, temp_buffer_size=2.906 GB, available_memory=64.000 GB, comm_cost=0.497)
Using pre computed peak Mem for (3, 7, 2, 0), module 0
result[(3, 7, 2, 0), 0] = ModuleProfileResult(compute_cost=1685.552, peak_memory=17.000 GB, invar_size=4.314 GB, outvar_size=11.287 GB, temp_buffer_size=1.400 GB, available_memory=64.000 GB, comm_cost=1.217)
Using pre computed peak Mem for (3, 7, 2, 0), module 1
result[(3, 7, 2, 0), 1] = ModuleProfileResult(compute_cost=2699.627, peak_memory=19.500 GB, invar_size=15.507 GB, outvar_size=4.314 GB, temp_buffer_size=3.900 GB, available_memory=64.000 GB, comm_cost=1.368)
Using pre computed peak Mem for (3, 7, 2, 1), module 0
result[(3, 7, 2, 1), 0] = ModuleProfileResult(compute_cost=1685.552, peak_memory=17.000 GB, invar_size=4.314 GB, outvar_size=11.392 GB, temp_buffer_size=1.294 GB, available_memory=64.000 GB, comm_cost=1.217)
Using pre computed peak Mem for (3, 7, 2, 1), module 1
result[(3, 7, 2, 1), 1] = ModuleProfileResult(compute_cost=2699.023, peak_memory=19.500 GB, invar_size=15.612 GB, outvar_size=4.314 GB, temp_buffer_size=3.794 GB, available_memory=64.000 GB, comm_cost=0.772)
Using pre computed peak Mem for (3, 8, 2, 0), module 0
result[(3, 8, 2, 0), 0] = ModuleProfileResult(compute_cost=2022.656, peak_memory=20.400 GB, invar_size=5.158 GB, outvar_size=13.525 GB, temp_buffer_size=1.717 GB, available_memory=64.000 GB, comm_cost=1.461)
Using pre computed peak Mem for (3, 8, 2, 0), module 1
result[(3, 8, 2, 0), 1] = ModuleProfileResult(compute_cost=3239.553, peak_memory=23.400 GB, invar_size=18.589 GB, outvar_size=5.158 GB, temp_buffer_size=4.717 GB, available_memory=64.000 GB, comm_cost=1.642)
Using pre computed peak Mem for (3, 8, 2, 1), module 0
result[(3, 8, 2, 1), 0] = ModuleProfileResult(compute_cost=2022.656, peak_memory=20.400 GB, invar_size=5.158 GB, outvar_size=13.701 GB, temp_buffer_size=1.541 GB, available_memory=64.000 GB, comm_cost=1.461)
Using pre computed peak Mem for (3, 8, 2, 1), module 1
result[(3, 8, 2, 1), 1] = ModuleProfileResult(compute_cost=3239.150, peak_memory=23.400 GB, invar_size=18.765 GB, outvar_size=5.158 GB, temp_buffer_size=4.541 GB, available_memory=64.000 GB, comm_cost=1.245)
Using pre computed peak Mem for (3, 9, 2, 0), module 0
result[(3, 9, 2, 0), 0] = ModuleProfileResult(compute_cost=2359.760, peak_memory=23.800 GB, invar_size=6.002 GB, outvar_size=15.799 GB, temp_buffer_size=1.999 GB, available_memory=64.000 GB, comm_cost=1.704)
Using pre computed peak Mem for (3, 9, 2, 0), module 1
result[(3, 9, 2, 0), 1] = ModuleProfileResult(compute_cost=3779.478, peak_memory=27.300 GB, invar_size=21.707 GB, outvar_size=6.002 GB, temp_buffer_size=5.499 GB, available_memory=64.000 GB, comm_cost=1.916)
Using pre computed peak Mem for (3, 9, 2, 1), module 0
result[(3, 9, 2, 1), 0] = ModuleProfileResult(compute_cost=2359.760, peak_memory=23.800 GB, invar_size=6.002 GB, outvar_size=15.799 GB, temp_buffer_size=1.999 GB, available_memory=64.000 GB, comm_cost=1.704)
Using pre computed peak Mem for (3, 9, 2, 1), module 1
result[(3, 9, 2, 1), 1] = ModuleProfileResult(compute_cost=3778.874, peak_memory=27.300 GB, invar_size=21.707 GB, outvar_size=6.002 GB, temp_buffer_size=5.499 GB, available_memory=64.000 GB, comm_cost=1.318)
Using pre computed peak Mem for (3, 10, 2, 0), module 0
result[(3, 10, 2, 0), 0] = ModuleProfileResult(compute_cost=2696.864, peak_memory=27.200 GB, invar_size=6.846 GB, outvar_size=18.003 GB, temp_buffer_size=2.352 GB, available_memory=64.000 GB, comm_cost=1.948)
Using pre computed peak Mem for (3, 10, 2, 0), module 1
result[(3, 10, 2, 0), 1] = ModuleProfileResult(compute_cost=4319.404, peak_memory=31.200 GB, invar_size=24.755 GB, outvar_size=6.846 GB, temp_buffer_size=6.352 GB, available_memory=64.000 GB, comm_cost=2.190)
Using pre computed peak Mem for (3, 10, 2, 1), module 0
result[(3, 10, 2, 1), 0] = ModuleProfileResult(compute_cost=2696.864, peak_memory=27.200 GB, invar_size=6.846 GB, outvar_size=18.284 GB, temp_buffer_size=2.070 GB, available_memory=64.000 GB, comm_cost=1.948)
Using pre computed peak Mem for (3, 10, 2, 1), module 1
result[(3, 10, 2, 1), 1] = ModuleProfileResult(compute_cost=4318.598, peak_memory=31.200 GB, invar_size=25.036 GB, outvar_size=6.846 GB, temp_buffer_size=6.070 GB, available_memory=64.000 GB, comm_cost=1.394)
Using pre computed peak Mem for (3, 11, 2, 0), module 0
result[(3, 11, 2, 0), 0] = ModuleProfileResult(compute_cost=2754.932, peak_memory=30.600 GB, invar_size=7.696 GB, outvar_size=19.732 GB, temp_buffer_size=3.172 GB, available_memory=64.000 GB, comm_cost=1.968)
Using pre computed peak Mem for (3, 11, 2, 0), module 1
result[(3, 11, 2, 0), 1] = ModuleProfileResult(compute_cost=4722.780, peak_memory=35.100 GB, invar_size=27.334 GB, outvar_size=7.696 GB, temp_buffer_size=7.672 GB, available_memory=64.000 GB, comm_cost=2.413)
Using pre computed peak Mem for (3, 11, 2, 1), module 0
result[(3, 11, 2, 1), 0] = ModuleProfileResult(compute_cost=2754.932, peak_memory=30.600 GB, invar_size=7.696 GB, outvar_size=19.872 GB, temp_buffer_size=3.032 GB, available_memory=64.000 GB, comm_cost=1.968)
Using pre computed peak Mem for (3, 11, 2, 1), module 1
result[(3, 11, 2, 1), 1] = ModuleProfileResult(compute_cost=4722.175, peak_memory=35.100 GB, invar_size=27.474 GB, outvar_size=7.696 GB, temp_buffer_size=7.532 GB, available_memory=64.000 GB, comm_cost=1.816)
Using pre computed peak Mem for (4, 4, 2, 0), module 0
result[(4, 4, 2, 0), 0] = ModuleProfileResult(compute_cost=337.135, peak_memory=3.400 GB, invar_size=0.938 GB, outvar_size=2.368 GB, temp_buffer_size=0.095 GB, available_memory=64.000 GB, comm_cost=0.243)
Using pre computed peak Mem for (4, 4, 2, 0), module 1
result[(4, 4, 2, 0), 1] = ModuleProfileResult(compute_cost=539.925, peak_memory=3.900 GB, invar_size=3.212 GB, outvar_size=0.938 GB, temp_buffer_size=0.595 GB, available_memory=64.000 GB, comm_cost=0.274)
Using pre computed peak Mem for (4, 4, 2, 1), module 0
result[(4, 4, 2, 1), 0] = ModuleProfileResult(compute_cost=337.135, peak_memory=3.400 GB, invar_size=0.938 GB, outvar_size=2.403 GB, temp_buffer_size=0.060 GB, available_memory=64.000 GB, comm_cost=0.243)
result[(4, 4, 2, 1), 1] = ModuleProfileResult(compute_cost=539.724, peak_memory=3.915 GB, invar_size=3.247 GB, outvar_size=0.938 GB, temp_buffer_size=0.574 GB, available_memory=64.000 GB, comm_cost=0.075)
Using pre computed peak Mem for (4, 5, 2, 0), module 0
result[(4, 5, 2, 0), 0] = ModuleProfileResult(compute_cost=674.239, peak_memory=6.800 GB, invar_size=1.782 GB, outvar_size=4.641 GB, temp_buffer_size=0.377 GB, available_memory=64.000 GB, comm_cost=0.487)
Using pre computed peak Mem for (4, 5, 2, 0), module 1
result[(4, 5, 2, 0), 1] = ModuleProfileResult(compute_cost=1079.851, peak_memory=7.800 GB, invar_size=6.329 GB, outvar_size=1.782 GB, temp_buffer_size=1.377 GB, available_memory=64.000 GB, comm_cost=0.547)
Using pre computed peak Mem for (4, 5, 2, 1), module 0
result[(4, 5, 2, 1), 0] = ModuleProfileResult(compute_cost=674.239, peak_memory=6.800 GB, invar_size=1.782 GB, outvar_size=4.606 GB, temp_buffer_size=0.412 GB, available_memory=64.000 GB, comm_cost=0.487)
Using pre computed peak Mem for (4, 5, 2, 1), module 1
result[(4, 5, 2, 1), 1] = ModuleProfileResult(compute_cost=1079.650, peak_memory=7.800 GB, invar_size=6.294 GB, outvar_size=1.782 GB, temp_buffer_size=1.412 GB, available_memory=64.000 GB, comm_cost=0.348)
Using pre computed peak Mem for (4, 6, 2, 0), module 0
result[(4, 6, 2, 0), 0] = ModuleProfileResult(compute_cost=1011.344, peak_memory=10.200 GB, invar_size=2.626 GB, outvar_size=6.845 GB, temp_buffer_size=0.730 GB, available_memory=64.000 GB, comm_cost=0.730)
Using pre computed peak Mem for (4, 6, 2, 0), module 1
result[(4, 6, 2, 0), 1] = ModuleProfileResult(compute_cost=1619.776, peak_memory=11.700 GB, invar_size=9.377 GB, outvar_size=2.626 GB, temp_buffer_size=2.230 GB, available_memory=64.000 GB, comm_cost=0.821)
Using pre computed peak Mem for (4, 6, 2, 1), module 0
result[(4, 6, 2, 1), 0] = ModuleProfileResult(compute_cost=1011.344, peak_memory=10.200 GB, invar_size=2.626 GB, outvar_size=6.915 GB, temp_buffer_size=0.659 GB, available_memory=64.000 GB, comm_cost=0.730)
Using pre computed peak Mem for (4, 6, 2, 1), module 1
result[(4, 6, 2, 1), 1] = ModuleProfileResult(compute_cost=1619.575, peak_memory=11.700 GB, invar_size=9.447 GB, outvar_size=2.626 GB, temp_buffer_size=2.159 GB, available_memory=64.000 GB, comm_cost=0.623)
Using pre computed peak Mem for (4, 7, 2, 0), module 0
result[(4, 7, 2, 0), 0] = ModuleProfileResult(compute_cost=1348.448, peak_memory=13.600 GB, invar_size=3.470 GB, outvar_size=9.083 GB, temp_buffer_size=1.047 GB, available_memory=64.000 GB, comm_cost=0.974)
Using pre computed peak Mem for (4, 7, 2, 0), module 1
result[(4, 7, 2, 0), 1] = ModuleProfileResult(compute_cost=2159.702, peak_memory=15.600 GB, invar_size=12.459 GB, outvar_size=3.470 GB, temp_buffer_size=3.047 GB, available_memory=64.000 GB, comm_cost=1.095)
Using pre computed peak Mem for (4, 7, 2, 1), module 0
result[(4, 7, 2, 1), 0] = ModuleProfileResult(compute_cost=1348.448, peak_memory=13.600 GB, invar_size=3.470 GB, outvar_size=9.083 GB, temp_buffer_size=1.047 GB, available_memory=64.000 GB, comm_cost=0.974)
Using pre computed peak Mem for (4, 7, 2, 1), module 1
result[(4, 7, 2, 1), 1] = ModuleProfileResult(compute_cost=2159.499, peak_memory=15.600 GB, invar_size=12.459 GB, outvar_size=3.470 GB, temp_buffer_size=3.047 GB, available_memory=64.000 GB, comm_cost=0.897)
Using pre computed peak Mem for (4, 8, 2, 0), module 0
result[(4, 8, 2, 0), 0] = ModuleProfileResult(compute_cost=1685.552, peak_memory=17.000 GB, invar_size=4.314 GB, outvar_size=11.357 GB, temp_buffer_size=1.329 GB, available_memory=64.000 GB, comm_cost=1.217)
Using pre computed peak Mem for (4, 8, 2, 0), module 1
result[(4, 8, 2, 0), 1] = ModuleProfileResult(compute_cost=2699.627, peak_memory=19.500 GB, invar_size=15.577 GB, outvar_size=4.314 GB, temp_buffer_size=3.829 GB, available_memory=64.000 GB, comm_cost=1.368)
Using pre computed peak Mem for (4, 8, 2, 1), module 0
result[(4, 8, 2, 1), 0] = ModuleProfileResult(compute_cost=1685.552, peak_memory=17.000 GB, invar_size=4.314 GB, outvar_size=11.322 GB, temp_buffer_size=1.364 GB, available_memory=64.000 GB, comm_cost=1.217)
Using pre computed peak Mem for (4, 8, 2, 1), module 1
result[(4, 8, 2, 1), 1] = ModuleProfileResult(compute_cost=2699.023, peak_memory=19.500 GB, invar_size=15.542 GB, outvar_size=4.314 GB, temp_buffer_size=3.864 GB, available_memory=64.000 GB, comm_cost=0.771)
Using pre computed peak Mem for (4, 9, 2, 0), module 0
result[(4, 9, 2, 0), 0] = ModuleProfileResult(compute_cost=2022.656, peak_memory=20.400 GB, invar_size=5.158 GB, outvar_size=13.631 GB, temp_buffer_size=1.611 GB, available_memory=64.000 GB, comm_cost=1.461)
Using pre computed peak Mem for (4, 9, 2, 0), module 1
result[(4, 9, 2, 0), 1] = ModuleProfileResult(compute_cost=3239.553, peak_memory=23.400 GB, invar_size=18.695 GB, outvar_size=5.158 GB, temp_buffer_size=4.611 GB, available_memory=64.000 GB, comm_cost=1.642)
Using pre computed peak Mem for (4, 9, 2, 1), module 0
result[(4, 9, 2, 1), 0] = ModuleProfileResult(compute_cost=2022.656, peak_memory=20.400 GB, invar_size=5.158 GB, outvar_size=13.666 GB, temp_buffer_size=1.576 GB, available_memory=64.000 GB, comm_cost=1.461)
Using pre computed peak Mem for (4, 9, 2, 1), module 1
result[(4, 9, 2, 1), 1] = ModuleProfileResult(compute_cost=3238.748, peak_memory=23.400 GB, invar_size=18.730 GB, outvar_size=5.158 GB, temp_buffer_size=4.576 GB, available_memory=64.000 GB, comm_cost=0.845)
Using pre computed peak Mem for (4, 10, 2, 0), module 0
result[(4, 10, 2, 0), 0] = ModuleProfileResult(compute_cost=2359.760, peak_memory=23.800 GB, invar_size=6.002 GB, outvar_size=15.764 GB, temp_buffer_size=2.034 GB, available_memory=64.000 GB, comm_cost=1.704)
Using pre computed peak Mem for (4, 10, 2, 0), module 1
result[(4, 10, 2, 0), 1] = ModuleProfileResult(compute_cost=3779.478, peak_memory=27.300 GB, invar_size=21.672 GB, outvar_size=6.002 GB, temp_buffer_size=5.534 GB, available_memory=64.000 GB, comm_cost=1.916)
Using pre computed peak Mem for (4, 10, 2, 1), module 0
result[(4, 10, 2, 1), 0] = ModuleProfileResult(compute_cost=2339.657, peak_memory=23.800 GB, invar_size=6.213 GB, outvar_size=16.186 GB, temp_buffer_size=1.402 GB, available_memory=64.000 GB, comm_cost=1.683)
Using pre computed peak Mem for (4, 10, 2, 1), module 1
result[(4, 10, 2, 1), 1] = ModuleProfileResult(compute_cost=3904.025, peak_memory=27.300 GB, invar_size=22.375 GB, outvar_size=6.213 GB, temp_buffer_size=4.831 GB, available_memory=64.000 GB, comm_cost=1.346)
Using pre computed peak Mem for (4, 11, 2, 0), module 0
result[(4, 11, 2, 0), 0] = ModuleProfileResult(compute_cost=2417.828, peak_memory=27.200 GB, invar_size=6.852 GB, outvar_size=17.353 GB, temp_buffer_size=2.996 GB, available_memory=64.000 GB, comm_cost=1.725)
Using pre computed peak Mem for (4, 11, 2, 0), module 1
result[(4, 11, 2, 0), 1] = ModuleProfileResult(compute_cost=4182.854, peak_memory=31.200 GB, invar_size=24.111 GB, outvar_size=6.852 GB, temp_buffer_size=6.996 GB, available_memory=64.000 GB, comm_cost=2.139)
Using pre computed peak Mem for (4, 11, 2, 1), module 0
result[(4, 11, 2, 1), 0] = ModuleProfileResult(compute_cost=2417.828, peak_memory=27.200 GB, invar_size=6.852 GB, outvar_size=17.564 GB, temp_buffer_size=2.785 GB, available_memory=64.000 GB, comm_cost=1.725)
Using pre computed peak Mem for (4, 11, 2, 1), module 1
result[(4, 11, 2, 1), 1] = ModuleProfileResult(compute_cost=4182.249, peak_memory=31.200 GB, invar_size=24.322 GB, outvar_size=6.852 GB, temp_buffer_size=6.785 GB, available_memory=64.000 GB, comm_cost=1.543)
Using pre computed peak Mem for (5, 5, 2, 0), module 0
result[(5, 5, 2, 0), 0] = ModuleProfileResult(compute_cost=337.135, peak_memory=3.400 GB, invar_size=0.938 GB, outvar_size=2.368 GB, temp_buffer_size=0.095 GB, available_memory=64.000 GB, comm_cost=0.243)
Using pre computed peak Mem for (5, 5, 2, 0), module 1
result[(5, 5, 2, 0), 1] = ModuleProfileResult(compute_cost=539.925, peak_memory=3.900 GB, invar_size=3.212 GB, outvar_size=0.938 GB, temp_buffer_size=0.595 GB, available_memory=64.000 GB, comm_cost=0.274)
Using pre computed peak Mem for (5, 5, 2, 1), module 0
result[(5, 5, 2, 1), 0] = ModuleProfileResult(compute_cost=337.135, peak_memory=3.400 GB, invar_size=0.938 GB, outvar_size=2.403 GB, temp_buffer_size=0.060 GB, available_memory=64.000 GB, comm_cost=0.243)
result[(5, 5, 2, 1), 1] = ModuleProfileResult(compute_cost=539.724, peak_memory=3.915 GB, invar_size=3.247 GB, outvar_size=0.938 GB, temp_buffer_size=0.574 GB, available_memory=64.000 GB, comm_cost=0.075)
Using pre computed peak Mem for (5, 6, 2, 0), module 0
result[(5, 6, 2, 0), 0] = ModuleProfileResult(compute_cost=674.239, peak_memory=6.800 GB, invar_size=1.782 GB, outvar_size=4.606 GB, temp_buffer_size=0.412 GB, available_memory=64.000 GB, comm_cost=0.487)
Using pre computed peak Mem for (5, 6, 2, 0), module 1
result[(5, 6, 2, 0), 1] = ModuleProfileResult(compute_cost=1079.851, peak_memory=7.800 GB, invar_size=6.294 GB, outvar_size=1.782 GB, temp_buffer_size=1.412 GB, available_memory=64.000 GB, comm_cost=0.547)
Using pre computed peak Mem for (5, 6, 2, 1), module 0
result[(5, 6, 2, 1), 0] = ModuleProfileResult(compute_cost=674.239, peak_memory=6.800 GB, invar_size=1.782 GB, outvar_size=4.571 GB, temp_buffer_size=0.447 GB, available_memory=64.000 GB, comm_cost=0.487)
Using pre computed peak Mem for (5, 6, 2, 1), module 1
result[(5, 6, 2, 1), 1] = ModuleProfileResult(compute_cost=1079.850, peak_memory=7.800 GB, invar_size=6.259 GB, outvar_size=1.782 GB, temp_buffer_size=1.447 GB, available_memory=64.000 GB, comm_cost=0.549)
Using pre computed peak Mem for (5, 7, 2, 0), module 0
result[(5, 7, 2, 0), 0] = ModuleProfileResult(compute_cost=1011.344, peak_memory=10.200 GB, invar_size=2.626 GB, outvar_size=6.880 GB, temp_buffer_size=0.694 GB, available_memory=64.000 GB, comm_cost=0.730)
Using pre computed peak Mem for (5, 7, 2, 0), module 1
result[(5, 7, 2, 0), 1] = ModuleProfileResult(compute_cost=1619.776, peak_memory=11.700 GB, invar_size=9.412 GB, outvar_size=2.626 GB, temp_buffer_size=2.194 GB, available_memory=64.000 GB, comm_cost=0.821)
Using pre computed peak Mem for (5, 7, 2, 1), module 0
result[(5, 7, 2, 1), 0] = ModuleProfileResult(compute_cost=1011.344, peak_memory=10.200 GB, invar_size=2.626 GB, outvar_size=6.950 GB, temp_buffer_size=0.624 GB, available_memory=64.000 GB, comm_cost=0.730)
Using pre computed peak Mem for (5, 7, 2, 1), module 1
result[(5, 7, 2, 1), 1] = ModuleProfileResult(compute_cost=1619.374, peak_memory=11.700 GB, invar_size=9.482 GB, outvar_size=2.626 GB, temp_buffer_size=2.124 GB, available_memory=64.000 GB, comm_cost=0.423)
Using pre computed peak Mem for (5, 8, 2, 0), module 0
result[(5, 8, 2, 0), 0] = ModuleProfileResult(compute_cost=1348.448, peak_memory=13.600 GB, invar_size=3.470 GB, outvar_size=9.119 GB, temp_buffer_size=1.012 GB, available_memory=64.000 GB, comm_cost=0.974)
Using pre computed peak Mem for (5, 8, 2, 0), module 1
result[(5, 8, 2, 0), 1] = ModuleProfileResult(compute_cost=2159.702, peak_memory=15.600 GB, invar_size=12.494 GB, outvar_size=3.470 GB, temp_buffer_size=3.012 GB, available_memory=64.000 GB, comm_cost=1.095)
Using pre computed peak Mem for (5, 8, 2, 1), module 0
result[(5, 8, 2, 1), 0] = ModuleProfileResult(compute_cost=1348.448, peak_memory=13.600 GB, invar_size=3.470 GB, outvar_size=9.154 GB, temp_buffer_size=0.977 GB, available_memory=64.000 GB, comm_cost=0.974)
Using pre computed peak Mem for (5, 8, 2, 1), module 1
result[(5, 8, 2, 1), 1] = ModuleProfileResult(compute_cost=2159.300, peak_memory=15.600 GB, invar_size=12.530 GB, outvar_size=3.470 GB, temp_buffer_size=2.977 GB, available_memory=64.000 GB, comm_cost=0.696)
Using pre computed peak Mem for (5, 9, 2, 0), module 0
result[(5, 9, 2, 0), 0] = ModuleProfileResult(compute_cost=1685.552, peak_memory=17.000 GB, invar_size=4.314 GB, outvar_size=11.287 GB, temp_buffer_size=1.400 GB, available_memory=64.000 GB, comm_cost=1.217)
Using pre computed peak Mem for (5, 9, 2, 0), module 1
result[(5, 9, 2, 0), 1] = ModuleProfileResult(compute_cost=2699.627, peak_memory=19.500 GB, invar_size=15.507 GB, outvar_size=4.314 GB, temp_buffer_size=3.900 GB, available_memory=64.000 GB, comm_cost=1.368)
Using pre computed peak Mem for (5, 9, 2, 1), module 0
result[(5, 9, 2, 1), 0] = ModuleProfileResult(compute_cost=1685.552, peak_memory=17.000 GB, invar_size=4.314 GB, outvar_size=11.533 GB, temp_buffer_size=1.153 GB, available_memory=64.000 GB, comm_cost=1.217)
Using pre computed peak Mem for (5, 9, 2, 1), module 1
result[(5, 9, 2, 1), 1] = ModuleProfileResult(compute_cost=2698.821, peak_memory=19.500 GB, invar_size=15.753 GB, outvar_size=4.314 GB, temp_buffer_size=3.653 GB, available_memory=64.000 GB, comm_cost=0.573)
Using pre computed peak Mem for (5, 10, 2, 0), module 0
result[(5, 10, 2, 0), 0] = ModuleProfileResult(compute_cost=2022.656, peak_memory=20.400 GB, invar_size=5.158 GB, outvar_size=13.596 GB, temp_buffer_size=1.647 GB, available_memory=64.000 GB, comm_cost=1.461)
Using pre computed peak Mem for (5, 10, 2, 0), module 1
result[(5, 10, 2, 0), 1] = ModuleProfileResult(compute_cost=3239.553, peak_memory=23.400 GB, invar_size=18.660 GB, outvar_size=5.158 GB, temp_buffer_size=4.647 GB, available_memory=64.000 GB, comm_cost=1.642)
Using pre computed peak Mem for (5, 10, 2, 1), module 0
result[(5, 10, 2, 1), 0] = ModuleProfileResult(compute_cost=2022.656, peak_memory=20.400 GB, invar_size=5.158 GB, outvar_size=13.666 GB, temp_buffer_size=1.576 GB, available_memory=64.000 GB, comm_cost=1.461)
Using pre computed peak Mem for (5, 10, 2, 1), module 1
result[(5, 10, 2, 1), 1] = ModuleProfileResult(compute_cost=3238.949, peak_memory=23.400 GB, invar_size=18.730 GB, outvar_size=5.158 GB, temp_buffer_size=4.576 GB, available_memory=64.000 GB, comm_cost=1.045)
Using pre computed peak Mem for (5, 11, 2, 0), module 0
result[(5, 11, 2, 0), 0] = ModuleProfileResult(compute_cost=2080.724, peak_memory=23.800 GB, invar_size=6.008 GB, outvar_size=15.219 GB, temp_buffer_size=2.573 GB, available_memory=64.000 GB, comm_cost=1.482)
Using pre computed peak Mem for (5, 11, 2, 0), module 1
result[(5, 11, 2, 0), 1] = ModuleProfileResult(compute_cost=3642.929, peak_memory=27.300 GB, invar_size=21.134 GB, outvar_size=6.008 GB, temp_buffer_size=6.073 GB, available_memory=64.000 GB, comm_cost=1.865)
Using pre computed peak Mem for (5, 11, 2, 1), module 0
result[(5, 11, 2, 1), 0] = ModuleProfileResult(compute_cost=2080.724, peak_memory=23.800 GB, invar_size=6.008 GB, outvar_size=15.501 GB, temp_buffer_size=2.291 GB, available_memory=64.000 GB, comm_cost=1.482)
Using pre computed peak Mem for (5, 11, 2, 1), module 1
result[(5, 11, 2, 1), 1] = ModuleProfileResult(compute_cost=3642.323, peak_memory=27.300 GB, invar_size=21.415 GB, outvar_size=6.008 GB, temp_buffer_size=5.791 GB, available_memory=64.000 GB, comm_cost=1.270)
Using pre computed peak Mem for (6, 6, 2, 0), module 0
result[(6, 6, 2, 0), 0] = ModuleProfileResult(compute_cost=337.135, peak_memory=3.400 GB, invar_size=0.938 GB, outvar_size=2.368 GB, temp_buffer_size=0.095 GB, available_memory=64.000 GB, comm_cost=0.243)
Using pre computed peak Mem for (6, 6, 2, 0), module 1
result[(6, 6, 2, 0), 1] = ModuleProfileResult(compute_cost=539.925, peak_memory=3.900 GB, invar_size=3.212 GB, outvar_size=0.938 GB, temp_buffer_size=0.595 GB, available_memory=64.000 GB, comm_cost=0.274)
Using pre computed peak Mem for (6, 6, 2, 1), module 0
result[(6, 6, 2, 1), 0] = ModuleProfileResult(compute_cost=337.135, peak_memory=3.400 GB, invar_size=0.938 GB, outvar_size=2.403 GB, temp_buffer_size=0.060 GB, available_memory=64.000 GB, comm_cost=0.243)
result[(6, 6, 2, 1), 1] = ModuleProfileResult(compute_cost=539.724, peak_memory=3.915 GB, invar_size=3.247 GB, outvar_size=0.938 GB, temp_buffer_size=0.574 GB, available_memory=64.000 GB, comm_cost=0.075)
Using pre computed peak Mem for (6, 7, 2, 0), module 0
result[(6, 7, 2, 0), 0] = ModuleProfileResult(compute_cost=674.239, peak_memory=6.800 GB, invar_size=1.782 GB, outvar_size=4.571 GB, temp_buffer_size=0.447 GB, available_memory=64.000 GB, comm_cost=0.487)
Using pre computed peak Mem for (6, 7, 2, 0), module 1
result[(6, 7, 2, 0), 1] = ModuleProfileResult(compute_cost=1079.851, peak_memory=7.800 GB, invar_size=6.259 GB, outvar_size=1.782 GB, temp_buffer_size=1.447 GB, available_memory=64.000 GB, comm_cost=0.547)
Using pre computed peak Mem for (6, 7, 2, 1), module 0
result[(6, 7, 2, 1), 0] = ModuleProfileResult(compute_cost=674.239, peak_memory=6.800 GB, invar_size=1.782 GB, outvar_size=4.571 GB, temp_buffer_size=0.447 GB, available_memory=64.000 GB, comm_cost=0.487)
Using pre computed peak Mem for (6, 7, 2, 1), module 1
result[(6, 7, 2, 1), 1] = ModuleProfileResult(compute_cost=1079.851, peak_memory=7.800 GB, invar_size=6.259 GB, outvar_size=1.782 GB, temp_buffer_size=1.447 GB, available_memory=64.000 GB, comm_cost=0.547)
Using pre computed peak Mem for (6, 8, 2, 0), module 0
result[(6, 8, 2, 0), 0] = ModuleProfileResult(compute_cost=1011.344, peak_memory=10.200 GB, invar_size=2.626 GB, outvar_size=6.810 GB, temp_buffer_size=0.765 GB, available_memory=64.000 GB, comm_cost=0.730)
Using pre computed peak Mem for (6, 8, 2, 0), module 1
result[(6, 8, 2, 0), 1] = ModuleProfileResult(compute_cost=1619.776, peak_memory=11.700 GB, invar_size=9.342 GB, outvar_size=2.626 GB, temp_buffer_size=2.265 GB, available_memory=64.000 GB, comm_cost=0.821)
Using pre computed peak Mem for (6, 8, 2, 1), module 0
result[(6, 8, 2, 1), 0] = ModuleProfileResult(compute_cost=1011.344, peak_memory=10.200 GB, invar_size=2.626 GB, outvar_size=6.880 GB, temp_buffer_size=0.694 GB, available_memory=64.000 GB, comm_cost=0.730)
Using pre computed peak Mem for (6, 8, 2, 1), module 1
result[(6, 8, 2, 1), 1] = ModuleProfileResult(compute_cost=1619.574, peak_memory=11.700 GB, invar_size=9.412 GB, outvar_size=2.626 GB, temp_buffer_size=2.194 GB, available_memory=64.000 GB, comm_cost=0.623)
Using pre computed peak Mem for (6, 9, 2, 0), module 0
result[(6, 9, 2, 0), 0] = ModuleProfileResult(compute_cost=1348.448, peak_memory=13.600 GB, invar_size=3.470 GB, outvar_size=9.083 GB, temp_buffer_size=1.047 GB, available_memory=64.000 GB, comm_cost=0.974)
Using pre computed peak Mem for (6, 9, 2, 0), module 1
result[(6, 9, 2, 0), 1] = ModuleProfileResult(compute_cost=2159.702, peak_memory=15.600 GB, invar_size=12.459 GB, outvar_size=3.470 GB, temp_buffer_size=3.047 GB, available_memory=64.000 GB, comm_cost=1.095)
Using pre computed peak Mem for (6, 9, 2, 1), module 0
result[(6, 9, 2, 1), 0] = ModuleProfileResult(compute_cost=1348.448, peak_memory=13.600 GB, invar_size=3.470 GB, outvar_size=9.083 GB, temp_buffer_size=1.047 GB, available_memory=64.000 GB, comm_cost=0.974)
Using pre computed peak Mem for (6, 9, 2, 1), module 1
result[(6, 9, 2, 1), 1] = ModuleProfileResult(compute_cost=2159.499, peak_memory=15.600 GB, invar_size=12.459 GB, outvar_size=3.470 GB, temp_buffer_size=3.047 GB, available_memory=64.000 GB, comm_cost=0.897)
Using pre computed peak Mem for (6, 10, 2, 0), module 0
result[(6, 10, 2, 0), 0] = ModuleProfileResult(compute_cost=1685.552, peak_memory=17.000 GB, invar_size=4.314 GB, outvar_size=11.357 GB, temp_buffer_size=1.329 GB, available_memory=64.000 GB, comm_cost=1.217)
Using pre computed peak Mem for (6, 10, 2, 0), module 1
result[(6, 10, 2, 0), 1] = ModuleProfileResult(compute_cost=2699.627, peak_memory=19.500 GB, invar_size=15.577 GB, outvar_size=4.314 GB, temp_buffer_size=3.829 GB, available_memory=64.000 GB, comm_cost=1.368)
Using pre computed peak Mem for (6, 10, 2, 1), module 0
result[(6, 10, 2, 1), 0] = ModuleProfileResult(compute_cost=1685.552, peak_memory=17.000 GB, invar_size=4.314 GB, outvar_size=11.533 GB, temp_buffer_size=1.153 GB, available_memory=64.000 GB, comm_cost=1.217)
result[(6, 10, 2, 1), 1] = ModuleProfileResult(compute_cost=2698.621, peak_memory=17.265 GB, invar_size=15.753 GB, outvar_size=4.314 GB, temp_buffer_size=1.418 GB, available_memory=64.000 GB, comm_cost=0.372)
Using pre computed peak Mem for (6, 11, 2, 0), module 0
result[(6, 11, 2, 0), 0] = ModuleProfileResult(compute_cost=1743.620, peak_memory=20.400 GB, invar_size=5.164 GB, outvar_size=13.016 GB, temp_buffer_size=2.220 GB, available_memory=64.000 GB, comm_cost=1.238)
Using pre computed peak Mem for (6, 11, 2, 0), module 1
result[(6, 11, 2, 0), 1] = ModuleProfileResult(compute_cost=3103.003, peak_memory=23.400 GB, invar_size=18.086 GB, outvar_size=5.164 GB, temp_buffer_size=5.220 GB, available_memory=64.000 GB, comm_cost=1.592)
Using pre computed peak Mem for (6, 11, 2, 1), module 0
result[(6, 11, 2, 1), 0] = ModuleProfileResult(compute_cost=1743.620, peak_memory=20.400 GB, invar_size=5.164 GB, outvar_size=13.157 GB, temp_buffer_size=2.080 GB, available_memory=64.000 GB, comm_cost=1.238)
Using pre computed peak Mem for (6, 11, 2, 1), module 1
result[(6, 11, 2, 1), 1] = ModuleProfileResult(compute_cost=3103.002, peak_memory=23.400 GB, invar_size=18.227 GB, outvar_size=5.164 GB, temp_buffer_size=5.080 GB, available_memory=64.000 GB, comm_cost=1.593)
Using pre computed peak Mem for (7, 7, 2, 0), module 0
result[(7, 7, 2, 0), 0] = ModuleProfileResult(compute_cost=337.135, peak_memory=3.400 GB, invar_size=0.938 GB, outvar_size=2.368 GB, temp_buffer_size=0.095 GB, available_memory=64.000 GB, comm_cost=0.243)
Using pre computed peak Mem for (7, 7, 2, 0), module 1
result[(7, 7, 2, 0), 1] = ModuleProfileResult(compute_cost=539.925, peak_memory=3.900 GB, invar_size=3.212 GB, outvar_size=0.938 GB, temp_buffer_size=0.595 GB, available_memory=64.000 GB, comm_cost=0.274)
Using pre computed peak Mem for (7, 7, 2, 1), module 0
result[(7, 7, 2, 1), 0] = ModuleProfileResult(compute_cost=337.135, peak_memory=3.400 GB, invar_size=0.938 GB, outvar_size=2.403 GB, temp_buffer_size=0.060 GB, available_memory=64.000 GB, comm_cost=0.243)
result[(7, 7, 2, 1), 1] = ModuleProfileResult(compute_cost=539.724, peak_memory=3.915 GB, invar_size=3.247 GB, outvar_size=0.938 GB, temp_buffer_size=0.574 GB, available_memory=64.000 GB, comm_cost=0.075)
Using pre computed peak Mem for (7, 8, 2, 0), module 0
result[(7, 8, 2, 0), 0] = ModuleProfileResult(compute_cost=674.239, peak_memory=6.800 GB, invar_size=1.782 GB, outvar_size=4.606 GB, temp_buffer_size=0.412 GB, available_memory=64.000 GB, comm_cost=0.487)
Using pre computed peak Mem for (7, 8, 2, 0), module 1
result[(7, 8, 2, 0), 1] = ModuleProfileResult(compute_cost=1079.851, peak_memory=7.800 GB, invar_size=6.294 GB, outvar_size=1.782 GB, temp_buffer_size=1.412 GB, available_memory=64.000 GB, comm_cost=0.547)
Using pre computed peak Mem for (7, 8, 2, 1), module 0
result[(7, 8, 2, 1), 0] = ModuleProfileResult(compute_cost=674.239, peak_memory=6.800 GB, invar_size=1.782 GB, outvar_size=4.712 GB, temp_buffer_size=0.307 GB, available_memory=64.000 GB, comm_cost=0.487)
Using pre computed peak Mem for (7, 8, 2, 1), module 1
result[(7, 8, 2, 1), 1] = ModuleProfileResult(compute_cost=1079.650, peak_memory=7.800 GB, invar_size=6.400 GB, outvar_size=1.782 GB, temp_buffer_size=1.307 GB, available_memory=64.000 GB, comm_cost=0.348)
Using pre computed peak Mem for (7, 9, 2, 0), module 0
result[(7, 9, 2, 0), 0] = ModuleProfileResult(compute_cost=1011.344, peak_memory=10.200 GB, invar_size=2.626 GB, outvar_size=6.845 GB, temp_buffer_size=0.730 GB, available_memory=64.000 GB, comm_cost=0.730)
Using pre computed peak Mem for (7, 9, 2, 0), module 1
result[(7, 9, 2, 0), 1] = ModuleProfileResult(compute_cost=1619.776, peak_memory=11.700 GB, invar_size=9.377 GB, outvar_size=2.626 GB, temp_buffer_size=2.230 GB, available_memory=64.000 GB, comm_cost=0.821)
Using pre computed peak Mem for (7, 9, 2, 1), module 0
result[(7, 9, 2, 1), 0] = ModuleProfileResult(compute_cost=1011.344, peak_memory=10.200 GB, invar_size=2.626 GB, outvar_size=6.774 GB, temp_buffer_size=0.800 GB, available_memory=64.000 GB, comm_cost=0.730)
Using pre computed peak Mem for (7, 9, 2, 1), module 1
result[(7, 9, 2, 1), 1] = ModuleProfileResult(compute_cost=1619.776, peak_memory=11.700 GB, invar_size=9.306 GB, outvar_size=2.626 GB, temp_buffer_size=2.300 GB, available_memory=64.000 GB, comm_cost=0.822)
Using pre computed peak Mem for (7, 10, 2, 0), module 0
result[(7, 10, 2, 0), 0] = ModuleProfileResult(compute_cost=1348.448, peak_memory=13.600 GB, invar_size=3.470 GB, outvar_size=9.048 GB, temp_buffer_size=1.082 GB, available_memory=64.000 GB, comm_cost=0.974)
Using pre computed peak Mem for (7, 10, 2, 0), module 1
result[(7, 10, 2, 0), 1] = ModuleProfileResult(compute_cost=2159.702, peak_memory=15.600 GB, invar_size=12.424 GB, outvar_size=3.470 GB, temp_buffer_size=3.082 GB, available_memory=64.000 GB, comm_cost=1.095)
Using pre computed peak Mem for (7, 10, 2, 1), module 0
result[(7, 10, 2, 1), 0] = ModuleProfileResult(compute_cost=1348.448, peak_memory=13.600 GB, invar_size=3.470 GB, outvar_size=9.154 GB, temp_buffer_size=0.977 GB, available_memory=64.000 GB, comm_cost=0.974)
Using pre computed peak Mem for (7, 10, 2, 1), module 1
result[(7, 10, 2, 1), 1] = ModuleProfileResult(compute_cost=2159.299, peak_memory=15.600 GB, invar_size=12.530 GB, outvar_size=3.470 GB, temp_buffer_size=2.977 GB, available_memory=64.000 GB, comm_cost=0.697)
Using pre computed peak Mem for (7, 11, 2, 0), module 0
result[(7, 11, 2, 0), 0] = ModuleProfileResult(compute_cost=1406.515, peak_memory=17.000 GB, invar_size=4.320 GB, outvar_size=10.707 GB, temp_buffer_size=1.973 GB, available_memory=64.000 GB, comm_cost=0.995)
Using pre computed peak Mem for (7, 11, 2, 0), module 1
result[(7, 11, 2, 0), 1] = ModuleProfileResult(compute_cost=2563.078, peak_memory=19.500 GB, invar_size=14.933 GB, outvar_size=4.320 GB, temp_buffer_size=4.473 GB, available_memory=64.000 GB, comm_cost=1.318)
Using pre computed peak Mem for (7, 11, 2, 1), module 0
result[(7, 11, 2, 1), 0] = ModuleProfileResult(compute_cost=1406.515, peak_memory=17.000 GB, invar_size=4.320 GB, outvar_size=10.777 GB, temp_buffer_size=1.903 GB, available_memory=64.000 GB, comm_cost=0.995)
Using pre computed peak Mem for (7, 11, 2, 1), module 1
result[(7, 11, 2, 1), 1] = ModuleProfileResult(compute_cost=2563.076, peak_memory=19.500 GB, invar_size=15.003 GB, outvar_size=4.320 GB, temp_buffer_size=4.403 GB, available_memory=64.000 GB, comm_cost=1.320)
Using pre computed peak Mem for (8, 8, 2, 0), module 0
result[(8, 8, 2, 0), 0] = ModuleProfileResult(compute_cost=337.135, peak_memory=3.400 GB, invar_size=0.938 GB, outvar_size=2.368 GB, temp_buffer_size=0.095 GB, available_memory=64.000 GB, comm_cost=0.243)
Using pre computed peak Mem for (8, 8, 2, 0), module 1
result[(8, 8, 2, 0), 1] = ModuleProfileResult(compute_cost=539.925, peak_memory=3.900 GB, invar_size=3.212 GB, outvar_size=0.938 GB, temp_buffer_size=0.595 GB, available_memory=64.000 GB, comm_cost=0.274)
Using pre computed peak Mem for (8, 8, 2, 1), module 0
result[(8, 8, 2, 1), 0] = ModuleProfileResult(compute_cost=337.135, peak_memory=3.400 GB, invar_size=0.938 GB, outvar_size=2.403 GB, temp_buffer_size=0.060 GB, available_memory=64.000 GB, comm_cost=0.243)
result[(8, 8, 2, 1), 1] = ModuleProfileResult(compute_cost=539.724, peak_memory=3.915 GB, invar_size=3.247 GB, outvar_size=0.938 GB, temp_buffer_size=0.574 GB, available_memory=64.000 GB, comm_cost=0.075)
Using pre computed peak Mem for (8, 9, 2, 0), module 0
result[(8, 9, 2, 0), 0] = ModuleProfileResult(compute_cost=674.239, peak_memory=6.800 GB, invar_size=1.782 GB, outvar_size=4.606 GB, temp_buffer_size=0.412 GB, available_memory=64.000 GB, comm_cost=0.487)
Using pre computed peak Mem for (8, 9, 2, 0), module 1
result[(8, 9, 2, 0), 1] = ModuleProfileResult(compute_cost=1079.851, peak_memory=7.800 GB, invar_size=6.294 GB, outvar_size=1.782 GB, temp_buffer_size=1.412 GB, available_memory=64.000 GB, comm_cost=0.547)
Using pre computed peak Mem for (8, 9, 2, 1), module 0
result[(8, 9, 2, 1), 0] = ModuleProfileResult(compute_cost=674.239, peak_memory=6.800 GB, invar_size=1.782 GB, outvar_size=4.606 GB, temp_buffer_size=0.412 GB, available_memory=64.000 GB, comm_cost=0.487)
Using pre computed peak Mem for (8, 9, 2, 1), module 1
result[(8, 9, 2, 1), 1] = ModuleProfileResult(compute_cost=1079.650, peak_memory=7.800 GB, invar_size=6.294 GB, outvar_size=1.782 GB, temp_buffer_size=1.412 GB, available_memory=64.000 GB, comm_cost=0.348)
Using pre computed peak Mem for (8, 10, 2, 0), module 0
result[(8, 10, 2, 0), 0] = ModuleProfileResult(compute_cost=1011.344, peak_memory=10.200 GB, invar_size=2.626 GB, outvar_size=6.774 GB, temp_buffer_size=0.800 GB, available_memory=64.000 GB, comm_cost=0.730)
Using pre computed peak Mem for (8, 10, 2, 0), module 1
result[(8, 10, 2, 0), 1] = ModuleProfileResult(compute_cost=1619.776, peak_memory=11.700 GB, invar_size=9.306 GB, outvar_size=2.626 GB, temp_buffer_size=2.300 GB, available_memory=64.000 GB, comm_cost=0.821)
Using pre computed peak Mem for (8, 10, 2, 1), module 0
result[(8, 10, 2, 1), 0] = ModuleProfileResult(compute_cost=1011.344, peak_memory=10.200 GB, invar_size=2.626 GB, outvar_size=6.845 GB, temp_buffer_size=0.730 GB, available_memory=64.000 GB, comm_cost=0.730)
Using pre computed peak Mem for (8, 10, 2, 1), module 1
result[(8, 10, 2, 1), 1] = ModuleProfileResult(compute_cost=1619.575, peak_memory=11.700 GB, invar_size=9.377 GB, outvar_size=2.626 GB, temp_buffer_size=2.230 GB, available_memory=64.000 GB, comm_cost=0.621)
Using pre computed peak Mem for (8, 11, 2, 0), module 0
result[(8, 11, 2, 0), 0] = ModuleProfileResult(compute_cost=1069.411, peak_memory=13.600 GB, invar_size=3.476 GB, outvar_size=8.468 GB, temp_buffer_size=1.656 GB, available_memory=64.000 GB, comm_cost=0.751)
Using pre computed peak Mem for (8, 11, 2, 0), module 1
result[(8, 11, 2, 0), 1] = ModuleProfileResult(compute_cost=2023.152, peak_memory=15.600 GB, invar_size=11.851 GB, outvar_size=3.476 GB, temp_buffer_size=3.656 GB, available_memory=64.000 GB, comm_cost=1.044)
Using pre computed peak Mem for (8, 11, 2, 1), module 0
result[(8, 11, 2, 1), 0] = ModuleProfileResult(compute_cost=1069.411, peak_memory=13.600 GB, invar_size=3.476 GB, outvar_size=8.539 GB, temp_buffer_size=1.585 GB, available_memory=64.000 GB, comm_cost=0.751)
Using pre computed peak Mem for (8, 11, 2, 1), module 1
result[(8, 11, 2, 1), 1] = ModuleProfileResult(compute_cost=2022.950, peak_memory=15.600 GB, invar_size=11.921 GB, outvar_size=3.476 GB, temp_buffer_size=3.585 GB, available_memory=64.000 GB, comm_cost=0.846)
Using pre computed peak Mem for (9, 9, 2, 0), module 0
result[(9, 9, 2, 0), 0] = ModuleProfileResult(compute_cost=337.135, peak_memory=3.400 GB, invar_size=0.938 GB, outvar_size=2.332 GB, temp_buffer_size=0.130 GB, available_memory=64.000 GB, comm_cost=0.243)
Using pre computed peak Mem for (9, 9, 2, 0), module 1
result[(9, 9, 2, 0), 1] = ModuleProfileResult(compute_cost=539.925, peak_memory=3.900 GB, invar_size=3.176 GB, outvar_size=0.938 GB, temp_buffer_size=0.630 GB, available_memory=64.000 GB, comm_cost=0.274)
Using pre computed peak Mem for (9, 9, 2, 1), module 0
result[(9, 9, 2, 1), 0] = ModuleProfileResult(compute_cost=337.135, peak_memory=3.400 GB, invar_size=0.938 GB, outvar_size=2.403 GB, temp_buffer_size=0.060 GB, available_memory=64.000 GB, comm_cost=0.243)
result[(9, 9, 2, 1), 1] = ModuleProfileResult(compute_cost=539.724, peak_memory=3.915 GB, invar_size=3.247 GB, outvar_size=0.938 GB, temp_buffer_size=0.574 GB, available_memory=64.000 GB, comm_cost=0.075)
Using pre computed peak Mem for (9, 10, 2, 0), module 0
result[(9, 10, 2, 0), 0] = ModuleProfileResult(compute_cost=674.239, peak_memory=6.800 GB, invar_size=1.782 GB, outvar_size=4.641 GB, temp_buffer_size=0.377 GB, available_memory=64.000 GB, comm_cost=0.487)
Using pre computed peak Mem for (9, 10, 2, 0), module 1
result[(9, 10, 2, 0), 1] = ModuleProfileResult(compute_cost=1079.851, peak_memory=7.800 GB, invar_size=6.329 GB, outvar_size=1.782 GB, temp_buffer_size=1.377 GB, available_memory=64.000 GB, comm_cost=0.547)
Using pre computed peak Mem for (9, 10, 2, 1), module 0
result[(9, 10, 2, 1), 0] = ModuleProfileResult(compute_cost=674.239, peak_memory=6.800 GB, invar_size=1.782 GB, outvar_size=4.712 GB, temp_buffer_size=0.307 GB, available_memory=64.000 GB, comm_cost=0.487)
result[(9, 10, 2, 1), 1] = ModuleProfileResult(compute_cost=1079.448, peak_memory=7.454 GB, invar_size=6.400 GB, outvar_size=1.782 GB, temp_buffer_size=0.961 GB, available_memory=64.000 GB, comm_cost=0.149)
Using pre computed peak Mem for (9, 11, 2, 0), module 0
result[(9, 11, 2, 0), 0] = ModuleProfileResult(compute_cost=732.307, peak_memory=10.200 GB, invar_size=2.632 GB, outvar_size=6.265 GB, temp_buffer_size=1.303 GB, available_memory=64.000 GB, comm_cost=0.508)
Using pre computed peak Mem for (9, 11, 2, 0), module 1
result[(9, 11, 2, 0), 1] = ModuleProfileResult(compute_cost=1483.227, peak_memory=11.700 GB, invar_size=8.803 GB, outvar_size=2.632 GB, temp_buffer_size=2.803 GB, available_memory=64.000 GB, comm_cost=0.771)
Using pre computed peak Mem for (9, 11, 2, 1), module 0
result[(9, 11, 2, 1), 0] = ModuleProfileResult(compute_cost=732.307, peak_memory=10.200 GB, invar_size=2.632 GB, outvar_size=6.335 GB, temp_buffer_size=1.233 GB, available_memory=64.000 GB, comm_cost=0.508)
Using pre computed peak Mem for (9, 11, 2, 1), module 1
result[(9, 11, 2, 1), 1] = ModuleProfileResult(compute_cost=1483.025, peak_memory=11.700 GB, invar_size=8.873 GB, outvar_size=2.632 GB, temp_buffer_size=2.733 GB, available_memory=64.000 GB, comm_cost=0.572)
Using pre computed peak Mem for (10, 10, 2, 0), module 0
result[(10, 10, 2, 0), 0] = ModuleProfileResult(compute_cost=337.135, peak_memory=3.400 GB, invar_size=0.938 GB, outvar_size=2.368 GB, temp_buffer_size=0.095 GB, available_memory=64.000 GB, comm_cost=0.243)
Using pre computed peak Mem for (10, 10, 2, 0), module 1
result[(10, 10, 2, 0), 1] = ModuleProfileResult(compute_cost=539.925, peak_memory=3.900 GB, invar_size=3.212 GB, outvar_size=0.938 GB, temp_buffer_size=0.595 GB, available_memory=64.000 GB, comm_cost=0.274)
Using pre computed peak Mem for (10, 10, 2, 1), module 0
result[(10, 10, 2, 1), 0] = ModuleProfileResult(compute_cost=337.135, peak_memory=3.400 GB, invar_size=0.938 GB, outvar_size=2.403 GB, temp_buffer_size=0.060 GB, available_memory=64.000 GB, comm_cost=0.243)
result[(10, 10, 2, 1), 1] = ModuleProfileResult(compute_cost=539.724, peak_memory=3.915 GB, invar_size=3.247 GB, outvar_size=0.938 GB, temp_buffer_size=0.574 GB, available_memory=64.000 GB, comm_cost=0.075)
Using pre computed peak Mem for (10, 11, 2, 0), module 0
result[(10, 11, 2, 0), 0] = ModuleProfileResult(compute_cost=395.203, peak_memory=6.800 GB, invar_size=1.788 GB, outvar_size=3.991 GB, temp_buffer_size=1.021 GB, available_memory=64.000 GB, comm_cost=0.264)
Using pre computed peak Mem for (10, 11, 2, 0), module 1
result[(10, 11, 2, 0), 1] = ModuleProfileResult(compute_cost=943.302, peak_memory=7.800 GB, invar_size=5.685 GB, outvar_size=1.788 GB, temp_buffer_size=2.021 GB, available_memory=64.000 GB, comm_cost=0.497)
Using pre computed peak Mem for (10, 11, 2, 1), module 0
result[(10, 11, 2, 1), 0] = ModuleProfileResult(compute_cost=395.203, peak_memory=6.800 GB, invar_size=1.788 GB, outvar_size=4.026 GB, temp_buffer_size=0.986 GB, available_memory=64.000 GB, comm_cost=0.264)
Using pre computed peak Mem for (10, 11, 2, 1), module 1
result[(10, 11, 2, 1), 1] = ModuleProfileResult(compute_cost=943.302, peak_memory=7.800 GB, invar_size=5.721 GB, outvar_size=1.788 GB, temp_buffer_size=1.986 GB, available_memory=64.000 GB, comm_cost=0.497)
result[(11, 11, 2, 0), 0] = ModuleProfileResult(compute_cost=58.068, peak_memory=2.732 GB, invar_size=0.944 GB, outvar_size=1.788 GB, temp_buffer_size=0.000 GB, available_memory=64.000 GB, comm_cost=0.021)
Using pre computed peak Mem for (11, 11, 2, 0), module 1
result[(11, 11, 2, 0), 1] = ModuleProfileResult(compute_cost=403.376, peak_memory=3.900 GB, invar_size=2.638 GB, outvar_size=0.944 GB, temp_buffer_size=1.168 GB, available_memory=64.000 GB, comm_cost=0.223)
result[(11, 11, 2, 1), 0] = ModuleProfileResult(compute_cost=58.068, peak_memory=2.732 GB, invar_size=0.944 GB, outvar_size=1.788 GB, temp_buffer_size=0.000 GB, available_memory=64.000 GB, comm_cost=0.021)
Using pre computed peak Mem for (11, 11, 2, 1), module 1
result[(11, 11, 2, 1), 1] = ModuleProfileResult(compute_cost=403.376, peak_memory=3.900 GB, invar_size=2.638 GB, outvar_size=0.944 GB, temp_buffer_size=1.168 GB, available_memory=64.000 GB, comm_cost=0.223)
Profiling for submesh 2 (1, 4) takes 496.31 seconds
--------------------------------------------------
- Profiling for submesh 1 (1, 2):
- Generate all stage infos (Jaxpr -> HLO)
- Compile all stages, get estimations
num of workers:12
[2m[36m(CompileWorker pid=4041104)[0m compiled for stage:1 name: stage_0_0_acc_grad_0 module id: 0
[2m[36m(CompileWorker pid=4041105)[0m compiled for stage:0 name: stage_0_0_acc_grad_0 module id: 0
[2m[36m(CompileWorker pid=4041103)[0m compiled for stage:2 name: stage_0_1_acc_grad_0 module id: 0
[2m[36m(CompileWorker pid=4041102)[0m compiled for stage:3 name: stage_0_1_acc_grad_0 module id: 0
[2m[36m(CompileWorker pid=4041101)[0m compiled for stage:4 name: stage_0_2_acc_grad_0 module id: 0
[2m[36m(CompileWorker pid=4041099)[0m compiled for stage:6 name: stage_0_3_acc_grad_0 module id: 0
[2m[36m(CompileWorker pid=4041100)[0m compiled for stage:5 name: stage_0_2_acc_grad_0 module id: 0
[2m[36m(CompileWorker pid=4041097)[0m compiled for stage:8 name: stage_0_4_acc_grad_0 module id: 0
[2m[36m(CompileWorker pid=4041103)[0m  tensor (Large latency) dimensions: (1, 2048, 12288, 1024, 1, 1, 1, 1, 1, 1, 0, 0, 'CONV', 1, 1, 0, 0),  latency: 1.8724571428571428
[2m[36m(CompileWorker pid=4041102)[0m  tensor (Large latency) dimensions: (1, 2048, 12288, 1024, 1, 1, 1, 1, 1, 1, 0, 0, 'CONV', 1, 1, 0, 0),  latency: 1.8724571428571428
[2m[36m(CompileWorker pid=4041098)[0m compiled for stage:7 name: stage_0_3_acc_grad_0 module id: 0
[2m[36m(CompileWorker pid=4041105)[0m  tensor (Large latency) dimensions: (1, 2048, 12288, 1024, 1, 1, 1, 1, 1, 1, 0, 0, 'CONV', 1, 1, 0, 0),  latency: 1.8724571428571428
[2m[36m(CompileWorker pid=4041104)[0m  tensor (Large latency) dimensions: (1, 2048, 12288, 1024, 1, 1, 1, 1, 1, 1, 0, 0, 'CONV', 1, 1, 0, 0),  latency: 1.8724571428571428
[2m[36m(CompileWorker pid=4041101)[0m  tensor (Large latency) dimensions: (1, 2048, 12288, 1024, 1, 1, 1, 1, 1, 1, 0, 0, 'CONV', 1, 1, 0, 0),  latency: 1.8724571428571428
[2m[36m(CompileWorker pid=4041095)[0m compiled for stage:10 name: stage_0_5_acc_grad_0 module id: 0
[2m[36m(CompileWorker pid=4041096)[0m compiled for stage:9 name: stage_0_4_acc_grad_0 module id: 0
[2m[36m(CompileWorker pid=4041099)[0m  tensor (Large latency) dimensions: (1, 2048, 12288, 1024, 1, 1, 1, 1, 1, 1, 0, 0, 'CONV', 1, 1, 0, 0),  latency: 1.8724571428571428
[2m[36m(CompileWorker pid=4041100)[0m  tensor (Large latency) dimensions: (1, 2048, 12288, 1024, 1, 1, 1, 1, 1, 1, 0, 0, 'CONV', 1, 1, 0, 0),  latency: 1.8724571428571428
[2m[36m(CompileWorker pid=4041103)[0m  tensor (Large latency) dimensions: (1, 2048, 36864, 36864, 1, 1, 1, 1, 1, 1, 0, 0, 'CONV', 1, 1, 0, 0),  latency: 241.54697142857142
[2m[36m(CompileWorker pid=4041097)[0m  tensor (Large latency) dimensions: (1, 2048, 12288, 1024, 1, 1, 1, 1, 1, 1, 0, 0, 'CONV', 1, 1, 0, 0),  latency: 1.8724571428571428
[2m[36m(CompileWorker pid=4041105)[0m  tensor (Large latency) dimensions: (1, 2048, 36864, 36864, 1, 1, 1, 1, 1, 1, 0, 0, 'CONV', 1, 1, 0, 0),  latency: 241.54697142857142
[2m[36m(CompileWorker pid=4041102)[0m  tensor (Large latency) dimensions: (1, 2048, 36864, 36864, 1, 1, 1, 1, 1, 1, 0, 0, 'CONV', 1, 1, 0, 0),  latency: 241.54697142857142
[2m[36m(CompileWorker pid=4041104)[0m  tensor (Large latency) dimensions: (1, 2048, 36864, 36864, 1, 1, 1, 1, 1, 1, 0, 0, 'CONV', 1, 1, 0, 0),  latency: 241.54697142857142
[2m[36m(CompileWorker pid=4041098)[0m  tensor (Large latency) dimensions: (1, 2048, 12288, 1024, 1, 1, 1, 1, 1, 1, 0, 0, 'CONV', 1, 1, 0, 0),  latency: 1.8724571428571428
[2m[36m(CompileWorker pid=4041094)[0m compiled for stage:11 name: stage_0_5_acc_grad_0 module id: 0
[2m[36m(CompileWorker pid=4041101)[0m  tensor (Large latency) dimensions: (1, 2048, 36864, 36864, 1, 1, 1, 1, 1, 1, 0, 0, 'CONV', 1, 1, 0, 0),  latency: 241.54697142857142
[2m[36m(CompileWorker pid=4041095)[0m  tensor (Large latency) dimensions: (1, 2048, 12288, 1024, 1, 1, 1, 1, 1, 1, 0, 0, 'CONV', 1, 1, 0, 0),  latency: 1.8724571428571428
[2m[36m(CompileWorker pid=4041096)[0m  tensor (Large latency) dimensions: (1, 2048, 12288, 1024, 1, 1, 1, 1, 1, 1, 0, 0, 'CONV', 1, 1, 0, 0),  latency: 1.8724571428571428
[2m[36m(CompileWorker pid=4041099)[0m  tensor (Large latency) dimensions: (1, 2048, 36864, 36864, 1, 1, 1, 1, 1, 1, 0, 0, 'CONV', 1, 1, 0, 0),  latency: 241.54697142857142
[2m[36m(CompileWorker pid=4041100)[0m  tensor (Large latency) dimensions: (1, 2048, 36864, 36864, 1, 1, 1, 1, 1, 1, 0, 0, 'CONV', 1, 1, 0, 0),  latency: 241.54697142857142
[2m[36m(CompileWorker pid=4041097)[0m  tensor (Large latency) dimensions: (1, 2048, 36864, 36864, 1, 1, 1, 1, 1, 1, 0, 0, 'CONV', 1, 1, 0, 0),  latency: 241.54697142857142
[2m[36m(CompileWorker pid=4041103)[0m  tensor (Large latency) dimensions: (1, 2048, 12288, 12288, 1, 1, 1, 1, 1, 1, 0, 0, 'CONV', 1, 1, 0, 0),  latency: 26.58889142857143
[2m[36m(CompileWorker pid=4041098)[0m  tensor (Large latency) dimensions: (1, 2048, 36864, 36864, 1, 1, 1, 1, 1, 1, 0, 0, 'CONV', 1, 1, 0, 0),  latency: 241.54697142857142
[2m[36m(CompileWorker pid=4041105)[0m  tensor (Large latency) dimensions: (1, 2048, 12288, 12288, 1, 1, 1, 1, 1, 1, 0, 0, 'CONV', 1, 1, 0, 0),  latency: 26.58889142857143
[2m[36m(CompileWorker pid=4041104)[0m  tensor (Large latency) dimensions: (1, 2048, 12288, 12288, 1, 1, 1, 1, 1, 1, 0, 0, 'CONV', 1, 1, 0, 0),  latency: 26.58889142857143
[2m[36m(CompileWorker pid=4041094)[0m  tensor (Large latency) dimensions: (1, 2048, 12288, 1024, 1, 1, 1, 1, 1, 1, 0, 0, 'CONV', 1, 1, 0, 0),  latency: 1.8724571428571428
[2m[36m(CompileWorker pid=4041102)[0m  tensor (Large latency) dimensions: (1, 2048, 12288, 12288, 1, 1, 1, 1, 1, 1, 0, 0, 'CONV', 1, 1, 0, 0),  latency: 26.58889142857143
[2m[36m(CompileWorker pid=4041095)[0m  tensor (Large latency) dimensions: (1, 2048, 36864, 36864, 1, 1, 1, 1, 1, 1, 0, 0, 'CONV', 1, 1, 0, 0),  latency: 241.54697142857142
[2m[36m(CompileWorker pid=4041101)[0m  tensor (Large latency) dimensions: (1, 2048, 12288, 12288, 1, 1, 1, 1, 1, 1, 0, 0, 'CONV', 1, 1, 0, 0),  latency: 26.58889142857143
[2m[36m(CompileWorker pid=4041096)[0m  tensor (Large latency) dimensions: (1, 2048, 36864, 36864, 1, 1, 1, 1, 1, 1, 0, 0, 'CONV', 1, 1, 0, 0),  latency: 241.54697142857142
[2m[36m(CompileWorker pid=4041105)[0m  tensor (Large latency) dimensions: (1, 2048, 24576, 24576, 1, 1, 1, 1, 1, 1, 0, 0, 'CONV', 1, 1, 0, 0),  latency: 107.10454857142857
[2m[36m(CompileWorker pid=4041103)[0m  tensor (Large latency) dimensions: (1, 2048, 24576, 24576, 1, 1, 1, 1, 1, 1, 0, 0, 'CONV', 1, 1, 0, 0),  latency: 107.10454857142857
[2m[36m(CompileWorker pid=4041104)[0m  tensor (Large latency) dimensions: (1, 2048, 24576, 24576, 1, 1, 1, 1, 1, 1, 0, 0, 'CONV', 1, 1, 0, 0),  latency: 107.10454857142857
[2m[36m(CompileWorker pid=4041100)[0m  tensor (Large latency) dimensions: (1, 2048, 12288, 12288, 1, 1, 1, 1, 1, 1, 0, 0, 'CONV', 1, 1, 0, 0),  latency: 26.58889142857143
[2m[36m(CompileWorker pid=4041099)[0m  tensor (Large latency) dimensions: (1, 2048, 12288, 12288, 1, 1, 1, 1, 1, 1, 0, 0, 'CONV', 1, 1, 0, 0),  latency: 26.58889142857143
[2m[36m(CompileWorker pid=4041094)[0m  tensor (Large latency) dimensions: (1, 2048, 36864, 36864, 1, 1, 1, 1, 1, 1, 0, 0, 'CONV', 1, 1, 0, 0),  latency: 241.54697142857142
[2m[36m(CompileWorker pid=4041102)[0m  tensor (Large latency) dimensions: (1, 2048, 24576, 24576, 1, 1, 1, 1, 1, 1, 0, 0, 'CONV', 1, 1, 0, 0),  latency: 107.10454857142857
[2m[36m(CompileWorker pid=4041098)[0m  tensor (Large latency) dimensions: (1, 2048, 12288, 12288, 1, 1, 1, 1, 1, 1, 0, 0, 'CONV', 1, 1, 0, 0),  latency: 26.58889142857143
[2m[36m(CompileWorker pid=4041101)[0m  tensor (Large latency) dimensions: (1, 2048, 24576, 24576, 1, 1, 1, 1, 1, 1, 0, 0, 'CONV', 1, 1, 0, 0),  latency: 107.10454857142857
[2m[36m(CompileWorker pid=4041097)[0m  tensor (Large latency) dimensions: (1, 2048, 12288, 12288, 1, 1, 1, 1, 1, 1, 0, 0, 'CONV', 1, 1, 0, 0),  latency: 26.58889142857143
[2m[36m(CompileWorker pid=4041095)[0m  tensor (Large latency) dimensions: (1, 2048, 12288, 12288, 1, 1, 1, 1, 1, 1, 0, 0, 'CONV', 1, 1, 0, 0),  latency: 26.58889142857143
[2m[36m(CompileWorker pid=4041103)[0m  tensor (Large latency) dimensions: (1, 2048, 12288, 12288, 1, 1, 1, 1, 1, 1, 0, 0, 'CONV', 1, 1, 0, 0),  latency: 26.58889142857143
[2m[36m(CompileWorker pid=4041105)[0m  tensor (Large latency) dimensions: (1, 2048, 12288, 12288, 1, 1, 1, 1, 1, 1, 0, 0, 'CONV', 1, 1, 0, 0),  latency: 26.58889142857143
[2m[36m(CompileWorker pid=4041105)[0m compiled for stage:0 name: stage_0_0_acc_grad_1 module id: 1
[2m[36m(CompileWorker pid=4041103)[0m compiled for stage:2 name: stage_0_1_acc_grad_1 module id: 1
[2m[36m(CompileWorker pid=4041104)[0m  tensor (Large latency) dimensions: (1, 2048, 12288, 12288, 1, 1, 1, 1, 1, 1, 0, 0, 'CONV', 1, 1, 0, 0),  latency: 26.58889142857143
[2m[36m(CompileWorker pid=4041104)[0m compiled for stage:1 name: stage_0_0_acc_grad_1 module id: 1
[2m[36m(CompileWorker pid=4041102)[0m  tensor (Large latency) dimensions: (1, 2048, 12288, 12288, 1, 1, 1, 1, 1, 1, 0, 0, 'CONV', 1, 1, 0, 0),  latency: 26.58889142857143
[2m[36m(CompileWorker pid=4041102)[0m compiled for stage:3 name: stage_0_1_acc_grad_1 module id: 1
[2m[36m(CompileWorker pid=4041096)[0m  tensor (Large latency) dimensions: (1, 2048, 12288, 12288, 1, 1, 1, 1, 1, 1, 0, 0, 'CONV', 1, 1, 0, 0),  latency: 26.58889142857143
[2m[36m(CompileWorker pid=4041098)[0m  tensor (Large latency) dimensions: (1, 2048, 24576, 24576, 1, 1, 1, 1, 1, 1, 0, 0, 'CONV', 1, 1, 0, 0),  latency: 107.10454857142857
[2m[36m(CompileWorker pid=4041099)[0m  tensor (Large latency) dimensions: (1, 2048, 24576, 24576, 1, 1, 1, 1, 1, 1, 0, 0, 'CONV', 1, 1, 0, 0),  latency: 107.10454857142857
[2m[36m(CompileWorker pid=4041101)[0m  tensor (Large latency) dimensions: (1, 2048, 12288, 12288, 1, 1, 1, 1, 1, 1, 0, 0, 'CONV', 1, 1, 0, 0),  latency: 26.58889142857143
[2m[36m(CompileWorker pid=4041101)[0m compiled for stage:4 name: stage_0_2_acc_grad_1 module id: 1
[2m[36m(CompileWorker pid=4041100)[0m  tensor (Large latency) dimensions: (1, 2048, 24576, 24576, 1, 1, 1, 1, 1, 1, 0, 0, 'CONV', 1, 1, 0, 0),  latency: 107.10454857142857
[2m[36m(CompileWorker pid=4041097)[0m  tensor (Large latency) dimensions: (1, 2048, 24576, 24576, 1, 1, 1, 1, 1, 1, 0, 0, 'CONV', 1, 1, 0, 0),  latency: 107.10454857142857
[2m[36m(CompileWorker pid=4041094)[0m  tensor (Large latency) dimensions: (1, 2048, 12288, 12288, 1, 1, 1, 1, 1, 1, 0, 0, 'CONV', 1, 1, 0, 0),  latency: 26.58889142857143
[2m[36m(CompileWorker pid=4041095)[0m  tensor (Large latency) dimensions: (1, 2048, 24576, 24576, 1, 1, 1, 1, 1, 1, 0, 0, 'CONV', 1, 1, 0, 0),  latency: 107.10454857142857
[2m[36m(CompileWorker pid=4041098)[0m  tensor (Large latency) dimensions: (1, 2048, 12288, 12288, 1, 1, 1, 1, 1, 1, 0, 0, 'CONV', 1, 1, 0, 0),  latency: 26.58889142857143
[2m[36m(CompileWorker pid=4041096)[0m  tensor (Large latency) dimensions: (1, 2048, 24576, 24576, 1, 1, 1, 1, 1, 1, 0, 0, 'CONV', 1, 1, 0, 0),  latency: 107.10454857142857
[2m[36m(CompileWorker pid=4041100)[0m  tensor (Large latency) dimensions: (1, 2048, 12288, 12288, 1, 1, 1, 1, 1, 1, 0, 0, 'CONV', 1, 1, 0, 0),  latency: 26.58889142857143
[2m[36m(CompileWorker pid=4041100)[0m compiled for stage:5 name: stage_0_2_acc_grad_1 module id: 1
[2m[36m(CompileWorker pid=4041099)[0m  tensor (Large latency) dimensions: (1, 2048, 12288, 12288, 1, 1, 1, 1, 1, 1, 0, 0, 'CONV', 1, 1, 0, 0),  latency: 26.58889142857143
[2m[36m(CompileWorker pid=4041099)[0m compiled for stage:6 name: stage_0_3_acc_grad_1 module id: 1
[2m[36m(CompileWorker pid=4041097)[0m  tensor (Large latency) dimensions: (1, 2048, 12288, 12288, 1, 1, 1, 1, 1, 1, 0, 0, 'CONV', 1, 1, 0, 0),  latency: 26.58889142857143
[2m[36m(CompileWorker pid=4041097)[0m compiled for stage:8 name: stage_0_4_acc_grad_1 module id: 1
[2m[36m(CompileWorker pid=4041094)[0m  tensor (Large latency) dimensions: (1, 2048, 24576, 24576, 1, 1, 1, 1, 1, 1, 0, 0, 'CONV', 1, 1, 0, 0),  latency: 107.10454857142857
[2m[36m(CompileWorker pid=4041095)[0m  tensor (Large latency) dimensions: (1, 2048, 12288, 12288, 1, 1, 1, 1, 1, 1, 0, 0, 'CONV', 1, 1, 0, 0),  latency: 26.58889142857143
[2m[36m(CompileWorker pid=4041095)[0m compiled for stage:10 name: stage_0_5_acc_grad_1 module id: 1
[2m[36m(CompileWorker pid=4041101)[0m  tensor (Large latency) dimensions: (1, 6144, 12288, 12288, 1, 1, 1, 1, 1, 1, 0, 0, 'CONV', 1, 1, 0, 0),  latency: 79.76667428571429
[2m[36m(CompileWorker pid=4041105)[0m  tensor (Large latency) dimensions: (1, 24576, 12288, 12288, 1, 1, 1, 1, 1, 1, 0, 0, 'CONV', 1, 1, 0, 0),  latency: 319.06669714285715
[2m[36m(CompileWorker pid=4041096)[0m  tensor (Large latency) dimensions: (1, 2048, 12288, 12288, 1, 1, 1, 1, 1, 1, 0, 0, 'CONV', 1, 1, 0, 0),  latency: 26.58889142857143
[2m[36m(CompileWorker pid=4041103)[0m  tensor (Large latency) dimensions: (1, 24576, 12288, 12288, 1, 1, 1, 1, 1, 1, 0, 0, 'CONV', 1, 1, 0, 0),  latency: 319.06669714285715
[2m[36m(CompileWorker pid=4041094)[0m  tensor (Large latency) dimensions: (1, 2048, 12288, 12288, 1, 1, 1, 1, 1, 1, 0, 0, 'CONV', 1, 1, 0, 0),  latency: 26.58889142857143
[2m[36m(CompileWorker pid=4041104)[0m  tensor (Large latency) dimensions: (1, 24576, 12288, 12288, 1, 1, 1, 1, 1, 1, 0, 0, 'CONV', 1, 1, 0, 0),  latency: 319.06669714285715
[2m[36m(CompileWorker pid=4041094)[0m compiled for stage:11 name: stage_0_5_acc_grad_1 module id: 1
[2m[36m(CompileWorker pid=4041098)[0m  tensor (Large latency) dimensions: (1, 1024, 12288, 12288, 1, 1, 1, 1, 1, 1, 0, 0, 'CONV', 1, 1, 0, 0),  latency: 13.294445714285715
[2m[36m(CompileWorker pid=4041098)[0m compiled for stage:7 name: stage_0_3_acc_grad_1 module id: 1
[2m[36m(CompileWorker pid=4041102)[0m  tensor (Large latency) dimensions: (1, 24576, 12288, 12288, 1, 1, 1, 1, 1, 1, 0, 0, 'CONV', 1, 1, 0, 0),  latency: 319.06669714285715
[2m[36m(CompileWorker pid=4041096)[0m compiled for stage:9 name: stage_0_4_acc_grad_1 module id: 1
[2m[36m(CompileWorker pid=4041101)[0m  tensor (Large latency) dimensions: (1, 2048, 6144, 6144, 1, 1, 1, 1, 1, 1, 0, 0, 'CONV', 1, 1, 0, 0),  latency: 6.5536
[2m[36m(CompileWorker pid=4041099)[0m  tensor (Large latency) dimensions: (1, 6144, 12288, 12288, 1, 1, 1, 1, 1, 1, 0, 0, 'CONV', 1, 1, 0, 0),  latency: 79.76667428571429
[2m[36m(CompileWorker pid=4041100)[0m  tensor (Large latency) dimensions: (1, 6144, 12288, 12288, 1, 1, 1, 1, 1, 1, 0, 0, 'CONV', 1, 1, 0, 0),  latency: 79.76667428571429
[2m[36m(CompileWorker pid=4041097)[0m  tensor (Large latency) dimensions: (1, 6144, 12288, 12288, 1, 1, 1, 1, 1, 1, 0, 0, 'CONV', 1, 1, 0, 0),  latency: 79.76667428571429
[2m[36m(CompileWorker pid=4041095)[0m  tensor (Large latency) dimensions: (1, 6144, 12288, 12288, 1, 1, 1, 1, 1, 1, 0, 0, 'CONV', 1, 1, 0, 0),  latency: 79.76667428571429
[2m[36m(CompileWorker pid=4041100)[0m  tensor (Large latency) dimensions: (1, 2048, 6144, 6144, 1, 1, 1, 1, 1, 1, 0, 0, 'CONV', 1, 1, 0, 0),  latency: 6.5536
[2m[36m(CompileWorker pid=4041099)[0m  tensor (Large latency) dimensions: (1, 2048, 6144, 6144, 1, 1, 1, 1, 1, 1, 0, 0, 'CONV', 1, 1, 0, 0),  latency: 6.5536
[2m[36m(CompileWorker pid=4041097)[0m  tensor (Large latency) dimensions: (1, 2048, 6144, 6144, 1, 1, 1, 1, 1, 1, 0, 0, 'CONV', 1, 1, 0, 0),  latency: 6.5536
[2m[36m(CompileWorker pid=4041105)[0m  tensor (Large latency) dimensions: (1, 12288, 24576, 24576, 1, 1, 1, 1, 1, 1, 0, 0, 'CONV', 1, 1, 0, 0),  latency: 642.6272914285714
[2m[36m(CompileWorker pid=4041104)[0m  tensor (Large latency) dimensions: (1, 12288, 24576, 24576, 1, 1, 1, 1, 1, 1, 0, 0, 'CONV', 1, 1, 0, 0),  latency: 642.6272914285714
[2m[36m(CompileWorker pid=4041094)[0m  tensor (Large latency) dimensions: (1, 6144, 12288, 12288, 1, 1, 1, 1, 1, 1, 0, 0, 'CONV', 1, 1, 0, 0),  latency: 79.76667428571429
[2m[36m(CompileWorker pid=4041095)[0m  tensor (Large latency) dimensions: (1, 2048, 6144, 6144, 1, 1, 1, 1, 1, 1, 0, 0, 'CONV', 1, 1, 0, 0),  latency: 6.5536
[2m[36m(CompileWorker pid=4041103)[0m  tensor (Large latency) dimensions: (1, 12288, 24576, 24576, 1, 1, 1, 1, 1, 1, 0, 0, 'CONV', 1, 1, 0, 0),  latency: 642.6272914285714
[2m[36m(CompileWorker pid=4041096)[0m  tensor (Large latency) dimensions: (1, 6144, 12288, 12288, 1, 1, 1, 1, 1, 1, 0, 0, 'CONV', 1, 1, 0, 0),  latency: 79.76667428571429
[2m[36m(CompileWorker pid=4041102)[0m  tensor (Large latency) dimensions: (1, 12288, 24576, 24576, 1, 1, 1, 1, 1, 1, 0, 0, 'CONV', 1, 1, 0, 0),  latency: 642.6272914285714
[2m[36m(CompileWorker pid=4041098)[0m  tensor (Large latency) dimensions: (1, 12288, 12288, 12288, 1, 1, 1, 1, 1, 1, 0, 0, 'CONV', 1, 1, 0, 0),  latency: 159.53334857142858
[2m[36m(CompileWorker pid=4041101)[0m  tensor (Large latency) dimensions: (1, 12288, 18432, 18432, 1, 1, 1, 1, 1, 1, 0, 0, 'CONV', 1, 1, 0, 0),  latency: 360.6352457142857
[2m[36m(CompileWorker pid=4041094)[0m  tensor (Large latency) dimensions: (1, 2048, 6144, 6144, 1, 1, 1, 1, 1, 1, 0, 0, 'CONV', 1, 1, 0, 0),  latency: 6.5536
[2m[36m(CompileWorker pid=4041096)[0m  tensor (Large latency) dimensions: (1, 2048, 6144, 6144, 1, 1, 1, 1, 1, 1, 0, 0, 'CONV', 1, 1, 0, 0),  latency: 6.5536
[2m[36m(CompileWorker pid=4041105)[0m  tensor (Large latency) dimensions: (1, 6144, 12288, 12288, 1, 1, 1, 1, 1, 1, 0, 0, 'CONV', 1, 1, 0, 0),  latency: 79.76667428571429
[2m[36m(CompileWorker pid=4041104)[0m  tensor (Large latency) dimensions: (1, 6144, 12288, 12288, 1, 1, 1, 1, 1, 1, 0, 0, 'CONV', 1, 1, 0, 0),  latency: 79.76667428571429
[2m[36m(CompileWorker pid=4041103)[0m  tensor (Large latency) dimensions: (1, 6144, 12288, 12288, 1, 1, 1, 1, 1, 1, 0, 0, 'CONV', 1, 1, 0, 0),  latency: 79.76667428571429
[2m[36m(CompileWorker pid=4041101)[0m  tensor (Large latency) dimensions: (1, 2048, 12288, 12288, 1, 1, 1, 1, 1, 1, 0, 0, 'CONV', 1, 1, 0, 0),  latency: 26.58889142857143
[2m[36m(CompileWorker pid=4041099)[0m  tensor (Large latency) dimensions: (1, 12288, 18432, 18432, 1, 1, 1, 1, 1, 1, 0, 0, 'CONV', 1, 1, 0, 0),  latency: 360.6352457142857
[2m[36m(CompileWorker pid=4041100)[0m  tensor (Large latency) dimensions: (1, 12288, 18432, 18432, 1, 1, 1, 1, 1, 1, 0, 0, 'CONV', 1, 1, 0, 0),  latency: 360.6352457142857
[2m[36m(CompileWorker pid=4041104)[0m  tensor (Large latency) dimensions: (1, 2048, 6144, 6144, 1, 1, 1, 1, 1, 1, 0, 0, 'CONV', 1, 1, 0, 0),  latency: 6.5536
[2m[36m(CompileWorker pid=4041097)[0m  tensor (Large latency) dimensions: (1, 12288, 18432, 18432, 1, 1, 1, 1, 1, 1, 0, 0, 'CONV', 1, 1, 0, 0),  latency: 360.6352457142857
[2m[36m(CompileWorker pid=4041102)[0m  tensor (Large latency) dimensions: (1, 6144, 12288, 12288, 1, 1, 1, 1, 1, 1, 0, 0, 'CONV', 1, 1, 0, 0),  latency: 79.76667428571429
[2m[36m(CompileWorker pid=4041105)[0m  tensor (Large latency) dimensions: (1, 2048, 6144, 6144, 1, 1, 1, 1, 1, 1, 0, 0, 'CONV', 1, 1, 0, 0),  latency: 6.5536
[2m[36m(CompileWorker pid=4041095)[0m  tensor (Large latency) dimensions: (1, 12288, 18432, 18432, 1, 1, 1, 1, 1, 1, 0, 0, 'CONV', 1, 1, 0, 0),  latency: 360.6352457142857
[2m[36m(CompileWorker pid=4041103)[0m  tensor (Large latency) dimensions: (1, 2048, 6144, 6144, 1, 1, 1, 1, 1, 1, 0, 0, 'CONV', 1, 1, 0, 0),  latency: 6.5536
[2m[36m(CompileWorker pid=4041099)[0m  tensor (Large latency) dimensions: (1, 2048, 12288, 12288, 1, 1, 1, 1, 1, 1, 0, 0, 'CONV', 1, 1, 0, 0),  latency: 26.58889142857143
[2m[36m(CompileWorker pid=4041100)[0m  tensor (Large latency) dimensions: (1, 2048, 12288, 12288, 1, 1, 1, 1, 1, 1, 0, 0, 'CONV', 1, 1, 0, 0),  latency: 26.58889142857143
[2m[36m(CompileWorker pid=4041098)[0m  tensor (Large latency) dimensions: (1, 12288, 18432, 18432, 1, 1, 1, 1, 1, 1, 0, 0, 'CONV', 1, 1, 0, 0),  latency: 360.6352457142857
[2m[36m(CompileWorker pid=4041102)[0m  tensor (Large latency) dimensions: (1, 2048, 6144, 6144, 1, 1, 1, 1, 1, 1, 0, 0, 'CONV', 1, 1, 0, 0),  latency: 6.5536
[2m[36m(CompileWorker pid=4041097)[0m  tensor (Large latency) dimensions: (1, 2048, 12288, 12288, 1, 1, 1, 1, 1, 1, 0, 0, 'CONV', 1, 1, 0, 0),  latency: 26.58889142857143
[2m[36m(CompileWorker pid=4041095)[0m  tensor (Large latency) dimensions: (1, 2048, 12288, 12288, 1, 1, 1, 1, 1, 1, 0, 0, 'CONV', 1, 1, 0, 0),  latency: 26.58889142857143
[2m[36m(CompileWorker pid=4041096)[0m  tensor (Large latency) dimensions: (1, 12288, 18432, 18432, 1, 1, 1, 1, 1, 1, 0, 0, 'CONV', 1, 1, 0, 0),  latency: 360.6352457142857
[2m[36m(CompileWorker pid=4041094)[0m  tensor (Large latency) dimensions: (1, 12288, 18432, 18432, 1, 1, 1, 1, 1, 1, 0, 0, 'CONV', 1, 1, 0, 0),  latency: 360.6352457142857
[2m[36m(CompileWorker pid=4041098)[0m  tensor (Large latency) dimensions: (1, 2048, 12288, 12288, 1, 1, 1, 1, 1, 1, 0, 0, 'CONV', 1, 1, 0, 0),  latency: 26.58889142857143
[2m[36m(CompileWorker pid=4041105)[0m  tensor (Large latency) dimensions: (1, 12288, 18432, 18432, 1, 1, 1, 1, 1, 1, 0, 0, 'CONV', 1, 1, 0, 0),  latency: 360.6352457142857
[2m[36m(CompileWorker pid=4041104)[0m  tensor (Large latency) dimensions: (1, 12288, 18432, 18432, 1, 1, 1, 1, 1, 1, 0, 0, 'CONV', 1, 1, 0, 0),  latency: 360.6352457142857
[2m[36m(CompileWorker pid=4041101)[0m  tensor (Large latency) dimensions: (1, 24576, 12288, 12288, 1, 1, 1, 1, 1, 1, 0, 0, 'CONV', 1, 1, 0, 0),  latency: 319.06669714285715
[2m[36m(CompileWorker pid=4041103)[0m  tensor (Large latency) dimensions: (1, 12288, 18432, 18432, 1, 1, 1, 1, 1, 1, 0, 0, 'CONV', 1, 1, 0, 0),  latency: 360.6352457142857
[2m[36m(CompileWorker pid=4041096)[0m  tensor (Large latency) dimensions: (1, 2048, 12288, 12288, 1, 1, 1, 1, 1, 1, 0, 0, 'CONV', 1, 1, 0, 0),  latency: 26.58889142857143
[2m[36m(CompileWorker pid=4041094)[0m  tensor (Large latency) dimensions: (1, 2048, 12288, 12288, 1, 1, 1, 1, 1, 1, 0, 0, 'CONV', 1, 1, 0, 0),  latency: 26.58889142857143
[2m[36m(CompileWorker pid=4041105)[0m  tensor (Large latency) dimensions: (1, 2048, 12288, 12288, 1, 1, 1, 1, 1, 1, 0, 0, 'CONV', 1, 1, 0, 0),  latency: 26.58889142857143
[2m[36m(CompileWorker pid=4041104)[0m  tensor (Large latency) dimensions: (1, 2048, 12288, 12288, 1, 1, 1, 1, 1, 1, 0, 0, 'CONV', 1, 1, 0, 0),  latency: 26.58889142857143
[2m[36m(CompileWorker pid=4041102)[0m  tensor (Large latency) dimensions: (1, 12288, 18432, 18432, 1, 1, 1, 1, 1, 1, 0, 0, 'CONV', 1, 1, 0, 0),  latency: 360.6352457142857
[2m[36m(CompileWorker pid=4041103)[0m  tensor (Large latency) dimensions: (1, 2048, 12288, 12288, 1, 1, 1, 1, 1, 1, 0, 0, 'CONV', 1, 1, 0, 0),  latency: 26.58889142857143
[2m[36m(CompileWorker pid=4041099)[0m  tensor (Large latency) dimensions: (1, 24576, 12288, 12288, 1, 1, 1, 1, 1, 1, 0, 0, 'CONV', 1, 1, 0, 0),  latency: 319.06669714285715
[2m[36m(CompileWorker pid=4041100)[0m  tensor (Large latency) dimensions: (1, 24576, 12288, 12288, 1, 1, 1, 1, 1, 1, 0, 0, 'CONV', 1, 1, 0, 0),  latency: 319.06669714285715
[2m[36m(CompileWorker pid=4041097)[0m  tensor (Large latency) dimensions: (1, 24576, 12288, 12288, 1, 1, 1, 1, 1, 1, 0, 0, 'CONV', 1, 1, 0, 0),  latency: 319.06669714285715
[2m[36m(CompileWorker pid=4041104)[0m  tensor (Large latency) dimensions: (1, 1024, 12288, 12288, 1, 1, 1, 1, 1, 1, 0, 0, 'CONV', 1, 1, 0, 0),  latency: 13.294445714285715
[2m[36m(CompileWorker pid=4041105)[0m  tensor (Large latency) dimensions: (1, 1024, 12288, 12288, 1, 1, 1, 1, 1, 1, 0, 0, 'CONV', 1, 1, 0, 0),  latency: 13.294445714285715
[2m[36m(CompileWorker pid=4041103)[0m  tensor (Large latency) dimensions: (1, 1024, 12288, 12288, 1, 1, 1, 1, 1, 1, 0, 0, 'CONV', 1, 1, 0, 0),  latency: 13.294445714285715
[2m[36m(CompileWorker pid=4041095)[0m  tensor (Large latency) dimensions: (1, 24576, 12288, 12288, 1, 1, 1, 1, 1, 1, 0, 0, 'CONV', 1, 1, 0, 0),  latency: 319.06669714285715
[2m[36m(CompileWorker pid=4041102)[0m  tensor (Large latency) dimensions: (1, 2048, 12288, 12288, 1, 1, 1, 1, 1, 1, 0, 0, 'CONV', 1, 1, 0, 0),  latency: 26.58889142857143
[2m[36m(CompileWorker pid=4041101)[0m  tensor (Large latency) dimensions: (1, 12288, 24576, 24576, 1, 1, 1, 1, 1, 1, 0, 0, 'CONV', 1, 1, 0, 0),  latency: 642.6272914285714
[2m[36m(CompileWorker pid=4041098)[0m  tensor (Large latency) dimensions: (1, 24576, 12288, 12288, 1, 1, 1, 1, 1, 1, 0, 0, 'CONV', 1, 1, 0, 0),  latency: 319.06669714285715
[2m[36m(CompileWorker pid=4041102)[0m  tensor (Large latency) dimensions: (1, 1024, 12288, 12288, 1, 1, 1, 1, 1, 1, 0, 0, 'CONV', 1, 1, 0, 0),  latency: 13.294445714285715
[2m[36m(CompileWorker pid=4041101)[0m  tensor (Large latency) dimensions: (1, 1024, 12288, 12288, 1, 1, 1, 1, 1, 1, 0, 0, 'CONV', 1, 1, 0, 0),  latency: 13.294445714285715
[2m[36m(CompileWorker pid=4041094)[0m  tensor (Large latency) dimensions: (1, 24576, 12288, 12288, 1, 1, 1, 1, 1, 1, 0, 0, 'CONV', 1, 1, 0, 0),  latency: 319.06669714285715
[2m[36m(CompileWorker pid=4041099)[0m  tensor (Large latency) dimensions: (1, 12288, 24576, 24576, 1, 1, 1, 1, 1, 1, 0, 0, 'CONV', 1, 1, 0, 0),  latency: 642.6272914285714
[2m[36m(CompileWorker pid=4041096)[0m  tensor (Large latency) dimensions: (1, 24576, 12288, 12288, 1, 1, 1, 1, 1, 1, 0, 0, 'CONV', 1, 1, 0, 0),  latency: 319.06669714285715
[2m[36m(CompileWorker pid=4041100)[0m  tensor (Large latency) dimensions: (1, 12288, 24576, 24576, 1, 1, 1, 1, 1, 1, 0, 0, 'CONV', 1, 1, 0, 0),  latency: 642.6272914285714
[2m[36m(CompileWorker pid=4041097)[0m  tensor (Large latency) dimensions: (1, 12288, 24576, 24576, 1, 1, 1, 1, 1, 1, 0, 0, 'CONV', 1, 1, 0, 0),  latency: 642.6272914285714
[2m[36m(CompileWorker pid=4041099)[0m  tensor (Large latency) dimensions: (1, 1024, 12288, 12288, 1, 1, 1, 1, 1, 1, 0, 0, 'CONV', 1, 1, 0, 0),  latency: 13.294445714285715
[2m[36m(CompileWorker pid=4041095)[0m  tensor (Large latency) dimensions: (1, 12288, 24576, 24576, 1, 1, 1, 1, 1, 1, 0, 0, 'CONV', 1, 1, 0, 0),  latency: 642.6272914285714
[2m[36m(CompileWorker pid=4041098)[0m  tensor (Large latency) dimensions: (1, 12288, 24576, 24576, 1, 1, 1, 1, 1, 1, 0, 0, 'CONV', 1, 1, 0, 0),  latency: 642.6272914285714
[2m[36m(CompileWorker pid=4041100)[0m  tensor (Large latency) dimensions: (1, 1024, 12288, 12288, 1, 1, 1, 1, 1, 1, 0, 0, 'CONV', 1, 1, 0, 0),  latency: 13.294445714285715
[2m[36m(CompileWorker pid=4041097)[0m  tensor (Large latency) dimensions: (1, 1024, 12288, 12288, 1, 1, 1, 1, 1, 1, 0, 0, 'CONV', 1, 1, 0, 0),  latency: 13.294445714285715
[2m[36m(CompileWorker pid=4041095)[0m  tensor (Large latency) dimensions: (1, 1024, 12288, 12288, 1, 1, 1, 1, 1, 1, 0, 0, 'CONV', 1, 1, 0, 0),  latency: 13.294445714285715
[2m[36m(CompileWorker pid=4041104)[0m compiled for stage:12 name: stage_0_6_acc_grad_0 module id: 0
[2m[36m(CompileWorker pid=4041094)[0m  tensor (Large latency) dimensions: (1, 12288, 24576, 24576, 1, 1, 1, 1, 1, 1, 0, 0, 'CONV', 1, 1, 0, 0),  latency: 642.6272914285714
[2m[36m(CompileWorker pid=4041104)[0m compiled for stage:12 name: stage_0_6_acc_grad_1 module id: 1
[2m[36m(CompileWorker pid=4041096)[0m  tensor (Large latency) dimensions: (1, 12288, 24576, 24576, 1, 1, 1, 1, 1, 1, 0, 0, 'CONV', 1, 1, 0, 0),  latency: 642.6272914285714
[2m[36m(CompileWorker pid=4041103)[0m compiled for stage:14 name: stage_0_7_acc_grad_0 module id: 0
[2m[36m(CompileWorker pid=4041103)[0m compiled for stage:14 name: stage_0_7_acc_grad_1 module id: 1
[2m[36m(CompileWorker pid=4041098)[0m  tensor (Large latency) dimensions: (1, 6144, 12288, 12288, 1, 1, 1, 1, 1, 1, 0, 0, 'CONV', 1, 1, 0, 0),  latency: 79.76667428571429
[2m[36m(CompileWorker pid=4041094)[0m  tensor (Large latency) dimensions: (1, 1024, 12288, 12288, 1, 1, 1, 1, 1, 1, 0, 0, 'CONV', 1, 1, 0, 0),  latency: 13.294445714285715
[2m[36m(CompileWorker pid=4041096)[0m  tensor (Large latency) dimensions: (1, 1024, 12288, 12288, 1, 1, 1, 1, 1, 1, 0, 0, 'CONV', 1, 1, 0, 0),  latency: 13.294445714285715
[2m[36m(CompileWorker pid=4041105)[0m compiled for stage:13 name: stage_0_6_acc_grad_0 module id: 0
[2m[36m(CompileWorker pid=4041098)[0m  tensor (Large latency) dimensions: (1, 2048, 6144, 6144, 1, 1, 1, 1, 1, 1, 0, 0, 'CONV', 1, 1, 0, 0),  latency: 6.5536
[2m[36m(CompileWorker pid=4041096)[0m compiled for stage:24 name: stage_1_1_acc_grad_0 module id: 0
[2m[36m(CompileWorker pid=4041096)[0m compiled for stage:24 name: stage_1_1_acc_grad_1 module id: 1
[2m[36m(CompileWorker pid=4041096)[0m compiled for stage:25 name: stage_1_1_acc_grad_0 module id: 0
[2m[36m(CompileWorker pid=4041096)[0m compiled for stage:25 name: stage_1_1_acc_grad_1 module id: 1
[2m[36m(CompileWorker pid=4041098)[0m  tensor (Large latency) dimensions: (1, 1024, 12288, 12288, 1, 1, 1, 1, 1, 1, 0, 0, 'CONV', 1, 1, 0, 0),  latency: 13.294445714285715
[2m[36m(CompileWorker pid=4041101)[0m compiled for stage:16 name: stage_0_8_acc_grad_0 module id: 0
[2m[36m(CompileWorker pid=4041105)[0m  tensor (Large latency) dimensions: (1, 1024, 12288, 12288, 1, 1, 1, 1, 1, 1, 0, 0, 'CONV', 1, 1, 0, 0),  latency: 13.294445714285715
[2m[36m(CompileWorker pid=4041105)[0m compiled for stage:13 name: stage_0_6_acc_grad_1 module id: 1
[2m[36m(CompileWorker pid=4041101)[0m compiled for stage:16 name: stage_0_8_acc_grad_1 module id: 1
[2m[36m(CompileWorker pid=4041102)[0m compiled for stage:15 name: stage_0_7_acc_grad_0 module id: 0
[2m[36m(CompileWorker pid=4041096)[0m compiled for stage:26 name: stage_1_2_acc_grad_0 module id: 0
[2m[36m(CompileWorker pid=4041096)[0m compiled for stage:26 name: stage_1_2_acc_grad_1 module id: 1
[2m[36m(CompileWorker pid=4041098)[0m compiled for stage:27 name: stage_1_2_acc_grad_0 module id: 0
[2m[36m(CompileWorker pid=4041102)[0m compiled for stage:15 name: stage_0_7_acc_grad_1 module id: 1
[2m[36m(CompileWorker pid=4041098)[0m compiled for stage:27 name: stage_1_2_acc_grad_1 module id: 1
[2m[36m(CompileWorker pid=4041101)[0m compiled for stage:28 name: stage_1_3_acc_grad_0 module id: 0
[2m[36m(CompileWorker pid=4041101)[0m compiled for stage:28 name: stage_1_3_acc_grad_1 module id: 1
[2m[36m(CompileWorker pid=4041105)[0m  tensor (Large latency) dimensions: (1, 12288, 12288, 12288, 1, 1, 1, 1, 1, 1, 0, 0, 'CONV', 1, 1, 0, 0),  latency: 159.53334857142858
[2m[36m(CompileWorker pid=4041096)[0m compiled for stage:29 name: stage_1_3_acc_grad_0 module id: 0
[2m[36m(CompileWorker pid=4041096)[0m compiled for stage:29 name: stage_1_3_acc_grad_1 module id: 1
[2m[36m(CompileWorker pid=4041099)[0m compiled for stage:17 name: stage_0_8_acc_grad_0 module id: 0
[2m[36m(CompileWorker pid=4041099)[0m compiled for stage:17 name: stage_0_8_acc_grad_1 module id: 1
[2m[36m(CompileWorker pid=4041098)[0m compiled for stage:30 name: stage_1_4_acc_grad_0 module id: 0
[2m[36m(CompileWorker pid=4041098)[0m compiled for stage:30 name: stage_1_4_acc_grad_1 module id: 1
[2m[36m(CompileWorker pid=4041100)[0m compiled for stage:18 name: stage_0_9_acc_grad_0 module id: 0
[2m[36m(CompileWorker pid=4041100)[0m compiled for stage:18 name: stage_0_9_acc_grad_1 module id: 1
[2m[36m(CompileWorker pid=4041102)[0m compiled for stage:31 name: stage_1_4_acc_grad_0 module id: 0
[2m[36m(CompileWorker pid=4041102)[0m compiled for stage:31 name: stage_1_4_acc_grad_1 module id: 1
[2m[36m(CompileWorker pid=4041095)[0m compiled for stage:20 name: stage_0_10_acc_grad_0 module id: 0
[2m[36m(CompileWorker pid=4041101)[0m compiled for stage:32 name: stage_1_5_acc_grad_0 module id: 0
[2m[36m(CompileWorker pid=4041101)[0m compiled for stage:32 name: stage_1_5_acc_grad_1 module id: 1
[2m[36m(CompileWorker pid=4041095)[0m compiled for stage:20 name: stage_0_10_acc_grad_1 module id: 1
[2m[36m(CompileWorker pid=4041097)[0m compiled for stage:19 name: stage_0_9_acc_grad_0 module id: 0
[2m[36m(CompileWorker pid=4041097)[0m compiled for stage:19 name: stage_0_9_acc_grad_1 module id: 1
[2m[36m(CompileWorker pid=4041096)[0m compiled for stage:33 name: stage_1_5_acc_grad_0 module id: 0
[2m[36m(CompileWorker pid=4041096)[0m compiled for stage:33 name: stage_1_5_acc_grad_1 module id: 1
[2m[36m(CompileWorker pid=4041105)[0m compiled for stage:34 name: stage_1_6_acc_grad_0 module id: 0
[2m[36m(CompileWorker pid=4041105)[0m compiled for stage:34 name: stage_1_6_acc_grad_1 module id: 1
[2m[36m(CompileWorker pid=4041094)[0m compiled for stage:22 name: stage_0_11_acc_grad_0 module id: 0
[2m[36m(CompileWorker pid=4041094)[0m compiled for stage:22 name: stage_0_11_acc_grad_1 module id: 1
[2m[36m(CompileWorker pid=4041104)[0m compiled for stage:21 name: stage_0_10_acc_grad_0 module id: 0
[2m[36m(CompileWorker pid=4041098)[0m compiled for stage:35 name: stage_1_6_acc_grad_0 module id: 0
[2m[36m(CompileWorker pid=4041104)[0m compiled for stage:21 name: stage_0_10_acc_grad_1 module id: 1
[2m[36m(CompileWorker pid=4041098)[0m compiled for stage:35 name: stage_1_6_acc_grad_1 module id: 1
[2m[36m(CompileWorker pid=4041099)[0m compiled for stage:36 name: stage_1_7_acc_grad_0 module id: 0
[2m[36m(CompileWorker pid=4041099)[0m compiled for stage:36 name: stage_1_7_acc_grad_1 module id: 1
[2m[36m(CompileWorker pid=4041095)[0m  tensor (Large latency) dimensions: (1, 12288, 6144, 6144, 1, 1, 1, 1, 1, 1, 0, 0, 'CONV', 1, 1, 0, 0),  latency: 39.3216
[2m[36m(CompileWorker pid=4041094)[0m  tensor (Large latency) dimensions: (1, 2048, 12288, 12288, 1, 1, 1, 1, 1, 1, 0, 0, 'CONV', 1, 1, 0, 0),  latency: 26.58889142857143
[2m[36m(CompileWorker pid=4041100)[0m compiled for stage:37 name: stage_1_7_acc_grad_0 module id: 0
[2m[36m(CompileWorker pid=4041100)[0m compiled for stage:37 name: stage_1_7_acc_grad_1 module id: 1
[2m[36m(CompileWorker pid=4041102)[0m compiled for stage:38 name: stage_1_8_acc_grad_0 module id: 0
[2m[36m(CompileWorker pid=4041102)[0m compiled for stage:38 name: stage_1_8_acc_grad_1 module id: 1
[2m[36m(CompileWorker pid=4041095)[0m compiled for stage:46 name: stage_2_2_acc_grad_0 module id: 0
[2m[36m(CompileWorker pid=4041095)[0m compiled for stage:46 name: stage_2_2_acc_grad_1 module id: 1
[2m[36m(CompileWorker pid=4041100)[0m compiled for stage:47 name: stage_2_2_acc_grad_0 module id: 0
[2m[36m(CompileWorker pid=4041100)[0m compiled for stage:47 name: stage_2_2_acc_grad_1 module id: 1
[2m[36m(CompileWorker pid=4041103)[0m compiled for stage:23 name: stage_0_11_acc_grad_0 module id: 0
[2m[36m(CompileWorker pid=4041094)[0m compiled for stage:48 name: stage_2_3_acc_grad_0 module id: 0
[2m[36m(CompileWorker pid=4041094)[0m compiled for stage:48 name: stage_2_3_acc_grad_1 module id: 1
[2m[36m(CompileWorker pid=4041103)[0m compiled for stage:23 name: stage_0_11_acc_grad_1 module id: 1
[2m[36m(CompileWorker pid=4041102)[0m compiled for stage:49 name: stage_2_3_acc_grad_0 module id: 0
[2m[36m(CompileWorker pid=4041101)[0m compiled for stage:39 name: stage_1_8_acc_grad_0 module id: 0
[2m[36m(CompileWorker pid=4041102)[0m compiled for stage:49 name: stage_2_3_acc_grad_1 module id: 1
[2m[36m(CompileWorker pid=4041101)[0m compiled for stage:39 name: stage_1_8_acc_grad_1 module id: 1
[2m[36m(CompileWorker pid=4041095)[0m compiled for stage:50 name: stage_2_4_acc_grad_0 module id: 0
[2m[36m(CompileWorker pid=4041095)[0m compiled for stage:50 name: stage_2_4_acc_grad_1 module id: 1
[2m[36m(CompileWorker pid=4041103)[0m  tensor (Large latency) dimensions: (1, 2048, 12288, 12288, 1, 1, 1, 1, 1, 1, 0, 0, 'CONV', 1, 1, 0, 0),  latency: 26.58889142857143
[2m[36m(CompileWorker pid=4041100)[0m compiled for stage:51 name: stage_2_4_acc_grad_0 module id: 0
[2m[36m(CompileWorker pid=4041100)[0m compiled for stage:51 name: stage_2_4_acc_grad_1 module id: 1
[2m[36m(CompileWorker pid=4041097)[0m compiled for stage:40 name: stage_1_9_acc_grad_0 module id: 0
[2m[36m(CompileWorker pid=4041097)[0m compiled for stage:40 name: stage_1_9_acc_grad_1 module id: 1
[2m[36m(CompileWorker pid=4041094)[0m compiled for stage:52 name: stage_2_5_acc_grad_0 module id: 0
[2m[36m(CompileWorker pid=4041094)[0m compiled for stage:52 name: stage_2_5_acc_grad_1 module id: 1
[2m[36m(CompileWorker pid=4041102)[0m compiled for stage:53 name: stage_2_5_acc_grad_0 module id: 0
[2m[36m(CompileWorker pid=4041102)[0m compiled for stage:53 name: stage_2_5_acc_grad_1 module id: 1
[2m[36m(CompileWorker pid=4041096)[0m compiled for stage:41 name: stage_1_9_acc_grad_0 module id: 0
[2m[36m(CompileWorker pid=4041095)[0m compiled for stage:54 name: stage_2_6_acc_grad_0 module id: 0
[2m[36m(CompileWorker pid=4041095)[0m compiled for stage:54 name: stage_2_6_acc_grad_1 module id: 1
[2m[36m(CompileWorker pid=4041105)[0m compiled for stage:42 name: stage_1_10_acc_grad_0 module id: 0
[2m[36m(CompileWorker pid=4041096)[0m compiled for stage:41 name: stage_1_9_acc_grad_1 module id: 1
[2m[36m(CompileWorker pid=4041105)[0m compiled for stage:42 name: stage_1_10_acc_grad_1 module id: 1
[2m[36m(CompileWorker pid=4041100)[0m compiled for stage:56 name: stage_2_7_acc_grad_0 module id: 0
[2m[36m(CompileWorker pid=4041100)[0m compiled for stage:56 name: stage_2_7_acc_grad_1 module id: 1
[2m[36m(CompileWorker pid=4041101)[0m compiled for stage:55 name: stage_2_6_acc_grad_0 module id: 0
[2m[36m(CompileWorker pid=4041101)[0m compiled for stage:55 name: stage_2_6_acc_grad_1 module id: 1
[2m[36m(CompileWorker pid=4041104)[0m compiled for stage:44 name: stage_1_11_acc_grad_0 module id: 0
[2m[36m(CompileWorker pid=4041104)[0m compiled for stage:44 name: stage_1_11_acc_grad_1 module id: 1
[2m[36m(CompileWorker pid=4041097)[0m compiled for stage:58 name: stage_2_8_acc_grad_0 module id: 0
[2m[36m(CompileWorker pid=4041097)[0m compiled for stage:58 name: stage_2_8_acc_grad_1 module id: 1
[2m[36m(CompileWorker pid=4041098)[0m compiled for stage:43 name: stage_1_10_acc_grad_0 module id: 0
[2m[36m(CompileWorker pid=4041098)[0m compiled for stage:43 name: stage_1_10_acc_grad_1 module id: 1
[2m[36m(CompileWorker pid=4041103)[0m compiled for stage:57 name: stage_2_7_acc_grad_0 module id: 0
[2m[36m(CompileWorker pid=4041097)[0m compiled for stage:66 name: stage_3_3_acc_grad_0 module id: 0
[2m[36m(CompileWorker pid=4041103)[0m compiled for stage:57 name: stage_2_7_acc_grad_1 module id: 1
[2m[36m(CompileWorker pid=4041097)[0m compiled for stage:66 name: stage_3_3_acc_grad_1 module id: 1
[2m[36m(CompileWorker pid=4041104)[0m  tensor (Large latency) dimensions: (1, 2048, 12288, 12288, 1, 1, 1, 1, 1, 1, 0, 0, 'CONV', 1, 1, 0, 0),  latency: 26.58889142857143
[2m[36m(CompileWorker pid=4041097)[0m compiled for stage:67 name: stage_3_3_acc_grad_0 module id: 0
[2m[36m(CompileWorker pid=4041097)[0m compiled for stage:67 name: stage_3_3_acc_grad_1 module id: 1
[2m[36m(CompileWorker pid=4041099)[0m compiled for stage:45 name: stage_1_11_acc_grad_0 module id: 0
[2m[36m(CompileWorker pid=4041099)[0m compiled for stage:45 name: stage_1_11_acc_grad_1 module id: 1
[2m[36m(CompileWorker pid=4041094)[0m compiled for stage:59 name: stage_2_8_acc_grad_0 module id: 0
[2m[36m(CompileWorker pid=4041098)[0m compiled for stage:68 name: stage_3_4_acc_grad_0 module id: 0
[2m[36m(CompileWorker pid=4041094)[0m compiled for stage:59 name: stage_2_8_acc_grad_1 module id: 1
[2m[36m(CompileWorker pid=4041098)[0m compiled for stage:68 name: stage_3_4_acc_grad_1 module id: 1
[2m[36m(CompileWorker pid=4041103)[0m compiled for stage:69 name: stage_3_4_acc_grad_0 module id: 0
[2m[36m(CompileWorker pid=4041103)[0m compiled for stage:69 name: stage_3_4_acc_grad_1 module id: 1
[2m[36m(CompileWorker pid=4041102)[0m compiled for stage:60 name: stage_2_9_acc_grad_0 module id: 0
[2m[36m(CompileWorker pid=4041102)[0m compiled for stage:60 name: stage_2_9_acc_grad_1 module id: 1
[2m[36m(CompileWorker pid=4041104)[0m compiled for stage:70 name: stage_3_5_acc_grad_0 module id: 0
[2m[36m(CompileWorker pid=4041104)[0m compiled for stage:70 name: stage_3_5_acc_grad_1 module id: 1
[2m[36m(CompileWorker pid=4041099)[0m  tensor (Large latency) dimensions: (1, 2048, 12288, 12288, 1, 1, 1, 1, 1, 1, 0, 0, 'CONV', 1, 1, 0, 0),  latency: 26.58889142857143
[2m[36m(CompileWorker pid=4041097)[0m compiled for stage:71 name: stage_3_5_acc_grad_0 module id: 0
[2m[36m(CompileWorker pid=4041097)[0m compiled for stage:71 name: stage_3_5_acc_grad_1 module id: 1
[2m[36m(CompileWorker pid=4041098)[0m compiled for stage:72 name: stage_3_6_acc_grad_0 module id: 0
[2m[36m(CompileWorker pid=4041098)[0m compiled for stage:72 name: stage_3_6_acc_grad_1 module id: 1
[2m[36m(CompileWorker pid=4041096)[0m compiled for stage:62 name: stage_2_10_acc_grad_0 module id: 0
[2m[36m(CompileWorker pid=4041096)[0m compiled for stage:62 name: stage_2_10_acc_grad_1 module id: 1
[2m[36m(CompileWorker pid=4041095)[0m compiled for stage:61 name: stage_2_9_acc_grad_0 module id: 0
[2m[36m(CompileWorker pid=4041095)[0m compiled for stage:61 name: stage_2_9_acc_grad_1 module id: 1
[2m[36m(CompileWorker pid=4041094)[0m compiled for stage:73 name: stage_3_6_acc_grad_0 module id: 0
[2m[36m(CompileWorker pid=4041094)[0m compiled for stage:73 name: stage_3_6_acc_grad_1 module id: 1
[2m[36m(CompileWorker pid=4041103)[0m compiled for stage:74 name: stage_3_7_acc_grad_0 module id: 0
[2m[36m(CompileWorker pid=4041103)[0m compiled for stage:74 name: stage_3_7_acc_grad_1 module id: 1
[2m[36m(CompileWorker pid=4041100)[0m compiled for stage:64 name: stage_2_11_acc_grad_0 module id: 0
[2m[36m(CompileWorker pid=4041100)[0m compiled for stage:64 name: stage_2_11_acc_grad_1 module id: 1
[2m[36m(CompileWorker pid=4041102)[0m compiled for stage:76 name: stage_3_8_acc_grad_0 module id: 0
[2m[36m(CompileWorker pid=4041104)[0m compiled for stage:75 name: stage_3_7_acc_grad_0 module id: 0
[2m[36m(CompileWorker pid=4041102)[0m compiled for stage:76 name: stage_3_8_acc_grad_1 module id: 1
[2m[36m(CompileWorker pid=4041104)[0m compiled for stage:75 name: stage_3_7_acc_grad_1 module id: 1
[2m[36m(CompileWorker pid=4041105)[0m compiled for stage:63 name: stage_2_10_acc_grad_0 module id: 0
[2m[36m(CompileWorker pid=4041105)[0m compiled for stage:63 name: stage_2_10_acc_grad_1 module id: 1
[2m[36m(CompileWorker pid=4041097)[0m compiled for stage:78 name: stage_3_9_acc_grad_0 module id: 0
[2m[36m(CompileWorker pid=4041104)[0m compiled for stage:84 name: stage_4_4_acc_grad_0 module id: 0
[2m[36m(CompileWorker pid=4041104)[0m compiled for stage:84 name: stage_4_4_acc_grad_1 module id: 1
[2m[36m(CompileWorker pid=4041097)[0m compiled for stage:78 name: stage_3_9_acc_grad_1 module id: 1
[2m[36m(CompileWorker pid=4041102)[0m compiled for stage:85 name: stage_4_4_acc_grad_0 module id: 0
[2m[36m(CompileWorker pid=4041102)[0m compiled for stage:85 name: stage_4_4_acc_grad_1 module id: 1
[2m[36m(CompileWorker pid=4041100)[0m  tensor (Large latency) dimensions: (1, 2048, 12288, 12288, 1, 1, 1, 1, 1, 1, 0, 0, 'CONV', 1, 1, 0, 0),  latency: 26.58889142857143
[2m[36m(CompileWorker pid=4041099)[0m compiled for stage:77 name: stage_3_8_acc_grad_0 module id: 0
[2m[36m(CompileWorker pid=4041099)[0m compiled for stage:77 name: stage_3_8_acc_grad_1 module id: 1
[2m[36m(CompileWorker pid=4041105)[0m compiled for stage:86 name: stage_4_5_acc_grad_0 module id: 0
[2m[36m(CompileWorker pid=4041105)[0m compiled for stage:86 name: stage_4_5_acc_grad_1 module id: 1
[2m[36m(CompileWorker pid=4041104)[0m compiled for stage:87 name: stage_4_5_acc_grad_0 module id: 0
[2m[36m(CompileWorker pid=4041101)[0m compiled for stage:65 name: stage_2_11_acc_grad_0 module id: 0
[2m[36m(CompileWorker pid=4041104)[0m compiled for stage:87 name: stage_4_5_acc_grad_1 module id: 1
[2m[36m(CompileWorker pid=4041101)[0m compiled for stage:65 name: stage_2_11_acc_grad_1 module id: 1
[2m[36m(CompileWorker pid=4041102)[0m compiled for stage:88 name: stage_4_6_acc_grad_0 module id: 0
[2m[36m(CompileWorker pid=4041102)[0m compiled for stage:88 name: stage_4_6_acc_grad_1 module id: 1
[2m[36m(CompileWorker pid=4041096)[0m compiled for stage:80 name: stage_3_10_acc_grad_0 module id: 0
[2m[36m(CompileWorker pid=4041097)[0m compiled for stage:89 name: stage_4_6_acc_grad_0 module id: 0
[2m[36m(CompileWorker pid=4041097)[0m compiled for stage:89 name: stage_4_6_acc_grad_1 module id: 1
[2m[36m(CompileWorker pid=4041096)[0m compiled for stage:80 name: stage_3_10_acc_grad_1 module id: 1
[2m[36m(CompileWorker pid=4041100)[0m compiled for stage:90 name: stage_4_7_acc_grad_0 module id: 0
[2m[36m(CompileWorker pid=4041100)[0m compiled for stage:90 name: stage_4_7_acc_grad_1 module id: 1
[2m[36m(CompileWorker pid=4041098)[0m compiled for stage:79 name: stage_3_9_acc_grad_0 module id: 0
[2m[36m(CompileWorker pid=4041098)[0m compiled for stage:79 name: stage_3_9_acc_grad_1 module id: 1
[2m[36m(CompileWorker pid=4041101)[0m  tensor (Large latency) dimensions: (1, 2048, 12288, 12288, 1, 1, 1, 1, 1, 1, 0, 0, 'CONV', 1, 1, 0, 0),  latency: 26.58889142857143
[2m[36m(CompileWorker pid=4041095)[0m compiled for stage:82 name: stage_3_11_acc_grad_0 module id: 0
[2m[36m(CompileWorker pid=4041095)[0m compiled for stage:82 name: stage_3_11_acc_grad_1 module id: 1
[2m[36m(CompileWorker pid=4041105)[0m compiled for stage:92 name: stage_4_8_acc_grad_0 module id: 0
[2m[36m(CompileWorker pid=4041099)[0m compiled for stage:91 name: stage_4_7_acc_grad_0 module id: 0
[2m[36m(CompileWorker pid=4041105)[0m compiled for stage:92 name: stage_4_8_acc_grad_1 module id: 1
[2m[36m(CompileWorker pid=4041099)[0m compiled for stage:91 name: stage_4_7_acc_grad_1 module id: 1
[2m[36m(CompileWorker pid=4041094)[0m compiled for stage:81 name: stage_3_10_acc_grad_0 module id: 0
[2m[36m(CompileWorker pid=4041105)[0m compiled for stage:100 name: stage_5_5_acc_grad_0 module id: 0
[2m[36m(CompileWorker pid=4041105)[0m compiled for stage:100 name: stage_5_5_acc_grad_1 module id: 1
[2m[36m(CompileWorker pid=4041094)[0m compiled for stage:81 name: stage_3_10_acc_grad_1 module id: 1
[2m[36m(CompileWorker pid=4041099)[0m compiled for stage:101 name: stage_5_5_acc_grad_0 module id: 0
[2m[36m(CompileWorker pid=4041099)[0m compiled for stage:101 name: stage_5_5_acc_grad_1 module id: 1
[2m[36m(CompileWorker pid=4041095)[0m  tensor (Large latency) dimensions: (1, 2048, 12288, 12288, 1, 1, 1, 1, 1, 1, 0, 0, 'CONV', 1, 1, 0, 0),  latency: 26.58889142857143
[2m[36m(CompileWorker pid=4041104)[0m compiled for stage:93 name: stage_4_8_acc_grad_0 module id: 0
[2m[36m(CompileWorker pid=4041102)[0m compiled for stage:94 name: stage_4_9_acc_grad_0 module id: 0
[2m[36m(CompileWorker pid=4041104)[0m compiled for stage:93 name: stage_4_8_acc_grad_1 module id: 1
[2m[36m(CompileWorker pid=4041102)[0m compiled for stage:94 name: stage_4_9_acc_grad_1 module id: 1
[2m[36m(CompileWorker pid=4041105)[0m compiled for stage:102 name: stage_5_6_acc_grad_0 module id: 0
[2m[36m(CompileWorker pid=4041105)[0m compiled for stage:102 name: stage_5_6_acc_grad_1 module id: 1
[2m[36m(CompileWorker pid=4041103)[0m compiled for stage:83 name: stage_3_11_acc_grad_0 module id: 0
[2m[36m(CompileWorker pid=4041103)[0m compiled for stage:83 name: stage_3_11_acc_grad_1 module id: 1
[2m[36m(CompileWorker pid=4041094)[0m compiled for stage:104 name: stage_5_7_acc_grad_0 module id: 0
[2m[36m(CompileWorker pid=4041094)[0m compiled for stage:104 name: stage_5_7_acc_grad_1 module id: 1
[2m[36m(CompileWorker pid=4041096)[0m compiled for stage:96 name: stage_4_10_acc_grad_0 module id: 0
[2m[36m(CompileWorker pid=4041097)[0m compiled for stage:95 name: stage_4_9_acc_grad_0 module id: 0
[2m[36m(CompileWorker pid=4041096)[0m compiled for stage:96 name: stage_4_10_acc_grad_1 module id: 1
[2m[36m(CompileWorker pid=4041097)[0m compiled for stage:95 name: stage_4_9_acc_grad_1 module id: 1
[2m[36m(CompileWorker pid=4041095)[0m compiled for stage:105 name: stage_5_7_acc_grad_0 module id: 0
[2m[36m(CompileWorker pid=4041095)[0m compiled for stage:105 name: stage_5_7_acc_grad_1 module id: 1
[2m[36m(CompileWorker pid=4041101)[0m compiled for stage:98 name: stage_4_11_acc_grad_0 module id: 0
[2m[36m(CompileWorker pid=4041104)[0m compiled for stage:106 name: stage_5_8_acc_grad_0 module id: 0
[2m[36m(CompileWorker pid=4041101)[0m compiled for stage:98 name: stage_4_11_acc_grad_1 module id: 1
[2m[36m(CompileWorker pid=4041104)[0m compiled for stage:106 name: stage_5_8_acc_grad_1 module id: 1
[2m[36m(CompileWorker pid=4041104)[0m compiled for stage:114 name: stage_6_6_acc_grad_0 module id: 0
[2m[36m(CompileWorker pid=4041104)[0m compiled for stage:114 name: stage_6_6_acc_grad_1 module id: 1
[2m[36m(CompileWorker pid=4041102)[0m compiled for stage:108 name: stage_5_9_acc_grad_0 module id: 0
[2m[36m(CompileWorker pid=4041101)[0m compiled for stage:115 name: stage_6_6_acc_grad_0 module id: 0
[2m[36m(CompileWorker pid=4041101)[0m compiled for stage:115 name: stage_6_6_acc_grad_1 module id: 1
[2m[36m(CompileWorker pid=4041102)[0m compiled for stage:108 name: stage_5_9_acc_grad_1 module id: 1
[2m[36m(CompileWorker pid=4041105)[0m compiled for stage:107 name: stage_5_8_acc_grad_0 module id: 0
[2m[36m(CompileWorker pid=4041105)[0m compiled for stage:107 name: stage_5_8_acc_grad_1 module id: 1
[2m[36m(CompileWorker pid=4041100)[0m compiled for stage:97 name: stage_4_10_acc_grad_0 module id: 0
[2m[36m(CompileWorker pid=4041100)[0m compiled for stage:97 name: stage_4_10_acc_grad_1 module id: 1
[2m[36m(CompileWorker pid=4041104)[0m compiled for stage:116 name: stage_6_7_acc_grad_0 module id: 0
[2m[36m(CompileWorker pid=4041104)[0m compiled for stage:116 name: stage_6_7_acc_grad_1 module id: 1
[2m[36m(CompileWorker pid=4041101)[0m compiled for stage:117 name: stage_6_7_acc_grad_0 module id: 0
[2m[36m(CompileWorker pid=4041101)[0m compiled for stage:117 name: stage_6_7_acc_grad_1 module id: 1
[2m[36m(CompileWorker pid=4041094)[0m compiled for stage:110 name: stage_5_10_acc_grad_0 module id: 0
[2m[36m(CompileWorker pid=4041094)[0m compiled for stage:110 name: stage_5_10_acc_grad_1 module id: 1
[2m[36m(CompileWorker pid=4041103)[0m compiled for stage:109 name: stage_5_9_acc_grad_0 module id: 0
[2m[36m(CompileWorker pid=4041102)[0m compiled for stage:118 name: stage_6_8_acc_grad_0 module id: 0
[2m[36m(CompileWorker pid=4041103)[0m compiled for stage:109 name: stage_5_9_acc_grad_1 module id: 1
[2m[36m(CompileWorker pid=4041102)[0m compiled for stage:118 name: stage_6_8_acc_grad_1 module id: 1
[2m[36m(CompileWorker pid=4041105)[0m compiled for stage:119 name: stage_6_8_acc_grad_0 module id: 0
[2m[36m(CompileWorker pid=4041098)[0m compiled for stage:99 name: stage_4_11_acc_grad_0 module id: 0
[2m[36m(CompileWorker pid=4041105)[0m compiled for stage:119 name: stage_6_8_acc_grad_1 module id: 1
[2m[36m(CompileWorker pid=4041098)[0m compiled for stage:99 name: stage_4_11_acc_grad_1 module id: 1
[2m[36m(CompileWorker pid=4041100)[0m compiled for stage:120 name: stage_6_9_acc_grad_0 module id: 0
[2m[36m(CompileWorker pid=4041105)[0m compiled for stage:126 name: stage_7_7_acc_grad_0 module id: 0
[2m[36m(CompileWorker pid=4041100)[0m compiled for stage:120 name: stage_6_9_acc_grad_1 module id: 1
[2m[36m(CompileWorker pid=4041105)[0m compiled for stage:126 name: stage_7_7_acc_grad_1 module id: 1
[2m[36m(CompileWorker pid=4041095)[0m compiled for stage:112 name: stage_5_11_acc_grad_0 module id: 0
[2m[36m(CompileWorker pid=4041095)[0m compiled for stage:112 name: stage_5_11_acc_grad_1 module id: 1
[2m[36m(CompileWorker pid=4041105)[0m compiled for stage:127 name: stage_7_7_acc_grad_0 module id: 0
[2m[36m(CompileWorker pid=4041105)[0m compiled for stage:127 name: stage_7_7_acc_grad_1 module id: 1
[2m[36m(CompileWorker pid=4041097)[0m compiled for stage:111 name: stage_5_10_acc_grad_0 module id: 0
[2m[36m(CompileWorker pid=4041104)[0m compiled for stage:121 name: stage_6_9_acc_grad_0 module id: 0
[2m[36m(CompileWorker pid=4041097)[0m compiled for stage:111 name: stage_5_10_acc_grad_1 module id: 1
[2m[36m(CompileWorker pid=4041104)[0m compiled for stage:121 name: stage_6_9_acc_grad_1 module id: 1
[2m[36m(CompileWorker pid=4041100)[0m compiled for stage:128 name: stage_7_8_acc_grad_0 module id: 0
[2m[36m(CompileWorker pid=4041098)[0m  tensor (Large latency) dimensions: (1, 2048, 12288, 12288, 1, 1, 1, 1, 1, 1, 0, 0, 'CONV', 1, 1, 0, 0),  latency: 26.58889142857143
[2m[36m(CompileWorker pid=4041100)[0m compiled for stage:128 name: stage_7_8_acc_grad_1 module id: 1
[2m[36m(CompileWorker pid=4041101)[0m compiled for stage:122 name: stage_6_10_acc_grad_0 module id: 0
[2m[36m(CompileWorker pid=4041101)[0m compiled for stage:122 name: stage_6_10_acc_grad_1 module id: 1
[2m[36m(CompileWorker pid=4041096)[0m compiled for stage:113 name: stage_5_11_acc_grad_0 module id: 0
[2m[36m(CompileWorker pid=4041096)[0m compiled for stage:113 name: stage_5_11_acc_grad_1 module id: 1
[2m[36m(CompileWorker pid=4041105)[0m compiled for stage:129 name: stage_7_8_acc_grad_0 module id: 0
[2m[36m(CompileWorker pid=4041105)[0m compiled for stage:129 name: stage_7_8_acc_grad_1 module id: 1
[2m[36m(CompileWorker pid=4041102)[0m compiled for stage:124 name: stage_6_11_acc_grad_0 module id: 0
[2m[36m(CompileWorker pid=4041102)[0m compiled for stage:124 name: stage_6_11_acc_grad_1 module id: 1
[2m[36m(CompileWorker pid=4041095)[0m compiled for stage:130 name: stage_7_9_acc_grad_0 module id: 0
[2m[36m(CompileWorker pid=4041099)[0m compiled for stage:103 name: stage_5_6_acc_grad_0 module id: 0
[2m[36m(CompileWorker pid=4041095)[0m compiled for stage:130 name: stage_7_9_acc_grad_1 module id: 1
[2m[36m(CompileWorker pid=4041099)[0m compiled for stage:103 name: stage_5_6_acc_grad_1 module id: 1
[2m[36m(CompileWorker pid=4041105)[0m compiled for stage:136 name: stage_8_8_acc_grad_0 module id: 0
[2m[36m(CompileWorker pid=4041105)[0m compiled for stage:136 name: stage_8_8_acc_grad_1 module id: 1
[2m[36m(CompileWorker pid=4041094)[0m compiled for stage:123 name: stage_6_10_acc_grad_0 module id: 0
[2m[36m(CompileWorker pid=4041099)[0m compiled for stage:137 name: stage_8_8_acc_grad_0 module id: 0
[2m[36m(CompileWorker pid=4041094)[0m compiled for stage:123 name: stage_6_10_acc_grad_1 module id: 1
[2m[36m(CompileWorker pid=4041099)[0m compiled for stage:137 name: stage_8_8_acc_grad_1 module id: 1
[2m[36m(CompileWorker pid=4041097)[0m compiled for stage:131 name: stage_7_9_acc_grad_0 module id: 0
[2m[36m(CompileWorker pid=4041096)[0m  tensor (Large latency) dimensions: (1, 2048, 12288, 12288, 1, 1, 1, 1, 1, 1, 0, 0, 'CONV', 1, 1, 0, 0),  latency: 26.58889142857143
[2m[36m(CompileWorker pid=4041097)[0m compiled for stage:131 name: stage_7_9_acc_grad_1 module id: 1
[2m[36m(CompileWorker pid=4041104)[0m compiled for stage:132 name: stage_7_10_acc_grad_0 module id: 0
[2m[36m(CompileWorker pid=4041095)[0m compiled for stage:138 name: stage_8_9_acc_grad_0 module id: 0
[2m[36m(CompileWorker pid=4041103)[0m compiled for stage:125 name: stage_6_11_acc_grad_0 module id: 0
[2m[36m(CompileWorker pid=4041095)[0m compiled for stage:138 name: stage_8_9_acc_grad_1 module id: 1
[2m[36m(CompileWorker pid=4041104)[0m compiled for stage:132 name: stage_7_10_acc_grad_1 module id: 1
[2m[36m(CompileWorker pid=4041103)[0m compiled for stage:125 name: stage_6_11_acc_grad_1 module id: 1
[2m[36m(CompileWorker pid=4041105)[0m compiled for stage:139 name: stage_8_9_acc_grad_0 module id: 0
[2m[36m(CompileWorker pid=4041105)[0m compiled for stage:139 name: stage_8_9_acc_grad_1 module id: 1
[2m[36m(CompileWorker pid=4041102)[0m  tensor (Large latency) dimensions: (1, 2048, 12288, 12288, 1, 1, 1, 1, 1, 1, 0, 0, 'CONV', 1, 1, 0, 0),  latency: 26.58889142857143
[2m[36m(CompileWorker pid=4041098)[0m compiled for stage:134 name: stage_7_11_acc_grad_0 module id: 0
[2m[36m(CompileWorker pid=4041098)[0m compiled for stage:134 name: stage_7_11_acc_grad_1 module id: 1
[2m[36m(CompileWorker pid=4041095)[0m compiled for stage:144 name: stage_9_9_acc_grad_0 module id: 0
[2m[36m(CompileWorker pid=4041095)[0m compiled for stage:144 name: stage_9_9_acc_grad_1 module id: 1
[2m[36m(CompileWorker pid=4041100)[0m compiled for stage:133 name: stage_7_10_acc_grad_0 module id: 0
[2m[36m(CompileWorker pid=4041104)[0m compiled for stage:145 name: stage_9_9_acc_grad_0 module id: 0
[2m[36m(CompileWorker pid=4041104)[0m compiled for stage:145 name: stage_9_9_acc_grad_1 module id: 1
[2m[36m(CompileWorker pid=4041100)[0m compiled for stage:133 name: stage_7_10_acc_grad_1 module id: 1
[2m[36m(CompileWorker pid=4041099)[0m compiled for stage:140 name: stage_8_10_acc_grad_0 module id: 0
[2m[36m(CompileWorker pid=4041099)[0m compiled for stage:140 name: stage_8_10_acc_grad_1 module id: 1
[2m[36m(CompileWorker pid=4041095)[0m compiled for stage:150 name: stage_10_10_acc_grad_0 module id: 0
[2m[36m(CompileWorker pid=4041095)[0m compiled for stage:150 name: stage_10_10_acc_grad_1 module id: 1
[2m[36m(CompileWorker pid=4041104)[0m compiled for stage:151 name: stage_10_10_acc_grad_0 module id: 0
[2m[36m(CompileWorker pid=4041103)[0m compiled for stage:146 name: stage_9_10_acc_grad_0 module id: 0
[2m[36m(CompileWorker pid=4041104)[0m compiled for stage:151 name: stage_10_10_acc_grad_1 module id: 1
[2m[36m(CompileWorker pid=4041103)[0m compiled for stage:146 name: stage_9_10_acc_grad_1 module id: 1
[2m[36m(CompileWorker pid=4041101)[0m compiled for stage:135 name: stage_7_11_acc_grad_0 module id: 0
[2m[36m(CompileWorker pid=4041100)[0m compiled for stage:152 name: stage_10_11_acc_grad_0 module id: 0
[2m[36m(CompileWorker pid=4041101)[0m compiled for stage:135 name: stage_7_11_acc_grad_1 module id: 1
[2m[36m(CompileWorker pid=4041102)[0m compiled for stage:147 name: stage_9_10_acc_grad_0 module id: 0
[2m[36m(CompileWorker pid=4041102)[0m compiled for stage:147 name: stage_9_10_acc_grad_1 module id: 1
[2m[36m(CompileWorker pid=4041095)[0m compiled for stage:154 name: stage_11_11_acc_grad_0 module id: 0
[2m[36m(CompileWorker pid=4041095)[0m compiled for stage:154 name: stage_11_11_acc_grad_1 module id: 1
[2m[36m(CompileWorker pid=4041100)[0m compiled for stage:152 name: stage_10_11_acc_grad_1 module id: 1
[2m[36m(CompileWorker pid=4041104)[0m compiled for stage:155 name: stage_11_11_acc_grad_0 module id: 0
[2m[36m(CompileWorker pid=4041104)[0m compiled for stage:155 name: stage_11_11_acc_grad_1 module id: 1
[2m[36m(CompileWorker pid=4041105)[0m compiled for stage:148 name: stage_9_11_acc_grad_0 module id: 0
[2m[36m(CompileWorker pid=4041105)[0m compiled for stage:148 name: stage_9_11_acc_grad_1 module id: 1
[2m[36m(CompileWorker pid=4041094)[0m compiled for stage:141 name: stage_8_10_acc_grad_0 module id: 0
[2m[36m(CompileWorker pid=4041094)[0m compiled for stage:141 name: stage_8_10_acc_grad_1 module id: 1
[2m[36m(CompileWorker pid=4041096)[0m compiled for stage:142 name: stage_8_11_acc_grad_0 module id: 0
[2m[36m(CompileWorker pid=4041096)[0m compiled for stage:142 name: stage_8_11_acc_grad_1 module id: 1
[2m[36m(CompileWorker pid=4041099)[0m compiled for stage:153 name: stage_10_11_acc_grad_0 module id: 0
[2m[36m(CompileWorker pid=4041099)[0m compiled for stage:153 name: stage_10_11_acc_grad_1 module id: 1
[2m[36m(CompileWorker pid=4041098)[0m compiled for stage:149 name: stage_9_11_acc_grad_0 module id: 0
[2m[36m(CompileWorker pid=4041098)[0m compiled for stage:149 name: stage_9_11_acc_grad_1 module id: 1
[2m[36m(CompileWorker pid=4041097)[0m compiled for stage:143 name: stage_8_11_acc_grad_0 module id: 0
[2m[36m(CompileWorker pid=4041097)[0m compiled for stage:143 name: stage_8_11_acc_grad_1 module id: 1
[2m[36m(CompileWorker pid=4041105)[0m  tensor (Large latency) dimensions: (1, 2048, 12288, 12288, 1, 1, 1, 1, 1, 1, 0, 0, 'CONV', 1, 1, 0, 0),  latency: 26.58889142857143
[2m[36m(CompileWorker pid=4041097)[0m  tensor (Large latency) dimensions: (1, 2048, 12288, 12288, 1, 1, 1, 1, 1, 1, 0, 0, 'CONV', 1, 1, 0, 0),  latency: 26.58889142857143
- parse estimation results for all stages
Using pre computed peak Mem for (0, 0, 1, 0), module 0
result[(0, 0, 1, 0), 0] = ModuleProfileResult(compute_cost=433.695, peak_memory=5.600 GB, invar_size=2.861 GB, outvar_size=3.967 GB, temp_buffer_size=-1.229 GB, available_memory=64.000 GB, comm_cost=0.468)
result[(0, 0, 1, 0), 1] = ModuleProfileResult(compute_cost=1603.034, peak_memory=8.181 GB, invar_size=6.829 GB, outvar_size=2.861 GB, temp_buffer_size=1.352 GB, available_memory=64.000 GB, comm_cost=0.107)
Using pre computed peak Mem for (0, 0, 1, 1), module 0
result[(0, 0, 1, 1), 0] = ModuleProfileResult(compute_cost=433.695, peak_memory=5.600 GB, invar_size=2.861 GB, outvar_size=3.991 GB, temp_buffer_size=-1.252 GB, available_memory=64.000 GB, comm_cost=0.468)
result[(0, 0, 1, 1), 1] = ModuleProfileResult(compute_cost=1603.035, peak_memory=8.404 GB, invar_size=6.852 GB, outvar_size=2.861 GB, temp_buffer_size=1.551 GB, available_memory=64.000 GB, comm_cost=0.106)
Using pre computed peak Mem for (0, 1, 1, 0), module 0
result[(0, 1, 1, 0), 0] = ModuleProfileResult(compute_cost=865.173, peak_memory=11.200 GB, invar_size=4.549 GB, outvar_size=7.812 GB, temp_buffer_size=-1.161 GB, available_memory=64.000 GB, comm_cost=0.711)
result[(0, 1, 1, 0), 1] = ModuleProfileResult(compute_cost=3190.678, peak_memory=13.982 GB, invar_size=12.361 GB, outvar_size=4.549 GB, temp_buffer_size=1.621 GB, available_memory=64.000 GB, comm_cost=0.182)
Using pre computed peak Mem for (0, 1, 1, 1), module 0
result[(0, 1, 1, 1), 0] = ModuleProfileResult(compute_cost=865.173, peak_memory=11.200 GB, invar_size=4.549 GB, outvar_size=7.882 GB, temp_buffer_size=-1.231 GB, available_memory=64.000 GB, comm_cost=0.711)
result[(0, 1, 1, 1), 1] = ModuleProfileResult(compute_cost=3190.679, peak_memory=14.416 GB, invar_size=12.431 GB, outvar_size=4.549 GB, temp_buffer_size=1.985 GB, available_memory=64.000 GB, comm_cost=0.181)
Using pre computed peak Mem for (0, 2, 1, 0), module 0
result[(0, 2, 1, 0), 0] = ModuleProfileResult(compute_cost=1585.986, peak_memory=16.800 GB, invar_size=6.800 GB, outvar_size=13.274 GB, temp_buffer_size=-3.273 GB, available_memory=64.000 GB, comm_cost=1.178)
result[(0, 2, 1, 0), 1] = ModuleProfileResult(compute_cost=5264.574, peak_memory=22.256 GB, invar_size=20.073 GB, outvar_size=6.800 GB, temp_buffer_size=2.183 GB, available_memory=64.000 GB, comm_cost=0.317)
Using pre computed peak Mem for (0, 2, 1, 1), module 0
result[(0, 2, 1, 1), 0] = ModuleProfileResult(compute_cost=1585.991, peak_memory=16.800 GB, invar_size=6.800 GB, outvar_size=13.321 GB, temp_buffer_size=-3.320 GB, available_memory=64.000 GB, comm_cost=1.182)
result[(0, 2, 1, 1), 1] = ModuleProfileResult(compute_cost=5264.570, peak_memory=22.258 GB, invar_size=20.120 GB, outvar_size=6.800 GB, temp_buffer_size=2.137 GB, available_memory=64.000 GB, comm_cost=0.311)
Using pre computed peak Mem for (0, 3, 1, 0), module 0
result[(0, 3, 1, 0), 0] = ModuleProfileResult(compute_cost=2017.276, peak_memory=22.400 GB, invar_size=8.487 GB, outvar_size=17.024 GB, temp_buffer_size=-3.112 GB, available_memory=64.000 GB, comm_cost=1.421)
result[(0, 3, 1, 0), 1] = ModuleProfileResult(compute_cost=6851.934, peak_memory=27.952 GB, invar_size=25.512 GB, outvar_size=8.487 GB, temp_buffer_size=2.441 GB, available_memory=64.000 GB, comm_cost=0.390)
Using pre computed peak Mem for (0, 3, 1, 1), module 0
result[(0, 3, 1, 1), 0] = ModuleProfileResult(compute_cost=2003.872, peak_memory=22.400 GB, invar_size=8.628 GB, outvar_size=17.188 GB, temp_buffer_size=-3.416 GB, available_memory=64.000 GB, comm_cost=1.404)
result[(0, 3, 1, 1), 1] = ModuleProfileResult(compute_cost=6938.751, peak_memory=28.679 GB, invar_size=25.863 GB, outvar_size=8.628 GB, temp_buffer_size=2.816 GB, available_memory=64.000 GB, comm_cost=0.413)
Using pre computed peak Mem for (0, 4, 1, 0), module 0
result[(0, 4, 1, 0), 0] = ModuleProfileResult(compute_cost=2448.566, peak_memory=28.000 GB, invar_size=10.175 GB, outvar_size=20.892 GB, temp_buffer_size=-3.067 GB, available_memory=64.000 GB, comm_cost=1.665)
result[(0, 4, 1, 0), 1] = ModuleProfileResult(compute_cost=8439.301, peak_memory=33.765 GB, invar_size=31.067 GB, outvar_size=10.175 GB, temp_buffer_size=2.698 GB, available_memory=64.000 GB, comm_cost=0.468)
Using pre computed peak Mem for (0, 4, 1, 1), module 0
result[(0, 4, 1, 1), 0] = ModuleProfileResult(compute_cost=2448.580, peak_memory=28.000 GB, invar_size=10.175 GB, outvar_size=21.079 GB, temp_buffer_size=-3.254 GB, available_memory=64.000 GB, comm_cost=1.675)
result[(0, 4, 1, 1), 1] = ModuleProfileResult(compute_cost=8439.316, peak_memory=34.777 GB, invar_size=31.254 GB, outvar_size=10.175 GB, temp_buffer_size=3.522 GB, available_memory=64.000 GB, comm_cost=0.473)
Using pre computed peak Mem for (0, 5, 1, 0), module 0
result[(0, 5, 1, 0), 0] = ModuleProfileResult(compute_cost=2879.856, peak_memory=33.600 GB, invar_size=11.863 GB, outvar_size=24.549 GB, temp_buffer_size=-2.812 GB, available_memory=64.000 GB, comm_cost=1.908)
result[(0, 5, 1, 0), 1] = ModuleProfileResult(compute_cost=10026.664, peak_memory=39.555 GB, invar_size=36.412 GB, outvar_size=11.863 GB, temp_buffer_size=3.144 GB, available_memory=64.000 GB, comm_cost=0.543)
Using pre computed peak Mem for (0, 5, 1, 1), module 0
result[(0, 5, 1, 1), 0] = ModuleProfileResult(compute_cost=2879.856, peak_memory=33.600 GB, invar_size=11.863 GB, outvar_size=24.713 GB, temp_buffer_size=-2.976 GB, available_memory=64.000 GB, comm_cost=1.908)
result[(0, 5, 1, 1), 1] = ModuleProfileResult(compute_cost=10026.669, peak_memory=40.117 GB, invar_size=36.576 GB, outvar_size=11.863 GB, temp_buffer_size=3.542 GB, available_memory=64.000 GB, comm_cost=0.541)
Using pre computed peak Mem for (0, 6, 1, 0), module 0
result[(0, 6, 1, 0), 0] = ModuleProfileResult(compute_cost=3311.146, peak_memory=39.200 GB, invar_size=13.551 GB, outvar_size=28.323 GB, temp_buffer_size=-2.673 GB, available_memory=64.000 GB, comm_cost=2.152)
result[(0, 6, 1, 0), 1] = ModuleProfileResult(compute_cost=11614.023, peak_memory=45.392 GB, invar_size=41.873 GB, outvar_size=13.551 GB, temp_buffer_size=3.519 GB, available_memory=64.000 GB, comm_cost=0.613)
Using pre computed peak Mem for (0, 6, 1, 1), module 0
result[(0, 6, 1, 1), 0] = ModuleProfileResult(compute_cost=3297.745, peak_memory=39.200 GB, invar_size=13.691 GB, outvar_size=28.674 GB, temp_buffer_size=-3.165 GB, available_memory=64.000 GB, comm_cost=2.136)
result[(0, 6, 1, 1), 1] = ModuleProfileResult(compute_cost=11700.850, peak_memory=45.946 GB, invar_size=42.412 GB, outvar_size=13.691 GB, temp_buffer_size=3.534 GB, available_memory=64.000 GB, comm_cost=0.643)
Using pre computed peak Mem for (0, 7, 1, 0), module 0
result[(0, 7, 1, 0), 0] = ModuleProfileResult(compute_cost=3742.438, peak_memory=44.800 GB, invar_size=15.238 GB, outvar_size=32.097 GB, temp_buffer_size=-2.535 GB, available_memory=64.000 GB, comm_cost=2.398)
result[(0, 7, 1, 0), 1] = ModuleProfileResult(compute_cost=13201.391, peak_memory=50.975 GB, invar_size=47.335 GB, outvar_size=15.238 GB, temp_buffer_size=3.640 GB, available_memory=64.000 GB, comm_cost=0.693)
Using pre computed peak Mem for (0, 7, 1, 1), module 0
result[(0, 7, 1, 1), 0] = ModuleProfileResult(compute_cost=3742.448, peak_memory=44.800 GB, invar_size=15.238 GB, outvar_size=32.378 GB, temp_buffer_size=-2.816 GB, available_memory=64.000 GB, comm_cost=2.406)
result[(0, 7, 1, 1), 1] = ModuleProfileResult(compute_cost=13201.398, peak_memory=51.673 GB, invar_size=47.616 GB, outvar_size=15.238 GB, temp_buffer_size=4.057 GB, available_memory=64.000 GB, comm_cost=0.691)
Using pre computed peak Mem for (0, 8, 1, 0), module 0
result[(0, 8, 1, 0), 0] = ModuleProfileResult(compute_cost=4173.726, peak_memory=50.400 GB, invar_size=16.926 GB, outvar_size=35.847 GB, temp_buffer_size=-2.373 GB, available_memory=64.000 GB, comm_cost=2.639)
result[(0, 8, 1, 0), 1] = ModuleProfileResult(compute_cost=14788.751, peak_memory=56.270 GB, invar_size=52.773 GB, outvar_size=16.926 GB, temp_buffer_size=3.497 GB, available_memory=64.000 GB, comm_cost=0.764)
Using pre computed peak Mem for (0, 8, 1, 1), module 0
result[(0, 8, 1, 1), 0] = ModuleProfileResult(compute_cost=4173.726, peak_memory=50.400 GB, invar_size=16.926 GB, outvar_size=36.011 GB, temp_buffer_size=-2.537 GB, available_memory=64.000 GB, comm_cost=2.639)
result[(0, 8, 1, 1), 1] = ModuleProfileResult(compute_cost=14788.758, peak_memory=56.855 GB, invar_size=52.937 GB, outvar_size=16.926 GB, temp_buffer_size=3.918 GB, available_memory=64.000 GB, comm_cost=0.763)
Using pre computed peak Mem for (0, 9, 1, 0), module 0
result[(0, 9, 1, 0), 0] = ModuleProfileResult(compute_cost=4605.016, peak_memory=56.000 GB, invar_size=18.614 GB, outvar_size=39.574 GB, temp_buffer_size=-2.188 GB, available_memory=64.000 GB, comm_cost=2.882)
result[(0, 9, 1, 0), 1] = ModuleProfileResult(compute_cost=16376.115, peak_memory=63.418 GB, invar_size=58.188 GB, outvar_size=18.614 GB, temp_buffer_size=5.230 GB, available_memory=64.000 GB, comm_cost=0.840)
Using pre computed peak Mem for (0, 9, 1, 1), module 0
result[(0, 9, 1, 1), 0] = ModuleProfileResult(compute_cost=4605.016, peak_memory=56.000 GB, invar_size=18.614 GB, outvar_size=39.855 GB, temp_buffer_size=-2.469 GB, available_memory=64.000 GB, comm_cost=2.882)
result[(0, 9, 1, 1), 1] = ModuleProfileResult(compute_cost=16376.125, peak_memory=63.652 GB, invar_size=58.469 GB, outvar_size=18.614 GB, temp_buffer_size=5.183 GB, available_memory=64.000 GB, comm_cost=0.840)
Using pre computed peak Mem for (0, 10, 1, 0), module 0
result[(0, 10, 1, 0), 0] = ModuleProfileResult(compute_cost=5016.359, peak_memory=61.600 GB, invar_size=20.302 GB, outvar_size=43.489 GB, temp_buffer_size=-2.190 GB, available_memory=64.000 GB, comm_cost=3.307)
result[(0, 10, 1, 0), 1] = ModuleProfileResult(compute_cost=17923.036, peak_memory=68.645 GB, invar_size=63.837 GB, outvar_size=20.302 GB, temp_buffer_size=4.807 GB, available_memory=64.000 GB, comm_cost=0.917)
Using pre computed peak Mem for (0, 10, 1, 1), module 0
result[(0, 10, 1, 1), 0] = ModuleProfileResult(compute_cost=5036.308, peak_memory=61.600 GB, invar_size=20.302 GB, outvar_size=43.770 GB, temp_buffer_size=-2.472 GB, available_memory=64.000 GB, comm_cost=3.128)
result[(0, 10, 1, 1), 1] = ModuleProfileResult(compute_cost=17963.497, peak_memory=69.293 GB, invar_size=64.072 GB, outvar_size=20.302 GB, temp_buffer_size=5.222 GB, available_memory=64.000 GB, comm_cost=0.920)
Using pre computed peak Mem for (0, 11, 1, 0), module 0
result[(0, 11, 1, 0), 0] = ModuleProfileResult(compute_cost=5178.446, peak_memory=67.200 GB, invar_size=21.427 GB, outvar_size=46.842 GB, temp_buffer_size=-1.069 GB, available_memory=64.000 GB, comm_cost=3.146)
result[(0, 11, 1, 0), 1] = ModuleProfileResult(compute_cost=19093.682, peak_memory=74.584 GB, invar_size=69.419 GB, outvar_size=22.577 GB, temp_buffer_size=5.165 GB, available_memory=64.000 GB, comm_cost=0.945)
Using pre computed peak Mem for (0, 11, 1, 1), module 0
result[(0, 11, 1, 1), 0] = ModuleProfileResult(compute_cost=5178.446, peak_memory=67.200 GB, invar_size=21.427 GB, outvar_size=46.936 GB, temp_buffer_size=-1.163 GB, available_memory=64.000 GB, comm_cost=3.146)
result[(0, 11, 1, 1), 1] = ModuleProfileResult(compute_cost=19093.683, peak_memory=75.064 GB, invar_size=69.513 GB, outvar_size=22.577 GB, temp_buffer_size=5.551 GB, available_memory=64.000 GB, comm_cost=0.938)
Using pre computed peak Mem for (1, 1, 1, 0), module 0
result[(1, 1, 1, 0), 0] = ModuleProfileResult(compute_cost=431.508, peak_memory=5.600 GB, invar_size=1.782 GB, outvar_size=3.961 GB, temp_buffer_size=-0.143 GB, available_memory=64.000 GB, comm_cost=0.244)
result[(1, 1, 1, 0), 1] = ModuleProfileResult(compute_cost=1587.645, peak_memory=6.775 GB, invar_size=5.649 GB, outvar_size=1.782 GB, temp_buffer_size=1.032 GB, available_memory=64.000 GB, comm_cost=0.075)
Using pre computed peak Mem for (1, 1, 1, 1), module 0
result[(1, 1, 1, 1), 0] = ModuleProfileResult(compute_cost=431.508, peak_memory=5.600 GB, invar_size=1.782 GB, outvar_size=3.985 GB, temp_buffer_size=-0.166 GB, available_memory=64.000 GB, comm_cost=0.244)
result[(1, 1, 1, 1), 1] = ModuleProfileResult(compute_cost=1587.646, peak_memory=7.150 GB, invar_size=5.673 GB, outvar_size=1.782 GB, temp_buffer_size=1.383 GB, available_memory=64.000 GB, comm_cost=0.075)
Using pre computed peak Mem for (1, 2, 1, 0), module 0
result[(1, 2, 1, 0), 0] = ModuleProfileResult(compute_cost=1152.322, peak_memory=11.200 GB, invar_size=4.032 GB, outvar_size=9.494 GB, temp_buffer_size=-2.326 GB, available_memory=64.000 GB, comm_cost=0.710)
result[(1, 2, 1, 0), 1] = ModuleProfileResult(compute_cost=3661.534, peak_memory=15.038 GB, invar_size=13.432 GB, outvar_size=4.032 GB, temp_buffer_size=1.512 GB, available_memory=64.000 GB, comm_cost=0.205)
Using pre computed peak Mem for (1, 2, 1, 1), module 0
result[(1, 2, 1, 1), 0] = ModuleProfileResult(compute_cost=1152.322, peak_memory=11.200 GB, invar_size=4.032 GB, outvar_size=9.517 GB, temp_buffer_size=-2.349 GB, available_memory=64.000 GB, comm_cost=0.710)
result[(1, 2, 1, 1), 1] = ModuleProfileResult(compute_cost=3661.533, peak_memory=15.143 GB, invar_size=13.455 GB, outvar_size=4.032 GB, temp_buffer_size=1.594 GB, available_memory=64.000 GB, comm_cost=0.202)
Using pre computed peak Mem for (1, 3, 1, 0), module 0
result[(1, 3, 1, 0), 0] = ModuleProfileResult(compute_cost=1583.612, peak_memory=16.800 GB, invar_size=5.720 GB, outvar_size=13.150 GB, temp_buffer_size=-2.070 GB, available_memory=64.000 GB, comm_cost=0.953)
result[(1, 3, 1, 0), 1] = ModuleProfileResult(compute_cost=5248.898, peak_memory=20.769 GB, invar_size=18.776 GB, outvar_size=5.720 GB, temp_buffer_size=1.899 GB, available_memory=64.000 GB, comm_cost=0.281)
Using pre computed peak Mem for (1, 3, 1, 1), module 0
result[(1, 3, 1, 1), 0] = ModuleProfileResult(compute_cost=1583.612, peak_memory=16.800 GB, invar_size=5.720 GB, outvar_size=13.221 GB, temp_buffer_size=-2.140 GB, available_memory=64.000 GB, comm_cost=0.953)
result[(1, 3, 1, 1), 1] = ModuleProfileResult(compute_cost=5248.898, peak_memory=20.863 GB, invar_size=18.847 GB, outvar_size=5.720 GB, temp_buffer_size=1.922 GB, available_memory=64.000 GB, comm_cost=0.276)
Using pre computed peak Mem for (1, 4, 1, 0), module 0
result[(1, 4, 1, 0), 0] = ModuleProfileResult(compute_cost=2014.902, peak_memory=22.400 GB, invar_size=7.407 GB, outvar_size=17.018 GB, temp_buffer_size=-2.026 GB, available_memory=64.000 GB, comm_cost=1.197)
result[(1, 4, 1, 0), 1] = ModuleProfileResult(compute_cost=6836.262, peak_memory=26.677 GB, invar_size=24.332 GB, outvar_size=7.407 GB, temp_buffer_size=2.251 GB, available_memory=64.000 GB, comm_cost=0.356)
Using pre computed peak Mem for (1, 4, 1, 1), module 0
result[(1, 4, 1, 1), 0] = ModuleProfileResult(compute_cost=2014.902, peak_memory=22.400 GB, invar_size=7.407 GB, outvar_size=16.971 GB, temp_buffer_size=-1.979 GB, available_memory=64.000 GB, comm_cost=1.197)
result[(1, 4, 1, 1), 1] = ModuleProfileResult(compute_cost=6836.263, peak_memory=26.864 GB, invar_size=24.285 GB, outvar_size=7.407 GB, temp_buffer_size=2.485 GB, available_memory=64.000 GB, comm_cost=0.355)
Using pre computed peak Mem for (1, 5, 1, 0), module 0
result[(1, 5, 1, 0), 0] = ModuleProfileResult(compute_cost=2446.192, peak_memory=28.000 GB, invar_size=9.095 GB, outvar_size=20.816 GB, temp_buffer_size=-1.911 GB, available_memory=64.000 GB, comm_cost=1.440)
result[(1, 5, 1, 0), 1] = ModuleProfileResult(compute_cost=8423.625, peak_memory=32.443 GB, invar_size=29.817 GB, outvar_size=9.095 GB, temp_buffer_size=2.532 GB, available_memory=64.000 GB, comm_cost=0.432)
Using pre computed peak Mem for (1, 5, 1, 1), module 0
result[(1, 5, 1, 1), 0] = ModuleProfileResult(compute_cost=2446.192, peak_memory=28.000 GB, invar_size=9.095 GB, outvar_size=20.745 GB, temp_buffer_size=-1.840 GB, available_memory=64.000 GB, comm_cost=1.440)
result[(1, 5, 1, 1), 1] = ModuleProfileResult(compute_cost=8423.631, peak_memory=32.490 GB, invar_size=29.747 GB, outvar_size=9.095 GB, temp_buffer_size=2.650 GB, available_memory=64.000 GB, comm_cost=0.432)
Using pre computed peak Mem for (1, 6, 1, 0), module 0
result[(1, 6, 1, 0), 0] = ModuleProfileResult(compute_cost=2877.482, peak_memory=33.600 GB, invar_size=10.783 GB, outvar_size=24.496 GB, temp_buffer_size=-1.679 GB, available_memory=64.000 GB, comm_cost=1.684)
result[(1, 6, 1, 0), 1] = ModuleProfileResult(compute_cost=10010.989, peak_memory=38.233 GB, invar_size=35.185 GB, outvar_size=10.783 GB, temp_buffer_size=2.954 GB, available_memory=64.000 GB, comm_cost=0.507)
Using pre computed peak Mem for (1, 6, 1, 1), module 0
result[(1, 6, 1, 1), 0] = ModuleProfileResult(compute_cost=2877.482, peak_memory=33.600 GB, invar_size=10.783 GB, outvar_size=24.683 GB, temp_buffer_size=-1.866 GB, available_memory=64.000 GB, comm_cost=1.684)
result[(1, 6, 1, 1), 1] = ModuleProfileResult(compute_cost=10010.993, peak_memory=38.842 GB, invar_size=35.372 GB, outvar_size=10.783 GB, temp_buffer_size=3.375 GB, available_memory=64.000 GB, comm_cost=0.502)
Using pre computed peak Mem for (1, 7, 1, 0), module 0
result[(1, 7, 1, 0), 0] = ModuleProfileResult(compute_cost=3308.772, peak_memory=39.200 GB, invar_size=12.471 GB, outvar_size=28.270 GB, temp_buffer_size=-1.540 GB, available_memory=64.000 GB, comm_cost=1.927)
result[(1, 7, 1, 0), 1] = ModuleProfileResult(compute_cost=11598.353, peak_memory=44.070 GB, invar_size=40.647 GB, outvar_size=12.471 GB, temp_buffer_size=3.329 GB, available_memory=64.000 GB, comm_cost=0.582)
Using pre computed peak Mem for (1, 7, 1, 1), module 0
result[(1, 7, 1, 1), 0] = ModuleProfileResult(compute_cost=3308.772, peak_memory=39.200 GB, invar_size=12.471 GB, outvar_size=28.293 GB, temp_buffer_size=-1.564 GB, available_memory=64.000 GB, comm_cost=1.927)
result[(1, 7, 1, 1), 1] = ModuleProfileResult(compute_cost=11598.362, peak_memory=44.069 GB, invar_size=40.670 GB, outvar_size=12.471 GB, temp_buffer_size=3.305 GB, available_memory=64.000 GB, comm_cost=0.584)
Using pre computed peak Mem for (1, 8, 1, 0), module 0
result[(1, 8, 1, 0), 0] = ModuleProfileResult(compute_cost=3740.062, peak_memory=44.800 GB, invar_size=14.158 GB, outvar_size=31.950 GB, temp_buffer_size=-1.308 GB, available_memory=64.000 GB, comm_cost=2.171)
result[(1, 8, 1, 0), 1] = ModuleProfileResult(compute_cost=13185.717, peak_memory=49.531 GB, invar_size=46.015 GB, outvar_size=14.158 GB, temp_buffer_size=3.423 GB, available_memory=64.000 GB, comm_cost=0.658)
Using pre computed peak Mem for (1, 8, 1, 1), module 0
result[(1, 8, 1, 1), 0] = ModuleProfileResult(compute_cost=3740.062, peak_memory=44.800 GB, invar_size=14.158 GB, outvar_size=32.184 GB, temp_buffer_size=-1.543 GB, available_memory=64.000 GB, comm_cost=2.171)
result[(1, 8, 1, 1), 1] = ModuleProfileResult(compute_cost=13185.725, peak_memory=49.847 GB, invar_size=46.249 GB, outvar_size=14.158 GB, temp_buffer_size=3.504 GB, available_memory=64.000 GB, comm_cost=0.658)
Using pre computed peak Mem for (1, 9, 1, 0), module 0
result[(1, 9, 1, 0), 0] = ModuleProfileResult(compute_cost=4171.352, peak_memory=50.400 GB, invar_size=15.846 GB, outvar_size=35.911 GB, temp_buffer_size=-1.358 GB, available_memory=64.000 GB, comm_cost=2.414)
result[(1, 9, 1, 0), 1] = ModuleProfileResult(compute_cost=14773.081, peak_memory=55.111 GB, invar_size=51.664 GB, outvar_size=15.846 GB, temp_buffer_size=3.354 GB, available_memory=64.000 GB, comm_cost=0.733)
Using pre computed peak Mem for (1, 9, 1, 1), module 0
result[(1, 9, 1, 1), 0] = ModuleProfileResult(compute_cost=4171.352, peak_memory=50.400 GB, invar_size=15.846 GB, outvar_size=36.029 GB, temp_buffer_size=-1.475 GB, available_memory=64.000 GB, comm_cost=2.414)
result[(1, 9, 1, 1), 1] = ModuleProfileResult(compute_cost=14773.085, peak_memory=55.345 GB, invar_size=51.781 GB, outvar_size=15.846 GB, temp_buffer_size=3.471 GB, available_memory=64.000 GB, comm_cost=0.732)
Using pre computed peak Mem for (1, 10, 1, 0), module 0
result[(1, 10, 1, 0), 0] = ModuleProfileResult(compute_cost=4602.641, peak_memory=56.000 GB, invar_size=17.534 GB, outvar_size=39.592 GB, temp_buffer_size=-1.125 GB, available_memory=64.000 GB, comm_cost=2.658)
result[(1, 10, 1, 0), 1] = ModuleProfileResult(compute_cost=16360.445, peak_memory=62.166 GB, invar_size=57.032 GB, outvar_size=17.534 GB, temp_buffer_size=5.040 GB, available_memory=64.000 GB, comm_cost=0.808)
Using pre computed peak Mem for (1, 10, 1, 1), module 0
result[(1, 10, 1, 1), 0] = ModuleProfileResult(compute_cost=4602.641, peak_memory=56.000 GB, invar_size=17.534 GB, outvar_size=39.756 GB, temp_buffer_size=-1.290 GB, available_memory=64.000 GB, comm_cost=2.658)
result[(1, 10, 1, 1), 1] = ModuleProfileResult(compute_cost=16360.452, peak_memory=62.353 GB, invar_size=57.196 GB, outvar_size=17.534 GB, temp_buffer_size=5.064 GB, available_memory=64.000 GB, comm_cost=0.810)
Using pre computed peak Mem for (1, 11, 1, 0), module 0
result[(1, 11, 1, 0), 0] = ModuleProfileResult(compute_cost=4744.782, peak_memory=61.600 GB, invar_size=19.234 GB, outvar_size=42.417 GB, temp_buffer_size=-0.051 GB, available_memory=64.000 GB, comm_cost=2.679)
Using pre computed peak Mem for (1, 11, 1, 0), module 1
result[(1, 11, 1, 0), 1] = ModuleProfileResult(compute_cost=17489.692, peak_memory=71.500 GB, invar_size=61.557 GB, outvar_size=19.234 GB, temp_buffer_size=9.849 GB, available_memory=64.000 GB, comm_cost=1.032)
Using pre computed peak Mem for (1, 11, 1, 1), module 0
result[(1, 11, 1, 1), 0] = ModuleProfileResult(compute_cost=4744.782, peak_memory=61.600 GB, invar_size=19.234 GB, outvar_size=42.487 GB, temp_buffer_size=-0.121 GB, available_memory=64.000 GB, comm_cost=2.679)
Using pre computed peak Mem for (1, 11, 1, 1), module 1
result[(1, 11, 1, 1), 1] = ModuleProfileResult(compute_cost=17489.700, peak_memory=71.500 GB, invar_size=61.628 GB, outvar_size=19.234 GB, temp_buffer_size=9.779 GB, available_memory=64.000 GB, comm_cost=1.032)
Using pre computed peak Mem for (2, 2, 1, 0), module 0
result[(2, 2, 1, 0), 0] = ModuleProfileResult(compute_cost=720.845, peak_memory=5.600 GB, invar_size=2.344 GB, outvar_size=5.509 GB, temp_buffer_size=-2.253 GB, available_memory=64.000 GB, comm_cost=0.466)
result[(2, 2, 1, 0), 1] = ModuleProfileResult(compute_cost=2073.889, peak_memory=9.002 GB, invar_size=7.759 GB, outvar_size=2.344 GB, temp_buffer_size=1.149 GB, available_memory=64.000 GB, comm_cost=0.130)
Using pre computed peak Mem for (2, 2, 1, 1), module 0
result[(2, 2, 1, 1), 0] = ModuleProfileResult(compute_cost=720.845, peak_memory=5.600 GB, invar_size=2.344 GB, outvar_size=5.579 GB, temp_buffer_size=-2.323 GB, available_memory=64.000 GB, comm_cost=0.466)
result[(2, 2, 1, 1), 1] = ModuleProfileResult(compute_cost=2073.890, peak_memory=9.119 GB, invar_size=7.829 GB, outvar_size=2.344 GB, temp_buffer_size=1.196 GB, available_memory=64.000 GB, comm_cost=0.129)
Using pre computed peak Mem for (2, 3, 1, 0), module 0
result[(2, 3, 1, 0), 0] = ModuleProfileResult(compute_cost=1152.135, peak_memory=11.200 GB, invar_size=4.032 GB, outvar_size=9.259 GB, temp_buffer_size=-2.091 GB, available_memory=64.000 GB, comm_cost=0.710)
result[(2, 3, 1, 0), 1] = ModuleProfileResult(compute_cost=3661.253, peak_memory=14.722 GB, invar_size=13.197 GB, outvar_size=4.032 GB, temp_buffer_size=1.430 GB, available_memory=64.000 GB, comm_cost=0.205)
Using pre computed peak Mem for (2, 3, 1, 1), module 0
result[(2, 3, 1, 1), 0] = ModuleProfileResult(compute_cost=1152.135, peak_memory=11.200 GB, invar_size=4.032 GB, outvar_size=9.400 GB, temp_buffer_size=-2.232 GB, available_memory=64.000 GB, comm_cost=0.710)
result[(2, 3, 1, 1), 1] = ModuleProfileResult(compute_cost=3661.256, peak_memory=15.354 GB, invar_size=13.338 GB, outvar_size=4.032 GB, temp_buffer_size=1.922 GB, available_memory=64.000 GB, comm_cost=0.206)
Using pre computed peak Mem for (2, 4, 1, 0), module 0
result[(2, 4, 1, 0), 0] = ModuleProfileResult(compute_cost=1583.425, peak_memory=16.800 GB, invar_size=5.720 GB, outvar_size=13.127 GB, temp_buffer_size=-2.047 GB, available_memory=64.000 GB, comm_cost=0.953)
result[(2, 4, 1, 0), 1] = ModuleProfileResult(compute_cost=5248.617, peak_memory=20.723 GB, invar_size=18.753 GB, outvar_size=5.720 GB, temp_buffer_size=1.876 GB, available_memory=64.000 GB, comm_cost=0.281)
Using pre computed peak Mem for (2, 4, 1, 1), module 0
result[(2, 4, 1, 1), 0] = ModuleProfileResult(compute_cost=1583.425, peak_memory=16.800 GB, invar_size=5.720 GB, outvar_size=13.127 GB, temp_buffer_size=-2.047 GB, available_memory=64.000 GB, comm_cost=0.953)
result[(2, 4, 1, 1), 1] = ModuleProfileResult(compute_cost=5248.620, peak_memory=20.722 GB, invar_size=18.753 GB, outvar_size=5.720 GB, temp_buffer_size=1.875 GB, available_memory=64.000 GB, comm_cost=0.280)
Using pre computed peak Mem for (2, 5, 1, 0), module 0
result[(2, 5, 1, 0), 0] = ModuleProfileResult(compute_cost=2014.715, peak_memory=22.400 GB, invar_size=7.407 GB, outvar_size=16.831 GB, temp_buffer_size=-1.838 GB, available_memory=64.000 GB, comm_cost=1.197)
result[(2, 5, 1, 0), 1] = ModuleProfileResult(compute_cost=6835.981, peak_memory=26.606 GB, invar_size=24.144 GB, outvar_size=7.407 GB, temp_buffer_size=2.368 GB, available_memory=64.000 GB, comm_cost=0.356)
Using pre computed peak Mem for (2, 5, 1, 1), module 0
result[(2, 5, 1, 1), 0] = ModuleProfileResult(compute_cost=2014.715, peak_memory=22.400 GB, invar_size=7.407 GB, outvar_size=16.971 GB, temp_buffer_size=-1.979 GB, available_memory=64.000 GB, comm_cost=1.197)
result[(2, 5, 1, 1), 1] = ModuleProfileResult(compute_cost=6835.985, peak_memory=27.028 GB, invar_size=24.285 GB, outvar_size=7.407 GB, temp_buffer_size=2.650 GB, available_memory=64.000 GB, comm_cost=0.355)
Using pre computed peak Mem for (2, 6, 1, 0), module 0
result[(2, 6, 1, 0), 0] = ModuleProfileResult(compute_cost=2446.005, peak_memory=28.000 GB, invar_size=9.095 GB, outvar_size=20.675 GB, temp_buffer_size=-1.770 GB, available_memory=64.000 GB, comm_cost=1.440)
result[(2, 6, 1, 0), 1] = ModuleProfileResult(compute_cost=8423.345, peak_memory=32.420 GB, invar_size=29.676 GB, outvar_size=9.095 GB, temp_buffer_size=2.650 GB, available_memory=64.000 GB, comm_cost=0.432)
Using pre computed peak Mem for (2, 6, 1, 1), module 0
result[(2, 6, 1, 1), 0] = ModuleProfileResult(compute_cost=2446.005, peak_memory=28.000 GB, invar_size=9.095 GB, outvar_size=20.792 GB, temp_buffer_size=-1.887 GB, available_memory=64.000 GB, comm_cost=1.440)
result[(2, 6, 1, 1), 1] = ModuleProfileResult(compute_cost=8423.351, peak_memory=32.653 GB, invar_size=29.793 GB, outvar_size=9.095 GB, temp_buffer_size=2.766 GB, available_memory=64.000 GB, comm_cost=0.433)
Using pre computed peak Mem for (2, 7, 1, 0), module 0
result[(2, 7, 1, 0), 0] = ModuleProfileResult(compute_cost=2877.294, peak_memory=33.600 GB, invar_size=10.783 GB, outvar_size=24.519 GB, temp_buffer_size=-1.702 GB, available_memory=64.000 GB, comm_cost=1.684)
result[(2, 7, 1, 0), 1] = ModuleProfileResult(compute_cost=10010.708, peak_memory=38.608 GB, invar_size=35.208 GB, outvar_size=10.783 GB, temp_buffer_size=3.306 GB, available_memory=64.000 GB, comm_cost=0.507)
Using pre computed peak Mem for (2, 7, 1, 1), module 0
result[(2, 7, 1, 1), 0] = ModuleProfileResult(compute_cost=2877.294, peak_memory=33.600 GB, invar_size=10.783 GB, outvar_size=24.683 GB, temp_buffer_size=-1.866 GB, available_memory=64.000 GB, comm_cost=1.684)
result[(2, 7, 1, 1), 1] = ModuleProfileResult(compute_cost=10010.716, peak_memory=38.771 GB, invar_size=35.372 GB, outvar_size=10.783 GB, temp_buffer_size=3.305 GB, available_memory=64.000 GB, comm_cost=0.504)
Using pre computed peak Mem for (2, 8, 1, 0), module 0
result[(2, 8, 1, 0), 0] = ModuleProfileResult(compute_cost=3308.584, peak_memory=39.200 GB, invar_size=12.471 GB, outvar_size=28.199 GB, temp_buffer_size=-1.470 GB, available_memory=64.000 GB, comm_cost=1.927)
result[(2, 8, 1, 0), 1] = ModuleProfileResult(compute_cost=11598.072, peak_memory=43.940 GB, invar_size=40.576 GB, outvar_size=12.471 GB, temp_buffer_size=3.270 GB, available_memory=64.000 GB, comm_cost=0.582)
Using pre computed peak Mem for (2, 8, 1, 1), module 0
result[(2, 8, 1, 1), 0] = ModuleProfileResult(compute_cost=3308.584, peak_memory=39.200 GB, invar_size=12.471 GB, outvar_size=28.363 GB, temp_buffer_size=-1.634 GB, available_memory=64.000 GB, comm_cost=1.927)
result[(2, 8, 1, 1), 1] = ModuleProfileResult(compute_cost=11598.078, peak_memory=44.280 GB, invar_size=40.740 GB, outvar_size=12.471 GB, temp_buffer_size=3.445 GB, available_memory=64.000 GB, comm_cost=0.582)
Using pre computed peak Mem for (2, 9, 1, 0), module 0
result[(2, 9, 1, 0), 0] = ModuleProfileResult(compute_cost=3739.874, peak_memory=44.800 GB, invar_size=14.158 GB, outvar_size=32.020 GB, temp_buffer_size=-1.379 GB, available_memory=64.000 GB, comm_cost=2.171)
result[(2, 9, 1, 0), 1] = ModuleProfileResult(compute_cost=13185.436, peak_memory=49.554 GB, invar_size=46.085 GB, outvar_size=14.158 GB, temp_buffer_size=3.376 GB, available_memory=64.000 GB, comm_cost=0.658)
Using pre computed peak Mem for (2, 9, 1, 1), module 0
result[(2, 9, 1, 1), 0] = ModuleProfileResult(compute_cost=3739.874, peak_memory=44.800 GB, invar_size=14.158 GB, outvar_size=32.137 GB, temp_buffer_size=-1.496 GB, available_memory=64.000 GB, comm_cost=2.171)
result[(2, 9, 1, 1), 1] = ModuleProfileResult(compute_cost=13185.446, peak_memory=49.718 GB, invar_size=46.202 GB, outvar_size=14.158 GB, temp_buffer_size=3.422 GB, available_memory=64.000 GB, comm_cost=0.659)
Using pre computed peak Mem for (2, 10, 1, 0), module 0
result[(2, 10, 1, 0), 0] = ModuleProfileResult(compute_cost=4171.164, peak_memory=50.400 GB, invar_size=15.846 GB, outvar_size=35.747 GB, temp_buffer_size=-1.193 GB, available_memory=64.000 GB, comm_cost=2.414)
result[(2, 10, 1, 0), 1] = ModuleProfileResult(compute_cost=14772.800, peak_memory=55.041 GB, invar_size=51.500 GB, outvar_size=15.846 GB, temp_buffer_size=3.448 GB, available_memory=64.000 GB, comm_cost=0.733)
Using pre computed peak Mem for (2, 10, 1, 1), module 0
result[(2, 10, 1, 1), 0] = ModuleProfileResult(compute_cost=4171.164, peak_memory=50.400 GB, invar_size=15.846 GB, outvar_size=35.888 GB, temp_buffer_size=-1.334 GB, available_memory=64.000 GB, comm_cost=2.414)
result[(2, 10, 1, 1), 1] = ModuleProfileResult(compute_cost=14772.813, peak_memory=55.509 GB, invar_size=51.640 GB, outvar_size=15.846 GB, temp_buffer_size=3.775 GB, available_memory=64.000 GB, comm_cost=0.736)
Using pre computed peak Mem for (2, 11, 1, 0), module 0
result[(2, 11, 1, 0), 0] = ModuleProfileResult(compute_cost=4313.305, peak_memory=56.000 GB, invar_size=17.546 GB, outvar_size=38.619 GB, temp_buffer_size=-0.166 GB, available_memory=64.000 GB, comm_cost=2.435)
Using pre computed peak Mem for (2, 11, 1, 0), module 1
result[(2, 11, 1, 0), 1] = ModuleProfileResult(compute_cost=15902.047, peak_memory=65.000 GB, invar_size=56.072 GB, outvar_size=17.546 GB, temp_buffer_size=8.834 GB, available_memory=64.000 GB, comm_cost=0.957)
Using pre computed peak Mem for (2, 11, 1, 1), module 0
result[(2, 11, 1, 1), 0] = ModuleProfileResult(compute_cost=4313.305, peak_memory=56.000 GB, invar_size=17.546 GB, outvar_size=38.549 GB, temp_buffer_size=-0.096 GB, available_memory=64.000 GB, comm_cost=2.435)
Using pre computed peak Mem for (2, 11, 1, 1), module 1
result[(2, 11, 1, 1), 1] = ModuleProfileResult(compute_cost=15902.054, peak_memory=65.000 GB, invar_size=56.002 GB, outvar_size=17.546 GB, temp_buffer_size=8.904 GB, available_memory=64.000 GB, comm_cost=0.958)
Using pre computed peak Mem for (3, 3, 1, 0), module 0
result[(3, 3, 1, 0), 0] = ModuleProfileResult(compute_cost=431.321, peak_memory=5.600 GB, invar_size=1.782 GB, outvar_size=3.891 GB, temp_buffer_size=-0.073 GB, available_memory=64.000 GB, comm_cost=0.244)
result[(3, 3, 1, 0), 1] = ModuleProfileResult(compute_cost=1587.364, peak_memory=6.493 GB, invar_size=5.579 GB, outvar_size=1.782 GB, temp_buffer_size=0.820 GB, available_memory=64.000 GB, comm_cost=0.075)
Using pre computed peak Mem for (3, 3, 1, 1), module 0
result[(3, 3, 1, 1), 0] = ModuleProfileResult(compute_cost=431.321, peak_memory=5.600 GB, invar_size=1.782 GB, outvar_size=3.915 GB, temp_buffer_size=-0.096 GB, available_memory=64.000 GB, comm_cost=0.244)
result[(3, 3, 1, 1), 1] = ModuleProfileResult(compute_cost=1587.365, peak_memory=6.845 GB, invar_size=5.602 GB, outvar_size=1.782 GB, temp_buffer_size=1.148 GB, available_memory=64.000 GB, comm_cost=0.075)
Using pre computed peak Mem for (3, 4, 1, 0), module 0
result[(3, 4, 1, 0), 0] = ModuleProfileResult(compute_cost=862.611, peak_memory=11.200 GB, invar_size=3.469 GB, outvar_size=7.665 GB, temp_buffer_size=0.066 GB, available_memory=64.000 GB, comm_cost=0.487)
result[(3, 4, 1, 0), 1] = ModuleProfileResult(compute_cost=3174.728, peak_memory=12.447 GB, invar_size=11.041 GB, outvar_size=3.469 GB, temp_buffer_size=1.313 GB, available_memory=64.000 GB, comm_cost=0.151)
Using pre computed peak Mem for (3, 4, 1, 1), module 0
result[(3, 4, 1, 1), 0] = ModuleProfileResult(compute_cost=862.611, peak_memory=11.200 GB, invar_size=3.469 GB, outvar_size=7.689 GB, temp_buffer_size=0.042 GB, available_memory=64.000 GB, comm_cost=0.487)
result[(3, 4, 1, 1), 1] = ModuleProfileResult(compute_cost=3174.729, peak_memory=12.470 GB, invar_size=11.064 GB, outvar_size=3.469 GB, temp_buffer_size=1.313 GB, available_memory=64.000 GB, comm_cost=0.150)
Using pre computed peak Mem for (3, 5, 1, 0), module 0
result[(3, 5, 1, 0), 0] = ModuleProfileResult(compute_cost=1293.901, peak_memory=16.800 GB, invar_size=5.157 GB, outvar_size=11.439 GB, temp_buffer_size=0.204 GB, available_memory=64.000 GB, comm_cost=0.731)
result[(3, 5, 1, 0), 1] = ModuleProfileResult(compute_cost=4762.092, peak_memory=18.472 GB, invar_size=16.502 GB, outvar_size=5.157 GB, temp_buffer_size=1.876 GB, available_memory=64.000 GB, comm_cost=0.226)
Using pre computed peak Mem for (3, 5, 1, 1), module 0
result[(3, 5, 1, 1), 0] = ModuleProfileResult(compute_cost=1293.901, peak_memory=16.800 GB, invar_size=5.157 GB, outvar_size=11.486 GB, temp_buffer_size=0.157 GB, available_memory=64.000 GB, comm_cost=0.731)
result[(3, 5, 1, 1), 1] = ModuleProfileResult(compute_cost=4762.095, peak_memory=18.894 GB, invar_size=16.549 GB, outvar_size=5.157 GB, temp_buffer_size=2.251 GB, available_memory=64.000 GB, comm_cost=0.226)
Using pre computed peak Mem for (3, 6, 1, 0), module 0
result[(3, 6, 1, 0), 0] = ModuleProfileResult(compute_cost=1725.191, peak_memory=22.400 GB, invar_size=6.845 GB, outvar_size=15.143 GB, temp_buffer_size=0.413 GB, available_memory=64.000 GB, comm_cost=0.974)
result[(3, 6, 1, 0), 1] = ModuleProfileResult(compute_cost=6349.455, peak_memory=24.285 GB, invar_size=21.894 GB, outvar_size=6.845 GB, temp_buffer_size=2.298 GB, available_memory=64.000 GB, comm_cost=0.301)
Using pre computed peak Mem for (3, 6, 1, 1), module 0
result[(3, 6, 1, 1), 0] = ModuleProfileResult(compute_cost=1725.191, peak_memory=22.400 GB, invar_size=6.845 GB, outvar_size=15.190 GB, temp_buffer_size=0.366 GB, available_memory=64.000 GB, comm_cost=0.974)
result[(3, 6, 1, 1), 1] = ModuleProfileResult(compute_cost=6349.458, peak_memory=24.731 GB, invar_size=21.941 GB, outvar_size=6.845 GB, temp_buffer_size=2.696 GB, available_memory=64.000 GB, comm_cost=0.302)
Using pre computed peak Mem for (3, 7, 1, 0), module 0
result[(3, 7, 1, 0), 0] = ModuleProfileResult(compute_cost=2156.481, peak_memory=28.000 GB, invar_size=8.533 GB, outvar_size=19.010 GB, temp_buffer_size=0.457 GB, available_memory=64.000 GB, comm_cost=1.218)
result[(3, 7, 1, 0), 1] = ModuleProfileResult(compute_cost=7936.819, peak_memory=30.380 GB, invar_size=27.449 GB, outvar_size=8.533 GB, temp_buffer_size=2.837 GB, available_memory=64.000 GB, comm_cost=0.377)
Using pre computed peak Mem for (3, 7, 1, 1), module 0
result[(3, 7, 1, 1), 0] = ModuleProfileResult(compute_cost=2156.481, peak_memory=28.000 GB, invar_size=8.533 GB, outvar_size=19.104 GB, temp_buffer_size=0.363 GB, available_memory=64.000 GB, comm_cost=1.218)
result[(3, 7, 1, 1), 1] = ModuleProfileResult(compute_cost=7936.824, peak_memory=30.836 GB, invar_size=27.543 GB, outvar_size=8.533 GB, temp_buffer_size=3.200 GB, available_memory=64.000 GB, comm_cost=0.376)
Using pre computed peak Mem for (3, 8, 1, 0), module 0
result[(3, 8, 1, 0), 0] = ModuleProfileResult(compute_cost=2587.771, peak_memory=33.600 GB, invar_size=10.220 GB, outvar_size=22.737 GB, temp_buffer_size=0.642 GB, available_memory=64.000 GB, comm_cost=1.461)
result[(3, 8, 1, 0), 1] = ModuleProfileResult(compute_cost=9524.183, peak_memory=35.841 GB, invar_size=32.864 GB, outvar_size=10.220 GB, temp_buffer_size=2.884 GB, available_memory=64.000 GB, comm_cost=0.452)
Using pre computed peak Mem for (3, 8, 1, 1), module 0
result[(3, 8, 1, 1), 0] = ModuleProfileResult(compute_cost=2587.771, peak_memory=33.600 GB, invar_size=10.220 GB, outvar_size=22.831 GB, temp_buffer_size=0.548 GB, available_memory=64.000 GB, comm_cost=1.461)
result[(3, 8, 1, 1), 1] = ModuleProfileResult(compute_cost=9524.186, peak_memory=35.946 GB, invar_size=32.958 GB, outvar_size=10.220 GB, temp_buffer_size=2.895 GB, available_memory=64.000 GB, comm_cost=0.450)
Using pre computed peak Mem for (3, 9, 1, 0), module 0
result[(3, 9, 1, 0), 0] = ModuleProfileResult(compute_cost=3019.061, peak_memory=39.200 GB, invar_size=11.908 GB, outvar_size=26.629 GB, temp_buffer_size=0.663 GB, available_memory=64.000 GB, comm_cost=1.705)
result[(3, 9, 1, 0), 1] = ModuleProfileResult(compute_cost=11111.547, peak_memory=41.632 GB, invar_size=38.443 GB, outvar_size=11.908 GB, temp_buffer_size=3.095 GB, available_memory=64.000 GB, comm_cost=0.528)
Using pre computed peak Mem for (3, 9, 1, 1), module 0
result[(3, 9, 1, 1), 0] = ModuleProfileResult(compute_cost=3019.061, peak_memory=39.200 GB, invar_size=11.908 GB, outvar_size=26.629 GB, temp_buffer_size=0.663 GB, available_memory=64.000 GB, comm_cost=1.705)
result[(3, 9, 1, 1), 1] = ModuleProfileResult(compute_cost=11111.551, peak_memory=41.853 GB, invar_size=38.443 GB, outvar_size=11.908 GB, temp_buffer_size=3.317 GB, available_memory=64.000 GB, comm_cost=0.526)
Using pre computed peak Mem for (3, 10, 1, 0), module 0
result[(3, 10, 1, 0), 0] = ModuleProfileResult(compute_cost=3450.350, peak_memory=44.800 GB, invar_size=13.596 GB, outvar_size=30.332 GB, temp_buffer_size=0.872 GB, available_memory=64.000 GB, comm_cost=1.948)
result[(3, 10, 1, 0), 1] = ModuleProfileResult(compute_cost=12698.911, peak_memory=47.046 GB, invar_size=43.834 GB, outvar_size=13.596 GB, temp_buffer_size=3.118 GB, available_memory=64.000 GB, comm_cost=0.603)
Using pre computed peak Mem for (3, 10, 1, 1), module 0
result[(3, 10, 1, 1), 0] = ModuleProfileResult(compute_cost=3450.350, peak_memory=44.800 GB, invar_size=13.596 GB, outvar_size=30.496 GB, temp_buffer_size=0.708 GB, available_memory=64.000 GB, comm_cost=1.948)
result[(3, 10, 1, 1), 1] = ModuleProfileResult(compute_cost=12698.918, peak_memory=47.760 GB, invar_size=43.998 GB, outvar_size=13.596 GB, temp_buffer_size=3.668 GB, available_memory=64.000 GB, comm_cost=0.602)
Using pre computed peak Mem for (3, 11, 1, 0), module 0
result[(3, 11, 1, 0), 0] = ModuleProfileResult(compute_cost=3592.491, peak_memory=50.400 GB, invar_size=15.296 GB, outvar_size=33.064 GB, temp_buffer_size=2.040 GB, available_memory=64.000 GB, comm_cost=1.969)
Using pre computed peak Mem for (3, 11, 1, 0), module 1
result[(3, 11, 1, 0), 1] = ModuleProfileResult(compute_cost=13828.158, peak_memory=58.500 GB, invar_size=48.266 GB, outvar_size=15.296 GB, temp_buffer_size=10.140 GB, available_memory=64.000 GB, comm_cost=0.827)
Using pre computed peak Mem for (3, 11, 1, 1), module 0
result[(3, 11, 1, 1), 0] = ModuleProfileResult(compute_cost=3592.491, peak_memory=50.400 GB, invar_size=15.296 GB, outvar_size=33.275 GB, temp_buffer_size=1.829 GB, available_memory=64.000 GB, comm_cost=1.969)
Using pre computed peak Mem for (3, 11, 1, 1), module 1
result[(3, 11, 1, 1), 1] = ModuleProfileResult(compute_cost=13828.166, peak_memory=58.500 GB, invar_size=48.477 GB, outvar_size=15.296 GB, temp_buffer_size=9.929 GB, available_memory=64.000 GB, comm_cost=0.827)
Using pre computed peak Mem for (4, 4, 1, 0), module 0
result[(4, 4, 1, 0), 0] = ModuleProfileResult(compute_cost=431.321, peak_memory=5.600 GB, invar_size=1.782 GB, outvar_size=3.891 GB, temp_buffer_size=-0.073 GB, available_memory=64.000 GB, comm_cost=0.244)
result[(4, 4, 1, 0), 1] = ModuleProfileResult(compute_cost=1587.364, peak_memory=6.493 GB, invar_size=5.579 GB, outvar_size=1.782 GB, temp_buffer_size=0.820 GB, available_memory=64.000 GB, comm_cost=0.075)
Using pre computed peak Mem for (4, 4, 1, 1), module 0
result[(4, 4, 1, 1), 0] = ModuleProfileResult(compute_cost=431.321, peak_memory=5.600 GB, invar_size=1.782 GB, outvar_size=3.915 GB, temp_buffer_size=-0.096 GB, available_memory=64.000 GB, comm_cost=0.244)
result[(4, 4, 1, 1), 1] = ModuleProfileResult(compute_cost=1587.365, peak_memory=6.845 GB, invar_size=5.602 GB, outvar_size=1.782 GB, temp_buffer_size=1.148 GB, available_memory=64.000 GB, comm_cost=0.075)
Using pre computed peak Mem for (4, 5, 1, 0), module 0
result[(4, 5, 1, 0), 0] = ModuleProfileResult(compute_cost=862.611, peak_memory=11.200 GB, invar_size=3.469 GB, outvar_size=7.642 GB, temp_buffer_size=0.089 GB, available_memory=64.000 GB, comm_cost=0.487)
result[(4, 5, 1, 0), 1] = ModuleProfileResult(compute_cost=3174.728, peak_memory=12.401 GB, invar_size=11.017 GB, outvar_size=3.469 GB, temp_buffer_size=1.290 GB, available_memory=64.000 GB, comm_cost=0.151)
Using pre computed peak Mem for (4, 5, 1, 1), module 0
result[(4, 5, 1, 1), 0] = ModuleProfileResult(compute_cost=862.611, peak_memory=11.200 GB, invar_size=3.469 GB, outvar_size=7.689 GB, temp_buffer_size=0.042 GB, available_memory=64.000 GB, comm_cost=0.487)
result[(4, 5, 1, 1), 1] = ModuleProfileResult(compute_cost=3174.730, peak_memory=12.494 GB, invar_size=11.064 GB, outvar_size=3.469 GB, temp_buffer_size=1.336 GB, available_memory=64.000 GB, comm_cost=0.151)
Using pre computed peak Mem for (4, 6, 1, 0), module 0
result[(4, 6, 1, 0), 0] = ModuleProfileResult(compute_cost=1293.901, peak_memory=16.800 GB, invar_size=5.157 GB, outvar_size=11.439 GB, temp_buffer_size=0.204 GB, available_memory=64.000 GB, comm_cost=0.731)
result[(4, 6, 1, 0), 1] = ModuleProfileResult(compute_cost=4762.092, peak_memory=18.472 GB, invar_size=16.502 GB, outvar_size=5.157 GB, temp_buffer_size=1.876 GB, available_memory=64.000 GB, comm_cost=0.226)
Using pre computed peak Mem for (4, 6, 1, 1), module 0
result[(4, 6, 1, 1), 0] = ModuleProfileResult(compute_cost=1293.901, peak_memory=16.800 GB, invar_size=5.157 GB, outvar_size=11.462 GB, temp_buffer_size=0.180 GB, available_memory=64.000 GB, comm_cost=0.731)
result[(4, 6, 1, 1), 1] = ModuleProfileResult(compute_cost=4762.097, peak_memory=18.565 GB, invar_size=16.526 GB, outvar_size=5.157 GB, temp_buffer_size=1.946 GB, available_memory=64.000 GB, comm_cost=0.229)
Using pre computed peak Mem for (4, 7, 1, 0), module 0
result[(4, 7, 1, 0), 0] = ModuleProfileResult(compute_cost=1725.191, peak_memory=22.400 GB, invar_size=6.845 GB, outvar_size=15.166 GB, temp_buffer_size=0.389 GB, available_memory=64.000 GB, comm_cost=0.974)
result[(4, 7, 1, 0), 1] = ModuleProfileResult(compute_cost=6349.455, peak_memory=24.332 GB, invar_size=21.917 GB, outvar_size=6.845 GB, temp_buffer_size=2.321 GB, available_memory=64.000 GB, comm_cost=0.301)
Using pre computed peak Mem for (4, 7, 1, 1), module 0
result[(4, 7, 1, 1), 0] = ModuleProfileResult(compute_cost=1725.191, peak_memory=22.400 GB, invar_size=6.845 GB, outvar_size=15.260 GB, temp_buffer_size=0.295 GB, available_memory=64.000 GB, comm_cost=0.974)
result[(4, 7, 1, 1), 1] = ModuleProfileResult(compute_cost=6349.461, peak_memory=24.473 GB, invar_size=22.011 GB, outvar_size=6.845 GB, temp_buffer_size=2.368 GB, available_memory=64.000 GB, comm_cost=0.302)
Using pre computed peak Mem for (4, 8, 1, 0), module 0
result[(4, 8, 1, 0), 0] = ModuleProfileResult(compute_cost=2156.481, peak_memory=28.000 GB, invar_size=8.533 GB, outvar_size=19.034 GB, temp_buffer_size=0.434 GB, available_memory=64.000 GB, comm_cost=1.218)
result[(4, 8, 1, 0), 1] = ModuleProfileResult(compute_cost=7936.819, peak_memory=30.403 GB, invar_size=27.473 GB, outvar_size=8.533 GB, temp_buffer_size=2.837 GB, available_memory=64.000 GB, comm_cost=0.377)
Using pre computed peak Mem for (4, 8, 1, 1), module 0
result[(4, 8, 1, 1), 0] = ModuleProfileResult(compute_cost=2156.481, peak_memory=28.000 GB, invar_size=8.533 GB, outvar_size=19.057 GB, temp_buffer_size=0.410 GB, available_memory=64.000 GB, comm_cost=1.218)
result[(4, 8, 1, 1), 1] = ModuleProfileResult(compute_cost=7936.821, peak_memory=30.590 GB, invar_size=27.496 GB, outvar_size=8.533 GB, temp_buffer_size=3.000 GB, available_memory=64.000 GB, comm_cost=0.373)
Using pre computed peak Mem for (4, 9, 1, 0), module 0
result[(4, 9, 1, 0), 0] = ModuleProfileResult(compute_cost=2587.771, peak_memory=33.600 GB, invar_size=10.220 GB, outvar_size=22.714 GB, temp_buffer_size=0.666 GB, available_memory=64.000 GB, comm_cost=1.461)
result[(4, 9, 1, 0), 1] = ModuleProfileResult(compute_cost=9524.183, peak_memory=35.829 GB, invar_size=32.841 GB, outvar_size=10.220 GB, temp_buffer_size=2.895 GB, available_memory=64.000 GB, comm_cost=0.452)
Using pre computed peak Mem for (4, 9, 1, 1), module 0
result[(4, 9, 1, 1), 0] = ModuleProfileResult(compute_cost=2587.771, peak_memory=33.600 GB, invar_size=10.220 GB, outvar_size=22.902 GB, temp_buffer_size=0.478 GB, available_memory=64.000 GB, comm_cost=1.461)
result[(4, 9, 1, 1), 1] = ModuleProfileResult(compute_cost=9524.186, peak_memory=36.357 GB, invar_size=33.028 GB, outvar_size=10.220 GB, temp_buffer_size=3.235 GB, available_memory=64.000 GB, comm_cost=0.448)
Using pre computed peak Mem for (4, 10, 1, 0), module 0
result[(4, 10, 1, 0), 0] = ModuleProfileResult(compute_cost=3019.061, peak_memory=39.200 GB, invar_size=11.908 GB, outvar_size=26.582 GB, temp_buffer_size=0.710 GB, available_memory=64.000 GB, comm_cost=1.705)
result[(4, 10, 1, 0), 1] = ModuleProfileResult(compute_cost=11111.547, peak_memory=41.608 GB, invar_size=38.396 GB, outvar_size=11.908 GB, temp_buffer_size=3.118 GB, available_memory=64.000 GB, comm_cost=0.528)
Using pre computed peak Mem for (4, 10, 1, 1), module 0
result[(4, 10, 1, 1), 0] = ModuleProfileResult(compute_cost=3019.061, peak_memory=39.200 GB, invar_size=11.908 GB, outvar_size=26.629 GB, temp_buffer_size=0.663 GB, available_memory=64.000 GB, comm_cost=1.705)
result[(4, 10, 1, 1), 1] = ModuleProfileResult(compute_cost=11111.551, peak_memory=41.608 GB, invar_size=38.443 GB, outvar_size=11.908 GB, temp_buffer_size=3.072 GB, available_memory=64.000 GB, comm_cost=0.526)
Using pre computed peak Mem for (4, 11, 1, 0), module 0
result[(4, 11, 1, 0), 0] = ModuleProfileResult(compute_cost=3161.201, peak_memory=44.800 GB, invar_size=13.608 GB, outvar_size=29.360 GB, temp_buffer_size=1.831 GB, available_memory=64.000 GB, comm_cost=1.725)
Using pre computed peak Mem for (4, 11, 1, 0), module 1
result[(4, 11, 1, 0), 1] = ModuleProfileResult(compute_cost=12240.794, peak_memory=52.000 GB, invar_size=42.875 GB, outvar_size=13.608 GB, temp_buffer_size=9.032 GB, available_memory=64.000 GB, comm_cost=0.751)
Using pre computed peak Mem for (4, 11, 1, 1), module 0
result[(4, 11, 1, 1), 0] = ModuleProfileResult(compute_cost=3161.201, peak_memory=44.800 GB, invar_size=13.608 GB, outvar_size=29.337 GB, temp_buffer_size=1.855 GB, available_memory=64.000 GB, comm_cost=1.725)
Using pre computed peak Mem for (4, 11, 1, 1), module 1
result[(4, 11, 1, 1), 1] = ModuleProfileResult(compute_cost=12240.796, peak_memory=52.000 GB, invar_size=42.851 GB, outvar_size=13.608 GB, temp_buffer_size=9.055 GB, available_memory=64.000 GB, comm_cost=0.750)
Using pre computed peak Mem for (5, 5, 1, 0), module 0
result[(5, 5, 1, 0), 0] = ModuleProfileResult(compute_cost=431.321, peak_memory=5.600 GB, invar_size=1.782 GB, outvar_size=3.891 GB, temp_buffer_size=-0.073 GB, available_memory=64.000 GB, comm_cost=0.244)
result[(5, 5, 1, 0), 1] = ModuleProfileResult(compute_cost=1587.364, peak_memory=6.493 GB, invar_size=5.579 GB, outvar_size=1.782 GB, temp_buffer_size=0.820 GB, available_memory=64.000 GB, comm_cost=0.075)
Using pre computed peak Mem for (5, 5, 1, 1), module 0
result[(5, 5, 1, 1), 0] = ModuleProfileResult(compute_cost=431.321, peak_memory=5.600 GB, invar_size=1.782 GB, outvar_size=3.915 GB, temp_buffer_size=-0.096 GB, available_memory=64.000 GB, comm_cost=0.244)
result[(5, 5, 1, 1), 1] = ModuleProfileResult(compute_cost=1587.365, peak_memory=6.845 GB, invar_size=5.602 GB, outvar_size=1.782 GB, temp_buffer_size=1.148 GB, available_memory=64.000 GB, comm_cost=0.075)
Using pre computed peak Mem for (5, 6, 1, 0), module 0
result[(5, 6, 1, 0), 0] = ModuleProfileResult(compute_cost=862.611, peak_memory=11.200 GB, invar_size=3.469 GB, outvar_size=7.665 GB, temp_buffer_size=0.066 GB, available_memory=64.000 GB, comm_cost=0.487)
result[(5, 6, 1, 0), 1] = ModuleProfileResult(compute_cost=3174.728, peak_memory=12.447 GB, invar_size=11.041 GB, outvar_size=3.469 GB, temp_buffer_size=1.313 GB, available_memory=64.000 GB, comm_cost=0.151)
Using pre computed peak Mem for (5, 6, 1, 1), module 0
result[(5, 6, 1, 1), 0] = ModuleProfileResult(compute_cost=862.611, peak_memory=11.200 GB, invar_size=3.469 GB, outvar_size=7.712 GB, temp_buffer_size=0.019 GB, available_memory=64.000 GB, comm_cost=0.487)
result[(5, 6, 1, 1), 1] = ModuleProfileResult(compute_cost=3174.730, peak_memory=12.564 GB, invar_size=11.087 GB, outvar_size=3.469 GB, temp_buffer_size=1.383 GB, available_memory=64.000 GB, comm_cost=0.151)
Using pre computed peak Mem for (5, 7, 1, 0), module 0
result[(5, 7, 1, 0), 0] = ModuleProfileResult(compute_cost=1293.901, peak_memory=16.800 GB, invar_size=5.157 GB, outvar_size=11.416 GB, temp_buffer_size=0.227 GB, available_memory=64.000 GB, comm_cost=0.731)
result[(5, 7, 1, 0), 1] = ModuleProfileResult(compute_cost=4762.092, peak_memory=18.448 GB, invar_size=16.479 GB, outvar_size=5.157 GB, temp_buffer_size=1.876 GB, available_memory=64.000 GB, comm_cost=0.226)
Using pre computed peak Mem for (5, 7, 1, 1), module 0
result[(5, 7, 1, 1), 0] = ModuleProfileResult(compute_cost=1293.901, peak_memory=16.800 GB, invar_size=5.157 GB, outvar_size=11.509 GB, temp_buffer_size=0.134 GB, available_memory=64.000 GB, comm_cost=0.731)
result[(5, 7, 1, 1), 1] = ModuleProfileResult(compute_cost=4762.094, peak_memory=18.565 GB, invar_size=16.573 GB, outvar_size=5.157 GB, temp_buffer_size=1.899 GB, available_memory=64.000 GB, comm_cost=0.226)
Using pre computed peak Mem for (5, 8, 1, 0), module 0
result[(5, 8, 1, 0), 0] = ModuleProfileResult(compute_cost=1725.191, peak_memory=22.400 GB, invar_size=6.845 GB, outvar_size=15.190 GB, temp_buffer_size=0.366 GB, available_memory=64.000 GB, comm_cost=0.974)
result[(5, 8, 1, 0), 1] = ModuleProfileResult(compute_cost=6349.455, peak_memory=24.332 GB, invar_size=21.941 GB, outvar_size=6.845 GB, temp_buffer_size=2.298 GB, available_memory=64.000 GB, comm_cost=0.301)
Using pre computed peak Mem for (5, 8, 1, 1), module 0
result[(5, 8, 1, 1), 0] = ModuleProfileResult(compute_cost=1725.191, peak_memory=22.400 GB, invar_size=6.845 GB, outvar_size=15.236 GB, temp_buffer_size=0.319 GB, available_memory=64.000 GB, comm_cost=0.974)
result[(5, 8, 1, 1), 1] = ModuleProfileResult(compute_cost=6349.460, peak_memory=24.460 GB, invar_size=21.987 GB, outvar_size=6.845 GB, temp_buffer_size=2.379 GB, available_memory=64.000 GB, comm_cost=0.302)
Using pre computed peak Mem for (5, 9, 1, 0), module 0
result[(5, 9, 1, 0), 0] = ModuleProfileResult(compute_cost=2156.481, peak_memory=28.000 GB, invar_size=8.533 GB, outvar_size=19.057 GB, temp_buffer_size=0.410 GB, available_memory=64.000 GB, comm_cost=1.218)
result[(5, 9, 1, 0), 1] = ModuleProfileResult(compute_cost=7936.819, peak_memory=30.473 GB, invar_size=27.496 GB, outvar_size=8.533 GB, temp_buffer_size=2.883 GB, available_memory=64.000 GB, comm_cost=0.377)
Using pre computed peak Mem for (5, 9, 1, 1), module 0
result[(5, 9, 1, 1), 0] = ModuleProfileResult(compute_cost=2156.481, peak_memory=28.000 GB, invar_size=8.533 GB, outvar_size=19.081 GB, temp_buffer_size=0.387 GB, available_memory=64.000 GB, comm_cost=1.218)
result[(5, 9, 1, 1), 1] = ModuleProfileResult(compute_cost=7936.825, peak_memory=30.473 GB, invar_size=27.519 GB, outvar_size=8.533 GB, temp_buffer_size=2.860 GB, available_memory=64.000 GB, comm_cost=0.379)
Using pre computed peak Mem for (5, 10, 1, 0), module 0
result[(5, 10, 1, 0), 0] = ModuleProfileResult(compute_cost=2587.771, peak_memory=33.600 GB, invar_size=10.220 GB, outvar_size=22.737 GB, temp_buffer_size=0.642 GB, available_memory=64.000 GB, comm_cost=1.461)
result[(5, 10, 1, 0), 1] = ModuleProfileResult(compute_cost=9524.183, peak_memory=35.853 GB, invar_size=32.864 GB, outvar_size=10.220 GB, temp_buffer_size=2.895 GB, available_memory=64.000 GB, comm_cost=0.452)
Using pre computed peak Mem for (5, 10, 1, 1), module 0
result[(5, 10, 1, 1), 0] = ModuleProfileResult(compute_cost=2587.771, peak_memory=33.600 GB, invar_size=10.220 GB, outvar_size=22.902 GB, temp_buffer_size=0.478 GB, available_memory=64.000 GB, comm_cost=1.461)
result[(5, 10, 1, 1), 1] = ModuleProfileResult(compute_cost=9524.189, peak_memory=36.380 GB, invar_size=33.028 GB, outvar_size=10.220 GB, temp_buffer_size=3.258 GB, available_memory=64.000 GB, comm_cost=0.450)
Using pre computed peak Mem for (5, 11, 1, 0), module 0
result[(5, 11, 1, 0), 0] = ModuleProfileResult(compute_cost=2729.911, peak_memory=39.200 GB, invar_size=11.921 GB, outvar_size=25.657 GB, temp_buffer_size=1.623 GB, available_memory=64.000 GB, comm_cost=1.482)
Using pre computed peak Mem for (5, 11, 1, 0), module 1
result[(5, 11, 1, 0), 1] = ModuleProfileResult(compute_cost=10653.430, peak_memory=45.500 GB, invar_size=37.483 GB, outvar_size=11.921 GB, temp_buffer_size=7.923 GB, available_memory=64.000 GB, comm_cost=0.676)
Using pre computed peak Mem for (5, 11, 1, 1), module 0
result[(5, 11, 1, 1), 0] = ModuleProfileResult(compute_cost=2729.911, peak_memory=39.200 GB, invar_size=11.921 GB, outvar_size=25.680 GB, temp_buffer_size=1.599 GB, available_memory=64.000 GB, comm_cost=1.482)
Using pre computed peak Mem for (5, 11, 1, 1), module 1
result[(5, 11, 1, 1), 1] = ModuleProfileResult(compute_cost=10653.434, peak_memory=45.500 GB, invar_size=37.507 GB, outvar_size=11.921 GB, temp_buffer_size=7.899 GB, available_memory=64.000 GB, comm_cost=0.673)
Using pre computed peak Mem for (6, 6, 1, 0), module 0
result[(6, 6, 1, 0), 0] = ModuleProfileResult(compute_cost=431.321, peak_memory=5.600 GB, invar_size=1.782 GB, outvar_size=3.891 GB, temp_buffer_size=-0.073 GB, available_memory=64.000 GB, comm_cost=0.244)
result[(6, 6, 1, 0), 1] = ModuleProfileResult(compute_cost=1587.364, peak_memory=6.493 GB, invar_size=5.579 GB, outvar_size=1.782 GB, temp_buffer_size=0.820 GB, available_memory=64.000 GB, comm_cost=0.075)
Using pre computed peak Mem for (6, 6, 1, 1), module 0
result[(6, 6, 1, 1), 0] = ModuleProfileResult(compute_cost=431.321, peak_memory=5.600 GB, invar_size=1.782 GB, outvar_size=3.915 GB, temp_buffer_size=-0.096 GB, available_memory=64.000 GB, comm_cost=0.244)
result[(6, 6, 1, 1), 1] = ModuleProfileResult(compute_cost=1587.365, peak_memory=6.845 GB, invar_size=5.602 GB, outvar_size=1.782 GB, temp_buffer_size=1.148 GB, available_memory=64.000 GB, comm_cost=0.075)
Using pre computed peak Mem for (6, 7, 1, 0), module 0
result[(6, 7, 1, 0), 0] = ModuleProfileResult(compute_cost=862.611, peak_memory=11.200 GB, invar_size=3.469 GB, outvar_size=7.642 GB, temp_buffer_size=0.089 GB, available_memory=64.000 GB, comm_cost=0.487)
result[(6, 7, 1, 0), 1] = ModuleProfileResult(compute_cost=3174.728, peak_memory=12.424 GB, invar_size=11.017 GB, outvar_size=3.469 GB, temp_buffer_size=1.313 GB, available_memory=64.000 GB, comm_cost=0.151)
Using pre computed peak Mem for (6, 7, 1, 1), module 0
result[(6, 7, 1, 1), 0] = ModuleProfileResult(compute_cost=862.611, peak_memory=11.200 GB, invar_size=3.469 GB, outvar_size=7.665 GB, temp_buffer_size=0.066 GB, available_memory=64.000 GB, comm_cost=0.487)
result[(6, 7, 1, 1), 1] = ModuleProfileResult(compute_cost=3174.729, peak_memory=12.494 GB, invar_size=11.041 GB, outvar_size=3.469 GB, temp_buffer_size=1.360 GB, available_memory=64.000 GB, comm_cost=0.150)
Using pre computed peak Mem for (6, 8, 1, 0), module 0
result[(6, 8, 1, 0), 0] = ModuleProfileResult(compute_cost=1293.901, peak_memory=16.800 GB, invar_size=5.157 GB, outvar_size=11.416 GB, temp_buffer_size=0.227 GB, available_memory=64.000 GB, comm_cost=0.731)
result[(6, 8, 1, 0), 1] = ModuleProfileResult(compute_cost=4762.092, peak_memory=18.448 GB, invar_size=16.479 GB, outvar_size=5.157 GB, temp_buffer_size=1.876 GB, available_memory=64.000 GB, comm_cost=0.226)
Using pre computed peak Mem for (6, 8, 1, 1), module 0
result[(6, 8, 1, 1), 0] = ModuleProfileResult(compute_cost=1293.901, peak_memory=16.800 GB, invar_size=5.157 GB, outvar_size=11.462 GB, temp_buffer_size=0.180 GB, available_memory=64.000 GB, comm_cost=0.731)
result[(6, 8, 1, 1), 1] = ModuleProfileResult(compute_cost=4762.097, peak_memory=18.565 GB, invar_size=16.526 GB, outvar_size=5.157 GB, temp_buffer_size=1.946 GB, available_memory=64.000 GB, comm_cost=0.229)
Using pre computed peak Mem for (6, 9, 1, 0), module 0
result[(6, 9, 1, 0), 0] = ModuleProfileResult(compute_cost=1725.191, peak_memory=22.400 GB, invar_size=6.845 GB, outvar_size=15.213 GB, temp_buffer_size=0.342 GB, available_memory=64.000 GB, comm_cost=0.974)
result[(6, 9, 1, 0), 1] = ModuleProfileResult(compute_cost=6349.455, peak_memory=24.379 GB, invar_size=21.964 GB, outvar_size=6.845 GB, temp_buffer_size=2.321 GB, available_memory=64.000 GB, comm_cost=0.301)
Using pre computed peak Mem for (6, 9, 1, 1), module 0
result[(6, 9, 1, 1), 0] = ModuleProfileResult(compute_cost=1725.191, peak_memory=22.400 GB, invar_size=6.845 GB, outvar_size=15.260 GB, temp_buffer_size=0.295 GB, available_memory=64.000 GB, comm_cost=0.974)
result[(6, 9, 1, 1), 1] = ModuleProfileResult(compute_cost=6349.458, peak_memory=24.812 GB, invar_size=22.011 GB, outvar_size=6.845 GB, temp_buffer_size=2.707 GB, available_memory=64.000 GB, comm_cost=0.299)
Using pre computed peak Mem for (6, 10, 1, 0), module 0
result[(6, 10, 1, 0), 0] = ModuleProfileResult(compute_cost=2156.481, peak_memory=28.000 GB, invar_size=8.533 GB, outvar_size=19.034 GB, temp_buffer_size=0.434 GB, available_memory=64.000 GB, comm_cost=1.218)
result[(6, 10, 1, 0), 1] = ModuleProfileResult(compute_cost=7936.819, peak_memory=30.426 GB, invar_size=27.473 GB, outvar_size=8.533 GB, temp_buffer_size=2.860 GB, available_memory=64.000 GB, comm_cost=0.377)
Using pre computed peak Mem for (6, 10, 1, 1), module 0
result[(6, 10, 1, 1), 0] = ModuleProfileResult(compute_cost=2156.481, peak_memory=28.000 GB, invar_size=8.533 GB, outvar_size=19.104 GB, temp_buffer_size=0.363 GB, available_memory=64.000 GB, comm_cost=1.218)
result[(6, 10, 1, 1), 1] = ModuleProfileResult(compute_cost=7936.821, peak_memory=30.848 GB, invar_size=27.543 GB, outvar_size=8.533 GB, temp_buffer_size=3.211 GB, available_memory=64.000 GB, comm_cost=0.373)
Using pre computed peak Mem for (6, 11, 1, 0), module 0
result[(6, 11, 1, 0), 0] = ModuleProfileResult(compute_cost=2298.622, peak_memory=33.600 GB, invar_size=10.233 GB, outvar_size=21.765 GB, temp_buffer_size=1.602 GB, available_memory=64.000 GB, comm_cost=1.238)
Using pre computed peak Mem for (6, 11, 1, 0), module 1
result[(6, 11, 1, 0), 1] = ModuleProfileResult(compute_cost=9066.067, peak_memory=39.000 GB, invar_size=31.904 GB, outvar_size=10.233 GB, temp_buffer_size=7.002 GB, available_memory=64.000 GB, comm_cost=0.600)
Using pre computed peak Mem for (6, 11, 1, 1), module 0
result[(6, 11, 1, 1), 0] = ModuleProfileResult(compute_cost=2298.622, peak_memory=33.600 GB, invar_size=10.233 GB, outvar_size=21.976 GB, temp_buffer_size=1.391 GB, available_memory=64.000 GB, comm_cost=1.238)
Using pre computed peak Mem for (6, 11, 1, 1), module 1
result[(6, 11, 1, 1), 1] = ModuleProfileResult(compute_cost=9066.070, peak_memory=39.000 GB, invar_size=32.115 GB, outvar_size=10.233 GB, temp_buffer_size=6.791 GB, available_memory=64.000 GB, comm_cost=0.596)
Using pre computed peak Mem for (7, 7, 1, 0), module 0
result[(7, 7, 1, 0), 0] = ModuleProfileResult(compute_cost=431.321, peak_memory=5.600 GB, invar_size=1.782 GB, outvar_size=3.915 GB, temp_buffer_size=-0.096 GB, available_memory=64.000 GB, comm_cost=0.244)
result[(7, 7, 1, 0), 1] = ModuleProfileResult(compute_cost=1587.364, peak_memory=6.516 GB, invar_size=5.602 GB, outvar_size=1.782 GB, temp_buffer_size=0.820 GB, available_memory=64.000 GB, comm_cost=0.075)
Using pre computed peak Mem for (7, 7, 1, 1), module 0
result[(7, 7, 1, 1), 0] = ModuleProfileResult(compute_cost=431.321, peak_memory=5.600 GB, invar_size=1.782 GB, outvar_size=3.891 GB, temp_buffer_size=-0.073 GB, available_memory=64.000 GB, comm_cost=0.244)
result[(7, 7, 1, 1), 1] = ModuleProfileResult(compute_cost=1587.366, peak_memory=6.516 GB, invar_size=5.579 GB, outvar_size=1.782 GB, temp_buffer_size=0.844 GB, available_memory=64.000 GB, comm_cost=0.076)
Using pre computed peak Mem for (7, 8, 1, 0), module 0
result[(7, 8, 1, 0), 0] = ModuleProfileResult(compute_cost=862.611, peak_memory=11.200 GB, invar_size=3.469 GB, outvar_size=7.642 GB, temp_buffer_size=0.089 GB, available_memory=64.000 GB, comm_cost=0.487)
result[(7, 8, 1, 0), 1] = ModuleProfileResult(compute_cost=3174.728, peak_memory=12.401 GB, invar_size=11.017 GB, outvar_size=3.469 GB, temp_buffer_size=1.290 GB, available_memory=64.000 GB, comm_cost=0.151)
Using pre computed peak Mem for (7, 8, 1, 1), module 0
result[(7, 8, 1, 1), 0] = ModuleProfileResult(compute_cost=862.611, peak_memory=11.200 GB, invar_size=3.469 GB, outvar_size=7.712 GB, temp_buffer_size=0.019 GB, available_memory=64.000 GB, comm_cost=0.487)
result[(7, 8, 1, 1), 1] = ModuleProfileResult(compute_cost=3174.730, peak_memory=12.541 GB, invar_size=11.087 GB, outvar_size=3.469 GB, temp_buffer_size=1.360 GB, available_memory=64.000 GB, comm_cost=0.151)
Using pre computed peak Mem for (7, 9, 1, 0), module 0
result[(7, 9, 1, 0), 0] = ModuleProfileResult(compute_cost=1293.901, peak_memory=16.800 GB, invar_size=5.157 GB, outvar_size=11.462 GB, temp_buffer_size=0.180 GB, available_memory=64.000 GB, comm_cost=0.731)
result[(7, 9, 1, 0), 1] = ModuleProfileResult(compute_cost=4762.092, peak_memory=18.495 GB, invar_size=16.526 GB, outvar_size=5.157 GB, temp_buffer_size=1.876 GB, available_memory=64.000 GB, comm_cost=0.226)
Using pre computed peak Mem for (7, 9, 1, 1), module 0
result[(7, 9, 1, 1), 0] = ModuleProfileResult(compute_cost=1293.901, peak_memory=16.800 GB, invar_size=5.157 GB, outvar_size=11.462 GB, temp_buffer_size=0.180 GB, available_memory=64.000 GB, comm_cost=0.731)
result[(7, 9, 1, 1), 1] = ModuleProfileResult(compute_cost=4762.095, peak_memory=18.870 GB, invar_size=16.526 GB, outvar_size=5.157 GB, temp_buffer_size=2.251 GB, available_memory=64.000 GB, comm_cost=0.226)
Using pre computed peak Mem for (7, 10, 1, 0), module 0
result[(7, 10, 1, 0), 0] = ModuleProfileResult(compute_cost=1725.191, peak_memory=22.400 GB, invar_size=6.845 GB, outvar_size=15.260 GB, temp_buffer_size=0.295 GB, available_memory=64.000 GB, comm_cost=0.974)
result[(7, 10, 1, 0), 1] = ModuleProfileResult(compute_cost=6349.455, peak_memory=24.449 GB, invar_size=22.011 GB, outvar_size=6.845 GB, temp_buffer_size=2.345 GB, available_memory=64.000 GB, comm_cost=0.301)
Using pre computed peak Mem for (7, 10, 1, 1), module 0
result[(7, 10, 1, 1), 0] = ModuleProfileResult(compute_cost=1725.191, peak_memory=22.400 GB, invar_size=6.845 GB, outvar_size=15.283 GB, temp_buffer_size=0.272 GB, available_memory=64.000 GB, comm_cost=0.974)
result[(7, 10, 1, 1), 1] = ModuleProfileResult(compute_cost=6349.459, peak_memory=24.835 GB, invar_size=22.034 GB, outvar_size=6.845 GB, temp_buffer_size=2.707 GB, available_memory=64.000 GB, comm_cost=0.301)
Using pre computed peak Mem for (7, 11, 1, 0), module 0
result[(7, 11, 1, 0), 0] = ModuleProfileResult(compute_cost=1867.332, peak_memory=28.000 GB, invar_size=8.545 GB, outvar_size=17.991 GB, temp_buffer_size=1.463 GB, available_memory=64.000 GB, comm_cost=0.995)
Using pre computed peak Mem for (7, 11, 1, 0), module 1
result[(7, 11, 1, 0), 1] = ModuleProfileResult(compute_cost=7478.703, peak_memory=32.500 GB, invar_size=26.443 GB, outvar_size=8.545 GB, temp_buffer_size=5.964 GB, available_memory=64.000 GB, comm_cost=0.525)
Using pre computed peak Mem for (7, 11, 1, 1), module 0
result[(7, 11, 1, 1), 0] = ModuleProfileResult(compute_cost=1867.332, peak_memory=28.000 GB, invar_size=8.545 GB, outvar_size=18.062 GB, temp_buffer_size=1.393 GB, available_memory=64.000 GB, comm_cost=0.995)
Using pre computed peak Mem for (7, 11, 1, 1), module 1
result[(7, 11, 1, 1), 1] = ModuleProfileResult(compute_cost=7478.705, peak_memory=32.500 GB, invar_size=26.513 GB, outvar_size=8.545 GB, temp_buffer_size=5.893 GB, available_memory=64.000 GB, comm_cost=0.524)
Using pre computed peak Mem for (8, 8, 1, 0), module 0
result[(8, 8, 1, 0), 0] = ModuleProfileResult(compute_cost=431.321, peak_memory=5.600 GB, invar_size=1.782 GB, outvar_size=3.891 GB, temp_buffer_size=-0.073 GB, available_memory=64.000 GB, comm_cost=0.244)
result[(8, 8, 1, 0), 1] = ModuleProfileResult(compute_cost=1587.364, peak_memory=6.493 GB, invar_size=5.579 GB, outvar_size=1.782 GB, temp_buffer_size=0.820 GB, available_memory=64.000 GB, comm_cost=0.075)
Using pre computed peak Mem for (8, 8, 1, 1), module 0
result[(8, 8, 1, 1), 0] = ModuleProfileResult(compute_cost=431.321, peak_memory=5.600 GB, invar_size=1.782 GB, outvar_size=3.915 GB, temp_buffer_size=-0.096 GB, available_memory=64.000 GB, comm_cost=0.244)
result[(8, 8, 1, 1), 1] = ModuleProfileResult(compute_cost=1587.365, peak_memory=6.845 GB, invar_size=5.602 GB, outvar_size=1.782 GB, temp_buffer_size=1.148 GB, available_memory=64.000 GB, comm_cost=0.075)
Using pre computed peak Mem for (8, 9, 1, 0), module 0
result[(8, 9, 1, 0), 0] = ModuleProfileResult(compute_cost=862.611, peak_memory=11.200 GB, invar_size=3.469 GB, outvar_size=7.665 GB, temp_buffer_size=0.066 GB, available_memory=64.000 GB, comm_cost=0.487)
result[(8, 9, 1, 0), 1] = ModuleProfileResult(compute_cost=3174.728, peak_memory=12.424 GB, invar_size=11.041 GB, outvar_size=3.469 GB, temp_buffer_size=1.290 GB, available_memory=64.000 GB, comm_cost=0.151)
Using pre computed peak Mem for (8, 9, 1, 1), module 0
result[(8, 9, 1, 1), 0] = ModuleProfileResult(compute_cost=862.611, peak_memory=11.200 GB, invar_size=3.469 GB, outvar_size=7.689 GB, temp_buffer_size=0.042 GB, available_memory=64.000 GB, comm_cost=0.487)
result[(8, 9, 1, 1), 1] = ModuleProfileResult(compute_cost=3174.730, peak_memory=12.517 GB, invar_size=11.064 GB, outvar_size=3.469 GB, temp_buffer_size=1.360 GB, available_memory=64.000 GB, comm_cost=0.151)
Using pre computed peak Mem for (8, 10, 1, 0), module 0
result[(8, 10, 1, 0), 0] = ModuleProfileResult(compute_cost=1293.901, peak_memory=16.800 GB, invar_size=5.157 GB, outvar_size=11.369 GB, temp_buffer_size=0.274 GB, available_memory=64.000 GB, comm_cost=0.731)
result[(8, 10, 1, 0), 1] = ModuleProfileResult(compute_cost=4762.092, peak_memory=18.378 GB, invar_size=16.432 GB, outvar_size=5.157 GB, temp_buffer_size=1.852 GB, available_memory=64.000 GB, comm_cost=0.226)
Using pre computed peak Mem for (8, 10, 1, 1), module 0
result[(8, 10, 1, 1), 0] = ModuleProfileResult(compute_cost=1293.901, peak_memory=16.800 GB, invar_size=5.157 GB, outvar_size=11.462 GB, temp_buffer_size=0.180 GB, available_memory=64.000 GB, comm_cost=0.731)
result[(8, 10, 1, 1), 1] = ModuleProfileResult(compute_cost=4762.093, peak_memory=18.870 GB, invar_size=16.526 GB, outvar_size=5.157 GB, temp_buffer_size=2.251 GB, available_memory=64.000 GB, comm_cost=0.225)
Using pre computed peak Mem for (8, 11, 1, 0), module 0
result[(8, 11, 1, 0), 0] = ModuleProfileResult(compute_cost=1436.042, peak_memory=22.400 GB, invar_size=6.857 GB, outvar_size=14.264 GB, temp_buffer_size=1.278 GB, available_memory=64.000 GB, comm_cost=0.751)
Using pre computed peak Mem for (8, 11, 1, 0), module 1
result[(8, 11, 1, 0), 1] = ModuleProfileResult(compute_cost=5891.339, peak_memory=26.000 GB, invar_size=21.028 GB, outvar_size=6.857 GB, temp_buffer_size=4.878 GB, available_memory=64.000 GB, comm_cost=0.450)
Using pre computed peak Mem for (8, 11, 1, 1), module 0
result[(8, 11, 1, 1), 0] = ModuleProfileResult(compute_cost=1436.042, peak_memory=22.400 GB, invar_size=6.857 GB, outvar_size=14.241 GB, temp_buffer_size=1.302 GB, available_memory=64.000 GB, comm_cost=0.751)
Using pre computed peak Mem for (8, 11, 1, 1), module 1
result[(8, 11, 1, 1), 1] = ModuleProfileResult(compute_cost=5891.341, peak_memory=26.000 GB, invar_size=21.004 GB, outvar_size=6.857 GB, temp_buffer_size=4.902 GB, available_memory=64.000 GB, comm_cost=0.450)
Using pre computed peak Mem for (9, 9, 1, 0), module 0
result[(9, 9, 1, 0), 0] = ModuleProfileResult(compute_cost=431.321, peak_memory=5.600 GB, invar_size=1.782 GB, outvar_size=3.868 GB, temp_buffer_size=-0.049 GB, available_memory=64.000 GB, comm_cost=0.244)
result[(9, 9, 1, 0), 1] = ModuleProfileResult(compute_cost=1587.364, peak_memory=6.446 GB, invar_size=5.555 GB, outvar_size=1.782 GB, temp_buffer_size=0.797 GB, available_memory=64.000 GB, comm_cost=0.075)
Using pre computed peak Mem for (9, 9, 1, 1), module 0
result[(9, 9, 1, 1), 0] = ModuleProfileResult(compute_cost=431.321, peak_memory=5.600 GB, invar_size=1.782 GB, outvar_size=3.915 GB, temp_buffer_size=-0.096 GB, available_memory=64.000 GB, comm_cost=0.244)
result[(9, 9, 1, 1), 1] = ModuleProfileResult(compute_cost=1587.366, peak_memory=6.540 GB, invar_size=5.602 GB, outvar_size=1.782 GB, temp_buffer_size=0.844 GB, available_memory=64.000 GB, comm_cost=0.076)
Using pre computed peak Mem for (9, 10, 1, 0), module 0
result[(9, 10, 1, 0), 0] = ModuleProfileResult(compute_cost=862.611, peak_memory=11.200 GB, invar_size=3.469 GB, outvar_size=7.642 GB, temp_buffer_size=0.089 GB, available_memory=64.000 GB, comm_cost=0.487)
result[(9, 10, 1, 0), 1] = ModuleProfileResult(compute_cost=3174.728, peak_memory=12.401 GB, invar_size=11.017 GB, outvar_size=3.469 GB, temp_buffer_size=1.290 GB, available_memory=64.000 GB, comm_cost=0.151)
Using pre computed peak Mem for (9, 10, 1, 1), module 0
result[(9, 10, 1, 1), 0] = ModuleProfileResult(compute_cost=862.611, peak_memory=11.200 GB, invar_size=3.469 GB, outvar_size=7.665 GB, temp_buffer_size=0.066 GB, available_memory=64.000 GB, comm_cost=0.487)
result[(9, 10, 1, 1), 1] = ModuleProfileResult(compute_cost=3174.729, peak_memory=12.494 GB, invar_size=11.041 GB, outvar_size=3.469 GB, temp_buffer_size=1.360 GB, available_memory=64.000 GB, comm_cost=0.150)
Using pre computed peak Mem for (9, 11, 1, 0), module 0
result[(9, 11, 1, 0), 0] = ModuleProfileResult(compute_cost=1004.752, peak_memory=16.800 GB, invar_size=5.170 GB, outvar_size=10.467 GB, temp_buffer_size=1.163 GB, available_memory=64.000 GB, comm_cost=0.508)
Using pre computed peak Mem for (9, 11, 1, 0), module 1
result[(9, 11, 1, 0), 1] = ModuleProfileResult(compute_cost=4303.975, peak_memory=19.500 GB, invar_size=15.543 GB, outvar_size=5.170 GB, temp_buffer_size=3.863 GB, available_memory=64.000 GB, comm_cost=0.374)
Using pre computed peak Mem for (9, 11, 1, 1), module 0
result[(9, 11, 1, 1), 0] = ModuleProfileResult(compute_cost=1004.752, peak_memory=16.800 GB, invar_size=5.170 GB, outvar_size=10.514 GB, temp_buffer_size=1.117 GB, available_memory=64.000 GB, comm_cost=0.508)
Using pre computed peak Mem for (9, 11, 1, 1), module 1
result[(9, 11, 1, 1), 1] = ModuleProfileResult(compute_cost=4303.978, peak_memory=19.500 GB, invar_size=15.590 GB, outvar_size=5.170 GB, temp_buffer_size=3.817 GB, available_memory=64.000 GB, comm_cost=0.374)
Using pre computed peak Mem for (10, 10, 1, 0), module 0
result[(10, 10, 1, 0), 0] = ModuleProfileResult(compute_cost=431.321, peak_memory=5.600 GB, invar_size=1.782 GB, outvar_size=3.891 GB, temp_buffer_size=-0.073 GB, available_memory=64.000 GB, comm_cost=0.244)
result[(10, 10, 1, 0), 1] = ModuleProfileResult(compute_cost=1587.364, peak_memory=6.493 GB, invar_size=5.579 GB, outvar_size=1.782 GB, temp_buffer_size=0.820 GB, available_memory=64.000 GB, comm_cost=0.075)
Using pre computed peak Mem for (10, 10, 1, 1), module 0
result[(10, 10, 1, 1), 0] = ModuleProfileResult(compute_cost=431.321, peak_memory=5.600 GB, invar_size=1.782 GB, outvar_size=3.915 GB, temp_buffer_size=-0.096 GB, available_memory=64.000 GB, comm_cost=0.244)
result[(10, 10, 1, 1), 1] = ModuleProfileResult(compute_cost=1587.365, peak_memory=6.845 GB, invar_size=5.602 GB, outvar_size=1.782 GB, temp_buffer_size=1.148 GB, available_memory=64.000 GB, comm_cost=0.075)
Using pre computed peak Mem for (10, 11, 1, 0), module 0
result[(10, 11, 1, 0), 0] = ModuleProfileResult(compute_cost=573.462, peak_memory=11.200 GB, invar_size=3.482 GB, outvar_size=6.716 GB, temp_buffer_size=1.002 GB, available_memory=64.000 GB, comm_cost=0.264)
Using pre computed peak Mem for (10, 11, 1, 0), module 1
result[(10, 11, 1, 0), 1] = ModuleProfileResult(compute_cost=2716.611, peak_memory=13.000 GB, invar_size=10.104 GB, outvar_size=3.482 GB, temp_buffer_size=2.802 GB, available_memory=64.000 GB, comm_cost=0.299)
Using pre computed peak Mem for (10, 11, 1, 1), module 0
result[(10, 11, 1, 1), 0] = ModuleProfileResult(compute_cost=573.462, peak_memory=11.200 GB, invar_size=3.482 GB, outvar_size=6.716 GB, temp_buffer_size=1.002 GB, available_memory=64.000 GB, comm_cost=0.264)
Using pre computed peak Mem for (10, 11, 1, 1), module 1
result[(10, 11, 1, 1), 1] = ModuleProfileResult(compute_cost=2716.613, peak_memory=13.000 GB, invar_size=10.104 GB, outvar_size=3.482 GB, temp_buffer_size=2.802 GB, available_memory=64.000 GB, comm_cost=0.300)
result[(11, 11, 1, 0), 0] = ModuleProfileResult(compute_cost=142.141, peak_memory=4.713 GB, invar_size=1.794 GB, outvar_size=2.919 GB, temp_buffer_size=0.000 GB, available_memory=64.000 GB, comm_cost=0.021)
Using pre computed peak Mem for (11, 11, 1, 0), module 1
result[(11, 11, 1, 0), 1] = ModuleProfileResult(compute_cost=1129.247, peak_memory=6.500 GB, invar_size=4.619 GB, outvar_size=1.794 GB, temp_buffer_size=1.787 GB, available_memory=64.000 GB, comm_cost=0.224)
result[(11, 11, 1, 1), 0] = ModuleProfileResult(compute_cost=142.141, peak_memory=4.713 GB, invar_size=1.794 GB, outvar_size=2.919 GB, temp_buffer_size=0.000 GB, available_memory=64.000 GB, comm_cost=0.021)
Using pre computed peak Mem for (11, 11, 1, 1), module 1
result[(11, 11, 1, 1), 1] = ModuleProfileResult(compute_cost=1129.247, peak_memory=6.500 GB, invar_size=4.619 GB, outvar_size=1.794 GB, temp_buffer_size=1.787 GB, available_memory=64.000 GB, comm_cost=0.224)
Profiling for submesh 1 (1, 2) takes 606.08 seconds
--------------------------------------------------
- Profiling for submesh 0 (1, 1):
- Generate all stage infos (Jaxpr -> HLO)
- Compile all stages, get estimations
num of workers:12
[2m[36m(CompileWorker pid=4082315)[0m compiled for stage:3 name: stage_0_1_acc_grad_0 module id: 0
[2m[36m(CompileWorker pid=4082318)[0m compiled for stage:0 name: stage_0_0_acc_grad_0 module id: 0
[2m[36m(CompileWorker pid=4082314)[0m compiled for stage:4 name: stage_0_2_acc_grad_0 module id: 0
[2m[36m(CompileWorker pid=4082317)[0m compiled for stage:1 name: stage_0_0_acc_grad_0 module id: 0
[2m[36m(CompileWorker pid=4082313)[0m compiled for stage:5 name: stage_0_2_acc_grad_0 module id: 0
[2m[36m(CompileWorker pid=4082316)[0m compiled for stage:2 name: stage_0_1_acc_grad_0 module id: 0
[2m[36m(CompileWorker pid=4082311)[0m compiled for stage:7 name: stage_0_3_acc_grad_0 module id: 0
[2m[36m(CompileWorker pid=4082310)[0m compiled for stage:8 name: stage_0_4_acc_grad_0 module id: 0
[2m[36m(CompileWorker pid=4082309)[0m compiled for stage:9 name: stage_0_4_acc_grad_0 module id: 0
[2m[36m(CompileWorker pid=4082307)[0m compiled for stage:11 name: stage_0_5_acc_grad_0 module id: 0
[2m[36m(CompileWorker pid=4082308)[0m compiled for stage:10 name: stage_0_5_acc_grad_0 module id: 0
[2m[36m(CompileWorker pid=4082312)[0m compiled for stage:6 name: stage_0_3_acc_grad_0 module id: 0
[2m[36m(CompileWorker pid=4082315)[0m  tensor (Large latency) dimensions: (1, 1, 2048, 49152, 1, 1, 1, 1, 1, 1, 0, 0, 'CONV', 1, 1, 0, 0),  latency: 1.8724571428571428
[2m[36m(CompileWorker pid=4082315)[0m compiled for stage:3 name: stage_0_1_acc_grad_1 module id: 1
[2m[36m(CompileWorker pid=4082318)[0m  tensor (Large latency) dimensions: (1, 1, 2048, 49152, 1, 1, 1, 1, 1, 1, 0, 0, 'CONV', 1, 1, 0, 0),  latency: 1.8724571428571428
[2m[36m(CompileWorker pid=4082318)[0m compiled for stage:0 name: stage_0_0_acc_grad_1 module id: 1
[2m[36m(CompileWorker pid=4082314)[0m  tensor (Large latency) dimensions: (1, 1, 2048, 49152, 1, 1, 1, 1, 1, 1, 0, 0, 'CONV', 1, 1, 0, 0),  latency: 1.8724571428571428
[2m[36m(CompileWorker pid=4082314)[0m compiled for stage:4 name: stage_0_2_acc_grad_1 module id: 1
[2m[36m(CompileWorker pid=4082317)[0m  tensor (Large latency) dimensions: (1, 1, 2048, 49152, 1, 1, 1, 1, 1, 1, 0, 0, 'CONV', 1, 1, 0, 0),  latency: 1.8724571428571428
[2m[36m(CompileWorker pid=4082317)[0m compiled for stage:1 name: stage_0_0_acc_grad_1 module id: 1
[2m[36m(CompileWorker pid=4082316)[0m  tensor (Large latency) dimensions: (1, 1, 2048, 49152, 1, 1, 1, 1, 1, 1, 0, 0, 'CONV', 1, 1, 0, 0),  latency: 1.8724571428571428
[2m[36m(CompileWorker pid=4082316)[0m compiled for stage:2 name: stage_0_1_acc_grad_1 module id: 1
[2m[36m(CompileWorker pid=4082312)[0m  tensor (Large latency) dimensions: (1, 1, 2048, 49152, 1, 1, 1, 1, 1, 1, 0, 0, 'CONV', 1, 1, 0, 0),  latency: 1.8724571428571428
[2m[36m(CompileWorker pid=4082312)[0m compiled for stage:6 name: stage_0_3_acc_grad_1 module id: 1
[2m[36m(CompileWorker pid=4082307)[0m  tensor (Large latency) dimensions: (1, 1, 2048, 49152, 1, 1, 1, 1, 1, 1, 0, 0, 'CONV', 1, 1, 0, 0),  latency: 1.8724571428571428
[2m[36m(CompileWorker pid=4082307)[0m compiled for stage:11 name: stage_0_5_acc_grad_1 module id: 1
[2m[36m(CompileWorker pid=4082309)[0m  tensor (Large latency) dimensions: (1, 1, 2048, 49152, 1, 1, 1, 1, 1, 1, 0, 0, 'CONV', 1, 1, 0, 0),  latency: 1.8724571428571428
[2m[36m(CompileWorker pid=4082309)[0m compiled for stage:9 name: stage_0_4_acc_grad_1 module id: 1
[2m[36m(CompileWorker pid=4082308)[0m  tensor (Large latency) dimensions: (1, 1, 2048, 49152, 1, 1, 1, 1, 1, 1, 0, 0, 'CONV', 1, 1, 0, 0),  latency: 1.8724571428571428
[2m[36m(CompileWorker pid=4082308)[0m compiled for stage:10 name: stage_0_5_acc_grad_1 module id: 1
[2m[36m(CompileWorker pid=4082313)[0m  tensor (Large latency) dimensions: (1, 1, 2048, 49152, 1, 1, 1, 1, 1, 1, 0, 0, 'CONV', 1, 1, 0, 0),  latency: 1.8724571428571428
[2m[36m(CompileWorker pid=4082313)[0m compiled for stage:5 name: stage_0_2_acc_grad_1 module id: 1
[2m[36m(CompileWorker pid=4082311)[0m  tensor (Large latency) dimensions: (1, 1, 2048, 49152, 1, 1, 1, 1, 1, 1, 0, 0, 'CONV', 1, 1, 0, 0),  latency: 1.8724571428571428
[2m[36m(CompileWorker pid=4082311)[0m compiled for stage:7 name: stage_0_3_acc_grad_1 module id: 1
[2m[36m(CompileWorker pid=4082310)[0m  tensor (Large latency) dimensions: (1, 1, 2048, 49152, 1, 1, 1, 1, 1, 1, 0, 0, 'CONV', 1, 1, 0, 0),  latency: 1.8724571428571428
[2m[36m(CompileWorker pid=4082310)[0m compiled for stage:8 name: stage_0_4_acc_grad_1 module id: 1
[2m[36m(CompileWorker pid=4082318)[0m  tensor (Large latency) dimensions: (1, 12288, 49152, 1, 1, 1, 1, 1, 1, 1, 0, 0, 'CONV', 1, 1, 0, 0),  latency: 8.987794285714285
[2m[36m(CompileWorker pid=4082315)[0m  tensor (Large latency) dimensions: (1, 12288, 49152, 1, 1, 1, 1, 1, 1, 1, 0, 0, 'CONV', 1, 1, 0, 0),  latency: 8.987794285714285
[2m[36m(CompileWorker pid=4082314)[0m  tensor (Large latency) dimensions: (1, 12288, 12288, 1, 1, 1, 1, 1, 1, 1, 0, 0, 'CONV', 1, 1, 0, 0),  latency: 2.2469485714285713
[2m[36m(CompileWorker pid=4082317)[0m  tensor (Large latency) dimensions: (1, 12288, 49152, 1, 1, 1, 1, 1, 1, 1, 0, 0, 'CONV', 1, 1, 0, 0),  latency: 8.987794285714285
[2m[36m(CompileWorker pid=4082316)[0m  tensor (Large latency) dimensions: (1, 12288, 49152, 1, 1, 1, 1, 1, 1, 1, 0, 0, 'CONV', 1, 1, 0, 0),  latency: 8.987794285714285
[2m[36m(CompileWorker pid=4082312)[0m  tensor (Large latency) dimensions: (1, 12288, 12288, 1, 1, 1, 1, 1, 1, 1, 0, 0, 'CONV', 1, 1, 0, 0),  latency: 2.2469485714285713
[2m[36m(CompileWorker pid=4082309)[0m  tensor (Large latency) dimensions: (1, 12288, 12288, 1, 1, 1, 1, 1, 1, 1, 0, 0, 'CONV', 1, 1, 0, 0),  latency: 2.2469485714285713
[2m[36m(CompileWorker pid=4082313)[0m  tensor (Large latency) dimensions: (1, 12288, 12288, 1, 1, 1, 1, 1, 1, 1, 0, 0, 'CONV', 1, 1, 0, 0),  latency: 2.2469485714285713
[2m[36m(CompileWorker pid=4082307)[0m  tensor (Large latency) dimensions: (1, 12288, 12288, 1, 1, 1, 1, 1, 1, 1, 0, 0, 'CONV', 1, 1, 0, 0),  latency: 2.2469485714285713
[2m[36m(CompileWorker pid=4082308)[0m  tensor (Large latency) dimensions: (1, 12288, 12288, 1, 1, 1, 1, 1, 1, 1, 0, 0, 'CONV', 1, 1, 0, 0),  latency: 2.2469485714285713
[2m[36m(CompileWorker pid=4082318)[0m  tensor (Large latency) dimensions: (1, 1, 2048, 49152, 1, 1, 1, 1, 1, 1, 0, 0, 'CONV', 1, 1, 0, 0),  latency: 1.8724571428571428
[2m[36m(CompileWorker pid=4082311)[0m  tensor (Large latency) dimensions: (1, 12288, 12288, 1, 1, 1, 1, 1, 1, 1, 0, 0, 'CONV', 1, 1, 0, 0),  latency: 2.2469485714285713
[2m[36m(CompileWorker pid=4082310)[0m  tensor (Large latency) dimensions: (1, 12288, 12288, 1, 1, 1, 1, 1, 1, 1, 0, 0, 'CONV', 1, 1, 0, 0),  latency: 2.2469485714285713
[2m[36m(CompileWorker pid=4082315)[0m  tensor (Large latency) dimensions: (1, 1, 2048, 49152, 1, 1, 1, 1, 1, 1, 0, 0, 'CONV', 1, 1, 0, 0),  latency: 1.8724571428571428
[2m[36m(CompileWorker pid=4082317)[0m  tensor (Large latency) dimensions: (1, 1, 2048, 49152, 1, 1, 1, 1, 1, 1, 0, 0, 'CONV', 1, 1, 0, 0),  latency: 1.8724571428571428
[2m[36m(CompileWorker pid=4082316)[0m  tensor (Large latency) dimensions: (1, 1, 2048, 49152, 1, 1, 1, 1, 1, 1, 0, 0, 'CONV', 1, 1, 0, 0),  latency: 1.8724571428571428
[2m[36m(CompileWorker pid=4082318)[0m  tensor (Large latency) dimensions: (1, 49152, 12288, 1, 1, 1, 1, 1, 1, 1, 0, 0, 'CONV', 1, 1, 0, 0),  latency: 8.987794285714285
[2m[36m(CompileWorker pid=4082317)[0m  tensor (Large latency) dimensions: (1, 49152, 12288, 1, 1, 1, 1, 1, 1, 1, 0, 0, 'CONV', 1, 1, 0, 0),  latency: 8.987794285714285
[2m[36m(CompileWorker pid=4082316)[0m  tensor (Large latency) dimensions: (1, 49152, 12288, 1, 1, 1, 1, 1, 1, 1, 0, 0, 'CONV', 1, 1, 0, 0),  latency: 8.987794285714285
[2m[36m(CompileWorker pid=4082315)[0m  tensor (Large latency) dimensions: (1, 49152, 12288, 1, 1, 1, 1, 1, 1, 1, 0, 0, 'CONV', 1, 1, 0, 0),  latency: 8.987794285714285
[2m[36m(CompileWorker pid=4082318)[0m  tensor (Large latency) dimensions: (1, 12288, 12288, 1, 1, 1, 1, 1, 1, 1, 0, 0, 'CONV', 1, 1, 0, 0),  latency: 2.2469485714285713
[2m[36m(CompileWorker pid=4082317)[0m  tensor (Large latency) dimensions: (1, 12288, 12288, 1, 1, 1, 1, 1, 1, 1, 0, 0, 'CONV', 1, 1, 0, 0),  latency: 2.2469485714285713
[2m[36m(CompileWorker pid=4082315)[0m  tensor (Large latency) dimensions: (1, 12288, 12288, 1, 1, 1, 1, 1, 1, 1, 0, 0, 'CONV', 1, 1, 0, 0),  latency: 2.2469485714285713
[2m[36m(CompileWorker pid=4082316)[0m  tensor (Large latency) dimensions: (1, 12288, 12288, 1, 1, 1, 1, 1, 1, 1, 0, 0, 'CONV', 1, 1, 0, 0),  latency: 2.2469485714285713
[2m[36m(CompileWorker pid=4082314)[0m  tensor (Large latency) dimensions: (1, 36864, 12288, 1, 1, 1, 1, 1, 1, 1, 0, 0, 'CONV', 1, 1, 0, 0),  latency: 6.740845714285714
[2m[36m(CompileWorker pid=4082312)[0m  tensor (Large latency) dimensions: (1, 36864, 12288, 1, 1, 1, 1, 1, 1, 1, 0, 0, 'CONV', 1, 1, 0, 0),  latency: 6.740845714285714
[2m[36m(CompileWorker pid=4082313)[0m  tensor (Large latency) dimensions: (1, 36864, 12288, 1, 1, 1, 1, 1, 1, 1, 0, 0, 'CONV', 1, 1, 0, 0),  latency: 6.740845714285714
[2m[36m(CompileWorker pid=4082309)[0m  tensor (Large latency) dimensions: (1, 36864, 12288, 1, 1, 1, 1, 1, 1, 1, 0, 0, 'CONV', 1, 1, 0, 0),  latency: 6.740845714285714
[2m[36m(CompileWorker pid=4082307)[0m  tensor (Large latency) dimensions: (1, 36864, 12288, 1, 1, 1, 1, 1, 1, 1, 0, 0, 'CONV', 1, 1, 0, 0),  latency: 6.740845714285714
[2m[36m(CompileWorker pid=4082311)[0m  tensor (Large latency) dimensions: (1, 36864, 12288, 1, 1, 1, 1, 1, 1, 1, 0, 0, 'CONV', 1, 1, 0, 0),  latency: 6.740845714285714
[2m[36m(CompileWorker pid=4082310)[0m  tensor (Large latency) dimensions: (1, 36864, 12288, 1, 1, 1, 1, 1, 1, 1, 0, 0, 'CONV', 1, 1, 0, 0),  latency: 6.740845714285714
[2m[36m(CompileWorker pid=4082308)[0m  tensor (Large latency) dimensions: (1, 36864, 12288, 1, 1, 1, 1, 1, 1, 1, 0, 0, 'CONV', 1, 1, 0, 0),  latency: 6.740845714285714
[2m[36m(CompileWorker pid=4082314)[0m  tensor (Large latency) dimensions: (1, 12288, 49152, 1, 1, 1, 1, 1, 1, 1, 0, 0, 'CONV', 1, 1, 0, 0),  latency: 8.987794285714285
[2m[36m(CompileWorker pid=4082312)[0m  tensor (Large latency) dimensions: (1, 12288, 49152, 1, 1, 1, 1, 1, 1, 1, 0, 0, 'CONV', 1, 1, 0, 0),  latency: 8.987794285714285
[2m[36m(CompileWorker pid=4082314)[0m  tensor (Large latency) dimensions: (1, 1, 2048, 49152, 1, 1, 1, 1, 1, 1, 0, 0, 'CONV', 1, 1, 0, 0),  latency: 1.8724571428571428
[2m[36m(CompileWorker pid=4082313)[0m  tensor (Large latency) dimensions: (1, 12288, 49152, 1, 1, 1, 1, 1, 1, 1, 0, 0, 'CONV', 1, 1, 0, 0),  latency: 8.987794285714285
[2m[36m(CompileWorker pid=4082309)[0m  tensor (Large latency) dimensions: (1, 12288, 49152, 1, 1, 1, 1, 1, 1, 1, 0, 0, 'CONV', 1, 1, 0, 0),  latency: 8.987794285714285
[2m[36m(CompileWorker pid=4082307)[0m  tensor (Large latency) dimensions: (1, 12288, 49152, 1, 1, 1, 1, 1, 1, 1, 0, 0, 'CONV', 1, 1, 0, 0),  latency: 8.987794285714285
[2m[36m(CompileWorker pid=4082311)[0m  tensor (Large latency) dimensions: (1, 12288, 49152, 1, 1, 1, 1, 1, 1, 1, 0, 0, 'CONV', 1, 1, 0, 0),  latency: 8.987794285714285
[2m[36m(CompileWorker pid=4082312)[0m  tensor (Large latency) dimensions: (1, 1, 2048, 49152, 1, 1, 1, 1, 1, 1, 0, 0, 'CONV', 1, 1, 0, 0),  latency: 1.8724571428571428
[2m[36m(CompileWorker pid=4082310)[0m  tensor (Large latency) dimensions: (1, 12288, 49152, 1, 1, 1, 1, 1, 1, 1, 0, 0, 'CONV', 1, 1, 0, 0),  latency: 8.987794285714285
[2m[36m(CompileWorker pid=4082309)[0m  tensor (Large latency) dimensions: (1, 1, 2048, 49152, 1, 1, 1, 1, 1, 1, 0, 0, 'CONV', 1, 1, 0, 0),  latency: 1.8724571428571428
[2m[36m(CompileWorker pid=4082313)[0m  tensor (Large latency) dimensions: (1, 1, 2048, 49152, 1, 1, 1, 1, 1, 1, 0, 0, 'CONV', 1, 1, 0, 0),  latency: 1.8724571428571428
[2m[36m(CompileWorker pid=4082308)[0m  tensor (Large latency) dimensions: (1, 12288, 49152, 1, 1, 1, 1, 1, 1, 1, 0, 0, 'CONV', 1, 1, 0, 0),  latency: 8.987794285714285
[2m[36m(CompileWorker pid=4082318)[0m  tensor (Large latency) dimensions: (1, 36864, 12288, 1, 1, 1, 1, 1, 1, 1, 0, 0, 'CONV', 1, 1, 0, 0),  latency: 6.740845714285714
[2m[36m(CompileWorker pid=4082314)[0m  tensor (Large latency) dimensions: (1, 49152, 12288, 1, 1, 1, 1, 1, 1, 1, 0, 0, 'CONV', 1, 1, 0, 0),  latency: 8.987794285714285
[2m[36m(CompileWorker pid=4082317)[0m  tensor (Large latency) dimensions: (1, 36864, 12288, 1, 1, 1, 1, 1, 1, 1, 0, 0, 'CONV', 1, 1, 0, 0),  latency: 6.740845714285714
[2m[36m(CompileWorker pid=4082307)[0m  tensor (Large latency) dimensions: (1, 1, 2048, 49152, 1, 1, 1, 1, 1, 1, 0, 0, 'CONV', 1, 1, 0, 0),  latency: 1.8724571428571428
[2m[36m(CompileWorker pid=4082311)[0m  tensor (Large latency) dimensions: (1, 1, 2048, 49152, 1, 1, 1, 1, 1, 1, 0, 0, 'CONV', 1, 1, 0, 0),  latency: 1.8724571428571428
[2m[36m(CompileWorker pid=4082312)[0m  tensor (Large latency) dimensions: (1, 49152, 12288, 1, 1, 1, 1, 1, 1, 1, 0, 0, 'CONV', 1, 1, 0, 0),  latency: 8.987794285714285
[2m[36m(CompileWorker pid=4082316)[0m  tensor (Large latency) dimensions: (1, 36864, 12288, 1, 1, 1, 1, 1, 1, 1, 0, 0, 'CONV', 1, 1, 0, 0),  latency: 6.740845714285714
[2m[36m(CompileWorker pid=4082310)[0m  tensor (Large latency) dimensions: (1, 1, 2048, 49152, 1, 1, 1, 1, 1, 1, 0, 0, 'CONV', 1, 1, 0, 0),  latency: 1.8724571428571428
[2m[36m(CompileWorker pid=4082315)[0m  tensor (Large latency) dimensions: (1, 36864, 12288, 1, 1, 1, 1, 1, 1, 1, 0, 0, 'CONV', 1, 1, 0, 0),  latency: 6.740845714285714
[2m[36m(CompileWorker pid=4082308)[0m  tensor (Large latency) dimensions: (1, 1, 2048, 49152, 1, 1, 1, 1, 1, 1, 0, 0, 'CONV', 1, 1, 0, 0),  latency: 1.8724571428571428
[2m[36m(CompileWorker pid=4082309)[0m  tensor (Large latency) dimensions: (1, 49152, 12288, 1, 1, 1, 1, 1, 1, 1, 0, 0, 'CONV', 1, 1, 0, 0),  latency: 8.987794285714285
[2m[36m(CompileWorker pid=4082313)[0m  tensor (Large latency) dimensions: (1, 49152, 12288, 1, 1, 1, 1, 1, 1, 1, 0, 0, 'CONV', 1, 1, 0, 0),  latency: 8.987794285714285
[2m[36m(CompileWorker pid=4082307)[0m  tensor (Large latency) dimensions: (1, 49152, 12288, 1, 1, 1, 1, 1, 1, 1, 0, 0, 'CONV', 1, 1, 0, 0),  latency: 8.987794285714285
[2m[36m(CompileWorker pid=4082311)[0m  tensor (Large latency) dimensions: (1, 49152, 12288, 1, 1, 1, 1, 1, 1, 1, 0, 0, 'CONV', 1, 1, 0, 0),  latency: 8.987794285714285
[2m[36m(CompileWorker pid=4082310)[0m  tensor (Large latency) dimensions: (1, 49152, 12288, 1, 1, 1, 1, 1, 1, 1, 0, 0, 'CONV', 1, 1, 0, 0),  latency: 8.987794285714285
[2m[36m(CompileWorker pid=4082308)[0m  tensor (Large latency) dimensions: (1, 49152, 12288, 1, 1, 1, 1, 1, 1, 1, 0, 0, 'CONV', 1, 1, 0, 0),  latency: 8.987794285714285
[2m[36m(CompileWorker pid=4082314)[0m compiled for stage:12 name: stage_0_6_acc_grad_0 module id: 0
[2m[36m(CompileWorker pid=4082314)[0m compiled for stage:12 name: stage_0_6_acc_grad_1 module id: 1
[2m[36m(CompileWorker pid=4082315)[0m compiled for stage:13 name: stage_0_6_acc_grad_0 module id: 0
[2m[36m(CompileWorker pid=4082315)[0m compiled for stage:13 name: stage_0_6_acc_grad_1 module id: 1
[2m[36m(CompileWorker pid=4082317)[0m compiled for stage:14 name: stage_0_7_acc_grad_0 module id: 0
[2m[36m(CompileWorker pid=4082317)[0m compiled for stage:14 name: stage_0_7_acc_grad_1 module id: 1
[2m[36m(CompileWorker pid=4082309)[0m compiled for stage:15 name: stage_0_7_acc_grad_0 module id: 0
[2m[36m(CompileWorker pid=4082309)[0m compiled for stage:15 name: stage_0_7_acc_grad_1 module id: 1
[2m[36m(CompileWorker pid=4082313)[0m compiled for stage:16 name: stage_0_8_acc_grad_0 module id: 0
[2m[36m(CompileWorker pid=4082313)[0m compiled for stage:16 name: stage_0_8_acc_grad_1 module id: 1
[2m[36m(CompileWorker pid=4082314)[0m compiled for stage:17 name: stage_0_8_acc_grad_0 module id: 0
[2m[36m(CompileWorker pid=4082314)[0m compiled for stage:17 name: stage_0_8_acc_grad_1 module id: 1
[2m[36m(CompileWorker pid=4082311)[0m compiled for stage:18 name: stage_0_9_acc_grad_0 module id: 0
[2m[36m(CompileWorker pid=4082311)[0m compiled for stage:18 name: stage_0_9_acc_grad_1 module id: 1
[2m[36m(CompileWorker pid=4082315)[0m compiled for stage:19 name: stage_0_9_acc_grad_0 module id: 0
[2m[36m(CompileWorker pid=4082315)[0m compiled for stage:19 name: stage_0_9_acc_grad_1 module id: 1
[2m[36m(CompileWorker pid=4082312)[0m compiled for stage:20 name: stage_0_10_acc_grad_0 module id: 0
[2m[36m(CompileWorker pid=4082312)[0m compiled for stage:20 name: stage_0_10_acc_grad_1 module id: 1
[2m[36m(CompileWorker pid=4082308)[0m compiled for stage:21 name: stage_0_10_acc_grad_0 module id: 0
[2m[36m(CompileWorker pid=4082308)[0m compiled for stage:21 name: stage_0_10_acc_grad_1 module id: 1
[2m[36m(CompileWorker pid=4082310)[0m compiled for stage:22 name: stage_0_11_acc_grad_0 module id: 0
[2m[36m(CompileWorker pid=4082313)[0m compiled for stage:24 name: stage_1_1_acc_grad_0 module id: 0
[2m[36m(CompileWorker pid=4082313)[0m compiled for stage:24 name: stage_1_1_acc_grad_1 module id: 1
[2m[36m(CompileWorker pid=4082316)[0m compiled for stage:25 name: stage_1_1_acc_grad_0 module id: 0
[2m[36m(CompileWorker pid=4082310)[0m compiled for stage:22 name: stage_0_11_acc_grad_1 module id: 1
[2m[36m(CompileWorker pid=4082316)[0m compiled for stage:25 name: stage_1_1_acc_grad_1 module id: 1
[2m[36m(CompileWorker pid=4082312)[0m compiled for stage:26 name: stage_1_2_acc_grad_0 module id: 0
[2m[36m(CompileWorker pid=4082314)[0m compiled for stage:23 name: stage_0_11_acc_grad_0 module id: 0
[2m[36m(CompileWorker pid=4082312)[0m compiled for stage:26 name: stage_1_2_acc_grad_1 module id: 1
[2m[36m(CompileWorker pid=4082311)[0m compiled for stage:27 name: stage_1_2_acc_grad_0 module id: 0
[2m[36m(CompileWorker pid=4082311)[0m compiled for stage:27 name: stage_1_2_acc_grad_1 module id: 1
[2m[36m(CompileWorker pid=4082314)[0m compiled for stage:23 name: stage_0_11_acc_grad_1 module id: 1
[2m[36m(CompileWorker pid=4082312)[0m compiled for stage:28 name: stage_1_3_acc_grad_0 module id: 0
[2m[36m(CompileWorker pid=4082312)[0m compiled for stage:28 name: stage_1_3_acc_grad_1 module id: 1
[2m[36m(CompileWorker pid=4082317)[0m compiled for stage:29 name: stage_1_3_acc_grad_0 module id: 0
[2m[36m(CompileWorker pid=4082317)[0m compiled for stage:29 name: stage_1_3_acc_grad_1 module id: 1
[2m[36m(CompileWorker pid=4082313)[0m compiled for stage:30 name: stage_1_4_acc_grad_0 module id: 0
[2m[36m(CompileWorker pid=4082313)[0m compiled for stage:30 name: stage_1_4_acc_grad_1 module id: 1
[2m[36m(CompileWorker pid=4082318)[0m compiled for stage:31 name: stage_1_4_acc_grad_0 module id: 0
[2m[36m(CompileWorker pid=4082318)[0m compiled for stage:31 name: stage_1_4_acc_grad_1 module id: 1
[2m[36m(CompileWorker pid=4082308)[0m compiled for stage:32 name: stage_1_5_acc_grad_0 module id: 0
[2m[36m(CompileWorker pid=4082308)[0m compiled for stage:32 name: stage_1_5_acc_grad_1 module id: 1
[2m[36m(CompileWorker pid=4082314)[0m compiled for stage:33 name: stage_1_5_acc_grad_0 module id: 0
[2m[36m(CompileWorker pid=4082314)[0m compiled for stage:33 name: stage_1_5_acc_grad_1 module id: 1
[2m[36m(CompileWorker pid=4082313)[0m compiled for stage:34 name: stage_1_6_acc_grad_0 module id: 0
[2m[36m(CompileWorker pid=4082313)[0m compiled for stage:34 name: stage_1_6_acc_grad_1 module id: 1
[2m[36m(CompileWorker pid=4082307)[0m compiled for stage:35 name: stage_1_6_acc_grad_0 module id: 0
[2m[36m(CompileWorker pid=4082307)[0m compiled for stage:35 name: stage_1_6_acc_grad_1 module id: 1
[2m[36m(CompileWorker pid=4082309)[0m compiled for stage:36 name: stage_1_7_acc_grad_0 module id: 0
[2m[36m(CompileWorker pid=4082309)[0m compiled for stage:36 name: stage_1_7_acc_grad_1 module id: 1
[2m[36m(CompileWorker pid=4082312)[0m compiled for stage:37 name: stage_1_7_acc_grad_0 module id: 0
[2m[36m(CompileWorker pid=4082312)[0m compiled for stage:37 name: stage_1_7_acc_grad_1 module id: 1
[2m[36m(CompileWorker pid=4082317)[0m compiled for stage:38 name: stage_1_8_acc_grad_0 module id: 0
[2m[36m(CompileWorker pid=4082317)[0m compiled for stage:38 name: stage_1_8_acc_grad_1 module id: 1
[2m[36m(CompileWorker pid=4082313)[0m compiled for stage:39 name: stage_1_8_acc_grad_0 module id: 0
[2m[36m(CompileWorker pid=4082313)[0m compiled for stage:39 name: stage_1_8_acc_grad_1 module id: 1
[2m[36m(CompileWorker pid=4082315)[0m compiled for stage:40 name: stage_1_9_acc_grad_0 module id: 0
[2m[36m(CompileWorker pid=4082315)[0m compiled for stage:40 name: stage_1_9_acc_grad_1 module id: 1
[2m[36m(CompileWorker pid=4082312)[0m compiled for stage:41 name: stage_1_9_acc_grad_0 module id: 0
[2m[36m(CompileWorker pid=4082312)[0m compiled for stage:41 name: stage_1_9_acc_grad_1 module id: 1
[2m[36m(CompileWorker pid=4082310)[0m compiled for stage:42 name: stage_1_10_acc_grad_0 module id: 0
[2m[36m(CompileWorker pid=4082310)[0m compiled for stage:42 name: stage_1_10_acc_grad_1 module id: 1
[2m[36m(CompileWorker pid=4082307)[0m compiled for stage:43 name: stage_1_10_acc_grad_0 module id: 0
[2m[36m(CompileWorker pid=4082311)[0m compiled for stage:46 name: stage_2_2_acc_grad_0 module id: 0
[2m[36m(CompileWorker pid=4082311)[0m compiled for stage:46 name: stage_2_2_acc_grad_1 module id: 1
[2m[36m(CompileWorker pid=4082307)[0m compiled for stage:43 name: stage_1_10_acc_grad_1 module id: 1
[2m[36m(CompileWorker pid=4082318)[0m compiled for stage:44 name: stage_1_11_acc_grad_0 module id: 0
[2m[36m(CompileWorker pid=4082316)[0m compiled for stage:47 name: stage_2_2_acc_grad_0 module id: 0
[2m[36m(CompileWorker pid=4082316)[0m compiled for stage:47 name: stage_2_2_acc_grad_1 module id: 1
[2m[36m(CompileWorker pid=4082308)[0m compiled for stage:48 name: stage_2_3_acc_grad_0 module id: 0
[2m[36m(CompileWorker pid=4082318)[0m compiled for stage:44 name: stage_1_11_acc_grad_1 module id: 1
[2m[36m(CompileWorker pid=4082308)[0m compiled for stage:48 name: stage_2_3_acc_grad_1 module id: 1
[2m[36m(CompileWorker pid=4082309)[0m compiled for stage:45 name: stage_1_11_acc_grad_0 module id: 0
[2m[36m(CompileWorker pid=4082317)[0m compiled for stage:49 name: stage_2_3_acc_grad_0 module id: 0
[2m[36m(CompileWorker pid=4082317)[0m compiled for stage:49 name: stage_2_3_acc_grad_1 module id: 1
[2m[36m(CompileWorker pid=4082311)[0m compiled for stage:50 name: stage_2_4_acc_grad_0 module id: 0
[2m[36m(CompileWorker pid=4082311)[0m compiled for stage:50 name: stage_2_4_acc_grad_1 module id: 1
[2m[36m(CompileWorker pid=4082309)[0m compiled for stage:45 name: stage_1_11_acc_grad_1 module id: 1
[2m[36m(CompileWorker pid=4082310)[0m compiled for stage:51 name: stage_2_4_acc_grad_0 module id: 0
[2m[36m(CompileWorker pid=4082310)[0m compiled for stage:51 name: stage_2_4_acc_grad_1 module id: 1
[2m[36m(CompileWorker pid=4082307)[0m compiled for stage:52 name: stage_2_5_acc_grad_0 module id: 0
[2m[36m(CompileWorker pid=4082307)[0m compiled for stage:52 name: stage_2_5_acc_grad_1 module id: 1
[2m[36m(CompileWorker pid=4082316)[0m compiled for stage:53 name: stage_2_5_acc_grad_0 module id: 0
[2m[36m(CompileWorker pid=4082316)[0m compiled for stage:53 name: stage_2_5_acc_grad_1 module id: 1
[2m[36m(CompileWorker pid=4082308)[0m compiled for stage:54 name: stage_2_6_acc_grad_0 module id: 0
[2m[36m(CompileWorker pid=4082313)[0m compiled for stage:55 name: stage_2_6_acc_grad_0 module id: 0
[2m[36m(CompileWorker pid=4082308)[0m compiled for stage:54 name: stage_2_6_acc_grad_1 module id: 1
[2m[36m(CompileWorker pid=4082313)[0m compiled for stage:55 name: stage_2_6_acc_grad_1 module id: 1
[2m[36m(CompileWorker pid=4082309)[0m compiled for stage:56 name: stage_2_7_acc_grad_0 module id: 0
[2m[36m(CompileWorker pid=4082309)[0m compiled for stage:56 name: stage_2_7_acc_grad_1 module id: 1
[2m[36m(CompileWorker pid=4082315)[0m compiled for stage:57 name: stage_2_7_acc_grad_0 module id: 0
[2m[36m(CompileWorker pid=4082315)[0m compiled for stage:57 name: stage_2_7_acc_grad_1 module id: 1
[2m[36m(CompileWorker pid=4082316)[0m compiled for stage:58 name: stage_2_8_acc_grad_0 module id: 0
[2m[36m(CompileWorker pid=4082316)[0m compiled for stage:58 name: stage_2_8_acc_grad_1 module id: 1
[2m[36m(CompileWorker pid=4082318)[0m compiled for stage:59 name: stage_2_8_acc_grad_0 module id: 0
[2m[36m(CompileWorker pid=4082318)[0m compiled for stage:59 name: stage_2_8_acc_grad_1 module id: 1
[2m[36m(CompileWorker pid=4082312)[0m compiled for stage:60 name: stage_2_9_acc_grad_0 module id: 0
[2m[36m(CompileWorker pid=4082312)[0m compiled for stage:60 name: stage_2_9_acc_grad_1 module id: 1
[2m[36m(CompileWorker pid=4082317)[0m compiled for stage:61 name: stage_2_9_acc_grad_0 module id: 0
[2m[36m(CompileWorker pid=4082317)[0m compiled for stage:61 name: stage_2_9_acc_grad_1 module id: 1
[2m[36m(CompileWorker pid=4082310)[0m compiled for stage:62 name: stage_2_10_acc_grad_0 module id: 0
[2m[36m(CompileWorker pid=4082310)[0m compiled for stage:62 name: stage_2_10_acc_grad_1 module id: 1
[2m[36m(CompileWorker pid=4082309)[0m compiled for stage:63 name: stage_2_10_acc_grad_0 module id: 0
[2m[36m(CompileWorker pid=4082317)[0m compiled for stage:66 name: stage_3_3_acc_grad_0 module id: 0
[2m[36m(CompileWorker pid=4082309)[0m compiled for stage:63 name: stage_2_10_acc_grad_1 module id: 1
[2m[36m(CompileWorker pid=4082317)[0m compiled for stage:66 name: stage_3_3_acc_grad_1 module id: 1
[2m[36m(CompileWorker pid=4082315)[0m compiled for stage:67 name: stage_3_3_acc_grad_0 module id: 0
[2m[36m(CompileWorker pid=4082315)[0m compiled for stage:67 name: stage_3_3_acc_grad_1 module id: 1
[2m[36m(CompileWorker pid=4082313)[0m compiled for stage:64 name: stage_2_11_acc_grad_0 module id: 0
[2m[36m(CompileWorker pid=4082311)[0m compiled for stage:68 name: stage_3_4_acc_grad_0 module id: 0
[2m[36m(CompileWorker pid=4082311)[0m compiled for stage:68 name: stage_3_4_acc_grad_1 module id: 1
[2m[36m(CompileWorker pid=4082313)[0m compiled for stage:64 name: stage_2_11_acc_grad_1 module id: 1
[2m[36m(CompileWorker pid=4082307)[0m compiled for stage:65 name: stage_2_11_acc_grad_0 module id: 0
[2m[36m(CompileWorker pid=4082312)[0m compiled for stage:69 name: stage_3_4_acc_grad_0 module id: 0
[2m[36m(CompileWorker pid=4082312)[0m compiled for stage:69 name: stage_3_4_acc_grad_1 module id: 1
[2m[36m(CompileWorker pid=4082307)[0m compiled for stage:65 name: stage_2_11_acc_grad_1 module id: 1
[2m[36m(CompileWorker pid=4082314)[0m compiled for stage:70 name: stage_3_5_acc_grad_0 module id: 0
[2m[36m(CompileWorker pid=4082314)[0m compiled for stage:70 name: stage_3_5_acc_grad_1 module id: 1
[2m[36m(CompileWorker pid=4082310)[0m compiled for stage:71 name: stage_3_5_acc_grad_0 module id: 0
[2m[36m(CompileWorker pid=4082310)[0m compiled for stage:71 name: stage_3_5_acc_grad_1 module id: 1
[2m[36m(CompileWorker pid=4082308)[0m compiled for stage:72 name: stage_3_6_acc_grad_0 module id: 0
[2m[36m(CompileWorker pid=4082308)[0m compiled for stage:72 name: stage_3_6_acc_grad_1 module id: 1
[2m[36m(CompileWorker pid=4082311)[0m compiled for stage:73 name: stage_3_6_acc_grad_0 module id: 0
[2m[36m(CompileWorker pid=4082311)[0m compiled for stage:73 name: stage_3_6_acc_grad_1 module id: 1
[2m[36m(CompileWorker pid=4082310)[0m compiled for stage:74 name: stage_3_7_acc_grad_0 module id: 0
[2m[36m(CompileWorker pid=4082310)[0m compiled for stage:74 name: stage_3_7_acc_grad_1 module id: 1
[2m[36m(CompileWorker pid=4082316)[0m compiled for stage:75 name: stage_3_7_acc_grad_0 module id: 0
[2m[36m(CompileWorker pid=4082316)[0m compiled for stage:75 name: stage_3_7_acc_grad_1 module id: 1
[2m[36m(CompileWorker pid=4082313)[0m compiled for stage:76 name: stage_3_8_acc_grad_0 module id: 0
[2m[36m(CompileWorker pid=4082313)[0m compiled for stage:76 name: stage_3_8_acc_grad_1 module id: 1
[2m[36m(CompileWorker pid=4082308)[0m compiled for stage:77 name: stage_3_8_acc_grad_0 module id: 0
[2m[36m(CompileWorker pid=4082308)[0m compiled for stage:77 name: stage_3_8_acc_grad_1 module id: 1
[2m[36m(CompileWorker pid=4082307)[0m compiled for stage:78 name: stage_3_9_acc_grad_0 module id: 0
[2m[36m(CompileWorker pid=4082307)[0m compiled for stage:78 name: stage_3_9_acc_grad_1 module id: 1
[2m[36m(CompileWorker pid=4082315)[0m compiled for stage:79 name: stage_3_9_acc_grad_0 module id: 0
[2m[36m(CompileWorker pid=4082315)[0m compiled for stage:79 name: stage_3_9_acc_grad_1 module id: 1
[2m[36m(CompileWorker pid=4082314)[0m compiled for stage:80 name: stage_3_10_acc_grad_0 module id: 0
[2m[36m(CompileWorker pid=4082318)[0m compiled for stage:81 name: stage_3_10_acc_grad_0 module id: 0
[2m[36m(CompileWorker pid=4082314)[0m compiled for stage:80 name: stage_3_10_acc_grad_1 module id: 1
[2m[36m(CompileWorker pid=4082318)[0m compiled for stage:81 name: stage_3_10_acc_grad_1 module id: 1
[2m[36m(CompileWorker pid=4082316)[0m compiled for stage:84 name: stage_4_4_acc_grad_0 module id: 0
[2m[36m(CompileWorker pid=4082311)[0m compiled for stage:85 name: stage_4_4_acc_grad_0 module id: 0
[2m[36m(CompileWorker pid=4082316)[0m compiled for stage:84 name: stage_4_4_acc_grad_1 module id: 1
[2m[36m(CompileWorker pid=4082311)[0m compiled for stage:85 name: stage_4_4_acc_grad_1 module id: 1
[2m[36m(CompileWorker pid=4082309)[0m compiled for stage:82 name: stage_3_11_acc_grad_0 module id: 0
[2m[36m(CompileWorker pid=4082312)[0m compiled for stage:86 name: stage_4_5_acc_grad_0 module id: 0
[2m[36m(CompileWorker pid=4082312)[0m compiled for stage:86 name: stage_4_5_acc_grad_1 module id: 1
[2m[36m(CompileWorker pid=4082309)[0m compiled for stage:82 name: stage_3_11_acc_grad_1 module id: 1
[2m[36m(CompileWorker pid=4082317)[0m compiled for stage:83 name: stage_3_11_acc_grad_0 module id: 0
[2m[36m(CompileWorker pid=4082308)[0m compiled for stage:87 name: stage_4_5_acc_grad_0 module id: 0
[2m[36m(CompileWorker pid=4082308)[0m compiled for stage:87 name: stage_4_5_acc_grad_1 module id: 1
[2m[36m(CompileWorker pid=4082317)[0m compiled for stage:83 name: stage_3_11_acc_grad_1 module id: 1
[2m[36m(CompileWorker pid=4082307)[0m compiled for stage:88 name: stage_4_6_acc_grad_0 module id: 0
[2m[36m(CompileWorker pid=4082307)[0m compiled for stage:88 name: stage_4_6_acc_grad_1 module id: 1
[2m[36m(CompileWorker pid=4082315)[0m compiled for stage:89 name: stage_4_6_acc_grad_0 module id: 0
[2m[36m(CompileWorker pid=4082315)[0m compiled for stage:89 name: stage_4_6_acc_grad_1 module id: 1
[2m[36m(CompileWorker pid=4082312)[0m compiled for stage:90 name: stage_4_7_acc_grad_0 module id: 0
[2m[36m(CompileWorker pid=4082316)[0m compiled for stage:91 name: stage_4_7_acc_grad_0 module id: 0
[2m[36m(CompileWorker pid=4082316)[0m compiled for stage:91 name: stage_4_7_acc_grad_1 module id: 1
[2m[36m(CompileWorker pid=4082312)[0m compiled for stage:90 name: stage_4_7_acc_grad_1 module id: 1
[2m[36m(CompileWorker pid=4082318)[0m compiled for stage:92 name: stage_4_8_acc_grad_0 module id: 0
[2m[36m(CompileWorker pid=4082318)[0m compiled for stage:92 name: stage_4_8_acc_grad_1 module id: 1
[2m[36m(CompileWorker pid=4082314)[0m compiled for stage:93 name: stage_4_8_acc_grad_0 module id: 0
[2m[36m(CompileWorker pid=4082314)[0m compiled for stage:93 name: stage_4_8_acc_grad_1 module id: 1
[2m[36m(CompileWorker pid=4082310)[0m compiled for stage:94 name: stage_4_9_acc_grad_0 module id: 0
[2m[36m(CompileWorker pid=4082310)[0m compiled for stage:94 name: stage_4_9_acc_grad_1 module id: 1
[2m[36m(CompileWorker pid=4082313)[0m compiled for stage:95 name: stage_4_9_acc_grad_0 module id: 0
[2m[36m(CompileWorker pid=4082313)[0m compiled for stage:95 name: stage_4_9_acc_grad_1 module id: 1
[2m[36m(CompileWorker pid=4082309)[0m compiled for stage:96 name: stage_4_10_acc_grad_0 module id: 0
[2m[36m(CompileWorker pid=4082309)[0m compiled for stage:96 name: stage_4_10_acc_grad_1 module id: 1
[2m[36m(CompileWorker pid=4082317)[0m compiled for stage:97 name: stage_4_10_acc_grad_0 module id: 0
[2m[36m(CompileWorker pid=4082317)[0m compiled for stage:97 name: stage_4_10_acc_grad_1 module id: 1
[2m[36m(CompileWorker pid=4082316)[0m compiled for stage:100 name: stage_5_5_acc_grad_0 module id: 0
[2m[36m(CompileWorker pid=4082311)[0m compiled for stage:101 name: stage_5_5_acc_grad_0 module id: 0
[2m[36m(CompileWorker pid=4082311)[0m compiled for stage:101 name: stage_5_5_acc_grad_1 module id: 1
[2m[36m(CompileWorker pid=4082316)[0m compiled for stage:100 name: stage_5_5_acc_grad_1 module id: 1
[2m[36m(CompileWorker pid=4082308)[0m compiled for stage:98 name: stage_4_11_acc_grad_0 module id: 0
[2m[36m(CompileWorker pid=4082312)[0m compiled for stage:102 name: stage_5_6_acc_grad_0 module id: 0
[2m[36m(CompileWorker pid=4082318)[0m compiled for stage:103 name: stage_5_6_acc_grad_0 module id: 0
[2m[36m(CompileWorker pid=4082307)[0m compiled for stage:99 name: stage_4_11_acc_grad_0 module id: 0
[2m[36m(CompileWorker pid=4082308)[0m compiled for stage:98 name: stage_4_11_acc_grad_1 module id: 1
[2m[36m(CompileWorker pid=4082312)[0m compiled for stage:102 name: stage_5_6_acc_grad_1 module id: 1
[2m[36m(CompileWorker pid=4082318)[0m compiled for stage:103 name: stage_5_6_acc_grad_1 module id: 1
[2m[36m(CompileWorker pid=4082315)[0m compiled for stage:104 name: stage_5_7_acc_grad_0 module id: 0
[2m[36m(CompileWorker pid=4082307)[0m compiled for stage:99 name: stage_4_11_acc_grad_1 module id: 1
[2m[36m(CompileWorker pid=4082315)[0m compiled for stage:104 name: stage_5_7_acc_grad_1 module id: 1
[2m[36m(CompileWorker pid=4082313)[0m compiled for stage:105 name: stage_5_7_acc_grad_0 module id: 0
[2m[36m(CompileWorker pid=4082313)[0m compiled for stage:105 name: stage_5_7_acc_grad_1 module id: 1
[2m[36m(CompileWorker pid=4082309)[0m compiled for stage:106 name: stage_5_8_acc_grad_0 module id: 0
[2m[36m(CompileWorker pid=4082311)[0m compiled for stage:107 name: stage_5_8_acc_grad_0 module id: 0
[2m[36m(CompileWorker pid=4082309)[0m compiled for stage:106 name: stage_5_8_acc_grad_1 module id: 1
[2m[36m(CompileWorker pid=4082311)[0m compiled for stage:107 name: stage_5_8_acc_grad_1 module id: 1
[2m[36m(CompileWorker pid=4082316)[0m compiled for stage:108 name: stage_5_9_acc_grad_0 module id: 0
[2m[36m(CompileWorker pid=4082316)[0m compiled for stage:108 name: stage_5_9_acc_grad_1 module id: 1
[2m[36m(CompileWorker pid=4082307)[0m compiled for stage:109 name: stage_5_9_acc_grad_0 module id: 0
[2m[36m(CompileWorker pid=4082307)[0m compiled for stage:109 name: stage_5_9_acc_grad_1 module id: 1
[2m[36m(CompileWorker pid=4082312)[0m compiled for stage:110 name: stage_5_10_acc_grad_0 module id: 0
[2m[36m(CompileWorker pid=4082312)[0m compiled for stage:110 name: stage_5_10_acc_grad_1 module id: 1
[2m[36m(CompileWorker pid=4082314)[0m compiled for stage:111 name: stage_5_10_acc_grad_0 module id: 0
[2m[36m(CompileWorker pid=4082314)[0m compiled for stage:111 name: stage_5_10_acc_grad_1 module id: 1
[2m[36m(CompileWorker pid=4082309)[0m compiled for stage:112 name: stage_5_11_acc_grad_0 module id: 0
[2m[36m(CompileWorker pid=4082316)[0m compiled for stage:114 name: stage_6_6_acc_grad_0 module id: 0
[2m[36m(CompileWorker pid=4082316)[0m compiled for stage:114 name: stage_6_6_acc_grad_1 module id: 1
[2m[36m(CompileWorker pid=4082310)[0m compiled for stage:115 name: stage_6_6_acc_grad_0 module id: 0
[2m[36m(CompileWorker pid=4082310)[0m compiled for stage:115 name: stage_6_6_acc_grad_1 module id: 1
[2m[36m(CompileWorker pid=4082309)[0m compiled for stage:112 name: stage_5_11_acc_grad_1 module id: 1
[2m[36m(CompileWorker pid=4082317)[0m compiled for stage:113 name: stage_5_11_acc_grad_0 module id: 0
[2m[36m(CompileWorker pid=4082316)[0m compiled for stage:116 name: stage_6_7_acc_grad_0 module id: 0
[2m[36m(CompileWorker pid=4082316)[0m compiled for stage:116 name: stage_6_7_acc_grad_1 module id: 1
[2m[36m(CompileWorker pid=4082317)[0m compiled for stage:113 name: stage_5_11_acc_grad_1 module id: 1
[2m[36m(CompileWorker pid=4082308)[0m compiled for stage:117 name: stage_6_7_acc_grad_0 module id: 0
[2m[36m(CompileWorker pid=4082308)[0m compiled for stage:117 name: stage_6_7_acc_grad_1 module id: 1
[2m[36m(CompileWorker pid=4082313)[0m compiled for stage:118 name: stage_6_8_acc_grad_0 module id: 0
[2m[36m(CompileWorker pid=4082313)[0m compiled for stage:118 name: stage_6_8_acc_grad_1 module id: 1
[2m[36m(CompileWorker pid=4082314)[0m compiled for stage:119 name: stage_6_8_acc_grad_0 module id: 0
[2m[36m(CompileWorker pid=4082314)[0m compiled for stage:119 name: stage_6_8_acc_grad_1 module id: 1
[2m[36m(CompileWorker pid=4082308)[0m compiled for stage:120 name: stage_6_9_acc_grad_0 module id: 0
[2m[36m(CompileWorker pid=4082315)[0m compiled for stage:121 name: stage_6_9_acc_grad_0 module id: 0
[2m[36m(CompileWorker pid=4082308)[0m compiled for stage:120 name: stage_6_9_acc_grad_1 module id: 1
[2m[36m(CompileWorker pid=4082315)[0m compiled for stage:121 name: stage_6_9_acc_grad_1 module id: 1
[2m[36m(CompileWorker pid=4082317)[0m compiled for stage:122 name: stage_6_10_acc_grad_0 module id: 0
[2m[36m(CompileWorker pid=4082310)[0m compiled for stage:123 name: stage_6_10_acc_grad_0 module id: 0
[2m[36m(CompileWorker pid=4082317)[0m compiled for stage:122 name: stage_6_10_acc_grad_1 module id: 1
[2m[36m(CompileWorker pid=4082310)[0m compiled for stage:123 name: stage_6_10_acc_grad_1 module id: 1
[2m[36m(CompileWorker pid=4082314)[0m compiled for stage:126 name: stage_7_7_acc_grad_0 module id: 0
[2m[36m(CompileWorker pid=4082314)[0m compiled for stage:126 name: stage_7_7_acc_grad_1 module id: 1
[2m[36m(CompileWorker pid=4082312)[0m compiled for stage:124 name: stage_6_11_acc_grad_0 module id: 0
[2m[36m(CompileWorker pid=4082317)[0m compiled for stage:127 name: stage_7_7_acc_grad_0 module id: 0
[2m[36m(CompileWorker pid=4082317)[0m compiled for stage:127 name: stage_7_7_acc_grad_1 module id: 1
[2m[36m(CompileWorker pid=4082312)[0m compiled for stage:124 name: stage_6_11_acc_grad_1 module id: 1
[2m[36m(CompileWorker pid=4082318)[0m compiled for stage:128 name: stage_7_8_acc_grad_0 module id: 0
[2m[36m(CompileWorker pid=4082318)[0m compiled for stage:128 name: stage_7_8_acc_grad_1 module id: 1
[2m[36m(CompileWorker pid=4082314)[0m compiled for stage:129 name: stage_7_8_acc_grad_0 module id: 0
[2m[36m(CompileWorker pid=4082308)[0m compiled for stage:125 name: stage_6_11_acc_grad_0 module id: 0
[2m[36m(CompileWorker pid=4082314)[0m compiled for stage:129 name: stage_7_8_acc_grad_1 module id: 1
[2m[36m(CompileWorker pid=4082308)[0m compiled for stage:125 name: stage_6_11_acc_grad_1 module id: 1
[2m[36m(CompileWorker pid=4082311)[0m compiled for stage:130 name: stage_7_9_acc_grad_0 module id: 0
[2m[36m(CompileWorker pid=4082311)[0m compiled for stage:130 name: stage_7_9_acc_grad_1 module id: 1
[2m[36m(CompileWorker pid=4082310)[0m compiled for stage:131 name: stage_7_9_acc_grad_0 module id: 0
[2m[36m(CompileWorker pid=4082310)[0m compiled for stage:131 name: stage_7_9_acc_grad_1 module id: 1
[2m[36m(CompileWorker pid=4082313)[0m compiled for stage:132 name: stage_7_10_acc_grad_0 module id: 0
[2m[36m(CompileWorker pid=4082313)[0m compiled for stage:132 name: stage_7_10_acc_grad_1 module id: 1
[2m[36m(CompileWorker pid=4082307)[0m compiled for stage:133 name: stage_7_10_acc_grad_0 module id: 0
[2m[36m(CompileWorker pid=4082307)[0m compiled for stage:133 name: stage_7_10_acc_grad_1 module id: 1
[2m[36m(CompileWorker pid=4082309)[0m compiled for stage:137 name: stage_8_8_acc_grad_0 module id: 0
[2m[36m(CompileWorker pid=4082315)[0m compiled for stage:134 name: stage_7_11_acc_grad_0 module id: 0
[2m[36m(CompileWorker pid=4082317)[0m compiled for stage:136 name: stage_8_8_acc_grad_0 module id: 0
[2m[36m(CompileWorker pid=4082317)[0m compiled for stage:136 name: stage_8_8_acc_grad_1 module id: 1
[2m[36m(CompileWorker pid=4082309)[0m compiled for stage:137 name: stage_8_8_acc_grad_1 module id: 1
[2m[36m(CompileWorker pid=4082315)[0m compiled for stage:134 name: stage_7_11_acc_grad_1 module id: 1
[2m[36m(CompileWorker pid=4082316)[0m compiled for stage:135 name: stage_7_11_acc_grad_0 module id: 0
[2m[36m(CompileWorker pid=4082316)[0m compiled for stage:135 name: stage_7_11_acc_grad_1 module id: 1
[2m[36m(CompileWorker pid=4082308)[0m compiled for stage:138 name: stage_8_9_acc_grad_0 module id: 0
[2m[36m(CompileWorker pid=4082308)[0m compiled for stage:138 name: stage_8_9_acc_grad_1 module id: 1
[2m[36m(CompileWorker pid=4082313)[0m compiled for stage:139 name: stage_8_9_acc_grad_0 module id: 0
[2m[36m(CompileWorker pid=4082313)[0m compiled for stage:139 name: stage_8_9_acc_grad_1 module id: 1
[2m[36m(CompileWorker pid=4082307)[0m compiled for stage:140 name: stage_8_10_acc_grad_0 module id: 0
[2m[36m(CompileWorker pid=4082307)[0m compiled for stage:140 name: stage_8_10_acc_grad_1 module id: 1
[2m[36m(CompileWorker pid=4082318)[0m compiled for stage:141 name: stage_8_10_acc_grad_0 module id: 0
[2m[36m(CompileWorker pid=4082318)[0m compiled for stage:141 name: stage_8_10_acc_grad_1 module id: 1
[2m[36m(CompileWorker pid=4082312)[0m compiled for stage:142 name: stage_8_11_acc_grad_0 module id: 0
[2m[36m(CompileWorker pid=4082310)[0m compiled for stage:144 name: stage_9_9_acc_grad_0 module id: 0
[2m[36m(CompileWorker pid=4082310)[0m compiled for stage:144 name: stage_9_9_acc_grad_1 module id: 1
[2m[36m(CompileWorker pid=4082317)[0m compiled for stage:145 name: stage_9_9_acc_grad_0 module id: 0
[2m[36m(CompileWorker pid=4082317)[0m compiled for stage:145 name: stage_9_9_acc_grad_1 module id: 1
[2m[36m(CompileWorker pid=4082312)[0m compiled for stage:142 name: stage_8_11_acc_grad_1 module id: 1
[2m[36m(CompileWorker pid=4082315)[0m compiled for stage:143 name: stage_8_11_acc_grad_0 module id: 0
[2m[36m(CompileWorker pid=4082315)[0m compiled for stage:143 name: stage_8_11_acc_grad_1 module id: 1
[2m[36m(CompileWorker pid=4082314)[0m compiled for stage:146 name: stage_9_10_acc_grad_0 module id: 0
[2m[36m(CompileWorker pid=4082310)[0m compiled for stage:147 name: stage_9_10_acc_grad_0 module id: 0
[2m[36m(CompileWorker pid=4082310)[0m compiled for stage:147 name: stage_9_10_acc_grad_1 module id: 1
[2m[36m(CompileWorker pid=4082314)[0m compiled for stage:146 name: stage_9_10_acc_grad_1 module id: 1
[2m[36m(CompileWorker pid=4082318)[0m compiled for stage:150 name: stage_10_10_acc_grad_0 module id: 0
[2m[36m(CompileWorker pid=4082318)[0m compiled for stage:150 name: stage_10_10_acc_grad_1 module id: 1
[2m[36m(CompileWorker pid=4082316)[0m compiled for stage:148 name: stage_9_11_acc_grad_0 module id: 0
[2m[36m(CompileWorker pid=4082316)[0m compiled for stage:148 name: stage_9_11_acc_grad_1 module id: 1
[2m[36m(CompileWorker pid=4082311)[0m compiled for stage:149 name: stage_9_11_acc_grad_0 module id: 0
[2m[36m(CompileWorker pid=4082311)[0m compiled for stage:149 name: stage_9_11_acc_grad_1 module id: 1
[2m[36m(CompileWorker pid=4082317)[0m compiled for stage:151 name: stage_10_10_acc_grad_0 module id: 0
[2m[36m(CompileWorker pid=4082317)[0m compiled for stage:151 name: stage_10_10_acc_grad_1 module id: 1
[2m[36m(CompileWorker pid=4082313)[0m compiled for stage:152 name: stage_10_11_acc_grad_0 module id: 0
[2m[36m(CompileWorker pid=4082318)[0m compiled for stage:153 name: stage_10_11_acc_grad_0 module id: 0
[2m[36m(CompileWorker pid=4082318)[0m compiled for stage:153 name: stage_10_11_acc_grad_1 module id: 1
[2m[36m(CompileWorker pid=4082313)[0m compiled for stage:152 name: stage_10_11_acc_grad_1 module id: 1
[2m[36m(CompileWorker pid=4082307)[0m compiled for stage:154 name: stage_11_11_acc_grad_0 module id: 0
[2m[36m(CompileWorker pid=4082307)[0m compiled for stage:154 name: stage_11_11_acc_grad_1 module id: 1
[2m[36m(CompileWorker pid=4082308)[0m compiled for stage:155 name: stage_11_11_acc_grad_0 module id: 0
[2m[36m(CompileWorker pid=4082308)[0m compiled for stage:155 name: stage_11_11_acc_grad_1 module id: 1
- parse estimation results for all stages
result[(0, 0, 0, 0), 0] = ModuleProfileResult(compute_cost=60.997, peak_memory=12.861 GB, invar_size=4.572 GB, outvar_size=7.138 GB, temp_buffer_size=1.150 GB, available_memory=64.000 GB, comm_cost=0.000)
result[(0, 0, 0, 0), 1] = ModuleProfileResult(compute_cost=67.812, peak_memory=13.778 GB, invar_size=11.710 GB, outvar_size=4.572 GB, temp_buffer_size=2.068 GB, available_memory=64.000 GB, comm_cost=0.000)
result[(0, 0, 0, 1), 0] = ModuleProfileResult(compute_cost=60.997, peak_memory=12.861 GB, invar_size=4.572 GB, outvar_size=7.138 GB, temp_buffer_size=1.150 GB, available_memory=64.000 GB, comm_cost=0.000)
result[(0, 0, 0, 1), 1] = ModuleProfileResult(compute_cost=67.812, peak_memory=13.778 GB, invar_size=11.710 GB, outvar_size=4.572 GB, temp_buffer_size=2.068 GB, available_memory=64.000 GB, comm_cost=0.000)
result[(0, 1, 0, 0), 0] = ModuleProfileResult(compute_cost=122.025, peak_memory=23.175 GB, invar_size=7.948 GB, outvar_size=14.076 GB, temp_buffer_size=1.150 GB, available_memory=64.000 GB, comm_cost=0.000)
result[(0, 1, 0, 0), 1] = ModuleProfileResult(compute_cost=133.139, peak_memory=24.842 GB, invar_size=22.024 GB, outvar_size=7.948 GB, temp_buffer_size=2.817 GB, available_memory=64.000 GB, comm_cost=0.000)
result[(0, 1, 0, 1), 0] = ModuleProfileResult(compute_cost=122.025, peak_memory=23.175 GB, invar_size=7.948 GB, outvar_size=14.076 GB, temp_buffer_size=1.150 GB, available_memory=64.000 GB, comm_cost=0.000)
result[(0, 1, 0, 1), 1] = ModuleProfileResult(compute_cost=133.139, peak_memory=24.842 GB, invar_size=22.024 GB, outvar_size=7.948 GB, temp_buffer_size=2.817 GB, available_memory=64.000 GB, comm_cost=0.000)
result[(0, 2, 0, 0), 0] = ModuleProfileResult(compute_cost=225.893, peak_memory=37.682 GB, invar_size=12.448 GB, outvar_size=23.969 GB, temp_buffer_size=1.266 GB, available_memory=64.000 GB, comm_cost=0.000)
result[(0, 2, 0, 0), 1] = ModuleProfileResult(compute_cost=233.248, peak_memory=40.219 GB, invar_size=36.417 GB, outvar_size=12.448 GB, temp_buffer_size=3.802 GB, available_memory=64.000 GB, comm_cost=0.000)
result[(0, 2, 0, 1), 0] = ModuleProfileResult(compute_cost=225.893, peak_memory=37.682 GB, invar_size=12.448 GB, outvar_size=23.969 GB, temp_buffer_size=1.266 GB, available_memory=64.000 GB, comm_cost=0.000)
result[(0, 2, 0, 1), 1] = ModuleProfileResult(compute_cost=233.248, peak_memory=40.219 GB, invar_size=36.417 GB, outvar_size=12.448 GB, temp_buffer_size=3.802 GB, available_memory=64.000 GB, comm_cost=0.000)
result[(0, 3, 0, 0), 0] = ModuleProfileResult(compute_cost=286.734, peak_memory=48.043 GB, invar_size=15.824 GB, outvar_size=30.813 GB, temp_buffer_size=1.406 GB, available_memory=64.000 GB, comm_cost=0.000)
result[(0, 3, 0, 0), 1] = ModuleProfileResult(compute_cost=298.294, peak_memory=50.955 GB, invar_size=46.637 GB, outvar_size=15.823 GB, temp_buffer_size=4.318 GB, available_memory=64.000 GB, comm_cost=0.000)
result[(0, 3, 0, 1), 0] = ModuleProfileResult(compute_cost=286.734, peak_memory=48.043 GB, invar_size=15.824 GB, outvar_size=30.813 GB, temp_buffer_size=1.406 GB, available_memory=64.000 GB, comm_cost=0.000)
result[(0, 3, 0, 1), 1] = ModuleProfileResult(compute_cost=298.294, peak_memory=50.955 GB, invar_size=46.637 GB, outvar_size=15.823 GB, temp_buffer_size=4.318 GB, available_memory=64.000 GB, comm_cost=0.000)
result[(0, 4, 0, 0), 0] = ModuleProfileResult(compute_cost=347.574, peak_memory=58.263 GB, invar_size=19.199 GB, outvar_size=37.658 GB, temp_buffer_size=1.406 GB, available_memory=64.000 GB, comm_cost=0.000)
result[(0, 4, 0, 0), 1] = ModuleProfileResult(compute_cost=363.340, peak_memory=61.409 GB, invar_size=56.857 GB, outvar_size=19.199 GB, temp_buffer_size=4.552 GB, available_memory=64.000 GB, comm_cost=0.000)
result[(0, 4, 0, 1), 0] = ModuleProfileResult(compute_cost=347.574, peak_memory=58.263 GB, invar_size=19.199 GB, outvar_size=37.658 GB, temp_buffer_size=1.406 GB, available_memory=64.000 GB, comm_cost=0.000)
result[(0, 4, 0, 1), 1] = ModuleProfileResult(compute_cost=363.340, peak_memory=61.409 GB, invar_size=56.857 GB, outvar_size=19.199 GB, temp_buffer_size=4.552 GB, available_memory=64.000 GB, comm_cost=0.000)
result[(0, 5, 0, 0), 0] = ModuleProfileResult(compute_cost=408.415, peak_memory=68.624 GB, invar_size=22.574 GB, outvar_size=44.503 GB, temp_buffer_size=1.547 GB, available_memory=64.000 GB, comm_cost=0.000)
result[(0, 5, 0, 0), 1] = ModuleProfileResult(compute_cost=428.387, peak_memory=72.520 GB, invar_size=67.077 GB, outvar_size=22.574 GB, temp_buffer_size=5.443 GB, available_memory=64.000 GB, comm_cost=0.000)
result[(0, 5, 0, 1), 0] = ModuleProfileResult(compute_cost=408.415, peak_memory=68.624 GB, invar_size=22.574 GB, outvar_size=44.503 GB, temp_buffer_size=1.547 GB, available_memory=64.000 GB, comm_cost=0.000)
result[(0, 5, 0, 1), 1] = ModuleProfileResult(compute_cost=428.387, peak_memory=72.520 GB, invar_size=67.077 GB, outvar_size=22.574 GB, temp_buffer_size=5.443 GB, available_memory=64.000 GB, comm_cost=0.000)
result[(0, 6, 0, 0), 0] = ModuleProfileResult(compute_cost=469.255, peak_memory=78.984 GB, invar_size=25.949 GB, outvar_size=51.347 GB, temp_buffer_size=1.688 GB, available_memory=64.000 GB, comm_cost=0.000)
result[(0, 6, 0, 0), 1] = ModuleProfileResult(compute_cost=493.433, peak_memory=82.176 GB, invar_size=77.297 GB, outvar_size=25.949 GB, temp_buffer_size=4.880 GB, available_memory=64.000 GB, comm_cost=0.000)
result[(0, 6, 0, 1), 0] = ModuleProfileResult(compute_cost=469.255, peak_memory=78.984 GB, invar_size=25.949 GB, outvar_size=51.347 GB, temp_buffer_size=1.688 GB, available_memory=64.000 GB, comm_cost=0.000)
result[(0, 6, 0, 1), 1] = ModuleProfileResult(compute_cost=493.433, peak_memory=82.176 GB, invar_size=77.297 GB, outvar_size=25.949 GB, temp_buffer_size=4.880 GB, available_memory=64.000 GB, comm_cost=0.000)
result[(0, 7, 0, 0), 0] = ModuleProfileResult(compute_cost=530.096, peak_memory=89.392 GB, invar_size=29.325 GB, outvar_size=58.192 GB, temp_buffer_size=1.875 GB, available_memory=64.000 GB, comm_cost=0.000)
result[(0, 7, 0, 0), 1] = ModuleProfileResult(compute_cost=558.479, peak_memory=93.569 GB, invar_size=87.516 GB, outvar_size=29.325 GB, temp_buffer_size=6.053 GB, available_memory=64.000 GB, comm_cost=0.000)
result[(0, 7, 0, 1), 0] = ModuleProfileResult(compute_cost=530.096, peak_memory=89.392 GB, invar_size=29.325 GB, outvar_size=58.192 GB, temp_buffer_size=1.875 GB, available_memory=64.000 GB, comm_cost=0.000)
result[(0, 7, 0, 1), 1] = ModuleProfileResult(compute_cost=558.479, peak_memory=93.569 GB, invar_size=87.516 GB, outvar_size=29.325 GB, temp_buffer_size=6.053 GB, available_memory=64.000 GB, comm_cost=0.000)
result[(0, 8, 0, 0), 0] = ModuleProfileResult(compute_cost=590.936, peak_memory=99.752 GB, invar_size=32.700 GB, outvar_size=65.036 GB, temp_buffer_size=2.016 GB, available_memory=64.000 GB, comm_cost=0.000)
result[(0, 8, 0, 0), 1] = ModuleProfileResult(compute_cost=623.525, peak_memory=104.211 GB, invar_size=97.736 GB, outvar_size=32.700 GB, temp_buffer_size=6.475 GB, available_memory=64.000 GB, comm_cost=0.000)
result[(0, 8, 0, 1), 0] = ModuleProfileResult(compute_cost=590.936, peak_memory=99.752 GB, invar_size=32.700 GB, outvar_size=65.036 GB, temp_buffer_size=2.016 GB, available_memory=64.000 GB, comm_cost=0.000)
result[(0, 8, 0, 1), 1] = ModuleProfileResult(compute_cost=623.525, peak_memory=104.211 GB, invar_size=97.736 GB, outvar_size=32.700 GB, temp_buffer_size=6.475 GB, available_memory=64.000 GB, comm_cost=0.000)
result[(0, 9, 0, 0), 0] = ModuleProfileResult(compute_cost=651.776, peak_memory=110.113 GB, invar_size=36.075 GB, outvar_size=71.881 GB, temp_buffer_size=2.156 GB, available_memory=64.000 GB, comm_cost=0.000)
result[(0, 9, 0, 0), 1] = ModuleProfileResult(compute_cost=688.571, peak_memory=115.649 GB, invar_size=107.956 GB, outvar_size=36.075 GB, temp_buffer_size=7.693 GB, available_memory=64.000 GB, comm_cost=0.000)
result[(0, 9, 0, 1), 0] = ModuleProfileResult(compute_cost=651.776, peak_memory=110.113 GB, invar_size=36.075 GB, outvar_size=71.881 GB, temp_buffer_size=2.156 GB, available_memory=64.000 GB, comm_cost=0.000)
result[(0, 9, 0, 1), 1] = ModuleProfileResult(compute_cost=688.571, peak_memory=115.649 GB, invar_size=107.956 GB, outvar_size=36.075 GB, temp_buffer_size=7.693 GB, available_memory=64.000 GB, comm_cost=0.000)
result[(0, 10, 0, 0), 0] = ModuleProfileResult(compute_cost=712.617, peak_memory=120.473 GB, invar_size=39.451 GB, outvar_size=78.726 GB, temp_buffer_size=2.297 GB, available_memory=64.000 GB, comm_cost=0.000)
result[(0, 10, 0, 0), 1] = ModuleProfileResult(compute_cost=753.618, peak_memory=125.401 GB, invar_size=118.176 GB, outvar_size=39.451 GB, temp_buffer_size=7.224 GB, available_memory=64.000 GB, comm_cost=0.000)
result[(0, 10, 0, 1), 0] = ModuleProfileResult(compute_cost=712.617, peak_memory=120.473 GB, invar_size=39.451 GB, outvar_size=78.726 GB, temp_buffer_size=2.297 GB, available_memory=64.000 GB, comm_cost=0.000)
result[(0, 10, 0, 1), 1] = ModuleProfileResult(compute_cost=753.618, peak_memory=125.401 GB, invar_size=118.176 GB, outvar_size=39.451 GB, temp_buffer_size=7.224 GB, available_memory=64.000 GB, comm_cost=0.000)
result[(0, 11, 0, 0), 0] = ModuleProfileResult(compute_cost=730.804, peak_memory=127.155 GB, invar_size=41.701 GB, outvar_size=83.814 GB, temp_buffer_size=1.641 GB, available_memory=64.000 GB, comm_cost=0.000)
result[(0, 11, 0, 0), 1] = ModuleProfileResult(compute_cost=786.765, peak_memory=134.456 GB, invar_size=126.665 GB, outvar_size=42.851 GB, temp_buffer_size=7.791 GB, available_memory=64.000 GB, comm_cost=0.000)
result[(0, 11, 0, 1), 0] = ModuleProfileResult(compute_cost=730.804, peak_memory=127.155 GB, invar_size=41.701 GB, outvar_size=83.814 GB, temp_buffer_size=1.641 GB, available_memory=64.000 GB, comm_cost=0.000)
result[(0, 11, 0, 1), 1] = ModuleProfileResult(compute_cost=786.765, peak_memory=134.456 GB, invar_size=126.665 GB, outvar_size=42.851 GB, temp_buffer_size=7.791 GB, available_memory=64.000 GB, comm_cost=0.000)
result[(1, 1, 0, 0), 0] = ModuleProfileResult(compute_cost=61.028, peak_memory=10.595 GB, invar_size=3.469 GB, outvar_size=7.032 GB, temp_buffer_size=0.094 GB, available_memory=64.000 GB, comm_cost=0.000)
result[(1, 1, 0, 0), 1] = ModuleProfileResult(compute_cost=65.327, peak_memory=12.330 GB, invar_size=10.407 GB, outvar_size=3.469 GB, temp_buffer_size=1.829 GB, available_memory=64.000 GB, comm_cost=0.000)
result[(1, 1, 0, 1), 0] = ModuleProfileResult(compute_cost=61.028, peak_memory=10.595 GB, invar_size=3.469 GB, outvar_size=7.032 GB, temp_buffer_size=0.094 GB, available_memory=64.000 GB, comm_cost=0.000)
result[(1, 1, 0, 1), 1] = ModuleProfileResult(compute_cost=65.327, peak_memory=12.330 GB, invar_size=10.407 GB, outvar_size=3.469 GB, temp_buffer_size=1.829 GB, available_memory=64.000 GB, comm_cost=0.000)
result[(1, 2, 0, 0), 0] = ModuleProfileResult(compute_cost=164.896, peak_memory=26.066 GB, invar_size=7.969 GB, outvar_size=16.924 GB, temp_buffer_size=1.172 GB, available_memory=64.000 GB, comm_cost=0.000)
result[(1, 2, 0, 0), 1] = ModuleProfileResult(compute_cost=165.436, peak_memory=27.567 GB, invar_size=24.800 GB, outvar_size=7.969 GB, temp_buffer_size=2.673 GB, available_memory=64.000 GB, comm_cost=0.000)
result[(1, 2, 0, 1), 0] = ModuleProfileResult(compute_cost=164.896, peak_memory=26.066 GB, invar_size=7.969 GB, outvar_size=16.924 GB, temp_buffer_size=1.172 GB, available_memory=64.000 GB, comm_cost=0.000)
result[(1, 2, 0, 1), 1] = ModuleProfileResult(compute_cost=165.436, peak_memory=27.567 GB, invar_size=24.800 GB, outvar_size=7.969 GB, temp_buffer_size=2.673 GB, available_memory=64.000 GB, comm_cost=0.000)
result[(1, 3, 0, 0), 0] = ModuleProfileResult(compute_cost=225.737, peak_memory=36.426 GB, invar_size=11.345 GB, outvar_size=23.769 GB, temp_buffer_size=1.313 GB, available_memory=64.000 GB, comm_cost=0.000)
result[(1, 3, 0, 0), 1] = ModuleProfileResult(compute_cost=230.482, peak_memory=38.630 GB, invar_size=35.020 GB, outvar_size=11.345 GB, temp_buffer_size=3.517 GB, available_memory=64.000 GB, comm_cost=0.000)
result[(1, 3, 0, 1), 0] = ModuleProfileResult(compute_cost=225.737, peak_memory=36.426 GB, invar_size=11.345 GB, outvar_size=23.769 GB, temp_buffer_size=1.313 GB, available_memory=64.000 GB, comm_cost=0.000)
result[(1, 3, 0, 1), 1] = ModuleProfileResult(compute_cost=230.482, peak_memory=38.630 GB, invar_size=35.020 GB, outvar_size=11.345 GB, temp_buffer_size=3.517 GB, available_memory=64.000 GB, comm_cost=0.000)
result[(1, 4, 0, 0), 0] = ModuleProfileResult(compute_cost=286.577, peak_memory=46.787 GB, invar_size=14.720 GB, outvar_size=30.614 GB, temp_buffer_size=1.453 GB, available_memory=64.000 GB, comm_cost=0.000)
result[(1, 4, 0, 0), 1] = ModuleProfileResult(compute_cost=295.529, peak_memory=49.366 GB, invar_size=45.240 GB, outvar_size=14.720 GB, temp_buffer_size=4.032 GB, available_memory=64.000 GB, comm_cost=0.000)
result[(1, 4, 0, 1), 0] = ModuleProfileResult(compute_cost=286.577, peak_memory=46.787 GB, invar_size=14.720 GB, outvar_size=30.614 GB, temp_buffer_size=1.453 GB, available_memory=64.000 GB, comm_cost=0.000)
result[(1, 4, 0, 1), 1] = ModuleProfileResult(compute_cost=295.529, peak_memory=49.366 GB, invar_size=45.240 GB, outvar_size=14.720 GB, temp_buffer_size=4.032 GB, available_memory=64.000 GB, comm_cost=0.000)
result[(1, 5, 0, 0), 0] = ModuleProfileResult(compute_cost=347.418, peak_memory=57.147 GB, invar_size=18.095 GB, outvar_size=37.458 GB, temp_buffer_size=1.594 GB, available_memory=64.000 GB, comm_cost=0.000)
result[(1, 5, 0, 0), 1] = ModuleProfileResult(compute_cost=360.575, peak_memory=59.821 GB, invar_size=55.460 GB, outvar_size=18.095 GB, temp_buffer_size=4.267 GB, available_memory=64.000 GB, comm_cost=0.000)
result[(1, 5, 0, 1), 0] = ModuleProfileResult(compute_cost=347.418, peak_memory=57.147 GB, invar_size=18.095 GB, outvar_size=37.458 GB, temp_buffer_size=1.594 GB, available_memory=64.000 GB, comm_cost=0.000)
result[(1, 5, 0, 1), 1] = ModuleProfileResult(compute_cost=360.575, peak_memory=59.821 GB, invar_size=55.460 GB, outvar_size=18.095 GB, temp_buffer_size=4.267 GB, available_memory=64.000 GB, comm_cost=0.000)
result[(1, 6, 0, 0), 0] = ModuleProfileResult(compute_cost=408.258, peak_memory=67.508 GB, invar_size=21.471 GB, outvar_size=44.303 GB, temp_buffer_size=1.734 GB, available_memory=64.000 GB, comm_cost=0.000)
result[(1, 6, 0, 0), 1] = ModuleProfileResult(compute_cost=425.621, peak_memory=70.931 GB, invar_size=65.680 GB, outvar_size=21.471 GB, temp_buffer_size=5.158 GB, available_memory=64.000 GB, comm_cost=0.000)
result[(1, 6, 0, 1), 0] = ModuleProfileResult(compute_cost=408.258, peak_memory=67.508 GB, invar_size=21.471 GB, outvar_size=44.303 GB, temp_buffer_size=1.734 GB, available_memory=64.000 GB, comm_cost=0.000)
result[(1, 6, 0, 1), 1] = ModuleProfileResult(compute_cost=425.621, peak_memory=70.931 GB, invar_size=65.680 GB, outvar_size=21.471 GB, temp_buffer_size=5.158 GB, available_memory=64.000 GB, comm_cost=0.000)
result[(1, 7, 0, 0), 0] = ModuleProfileResult(compute_cost=469.098, peak_memory=77.869 GB, invar_size=24.846 GB, outvar_size=51.148 GB, temp_buffer_size=1.875 GB, available_memory=64.000 GB, comm_cost=0.000)
result[(1, 7, 0, 0), 1] = ModuleProfileResult(compute_cost=490.667, peak_memory=80.542 GB, invar_size=75.900 GB, outvar_size=24.846 GB, temp_buffer_size=4.548 GB, available_memory=64.000 GB, comm_cost=0.000)
result[(1, 7, 0, 1), 0] = ModuleProfileResult(compute_cost=469.098, peak_memory=77.869 GB, invar_size=24.846 GB, outvar_size=51.148 GB, temp_buffer_size=1.875 GB, available_memory=64.000 GB, comm_cost=0.000)
result[(1, 7, 0, 1), 1] = ModuleProfileResult(compute_cost=490.667, peak_memory=80.542 GB, invar_size=75.900 GB, outvar_size=24.846 GB, temp_buffer_size=4.548 GB, available_memory=64.000 GB, comm_cost=0.000)
result[(1, 8, 0, 0), 0] = ModuleProfileResult(compute_cost=529.939, peak_memory=88.229 GB, invar_size=28.221 GB, outvar_size=57.992 GB, temp_buffer_size=2.016 GB, available_memory=64.000 GB, comm_cost=0.000)
result[(1, 8, 0, 0), 1] = ModuleProfileResult(compute_cost=555.713, peak_memory=91.934 GB, invar_size=86.120 GB, outvar_size=28.221 GB, temp_buffer_size=5.721 GB, available_memory=64.000 GB, comm_cost=0.000)
result[(1, 8, 0, 1), 0] = ModuleProfileResult(compute_cost=529.939, peak_memory=88.229 GB, invar_size=28.221 GB, outvar_size=57.992 GB, temp_buffer_size=2.016 GB, available_memory=64.000 GB, comm_cost=0.000)
result[(1, 8, 0, 1), 1] = ModuleProfileResult(compute_cost=555.713, peak_memory=91.934 GB, invar_size=86.120 GB, outvar_size=28.221 GB, temp_buffer_size=5.721 GB, available_memory=64.000 GB, comm_cost=0.000)
result[(1, 9, 0, 0), 0] = ModuleProfileResult(compute_cost=590.779, peak_memory=98.637 GB, invar_size=31.597 GB, outvar_size=64.837 GB, temp_buffer_size=2.203 GB, available_memory=64.000 GB, comm_cost=0.000)
result[(1, 9, 0, 0), 1] = ModuleProfileResult(compute_cost=620.760, peak_memory=102.623 GB, invar_size=96.340 GB, outvar_size=31.597 GB, temp_buffer_size=6.189 GB, available_memory=64.000 GB, comm_cost=0.000)
result[(1, 9, 0, 1), 0] = ModuleProfileResult(compute_cost=590.779, peak_memory=98.637 GB, invar_size=31.597 GB, outvar_size=64.837 GB, temp_buffer_size=2.203 GB, available_memory=64.000 GB, comm_cost=0.000)
result[(1, 9, 0, 1), 1] = ModuleProfileResult(compute_cost=620.760, peak_memory=102.623 GB, invar_size=96.340 GB, outvar_size=31.597 GB, temp_buffer_size=6.189 GB, available_memory=64.000 GB, comm_cost=0.000)
result[(1, 10, 0, 0), 0] = ModuleProfileResult(compute_cost=651.620, peak_memory=108.950 GB, invar_size=34.972 GB, outvar_size=71.682 GB, temp_buffer_size=2.297 GB, available_memory=64.000 GB, comm_cost=0.000)
result[(1, 10, 0, 0), 1] = ModuleProfileResult(compute_cost=685.806, peak_memory=114.061 GB, invar_size=106.560 GB, outvar_size=34.972 GB, temp_buffer_size=7.407 GB, available_memory=64.000 GB, comm_cost=0.000)
result[(1, 10, 0, 1), 0] = ModuleProfileResult(compute_cost=651.620, peak_memory=108.950 GB, invar_size=34.972 GB, outvar_size=71.682 GB, temp_buffer_size=2.297 GB, available_memory=64.000 GB, comm_cost=0.000)
result[(1, 10, 0, 1), 1] = ModuleProfileResult(compute_cost=685.806, peak_memory=114.061 GB, invar_size=106.560 GB, outvar_size=34.972 GB, temp_buffer_size=7.407 GB, available_memory=64.000 GB, comm_cost=0.000)
result[(1, 11, 0, 0), 0] = ModuleProfileResult(compute_cost=669.807, peak_memory=115.236 GB, invar_size=38.372 GB, outvar_size=76.769 GB, temp_buffer_size=0.094 GB, available_memory=64.000 GB, comm_cost=0.000)
result[(1, 11, 0, 0), 1] = ModuleProfileResult(compute_cost=718.953, peak_memory=123.022 GB, invar_size=115.048 GB, outvar_size=38.372 GB, temp_buffer_size=7.880 GB, available_memory=64.000 GB, comm_cost=0.000)
result[(1, 11, 0, 1), 0] = ModuleProfileResult(compute_cost=669.807, peak_memory=115.236 GB, invar_size=38.372 GB, outvar_size=76.769 GB, temp_buffer_size=0.094 GB, available_memory=64.000 GB, comm_cost=0.000)
result[(1, 11, 0, 1), 1] = ModuleProfileResult(compute_cost=718.953, peak_memory=123.022 GB, invar_size=115.048 GB, outvar_size=38.372 GB, temp_buffer_size=7.880 GB, available_memory=64.000 GB, comm_cost=0.000)
result[(2, 2, 0, 0), 0] = ModuleProfileResult(compute_cost=103.868, peak_memory=15.612 GB, invar_size=4.594 GB, outvar_size=9.986 GB, temp_buffer_size=1.031 GB, available_memory=64.000 GB, comm_cost=0.000)
result[(2, 2, 0, 0), 1] = ModuleProfileResult(compute_cost=100.109, peak_memory=16.643 GB, invar_size=14.486 GB, outvar_size=4.594 GB, temp_buffer_size=2.063 GB, available_memory=64.000 GB, comm_cost=0.000)
result[(2, 2, 0, 1), 0] = ModuleProfileResult(compute_cost=103.868, peak_memory=15.612 GB, invar_size=4.594 GB, outvar_size=9.986 GB, temp_buffer_size=1.031 GB, available_memory=64.000 GB, comm_cost=0.000)
result[(2, 2, 0, 1), 1] = ModuleProfileResult(compute_cost=100.109, peak_memory=16.643 GB, invar_size=14.486 GB, outvar_size=4.594 GB, temp_buffer_size=2.063 GB, available_memory=64.000 GB, comm_cost=0.000)
result[(2, 3, 0, 0), 0] = ModuleProfileResult(compute_cost=164.709, peak_memory=25.785 GB, invar_size=7.970 GB, outvar_size=16.831 GB, temp_buffer_size=0.984 GB, available_memory=64.000 GB, comm_cost=0.000)
result[(2, 3, 0, 0), 1] = ModuleProfileResult(compute_cost=165.155, peak_memory=27.473 GB, invar_size=24.706 GB, outvar_size=7.969 GB, temp_buffer_size=2.673 GB, available_memory=64.000 GB, comm_cost=0.000)
result[(2, 3, 0, 1), 0] = ModuleProfileResult(compute_cost=164.709, peak_memory=25.785 GB, invar_size=7.970 GB, outvar_size=16.831 GB, temp_buffer_size=0.984 GB, available_memory=64.000 GB, comm_cost=0.000)
result[(2, 3, 0, 1), 1] = ModuleProfileResult(compute_cost=165.155, peak_memory=27.473 GB, invar_size=24.706 GB, outvar_size=7.969 GB, temp_buffer_size=2.673 GB, available_memory=64.000 GB, comm_cost=0.000)
result[(2, 4, 0, 0), 0] = ModuleProfileResult(compute_cost=225.549, peak_memory=36.192 GB, invar_size=11.345 GB, outvar_size=23.675 GB, temp_buffer_size=1.172 GB, available_memory=64.000 GB, comm_cost=0.000)
result[(2, 4, 0, 0), 1] = ModuleProfileResult(compute_cost=230.201, peak_memory=38.396 GB, invar_size=34.926 GB, outvar_size=11.345 GB, temp_buffer_size=3.376 GB, available_memory=64.000 GB, comm_cost=0.000)
result[(2, 4, 0, 1), 0] = ModuleProfileResult(compute_cost=225.549, peak_memory=36.192 GB, invar_size=11.345 GB, outvar_size=23.675 GB, temp_buffer_size=1.172 GB, available_memory=64.000 GB, comm_cost=0.000)
result[(2, 4, 0, 1), 1] = ModuleProfileResult(compute_cost=230.201, peak_memory=38.396 GB, invar_size=34.926 GB, outvar_size=11.345 GB, temp_buffer_size=3.376 GB, available_memory=64.000 GB, comm_cost=0.000)
result[(2, 5, 0, 0), 0] = ModuleProfileResult(compute_cost=286.390, peak_memory=46.553 GB, invar_size=14.720 GB, outvar_size=30.520 GB, temp_buffer_size=1.313 GB, available_memory=64.000 GB, comm_cost=0.000)
result[(2, 5, 0, 0), 1] = ModuleProfileResult(compute_cost=295.248, peak_memory=49.647 GB, invar_size=45.146 GB, outvar_size=14.720 GB, temp_buffer_size=4.407 GB, available_memory=64.000 GB, comm_cost=0.000)
result[(2, 5, 0, 1), 0] = ModuleProfileResult(compute_cost=286.390, peak_memory=46.553 GB, invar_size=14.720 GB, outvar_size=30.520 GB, temp_buffer_size=1.313 GB, available_memory=64.000 GB, comm_cost=0.000)
result[(2, 5, 0, 1), 1] = ModuleProfileResult(compute_cost=295.248, peak_memory=49.647 GB, invar_size=45.146 GB, outvar_size=14.720 GB, temp_buffer_size=4.407 GB, available_memory=64.000 GB, comm_cost=0.000)
result[(2, 6, 0, 0), 0] = ModuleProfileResult(compute_cost=347.230, peak_memory=56.913 GB, invar_size=18.095 GB, outvar_size=37.365 GB, temp_buffer_size=1.453 GB, available_memory=64.000 GB, comm_cost=0.000)
result[(2, 6, 0, 0), 1] = ModuleProfileResult(compute_cost=360.294, peak_memory=59.727 GB, invar_size=55.366 GB, outvar_size=18.095 GB, temp_buffer_size=4.267 GB, available_memory=64.000 GB, comm_cost=0.000)
result[(2, 6, 0, 1), 0] = ModuleProfileResult(compute_cost=347.230, peak_memory=56.913 GB, invar_size=18.095 GB, outvar_size=37.365 GB, temp_buffer_size=1.453 GB, available_memory=64.000 GB, comm_cost=0.000)
result[(2, 6, 0, 1), 1] = ModuleProfileResult(compute_cost=360.294, peak_memory=59.727 GB, invar_size=55.366 GB, outvar_size=18.095 GB, temp_buffer_size=4.267 GB, available_memory=64.000 GB, comm_cost=0.000)
result[(2, 7, 0, 0), 0] = ModuleProfileResult(compute_cost=408.070, peak_memory=67.274 GB, invar_size=21.471 GB, outvar_size=44.209 GB, temp_buffer_size=1.595 GB, available_memory=64.000 GB, comm_cost=0.000)
result[(2, 7, 0, 0), 1] = ModuleProfileResult(compute_cost=425.340, peak_memory=70.181 GB, invar_size=65.586 GB, outvar_size=21.471 GB, temp_buffer_size=4.501 GB, available_memory=64.000 GB, comm_cost=0.000)
result[(2, 7, 0, 1), 0] = ModuleProfileResult(compute_cost=408.070, peak_memory=67.274 GB, invar_size=21.471 GB, outvar_size=44.209 GB, temp_buffer_size=1.595 GB, available_memory=64.000 GB, comm_cost=0.000)
result[(2, 7, 0, 1), 1] = ModuleProfileResult(compute_cost=425.340, peak_memory=70.181 GB, invar_size=65.586 GB, outvar_size=21.471 GB, temp_buffer_size=4.501 GB, available_memory=64.000 GB, comm_cost=0.000)
result[(2, 8, 0, 0), 0] = ModuleProfileResult(compute_cost=468.911, peak_memory=77.635 GB, invar_size=24.846 GB, outvar_size=51.054 GB, temp_buffer_size=1.735 GB, available_memory=64.000 GB, comm_cost=0.000)
result[(2, 8, 0, 0), 1] = ModuleProfileResult(compute_cost=490.386, peak_memory=80.729 GB, invar_size=75.806 GB, outvar_size=24.846 GB, temp_buffer_size=4.829 GB, available_memory=64.000 GB, comm_cost=0.000)
result[(2, 8, 0, 1), 0] = ModuleProfileResult(compute_cost=468.911, peak_memory=77.635 GB, invar_size=24.846 GB, outvar_size=51.054 GB, temp_buffer_size=1.735 GB, available_memory=64.000 GB, comm_cost=0.000)
result[(2, 8, 0, 1), 1] = ModuleProfileResult(compute_cost=490.386, peak_memory=80.729 GB, invar_size=75.806 GB, outvar_size=24.846 GB, temp_buffer_size=4.829 GB, available_memory=64.000 GB, comm_cost=0.000)
result[(2, 9, 0, 0), 0] = ModuleProfileResult(compute_cost=529.751, peak_memory=87.996 GB, invar_size=28.221 GB, outvar_size=57.898 GB, temp_buffer_size=1.876 GB, available_memory=64.000 GB, comm_cost=0.000)
result[(2, 9, 0, 0), 1] = ModuleProfileResult(compute_cost=555.432, peak_memory=92.028 GB, invar_size=86.026 GB, outvar_size=28.221 GB, temp_buffer_size=5.908 GB, available_memory=64.000 GB, comm_cost=0.000)
result[(2, 9, 0, 1), 0] = ModuleProfileResult(compute_cost=529.751, peak_memory=87.996 GB, invar_size=28.221 GB, outvar_size=57.898 GB, temp_buffer_size=1.876 GB, available_memory=64.000 GB, comm_cost=0.000)
result[(2, 9, 0, 1), 1] = ModuleProfileResult(compute_cost=555.432, peak_memory=92.028 GB, invar_size=86.026 GB, outvar_size=28.221 GB, temp_buffer_size=5.908 GB, available_memory=64.000 GB, comm_cost=0.000)
result[(2, 10, 0, 0), 0] = ModuleProfileResult(compute_cost=590.592, peak_memory=98.356 GB, invar_size=31.597 GB, outvar_size=64.743 GB, temp_buffer_size=2.016 GB, available_memory=64.000 GB, comm_cost=0.000)
result[(2, 10, 0, 0), 1] = ModuleProfileResult(compute_cost=620.479, peak_memory=102.669 GB, invar_size=96.246 GB, outvar_size=31.597 GB, temp_buffer_size=6.330 GB, available_memory=64.000 GB, comm_cost=0.000)
result[(2, 10, 0, 1), 0] = ModuleProfileResult(compute_cost=590.592, peak_memory=98.356 GB, invar_size=31.597 GB, outvar_size=64.743 GB, temp_buffer_size=2.016 GB, available_memory=64.000 GB, comm_cost=0.000)
result[(2, 10, 0, 1), 1] = ModuleProfileResult(compute_cost=620.479, peak_memory=102.669 GB, invar_size=96.246 GB, outvar_size=31.597 GB, temp_buffer_size=6.330 GB, available_memory=64.000 GB, comm_cost=0.000)
result[(2, 11, 0, 0), 0] = ModuleProfileResult(compute_cost=608.779, peak_memory=104.922 GB, invar_size=34.997 GB, outvar_size=69.831 GB, temp_buffer_size=0.094 GB, available_memory=64.000 GB, comm_cost=0.000)
result[(2, 11, 0, 0), 1] = ModuleProfileResult(compute_cost=653.625, peak_memory=112.287 GB, invar_size=104.734 GB, outvar_size=34.997 GB, temp_buffer_size=7.459 GB, available_memory=64.000 GB, comm_cost=0.000)
result[(2, 11, 0, 1), 0] = ModuleProfileResult(compute_cost=608.779, peak_memory=104.922 GB, invar_size=34.997 GB, outvar_size=69.831 GB, temp_buffer_size=0.094 GB, available_memory=64.000 GB, comm_cost=0.000)
result[(2, 11, 0, 1), 1] = ModuleProfileResult(compute_cost=653.625, peak_memory=112.287 GB, invar_size=104.734 GB, outvar_size=34.997 GB, temp_buffer_size=7.459 GB, available_memory=64.000 GB, comm_cost=0.000)
result[(3, 3, 0, 0), 0] = ModuleProfileResult(compute_cost=60.840, peak_memory=11.298 GB, invar_size=3.469 GB, outvar_size=6.938 GB, temp_buffer_size=0.891 GB, available_memory=64.000 GB, comm_cost=0.000)
result[(3, 3, 0, 0), 1] = ModuleProfileResult(compute_cost=65.046, peak_memory=11.908 GB, invar_size=10.314 GB, outvar_size=3.469 GB, temp_buffer_size=1.501 GB, available_memory=64.000 GB, comm_cost=0.000)
result[(3, 3, 0, 1), 0] = ModuleProfileResult(compute_cost=60.840, peak_memory=11.298 GB, invar_size=3.469 GB, outvar_size=6.938 GB, temp_buffer_size=0.891 GB, available_memory=64.000 GB, comm_cost=0.000)
result[(3, 3, 0, 1), 1] = ModuleProfileResult(compute_cost=65.046, peak_memory=11.908 GB, invar_size=10.314 GB, outvar_size=3.469 GB, temp_buffer_size=1.501 GB, available_memory=64.000 GB, comm_cost=0.000)
result[(3, 4, 0, 0), 0] = ModuleProfileResult(compute_cost=121.681, peak_memory=21.612 GB, invar_size=6.844 GB, outvar_size=13.783 GB, temp_buffer_size=0.984 GB, available_memory=64.000 GB, comm_cost=0.000)
result[(3, 4, 0, 0), 1] = ModuleProfileResult(compute_cost=130.092, peak_memory=23.065 GB, invar_size=20.534 GB, outvar_size=6.844 GB, temp_buffer_size=2.438 GB, available_memory=64.000 GB, comm_cost=0.000)
result[(3, 4, 0, 1), 0] = ModuleProfileResult(compute_cost=121.681, peak_memory=21.612 GB, invar_size=6.844 GB, outvar_size=13.783 GB, temp_buffer_size=0.984 GB, available_memory=64.000 GB, comm_cost=0.000)
result[(3, 4, 0, 1), 1] = ModuleProfileResult(compute_cost=130.092, peak_memory=23.065 GB, invar_size=20.534 GB, outvar_size=6.844 GB, temp_buffer_size=2.438 GB, available_memory=64.000 GB, comm_cost=0.000)
result[(3, 5, 0, 0), 0] = ModuleProfileResult(compute_cost=182.521, peak_memory=31.832 GB, invar_size=10.220 GB, outvar_size=20.628 GB, temp_buffer_size=0.984 GB, available_memory=64.000 GB, comm_cost=0.000)
result[(3, 5, 0, 0), 1] = ModuleProfileResult(compute_cost=195.139, peak_memory=34.316 GB, invar_size=30.754 GB, outvar_size=10.220 GB, temp_buffer_size=3.469 GB, available_memory=64.000 GB, comm_cost=0.000)
result[(3, 5, 0, 1), 0] = ModuleProfileResult(compute_cost=182.521, peak_memory=31.832 GB, invar_size=10.220 GB, outvar_size=20.628 GB, temp_buffer_size=0.984 GB, available_memory=64.000 GB, comm_cost=0.000)
result[(3, 5, 0, 1), 1] = ModuleProfileResult(compute_cost=195.139, peak_memory=34.316 GB, invar_size=30.754 GB, outvar_size=10.220 GB, temp_buffer_size=3.469 GB, available_memory=64.000 GB, comm_cost=0.000)
result[(3, 6, 0, 0), 0] = ModuleProfileResult(compute_cost=243.362, peak_memory=42.192 GB, invar_size=13.595 GB, outvar_size=27.472 GB, temp_buffer_size=1.125 GB, available_memory=64.000 GB, comm_cost=0.000)
result[(3, 6, 0, 0), 1] = ModuleProfileResult(compute_cost=260.185, peak_memory=45.380 GB, invar_size=40.973 GB, outvar_size=13.595 GB, temp_buffer_size=4.313 GB, available_memory=64.000 GB, comm_cost=0.000)
result[(3, 6, 0, 1), 0] = ModuleProfileResult(compute_cost=243.362, peak_memory=42.192 GB, invar_size=13.595 GB, outvar_size=27.472 GB, temp_buffer_size=1.125 GB, available_memory=64.000 GB, comm_cost=0.000)
result[(3, 6, 0, 1), 1] = ModuleProfileResult(compute_cost=260.185, peak_memory=45.380 GB, invar_size=40.973 GB, outvar_size=13.595 GB, temp_buffer_size=4.313 GB, available_memory=64.000 GB, comm_cost=0.000)
result[(3, 7, 0, 0), 0] = ModuleProfileResult(compute_cost=304.202, peak_memory=52.553 GB, invar_size=16.970 GB, outvar_size=34.317 GB, temp_buffer_size=1.266 GB, available_memory=64.000 GB, comm_cost=0.000)
result[(3, 7, 0, 0), 1] = ModuleProfileResult(compute_cost=325.231, peak_memory=55.647 GB, invar_size=51.193 GB, outvar_size=16.970 GB, temp_buffer_size=4.360 GB, available_memory=64.000 GB, comm_cost=0.000)
result[(3, 7, 0, 1), 0] = ModuleProfileResult(compute_cost=304.202, peak_memory=52.553 GB, invar_size=16.970 GB, outvar_size=34.317 GB, temp_buffer_size=1.266 GB, available_memory=64.000 GB, comm_cost=0.000)
result[(3, 7, 0, 1), 1] = ModuleProfileResult(compute_cost=325.231, peak_memory=55.647 GB, invar_size=51.193 GB, outvar_size=16.970 GB, temp_buffer_size=4.360 GB, available_memory=64.000 GB, comm_cost=0.000)
result[(3, 8, 0, 0), 0] = ModuleProfileResult(compute_cost=365.043, peak_memory=62.913 GB, invar_size=20.346 GB, outvar_size=41.162 GB, temp_buffer_size=1.406 GB, available_memory=64.000 GB, comm_cost=0.000)
result[(3, 8, 0, 0), 1] = ModuleProfileResult(compute_cost=390.277, peak_memory=66.054 GB, invar_size=61.413 GB, outvar_size=20.346 GB, temp_buffer_size=4.547 GB, available_memory=64.000 GB, comm_cost=0.000)
result[(3, 8, 0, 1), 0] = ModuleProfileResult(compute_cost=365.043, peak_memory=62.913 GB, invar_size=20.346 GB, outvar_size=41.162 GB, temp_buffer_size=1.406 GB, available_memory=64.000 GB, comm_cost=0.000)
result[(3, 8, 0, 1), 1] = ModuleProfileResult(compute_cost=390.277, peak_memory=66.054 GB, invar_size=61.413 GB, outvar_size=20.346 GB, temp_buffer_size=4.547 GB, available_memory=64.000 GB, comm_cost=0.000)
result[(3, 9, 0, 0), 0] = ModuleProfileResult(compute_cost=425.883, peak_memory=73.274 GB, invar_size=23.721 GB, outvar_size=48.006 GB, temp_buffer_size=1.547 GB, available_memory=64.000 GB, comm_cost=0.000)
result[(3, 9, 0, 0), 1] = ModuleProfileResult(compute_cost=455.323, peak_memory=76.649 GB, invar_size=71.633 GB, outvar_size=23.721 GB, temp_buffer_size=4.922 GB, available_memory=64.000 GB, comm_cost=0.000)
result[(3, 9, 0, 1), 0] = ModuleProfileResult(compute_cost=425.883, peak_memory=73.274 GB, invar_size=23.721 GB, outvar_size=48.006 GB, temp_buffer_size=1.547 GB, available_memory=64.000 GB, comm_cost=0.000)
result[(3, 9, 0, 1), 1] = ModuleProfileResult(compute_cost=455.323, peak_memory=76.649 GB, invar_size=71.633 GB, outvar_size=23.721 GB, temp_buffer_size=4.922 GB, available_memory=64.000 GB, comm_cost=0.000)
result[(3, 10, 0, 0), 0] = ModuleProfileResult(compute_cost=486.723, peak_memory=83.635 GB, invar_size=27.096 GB, outvar_size=54.851 GB, temp_buffer_size=1.688 GB, available_memory=64.000 GB, comm_cost=0.000)
result[(3, 10, 0, 0), 1] = ModuleProfileResult(compute_cost=520.370, peak_memory=86.072 GB, invar_size=81.853 GB, outvar_size=27.096 GB, temp_buffer_size=4.125 GB, available_memory=64.000 GB, comm_cost=0.000)
result[(3, 10, 0, 1), 0] = ModuleProfileResult(compute_cost=486.723, peak_memory=83.635 GB, invar_size=27.096 GB, outvar_size=54.851 GB, temp_buffer_size=1.688 GB, available_memory=64.000 GB, comm_cost=0.000)
result[(3, 10, 0, 1), 1] = ModuleProfileResult(compute_cost=520.370, peak_memory=86.072 GB, invar_size=81.853 GB, outvar_size=27.096 GB, temp_buffer_size=4.125 GB, available_memory=64.000 GB, comm_cost=0.000)
result[(3, 11, 0, 0), 0] = ModuleProfileResult(compute_cost=504.911, peak_memory=90.483 GB, invar_size=30.497 GB, outvar_size=59.939 GB, temp_buffer_size=0.047 GB, available_memory=64.000 GB, comm_cost=0.000)
result[(3, 11, 0, 0), 1] = ModuleProfileResult(compute_cost=553.517, peak_memory=96.582 GB, invar_size=90.342 GB, outvar_size=30.497 GB, temp_buffer_size=6.147 GB, available_memory=64.000 GB, comm_cost=0.000)
result[(3, 11, 0, 1), 0] = ModuleProfileResult(compute_cost=504.911, peak_memory=90.483 GB, invar_size=30.497 GB, outvar_size=59.939 GB, temp_buffer_size=0.047 GB, available_memory=64.000 GB, comm_cost=0.000)
result[(3, 11, 0, 1), 1] = ModuleProfileResult(compute_cost=553.517, peak_memory=96.582 GB, invar_size=90.342 GB, outvar_size=30.497 GB, temp_buffer_size=6.147 GB, available_memory=64.000 GB, comm_cost=0.000)
result[(4, 4, 0, 0), 0] = ModuleProfileResult(compute_cost=60.840, peak_memory=11.298 GB, invar_size=3.469 GB, outvar_size=6.938 GB, temp_buffer_size=0.891 GB, available_memory=64.000 GB, comm_cost=0.000)
result[(4, 4, 0, 0), 1] = ModuleProfileResult(compute_cost=65.046, peak_memory=11.908 GB, invar_size=10.314 GB, outvar_size=3.469 GB, temp_buffer_size=1.501 GB, available_memory=64.000 GB, comm_cost=0.000)
result[(4, 4, 0, 1), 0] = ModuleProfileResult(compute_cost=60.840, peak_memory=11.298 GB, invar_size=3.469 GB, outvar_size=6.938 GB, temp_buffer_size=0.891 GB, available_memory=64.000 GB, comm_cost=0.000)
result[(4, 4, 0, 1), 1] = ModuleProfileResult(compute_cost=65.046, peak_memory=11.908 GB, invar_size=10.314 GB, outvar_size=3.469 GB, temp_buffer_size=1.501 GB, available_memory=64.000 GB, comm_cost=0.000)
result[(4, 5, 0, 0), 0] = ModuleProfileResult(compute_cost=121.681, peak_memory=21.612 GB, invar_size=6.844 GB, outvar_size=13.783 GB, temp_buffer_size=0.984 GB, available_memory=64.000 GB, comm_cost=0.000)
result[(4, 5, 0, 0), 1] = ModuleProfileResult(compute_cost=130.092, peak_memory=23.065 GB, invar_size=20.534 GB, outvar_size=6.844 GB, temp_buffer_size=2.438 GB, available_memory=64.000 GB, comm_cost=0.000)
result[(4, 5, 0, 1), 0] = ModuleProfileResult(compute_cost=121.681, peak_memory=21.612 GB, invar_size=6.844 GB, outvar_size=13.783 GB, temp_buffer_size=0.984 GB, available_memory=64.000 GB, comm_cost=0.000)
result[(4, 5, 0, 1), 1] = ModuleProfileResult(compute_cost=130.092, peak_memory=23.065 GB, invar_size=20.534 GB, outvar_size=6.844 GB, temp_buffer_size=2.438 GB, available_memory=64.000 GB, comm_cost=0.000)
result[(4, 6, 0, 0), 0] = ModuleProfileResult(compute_cost=182.521, peak_memory=31.832 GB, invar_size=10.220 GB, outvar_size=20.628 GB, temp_buffer_size=0.984 GB, available_memory=64.000 GB, comm_cost=0.000)
result[(4, 6, 0, 0), 1] = ModuleProfileResult(compute_cost=195.139, peak_memory=34.316 GB, invar_size=30.754 GB, outvar_size=10.220 GB, temp_buffer_size=3.469 GB, available_memory=64.000 GB, comm_cost=0.000)
result[(4, 6, 0, 1), 0] = ModuleProfileResult(compute_cost=182.521, peak_memory=31.832 GB, invar_size=10.220 GB, outvar_size=20.628 GB, temp_buffer_size=0.984 GB, available_memory=64.000 GB, comm_cost=0.000)
result[(4, 6, 0, 1), 1] = ModuleProfileResult(compute_cost=195.139, peak_memory=34.316 GB, invar_size=30.754 GB, outvar_size=10.220 GB, temp_buffer_size=3.469 GB, available_memory=64.000 GB, comm_cost=0.000)
result[(4, 7, 0, 0), 0] = ModuleProfileResult(compute_cost=243.362, peak_memory=42.192 GB, invar_size=13.595 GB, outvar_size=27.472 GB, temp_buffer_size=1.125 GB, available_memory=64.000 GB, comm_cost=0.000)
result[(4, 7, 0, 0), 1] = ModuleProfileResult(compute_cost=260.185, peak_memory=45.380 GB, invar_size=40.973 GB, outvar_size=13.595 GB, temp_buffer_size=4.313 GB, available_memory=64.000 GB, comm_cost=0.000)
result[(4, 7, 0, 1), 0] = ModuleProfileResult(compute_cost=243.362, peak_memory=42.192 GB, invar_size=13.595 GB, outvar_size=27.472 GB, temp_buffer_size=1.125 GB, available_memory=64.000 GB, comm_cost=0.000)
result[(4, 7, 0, 1), 1] = ModuleProfileResult(compute_cost=260.185, peak_memory=45.380 GB, invar_size=40.973 GB, outvar_size=13.595 GB, temp_buffer_size=4.313 GB, available_memory=64.000 GB, comm_cost=0.000)
result[(4, 8, 0, 0), 0] = ModuleProfileResult(compute_cost=304.202, peak_memory=52.553 GB, invar_size=16.970 GB, outvar_size=34.317 GB, temp_buffer_size=1.266 GB, available_memory=64.000 GB, comm_cost=0.000)
result[(4, 8, 0, 0), 1] = ModuleProfileResult(compute_cost=325.231, peak_memory=55.647 GB, invar_size=51.193 GB, outvar_size=16.970 GB, temp_buffer_size=4.360 GB, available_memory=64.000 GB, comm_cost=0.000)
result[(4, 8, 0, 1), 0] = ModuleProfileResult(compute_cost=304.202, peak_memory=52.553 GB, invar_size=16.970 GB, outvar_size=34.317 GB, temp_buffer_size=1.266 GB, available_memory=64.000 GB, comm_cost=0.000)
result[(4, 8, 0, 1), 1] = ModuleProfileResult(compute_cost=325.231, peak_memory=55.647 GB, invar_size=51.193 GB, outvar_size=16.970 GB, temp_buffer_size=4.360 GB, available_memory=64.000 GB, comm_cost=0.000)
result[(4, 9, 0, 0), 0] = ModuleProfileResult(compute_cost=365.043, peak_memory=62.913 GB, invar_size=20.346 GB, outvar_size=41.162 GB, temp_buffer_size=1.406 GB, available_memory=64.000 GB, comm_cost=0.000)
result[(4, 9, 0, 0), 1] = ModuleProfileResult(compute_cost=390.277, peak_memory=66.054 GB, invar_size=61.413 GB, outvar_size=20.346 GB, temp_buffer_size=4.547 GB, available_memory=64.000 GB, comm_cost=0.000)
result[(4, 9, 0, 1), 0] = ModuleProfileResult(compute_cost=365.043, peak_memory=62.913 GB, invar_size=20.346 GB, outvar_size=41.162 GB, temp_buffer_size=1.406 GB, available_memory=64.000 GB, comm_cost=0.000)
result[(4, 9, 0, 1), 1] = ModuleProfileResult(compute_cost=390.277, peak_memory=66.054 GB, invar_size=61.413 GB, outvar_size=20.346 GB, temp_buffer_size=4.547 GB, available_memory=64.000 GB, comm_cost=0.000)
result[(4, 10, 0, 0), 0] = ModuleProfileResult(compute_cost=425.883, peak_memory=73.274 GB, invar_size=23.721 GB, outvar_size=48.006 GB, temp_buffer_size=1.547 GB, available_memory=64.000 GB, comm_cost=0.000)
result[(4, 10, 0, 0), 1] = ModuleProfileResult(compute_cost=455.323, peak_memory=76.649 GB, invar_size=71.633 GB, outvar_size=23.721 GB, temp_buffer_size=4.922 GB, available_memory=64.000 GB, comm_cost=0.000)
result[(4, 10, 0, 1), 0] = ModuleProfileResult(compute_cost=425.883, peak_memory=73.274 GB, invar_size=23.721 GB, outvar_size=48.006 GB, temp_buffer_size=1.547 GB, available_memory=64.000 GB, comm_cost=0.000)
result[(4, 10, 0, 1), 1] = ModuleProfileResult(compute_cost=455.323, peak_memory=76.649 GB, invar_size=71.633 GB, outvar_size=23.721 GB, temp_buffer_size=4.922 GB, available_memory=64.000 GB, comm_cost=0.000)
result[(4, 11, 0, 0), 0] = ModuleProfileResult(compute_cost=444.070, peak_memory=80.263 GB, invar_size=27.121 GB, outvar_size=53.094 GB, temp_buffer_size=0.047 GB, available_memory=64.000 GB, comm_cost=0.000)
result[(4, 11, 0, 0), 1] = ModuleProfileResult(compute_cost=488.470, peak_memory=85.705 GB, invar_size=80.122 GB, outvar_size=27.121 GB, temp_buffer_size=5.489 GB, available_memory=64.000 GB, comm_cost=0.000)
result[(4, 11, 0, 1), 0] = ModuleProfileResult(compute_cost=444.070, peak_memory=80.263 GB, invar_size=27.121 GB, outvar_size=53.094 GB, temp_buffer_size=0.047 GB, available_memory=64.000 GB, comm_cost=0.000)
result[(4, 11, 0, 1), 1] = ModuleProfileResult(compute_cost=488.470, peak_memory=85.705 GB, invar_size=80.122 GB, outvar_size=27.121 GB, temp_buffer_size=5.489 GB, available_memory=64.000 GB, comm_cost=0.000)
result[(5, 5, 0, 0), 0] = ModuleProfileResult(compute_cost=60.840, peak_memory=11.298 GB, invar_size=3.469 GB, outvar_size=6.938 GB, temp_buffer_size=0.891 GB, available_memory=64.000 GB, comm_cost=0.000)
result[(5, 5, 0, 0), 1] = ModuleProfileResult(compute_cost=65.046, peak_memory=11.908 GB, invar_size=10.314 GB, outvar_size=3.469 GB, temp_buffer_size=1.501 GB, available_memory=64.000 GB, comm_cost=0.000)
result[(5, 5, 0, 1), 0] = ModuleProfileResult(compute_cost=60.840, peak_memory=11.298 GB, invar_size=3.469 GB, outvar_size=6.938 GB, temp_buffer_size=0.891 GB, available_memory=64.000 GB, comm_cost=0.000)
result[(5, 5, 0, 1), 1] = ModuleProfileResult(compute_cost=65.046, peak_memory=11.908 GB, invar_size=10.314 GB, outvar_size=3.469 GB, temp_buffer_size=1.501 GB, available_memory=64.000 GB, comm_cost=0.000)
result[(5, 6, 0, 0), 0] = ModuleProfileResult(compute_cost=121.681, peak_memory=21.612 GB, invar_size=6.844 GB, outvar_size=13.783 GB, temp_buffer_size=0.984 GB, available_memory=64.000 GB, comm_cost=0.000)
result[(5, 6, 0, 0), 1] = ModuleProfileResult(compute_cost=130.092, peak_memory=23.065 GB, invar_size=20.534 GB, outvar_size=6.844 GB, temp_buffer_size=2.438 GB, available_memory=64.000 GB, comm_cost=0.000)
result[(5, 6, 0, 1), 0] = ModuleProfileResult(compute_cost=121.681, peak_memory=21.612 GB, invar_size=6.844 GB, outvar_size=13.783 GB, temp_buffer_size=0.984 GB, available_memory=64.000 GB, comm_cost=0.000)
result[(5, 6, 0, 1), 1] = ModuleProfileResult(compute_cost=130.092, peak_memory=23.065 GB, invar_size=20.534 GB, outvar_size=6.844 GB, temp_buffer_size=2.438 GB, available_memory=64.000 GB, comm_cost=0.000)
result[(5, 7, 0, 0), 0] = ModuleProfileResult(compute_cost=182.521, peak_memory=31.832 GB, invar_size=10.220 GB, outvar_size=20.628 GB, temp_buffer_size=0.984 GB, available_memory=64.000 GB, comm_cost=0.000)
result[(5, 7, 0, 0), 1] = ModuleProfileResult(compute_cost=195.139, peak_memory=34.316 GB, invar_size=30.754 GB, outvar_size=10.220 GB, temp_buffer_size=3.469 GB, available_memory=64.000 GB, comm_cost=0.000)
result[(5, 7, 0, 1), 0] = ModuleProfileResult(compute_cost=182.521, peak_memory=31.832 GB, invar_size=10.220 GB, outvar_size=20.628 GB, temp_buffer_size=0.984 GB, available_memory=64.000 GB, comm_cost=0.000)
result[(5, 7, 0, 1), 1] = ModuleProfileResult(compute_cost=195.139, peak_memory=34.316 GB, invar_size=30.754 GB, outvar_size=10.220 GB, temp_buffer_size=3.469 GB, available_memory=64.000 GB, comm_cost=0.000)
result[(5, 8, 0, 0), 0] = ModuleProfileResult(compute_cost=243.362, peak_memory=42.192 GB, invar_size=13.595 GB, outvar_size=27.472 GB, temp_buffer_size=1.125 GB, available_memory=64.000 GB, comm_cost=0.000)
result[(5, 8, 0, 0), 1] = ModuleProfileResult(compute_cost=260.185, peak_memory=45.380 GB, invar_size=40.973 GB, outvar_size=13.595 GB, temp_buffer_size=4.313 GB, available_memory=64.000 GB, comm_cost=0.000)
result[(5, 8, 0, 1), 0] = ModuleProfileResult(compute_cost=243.362, peak_memory=42.192 GB, invar_size=13.595 GB, outvar_size=27.472 GB, temp_buffer_size=1.125 GB, available_memory=64.000 GB, comm_cost=0.000)
result[(5, 8, 0, 1), 1] = ModuleProfileResult(compute_cost=260.185, peak_memory=45.380 GB, invar_size=40.973 GB, outvar_size=13.595 GB, temp_buffer_size=4.313 GB, available_memory=64.000 GB, comm_cost=0.000)
result[(5, 9, 0, 0), 0] = ModuleProfileResult(compute_cost=304.202, peak_memory=52.553 GB, invar_size=16.970 GB, outvar_size=34.317 GB, temp_buffer_size=1.266 GB, available_memory=64.000 GB, comm_cost=0.000)
result[(5, 9, 0, 0), 1] = ModuleProfileResult(compute_cost=325.231, peak_memory=55.647 GB, invar_size=51.193 GB, outvar_size=16.970 GB, temp_buffer_size=4.360 GB, available_memory=64.000 GB, comm_cost=0.000)
result[(5, 9, 0, 1), 0] = ModuleProfileResult(compute_cost=304.202, peak_memory=52.553 GB, invar_size=16.970 GB, outvar_size=34.317 GB, temp_buffer_size=1.266 GB, available_memory=64.000 GB, comm_cost=0.000)
result[(5, 9, 0, 1), 1] = ModuleProfileResult(compute_cost=325.231, peak_memory=55.647 GB, invar_size=51.193 GB, outvar_size=16.970 GB, temp_buffer_size=4.360 GB, available_memory=64.000 GB, comm_cost=0.000)
result[(5, 10, 0, 0), 0] = ModuleProfileResult(compute_cost=365.043, peak_memory=62.913 GB, invar_size=20.346 GB, outvar_size=41.162 GB, temp_buffer_size=1.406 GB, available_memory=64.000 GB, comm_cost=0.000)
result[(5, 10, 0, 0), 1] = ModuleProfileResult(compute_cost=390.277, peak_memory=66.054 GB, invar_size=61.413 GB, outvar_size=20.346 GB, temp_buffer_size=4.547 GB, available_memory=64.000 GB, comm_cost=0.000)
result[(5, 10, 0, 1), 0] = ModuleProfileResult(compute_cost=365.043, peak_memory=62.913 GB, invar_size=20.346 GB, outvar_size=41.162 GB, temp_buffer_size=1.406 GB, available_memory=64.000 GB, comm_cost=0.000)
result[(5, 10, 0, 1), 1] = ModuleProfileResult(compute_cost=390.277, peak_memory=66.054 GB, invar_size=61.413 GB, outvar_size=20.346 GB, temp_buffer_size=4.547 GB, available_memory=64.000 GB, comm_cost=0.000)
result[(5, 11, 0, 0), 0] = ModuleProfileResult(compute_cost=383.230, peak_memory=70.043 GB, invar_size=23.746 GB, outvar_size=46.250 GB, temp_buffer_size=0.047 GB, available_memory=64.000 GB, comm_cost=0.000)
result[(5, 11, 0, 0), 1] = ModuleProfileResult(compute_cost=423.424, peak_memory=75.344 GB, invar_size=69.902 GB, outvar_size=23.746 GB, temp_buffer_size=5.349 GB, available_memory=64.000 GB, comm_cost=0.000)
result[(5, 11, 0, 1), 0] = ModuleProfileResult(compute_cost=383.230, peak_memory=70.043 GB, invar_size=23.746 GB, outvar_size=46.250 GB, temp_buffer_size=0.047 GB, available_memory=64.000 GB, comm_cost=0.000)
result[(5, 11, 0, 1), 1] = ModuleProfileResult(compute_cost=423.424, peak_memory=75.344 GB, invar_size=69.902 GB, outvar_size=23.746 GB, temp_buffer_size=5.349 GB, available_memory=64.000 GB, comm_cost=0.000)
result[(6, 6, 0, 0), 0] = ModuleProfileResult(compute_cost=60.840, peak_memory=11.298 GB, invar_size=3.469 GB, outvar_size=6.938 GB, temp_buffer_size=0.891 GB, available_memory=64.000 GB, comm_cost=0.000)
result[(6, 6, 0, 0), 1] = ModuleProfileResult(compute_cost=65.046, peak_memory=11.908 GB, invar_size=10.314 GB, outvar_size=3.469 GB, temp_buffer_size=1.501 GB, available_memory=64.000 GB, comm_cost=0.000)
result[(6, 6, 0, 1), 0] = ModuleProfileResult(compute_cost=60.840, peak_memory=11.298 GB, invar_size=3.469 GB, outvar_size=6.938 GB, temp_buffer_size=0.891 GB, available_memory=64.000 GB, comm_cost=0.000)
result[(6, 6, 0, 1), 1] = ModuleProfileResult(compute_cost=65.046, peak_memory=11.908 GB, invar_size=10.314 GB, outvar_size=3.469 GB, temp_buffer_size=1.501 GB, available_memory=64.000 GB, comm_cost=0.000)
result[(6, 7, 0, 0), 0] = ModuleProfileResult(compute_cost=121.681, peak_memory=21.612 GB, invar_size=6.844 GB, outvar_size=13.783 GB, temp_buffer_size=0.984 GB, available_memory=64.000 GB, comm_cost=0.000)
result[(6, 7, 0, 0), 1] = ModuleProfileResult(compute_cost=130.092, peak_memory=23.065 GB, invar_size=20.534 GB, outvar_size=6.844 GB, temp_buffer_size=2.438 GB, available_memory=64.000 GB, comm_cost=0.000)
result[(6, 7, 0, 1), 0] = ModuleProfileResult(compute_cost=121.681, peak_memory=21.612 GB, invar_size=6.844 GB, outvar_size=13.783 GB, temp_buffer_size=0.984 GB, available_memory=64.000 GB, comm_cost=0.000)
result[(6, 7, 0, 1), 1] = ModuleProfileResult(compute_cost=130.092, peak_memory=23.065 GB, invar_size=20.534 GB, outvar_size=6.844 GB, temp_buffer_size=2.438 GB, available_memory=64.000 GB, comm_cost=0.000)
result[(6, 8, 0, 0), 0] = ModuleProfileResult(compute_cost=182.521, peak_memory=31.832 GB, invar_size=10.220 GB, outvar_size=20.628 GB, temp_buffer_size=0.984 GB, available_memory=64.000 GB, comm_cost=0.000)
result[(6, 8, 0, 0), 1] = ModuleProfileResult(compute_cost=195.139, peak_memory=34.316 GB, invar_size=30.754 GB, outvar_size=10.220 GB, temp_buffer_size=3.469 GB, available_memory=64.000 GB, comm_cost=0.000)
result[(6, 8, 0, 1), 0] = ModuleProfileResult(compute_cost=182.521, peak_memory=31.832 GB, invar_size=10.220 GB, outvar_size=20.628 GB, temp_buffer_size=0.984 GB, available_memory=64.000 GB, comm_cost=0.000)
result[(6, 8, 0, 1), 1] = ModuleProfileResult(compute_cost=195.139, peak_memory=34.316 GB, invar_size=30.754 GB, outvar_size=10.220 GB, temp_buffer_size=3.469 GB, available_memory=64.000 GB, comm_cost=0.000)
result[(6, 9, 0, 0), 0] = ModuleProfileResult(compute_cost=243.362, peak_memory=42.192 GB, invar_size=13.595 GB, outvar_size=27.472 GB, temp_buffer_size=1.125 GB, available_memory=64.000 GB, comm_cost=0.000)
result[(6, 9, 0, 0), 1] = ModuleProfileResult(compute_cost=260.185, peak_memory=45.380 GB, invar_size=40.973 GB, outvar_size=13.595 GB, temp_buffer_size=4.313 GB, available_memory=64.000 GB, comm_cost=0.000)
result[(6, 9, 0, 1), 0] = ModuleProfileResult(compute_cost=243.362, peak_memory=42.192 GB, invar_size=13.595 GB, outvar_size=27.472 GB, temp_buffer_size=1.125 GB, available_memory=64.000 GB, comm_cost=0.000)
result[(6, 9, 0, 1), 1] = ModuleProfileResult(compute_cost=260.185, peak_memory=45.380 GB, invar_size=40.973 GB, outvar_size=13.595 GB, temp_buffer_size=4.313 GB, available_memory=64.000 GB, comm_cost=0.000)
result[(6, 10, 0, 0), 0] = ModuleProfileResult(compute_cost=304.202, peak_memory=52.553 GB, invar_size=16.970 GB, outvar_size=34.317 GB, temp_buffer_size=1.266 GB, available_memory=64.000 GB, comm_cost=0.000)
result[(6, 10, 0, 0), 1] = ModuleProfileResult(compute_cost=325.231, peak_memory=55.647 GB, invar_size=51.193 GB, outvar_size=16.970 GB, temp_buffer_size=4.360 GB, available_memory=64.000 GB, comm_cost=0.000)
result[(6, 10, 0, 1), 0] = ModuleProfileResult(compute_cost=304.202, peak_memory=52.553 GB, invar_size=16.970 GB, outvar_size=34.317 GB, temp_buffer_size=1.266 GB, available_memory=64.000 GB, comm_cost=0.000)
result[(6, 10, 0, 1), 1] = ModuleProfileResult(compute_cost=325.231, peak_memory=55.647 GB, invar_size=51.193 GB, outvar_size=16.970 GB, temp_buffer_size=4.360 GB, available_memory=64.000 GB, comm_cost=0.000)
result[(6, 11, 0, 0), 0] = ModuleProfileResult(compute_cost=322.389, peak_memory=59.823 GB, invar_size=20.371 GB, outvar_size=39.405 GB, temp_buffer_size=0.047 GB, available_memory=64.000 GB, comm_cost=0.000)
result[(6, 11, 0, 0), 1] = ModuleProfileResult(compute_cost=358.378, peak_memory=64.749 GB, invar_size=59.682 GB, outvar_size=20.371 GB, temp_buffer_size=4.973 GB, available_memory=64.000 GB, comm_cost=0.000)
result[(6, 11, 0, 1), 0] = ModuleProfileResult(compute_cost=322.389, peak_memory=59.823 GB, invar_size=20.371 GB, outvar_size=39.405 GB, temp_buffer_size=0.047 GB, available_memory=64.000 GB, comm_cost=0.000)
result[(6, 11, 0, 1), 1] = ModuleProfileResult(compute_cost=358.378, peak_memory=64.749 GB, invar_size=59.682 GB, outvar_size=20.371 GB, temp_buffer_size=4.973 GB, available_memory=64.000 GB, comm_cost=0.000)
result[(7, 7, 0, 0), 0] = ModuleProfileResult(compute_cost=60.840, peak_memory=11.298 GB, invar_size=3.469 GB, outvar_size=6.938 GB, temp_buffer_size=0.891 GB, available_memory=64.000 GB, comm_cost=0.000)
result[(7, 7, 0, 0), 1] = ModuleProfileResult(compute_cost=65.046, peak_memory=11.908 GB, invar_size=10.314 GB, outvar_size=3.469 GB, temp_buffer_size=1.501 GB, available_memory=64.000 GB, comm_cost=0.000)
result[(7, 7, 0, 1), 0] = ModuleProfileResult(compute_cost=60.840, peak_memory=11.298 GB, invar_size=3.469 GB, outvar_size=6.938 GB, temp_buffer_size=0.891 GB, available_memory=64.000 GB, comm_cost=0.000)
result[(7, 7, 0, 1), 1] = ModuleProfileResult(compute_cost=65.046, peak_memory=11.908 GB, invar_size=10.314 GB, outvar_size=3.469 GB, temp_buffer_size=1.501 GB, available_memory=64.000 GB, comm_cost=0.000)
result[(7, 8, 0, 0), 0] = ModuleProfileResult(compute_cost=121.681, peak_memory=21.612 GB, invar_size=6.844 GB, outvar_size=13.783 GB, temp_buffer_size=0.984 GB, available_memory=64.000 GB, comm_cost=0.000)
result[(7, 8, 0, 0), 1] = ModuleProfileResult(compute_cost=130.092, peak_memory=23.065 GB, invar_size=20.534 GB, outvar_size=6.844 GB, temp_buffer_size=2.438 GB, available_memory=64.000 GB, comm_cost=0.000)
result[(7, 8, 0, 1), 0] = ModuleProfileResult(compute_cost=121.681, peak_memory=21.612 GB, invar_size=6.844 GB, outvar_size=13.783 GB, temp_buffer_size=0.984 GB, available_memory=64.000 GB, comm_cost=0.000)
result[(7, 8, 0, 1), 1] = ModuleProfileResult(compute_cost=130.092, peak_memory=23.065 GB, invar_size=20.534 GB, outvar_size=6.844 GB, temp_buffer_size=2.438 GB, available_memory=64.000 GB, comm_cost=0.000)
result[(7, 9, 0, 0), 0] = ModuleProfileResult(compute_cost=182.521, peak_memory=31.832 GB, invar_size=10.220 GB, outvar_size=20.628 GB, temp_buffer_size=0.984 GB, available_memory=64.000 GB, comm_cost=0.000)
result[(7, 9, 0, 0), 1] = ModuleProfileResult(compute_cost=195.139, peak_memory=34.316 GB, invar_size=30.754 GB, outvar_size=10.220 GB, temp_buffer_size=3.469 GB, available_memory=64.000 GB, comm_cost=0.000)
result[(7, 9, 0, 1), 0] = ModuleProfileResult(compute_cost=182.521, peak_memory=31.832 GB, invar_size=10.220 GB, outvar_size=20.628 GB, temp_buffer_size=0.984 GB, available_memory=64.000 GB, comm_cost=0.000)
result[(7, 9, 0, 1), 1] = ModuleProfileResult(compute_cost=195.139, peak_memory=34.316 GB, invar_size=30.754 GB, outvar_size=10.220 GB, temp_buffer_size=3.469 GB, available_memory=64.000 GB, comm_cost=0.000)
result[(7, 10, 0, 0), 0] = ModuleProfileResult(compute_cost=243.362, peak_memory=42.192 GB, invar_size=13.595 GB, outvar_size=27.472 GB, temp_buffer_size=1.125 GB, available_memory=64.000 GB, comm_cost=0.000)
result[(7, 10, 0, 0), 1] = ModuleProfileResult(compute_cost=260.185, peak_memory=45.380 GB, invar_size=40.973 GB, outvar_size=13.595 GB, temp_buffer_size=4.313 GB, available_memory=64.000 GB, comm_cost=0.000)
result[(7, 10, 0, 1), 0] = ModuleProfileResult(compute_cost=243.362, peak_memory=42.192 GB, invar_size=13.595 GB, outvar_size=27.472 GB, temp_buffer_size=1.125 GB, available_memory=64.000 GB, comm_cost=0.000)
result[(7, 10, 0, 1), 1] = ModuleProfileResult(compute_cost=260.185, peak_memory=45.380 GB, invar_size=40.973 GB, outvar_size=13.595 GB, temp_buffer_size=4.313 GB, available_memory=64.000 GB, comm_cost=0.000)
result[(7, 11, 0, 0), 0] = ModuleProfileResult(compute_cost=261.549, peak_memory=49.603 GB, invar_size=16.995 GB, outvar_size=32.560 GB, temp_buffer_size=0.047 GB, available_memory=64.000 GB, comm_cost=0.000)
result[(7, 11, 0, 0), 1] = ModuleProfileResult(compute_cost=293.332, peak_memory=54.389 GB, invar_size=49.462 GB, outvar_size=16.995 GB, temp_buffer_size=4.833 GB, available_memory=64.000 GB, comm_cost=0.000)
result[(7, 11, 0, 1), 0] = ModuleProfileResult(compute_cost=261.549, peak_memory=49.603 GB, invar_size=16.995 GB, outvar_size=32.560 GB, temp_buffer_size=0.047 GB, available_memory=64.000 GB, comm_cost=0.000)
result[(7, 11, 0, 1), 1] = ModuleProfileResult(compute_cost=293.332, peak_memory=54.389 GB, invar_size=49.462 GB, outvar_size=16.995 GB, temp_buffer_size=4.833 GB, available_memory=64.000 GB, comm_cost=0.000)
result[(8, 8, 0, 0), 0] = ModuleProfileResult(compute_cost=60.840, peak_memory=11.298 GB, invar_size=3.469 GB, outvar_size=6.938 GB, temp_buffer_size=0.891 GB, available_memory=64.000 GB, comm_cost=0.000)
result[(8, 8, 0, 0), 1] = ModuleProfileResult(compute_cost=65.046, peak_memory=11.908 GB, invar_size=10.314 GB, outvar_size=3.469 GB, temp_buffer_size=1.501 GB, available_memory=64.000 GB, comm_cost=0.000)
result[(8, 8, 0, 1), 0] = ModuleProfileResult(compute_cost=60.840, peak_memory=11.298 GB, invar_size=3.469 GB, outvar_size=6.938 GB, temp_buffer_size=0.891 GB, available_memory=64.000 GB, comm_cost=0.000)
result[(8, 8, 0, 1), 1] = ModuleProfileResult(compute_cost=65.046, peak_memory=11.908 GB, invar_size=10.314 GB, outvar_size=3.469 GB, temp_buffer_size=1.501 GB, available_memory=64.000 GB, comm_cost=0.000)
result[(8, 9, 0, 0), 0] = ModuleProfileResult(compute_cost=121.681, peak_memory=21.612 GB, invar_size=6.844 GB, outvar_size=13.783 GB, temp_buffer_size=0.984 GB, available_memory=64.000 GB, comm_cost=0.000)
result[(8, 9, 0, 0), 1] = ModuleProfileResult(compute_cost=130.092, peak_memory=23.065 GB, invar_size=20.534 GB, outvar_size=6.844 GB, temp_buffer_size=2.438 GB, available_memory=64.000 GB, comm_cost=0.000)
result[(8, 9, 0, 1), 0] = ModuleProfileResult(compute_cost=121.681, peak_memory=21.612 GB, invar_size=6.844 GB, outvar_size=13.783 GB, temp_buffer_size=0.984 GB, available_memory=64.000 GB, comm_cost=0.000)
result[(8, 9, 0, 1), 1] = ModuleProfileResult(compute_cost=130.092, peak_memory=23.065 GB, invar_size=20.534 GB, outvar_size=6.844 GB, temp_buffer_size=2.438 GB, available_memory=64.000 GB, comm_cost=0.000)
result[(8, 10, 0, 0), 0] = ModuleProfileResult(compute_cost=182.521, peak_memory=31.832 GB, invar_size=10.220 GB, outvar_size=20.628 GB, temp_buffer_size=0.984 GB, available_memory=64.000 GB, comm_cost=0.000)
result[(8, 10, 0, 0), 1] = ModuleProfileResult(compute_cost=195.139, peak_memory=34.316 GB, invar_size=30.754 GB, outvar_size=10.220 GB, temp_buffer_size=3.469 GB, available_memory=64.000 GB, comm_cost=0.000)
result[(8, 10, 0, 1), 0] = ModuleProfileResult(compute_cost=182.521, peak_memory=31.832 GB, invar_size=10.220 GB, outvar_size=20.628 GB, temp_buffer_size=0.984 GB, available_memory=64.000 GB, comm_cost=0.000)
result[(8, 10, 0, 1), 1] = ModuleProfileResult(compute_cost=195.139, peak_memory=34.316 GB, invar_size=30.754 GB, outvar_size=10.220 GB, temp_buffer_size=3.469 GB, available_memory=64.000 GB, comm_cost=0.000)
result[(8, 11, 0, 0), 0] = ModuleProfileResult(compute_cost=200.708, peak_memory=39.383 GB, invar_size=13.620 GB, outvar_size=25.716 GB, temp_buffer_size=0.047 GB, available_memory=64.000 GB, comm_cost=0.000)
result[(8, 11, 0, 0), 1] = ModuleProfileResult(compute_cost=228.286, peak_memory=43.559 GB, invar_size=39.242 GB, outvar_size=13.620 GB, temp_buffer_size=4.224 GB, available_memory=64.000 GB, comm_cost=0.000)
result[(8, 11, 0, 1), 0] = ModuleProfileResult(compute_cost=200.708, peak_memory=39.383 GB, invar_size=13.620 GB, outvar_size=25.716 GB, temp_buffer_size=0.047 GB, available_memory=64.000 GB, comm_cost=0.000)
result[(8, 11, 0, 1), 1] = ModuleProfileResult(compute_cost=228.286, peak_memory=43.559 GB, invar_size=39.242 GB, outvar_size=13.620 GB, temp_buffer_size=4.224 GB, available_memory=64.000 GB, comm_cost=0.000)
result[(9, 9, 0, 0), 0] = ModuleProfileResult(compute_cost=60.840, peak_memory=11.298 GB, invar_size=3.469 GB, outvar_size=6.938 GB, temp_buffer_size=0.891 GB, available_memory=64.000 GB, comm_cost=0.000)
result[(9, 9, 0, 0), 1] = ModuleProfileResult(compute_cost=65.046, peak_memory=11.908 GB, invar_size=10.314 GB, outvar_size=3.469 GB, temp_buffer_size=1.501 GB, available_memory=64.000 GB, comm_cost=0.000)
result[(9, 9, 0, 1), 0] = ModuleProfileResult(compute_cost=60.840, peak_memory=11.298 GB, invar_size=3.469 GB, outvar_size=6.938 GB, temp_buffer_size=0.891 GB, available_memory=64.000 GB, comm_cost=0.000)
result[(9, 9, 0, 1), 1] = ModuleProfileResult(compute_cost=65.046, peak_memory=11.908 GB, invar_size=10.314 GB, outvar_size=3.469 GB, temp_buffer_size=1.501 GB, available_memory=64.000 GB, comm_cost=0.000)
result[(9, 10, 0, 0), 0] = ModuleProfileResult(compute_cost=121.681, peak_memory=21.612 GB, invar_size=6.844 GB, outvar_size=13.783 GB, temp_buffer_size=0.984 GB, available_memory=64.000 GB, comm_cost=0.000)
result[(9, 10, 0, 0), 1] = ModuleProfileResult(compute_cost=130.092, peak_memory=23.065 GB, invar_size=20.534 GB, outvar_size=6.844 GB, temp_buffer_size=2.438 GB, available_memory=64.000 GB, comm_cost=0.000)
result[(9, 10, 0, 1), 0] = ModuleProfileResult(compute_cost=121.681, peak_memory=21.612 GB, invar_size=6.844 GB, outvar_size=13.783 GB, temp_buffer_size=0.984 GB, available_memory=64.000 GB, comm_cost=0.000)
result[(9, 10, 0, 1), 1] = ModuleProfileResult(compute_cost=130.092, peak_memory=23.065 GB, invar_size=20.534 GB, outvar_size=6.844 GB, temp_buffer_size=2.438 GB, available_memory=64.000 GB, comm_cost=0.000)
result[(9, 11, 0, 0), 0] = ModuleProfileResult(compute_cost=139.868, peak_memory=29.163 GB, invar_size=10.245 GB, outvar_size=18.871 GB, temp_buffer_size=0.047 GB, available_memory=64.000 GB, comm_cost=0.000)
result[(9, 11, 0, 0), 1] = ModuleProfileResult(compute_cost=163.239, peak_memory=32.542 GB, invar_size=29.022 GB, outvar_size=10.245 GB, temp_buffer_size=3.426 GB, available_memory=64.000 GB, comm_cost=0.000)
result[(9, 11, 0, 1), 0] = ModuleProfileResult(compute_cost=139.868, peak_memory=29.163 GB, invar_size=10.245 GB, outvar_size=18.871 GB, temp_buffer_size=0.047 GB, available_memory=64.000 GB, comm_cost=0.000)
result[(9, 11, 0, 1), 1] = ModuleProfileResult(compute_cost=163.239, peak_memory=32.542 GB, invar_size=29.022 GB, outvar_size=10.245 GB, temp_buffer_size=3.426 GB, available_memory=64.000 GB, comm_cost=0.000)
result[(10, 10, 0, 0), 0] = ModuleProfileResult(compute_cost=60.840, peak_memory=11.298 GB, invar_size=3.469 GB, outvar_size=6.938 GB, temp_buffer_size=0.891 GB, available_memory=64.000 GB, comm_cost=0.000)
result[(10, 10, 0, 0), 1] = ModuleProfileResult(compute_cost=65.046, peak_memory=11.908 GB, invar_size=10.314 GB, outvar_size=3.469 GB, temp_buffer_size=1.501 GB, available_memory=64.000 GB, comm_cost=0.000)
result[(10, 10, 0, 1), 0] = ModuleProfileResult(compute_cost=60.840, peak_memory=11.298 GB, invar_size=3.469 GB, outvar_size=6.938 GB, temp_buffer_size=0.891 GB, available_memory=64.000 GB, comm_cost=0.000)
result[(10, 10, 0, 1), 1] = ModuleProfileResult(compute_cost=65.046, peak_memory=11.908 GB, invar_size=10.314 GB, outvar_size=3.469 GB, temp_buffer_size=1.501 GB, available_memory=64.000 GB, comm_cost=0.000)
result[(10, 11, 0, 0), 0] = ModuleProfileResult(compute_cost=79.028, peak_memory=18.943 GB, invar_size=6.870 GB, outvar_size=12.026 GB, temp_buffer_size=0.047 GB, available_memory=64.000 GB, comm_cost=0.000)
result[(10, 11, 0, 0), 1] = ModuleProfileResult(compute_cost=98.193, peak_memory=21.432 GB, invar_size=18.802 GB, outvar_size=6.870 GB, temp_buffer_size=2.536 GB, available_memory=64.000 GB, comm_cost=0.000)
result[(10, 11, 0, 1), 0] = ModuleProfileResult(compute_cost=79.028, peak_memory=18.943 GB, invar_size=6.870 GB, outvar_size=12.026 GB, temp_buffer_size=0.047 GB, available_memory=64.000 GB, comm_cost=0.000)
result[(10, 11, 0, 1), 1] = ModuleProfileResult(compute_cost=98.193, peak_memory=21.432 GB, invar_size=18.802 GB, outvar_size=6.870 GB, temp_buffer_size=2.536 GB, available_memory=64.000 GB, comm_cost=0.000)
result[(11, 11, 0, 0), 0] = ModuleProfileResult(compute_cost=18.187, peak_memory=8.676 GB, invar_size=3.494 GB, outvar_size=5.182 GB, temp_buffer_size=0.000 GB, available_memory=64.000 GB, comm_cost=0.000)
result[(11, 11, 0, 0), 1] = ModuleProfileResult(compute_cost=33.147, peak_memory=10.082 GB, invar_size=8.582 GB, outvar_size=3.494 GB, temp_buffer_size=1.406 GB, available_memory=64.000 GB, comm_cost=0.000)
result[(11, 11, 0, 1), 0] = ModuleProfileResult(compute_cost=18.187, peak_memory=8.676 GB, invar_size=3.494 GB, outvar_size=5.182 GB, temp_buffer_size=0.000 GB, available_memory=64.000 GB, comm_cost=0.000)
result[(11, 11, 0, 1), 1] = ModuleProfileResult(compute_cost=33.147, peak_memory=10.082 GB, invar_size=8.582 GB, outvar_size=3.494 GB, temp_buffer_size=1.406 GB, available_memory=64.000 GB, comm_cost=0.000)
Profiling for submesh 0 (1, 1) takes 889.68 seconds
--------------------------------------------------
Profile result saved to: profile-results-2026-02-22-18-20-46.npy
----------------------------------------------------------------------
Best solution cost: 12431066.424072266
Result forward_stage_layer_ids: [[0], [1], [2, 3, 4, 5, 6], [7, 8, 9], [10, 11]]
Result mesh_shapes: [(1, 2), (1, 1), (1, 8), (1, 4), (1, 1)]
Result logical_mesh_shapes: [(1, 2), (1, 1), (8, 1), (4, 1), (1, 1)]
Result autosharding_option_dicts: [{'force_batch_dim_to_mesh_dim': 0}, {'force_batch_dim_to_mesh_dim': 0}, {}, {}, {'force_batch_dim_to_mesh_dim': 0}]
Running alpa takes 2819.33 seconds
--------------------------------------------------
Training step completed.
