2026-02-21 09:48:03,479	INFO worker.py:1352 -- Connecting to existing Ray cluster at address: 172.27.149.210:6379...
2026-02-21 09:48:04,984	INFO worker.py:1538 -- Connected to Ray cluster.
Running with: num_nodes=1, total_devices=8, num_layers=12, num_microbatch=4096
Compiling and running parallelized training step...
-------------------- Automatic stage clustering --------------------
submesh_choices: ((1, 1), (1, 2), (1, 4), (1, 8))
- Profiling for submesh 3 (1, 8):
- Generate all stage infos (Jaxpr -> HLO)
- Compile all stages, get estimations
num of workers:2
[2m[36m(CompileWorker pid=3507763)[0m compiled for stage:0 name: stage_0_11_acc_grad_0 module id: 0
[2m[36m(CompileWorker pid=3507763)[0m  tensor (Large latency) dimensions: (1, 2048, 12288, 50257, 1, 1, 1, 1, 1, 1, 0, 0, 'CONV', 1, 1, 0, 0),  latency: 722.1379657142858
[2m[36m(CompileWorker pid=3507762)[0m compiled for stage:1 name: stage_0_11_acc_grad_0 module id: 0
[2m[36m(CompileWorker pid=3507763)[0m  tensor (Large latency) dimensions: (1, 2048, 36864, 36864, 1, 1, 1, 1, 1, 1, 0, 0, 'CONV', 1, 1, 0, 0),  latency: 241.54697142857142
[2m[36m(CompileWorker pid=3507762)[0m  tensor (Large latency) dimensions: (1, 2048, 12288, 50257, 1, 1, 1, 1, 1, 1, 0, 0, 'CONV', 1, 1, 0, 0),  latency: 722.1379657142858
[2m[36m(CompileWorker pid=3507763)[0m  tensor (Large latency) dimensions: (1, 2048, 12288, 12288, 1, 1, 1, 1, 1, 1, 0, 0, 'CONV', 1, 1, 0, 0),  latency: 26.58889142857143
[2m[36m(CompileWorker pid=3507763)[0m  tensor (Large latency) dimensions: (1, 2048, 6144, 6144, 1, 1, 1, 1, 1, 1, 0, 0, 'CONV', 1, 1, 0, 0),  latency: 6.5536
[2m[36m(CompileWorker pid=3507762)[0m  tensor (Large latency) dimensions: (1, 2048, 36864, 36864, 1, 1, 1, 1, 1, 1, 0, 0, 'CONV', 1, 1, 0, 0),  latency: 241.54697142857142
[2m[36m(CompileWorker pid=3507763)[0m  tensor (Large latency) dimensions: (1, 2048, 12288, 12288, 1, 1, 1, 1, 1, 1, 0, 0, 'CONV', 1, 1, 0, 0),  latency: 26.58889142857143
[2m[36m(CompileWorker pid=3507763)[0m compiled for stage:0 name: stage_0_11_acc_grad_1 module id: 1
[2m[36m(CompileWorker pid=3507762)[0m  tensor (Large latency) dimensions: (1, 2048, 12288, 12288, 1, 1, 1, 1, 1, 1, 0, 0, 'CONV', 1, 1, 0, 0),  latency: 26.58889142857143
[2m[36m(CompileWorker pid=3507763)[0m  tensor (Large latency) dimensions: (1, 12288, 50257, 50257, 1, 1, 1, 1, 1, 1, 0, 0, 'CONV', 1, 1, 0, 0),  latency: 31918.00680860119
[2m[36m(CompileWorker pid=3507762)[0m  tensor (Large latency) dimensions: (1, 2048, 6144, 6144, 1, 1, 1, 1, 1, 1, 0, 0, 'CONV', 1, 1, 0, 0),  latency: 6.5536
[2m[36m(CompileWorker pid=3507763)[0m  tensor (Large latency) dimensions: (1, 2048, 12288, 12288, 1, 1, 1, 1, 1, 1, 0, 0, 'CONV', 1, 1, 0, 0),  latency: 26.58889142857143
[2m[36m(CompileWorker pid=3507762)[0m  tensor (Large latency) dimensions: (1, 2048, 12288, 12288, 1, 1, 1, 1, 1, 1, 0, 0, 'CONV', 1, 1, 0, 0),  latency: 26.58889142857143
[2m[36m(CompileWorker pid=3507762)[0m compiled for stage:1 name: stage_0_11_acc_grad_1 module id: 1
[2m[36m(CompileWorker pid=3507762)[0m  tensor (Large latency) dimensions: (1, 12288, 50257, 50257, 1, 1, 1, 1, 1, 1, 0, 0, 'CONV', 1, 1, 0, 0),  latency: 31918.00680860119
[2m[36m(CompileWorker pid=3507763)[0m  tensor (Large latency) dimensions: (1, 6144, 12288, 12288, 1, 1, 1, 1, 1, 1, 0, 0, 'CONV', 1, 1, 0, 0),  latency: 79.76667428571429
[2m[36m(CompileWorker pid=3507762)[0m  tensor (Large latency) dimensions: (1, 2048, 12288, 12288, 1, 1, 1, 1, 1, 1, 0, 0, 'CONV', 1, 1, 0, 0),  latency: 26.58889142857143
[2m[36m(CompileWorker pid=3507762)[0m  tensor (Large latency) dimensions: (1, 6144, 12288, 12288, 1, 1, 1, 1, 1, 1, 0, 0, 'CONV', 1, 1, 0, 0),  latency: 79.76667428571429
[2m[36m(CompileWorker pid=3507763)[0m  tensor (Large latency) dimensions: (1, 12288, 6144, 6144, 1, 1, 1, 1, 1, 1, 0, 0, 'CONV', 1, 1, 0, 0),  latency: 39.3216
[2m[36m(CompileWorker pid=3507763)[0m  tensor (Large latency) dimensions: (1, 1536, 12288, 12288, 1, 1, 1, 1, 1, 1, 0, 0, 'CONV', 1, 1, 0, 0),  latency: 19.941668571428572
[2m[36m(CompileWorker pid=3507762)[0m  tensor (Large latency) dimensions: (1, 12288, 6144, 6144, 1, 1, 1, 1, 1, 1, 0, 0, 'CONV', 1, 1, 0, 0),  latency: 39.3216
[2m[36m(CompileWorker pid=3507762)[0m  tensor (Large latency) dimensions: (1, 1536, 12288, 12288, 1, 1, 1, 1, 1, 1, 0, 0, 'CONV', 1, 1, 0, 0),  latency: 19.941668571428572
[2m[36m(CompileWorker pid=3507763)[0m  tensor (Large latency) dimensions: (1, 12288, 4608, 4608, 1, 1, 1, 1, 1, 1, 0, 0, 'CONV', 1, 1, 0, 0),  latency: 21.90774857142857
[2m[36m(CompileWorker pid=3507763)[0m  tensor (Large latency) dimensions: (1, 2048, 12288, 12288, 1, 1, 1, 1, 1, 1, 0, 0, 'CONV', 1, 1, 0, 0),  latency: 26.58889142857143
[2m[36m(CompileWorker pid=3507763)[0m  tensor (Large latency) dimensions: (1, 256, 12288, 12288, 1, 1, 1, 1, 1, 1, 0, 0, 'CONV', 1, 1, 0, 0),  latency: 5.0088228571428575
[2m[36m(CompileWorker pid=3507762)[0m  tensor (Large latency) dimensions: (1, 12288, 4608, 4608, 1, 1, 1, 1, 1, 1, 0, 0, 'CONV', 1, 1, 0, 0),  latency: 21.90774857142857
[2m[36m(CompileWorker pid=3507763)[0m  tensor (Large latency) dimensions: (1, 50257, 12288, 12288, 1, 1, 1, 1, 1, 1, 0, 0, 'CONV', 1, 1, 0, 0),  latency: 4325.884891428572
[2m[36m(CompileWorker pid=3507762)[0m  tensor (Large latency) dimensions: (1, 2048, 12288, 12288, 1, 1, 1, 1, 1, 1, 0, 0, 'CONV', 1, 1, 0, 0),  latency: 26.58889142857143
[2m[36m(CompileWorker pid=3507762)[0m  tensor (Large latency) dimensions: (1, 256, 12288, 12288, 1, 1, 1, 1, 1, 1, 0, 0, 'CONV', 1, 1, 0, 0),  latency: 5.0088228571428575
[2m[36m(CompileWorker pid=3507762)[0m  tensor (Large latency) dimensions: (1, 50257, 12288, 12288, 1, 1, 1, 1, 1, 1, 0, 0, 'CONV', 1, 1, 0, 0),  latency: 4325.884891428572
- parse estimation results for all stages
Using pre computed peak Mem for (0, 11, 3, 0), module 0
result[(0, 11, 3, 0), 0] = ModuleProfileResult(compute_cost=4446.210, peak_memory=25.200 GB, invar_size=6.221 GB, outvar_size=19.401 GB, temp_buffer_size=-0.422 GB, available_memory=64.000 GB, comm_cost=3.141)
Using pre computed peak Mem for (0, 11, 3, 0), module 1
result[(0, 11, 3, 0), 1] = ModuleProfileResult(compute_cost=39006.930, peak_memory=29.400 GB, invar_size=26.772 GB, outvar_size=7.372 GB, temp_buffer_size=2.628 GB, available_memory=64.000 GB, comm_cost=3.324)
Using pre computed peak Mem for (0, 11, 3, 1), module 0
result[(0, 11, 3, 1), 0] = ModuleProfileResult(compute_cost=4446.210, peak_memory=25.200 GB, invar_size=6.221 GB, outvar_size=19.360 GB, temp_buffer_size=-0.381 GB, available_memory=64.000 GB, comm_cost=3.141)
Using pre computed peak Mem for (0, 11, 3, 1), module 1
result[(0, 11, 3, 1), 1] = ModuleProfileResult(compute_cost=39006.344, peak_memory=29.400 GB, invar_size=26.731 GB, outvar_size=7.372 GB, temp_buffer_size=2.669 GB, available_memory=64.000 GB, comm_cost=2.726)
Profiling for submesh 3 (1, 8) takes 151.78 seconds
--------------------------------------------------
- Profiling for submesh 2 (1, 4):
- Generate all stage infos (Jaxpr -> HLO)
- Compile all stages, get estimations
num of workers:12
[2m[36m(CompileWorker pid=3512822)[0m compiled for stage:0 name: stage_0_0_acc_grad_0 module id: 0
[2m[36m(CompileWorker pid=3512821)[0m compiled for stage:1 name: stage_0_0_acc_grad_0 module id: 0
[2m[36m(CompileWorker pid=3512820)[0m compiled for stage:2 name: stage_0_1_acc_grad_0 module id: 0
[2m[36m(CompileWorker pid=3512819)[0m compiled for stage:3 name: stage_0_1_acc_grad_0 module id: 0
[2m[36m(CompileWorker pid=3512818)[0m compiled for stage:4 name: stage_0_2_acc_grad_0 module id: 0
[2m[36m(CompileWorker pid=3512816)[0m compiled for stage:6 name: stage_0_3_acc_grad_0 module id: 0
[2m[36m(CompileWorker pid=3512820)[0m  tensor (Large latency) dimensions: (1, 2048, 12288, 50257, 1, 1, 1, 1, 1, 1, 0, 0, 'CONV', 1, 1, 0, 0),  latency: 722.1379657142858
[2m[36m(CompileWorker pid=3512819)[0m  tensor (Large latency) dimensions: (1, 2048, 12288, 50257, 1, 1, 1, 1, 1, 1, 0, 0, 'CONV', 1, 1, 0, 0),  latency: 722.1379657142858
[2m[36m(CompileWorker pid=3512821)[0m  tensor (Large latency) dimensions: (1, 2048, 12288, 50257, 1, 1, 1, 1, 1, 1, 0, 0, 'CONV', 1, 1, 0, 0),  latency: 722.1379657142858
[2m[36m(CompileWorker pid=3512822)[0m  tensor (Large latency) dimensions: (1, 2048, 12288, 50257, 1, 1, 1, 1, 1, 1, 0, 0, 'CONV', 1, 1, 0, 0),  latency: 722.1379657142858
[2m[36m(CompileWorker pid=3512814)[0m compiled for stage:8 name: stage_0_4_acc_grad_0 module id: 0
[2m[36m(CompileWorker pid=3512818)[0m  tensor (Large latency) dimensions: (1, 2048, 12288, 50257, 1, 1, 1, 1, 1, 1, 0, 0, 'CONV', 1, 1, 0, 0),  latency: 722.1379657142858
[2m[36m(CompileWorker pid=3512817)[0m compiled for stage:5 name: stage_0_2_acc_grad_0 module id: 0
[2m[36m(CompileWorker pid=3512816)[0m  tensor (Large latency) dimensions: (1, 2048, 12288, 50257, 1, 1, 1, 1, 1, 1, 0, 0, 'CONV', 1, 1, 0, 0),  latency: 722.1379657142858
[2m[36m(CompileWorker pid=3512813)[0m compiled for stage:9 name: stage_0_4_acc_grad_0 module id: 0
[2m[36m(CompileWorker pid=3512815)[0m compiled for stage:7 name: stage_0_3_acc_grad_0 module id: 0
[2m[36m(CompileWorker pid=3512812)[0m compiled for stage:10 name: stage_0_5_acc_grad_0 module id: 0
[2m[36m(CompileWorker pid=3512814)[0m  tensor (Large latency) dimensions: (1, 2048, 12288, 50257, 1, 1, 1, 1, 1, 1, 0, 0, 'CONV', 1, 1, 0, 0),  latency: 722.1379657142858
[2m[36m(CompileWorker pid=3512817)[0m  tensor (Large latency) dimensions: (1, 2048, 12288, 50257, 1, 1, 1, 1, 1, 1, 0, 0, 'CONV', 1, 1, 0, 0),  latency: 722.1379657142858
[2m[36m(CompileWorker pid=3512813)[0m  tensor (Large latency) dimensions: (1, 2048, 12288, 50257, 1, 1, 1, 1, 1, 1, 0, 0, 'CONV', 1, 1, 0, 0),  latency: 722.1379657142858
[2m[36m(CompileWorker pid=3512815)[0m  tensor (Large latency) dimensions: (1, 2048, 12288, 50257, 1, 1, 1, 1, 1, 1, 0, 0, 'CONV', 1, 1, 0, 0),  latency: 722.1379657142858
[2m[36m(CompileWorker pid=3512812)[0m  tensor (Large latency) dimensions: (1, 2048, 12288, 50257, 1, 1, 1, 1, 1, 1, 0, 0, 'CONV', 1, 1, 0, 0),  latency: 722.1379657142858
[2m[36m(CompileWorker pid=3512820)[0m  tensor (Large latency) dimensions: (1, 2048, 36864, 36864, 1, 1, 1, 1, 1, 1, 0, 0, 'CONV', 1, 1, 0, 0),  latency: 241.54697142857142
[2m[36m(CompileWorker pid=3512811)[0m compiled for stage:11 name: stage_0_5_acc_grad_0 module id: 0
[2m[36m(CompileWorker pid=3512822)[0m  tensor (Large latency) dimensions: (1, 2048, 36864, 36864, 1, 1, 1, 1, 1, 1, 0, 0, 'CONV', 1, 1, 0, 0),  latency: 241.54697142857142
[2m[36m(CompileWorker pid=3512819)[0m  tensor (Large latency) dimensions: (1, 2048, 36864, 36864, 1, 1, 1, 1, 1, 1, 0, 0, 'CONV', 1, 1, 0, 0),  latency: 241.54697142857142
[2m[36m(CompileWorker pid=3512821)[0m  tensor (Large latency) dimensions: (1, 2048, 36864, 36864, 1, 1, 1, 1, 1, 1, 0, 0, 'CONV', 1, 1, 0, 0),  latency: 241.54697142857142
[2m[36m(CompileWorker pid=3512811)[0m  tensor (Large latency) dimensions: (1, 2048, 12288, 50257, 1, 1, 1, 1, 1, 1, 0, 0, 'CONV', 1, 1, 0, 0),  latency: 722.1379657142858
[2m[36m(CompileWorker pid=3512818)[0m  tensor (Large latency) dimensions: (1, 2048, 36864, 36864, 1, 1, 1, 1, 1, 1, 0, 0, 'CONV', 1, 1, 0, 0),  latency: 241.54697142857142
[2m[36m(CompileWorker pid=3512816)[0m  tensor (Large latency) dimensions: (1, 2048, 36864, 36864, 1, 1, 1, 1, 1, 1, 0, 0, 'CONV', 1, 1, 0, 0),  latency: 241.54697142857142
[2m[36m(CompileWorker pid=3512819)[0m  tensor (Large latency) dimensions: (1, 2048, 12288, 12288, 1, 1, 1, 1, 1, 1, 0, 0, 'CONV', 1, 1, 0, 0),  latency: 26.58889142857143
[2m[36m(CompileWorker pid=3512820)[0m  tensor (Large latency) dimensions: (1, 2048, 12288, 12288, 1, 1, 1, 1, 1, 1, 0, 0, 'CONV', 1, 1, 0, 0),  latency: 26.58889142857143
[2m[36m(CompileWorker pid=3512814)[0m  tensor (Large latency) dimensions: (1, 2048, 36864, 36864, 1, 1, 1, 1, 1, 1, 0, 0, 'CONV', 1, 1, 0, 0),  latency: 241.54697142857142
[2m[36m(CompileWorker pid=3512821)[0m  tensor (Large latency) dimensions: (1, 2048, 12288, 12288, 1, 1, 1, 1, 1, 1, 0, 0, 'CONV', 1, 1, 0, 0),  latency: 26.58889142857143
[2m[36m(CompileWorker pid=3512822)[0m  tensor (Large latency) dimensions: (1, 2048, 12288, 12288, 1, 1, 1, 1, 1, 1, 0, 0, 'CONV', 1, 1, 0, 0),  latency: 26.58889142857143
[2m[36m(CompileWorker pid=3512817)[0m  tensor (Large latency) dimensions: (1, 2048, 36864, 36864, 1, 1, 1, 1, 1, 1, 0, 0, 'CONV', 1, 1, 0, 0),  latency: 241.54697142857142
[2m[36m(CompileWorker pid=3512813)[0m  tensor (Large latency) dimensions: (1, 512, 36864, 36864, 1, 1, 1, 1, 1, 1, 0, 0, 'CONV', 1, 1, 0, 0),  latency: 60.386742857142856
[2m[36m(CompileWorker pid=3512815)[0m  tensor (Large latency) dimensions: (1, 2048, 36864, 36864, 1, 1, 1, 1, 1, 1, 0, 0, 'CONV', 1, 1, 0, 0),  latency: 241.54697142857142
[2m[36m(CompileWorker pid=3512821)[0m  tensor (Large latency) dimensions: (1, 2048, 12288, 12288, 1, 1, 1, 1, 1, 1, 0, 0, 'CONV', 1, 1, 0, 0),  latency: 26.58889142857143
[2m[36m(CompileWorker pid=3512821)[0m compiled for stage:1 name: stage_0_0_acc_grad_1 module id: 1
[2m[36m(CompileWorker pid=3512822)[0m  tensor (Large latency) dimensions: (1, 2048, 12288, 12288, 1, 1, 1, 1, 1, 1, 0, 0, 'CONV', 1, 1, 0, 0),  latency: 26.58889142857143
[2m[36m(CompileWorker pid=3512822)[0m compiled for stage:0 name: stage_0_0_acc_grad_1 module id: 1
[2m[36m(CompileWorker pid=3512818)[0m  tensor (Large latency) dimensions: (1, 2048, 12288, 12288, 1, 1, 1, 1, 1, 1, 0, 0, 'CONV', 1, 1, 0, 0),  latency: 26.58889142857143
[2m[36m(CompileWorker pid=3512820)[0m  tensor (Large latency) dimensions: (1, 2048, 12288, 12288, 1, 1, 1, 1, 1, 1, 0, 0, 'CONV', 1, 1, 0, 0),  latency: 26.58889142857143
[2m[36m(CompileWorker pid=3512819)[0m  tensor (Large latency) dimensions: (1, 2048, 12288, 12288, 1, 1, 1, 1, 1, 1, 0, 0, 'CONV', 1, 1, 0, 0),  latency: 26.58889142857143
[2m[36m(CompileWorker pid=3512819)[0m compiled for stage:3 name: stage_0_1_acc_grad_1 module id: 1
[2m[36m(CompileWorker pid=3512820)[0m compiled for stage:2 name: stage_0_1_acc_grad_1 module id: 1
[2m[36m(CompileWorker pid=3512812)[0m  tensor (Large latency) dimensions: (1, 2048, 36864, 36864, 1, 1, 1, 1, 1, 1, 0, 0, 'CONV', 1, 1, 0, 0),  latency: 241.54697142857142
[2m[36m(CompileWorker pid=3512816)[0m  tensor (Large latency) dimensions: (1, 2048, 12288, 12288, 1, 1, 1, 1, 1, 1, 0, 0, 'CONV', 1, 1, 0, 0),  latency: 26.58889142857143
[2m[36m(CompileWorker pid=3512814)[0m  tensor (Large latency) dimensions: (1, 2048, 12288, 12288, 1, 1, 1, 1, 1, 1, 0, 0, 'CONV', 1, 1, 0, 0),  latency: 26.58889142857143
[2m[36m(CompileWorker pid=3512817)[0m  tensor (Large latency) dimensions: (1, 2048, 12288, 12288, 1, 1, 1, 1, 1, 1, 0, 0, 'CONV', 1, 1, 0, 0),  latency: 26.58889142857143
[2m[36m(CompileWorker pid=3512818)[0m  tensor (Large latency) dimensions: (1, 2048, 12288, 12288, 1, 1, 1, 1, 1, 1, 0, 0, 'CONV', 1, 1, 0, 0),  latency: 26.58889142857143
[2m[36m(CompileWorker pid=3512818)[0m compiled for stage:4 name: stage_0_2_acc_grad_1 module id: 1
[2m[36m(CompileWorker pid=3512813)[0m  tensor (Large latency) dimensions: (1, 2048, 12288, 12288, 1, 1, 1, 1, 1, 1, 0, 0, 'CONV', 1, 1, 0, 0),  latency: 26.58889142857143
[2m[36m(CompileWorker pid=3512816)[0m  tensor (Large latency) dimensions: (1, 2048, 12288, 12288, 1, 1, 1, 1, 1, 1, 0, 0, 'CONV', 1, 1, 0, 0),  latency: 26.58889142857143
[2m[36m(CompileWorker pid=3512816)[0m compiled for stage:6 name: stage_0_3_acc_grad_1 module id: 1
[2m[36m(CompileWorker pid=3512815)[0m  tensor (Large latency) dimensions: (1, 2048, 12288, 12288, 1, 1, 1, 1, 1, 1, 0, 0, 'CONV', 1, 1, 0, 0),  latency: 26.58889142857143
[2m[36m(CompileWorker pid=3512812)[0m  tensor (Large latency) dimensions: (1, 2048, 12288, 12288, 1, 1, 1, 1, 1, 1, 0, 0, 'CONV', 1, 1, 0, 0),  latency: 26.58889142857143
[2m[36m(CompileWorker pid=3512811)[0m  tensor (Large latency) dimensions: (1, 2048, 36864, 36864, 1, 1, 1, 1, 1, 1, 0, 0, 'CONV', 1, 1, 0, 0),  latency: 241.54697142857142
[2m[36m(CompileWorker pid=3512814)[0m  tensor (Large latency) dimensions: (1, 2048, 12288, 12288, 1, 1, 1, 1, 1, 1, 0, 0, 'CONV', 1, 1, 0, 0),  latency: 26.58889142857143
[2m[36m(CompileWorker pid=3512814)[0m compiled for stage:8 name: stage_0_4_acc_grad_1 module id: 1
[2m[36m(CompileWorker pid=3512813)[0m  tensor (Large latency) dimensions: (1, 2048, 12288, 12288, 1, 1, 1, 1, 1, 1, 0, 0, 'CONV', 1, 1, 0, 0),  latency: 26.58889142857143
[2m[36m(CompileWorker pid=3512817)[0m  tensor (Large latency) dimensions: (1, 2048, 12288, 12288, 1, 1, 1, 1, 1, 1, 0, 0, 'CONV', 1, 1, 0, 0),  latency: 26.58889142857143
[2m[36m(CompileWorker pid=3512817)[0m compiled for stage:5 name: stage_0_2_acc_grad_1 module id: 1
[2m[36m(CompileWorker pid=3512815)[0m  tensor (Large latency) dimensions: (1, 2048, 12288, 12288, 1, 1, 1, 1, 1, 1, 0, 0, 'CONV', 1, 1, 0, 0),  latency: 26.58889142857143
[2m[36m(CompileWorker pid=3512815)[0m compiled for stage:7 name: stage_0_3_acc_grad_1 module id: 1
[2m[36m(CompileWorker pid=3512821)[0m  tensor (Large latency) dimensions: (1, 12288, 12288, 12288, 1, 1, 1, 1, 1, 1, 0, 0, 'CONV', 1, 1, 0, 0),  latency: 159.53334857142858
[2m[36m(CompileWorker pid=3512818)[0m  tensor (Large latency) dimensions: (1, 3072, 12288, 12288, 1, 1, 1, 1, 1, 1, 0, 0, 'CONV', 1, 1, 0, 0),  latency: 39.883337142857144
[2m[36m(CompileWorker pid=3512812)[0m  tensor (Large latency) dimensions: (1, 2048, 12288, 12288, 1, 1, 1, 1, 1, 1, 0, 0, 'CONV', 1, 1, 0, 0),  latency: 26.58889142857143
[2m[36m(CompileWorker pid=3512822)[0m  tensor (Large latency) dimensions: (1, 12288, 12288, 12288, 1, 1, 1, 1, 1, 1, 0, 0, 'CONV', 1, 1, 0, 0),  latency: 159.53334857142858
[2m[36m(CompileWorker pid=3512812)[0m compiled for stage:10 name: stage_0_5_acc_grad_1 module id: 1
[2m[36m(CompileWorker pid=3512819)[0m  tensor (Large latency) dimensions: (1, 12288, 12288, 12288, 1, 1, 1, 1, 1, 1, 0, 0, 'CONV', 1, 1, 0, 0),  latency: 159.53334857142858
[2m[36m(CompileWorker pid=3512820)[0m  tensor (Large latency) dimensions: (1, 12288, 12288, 12288, 1, 1, 1, 1, 1, 1, 0, 0, 'CONV', 1, 1, 0, 0),  latency: 159.53334857142858
[2m[36m(CompileWorker pid=3512816)[0m  tensor (Large latency) dimensions: (1, 3072, 12288, 12288, 1, 1, 1, 1, 1, 1, 0, 0, 'CONV', 1, 1, 0, 0),  latency: 39.883337142857144
[2m[36m(CompileWorker pid=3512813)[0m  tensor (Large latency) dimensions: (1, 2048, 36864, 36864, 1, 1, 1, 1, 1, 1, 0, 0, 'CONV', 1, 1, 0, 0),  latency: 241.54697142857142
[2m[36m(CompileWorker pid=3512813)[0m compiled for stage:9 name: stage_0_4_acc_grad_1 module id: 1
[2m[36m(CompileWorker pid=3512818)[0m  tensor (Large latency) dimensions: (1, 2048, 3072, 3072, 1, 1, 1, 1, 1, 1, 0, 0, 'CONV', 1, 1, 0, 0),  latency: 1.5915885714285714
[2m[36m(CompileWorker pid=3512811)[0m  tensor (Large latency) dimensions: (1, 2048, 12288, 12288, 1, 1, 1, 1, 1, 1, 0, 0, 'CONV', 1, 1, 0, 0),  latency: 26.58889142857143
[2m[36m(CompileWorker pid=3512816)[0m  tensor (Large latency) dimensions: (1, 2048, 3072, 3072, 1, 1, 1, 1, 1, 1, 0, 0, 'CONV', 1, 1, 0, 0),  latency: 1.5915885714285714
[2m[36m(CompileWorker pid=3512817)[0m  tensor (Large latency) dimensions: (1, 3072, 12288, 12288, 1, 1, 1, 1, 1, 1, 0, 0, 'CONV', 1, 1, 0, 0),  latency: 39.883337142857144
[2m[36m(CompileWorker pid=3512815)[0m  tensor (Large latency) dimensions: (1, 3072, 12288, 12288, 1, 1, 1, 1, 1, 1, 0, 0, 'CONV', 1, 1, 0, 0),  latency: 39.883337142857144
[2m[36m(CompileWorker pid=3512814)[0m  tensor (Large latency) dimensions: (1, 3072, 12288, 12288, 1, 1, 1, 1, 1, 1, 0, 0, 'CONV', 1, 1, 0, 0),  latency: 39.883337142857144
[2m[36m(CompileWorker pid=3512821)[0m  tensor (Large latency) dimensions: (1, 3072, 12288, 12288, 1, 1, 1, 1, 1, 1, 0, 0, 'CONV', 1, 1, 0, 0),  latency: 39.883337142857144
[2m[36m(CompileWorker pid=3512820)[0m  tensor (Large latency) dimensions: (1, 3072, 12288, 12288, 1, 1, 1, 1, 1, 1, 0, 0, 'CONV', 1, 1, 0, 0),  latency: 39.883337142857144
[2m[36m(CompileWorker pid=3512822)[0m  tensor (Large latency) dimensions: (1, 3072, 12288, 12288, 1, 1, 1, 1, 1, 1, 0, 0, 'CONV', 1, 1, 0, 0),  latency: 39.883337142857144
[2m[36m(CompileWorker pid=3512819)[0m  tensor (Large latency) dimensions: (1, 3072, 12288, 12288, 1, 1, 1, 1, 1, 1, 0, 0, 'CONV', 1, 1, 0, 0),  latency: 39.883337142857144
[2m[36m(CompileWorker pid=3512811)[0m  tensor (Large latency) dimensions: (1, 2048, 12288, 12288, 1, 1, 1, 1, 1, 1, 0, 0, 'CONV', 1, 1, 0, 0),  latency: 26.58889142857143
[2m[36m(CompileWorker pid=3512812)[0m  tensor (Large latency) dimensions: (1, 3072, 12288, 12288, 1, 1, 1, 1, 1, 1, 0, 0, 'CONV', 1, 1, 0, 0),  latency: 39.883337142857144
[2m[36m(CompileWorker pid=3512817)[0m  tensor (Large latency) dimensions: (1, 2048, 3072, 3072, 1, 1, 1, 1, 1, 1, 0, 0, 'CONV', 1, 1, 0, 0),  latency: 1.5915885714285714
[2m[36m(CompileWorker pid=3512821)[0m  tensor (Large latency) dimensions: (1, 2048, 3072, 3072, 1, 1, 1, 1, 1, 1, 0, 0, 'CONV', 1, 1, 0, 0),  latency: 1.5915885714285714
[2m[36m(CompileWorker pid=3512819)[0m  tensor (Large latency) dimensions: (1, 2048, 3072, 3072, 1, 1, 1, 1, 1, 1, 0, 0, 'CONV', 1, 1, 0, 0),  latency: 1.5915885714285714
[2m[36m(CompileWorker pid=3512815)[0m  tensor (Large latency) dimensions: (1, 2048, 3072, 3072, 1, 1, 1, 1, 1, 1, 0, 0, 'CONV', 1, 1, 0, 0),  latency: 1.5915885714285714
[2m[36m(CompileWorker pid=3512822)[0m  tensor (Large latency) dimensions: (1, 2048, 3072, 3072, 1, 1, 1, 1, 1, 1, 0, 0, 'CONV', 1, 1, 0, 0),  latency: 1.5915885714285714
[2m[36m(CompileWorker pid=3512820)[0m  tensor (Large latency) dimensions: (1, 2048, 3072, 3072, 1, 1, 1, 1, 1, 1, 0, 0, 'CONV', 1, 1, 0, 0),  latency: 1.5915885714285714
[2m[36m(CompileWorker pid=3512813)[0m  tensor (Large latency) dimensions: (1, 3072, 12288, 12288, 1, 1, 1, 1, 1, 1, 0, 0, 'CONV', 1, 1, 0, 0),  latency: 39.883337142857144
[2m[36m(CompileWorker pid=3512814)[0m  tensor (Large latency) dimensions: (1, 2048, 3072, 3072, 1, 1, 1, 1, 1, 1, 0, 0, 'CONV', 1, 1, 0, 0),  latency: 1.5915885714285714
[2m[36m(CompileWorker pid=3512812)[0m  tensor (Large latency) dimensions: (1, 2048, 3072, 3072, 1, 1, 1, 1, 1, 1, 0, 0, 'CONV', 1, 1, 0, 0),  latency: 1.5915885714285714
[2m[36m(CompileWorker pid=3512811)[0m  tensor (Large latency) dimensions: (1, 512, 12288, 12288, 1, 1, 1, 1, 1, 1, 0, 0, 'CONV', 1, 1, 0, 0),  latency: 6.647222857142857
[2m[36m(CompileWorker pid=3512811)[0m compiled for stage:11 name: stage_0_5_acc_grad_1 module id: 1
[2m[36m(CompileWorker pid=3512813)[0m  tensor (Large latency) dimensions: (1, 2048, 3072, 3072, 1, 1, 1, 1, 1, 1, 0, 0, 'CONV', 1, 1, 0, 0),  latency: 1.5915885714285714
[2m[36m(CompileWorker pid=3512818)[0m  tensor (Large latency) dimensions: (1, 12288, 9216, 9216, 1, 1, 1, 1, 1, 1, 0, 0, 'CONV', 1, 1, 0, 0),  latency: 89.31620571428572
[2m[36m(CompileWorker pid=3512816)[0m  tensor (Large latency) dimensions: (1, 12288, 9216, 9216, 1, 1, 1, 1, 1, 1, 0, 0, 'CONV', 1, 1, 0, 0),  latency: 89.31620571428572
[2m[36m(CompileWorker pid=3512818)[0m  tensor (Large latency) dimensions: (1, 2048, 12288, 12288, 1, 1, 1, 1, 1, 1, 0, 0, 'CONV', 1, 1, 0, 0),  latency: 26.58889142857143
[2m[36m(CompileWorker pid=3512816)[0m  tensor (Large latency) dimensions: (1, 2048, 12288, 12288, 1, 1, 1, 1, 1, 1, 0, 0, 'CONV', 1, 1, 0, 0),  latency: 26.58889142857143
[2m[36m(CompileWorker pid=3512819)[0m  tensor (Large latency) dimensions: (1, 12288, 9216, 9216, 1, 1, 1, 1, 1, 1, 0, 0, 'CONV', 1, 1, 0, 0),  latency: 89.31620571428572
[2m[36m(CompileWorker pid=3512822)[0m  tensor (Large latency) dimensions: (1, 12288, 9216, 9216, 1, 1, 1, 1, 1, 1, 0, 0, 'CONV', 1, 1, 0, 0),  latency: 89.31620571428572
[2m[36m(CompileWorker pid=3512821)[0m  tensor (Large latency) dimensions: (1, 12288, 9216, 9216, 1, 1, 1, 1, 1, 1, 0, 0, 'CONV', 1, 1, 0, 0),  latency: 89.31620571428572
[2m[36m(CompileWorker pid=3512817)[0m  tensor (Large latency) dimensions: (1, 12288, 9216, 9216, 1, 1, 1, 1, 1, 1, 0, 0, 'CONV', 1, 1, 0, 0),  latency: 89.31620571428572
[2m[36m(CompileWorker pid=3512820)[0m  tensor (Large latency) dimensions: (1, 12288, 9216, 9216, 1, 1, 1, 1, 1, 1, 0, 0, 'CONV', 1, 1, 0, 0),  latency: 89.31620571428572
[2m[36m(CompileWorker pid=3512815)[0m  tensor (Large latency) dimensions: (1, 12288, 9216, 9216, 1, 1, 1, 1, 1, 1, 0, 0, 'CONV', 1, 1, 0, 0),  latency: 89.31620571428572
[2m[36m(CompileWorker pid=3512814)[0m  tensor (Large latency) dimensions: (1, 12288, 9216, 9216, 1, 1, 1, 1, 1, 1, 0, 0, 'CONV', 1, 1, 0, 0),  latency: 89.31620571428572
[2m[36m(CompileWorker pid=3512819)[0m  tensor (Large latency) dimensions: (1, 2048, 12288, 12288, 1, 1, 1, 1, 1, 1, 0, 0, 'CONV', 1, 1, 0, 0),  latency: 26.58889142857143
[2m[36m(CompileWorker pid=3512817)[0m  tensor (Large latency) dimensions: (1, 2048, 12288, 12288, 1, 1, 1, 1, 1, 1, 0, 0, 'CONV', 1, 1, 0, 0),  latency: 26.58889142857143
[2m[36m(CompileWorker pid=3512822)[0m  tensor (Large latency) dimensions: (1, 2048, 12288, 12288, 1, 1, 1, 1, 1, 1, 0, 0, 'CONV', 1, 1, 0, 0),  latency: 26.58889142857143
[2m[36m(CompileWorker pid=3512821)[0m  tensor (Large latency) dimensions: (1, 2048, 12288, 12288, 1, 1, 1, 1, 1, 1, 0, 0, 'CONV', 1, 1, 0, 0),  latency: 26.58889142857143
[2m[36m(CompileWorker pid=3512812)[0m  tensor (Large latency) dimensions: (1, 12288, 9216, 9216, 1, 1, 1, 1, 1, 1, 0, 0, 'CONV', 1, 1, 0, 0),  latency: 89.31620571428572
[2m[36m(CompileWorker pid=3512820)[0m  tensor (Large latency) dimensions: (1, 2048, 12288, 12288, 1, 1, 1, 1, 1, 1, 0, 0, 'CONV', 1, 1, 0, 0),  latency: 26.58889142857143
[2m[36m(CompileWorker pid=3512815)[0m  tensor (Large latency) dimensions: (1, 2048, 12288, 12288, 1, 1, 1, 1, 1, 1, 0, 0, 'CONV', 1, 1, 0, 0),  latency: 26.58889142857143
[2m[36m(CompileWorker pid=3512813)[0m  tensor (Large latency) dimensions: (1, 12288, 36864, 36864, 1, 1, 1, 1, 1, 1, 0, 0, 'CONV', 1, 1, 0, 0),  latency: 1449.2818285714286
[2m[36m(CompileWorker pid=3512814)[0m  tensor (Large latency) dimensions: (1, 2048, 12288, 12288, 1, 1, 1, 1, 1, 1, 0, 0, 'CONV', 1, 1, 0, 0),  latency: 26.58889142857143
[2m[36m(CompileWorker pid=3512819)[0m  tensor (Large latency) dimensions: (1, 512, 12288, 12288, 1, 1, 1, 1, 1, 1, 0, 0, 'CONV', 1, 1, 0, 0),  latency: 6.647222857142857
[2m[36m(CompileWorker pid=3512811)[0m  tensor (Large latency) dimensions: (1, 12288, 12288, 12288, 1, 1, 1, 1, 1, 1, 0, 0, 'CONV', 1, 1, 0, 0),  latency: 159.53334857142858
[2m[36m(CompileWorker pid=3512821)[0m  tensor (Large latency) dimensions: (1, 512, 12288, 12288, 1, 1, 1, 1, 1, 1, 0, 0, 'CONV', 1, 1, 0, 0),  latency: 6.647222857142857
[2m[36m(CompileWorker pid=3512822)[0m  tensor (Large latency) dimensions: (1, 512, 12288, 12288, 1, 1, 1, 1, 1, 1, 0, 0, 'CONV', 1, 1, 0, 0),  latency: 6.647222857142857
[2m[36m(CompileWorker pid=3512820)[0m  tensor (Large latency) dimensions: (1, 512, 12288, 12288, 1, 1, 1, 1, 1, 1, 0, 0, 'CONV', 1, 1, 0, 0),  latency: 6.647222857142857
[2m[36m(CompileWorker pid=3512818)[0m  tensor (Large latency) dimensions: (1, 12288, 12288, 12288, 1, 1, 1, 1, 1, 1, 0, 0, 'CONV', 1, 1, 0, 0),  latency: 159.53334857142858
[2m[36m(CompileWorker pid=3512813)[0m  tensor (Large latency) dimensions: (1, 2048, 12288, 12288, 1, 1, 1, 1, 1, 1, 0, 0, 'CONV', 1, 1, 0, 0),  latency: 26.58889142857143
[2m[36m(CompileWorker pid=3512812)[0m  tensor (Large latency) dimensions: (1, 2048, 12288, 12288, 1, 1, 1, 1, 1, 1, 0, 0, 'CONV', 1, 1, 0, 0),  latency: 26.58889142857143
[2m[36m(CompileWorker pid=3512811)[0m  tensor (Large latency) dimensions: (1, 2048, 3072, 3072, 1, 1, 1, 1, 1, 1, 0, 0, 'CONV', 1, 1, 0, 0),  latency: 1.5915885714285714
[2m[36m(CompileWorker pid=3512816)[0m  tensor (Large latency) dimensions: (1, 12288, 12288, 12288, 1, 1, 1, 1, 1, 1, 0, 0, 'CONV', 1, 1, 0, 0),  latency: 159.53334857142858
[2m[36m(CompileWorker pid=3512819)[0m  tensor (Large latency) dimensions: (1, 50257, 12288, 12288, 1, 1, 1, 1, 1, 1, 0, 0, 'CONV', 1, 1, 0, 0),  latency: 4325.884891428572
[2m[36m(CompileWorker pid=3512818)[0m  tensor (Large latency) dimensions: (1, 512, 12288, 12288, 1, 1, 1, 1, 1, 1, 0, 0, 'CONV', 1, 1, 0, 0),  latency: 6.647222857142857
[2m[36m(CompileWorker pid=3512821)[0m  tensor (Large latency) dimensions: (1, 50257, 12288, 12288, 1, 1, 1, 1, 1, 1, 0, 0, 'CONV', 1, 1, 0, 0),  latency: 4325.884891428572
[2m[36m(CompileWorker pid=3512822)[0m  tensor (Large latency) dimensions: (1, 50257, 12288, 12288, 1, 1, 1, 1, 1, 1, 0, 0, 'CONV', 1, 1, 0, 0),  latency: 4325.884891428572
[2m[36m(CompileWorker pid=3512820)[0m  tensor (Large latency) dimensions: (1, 50257, 12288, 12288, 1, 1, 1, 1, 1, 1, 0, 0, 'CONV', 1, 1, 0, 0),  latency: 4325.884891428572
[2m[36m(CompileWorker pid=3512816)[0m  tensor (Large latency) dimensions: (1, 512, 12288, 12288, 1, 1, 1, 1, 1, 1, 0, 0, 'CONV', 1, 1, 0, 0),  latency: 6.647222857142857
[2m[36m(CompileWorker pid=3512817)[0m  tensor (Large latency) dimensions: (1, 12288, 12288, 12288, 1, 1, 1, 1, 1, 1, 0, 0, 'CONV', 1, 1, 0, 0),  latency: 159.53334857142858
[2m[36m(CompileWorker pid=3512818)[0m  tensor (Large latency) dimensions: (1, 50257, 12288, 12288, 1, 1, 1, 1, 1, 1, 0, 0, 'CONV', 1, 1, 0, 0),  latency: 4325.884891428572
[2m[36m(CompileWorker pid=3512815)[0m  tensor (Large latency) dimensions: (1, 12288, 12288, 12288, 1, 1, 1, 1, 1, 1, 0, 0, 'CONV', 1, 1, 0, 0),  latency: 159.53334857142858
[2m[36m(CompileWorker pid=3512814)[0m  tensor (Large latency) dimensions: (1, 12288, 12288, 12288, 1, 1, 1, 1, 1, 1, 0, 0, 'CONV', 1, 1, 0, 0),  latency: 159.53334857142858
[2m[36m(CompileWorker pid=3512816)[0m  tensor (Large latency) dimensions: (1, 50257, 12288, 12288, 1, 1, 1, 1, 1, 1, 0, 0, 'CONV', 1, 1, 0, 0),  latency: 4325.884891428572
[2m[36m(CompileWorker pid=3512817)[0m  tensor (Large latency) dimensions: (1, 512, 12288, 12288, 1, 1, 1, 1, 1, 1, 0, 0, 'CONV', 1, 1, 0, 0),  latency: 6.647222857142857
[2m[36m(CompileWorker pid=3512815)[0m  tensor (Large latency) dimensions: (1, 512, 12288, 12288, 1, 1, 1, 1, 1, 1, 0, 0, 'CONV', 1, 1, 0, 0),  latency: 6.647222857142857
[2m[36m(CompileWorker pid=3512813)[0m  tensor (Large latency) dimensions: (1, 12288, 12288, 12288, 1, 1, 1, 1, 1, 1, 0, 0, 'CONV', 1, 1, 0, 0),  latency: 159.53334857142858
[2m[36m(CompileWorker pid=3512814)[0m  tensor (Large latency) dimensions: (1, 512, 12288, 12288, 1, 1, 1, 1, 1, 1, 0, 0, 'CONV', 1, 1, 0, 0),  latency: 6.647222857142857
[2m[36m(CompileWorker pid=3512811)[0m  tensor (Large latency) dimensions: (1, 12288, 9216, 9216, 1, 1, 1, 1, 1, 1, 0, 0, 'CONV', 1, 1, 0, 0),  latency: 89.31620571428572
[2m[36m(CompileWorker pid=3512812)[0m  tensor (Large latency) dimensions: (1, 12288, 12288, 12288, 1, 1, 1, 1, 1, 1, 0, 0, 'CONV', 1, 1, 0, 0),  latency: 159.53334857142858
[2m[36m(CompileWorker pid=3512817)[0m  tensor (Large latency) dimensions: (1, 50257, 12288, 12288, 1, 1, 1, 1, 1, 1, 0, 0, 'CONV', 1, 1, 0, 0),  latency: 4325.884891428572
[2m[36m(CompileWorker pid=3512815)[0m  tensor (Large latency) dimensions: (1, 50257, 12288, 12288, 1, 1, 1, 1, 1, 1, 0, 0, 'CONV', 1, 1, 0, 0),  latency: 4325.884891428572
[2m[36m(CompileWorker pid=3512811)[0m  tensor (Large latency) dimensions: (1, 2048, 12288, 12288, 1, 1, 1, 1, 1, 1, 0, 0, 'CONV', 1, 1, 0, 0),  latency: 26.58889142857143
[2m[36m(CompileWorker pid=3512812)[0m  tensor (Large latency) dimensions: (1, 512, 12288, 12288, 1, 1, 1, 1, 1, 1, 0, 0, 'CONV', 1, 1, 0, 0),  latency: 6.647222857142857
[2m[36m(CompileWorker pid=3512814)[0m  tensor (Large latency) dimensions: (1, 50257, 12288, 12288, 1, 1, 1, 1, 1, 1, 0, 0, 'CONV', 1, 1, 0, 0),  latency: 4325.884891428572
[2m[36m(CompileWorker pid=3512821)[0m compiled for stage:12 name: stage_0_6_acc_grad_0 module id: 0
[2m[36m(CompileWorker pid=3512812)[0m  tensor (Large latency) dimensions: (1, 50257, 12288, 12288, 1, 1, 1, 1, 1, 1, 0, 0, 'CONV', 1, 1, 0, 0),  latency: 4325.884891428572
[2m[36m(CompileWorker pid=3512813)[0m  tensor (Large latency) dimensions: (1, 12288, 9216, 9216, 1, 1, 1, 1, 1, 1, 0, 0, 'CONV', 1, 1, 0, 0),  latency: 89.31620571428572
[2m[36m(CompileWorker pid=3512822)[0m compiled for stage:14 name: stage_0_7_acc_grad_0 module id: 0
[2m[36m(CompileWorker pid=3512821)[0m compiled for stage:12 name: stage_0_6_acc_grad_1 module id: 1
[2m[36m(CompileWorker pid=3512822)[0m compiled for stage:14 name: stage_0_7_acc_grad_1 module id: 1
[2m[36m(CompileWorker pid=3512813)[0m  tensor (Large latency) dimensions: (1, 2048, 12288, 12288, 1, 1, 1, 1, 1, 1, 0, 0, 'CONV', 1, 1, 0, 0),  latency: 26.58889142857143
[2m[36m(CompileWorker pid=3512819)[0m compiled for stage:13 name: stage_0_6_acc_grad_0 module id: 0
[2m[36m(CompileWorker pid=3512811)[0m  tensor (Large latency) dimensions: (1, 12288, 12288, 12288, 1, 1, 1, 1, 1, 1, 0, 0, 'CONV', 1, 1, 0, 0),  latency: 159.53334857142858
[2m[36m(CompileWorker pid=3512813)[0m  tensor (Large latency) dimensions: (1, 512, 12288, 12288, 1, 1, 1, 1, 1, 1, 0, 0, 'CONV', 1, 1, 0, 0),  latency: 6.647222857142857
[2m[36m(CompileWorker pid=3512819)[0m  tensor (Large latency) dimensions: (1, 512, 36864, 36864, 1, 1, 1, 1, 1, 1, 0, 0, 'CONV', 1, 1, 0, 0),  latency: 60.386742857142856
[2m[36m(CompileWorker pid=3512818)[0m compiled for stage:16 name: stage_0_8_acc_grad_0 module id: 0
[2m[36m(CompileWorker pid=3512818)[0m compiled for stage:16 name: stage_0_8_acc_grad_1 module id: 1
[2m[36m(CompileWorker pid=3512820)[0m compiled for stage:15 name: stage_0_7_acc_grad_0 module id: 0
[2m[36m(CompileWorker pid=3512820)[0m compiled for stage:15 name: stage_0_7_acc_grad_1 module id: 1
[2m[36m(CompileWorker pid=3512813)[0m  tensor (Large latency) dimensions: (1, 50257, 12288, 12288, 1, 1, 1, 1, 1, 1, 0, 0, 'CONV', 1, 1, 0, 0),  latency: 4325.884891428572
[2m[36m(CompileWorker pid=3512811)[0m  tensor (Large latency) dimensions: (1, 3072, 12288, 12288, 1, 1, 1, 1, 1, 1, 0, 0, 'CONV', 1, 1, 0, 0),  latency: 39.883337142857144
[2m[36m(CompileWorker pid=3512818)[0m compiled for stage:24 name: stage_1_1_acc_grad_0 module id: 0
[2m[36m(CompileWorker pid=3512817)[0m compiled for stage:18 name: stage_0_9_acc_grad_0 module id: 0
[2m[36m(CompileWorker pid=3512818)[0m compiled for stage:24 name: stage_1_1_acc_grad_1 module id: 1
[2m[36m(CompileWorker pid=3512817)[0m compiled for stage:18 name: stage_0_9_acc_grad_1 module id: 1
[2m[36m(CompileWorker pid=3512813)[0m compiled for stage:25 name: stage_1_1_acc_grad_0 module id: 0
[2m[36m(CompileWorker pid=3512819)[0m  tensor (Large latency) dimensions: (1, 512, 12288, 12288, 1, 1, 1, 1, 1, 1, 0, 0, 'CONV', 1, 1, 0, 0),  latency: 6.647222857142857
[2m[36m(CompileWorker pid=3512813)[0m compiled for stage:25 name: stage_1_1_acc_grad_1 module id: 1
[2m[36m(CompileWorker pid=3512819)[0m compiled for stage:13 name: stage_0_6_acc_grad_1 module id: 1
[2m[36m(CompileWorker pid=3512816)[0m compiled for stage:17 name: stage_0_8_acc_grad_0 module id: 0
[2m[36m(CompileWorker pid=3512811)[0m  tensor (Large latency) dimensions: (1, 512, 12288, 12288, 1, 1, 1, 1, 1, 1, 0, 0, 'CONV', 1, 1, 0, 0),  latency: 6.647222857142857
[2m[36m(CompileWorker pid=3512820)[0m compiled for stage:26 name: stage_1_2_acc_grad_0 module id: 0
[2m[36m(CompileWorker pid=3512816)[0m compiled for stage:17 name: stage_0_8_acc_grad_1 module id: 1
[2m[36m(CompileWorker pid=3512820)[0m compiled for stage:26 name: stage_1_2_acc_grad_1 module id: 1
[2m[36m(CompileWorker pid=3512818)[0m compiled for stage:27 name: stage_1_2_acc_grad_0 module id: 0
[2m[36m(CompileWorker pid=3512818)[0m compiled for stage:27 name: stage_1_2_acc_grad_1 module id: 1
[2m[36m(CompileWorker pid=3512811)[0m  tensor (Large latency) dimensions: (1, 50257, 12288, 12288, 1, 1, 1, 1, 1, 1, 0, 0, 'CONV', 1, 1, 0, 0),  latency: 4325.884891428572
[2m[36m(CompileWorker pid=3512813)[0m compiled for stage:28 name: stage_1_3_acc_grad_0 module id: 0
[2m[36m(CompileWorker pid=3512813)[0m compiled for stage:28 name: stage_1_3_acc_grad_1 module id: 1
[2m[36m(CompileWorker pid=3512817)[0m compiled for stage:29 name: stage_1_3_acc_grad_0 module id: 0
[2m[36m(CompileWorker pid=3512817)[0m compiled for stage:29 name: stage_1_3_acc_grad_1 module id: 1
[2m[36m(CompileWorker pid=3512820)[0m compiled for stage:30 name: stage_1_4_acc_grad_0 module id: 0
[2m[36m(CompileWorker pid=3512819)[0m  tensor (Large latency) dimensions: (1, 12288, 12288, 12288, 1, 1, 1, 1, 1, 1, 0, 0, 'CONV', 1, 1, 0, 0),  latency: 159.53334857142858
[2m[36m(CompileWorker pid=3512820)[0m compiled for stage:30 name: stage_1_4_acc_grad_1 module id: 1
[2m[36m(CompileWorker pid=3512818)[0m compiled for stage:32 name: stage_1_5_acc_grad_0 module id: 0
[2m[36m(CompileWorker pid=3512814)[0m compiled for stage:20 name: stage_0_10_acc_grad_0 module id: 0
[2m[36m(CompileWorker pid=3512818)[0m compiled for stage:32 name: stage_1_5_acc_grad_1 module id: 1
[2m[36m(CompileWorker pid=3512814)[0m compiled for stage:20 name: stage_0_10_acc_grad_1 module id: 1
[2m[36m(CompileWorker pid=3512815)[0m compiled for stage:19 name: stage_0_9_acc_grad_0 module id: 0
[2m[36m(CompileWorker pid=3512816)[0m compiled for stage:31 name: stage_1_4_acc_grad_0 module id: 0
[2m[36m(CompileWorker pid=3512816)[0m compiled for stage:31 name: stage_1_4_acc_grad_1 module id: 1
[2m[36m(CompileWorker pid=3512813)[0m compiled for stage:34 name: stage_1_6_acc_grad_0 module id: 0
[2m[36m(CompileWorker pid=3512811)[0m compiled for stage:33 name: stage_1_5_acc_grad_0 module id: 0
[2m[36m(CompileWorker pid=3512813)[0m compiled for stage:34 name: stage_1_6_acc_grad_1 module id: 1
[2m[36m(CompileWorker pid=3512815)[0m  tensor (Large latency) dimensions: (1, 512, 36864, 36864, 1, 1, 1, 1, 1, 1, 0, 0, 'CONV', 1, 1, 0, 0),  latency: 60.386742857142856
[2m[36m(CompileWorker pid=3512815)[0m compiled for stage:19 name: stage_0_9_acc_grad_1 module id: 1
[2m[36m(CompileWorker pid=3512821)[0m compiled for stage:22 name: stage_0_11_acc_grad_0 module id: 0
[2m[36m(CompileWorker pid=3512821)[0m compiled for stage:22 name: stage_0_11_acc_grad_1 module id: 1
[2m[36m(CompileWorker pid=3512811)[0m  tensor (Large latency) dimensions: (1, 512, 36864, 36864, 1, 1, 1, 1, 1, 1, 0, 0, 'CONV', 1, 1, 0, 0),  latency: 60.386742857142856
[2m[36m(CompileWorker pid=3512811)[0m compiled for stage:33 name: stage_1_5_acc_grad_1 module id: 1
[2m[36m(CompileWorker pid=3512819)[0m  tensor (Large latency) dimensions: (1, 12288, 36864, 36864, 1, 1, 1, 1, 1, 1, 0, 0, 'CONV', 1, 1, 0, 0),  latency: 1449.2818285714286
[2m[36m(CompileWorker pid=3512821)[0m  tensor (Large latency) dimensions: (1, 12288, 50257, 50257, 1, 1, 1, 1, 1, 1, 0, 0, 'CONV', 1, 1, 0, 0),  latency: 31918.00680860119
[2m[36m(CompileWorker pid=3512817)[0m compiled for stage:35 name: stage_1_6_acc_grad_0 module id: 0
[2m[36m(CompileWorker pid=3512817)[0m compiled for stage:35 name: stage_1_6_acc_grad_1 module id: 1
[2m[36m(CompileWorker pid=3512820)[0m compiled for stage:36 name: stage_1_7_acc_grad_0 module id: 0
[2m[36m(CompileWorker pid=3512819)[0m  tensor (Large latency) dimensions: (1, 2048, 12288, 12288, 1, 1, 1, 1, 1, 1, 0, 0, 'CONV', 1, 1, 0, 0),  latency: 26.58889142857143
[2m[36m(CompileWorker pid=3512820)[0m compiled for stage:36 name: stage_1_7_acc_grad_1 module id: 1
[2m[36m(CompileWorker pid=3512812)[0m compiled for stage:21 name: stage_0_10_acc_grad_0 module id: 0
[2m[36m(CompileWorker pid=3512812)[0m compiled for stage:21 name: stage_0_10_acc_grad_1 module id: 1
[2m[36m(CompileWorker pid=3512822)[0m compiled for stage:23 name: stage_0_11_acc_grad_0 module id: 0
[2m[36m(CompileWorker pid=3512821)[0m  tensor (Large latency) dimensions: (1, 2048, 12288, 12288, 1, 1, 1, 1, 1, 1, 0, 0, 'CONV', 1, 1, 0, 0),  latency: 26.58889142857143
[2m[36m(CompileWorker pid=3512811)[0m  tensor (Large latency) dimensions: (1, 12288, 36864, 36864, 1, 1, 1, 1, 1, 1, 0, 0, 'CONV', 1, 1, 0, 0),  latency: 1449.2818285714286
[2m[36m(CompileWorker pid=3512815)[0m  tensor (Large latency) dimensions: (1, 12288, 36864, 36864, 1, 1, 1, 1, 1, 1, 0, 0, 'CONV', 1, 1, 0, 0),  latency: 1449.2818285714286
[2m[36m(CompileWorker pid=3512822)[0m  tensor (Large latency) dimensions: (1, 512, 36864, 36864, 1, 1, 1, 1, 1, 1, 0, 0, 'CONV', 1, 1, 0, 0),  latency: 60.386742857142856
[2m[36m(CompileWorker pid=3512822)[0m compiled for stage:23 name: stage_0_11_acc_grad_1 module id: 1
[2m[36m(CompileWorker pid=3512811)[0m  tensor (Large latency) dimensions: (1, 2048, 12288, 12288, 1, 1, 1, 1, 1, 1, 0, 0, 'CONV', 1, 1, 0, 0),  latency: 26.58889142857143
[2m[36m(CompileWorker pid=3512814)[0m compiled for stage:38 name: stage_1_8_acc_grad_0 module id: 0
[2m[36m(CompileWorker pid=3512818)[0m compiled for stage:37 name: stage_1_7_acc_grad_0 module id: 0
[2m[36m(CompileWorker pid=3512815)[0m  tensor (Large latency) dimensions: (1, 2048, 12288, 12288, 1, 1, 1, 1, 1, 1, 0, 0, 'CONV', 1, 1, 0, 0),  latency: 26.58889142857143
[2m[36m(CompileWorker pid=3512822)[0m  tensor (Large latency) dimensions: (1, 12288, 50257, 50257, 1, 1, 1, 1, 1, 1, 0, 0, 'CONV', 1, 1, 0, 0),  latency: 31918.00680860119
[2m[36m(CompileWorker pid=3512818)[0m compiled for stage:37 name: stage_1_7_acc_grad_1 module id: 1
[2m[36m(CompileWorker pid=3512814)[0m compiled for stage:38 name: stage_1_8_acc_grad_1 module id: 1
[2m[36m(CompileWorker pid=3512816)[0m compiled for stage:39 name: stage_1_8_acc_grad_0 module id: 0
[2m[36m(CompileWorker pid=3512816)[0m compiled for stage:39 name: stage_1_8_acc_grad_1 module id: 1
[2m[36m(CompileWorker pid=3512811)[0m compiled for stage:46 name: stage_2_2_acc_grad_0 module id: 0
[2m[36m(CompileWorker pid=3512811)[0m compiled for stage:46 name: stage_2_2_acc_grad_1 module id: 1
[2m[36m(CompileWorker pid=3512815)[0m compiled for stage:47 name: stage_2_2_acc_grad_0 module id: 0
[2m[36m(CompileWorker pid=3512815)[0m compiled for stage:47 name: stage_2_2_acc_grad_1 module id: 1
[2m[36m(CompileWorker pid=3512822)[0m  tensor (Large latency) dimensions: (1, 2048, 12288, 12288, 1, 1, 1, 1, 1, 1, 0, 0, 'CONV', 1, 1, 0, 0),  latency: 26.58889142857143
[2m[36m(CompileWorker pid=3512818)[0m compiled for stage:48 name: stage_2_3_acc_grad_0 module id: 0
[2m[36m(CompileWorker pid=3512818)[0m compiled for stage:48 name: stage_2_3_acc_grad_1 module id: 1
[2m[36m(CompileWorker pid=3512814)[0m compiled for stage:49 name: stage_2_3_acc_grad_0 module id: 0
[2m[36m(CompileWorker pid=3512814)[0m compiled for stage:49 name: stage_2_3_acc_grad_1 module id: 1
[2m[36m(CompileWorker pid=3512813)[0m compiled for stage:40 name: stage_1_9_acc_grad_0 module id: 0
[2m[36m(CompileWorker pid=3512811)[0m compiled for stage:50 name: stage_2_4_acc_grad_0 module id: 0
[2m[36m(CompileWorker pid=3512811)[0m compiled for stage:50 name: stage_2_4_acc_grad_1 module id: 1
[2m[36m(CompileWorker pid=3512817)[0m compiled for stage:42 name: stage_1_10_acc_grad_0 module id: 0
[2m[36m(CompileWorker pid=3512816)[0m compiled for stage:51 name: stage_2_4_acc_grad_0 module id: 0
[2m[36m(CompileWorker pid=3512817)[0m compiled for stage:42 name: stage_1_10_acc_grad_1 module id: 1
[2m[36m(CompileWorker pid=3512816)[0m compiled for stage:51 name: stage_2_4_acc_grad_1 module id: 1
[2m[36m(CompileWorker pid=3512813)[0m  tensor (Large latency) dimensions: (1, 512, 12288, 12288, 1, 1, 1, 1, 1, 1, 0, 0, 'CONV', 1, 1, 0, 0),  latency: 6.647222857142857
[2m[36m(CompileWorker pid=3512813)[0m compiled for stage:40 name: stage_1_9_acc_grad_1 module id: 1
[2m[36m(CompileWorker pid=3512815)[0m compiled for stage:52 name: stage_2_5_acc_grad_0 module id: 0
[2m[36m(CompileWorker pid=3512815)[0m compiled for stage:52 name: stage_2_5_acc_grad_1 module id: 1
[2m[36m(CompileWorker pid=3512819)[0m compiled for stage:41 name: stage_1_9_acc_grad_0 module id: 0
[2m[36m(CompileWorker pid=3512818)[0m compiled for stage:53 name: stage_2_5_acc_grad_0 module id: 0
[2m[36m(CompileWorker pid=3512818)[0m compiled for stage:53 name: stage_2_5_acc_grad_1 module id: 1
[2m[36m(CompileWorker pid=3512819)[0m compiled for stage:41 name: stage_1_9_acc_grad_1 module id: 1
[2m[36m(CompileWorker pid=3512811)[0m compiled for stage:54 name: stage_2_6_acc_grad_0 module id: 0
[2m[36m(CompileWorker pid=3512811)[0m compiled for stage:54 name: stage_2_6_acc_grad_1 module id: 1
[2m[36m(CompileWorker pid=3512822)[0m  tensor (Large latency) dimensions: (1, 12288, 36864, 36864, 1, 1, 1, 1, 1, 1, 0, 0, 'CONV', 1, 1, 0, 0),  latency: 1449.2818285714286
[2m[36m(CompileWorker pid=3512816)[0m compiled for stage:56 name: stage_2_7_acc_grad_0 module id: 0
[2m[36m(CompileWorker pid=3512816)[0m compiled for stage:56 name: stage_2_7_acc_grad_1 module id: 1
[2m[36m(CompileWorker pid=3512812)[0m compiled for stage:44 name: stage_1_11_acc_grad_0 module id: 0
[2m[36m(CompileWorker pid=3512814)[0m compiled for stage:55 name: stage_2_6_acc_grad_0 module id: 0
[2m[36m(CompileWorker pid=3512812)[0m compiled for stage:44 name: stage_1_11_acc_grad_1 module id: 1
[2m[36m(CompileWorker pid=3512814)[0m compiled for stage:55 name: stage_2_6_acc_grad_1 module id: 1
[2m[36m(CompileWorker pid=3512822)[0m  tensor (Large latency) dimensions: (1, 2048, 12288, 12288, 1, 1, 1, 1, 1, 1, 0, 0, 'CONV', 1, 1, 0, 0),  latency: 26.58889142857143
[2m[36m(CompileWorker pid=3512813)[0m  tensor (Large latency) dimensions: (1, 12288, 12288, 12288, 1, 1, 1, 1, 1, 1, 0, 0, 'CONV', 1, 1, 0, 0),  latency: 159.53334857142858
[2m[36m(CompileWorker pid=3512815)[0m compiled for stage:58 name: stage_2_8_acc_grad_0 module id: 0
[2m[36m(CompileWorker pid=3512820)[0m compiled for stage:43 name: stage_1_10_acc_grad_0 module id: 0
[2m[36m(CompileWorker pid=3512815)[0m compiled for stage:58 name: stage_2_8_acc_grad_1 module id: 1
[2m[36m(CompileWorker pid=3512820)[0m compiled for stage:43 name: stage_1_10_acc_grad_1 module id: 1
[2m[36m(CompileWorker pid=3512812)[0m  tensor (Large latency) dimensions: (1, 3072, 50257, 50257, 1, 1, 1, 1, 1, 1, 0, 0, 'CONV', 1, 1, 0, 0),  latency: 7998.294604300595
[2m[36m(CompileWorker pid=3512817)[0m compiled for stage:57 name: stage_2_7_acc_grad_0 module id: 0
[2m[36m(CompileWorker pid=3512815)[0m compiled for stage:66 name: stage_3_3_acc_grad_0 module id: 0
[2m[36m(CompileWorker pid=3512815)[0m compiled for stage:66 name: stage_3_3_acc_grad_1 module id: 1
[2m[36m(CompileWorker pid=3512817)[0m compiled for stage:57 name: stage_2_7_acc_grad_1 module id: 1
[2m[36m(CompileWorker pid=3512820)[0m compiled for stage:67 name: stage_3_3_acc_grad_0 module id: 0
[2m[36m(CompileWorker pid=3512820)[0m compiled for stage:67 name: stage_3_3_acc_grad_1 module id: 1
[2m[36m(CompileWorker pid=3512821)[0m compiled for stage:45 name: stage_1_11_acc_grad_0 module id: 0
[2m[36m(CompileWorker pid=3512812)[0m  tensor (Large latency) dimensions: (1, 2048, 12288, 12288, 1, 1, 1, 1, 1, 1, 0, 0, 'CONV', 1, 1, 0, 0),  latency: 26.58889142857143
[2m[36m(CompileWorker pid=3512815)[0m compiled for stage:68 name: stage_3_4_acc_grad_0 module id: 0
[2m[36m(CompileWorker pid=3512815)[0m compiled for stage:68 name: stage_3_4_acc_grad_1 module id: 1
[2m[36m(CompileWorker pid=3512821)[0m compiled for stage:45 name: stage_1_11_acc_grad_1 module id: 1
[2m[36m(CompileWorker pid=3512817)[0m compiled for stage:69 name: stage_3_4_acc_grad_0 module id: 0
[2m[36m(CompileWorker pid=3512819)[0m compiled for stage:60 name: stage_2_9_acc_grad_0 module id: 0
[2m[36m(CompileWorker pid=3512817)[0m compiled for stage:69 name: stage_3_4_acc_grad_1 module id: 1
[2m[36m(CompileWorker pid=3512819)[0m compiled for stage:60 name: stage_2_9_acc_grad_1 module id: 1
[2m[36m(CompileWorker pid=3512818)[0m compiled for stage:59 name: stage_2_8_acc_grad_0 module id: 0
[2m[36m(CompileWorker pid=3512818)[0m compiled for stage:59 name: stage_2_8_acc_grad_1 module id: 1
[2m[36m(CompileWorker pid=3512821)[0m  tensor (Large latency) dimensions: (1, 3072, 50257, 50257, 1, 1, 1, 1, 1, 1, 0, 0, 'CONV', 1, 1, 0, 0),  latency: 7998.294604300595
[2m[36m(CompileWorker pid=3512820)[0m compiled for stage:70 name: stage_3_5_acc_grad_0 module id: 0
[2m[36m(CompileWorker pid=3512820)[0m compiled for stage:70 name: stage_3_5_acc_grad_1 module id: 1
[2m[36m(CompileWorker pid=3512816)[0m compiled for stage:62 name: stage_2_10_acc_grad_0 module id: 0
[2m[36m(CompileWorker pid=3512812)[0m compiled for stage:71 name: stage_3_5_acc_grad_0 module id: 0
[2m[36m(CompileWorker pid=3512812)[0m compiled for stage:71 name: stage_3_5_acc_grad_1 module id: 1
[2m[36m(CompileWorker pid=3512815)[0m compiled for stage:72 name: stage_3_6_acc_grad_0 module id: 0
[2m[36m(CompileWorker pid=3512815)[0m compiled for stage:72 name: stage_3_6_acc_grad_1 module id: 1
[2m[36m(CompileWorker pid=3512816)[0m  tensor (Large latency) dimensions: (1, 512, 12288, 12288, 1, 1, 1, 1, 1, 1, 0, 0, 'CONV', 1, 1, 0, 0),  latency: 6.647222857142857
[2m[36m(CompileWorker pid=3512816)[0m compiled for stage:62 name: stage_2_10_acc_grad_1 module id: 1
[2m[36m(CompileWorker pid=3512811)[0m compiled for stage:61 name: stage_2_9_acc_grad_0 module id: 0
[2m[36m(CompileWorker pid=3512819)[0m compiled for stage:74 name: stage_3_7_acc_grad_0 module id: 0
[2m[36m(CompileWorker pid=3512819)[0m compiled for stage:74 name: stage_3_7_acc_grad_1 module id: 1
[2m[36m(CompileWorker pid=3512811)[0m compiled for stage:61 name: stage_2_9_acc_grad_1 module id: 1
[2m[36m(CompileWorker pid=3512817)[0m compiled for stage:73 name: stage_3_6_acc_grad_0 module id: 0
[2m[36m(CompileWorker pid=3512817)[0m compiled for stage:73 name: stage_3_6_acc_grad_1 module id: 1
[2m[36m(CompileWorker pid=3512821)[0m compiled for stage:75 name: stage_3_7_acc_grad_0 module id: 0
[2m[36m(CompileWorker pid=3512821)[0m compiled for stage:75 name: stage_3_7_acc_grad_1 module id: 1
[2m[36m(CompileWorker pid=3512818)[0m compiled for stage:76 name: stage_3_8_acc_grad_0 module id: 0
[2m[36m(CompileWorker pid=3512818)[0m compiled for stage:76 name: stage_3_8_acc_grad_1 module id: 1
[2m[36m(CompileWorker pid=3512822)[0m compiled for stage:64 name: stage_2_11_acc_grad_0 module id: 0
[2m[36m(CompileWorker pid=3512822)[0m compiled for stage:64 name: stage_2_11_acc_grad_1 module id: 1
[2m[36m(CompileWorker pid=3512818)[0m compiled for stage:84 name: stage_4_4_acc_grad_0 module id: 0
[2m[36m(CompileWorker pid=3512818)[0m compiled for stage:84 name: stage_4_4_acc_grad_1 module id: 1
[2m[36m(CompileWorker pid=3512815)[0m compiled for stage:79 name: stage_3_9_acc_grad_0 module id: 0
[2m[36m(CompileWorker pid=3512820)[0m compiled for stage:77 name: stage_3_8_acc_grad_0 module id: 0
[2m[36m(CompileWorker pid=3512820)[0m compiled for stage:77 name: stage_3_8_acc_grad_1 module id: 1
[2m[36m(CompileWorker pid=3512815)[0m compiled for stage:79 name: stage_3_9_acc_grad_1 module id: 1
[2m[36m(CompileWorker pid=3512812)[0m compiled for stage:78 name: stage_3_9_acc_grad_0 module id: 0
[2m[36m(CompileWorker pid=3512812)[0m compiled for stage:78 name: stage_3_9_acc_grad_1 module id: 1
[2m[36m(CompileWorker pid=3512818)[0m compiled for stage:85 name: stage_4_4_acc_grad_0 module id: 0
[2m[36m(CompileWorker pid=3512818)[0m compiled for stage:85 name: stage_4_4_acc_grad_1 module id: 1
[2m[36m(CompileWorker pid=3512822)[0m  tensor (Large latency) dimensions: (1, 3072, 50257, 50257, 1, 1, 1, 1, 1, 1, 0, 0, 'CONV', 1, 1, 0, 0),  latency: 7998.294604300595
[2m[36m(CompileWorker pid=3512814)[0m compiled for stage:63 name: stage_2_10_acc_grad_0 module id: 0
[2m[36m(CompileWorker pid=3512814)[0m compiled for stage:63 name: stage_2_10_acc_grad_1 module id: 1
[2m[36m(CompileWorker pid=3512813)[0m compiled for stage:65 name: stage_2_11_acc_grad_0 module id: 0
[2m[36m(CompileWorker pid=3512816)[0m  tensor (Large latency) dimensions: (1, 12288, 12288, 12288, 1, 1, 1, 1, 1, 1, 0, 0, 'CONV', 1, 1, 0, 0),  latency: 159.53334857142858
[2m[36m(CompileWorker pid=3512813)[0m compiled for stage:65 name: stage_2_11_acc_grad_1 module id: 1
[2m[36m(CompileWorker pid=3512820)[0m compiled for stage:86 name: stage_4_5_acc_grad_0 module id: 0
[2m[36m(CompileWorker pid=3512820)[0m compiled for stage:86 name: stage_4_5_acc_grad_1 module id: 1
[2m[36m(CompileWorker pid=3512815)[0m compiled for stage:87 name: stage_4_5_acc_grad_0 module id: 0
[2m[36m(CompileWorker pid=3512815)[0m compiled for stage:87 name: stage_4_5_acc_grad_1 module id: 1
[2m[36m(CompileWorker pid=3512818)[0m compiled for stage:88 name: stage_4_6_acc_grad_0 module id: 0
[2m[36m(CompileWorker pid=3512818)[0m compiled for stage:88 name: stage_4_6_acc_grad_1 module id: 1
[2m[36m(CompileWorker pid=3512813)[0m  tensor (Large latency) dimensions: (1, 3072, 50257, 50257, 1, 1, 1, 1, 1, 1, 0, 0, 'CONV', 1, 1, 0, 0),  latency: 7998.294604300595
[2m[36m(CompileWorker pid=3512812)[0m compiled for stage:89 name: stage_4_6_acc_grad_0 module id: 0
[2m[36m(CompileWorker pid=3512812)[0m compiled for stage:89 name: stage_4_6_acc_grad_1 module id: 1
[2m[36m(CompileWorker pid=3512822)[0m compiled for stage:90 name: stage_4_7_acc_grad_0 module id: 0
[2m[36m(CompileWorker pid=3512822)[0m compiled for stage:90 name: stage_4_7_acc_grad_1 module id: 1
[2m[36m(CompileWorker pid=3512814)[0m compiled for stage:92 name: stage_4_8_acc_grad_0 module id: 0
[2m[36m(CompileWorker pid=3512814)[0m compiled for stage:92 name: stage_4_8_acc_grad_1 module id: 1
[2m[36m(CompileWorker pid=3512813)[0m  tensor (Large latency) dimensions: (1, 2048, 12288, 12288, 1, 1, 1, 1, 1, 1, 0, 0, 'CONV', 1, 1, 0, 0),  latency: 26.58889142857143
[2m[36m(CompileWorker pid=3512816)[0m compiled for stage:91 name: stage_4_7_acc_grad_0 module id: 0
[2m[36m(CompileWorker pid=3512811)[0m compiled for stage:82 name: stage_3_11_acc_grad_0 module id: 0
[2m[36m(CompileWorker pid=3512816)[0m compiled for stage:91 name: stage_4_7_acc_grad_1 module id: 1
[2m[36m(CompileWorker pid=3512817)[0m compiled for stage:81 name: stage_3_10_acc_grad_0 module id: 0
[2m[36m(CompileWorker pid=3512811)[0m compiled for stage:82 name: stage_3_11_acc_grad_1 module id: 1
[2m[36m(CompileWorker pid=3512815)[0m compiled for stage:94 name: stage_4_9_acc_grad_0 module id: 0
[2m[36m(CompileWorker pid=3512819)[0m compiled for stage:80 name: stage_3_10_acc_grad_0 module id: 0
[2m[36m(CompileWorker pid=3512817)[0m compiled for stage:81 name: stage_3_10_acc_grad_1 module id: 1
[2m[36m(CompileWorker pid=3512815)[0m compiled for stage:94 name: stage_4_9_acc_grad_1 module id: 1
[2m[36m(CompileWorker pid=3512819)[0m compiled for stage:80 name: stage_3_10_acc_grad_1 module id: 1
[2m[36m(CompileWorker pid=3512816)[0m compiled for stage:100 name: stage_5_5_acc_grad_0 module id: 0
[2m[36m(CompileWorker pid=3512816)[0m compiled for stage:100 name: stage_5_5_acc_grad_1 module id: 1
[2m[36m(CompileWorker pid=3512811)[0m  tensor (Large latency) dimensions: (1, 3072, 50257, 50257, 1, 1, 1, 1, 1, 1, 0, 0, 'CONV', 1, 1, 0, 0),  latency: 7998.294604300595
[2m[36m(CompileWorker pid=3512812)[0m compiled for stage:96 name: stage_4_10_acc_grad_0 module id: 0
[2m[36m(CompileWorker pid=3512815)[0m compiled for stage:101 name: stage_5_5_acc_grad_0 module id: 0
[2m[36m(CompileWorker pid=3512815)[0m compiled for stage:101 name: stage_5_5_acc_grad_1 module id: 1
[2m[36m(CompileWorker pid=3512812)[0m compiled for stage:96 name: stage_4_10_acc_grad_1 module id: 1
[2m[36m(CompileWorker pid=3512820)[0m compiled for stage:93 name: stage_4_8_acc_grad_0 module id: 0
[2m[36m(CompileWorker pid=3512820)[0m compiled for stage:93 name: stage_4_8_acc_grad_1 module id: 1
[2m[36m(CompileWorker pid=3512817)[0m compiled for stage:102 name: stage_5_6_acc_grad_0 module id: 0
[2m[36m(CompileWorker pid=3512817)[0m compiled for stage:102 name: stage_5_6_acc_grad_1 module id: 1
[2m[36m(CompileWorker pid=3512811)[0m  tensor (Large latency) dimensions: (1, 2048, 12288, 12288, 1, 1, 1, 1, 1, 1, 0, 0, 'CONV', 1, 1, 0, 0),  latency: 26.58889142857143
[2m[36m(CompileWorker pid=3512819)[0m compiled for stage:104 name: stage_5_7_acc_grad_0 module id: 0
[2m[36m(CompileWorker pid=3512819)[0m compiled for stage:104 name: stage_5_7_acc_grad_1 module id: 1
[2m[36m(CompileWorker pid=3512816)[0m compiled for stage:103 name: stage_5_6_acc_grad_0 module id: 0
[2m[36m(CompileWorker pid=3512816)[0m compiled for stage:103 name: stage_5_6_acc_grad_1 module id: 1
[2m[36m(CompileWorker pid=3512815)[0m compiled for stage:105 name: stage_5_7_acc_grad_0 module id: 0
[2m[36m(CompileWorker pid=3512815)[0m compiled for stage:105 name: stage_5_7_acc_grad_1 module id: 1
[2m[36m(CompileWorker pid=3512821)[0m compiled for stage:83 name: stage_3_11_acc_grad_0 module id: 0
[2m[36m(CompileWorker pid=3512814)[0m compiled for stage:98 name: stage_4_11_acc_grad_0 module id: 0
[2m[36m(CompileWorker pid=3512821)[0m compiled for stage:83 name: stage_3_11_acc_grad_1 module id: 1
[2m[36m(CompileWorker pid=3512814)[0m compiled for stage:98 name: stage_4_11_acc_grad_1 module id: 1
[2m[36m(CompileWorker pid=3512812)[0m compiled for stage:106 name: stage_5_8_acc_grad_0 module id: 0
[2m[36m(CompileWorker pid=3512812)[0m compiled for stage:106 name: stage_5_8_acc_grad_1 module id: 1
[2m[36m(CompileWorker pid=3512818)[0m compiled for stage:95 name: stage_4_9_acc_grad_0 module id: 0
[2m[36m(CompileWorker pid=3512818)[0m compiled for stage:95 name: stage_4_9_acc_grad_1 module id: 1
[2m[36m(CompileWorker pid=3512820)[0m compiled for stage:107 name: stage_5_8_acc_grad_0 module id: 0
[2m[36m(CompileWorker pid=3512820)[0m compiled for stage:107 name: stage_5_8_acc_grad_1 module id: 1
[2m[36m(CompileWorker pid=3512812)[0m compiled for stage:114 name: stage_6_6_acc_grad_0 module id: 0
[2m[36m(CompileWorker pid=3512812)[0m compiled for stage:114 name: stage_6_6_acc_grad_1 module id: 1
[2m[36m(CompileWorker pid=3512814)[0m  tensor (Large latency) dimensions: (1, 3072, 50257, 50257, 1, 1, 1, 1, 1, 1, 0, 0, 'CONV', 1, 1, 0, 0),  latency: 7998.294604300595
[2m[36m(CompileWorker pid=3512818)[0m compiled for stage:115 name: stage_6_6_acc_grad_0 module id: 0
[2m[36m(CompileWorker pid=3512818)[0m compiled for stage:115 name: stage_6_6_acc_grad_1 module id: 1
[2m[36m(CompileWorker pid=3512822)[0m compiled for stage:97 name: stage_4_10_acc_grad_0 module id: 0
[2m[36m(CompileWorker pid=3512822)[0m compiled for stage:97 name: stage_4_10_acc_grad_1 module id: 1
[2m[36m(CompileWorker pid=3512811)[0m compiled for stage:109 name: stage_5_9_acc_grad_0 module id: 0
[2m[36m(CompileWorker pid=3512817)[0m compiled for stage:108 name: stage_5_9_acc_grad_0 module id: 0
[2m[36m(CompileWorker pid=3512811)[0m compiled for stage:109 name: stage_5_9_acc_grad_1 module id: 1
[2m[36m(CompileWorker pid=3512817)[0m compiled for stage:108 name: stage_5_9_acc_grad_1 module id: 1
[2m[36m(CompileWorker pid=3512813)[0m compiled for stage:99 name: stage_4_11_acc_grad_0 module id: 0
[2m[36m(CompileWorker pid=3512813)[0m compiled for stage:99 name: stage_4_11_acc_grad_1 module id: 1
[2m[36m(CompileWorker pid=3512812)[0m compiled for stage:117 name: stage_6_7_acc_grad_0 module id: 0
[2m[36m(CompileWorker pid=3512812)[0m compiled for stage:117 name: stage_6_7_acc_grad_1 module id: 1
[2m[36m(CompileWorker pid=3512820)[0m compiled for stage:116 name: stage_6_7_acc_grad_0 module id: 0
[2m[36m(CompileWorker pid=3512820)[0m compiled for stage:116 name: stage_6_7_acc_grad_1 module id: 1
[2m[36m(CompileWorker pid=3512814)[0m  tensor (Large latency) dimensions: (1, 2048, 12288, 12288, 1, 1, 1, 1, 1, 1, 0, 0, 'CONV', 1, 1, 0, 0),  latency: 26.58889142857143
[2m[36m(CompileWorker pid=3512818)[0m compiled for stage:118 name: stage_6_8_acc_grad_0 module id: 0
[2m[36m(CompileWorker pid=3512818)[0m compiled for stage:118 name: stage_6_8_acc_grad_1 module id: 1
[2m[36m(CompileWorker pid=3512819)[0m compiled for stage:110 name: stage_5_10_acc_grad_0 module id: 0
[2m[36m(CompileWorker pid=3512816)[0m compiled for stage:111 name: stage_5_10_acc_grad_0 module id: 0
[2m[36m(CompileWorker pid=3512819)[0m compiled for stage:110 name: stage_5_10_acc_grad_1 module id: 1
[2m[36m(CompileWorker pid=3512816)[0m compiled for stage:111 name: stage_5_10_acc_grad_1 module id: 1
[2m[36m(CompileWorker pid=3512822)[0m compiled for stage:119 name: stage_6_8_acc_grad_0 module id: 0
[2m[36m(CompileWorker pid=3512822)[0m compiled for stage:119 name: stage_6_8_acc_grad_1 module id: 1
[2m[36m(CompileWorker pid=3512818)[0m compiled for stage:126 name: stage_7_7_acc_grad_0 module id: 0
[2m[36m(CompileWorker pid=3512818)[0m compiled for stage:126 name: stage_7_7_acc_grad_1 module id: 1
[2m[36m(CompileWorker pid=3512817)[0m compiled for stage:120 name: stage_6_9_acc_grad_0 module id: 0
[2m[36m(CompileWorker pid=3512822)[0m compiled for stage:127 name: stage_7_7_acc_grad_0 module id: 0
[2m[36m(CompileWorker pid=3512817)[0m compiled for stage:120 name: stage_6_9_acc_grad_1 module id: 1
[2m[36m(CompileWorker pid=3512822)[0m compiled for stage:127 name: stage_7_7_acc_grad_1 module id: 1
[2m[36m(CompileWorker pid=3512811)[0m compiled for stage:121 name: stage_6_9_acc_grad_0 module id: 0
[2m[36m(CompileWorker pid=3512811)[0m compiled for stage:121 name: stage_6_9_acc_grad_1 module id: 1
[2m[36m(CompileWorker pid=3512812)[0m compiled for stage:122 name: stage_6_10_acc_grad_0 module id: 0
[2m[36m(CompileWorker pid=3512812)[0m compiled for stage:122 name: stage_6_10_acc_grad_1 module id: 1
[2m[36m(CompileWorker pid=3512820)[0m compiled for stage:124 name: stage_6_11_acc_grad_0 module id: 0
[2m[36m(CompileWorker pid=3512819)[0m compiled for stage:128 name: stage_7_8_acc_grad_0 module id: 0
[2m[36m(CompileWorker pid=3512816)[0m compiled for stage:130 name: stage_7_9_acc_grad_0 module id: 0
[2m[36m(CompileWorker pid=3512816)[0m compiled for stage:130 name: stage_7_9_acc_grad_1 module id: 1
[2m[36m(CompileWorker pid=3512819)[0m compiled for stage:128 name: stage_7_8_acc_grad_1 module id: 1
[2m[36m(CompileWorker pid=3512820)[0m compiled for stage:124 name: stage_6_11_acc_grad_1 module id: 1
[2m[36m(CompileWorker pid=3512818)[0m compiled for stage:129 name: stage_7_8_acc_grad_0 module id: 0
[2m[36m(CompileWorker pid=3512818)[0m compiled for stage:129 name: stage_7_8_acc_grad_1 module id: 1
[2m[36m(CompileWorker pid=3512815)[0m compiled for stage:112 name: stage_5_11_acc_grad_0 module id: 0
[2m[36m(CompileWorker pid=3512820)[0m  tensor (Large latency) dimensions: (1, 3072, 50257, 50257, 1, 1, 1, 1, 1, 1, 0, 0, 'CONV', 1, 1, 0, 0),  latency: 7998.294604300595
[2m[36m(CompileWorker pid=3512815)[0m compiled for stage:112 name: stage_5_11_acc_grad_1 module id: 1
[2m[36m(CompileWorker pid=3512819)[0m compiled for stage:136 name: stage_8_8_acc_grad_0 module id: 0
[2m[36m(CompileWorker pid=3512819)[0m compiled for stage:136 name: stage_8_8_acc_grad_1 module id: 1
[2m[36m(CompileWorker pid=3512821)[0m compiled for stage:113 name: stage_5_11_acc_grad_0 module id: 0
[2m[36m(CompileWorker pid=3512818)[0m compiled for stage:137 name: stage_8_8_acc_grad_0 module id: 0
[2m[36m(CompileWorker pid=3512818)[0m compiled for stage:137 name: stage_8_8_acc_grad_1 module id: 1
[2m[36m(CompileWorker pid=3512821)[0m compiled for stage:113 name: stage_5_11_acc_grad_1 module id: 1
[2m[36m(CompileWorker pid=3512817)[0m compiled for stage:132 name: stage_7_10_acc_grad_0 module id: 0
[2m[36m(CompileWorker pid=3512822)[0m compiled for stage:131 name: stage_7_9_acc_grad_0 module id: 0
[2m[36m(CompileWorker pid=3512817)[0m compiled for stage:132 name: stage_7_10_acc_grad_1 module id: 1
[2m[36m(CompileWorker pid=3512822)[0m compiled for stage:131 name: stage_7_9_acc_grad_1 module id: 1
[2m[36m(CompileWorker pid=3512813)[0m compiled for stage:123 name: stage_6_10_acc_grad_0 module id: 0
[2m[36m(CompileWorker pid=3512815)[0m  tensor (Large latency) dimensions: (1, 3072, 50257, 50257, 1, 1, 1, 1, 1, 1, 0, 0, 'CONV', 1, 1, 0, 0),  latency: 7998.294604300595
[2m[36m(CompileWorker pid=3512813)[0m compiled for stage:123 name: stage_6_10_acc_grad_1 module id: 1
[2m[36m(CompileWorker pid=3512811)[0m compiled for stage:133 name: stage_7_10_acc_grad_0 module id: 0
[2m[36m(CompileWorker pid=3512811)[0m compiled for stage:133 name: stage_7_10_acc_grad_1 module id: 1
[2m[36m(CompileWorker pid=3512819)[0m compiled for stage:138 name: stage_8_9_acc_grad_0 module id: 0
[2m[36m(CompileWorker pid=3512819)[0m compiled for stage:138 name: stage_8_9_acc_grad_1 module id: 1
[2m[36m(CompileWorker pid=3512820)[0m  tensor (Large latency) dimensions: (1, 2048, 12288, 12288, 1, 1, 1, 1, 1, 1, 0, 0, 'CONV', 1, 1, 0, 0),  latency: 26.58889142857143
[2m[36m(CompileWorker pid=3512811)[0m compiled for stage:144 name: stage_9_9_acc_grad_0 module id: 0
[2m[36m(CompileWorker pid=3512812)[0m compiled for stage:134 name: stage_7_11_acc_grad_0 module id: 0
[2m[36m(CompileWorker pid=3512818)[0m compiled for stage:139 name: stage_8_9_acc_grad_0 module id: 0
[2m[36m(CompileWorker pid=3512811)[0m compiled for stage:144 name: stage_9_9_acc_grad_1 module id: 1
[2m[36m(CompileWorker pid=3512819)[0m compiled for stage:145 name: stage_9_9_acc_grad_0 module id: 0
[2m[36m(CompileWorker pid=3512812)[0m compiled for stage:134 name: stage_7_11_acc_grad_1 module id: 1
[2m[36m(CompileWorker pid=3512819)[0m compiled for stage:145 name: stage_9_9_acc_grad_1 module id: 1
[2m[36m(CompileWorker pid=3512818)[0m compiled for stage:139 name: stage_8_9_acc_grad_1 module id: 1
[2m[36m(CompileWorker pid=3512816)[0m compiled for stage:135 name: stage_7_11_acc_grad_0 module id: 0
[2m[36m(CompileWorker pid=3512815)[0m  tensor (Large latency) dimensions: (1, 2048, 12288, 12288, 1, 1, 1, 1, 1, 1, 0, 0, 'CONV', 1, 1, 0, 0),  latency: 26.58889142857143
[2m[36m(CompileWorker pid=3512816)[0m compiled for stage:135 name: stage_7_11_acc_grad_1 module id: 1
[2m[36m(CompileWorker pid=3512821)[0m compiled for stage:140 name: stage_8_10_acc_grad_0 module id: 0
[2m[36m(CompileWorker pid=3512821)[0m compiled for stage:140 name: stage_8_10_acc_grad_1 module id: 1
[2m[36m(CompileWorker pid=3512822)[0m compiled for stage:141 name: stage_8_10_acc_grad_0 module id: 0
[2m[36m(CompileWorker pid=3512822)[0m compiled for stage:141 name: stage_8_10_acc_grad_1 module id: 1
[2m[36m(CompileWorker pid=3512812)[0m compiled for stage:150 name: stage_10_10_acc_grad_0 module id: 0
[2m[36m(CompileWorker pid=3512812)[0m compiled for stage:150 name: stage_10_10_acc_grad_1 module id: 1
[2m[36m(CompileWorker pid=3512814)[0m compiled for stage:125 name: stage_6_11_acc_grad_0 module id: 0
[2m[36m(CompileWorker pid=3512815)[0m compiled for stage:151 name: stage_10_10_acc_grad_0 module id: 0
[2m[36m(CompileWorker pid=3512815)[0m compiled for stage:151 name: stage_10_10_acc_grad_1 module id: 1
[2m[36m(CompileWorker pid=3512814)[0m compiled for stage:125 name: stage_6_11_acc_grad_1 module id: 1
[2m[36m(CompileWorker pid=3512817)[0m compiled for stage:142 name: stage_8_11_acc_grad_0 module id: 0
[2m[36m(CompileWorker pid=3512817)[0m compiled for stage:142 name: stage_8_11_acc_grad_1 module id: 1
[2m[36m(CompileWorker pid=3512813)[0m compiled for stage:143 name: stage_8_11_acc_grad_0 module id: 0
[2m[36m(CompileWorker pid=3512816)[0m  tensor (Large latency) dimensions: (1, 3072, 50257, 50257, 1, 1, 1, 1, 1, 1, 0, 0, 'CONV', 1, 1, 0, 0),  latency: 7998.294604300595
[2m[36m(CompileWorker pid=3512820)[0m compiled for stage:146 name: stage_9_10_acc_grad_0 module id: 0
[2m[36m(CompileWorker pid=3512813)[0m compiled for stage:143 name: stage_8_11_acc_grad_1 module id: 1
[2m[36m(CompileWorker pid=3512820)[0m compiled for stage:146 name: stage_9_10_acc_grad_1 module id: 1
[2m[36m(CompileWorker pid=3512822)[0m compiled for stage:154 name: stage_11_11_acc_grad_0 module id: 0
[2m[36m(CompileWorker pid=3512822)[0m compiled for stage:154 name: stage_11_11_acc_grad_1 module id: 1
[2m[36m(CompileWorker pid=3512819)[0m compiled for stage:148 name: stage_9_11_acc_grad_0 module id: 0
[2m[36m(CompileWorker pid=3512819)[0m compiled for stage:148 name: stage_9_11_acc_grad_1 module id: 1
[2m[36m(CompileWorker pid=3512821)[0m compiled for stage:152 name: stage_10_11_acc_grad_0 module id: 0
[2m[36m(CompileWorker pid=3512811)[0m compiled for stage:147 name: stage_9_10_acc_grad_0 module id: 0
[2m[36m(CompileWorker pid=3512815)[0m compiled for stage:155 name: stage_11_11_acc_grad_0 module id: 0
[2m[36m(CompileWorker pid=3512811)[0m compiled for stage:147 name: stage_9_10_acc_grad_1 module id: 1
[2m[36m(CompileWorker pid=3512815)[0m compiled for stage:155 name: stage_11_11_acc_grad_1 module id: 1
[2m[36m(CompileWorker pid=3512821)[0m compiled for stage:152 name: stage_10_11_acc_grad_1 module id: 1
[2m[36m(CompileWorker pid=3512812)[0m compiled for stage:153 name: stage_10_11_acc_grad_0 module id: 0
[2m[36m(CompileWorker pid=3512812)[0m compiled for stage:153 name: stage_10_11_acc_grad_1 module id: 1
[2m[36m(CompileWorker pid=3512817)[0m  tensor (Large latency) dimensions: (1, 3072, 50257, 50257, 1, 1, 1, 1, 1, 1, 0, 0, 'CONV', 1, 1, 0, 0),  latency: 7998.294604300595
[2m[36m(CompileWorker pid=3512819)[0m  tensor (Large latency) dimensions: (1, 3072, 50257, 50257, 1, 1, 1, 1, 1, 1, 0, 0, 'CONV', 1, 1, 0, 0),  latency: 7998.294604300595
[2m[36m(CompileWorker pid=3512818)[0m compiled for stage:149 name: stage_9_11_acc_grad_0 module id: 0
[2m[36m(CompileWorker pid=3512818)[0m compiled for stage:149 name: stage_9_11_acc_grad_1 module id: 1
[2m[36m(CompileWorker pid=3512816)[0m  tensor (Large latency) dimensions: (1, 2048, 12288, 12288, 1, 1, 1, 1, 1, 1, 0, 0, 'CONV', 1, 1, 0, 0),  latency: 26.58889142857143
[2m[36m(CompileWorker pid=3512818)[0m  tensor (Large latency) dimensions: (1, 3072, 50257, 50257, 1, 1, 1, 1, 1, 1, 0, 0, 'CONV', 1, 1, 0, 0),  latency: 7998.294604300595
[2m[36m(CompileWorker pid=3512817)[0m  tensor (Large latency) dimensions: (1, 2048, 12288, 12288, 1, 1, 1, 1, 1, 1, 0, 0, 'CONV', 1, 1, 0, 0),  latency: 26.58889142857143
[2m[36m(CompileWorker pid=3512819)[0m  tensor (Large latency) dimensions: (1, 2048, 12288, 12288, 1, 1, 1, 1, 1, 1, 0, 0, 'CONV', 1, 1, 0, 0),  latency: 26.58889142857143
- parse estimation results for all stages
[2m[36m(CompileWorker pid=3512818)[0m  tensor (Large latency) dimensions: (1, 2048, 12288, 12288, 1, 1, 1, 1, 1, 1, 0, 0, 'CONV', 1, 1, 0, 0),  latency: 26.58889142857143
Using pre computed peak Mem for (0, 0, 2, 0), module 0
result[(0, 0, 2, 0), 0] = ModuleProfileResult(compute_cost=1060.416, peak_memory=3.400 GB, invar_size=2.006 GB, outvar_size=2.382 GB, temp_buffer_size=-0.988 GB, available_memory=64.000 GB, comm_cost=0.468)
Using pre computed peak Mem for (0, 0, 2, 0), module 1
result[(0, 0, 2, 0), 1] = ModuleProfileResult(compute_cost=4874.815, peak_memory=3.900 GB, invar_size=4.388 GB, outvar_size=2.006 GB, temp_buffer_size=-0.488 GB, available_memory=64.000 GB, comm_cost=0.310)
Using pre computed peak Mem for (0, 0, 2, 1), module 0
result[(0, 0, 2, 1), 0] = ModuleProfileResult(compute_cost=1060.416, peak_memory=3.400 GB, invar_size=2.006 GB, outvar_size=2.453 GB, temp_buffer_size=-1.059 GB, available_memory=64.000 GB, comm_cost=0.468)
result[(0, 0, 2, 1), 1] = ModuleProfileResult(compute_cost=4874.614, peak_memory=5.713 GB, invar_size=4.459 GB, outvar_size=2.006 GB, temp_buffer_size=1.254 GB, available_memory=64.000 GB, comm_cost=0.111)
Using pre computed peak Mem for (0, 1, 2, 0), module 0
result[(0, 1, 2, 0), 0] = ModuleProfileResult(compute_cost=1397.708, peak_memory=6.800 GB, invar_size=2.850 GB, outvar_size=4.679 GB, temp_buffer_size=-0.729 GB, available_memory=64.000 GB, comm_cost=0.711)
Using pre computed peak Mem for (0, 1, 2, 0), module 1
result[(0, 1, 2, 0), 1] = ModuleProfileResult(compute_cost=5415.021, peak_memory=7.800 GB, invar_size=7.529 GB, outvar_size=2.850 GB, temp_buffer_size=0.271 GB, available_memory=64.000 GB, comm_cost=0.584)
Using pre computed peak Mem for (0, 1, 2, 1), module 0
result[(0, 1, 2, 1), 0] = ModuleProfileResult(compute_cost=1397.708, peak_memory=6.800 GB, invar_size=2.850 GB, outvar_size=4.820 GB, temp_buffer_size=-0.870 GB, available_memory=64.000 GB, comm_cost=0.711)
Using pre computed peak Mem for (0, 1, 2, 1), module 1
result[(0, 1, 2, 1), 1] = ModuleProfileResult(compute_cost=5414.820, peak_memory=7.800 GB, invar_size=7.670 GB, outvar_size=2.850 GB, temp_buffer_size=0.130 GB, available_memory=64.000 GB, comm_cost=0.385)
Using pre computed peak Mem for (0, 2, 2, 0), module 0
result[(0, 2, 2, 0), 0] = ModuleProfileResult(compute_cost=2014.223, peak_memory=10.200 GB, invar_size=3.975 GB, outvar_size=8.032 GB, temp_buffer_size=-1.807 GB, available_memory=64.000 GB, comm_cost=1.177)
Using pre computed peak Mem for (0, 2, 2, 0), module 1
result[(0, 2, 2, 0), 1] = ModuleProfileResult(compute_cost=6119.330, peak_memory=11.700 GB, invar_size=12.007 GB, outvar_size=3.975 GB, temp_buffer_size=-0.307 GB, available_memory=64.000 GB, comm_cost=1.111)
Using pre computed peak Mem for (0, 2, 2, 1), module 0
result[(0, 2, 2, 1), 0] = ModuleProfileResult(compute_cost=2014.223, peak_memory=10.200 GB, invar_size=3.975 GB, outvar_size=8.067 GB, temp_buffer_size=-1.842 GB, available_memory=64.000 GB, comm_cost=1.177)
Using pre computed peak Mem for (0, 2, 2, 1), module 1
result[(0, 2, 2, 1), 1] = ModuleProfileResult(compute_cost=6118.927, peak_memory=11.700 GB, invar_size=12.042 GB, outvar_size=3.975 GB, temp_buffer_size=-0.342 GB, available_memory=64.000 GB, comm_cost=0.713)
Using pre computed peak Mem for (0, 3, 2, 0), module 0
result[(0, 3, 2, 0), 0] = ModuleProfileResult(compute_cost=2351.327, peak_memory=13.600 GB, invar_size=4.819 GB, outvar_size=10.200 GB, temp_buffer_size=-1.419 GB, available_memory=64.000 GB, comm_cost=1.421)
Using pre computed peak Mem for (0, 3, 2, 0), module 1
result[(0, 3, 2, 0), 1] = ModuleProfileResult(compute_cost=6659.255, peak_memory=15.600 GB, invar_size=15.019 GB, outvar_size=4.819 GB, temp_buffer_size=0.581 GB, available_memory=64.000 GB, comm_cost=1.384)
Using pre computed peak Mem for (0, 3, 2, 1), module 0
result[(0, 3, 2, 1), 0] = ModuleProfileResult(compute_cost=2351.327, peak_memory=13.600 GB, invar_size=4.819 GB, outvar_size=10.270 GB, temp_buffer_size=-1.490 GB, available_memory=64.000 GB, comm_cost=1.421)
Using pre computed peak Mem for (0, 3, 2, 1), module 1
result[(0, 3, 2, 1), 1] = ModuleProfileResult(compute_cost=6658.853, peak_memory=15.600 GB, invar_size=15.090 GB, outvar_size=4.819 GB, temp_buffer_size=0.510 GB, available_memory=64.000 GB, comm_cost=0.986)
Using pre computed peak Mem for (0, 4, 2, 0), module 0
result[(0, 4, 2, 0), 0] = ModuleProfileResult(compute_cost=2688.438, peak_memory=17.000 GB, invar_size=5.663 GB, outvar_size=12.474 GB, temp_buffer_size=-1.137 GB, available_memory=64.000 GB, comm_cost=1.671)
Using pre computed peak Mem for (0, 4, 2, 0), module 1
result[(0, 4, 2, 0), 1] = ModuleProfileResult(compute_cost=7199.191, peak_memory=19.500 GB, invar_size=18.137 GB, outvar_size=5.663 GB, temp_buffer_size=1.363 GB, available_memory=64.000 GB, comm_cost=1.669)
Using pre computed peak Mem for (0, 4, 2, 1), module 0
result[(0, 4, 2, 1), 0] = ModuleProfileResult(compute_cost=1780.251, peak_memory=17.000 GB, invar_size=8.827 GB, outvar_size=15.427 GB, temp_buffer_size=-7.254 GB, available_memory=64.000 GB, comm_cost=0.689)
Using pre computed peak Mem for (0, 4, 2, 1), module 1
result[(0, 4, 2, 1), 1] = ModuleProfileResult(compute_cost=14006.165, peak_memory=19.500 GB, invar_size=24.254 GB, outvar_size=8.827 GB, temp_buffer_size=-4.754 GB, available_memory=64.000 GB, comm_cost=2.497)
Using pre computed peak Mem for (0, 5, 2, 0), module 0
result[(0, 5, 2, 0), 0] = ModuleProfileResult(compute_cost=3025.536, peak_memory=20.400 GB, invar_size=6.507 GB, outvar_size=14.642 GB, temp_buffer_size=-0.749 GB, available_memory=64.000 GB, comm_cost=1.908)
Using pre computed peak Mem for (0, 5, 2, 0), module 1
result[(0, 5, 2, 0), 1] = ModuleProfileResult(compute_cost=7739.106, peak_memory=23.400 GB, invar_size=21.149 GB, outvar_size=6.507 GB, temp_buffer_size=2.251 GB, available_memory=64.000 GB, comm_cost=1.932)
Using pre computed peak Mem for (0, 5, 2, 1), module 0
result[(0, 5, 2, 1), 0] = ModuleProfileResult(compute_cost=3005.437, peak_memory=20.400 GB, invar_size=6.718 GB, outvar_size=14.923 GB, temp_buffer_size=-1.241 GB, available_memory=64.000 GB, comm_cost=1.891)
Using pre computed peak Mem for (0, 5, 2, 1), module 1
result[(0, 5, 2, 1), 1] = ModuleProfileResult(compute_cost=7858.800, peak_memory=23.400 GB, invar_size=21.712 GB, outvar_size=6.718 GB, temp_buffer_size=1.688 GB, available_memory=64.000 GB, comm_cost=1.560)
Using pre computed peak Mem for (0, 6, 2, 0), module 0
result[(0, 6, 2, 0), 0] = ModuleProfileResult(compute_cost=3362.640, peak_memory=23.800 GB, invar_size=7.351 GB, outvar_size=16.845 GB, temp_buffer_size=-0.397 GB, available_memory=64.000 GB, comm_cost=2.151)
Using pre computed peak Mem for (0, 6, 2, 0), module 1
result[(0, 6, 2, 0), 1] = ModuleProfileResult(compute_cost=8279.032, peak_memory=27.300 GB, invar_size=24.197 GB, outvar_size=7.351 GB, temp_buffer_size=3.103 GB, available_memory=64.000 GB, comm_cost=2.205)
Using pre computed peak Mem for (0, 6, 2, 1), module 0
result[(0, 6, 2, 1), 0] = ModuleProfileResult(compute_cost=2979.268, peak_memory=23.800 GB, invar_size=8.828 GB, outvar_size=18.322 GB, temp_buffer_size=-3.350 GB, available_memory=64.000 GB, comm_cost=1.743)
Using pre computed peak Mem for (0, 6, 2, 1), module 1
result[(0, 6, 2, 1), 1] = ModuleProfileResult(compute_cost=11126.859, peak_memory=27.300 GB, invar_size=27.220 GB, outvar_size=8.828 GB, temp_buffer_size=0.080 GB, available_memory=64.000 GB, comm_cost=2.453)
Using pre computed peak Mem for (0, 7, 2, 0), module 0
result[(0, 7, 2, 0), 0] = ModuleProfileResult(compute_cost=3699.750, peak_memory=27.200 GB, invar_size=8.195 GB, outvar_size=19.154 GB, temp_buffer_size=-0.150 GB, available_memory=64.000 GB, comm_cost=2.397)
Using pre computed peak Mem for (0, 7, 2, 0), module 1
result[(0, 7, 2, 0), 1] = ModuleProfileResult(compute_cost=8818.963, peak_memory=31.200 GB, invar_size=27.350 GB, outvar_size=8.195 GB, temp_buffer_size=3.850 GB, available_memory=64.000 GB, comm_cost=2.486)
Using pre computed peak Mem for (0, 7, 2, 1), module 0
result[(0, 7, 2, 1), 0] = ModuleProfileResult(compute_cost=3699.746, peak_memory=27.200 GB, invar_size=8.195 GB, outvar_size=19.436 GB, temp_buffer_size=-0.431 GB, available_memory=64.000 GB, comm_cost=2.397)
Using pre computed peak Mem for (0, 7, 2, 1), module 1
result[(0, 7, 2, 1), 1] = ModuleProfileResult(compute_cost=8818.155, peak_memory=31.200 GB, invar_size=27.631 GB, outvar_size=8.195 GB, temp_buffer_size=3.569 GB, available_memory=64.000 GB, comm_cost=1.689)
Using pre computed peak Mem for (0, 8, 2, 0), module 0
result[(0, 8, 2, 0), 0] = ModuleProfileResult(compute_cost=4036.848, peak_memory=30.600 GB, invar_size=9.039 GB, outvar_size=21.217 GB, temp_buffer_size=0.344 GB, available_memory=64.000 GB, comm_cost=2.638)
Using pre computed peak Mem for (0, 8, 2, 0), module 1
result[(0, 8, 2, 0), 1] = ModuleProfileResult(compute_cost=9358.883, peak_memory=35.100 GB, invar_size=30.256 GB, outvar_size=9.039 GB, temp_buffer_size=4.844 GB, available_memory=64.000 GB, comm_cost=2.753)
Using pre computed peak Mem for (0, 8, 2, 1), module 0
result[(0, 8, 2, 1), 0] = ModuleProfileResult(compute_cost=4036.848, peak_memory=30.600 GB, invar_size=9.039 GB, outvar_size=21.569 GB, temp_buffer_size=-0.008 GB, available_memory=64.000 GB, comm_cost=2.638)
Using pre computed peak Mem for (0, 8, 2, 1), module 1
result[(0, 8, 2, 1), 1] = ModuleProfileResult(compute_cost=9358.277, peak_memory=35.100 GB, invar_size=30.608 GB, outvar_size=9.039 GB, temp_buffer_size=4.492 GB, available_memory=64.000 GB, comm_cost=2.157)
Using pre computed peak Mem for (0, 9, 2, 0), module 0
result[(0, 9, 2, 0), 0] = ModuleProfileResult(compute_cost=4373.952, peak_memory=34.000 GB, invar_size=9.883 GB, outvar_size=23.596 GB, temp_buffer_size=0.520 GB, available_memory=64.000 GB, comm_cost=2.881)
Using pre computed peak Mem for (0, 9, 2, 0), module 1
result[(0, 9, 2, 0), 1] = ModuleProfileResult(compute_cost=9898.814, peak_memory=39.000 GB, invar_size=33.480 GB, outvar_size=9.883 GB, temp_buffer_size=5.520 GB, available_memory=64.000 GB, comm_cost=3.034)
Using pre computed peak Mem for (0, 9, 2, 1), module 0
result[(0, 9, 2, 1), 0] = ModuleProfileResult(compute_cost=4192.316, peak_memory=34.000 GB, invar_size=10.516 GB, outvar_size=24.370 GB, temp_buffer_size=-0.886 GB, available_memory=64.000 GB, comm_cost=2.686)
Using pre computed peak Mem for (0, 9, 2, 1), module 1
result[(0, 9, 2, 1), 1] = ModuleProfileResult(compute_cost=11259.841, peak_memory=39.000 GB, invar_size=34.886 GB, outvar_size=10.516 GB, temp_buffer_size=4.114 GB, available_memory=64.000 GB, comm_cost=2.837)
Using pre computed peak Mem for (0, 10, 2, 0), module 0
result[(0, 10, 2, 0), 0] = ModuleProfileResult(compute_cost=4711.056, peak_memory=37.400 GB, invar_size=10.727 GB, outvar_size=25.730 GB, temp_buffer_size=0.943 GB, available_memory=64.000 GB, comm_cost=3.125)
Using pre computed peak Mem for (0, 10, 2, 0), module 1
result[(0, 10, 2, 0), 1] = ModuleProfileResult(compute_cost=10438.737, peak_memory=42.900 GB, invar_size=36.457 GB, outvar_size=10.727 GB, temp_buffer_size=6.443 GB, available_memory=64.000 GB, comm_cost=3.305)
Using pre computed peak Mem for (0, 10, 2, 1), module 0
result[(0, 10, 2, 1), 0] = ModuleProfileResult(compute_cost=4711.056, peak_memory=37.400 GB, invar_size=10.727 GB, outvar_size=26.116 GB, temp_buffer_size=0.556 GB, available_memory=64.000 GB, comm_cost=3.125)
Using pre computed peak Mem for (0, 10, 2, 1), module 1
result[(0, 10, 2, 1), 1] = ModuleProfileResult(compute_cost=10437.926, peak_memory=42.900 GB, invar_size=36.843 GB, outvar_size=10.727 GB, temp_buffer_size=6.057 GB, available_memory=64.000 GB, comm_cost=2.506)
Using pre computed peak Mem for (0, 11, 2, 0), module 0
result[(0, 11, 2, 0), 0] = ModuleProfileResult(compute_cost=4769.124, peak_memory=40.800 GB, invar_size=11.290 GB, outvar_size=28.497 GB, temp_buffer_size=1.013 GB, available_memory=64.000 GB, comm_cost=3.146)
Using pre computed peak Mem for (0, 11, 2, 0), module 1
result[(0, 11, 2, 0), 1] = ModuleProfileResult(compute_cost=42761.643, peak_memory=46.800 GB, invar_size=40.937 GB, outvar_size=12.440 GB, temp_buffer_size=5.863 GB, available_memory=64.000 GB, comm_cost=3.328)
Using pre computed peak Mem for (0, 11, 2, 1), module 0
result[(0, 11, 2, 1), 0] = ModuleProfileResult(compute_cost=4587.488, peak_memory=40.800 GB, invar_size=11.923 GB, outvar_size=29.025 GB, temp_buffer_size=-0.147 GB, available_memory=64.000 GB, comm_cost=2.951)
Using pre computed peak Mem for (0, 11, 2, 1), module 1
result[(0, 11, 2, 1), 1] = ModuleProfileResult(compute_cost=44122.869, peak_memory=46.800 GB, invar_size=42.097 GB, outvar_size=13.073 GB, temp_buffer_size=4.703 GB, available_memory=64.000 GB, comm_cost=3.333)
Using pre computed peak Mem for (1, 1, 2, 0), module 0
result[(1, 1, 2, 0), 0] = ModuleProfileResult(compute_cost=337.323, peak_memory=3.400 GB, invar_size=0.938 GB, outvar_size=2.461 GB, temp_buffer_size=0.001 GB, available_memory=64.000 GB, comm_cost=0.243)
Using pre computed peak Mem for (1, 1, 2, 0), module 1
result[(1, 1, 2, 0), 1] = ModuleProfileResult(compute_cost=540.206, peak_memory=3.900 GB, invar_size=3.305 GB, outvar_size=0.938 GB, temp_buffer_size=0.501 GB, available_memory=64.000 GB, comm_cost=0.274)
Using pre computed peak Mem for (1, 1, 2, 1), module 0
result[(1, 1, 2, 1), 0] = ModuleProfileResult(compute_cost=337.323, peak_memory=3.400 GB, invar_size=0.938 GB, outvar_size=2.461 GB, temp_buffer_size=0.001 GB, available_memory=64.000 GB, comm_cost=0.243)
result[(1, 1, 2, 1), 1] = ModuleProfileResult(compute_cost=540.005, peak_memory=4.161 GB, invar_size=3.305 GB, outvar_size=0.938 GB, temp_buffer_size=0.762 GB, available_memory=64.000 GB, comm_cost=0.075)
Using pre computed peak Mem for (1, 2, 2, 0), module 0
result[(1, 2, 2, 0), 0] = ModuleProfileResult(compute_cost=953.838, peak_memory=6.800 GB, invar_size=2.063 GB, outvar_size=5.602 GB, temp_buffer_size=-0.866 GB, available_memory=64.000 GB, comm_cost=0.709)
Using pre computed peak Mem for (1, 2, 2, 0), module 1
result[(1, 2, 2, 0), 1] = ModuleProfileResult(compute_cost=1244.515, peak_memory=7.800 GB, invar_size=7.572 GB, outvar_size=2.063 GB, temp_buffer_size=0.134 GB, available_memory=64.000 GB, comm_cost=0.800)
Using pre computed peak Mem for (1, 2, 2, 1), module 0
result[(1, 2, 2, 1), 0] = ModuleProfileResult(compute_cost=953.838, peak_memory=6.800 GB, invar_size=2.063 GB, outvar_size=5.778 GB, temp_buffer_size=-1.041 GB, available_memory=64.000 GB, comm_cost=0.709)
result[(1, 2, 2, 1), 1] = ModuleProfileResult(compute_cost=1243.911, peak_memory=8.862 GB, invar_size=7.748 GB, outvar_size=2.063 GB, temp_buffer_size=1.020 GB, available_memory=64.000 GB, comm_cost=0.202)
Using pre computed peak Mem for (1, 3, 2, 0), module 0
result[(1, 3, 2, 0), 0] = ModuleProfileResult(compute_cost=1290.942, peak_memory=10.200 GB, invar_size=2.907 GB, outvar_size=7.911 GB, temp_buffer_size=-0.619 GB, available_memory=64.000 GB, comm_cost=0.953)
Using pre computed peak Mem for (1, 3, 2, 0), module 1
result[(1, 3, 2, 0), 1] = ModuleProfileResult(compute_cost=1784.440, peak_memory=11.700 GB, invar_size=10.725 GB, outvar_size=2.907 GB, temp_buffer_size=0.882 GB, available_memory=64.000 GB, comm_cost=1.074)
Using pre computed peak Mem for (1, 3, 2, 1), module 0
result[(1, 3, 2, 1), 0] = ModuleProfileResult(compute_cost=1290.942, peak_memory=10.200 GB, invar_size=2.907 GB, outvar_size=8.052 GB, temp_buffer_size=-0.759 GB, available_memory=64.000 GB, comm_cost=0.953)
Using pre computed peak Mem for (1, 3, 2, 1), module 1
result[(1, 3, 2, 1), 1] = ModuleProfileResult(compute_cost=1784.038, peak_memory=11.700 GB, invar_size=10.865 GB, outvar_size=2.907 GB, temp_buffer_size=0.741 GB, available_memory=64.000 GB, comm_cost=0.676)
Using pre computed peak Mem for (1, 4, 2, 0), module 0
result[(1, 4, 2, 0), 0] = ModuleProfileResult(compute_cost=1628.046, peak_memory=13.600 GB, invar_size=3.751 GB, outvar_size=10.080 GB, temp_buffer_size=-0.231 GB, available_memory=64.000 GB, comm_cost=1.196)
Using pre computed peak Mem for (1, 4, 2, 0), module 1
result[(1, 4, 2, 0), 1] = ModuleProfileResult(compute_cost=2324.366, peak_memory=15.600 GB, invar_size=13.737 GB, outvar_size=3.751 GB, temp_buffer_size=1.769 GB, available_memory=64.000 GB, comm_cost=1.348)
Using pre computed peak Mem for (1, 4, 2, 1), module 0
result[(1, 4, 2, 1), 0] = ModuleProfileResult(compute_cost=1628.046, peak_memory=13.600 GB, invar_size=3.751 GB, outvar_size=10.220 GB, temp_buffer_size=-0.371 GB, available_memory=64.000 GB, comm_cost=1.196)
Using pre computed peak Mem for (1, 4, 2, 1), module 1
result[(1, 4, 2, 1), 1] = ModuleProfileResult(compute_cost=2323.963, peak_memory=15.600 GB, invar_size=13.878 GB, outvar_size=3.751 GB, temp_buffer_size=1.629 GB, available_memory=64.000 GB, comm_cost=0.950)
Using pre computed peak Mem for (1, 5, 2, 0), module 0
result[(1, 5, 2, 0), 0] = ModuleProfileResult(compute_cost=1965.150, peak_memory=17.000 GB, invar_size=4.595 GB, outvar_size=12.424 GB, temp_buffer_size=-0.019 GB, available_memory=64.000 GB, comm_cost=1.440)
Using pre computed peak Mem for (1, 5, 2, 0), module 1
result[(1, 5, 2, 0), 1] = ModuleProfileResult(compute_cost=2864.291, peak_memory=19.500 GB, invar_size=16.925 GB, outvar_size=4.595 GB, temp_buffer_size=2.481 GB, available_memory=64.000 GB, comm_cost=1.621)
Using pre computed peak Mem for (1, 5, 2, 1), module 0
result[(1, 5, 2, 1), 0] = ModuleProfileResult(compute_cost=1420.242, peak_memory=17.000 GB, invar_size=6.493 GB, outvar_size=14.217 GB, temp_buffer_size=-3.710 GB, available_memory=64.000 GB, comm_cost=0.855)
Using pre computed peak Mem for (1, 5, 2, 1), module 1
result[(1, 5, 2, 1), 1] = ModuleProfileResult(compute_cost=6948.200, peak_memory=19.500 GB, invar_size=20.617 GB, outvar_size=6.493 GB, temp_buffer_size=-1.210 GB, available_memory=64.000 GB, comm_cost=1.843)
Using pre computed peak Mem for (1, 6, 2, 0), module 0
result[(1, 6, 2, 0), 0] = ModuleProfileResult(compute_cost=2302.255, peak_memory=20.400 GB, invar_size=5.439 GB, outvar_size=14.768 GB, temp_buffer_size=0.193 GB, available_memory=64.000 GB, comm_cost=1.683)
Using pre computed peak Mem for (1, 6, 2, 0), module 1
result[(1, 6, 2, 0), 1] = ModuleProfileResult(compute_cost=3404.217, peak_memory=23.400 GB, invar_size=20.113 GB, outvar_size=5.439 GB, temp_buffer_size=3.193 GB, available_memory=64.000 GB, comm_cost=1.895)
Using pre computed peak Mem for (1, 6, 2, 1), module 0
result[(1, 6, 2, 1), 0] = ModuleProfileResult(compute_cost=2302.255, peak_memory=20.400 GB, invar_size=5.439 GB, outvar_size=14.838 GB, temp_buffer_size=0.123 GB, available_memory=64.000 GB, comm_cost=1.683)
Using pre computed peak Mem for (1, 6, 2, 1), module 1
result[(1, 6, 2, 1), 1] = ModuleProfileResult(compute_cost=3403.612, peak_memory=23.400 GB, invar_size=20.183 GB, outvar_size=5.439 GB, temp_buffer_size=3.123 GB, available_memory=64.000 GB, comm_cost=1.299)
Using pre computed peak Mem for (1, 7, 2, 0), module 0
result[(1, 7, 2, 0), 0] = ModuleProfileResult(compute_cost=2639.359, peak_memory=23.800 GB, invar_size=6.283 GB, outvar_size=16.936 GB, temp_buffer_size=0.581 GB, available_memory=64.000 GB, comm_cost=1.927)
Using pre computed peak Mem for (1, 7, 2, 0), module 1
result[(1, 7, 2, 0), 1] = ModuleProfileResult(compute_cost=3944.142, peak_memory=27.300 GB, invar_size=23.125 GB, outvar_size=6.283 GB, temp_buffer_size=4.081 GB, available_memory=64.000 GB, comm_cost=2.169)
Using pre computed peak Mem for (1, 7, 2, 1), module 0
result[(1, 7, 2, 1), 0] = ModuleProfileResult(compute_cost=2639.359, peak_memory=23.800 GB, invar_size=6.283 GB, outvar_size=16.971 GB, temp_buffer_size=0.546 GB, available_memory=64.000 GB, comm_cost=1.927)
Using pre computed peak Mem for (1, 7, 2, 1), module 1
result[(1, 7, 2, 1), 1] = ModuleProfileResult(compute_cost=3943.939, peak_memory=27.300 GB, invar_size=23.161 GB, outvar_size=6.283 GB, temp_buffer_size=4.046 GB, available_memory=64.000 GB, comm_cost=1.971)
Using pre computed peak Mem for (1, 8, 2, 0), module 0
result[(1, 8, 2, 0), 0] = ModuleProfileResult(compute_cost=2976.463, peak_memory=27.200 GB, invar_size=7.127 GB, outvar_size=19.105 GB, temp_buffer_size=0.969 GB, available_memory=64.000 GB, comm_cost=2.170)
Using pre computed peak Mem for (1, 8, 2, 0), module 1
result[(1, 8, 2, 0), 1] = ModuleProfileResult(compute_cost=4484.067, peak_memory=31.200 GB, invar_size=26.138 GB, outvar_size=7.127 GB, temp_buffer_size=4.969 GB, available_memory=64.000 GB, comm_cost=2.442)
Using pre computed peak Mem for (1, 8, 2, 1), module 0
result[(1, 8, 2, 1), 0] = ModuleProfileResult(compute_cost=2976.463, peak_memory=27.200 GB, invar_size=7.127 GB, outvar_size=19.245 GB, temp_buffer_size=0.828 GB, available_memory=64.000 GB, comm_cost=2.170)
Using pre computed peak Mem for (1, 8, 2, 1), module 1
result[(1, 8, 2, 1), 1] = ModuleProfileResult(compute_cost=4483.061, peak_memory=31.200 GB, invar_size=26.278 GB, outvar_size=7.127 GB, temp_buffer_size=4.828 GB, available_memory=64.000 GB, comm_cost=1.447)
Using pre computed peak Mem for (1, 9, 2, 0), module 0
result[(1, 9, 2, 0), 0] = ModuleProfileResult(compute_cost=3293.468, peak_memory=30.600 GB, invar_size=8.182 GB, outvar_size=21.519 GB, temp_buffer_size=0.899 GB, available_memory=64.000 GB, comm_cost=2.396)
Using pre computed peak Mem for (1, 9, 2, 0), module 1
result[(1, 9, 2, 0), 1] = ModuleProfileResult(compute_cost=5144.088, peak_memory=35.100 GB, invar_size=29.677 GB, outvar_size=8.182 GB, temp_buffer_size=5.329 GB, available_memory=64.000 GB, comm_cost=2.740)
Using pre computed peak Mem for (1, 9, 2, 1), module 0
result[(1, 9, 2, 1), 0] = ModuleProfileResult(compute_cost=3313.567, peak_memory=30.600 GB, invar_size=7.971 GB, outvar_size=21.413 GB, temp_buffer_size=1.216 GB, available_memory=64.000 GB, comm_cost=2.414)
Using pre computed peak Mem for (1, 9, 2, 1), module 1
result[(1, 9, 2, 1), 1] = ModuleProfileResult(compute_cost=5023.388, peak_memory=35.100 GB, invar_size=29.291 GB, outvar_size=7.971 GB, temp_buffer_size=5.716 GB, available_memory=64.000 GB, comm_cost=2.120)
Using pre computed peak Mem for (1, 10, 2, 0), module 0
result[(1, 10, 2, 0), 0] = ModuleProfileResult(compute_cost=3650.671, peak_memory=34.000 GB, invar_size=8.815 GB, outvar_size=23.722 GB, temp_buffer_size=1.463 GB, available_memory=64.000 GB, comm_cost=2.657)
Using pre computed peak Mem for (1, 10, 2, 0), module 1
result[(1, 10, 2, 0), 1] = ModuleProfileResult(compute_cost=5563.918, peak_memory=39.000 GB, invar_size=32.444 GB, outvar_size=8.815 GB, temp_buffer_size=6.463 GB, available_memory=64.000 GB, comm_cost=2.990)
Using pre computed peak Mem for (1, 10, 2, 1), module 0
result[(1, 10, 2, 1), 0] = ModuleProfileResult(compute_cost=3650.671, peak_memory=34.000 GB, invar_size=8.815 GB, outvar_size=23.547 GB, temp_buffer_size=1.638 GB, available_memory=64.000 GB, comm_cost=2.657)
Using pre computed peak Mem for (1, 10, 2, 1), module 1
result[(1, 10, 2, 1), 1] = ModuleProfileResult(compute_cost=5563.715, peak_memory=39.000 GB, invar_size=32.268 GB, outvar_size=8.815 GB, temp_buffer_size=6.638 GB, available_memory=64.000 GB, comm_cost=2.794)
Using pre computed peak Mem for (1, 11, 2, 0), module 0
result[(1, 11, 2, 0), 0] = ModuleProfileResult(compute_cost=3708.739, peak_memory=37.400 GB, invar_size=9.665 GB, outvar_size=25.205 GB, temp_buffer_size=2.529 GB, available_memory=64.000 GB, comm_cost=2.678)
Using pre computed peak Mem for (1, 11, 2, 0), module 1
result[(1, 11, 2, 0), 1] = ModuleProfileResult(compute_cost=13965.589, peak_memory=42.900 GB, invar_size=34.777 GB, outvar_size=9.665 GB, temp_buffer_size=8.029 GB, available_memory=64.000 GB, comm_cost=3.213)
Using pre computed peak Mem for (1, 11, 2, 1), module 0
result[(1, 11, 2, 1), 0] = ModuleProfileResult(compute_cost=3708.739, peak_memory=37.400 GB, invar_size=9.665 GB, outvar_size=25.451 GB, temp_buffer_size=2.283 GB, available_memory=64.000 GB, comm_cost=2.678)
Using pre computed peak Mem for (1, 11, 2, 1), module 1
result[(1, 11, 2, 1), 1] = ModuleProfileResult(compute_cost=13964.782, peak_memory=42.900 GB, invar_size=35.023 GB, outvar_size=9.665 GB, temp_buffer_size=7.783 GB, available_memory=64.000 GB, comm_cost=2.419)
Using pre computed peak Mem for (2, 2, 2, 0), module 0
result[(2, 2, 2, 0), 0] = ModuleProfileResult(compute_cost=616.546, peak_memory=3.400 GB, invar_size=1.219 GB, outvar_size=3.235 GB, temp_buffer_size=-1.054 GB, available_memory=64.000 GB, comm_cost=0.466)
Using pre computed peak Mem for (2, 2, 2, 0), module 1
result[(2, 2, 2, 0), 1] = ModuleProfileResult(compute_cost=704.308, peak_memory=3.900 GB, invar_size=4.360 GB, outvar_size=1.219 GB, temp_buffer_size=-0.554 GB, available_memory=64.000 GB, comm_cost=0.527)
Using pre computed peak Mem for (2, 2, 2, 1), module 0
result[(2, 2, 2, 1), 0] = ModuleProfileResult(compute_cost=616.546, peak_memory=3.400 GB, invar_size=1.219 GB, outvar_size=3.340 GB, temp_buffer_size=-1.160 GB, available_memory=64.000 GB, comm_cost=0.466)
Using pre computed peak Mem for (2, 2, 2, 1), module 1
result[(2, 2, 2, 1), 1] = ModuleProfileResult(compute_cost=704.308, peak_memory=3.900 GB, invar_size=4.466 GB, outvar_size=1.219 GB, temp_buffer_size=-0.660 GB, available_memory=64.000 GB, comm_cost=0.527)
Using pre computed peak Mem for (2, 3, 2, 0), module 0
result[(2, 3, 2, 0), 0] = ModuleProfileResult(compute_cost=953.651, peak_memory=6.800 GB, invar_size=2.063 GB, outvar_size=5.509 GB, temp_buffer_size=-0.772 GB, available_memory=64.000 GB, comm_cost=0.709)
Using pre computed peak Mem for (2, 3, 2, 0), module 1
result[(2, 3, 2, 0), 1] = ModuleProfileResult(compute_cost=1244.234, peak_memory=7.800 GB, invar_size=7.478 GB, outvar_size=2.063 GB, temp_buffer_size=0.228 GB, available_memory=64.000 GB, comm_cost=0.800)
Using pre computed peak Mem for (2, 3, 2, 1), module 0
result[(2, 3, 2, 1), 0] = ModuleProfileResult(compute_cost=953.651, peak_memory=6.800 GB, invar_size=2.063 GB, outvar_size=5.685 GB, temp_buffer_size=-0.948 GB, available_memory=64.000 GB, comm_cost=0.709)
Using pre computed peak Mem for (2, 3, 2, 1), module 1
result[(2, 3, 2, 1), 1] = ModuleProfileResult(compute_cost=1243.831, peak_memory=7.800 GB, invar_size=7.654 GB, outvar_size=2.063 GB, temp_buffer_size=0.052 GB, available_memory=64.000 GB, comm_cost=0.402)
Using pre computed peak Mem for (2, 4, 2, 0), module 0
result[(2, 4, 2, 0), 0] = ModuleProfileResult(compute_cost=1290.755, peak_memory=10.200 GB, invar_size=2.907 GB, outvar_size=7.818 GB, temp_buffer_size=-0.525 GB, available_memory=64.000 GB, comm_cost=0.953)
Using pre computed peak Mem for (2, 4, 2, 0), module 1
result[(2, 4, 2, 0), 1] = ModuleProfileResult(compute_cost=1784.159, peak_memory=11.700 GB, invar_size=10.631 GB, outvar_size=2.907 GB, temp_buffer_size=0.975 GB, available_memory=64.000 GB, comm_cost=1.074)
Using pre computed peak Mem for (2, 4, 2, 1), module 0
result[(2, 4, 2, 1), 0] = ModuleProfileResult(compute_cost=1290.755, peak_memory=10.200 GB, invar_size=2.907 GB, outvar_size=7.888 GB, temp_buffer_size=-0.595 GB, available_memory=64.000 GB, comm_cost=0.953)
Using pre computed peak Mem for (2, 4, 2, 1), module 1
result[(2, 4, 2, 1), 1] = ModuleProfileResult(compute_cost=1783.756, peak_memory=11.700 GB, invar_size=10.701 GB, outvar_size=2.907 GB, temp_buffer_size=0.905 GB, available_memory=64.000 GB, comm_cost=0.677)
Using pre computed peak Mem for (2, 5, 2, 0), module 0
result[(2, 5, 2, 0), 0] = ModuleProfileResult(compute_cost=1627.859, peak_memory=13.600 GB, invar_size=3.751 GB, outvar_size=10.091 GB, temp_buffer_size=-0.243 GB, available_memory=64.000 GB, comm_cost=1.196)
Using pre computed peak Mem for (2, 5, 2, 0), module 1
result[(2, 5, 2, 0), 1] = ModuleProfileResult(compute_cost=2324.085, peak_memory=15.600 GB, invar_size=13.749 GB, outvar_size=3.751 GB, temp_buffer_size=1.758 GB, available_memory=64.000 GB, comm_cost=1.348)
Using pre computed peak Mem for (2, 5, 2, 1), module 0
result[(2, 5, 2, 1), 0] = ModuleProfileResult(compute_cost=1627.859, peak_memory=13.600 GB, invar_size=3.751 GB, outvar_size=9.986 GB, temp_buffer_size=-0.137 GB, available_memory=64.000 GB, comm_cost=1.196)
Using pre computed peak Mem for (2, 5, 2, 1), module 1
result[(2, 5, 2, 1), 1] = ModuleProfileResult(compute_cost=2324.084, peak_memory=15.600 GB, invar_size=13.643 GB, outvar_size=3.751 GB, temp_buffer_size=1.863 GB, available_memory=64.000 GB, comm_cost=1.348)
Using pre computed peak Mem for (2, 6, 2, 0), module 0
result[(2, 6, 2, 0), 0] = ModuleProfileResult(compute_cost=1964.963, peak_memory=17.000 GB, invar_size=4.595 GB, outvar_size=12.330 GB, temp_buffer_size=0.075 GB, available_memory=64.000 GB, comm_cost=1.440)
Using pre computed peak Mem for (2, 6, 2, 0), module 1
result[(2, 6, 2, 0), 1] = ModuleProfileResult(compute_cost=2864.010, peak_memory=19.500 GB, invar_size=16.831 GB, outvar_size=4.595 GB, temp_buffer_size=2.575 GB, available_memory=64.000 GB, comm_cost=1.621)
Using pre computed peak Mem for (2, 6, 2, 1), module 0
result[(2, 6, 2, 1), 0] = ModuleProfileResult(compute_cost=1964.963, peak_memory=17.000 GB, invar_size=4.595 GB, outvar_size=12.576 GB, temp_buffer_size=-0.171 GB, available_memory=64.000 GB, comm_cost=1.440)
Using pre computed peak Mem for (2, 6, 2, 1), module 1
result[(2, 6, 2, 1), 1] = ModuleProfileResult(compute_cost=2863.204, peak_memory=19.500 GB, invar_size=17.077 GB, outvar_size=4.595 GB, temp_buffer_size=2.329 GB, available_memory=64.000 GB, comm_cost=0.825)
Using pre computed peak Mem for (2, 7, 2, 0), module 0
result[(2, 7, 2, 0), 0] = ModuleProfileResult(compute_cost=2302.067, peak_memory=20.400 GB, invar_size=5.439 GB, outvar_size=14.604 GB, temp_buffer_size=0.357 GB, available_memory=64.000 GB, comm_cost=1.683)
Using pre computed peak Mem for (2, 7, 2, 0), module 1
result[(2, 7, 2, 0), 1] = ModuleProfileResult(compute_cost=3403.936, peak_memory=23.400 GB, invar_size=19.949 GB, outvar_size=5.439 GB, temp_buffer_size=3.357 GB, available_memory=64.000 GB, comm_cost=1.895)
Using pre computed peak Mem for (2, 7, 2, 1), module 0
result[(2, 7, 2, 1), 0] = ModuleProfileResult(compute_cost=2302.067, peak_memory=20.400 GB, invar_size=5.439 GB, outvar_size=14.674 GB, temp_buffer_size=0.287 GB, available_memory=64.000 GB, comm_cost=1.683)
Using pre computed peak Mem for (2, 7, 2, 1), module 1
result[(2, 7, 2, 1), 1] = ModuleProfileResult(compute_cost=3403.531, peak_memory=23.400 GB, invar_size=20.019 GB, outvar_size=5.439 GB, temp_buffer_size=3.287 GB, available_memory=64.000 GB, comm_cost=1.499)
Using pre computed peak Mem for (2, 8, 2, 0), module 0
result[(2, 8, 2, 0), 0] = ModuleProfileResult(compute_cost=2639.171, peak_memory=23.800 GB, invar_size=6.283 GB, outvar_size=16.807 GB, temp_buffer_size=0.710 GB, available_memory=64.000 GB, comm_cost=1.927)
Using pre computed peak Mem for (2, 8, 2, 0), module 1
result[(2, 8, 2, 0), 1] = ModuleProfileResult(compute_cost=3943.861, peak_memory=27.300 GB, invar_size=22.997 GB, outvar_size=6.283 GB, temp_buffer_size=4.210 GB, available_memory=64.000 GB, comm_cost=2.169)
Using pre computed peak Mem for (2, 8, 2, 1), module 0
result[(2, 8, 2, 1), 0] = ModuleProfileResult(compute_cost=2639.171, peak_memory=23.800 GB, invar_size=6.283 GB, outvar_size=16.948 GB, temp_buffer_size=0.569 GB, available_memory=64.000 GB, comm_cost=1.927)
Using pre computed peak Mem for (2, 8, 2, 1), module 1
result[(2, 8, 2, 1), 1] = ModuleProfileResult(compute_cost=3943.256, peak_memory=27.300 GB, invar_size=23.137 GB, outvar_size=6.283 GB, temp_buffer_size=4.069 GB, available_memory=64.000 GB, comm_cost=1.573)
Using pre computed peak Mem for (2, 9, 2, 0), module 0
result[(2, 9, 2, 0), 0] = ModuleProfileResult(compute_cost=2976.275, peak_memory=27.200 GB, invar_size=7.127 GB, outvar_size=19.046 GB, temp_buffer_size=1.027 GB, available_memory=64.000 GB, comm_cost=2.170)
Using pre computed peak Mem for (2, 9, 2, 0), module 1
result[(2, 9, 2, 0), 1] = ModuleProfileResult(compute_cost=4483.787, peak_memory=31.200 GB, invar_size=26.079 GB, outvar_size=7.127 GB, temp_buffer_size=5.027 GB, available_memory=64.000 GB, comm_cost=2.442)
Using pre computed peak Mem for (2, 9, 2, 1), module 0
result[(2, 9, 2, 1), 0] = ModuleProfileResult(compute_cost=2976.275, peak_memory=27.200 GB, invar_size=7.127 GB, outvar_size=19.081 GB, temp_buffer_size=0.992 GB, available_memory=64.000 GB, comm_cost=2.170)
Using pre computed peak Mem for (2, 9, 2, 1), module 1
result[(2, 9, 2, 1), 1] = ModuleProfileResult(compute_cost=4483.382, peak_memory=31.200 GB, invar_size=26.114 GB, outvar_size=7.127 GB, temp_buffer_size=4.992 GB, available_memory=64.000 GB, comm_cost=2.047)
Using pre computed peak Mem for (2, 10, 2, 0), module 0
result[(2, 10, 2, 0), 0] = ModuleProfileResult(compute_cost=3293.281, peak_memory=30.600 GB, invar_size=8.182 GB, outvar_size=21.320 GB, temp_buffer_size=1.098 GB, available_memory=64.000 GB, comm_cost=2.396)
Using pre computed peak Mem for (2, 10, 2, 0), module 1
result[(2, 10, 2, 0), 1] = ModuleProfileResult(compute_cost=5143.808, peak_memory=35.100 GB, invar_size=29.478 GB, outvar_size=8.182 GB, temp_buffer_size=5.528 GB, available_memory=64.000 GB, comm_cost=2.740)
Using pre computed peak Mem for (2, 10, 2, 1), module 0
result[(2, 10, 2, 1), 0] = ModuleProfileResult(compute_cost=3313.380, peak_memory=30.600 GB, invar_size=7.971 GB, outvar_size=21.390 GB, temp_buffer_size=1.239 GB, available_memory=64.000 GB, comm_cost=2.414)
Using pre computed peak Mem for (2, 10, 2, 1), module 1
result[(2, 10, 2, 1), 1] = ModuleProfileResult(compute_cost=5023.106, peak_memory=35.100 GB, invar_size=29.267 GB, outvar_size=7.971 GB, temp_buffer_size=5.739 GB, available_memory=64.000 GB, comm_cost=2.121)
Using pre computed peak Mem for (2, 11, 2, 0), module 0
result[(2, 11, 2, 0), 0] = ModuleProfileResult(compute_cost=3371.447, peak_memory=34.000 GB, invar_size=8.821 GB, outvar_size=23.014 GB, temp_buffer_size=2.165 GB, available_memory=64.000 GB, comm_cost=2.435)
Using pre computed peak Mem for (2, 11, 2, 0), module 1
result[(2, 11, 2, 0), 1] = ModuleProfileResult(compute_cost=13425.383, peak_memory=39.000 GB, invar_size=31.741 GB, outvar_size=8.821 GB, temp_buffer_size=7.165 GB, available_memory=64.000 GB, comm_cost=2.939)
Using pre computed peak Mem for (2, 11, 2, 1), module 0
result[(2, 11, 2, 1), 0] = ModuleProfileResult(compute_cost=3371.447, peak_memory=34.000 GB, invar_size=8.821 GB, outvar_size=23.049 GB, temp_buffer_size=2.130 GB, available_memory=64.000 GB, comm_cost=2.435)
Using pre computed peak Mem for (2, 11, 2, 1), module 1
result[(2, 11, 2, 1), 1] = ModuleProfileResult(compute_cost=13424.978, peak_memory=39.000 GB, invar_size=31.776 GB, outvar_size=8.821 GB, temp_buffer_size=7.130 GB, available_memory=64.000 GB, comm_cost=2.544)
Using pre computed peak Mem for (3, 3, 2, 0), module 0
result[(3, 3, 2, 0), 0] = ModuleProfileResult(compute_cost=337.135, peak_memory=3.400 GB, invar_size=0.938 GB, outvar_size=2.368 GB, temp_buffer_size=0.095 GB, available_memory=64.000 GB, comm_cost=0.243)
Using pre computed peak Mem for (3, 3, 2, 0), module 1
result[(3, 3, 2, 0), 1] = ModuleProfileResult(compute_cost=539.925, peak_memory=3.900 GB, invar_size=3.212 GB, outvar_size=0.938 GB, temp_buffer_size=0.595 GB, available_memory=64.000 GB, comm_cost=0.274)
Using pre computed peak Mem for (3, 3, 2, 1), module 0
result[(3, 3, 2, 1), 0] = ModuleProfileResult(compute_cost=337.135, peak_memory=3.400 GB, invar_size=0.938 GB, outvar_size=2.403 GB, temp_buffer_size=0.060 GB, available_memory=64.000 GB, comm_cost=0.243)
result[(3, 3, 2, 1), 1] = ModuleProfileResult(compute_cost=539.724, peak_memory=3.915 GB, invar_size=3.247 GB, outvar_size=0.938 GB, temp_buffer_size=0.574 GB, available_memory=64.000 GB, comm_cost=0.075)
Using pre computed peak Mem for (3, 4, 2, 0), module 0
result[(3, 4, 2, 0), 0] = ModuleProfileResult(compute_cost=674.239, peak_memory=6.800 GB, invar_size=1.782 GB, outvar_size=4.571 GB, temp_buffer_size=0.447 GB, available_memory=64.000 GB, comm_cost=0.487)
Using pre computed peak Mem for (3, 4, 2, 0), module 1
result[(3, 4, 2, 0), 1] = ModuleProfileResult(compute_cost=1079.851, peak_memory=7.800 GB, invar_size=6.259 GB, outvar_size=1.782 GB, temp_buffer_size=1.447 GB, available_memory=64.000 GB, comm_cost=0.547)
Using pre computed peak Mem for (3, 4, 2, 1), module 0
result[(3, 4, 2, 1), 0] = ModuleProfileResult(compute_cost=674.239, peak_memory=6.800 GB, invar_size=1.782 GB, outvar_size=4.641 GB, temp_buffer_size=0.377 GB, available_memory=64.000 GB, comm_cost=0.487)
Using pre computed peak Mem for (3, 4, 2, 1), module 1
result[(3, 4, 2, 1), 1] = ModuleProfileResult(compute_cost=1079.850, peak_memory=7.800 GB, invar_size=6.329 GB, outvar_size=1.782 GB, temp_buffer_size=1.377 GB, available_memory=64.000 GB, comm_cost=0.549)
Using pre computed peak Mem for (3, 5, 2, 0), module 0
result[(3, 5, 2, 0), 0] = ModuleProfileResult(compute_cost=1011.344, peak_memory=10.200 GB, invar_size=2.626 GB, outvar_size=6.880 GB, temp_buffer_size=0.694 GB, available_memory=64.000 GB, comm_cost=0.730)
Using pre computed peak Mem for (3, 5, 2, 0), module 1
result[(3, 5, 2, 0), 1] = ModuleProfileResult(compute_cost=1619.776, peak_memory=11.700 GB, invar_size=9.412 GB, outvar_size=2.626 GB, temp_buffer_size=2.194 GB, available_memory=64.000 GB, comm_cost=0.821)
Using pre computed peak Mem for (3, 5, 2, 1), module 0
result[(3, 5, 2, 1), 0] = ModuleProfileResult(compute_cost=1011.344, peak_memory=10.200 GB, invar_size=2.626 GB, outvar_size=6.774 GB, temp_buffer_size=0.800 GB, available_memory=64.000 GB, comm_cost=0.730)
Using pre computed peak Mem for (3, 5, 2, 1), module 1
result[(3, 5, 2, 1), 1] = ModuleProfileResult(compute_cost=1619.776, peak_memory=11.700 GB, invar_size=9.306 GB, outvar_size=2.626 GB, temp_buffer_size=2.300 GB, available_memory=64.000 GB, comm_cost=0.822)
Using pre computed peak Mem for (3, 6, 2, 0), module 0
result[(3, 6, 2, 0), 0] = ModuleProfileResult(compute_cost=1348.448, peak_memory=13.600 GB, invar_size=3.470 GB, outvar_size=9.083 GB, temp_buffer_size=1.047 GB, available_memory=64.000 GB, comm_cost=0.974)
Using pre computed peak Mem for (3, 6, 2, 0), module 1
result[(3, 6, 2, 0), 1] = ModuleProfileResult(compute_cost=2159.702, peak_memory=15.600 GB, invar_size=12.459 GB, outvar_size=3.470 GB, temp_buffer_size=3.047 GB, available_memory=64.000 GB, comm_cost=1.095)
Using pre computed peak Mem for (3, 6, 2, 1), module 0
result[(3, 6, 2, 1), 0] = ModuleProfileResult(compute_cost=1348.448, peak_memory=13.600 GB, invar_size=3.470 GB, outvar_size=9.154 GB, temp_buffer_size=0.977 GB, available_memory=64.000 GB, comm_cost=0.974)
Using pre computed peak Mem for (3, 6, 2, 1), module 1
result[(3, 6, 2, 1), 1] = ModuleProfileResult(compute_cost=2159.500, peak_memory=15.600 GB, invar_size=12.530 GB, outvar_size=3.470 GB, temp_buffer_size=2.977 GB, available_memory=64.000 GB, comm_cost=0.896)
Using pre computed peak Mem for (3, 7, 2, 0), module 0
result[(3, 7, 2, 0), 0] = ModuleProfileResult(compute_cost=1685.552, peak_memory=17.000 GB, invar_size=4.314 GB, outvar_size=11.287 GB, temp_buffer_size=1.400 GB, available_memory=64.000 GB, comm_cost=1.217)
Using pre computed peak Mem for (3, 7, 2, 0), module 1
result[(3, 7, 2, 0), 1] = ModuleProfileResult(compute_cost=2699.627, peak_memory=19.500 GB, invar_size=15.507 GB, outvar_size=4.314 GB, temp_buffer_size=3.900 GB, available_memory=64.000 GB, comm_cost=1.368)
Using pre computed peak Mem for (3, 7, 2, 1), module 0
result[(3, 7, 2, 1), 0] = ModuleProfileResult(compute_cost=1685.552, peak_memory=17.000 GB, invar_size=4.314 GB, outvar_size=11.463 GB, temp_buffer_size=1.224 GB, available_memory=64.000 GB, comm_cost=1.217)
Using pre computed peak Mem for (3, 7, 2, 1), module 1
result[(3, 7, 2, 1), 1] = ModuleProfileResult(compute_cost=2699.023, peak_memory=19.500 GB, invar_size=15.683 GB, outvar_size=4.314 GB, temp_buffer_size=3.724 GB, available_memory=64.000 GB, comm_cost=0.772)
Using pre computed peak Mem for (3, 8, 2, 0), module 0
result[(3, 8, 2, 0), 0] = ModuleProfileResult(compute_cost=2022.656, peak_memory=20.400 GB, invar_size=5.158 GB, outvar_size=13.455 GB, temp_buffer_size=1.787 GB, available_memory=64.000 GB, comm_cost=1.461)
Using pre computed peak Mem for (3, 8, 2, 0), module 1
result[(3, 8, 2, 0), 1] = ModuleProfileResult(compute_cost=3239.553, peak_memory=23.400 GB, invar_size=18.519 GB, outvar_size=5.158 GB, temp_buffer_size=4.787 GB, available_memory=64.000 GB, comm_cost=1.642)
Using pre computed peak Mem for (3, 8, 2, 1), module 0
result[(3, 8, 2, 1), 0] = ModuleProfileResult(compute_cost=2022.656, peak_memory=20.400 GB, invar_size=5.158 GB, outvar_size=13.736 GB, temp_buffer_size=1.506 GB, available_memory=64.000 GB, comm_cost=1.461)
Using pre computed peak Mem for (3, 8, 2, 1), module 1
result[(3, 8, 2, 1), 1] = ModuleProfileResult(compute_cost=3238.748, peak_memory=23.400 GB, invar_size=18.800 GB, outvar_size=5.158 GB, temp_buffer_size=4.506 GB, available_memory=64.000 GB, comm_cost=0.844)
Using pre computed peak Mem for (3, 9, 2, 0), module 0
result[(3, 9, 2, 0), 0] = ModuleProfileResult(compute_cost=2359.760, peak_memory=23.800 GB, invar_size=6.002 GB, outvar_size=15.729 GB, temp_buffer_size=2.069 GB, available_memory=64.000 GB, comm_cost=1.704)
Using pre computed peak Mem for (3, 9, 2, 0), module 1
result[(3, 9, 2, 0), 1] = ModuleProfileResult(compute_cost=3779.478, peak_memory=27.300 GB, invar_size=21.637 GB, outvar_size=6.002 GB, temp_buffer_size=5.569 GB, available_memory=64.000 GB, comm_cost=1.916)
Using pre computed peak Mem for (3, 9, 2, 1), module 0
result[(3, 9, 2, 1), 0] = ModuleProfileResult(compute_cost=2359.760, peak_memory=23.800 GB, invar_size=6.002 GB, outvar_size=15.905 GB, temp_buffer_size=1.894 GB, available_memory=64.000 GB, comm_cost=1.704)
Using pre computed peak Mem for (3, 9, 2, 1), module 1
result[(3, 9, 2, 1), 1] = ModuleProfileResult(compute_cost=3778.673, peak_memory=27.300 GB, invar_size=21.813 GB, outvar_size=6.002 GB, temp_buffer_size=5.394 GB, available_memory=64.000 GB, comm_cost=1.119)
Using pre computed peak Mem for (3, 10, 2, 0), module 0
result[(3, 10, 2, 0), 0] = ModuleProfileResult(compute_cost=2696.864, peak_memory=27.200 GB, invar_size=6.846 GB, outvar_size=18.108 GB, temp_buffer_size=2.246 GB, available_memory=64.000 GB, comm_cost=1.948)
Using pre computed peak Mem for (3, 10, 2, 0), module 1
result[(3, 10, 2, 0), 1] = ModuleProfileResult(compute_cost=4319.404, peak_memory=31.200 GB, invar_size=24.860 GB, outvar_size=6.846 GB, temp_buffer_size=6.246 GB, available_memory=64.000 GB, comm_cost=2.190)
Using pre computed peak Mem for (3, 10, 2, 1), module 0
result[(3, 10, 2, 1), 0] = ModuleProfileResult(compute_cost=2696.864, peak_memory=27.200 GB, invar_size=6.846 GB, outvar_size=18.108 GB, temp_buffer_size=2.246 GB, available_memory=64.000 GB, comm_cost=1.948)
Using pre computed peak Mem for (3, 10, 2, 1), module 1
result[(3, 10, 2, 1), 1] = ModuleProfileResult(compute_cost=4318.799, peak_memory=31.200 GB, invar_size=24.860 GB, outvar_size=6.846 GB, temp_buffer_size=6.246 GB, available_memory=64.000 GB, comm_cost=1.593)
Using pre computed peak Mem for (3, 11, 2, 0), module 0
result[(3, 11, 2, 0), 0] = ModuleProfileResult(compute_cost=2754.932, peak_memory=30.600 GB, invar_size=7.696 GB, outvar_size=19.837 GB, temp_buffer_size=3.067 GB, available_memory=64.000 GB, comm_cost=1.968)
Using pre computed peak Mem for (3, 11, 2, 0), module 1
result[(3, 11, 2, 0), 1] = ModuleProfileResult(compute_cost=12721.074, peak_memory=35.100 GB, invar_size=27.439 GB, outvar_size=7.696 GB, temp_buffer_size=7.567 GB, available_memory=64.000 GB, comm_cost=2.413)
Using pre computed peak Mem for (3, 11, 2, 1), module 0
result[(3, 11, 2, 1), 0] = ModuleProfileResult(compute_cost=2754.932, peak_memory=30.600 GB, invar_size=7.696 GB, outvar_size=19.732 GB, temp_buffer_size=3.172 GB, available_memory=64.000 GB, comm_cost=1.968)
Using pre computed peak Mem for (3, 11, 2, 1), module 1
result[(3, 11, 2, 1), 1] = ModuleProfileResult(compute_cost=12720.872, peak_memory=35.100 GB, invar_size=27.334 GB, outvar_size=7.696 GB, temp_buffer_size=7.672 GB, available_memory=64.000 GB, comm_cost=2.215)
Using pre computed peak Mem for (4, 4, 2, 0), module 0
result[(4, 4, 2, 0), 0] = ModuleProfileResult(compute_cost=337.135, peak_memory=3.400 GB, invar_size=0.938 GB, outvar_size=2.368 GB, temp_buffer_size=0.095 GB, available_memory=64.000 GB, comm_cost=0.243)
Using pre computed peak Mem for (4, 4, 2, 0), module 1
result[(4, 4, 2, 0), 1] = ModuleProfileResult(compute_cost=539.925, peak_memory=3.900 GB, invar_size=3.212 GB, outvar_size=0.938 GB, temp_buffer_size=0.595 GB, available_memory=64.000 GB, comm_cost=0.274)
Using pre computed peak Mem for (4, 4, 2, 1), module 0
result[(4, 4, 2, 1), 0] = ModuleProfileResult(compute_cost=337.135, peak_memory=3.400 GB, invar_size=0.938 GB, outvar_size=2.403 GB, temp_buffer_size=0.060 GB, available_memory=64.000 GB, comm_cost=0.243)
result[(4, 4, 2, 1), 1] = ModuleProfileResult(compute_cost=539.724, peak_memory=3.915 GB, invar_size=3.247 GB, outvar_size=0.938 GB, temp_buffer_size=0.574 GB, available_memory=64.000 GB, comm_cost=0.075)
Using pre computed peak Mem for (4, 5, 2, 0), module 0
result[(4, 5, 2, 0), 0] = ModuleProfileResult(compute_cost=674.239, peak_memory=6.800 GB, invar_size=1.782 GB, outvar_size=4.536 GB, temp_buffer_size=0.482 GB, available_memory=64.000 GB, comm_cost=0.487)
Using pre computed peak Mem for (4, 5, 2, 0), module 1
result[(4, 5, 2, 0), 1] = ModuleProfileResult(compute_cost=1079.851, peak_memory=7.800 GB, invar_size=6.224 GB, outvar_size=1.782 GB, temp_buffer_size=1.482 GB, available_memory=64.000 GB, comm_cost=0.547)
Using pre computed peak Mem for (4, 5, 2, 1), module 0
result[(4, 5, 2, 1), 0] = ModuleProfileResult(compute_cost=674.239, peak_memory=6.800 GB, invar_size=1.782 GB, outvar_size=4.536 GB, temp_buffer_size=0.482 GB, available_memory=64.000 GB, comm_cost=0.487)
Using pre computed peak Mem for (4, 5, 2, 1), module 1
result[(4, 5, 2, 1), 1] = ModuleProfileResult(compute_cost=1079.850, peak_memory=7.800 GB, invar_size=6.224 GB, outvar_size=1.782 GB, temp_buffer_size=1.482 GB, available_memory=64.000 GB, comm_cost=0.548)
Using pre computed peak Mem for (4, 6, 2, 0), module 0
result[(4, 6, 2, 0), 0] = ModuleProfileResult(compute_cost=1011.344, peak_memory=10.200 GB, invar_size=2.626 GB, outvar_size=6.845 GB, temp_buffer_size=0.730 GB, available_memory=64.000 GB, comm_cost=0.730)
Using pre computed peak Mem for (4, 6, 2, 0), module 1
result[(4, 6, 2, 0), 1] = ModuleProfileResult(compute_cost=1619.776, peak_memory=11.700 GB, invar_size=9.377 GB, outvar_size=2.626 GB, temp_buffer_size=2.230 GB, available_memory=64.000 GB, comm_cost=0.821)
Using pre computed peak Mem for (4, 6, 2, 1), module 0
result[(4, 6, 2, 1), 0] = ModuleProfileResult(compute_cost=1011.344, peak_memory=10.200 GB, invar_size=2.626 GB, outvar_size=6.950 GB, temp_buffer_size=0.624 GB, available_memory=64.000 GB, comm_cost=0.730)
Using pre computed peak Mem for (4, 6, 2, 1), module 1
result[(4, 6, 2, 1), 1] = ModuleProfileResult(compute_cost=1619.373, peak_memory=11.700 GB, invar_size=9.482 GB, outvar_size=2.626 GB, temp_buffer_size=2.124 GB, available_memory=64.000 GB, comm_cost=0.423)
Using pre computed peak Mem for (4, 7, 2, 0), module 0
result[(4, 7, 2, 0), 0] = ModuleProfileResult(compute_cost=1348.448, peak_memory=13.600 GB, invar_size=3.470 GB, outvar_size=9.083 GB, temp_buffer_size=1.047 GB, available_memory=64.000 GB, comm_cost=0.974)
Using pre computed peak Mem for (4, 7, 2, 0), module 1
result[(4, 7, 2, 0), 1] = ModuleProfileResult(compute_cost=2159.702, peak_memory=15.600 GB, invar_size=12.459 GB, outvar_size=3.470 GB, temp_buffer_size=3.047 GB, available_memory=64.000 GB, comm_cost=1.095)
Using pre computed peak Mem for (4, 7, 2, 1), module 0
result[(4, 7, 2, 1), 0] = ModuleProfileResult(compute_cost=1348.448, peak_memory=13.600 GB, invar_size=3.470 GB, outvar_size=9.259 GB, temp_buffer_size=0.871 GB, available_memory=64.000 GB, comm_cost=0.974)
Using pre computed peak Mem for (4, 7, 2, 1), module 1
result[(4, 7, 2, 1), 1] = ModuleProfileResult(compute_cost=2159.098, peak_memory=15.600 GB, invar_size=12.635 GB, outvar_size=3.470 GB, temp_buffer_size=2.871 GB, available_memory=64.000 GB, comm_cost=0.497)
Using pre computed peak Mem for (4, 8, 2, 0), module 0
result[(4, 8, 2, 0), 0] = ModuleProfileResult(compute_cost=1685.552, peak_memory=17.000 GB, invar_size=4.314 GB, outvar_size=11.427 GB, temp_buffer_size=1.259 GB, available_memory=64.000 GB, comm_cost=1.217)
Using pre computed peak Mem for (4, 8, 2, 0), module 1
result[(4, 8, 2, 0), 1] = ModuleProfileResult(compute_cost=2699.627, peak_memory=19.500 GB, invar_size=15.647 GB, outvar_size=4.314 GB, temp_buffer_size=3.759 GB, available_memory=64.000 GB, comm_cost=1.368)
Using pre computed peak Mem for (4, 8, 2, 1), module 0
result[(4, 8, 2, 1), 0] = ModuleProfileResult(compute_cost=1685.552, peak_memory=17.000 GB, invar_size=4.314 GB, outvar_size=11.322 GB, temp_buffer_size=1.364 GB, available_memory=64.000 GB, comm_cost=1.217)
Using pre computed peak Mem for (4, 8, 2, 1), module 1
result[(4, 8, 2, 1), 1] = ModuleProfileResult(compute_cost=2699.023, peak_memory=19.500 GB, invar_size=15.542 GB, outvar_size=4.314 GB, temp_buffer_size=3.864 GB, available_memory=64.000 GB, comm_cost=0.771)
Using pre computed peak Mem for (4, 9, 2, 0), module 0
result[(4, 9, 2, 0), 0] = ModuleProfileResult(compute_cost=2022.656, peak_memory=20.400 GB, invar_size=5.158 GB, outvar_size=13.561 GB, temp_buffer_size=1.682 GB, available_memory=64.000 GB, comm_cost=1.461)
Using pre computed peak Mem for (4, 9, 2, 0), module 1
result[(4, 9, 2, 0), 1] = ModuleProfileResult(compute_cost=3239.553, peak_memory=23.400 GB, invar_size=18.624 GB, outvar_size=5.158 GB, temp_buffer_size=4.682 GB, available_memory=64.000 GB, comm_cost=1.642)
Using pre computed peak Mem for (4, 9, 2, 1), module 0
result[(4, 9, 2, 1), 0] = ModuleProfileResult(compute_cost=2022.656, peak_memory=20.400 GB, invar_size=5.158 GB, outvar_size=13.736 GB, temp_buffer_size=1.506 GB, available_memory=64.000 GB, comm_cost=1.461)
Using pre computed peak Mem for (4, 9, 2, 1), module 1
result[(4, 9, 2, 1), 1] = ModuleProfileResult(compute_cost=3238.747, peak_memory=23.400 GB, invar_size=18.800 GB, outvar_size=5.158 GB, temp_buffer_size=4.506 GB, available_memory=64.000 GB, comm_cost=0.846)
Using pre computed peak Mem for (4, 10, 2, 0), module 0
result[(4, 10, 2, 0), 0] = ModuleProfileResult(compute_cost=2359.760, peak_memory=23.800 GB, invar_size=6.002 GB, outvar_size=15.799 GB, temp_buffer_size=1.999 GB, available_memory=64.000 GB, comm_cost=1.704)
Using pre computed peak Mem for (4, 10, 2, 0), module 1
result[(4, 10, 2, 0), 1] = ModuleProfileResult(compute_cost=3779.478, peak_memory=27.300 GB, invar_size=21.707 GB, outvar_size=6.002 GB, temp_buffer_size=5.499 GB, available_memory=64.000 GB, comm_cost=1.916)
Using pre computed peak Mem for (4, 10, 2, 1), module 0
result[(4, 10, 2, 1), 0] = ModuleProfileResult(compute_cost=2359.760, peak_memory=23.800 GB, invar_size=6.002 GB, outvar_size=15.905 GB, temp_buffer_size=1.894 GB, available_memory=64.000 GB, comm_cost=1.704)
Using pre computed peak Mem for (4, 10, 2, 1), module 1
result[(4, 10, 2, 1), 1] = ModuleProfileResult(compute_cost=3778.673, peak_memory=27.300 GB, invar_size=21.813 GB, outvar_size=6.002 GB, temp_buffer_size=5.394 GB, available_memory=64.000 GB, comm_cost=1.119)
Using pre computed peak Mem for (4, 11, 2, 0), module 0
result[(4, 11, 2, 0), 0] = ModuleProfileResult(compute_cost=2417.828, peak_memory=27.200 GB, invar_size=6.852 GB, outvar_size=17.528 GB, temp_buffer_size=2.820 GB, available_memory=64.000 GB, comm_cost=1.725)
Using pre computed peak Mem for (4, 11, 2, 0), module 1
result[(4, 11, 2, 0), 1] = ModuleProfileResult(compute_cost=12181.149, peak_memory=31.200 GB, invar_size=24.286 GB, outvar_size=6.852 GB, temp_buffer_size=6.820 GB, available_memory=64.000 GB, comm_cost=2.139)
Using pre computed peak Mem for (4, 11, 2, 1), module 0
result[(4, 11, 2, 1), 0] = ModuleProfileResult(compute_cost=2417.828, peak_memory=27.200 GB, invar_size=6.852 GB, outvar_size=17.774 GB, temp_buffer_size=2.574 GB, available_memory=64.000 GB, comm_cost=1.725)
Using pre computed peak Mem for (4, 11, 2, 1), module 1
result[(4, 11, 2, 1), 1] = ModuleProfileResult(compute_cost=12180.142, peak_memory=31.200 GB, invar_size=24.533 GB, outvar_size=6.852 GB, temp_buffer_size=6.574 GB, available_memory=64.000 GB, comm_cost=1.144)
Using pre computed peak Mem for (5, 5, 2, 0), module 0
result[(5, 5, 2, 0), 0] = ModuleProfileResult(compute_cost=337.135, peak_memory=3.400 GB, invar_size=0.938 GB, outvar_size=2.368 GB, temp_buffer_size=0.095 GB, available_memory=64.000 GB, comm_cost=0.243)
Using pre computed peak Mem for (5, 5, 2, 0), module 1
result[(5, 5, 2, 0), 1] = ModuleProfileResult(compute_cost=539.925, peak_memory=3.900 GB, invar_size=3.212 GB, outvar_size=0.938 GB, temp_buffer_size=0.595 GB, available_memory=64.000 GB, comm_cost=0.274)
Using pre computed peak Mem for (5, 5, 2, 1), module 0
result[(5, 5, 2, 1), 0] = ModuleProfileResult(compute_cost=337.135, peak_memory=3.400 GB, invar_size=0.938 GB, outvar_size=2.403 GB, temp_buffer_size=0.060 GB, available_memory=64.000 GB, comm_cost=0.243)
result[(5, 5, 2, 1), 1] = ModuleProfileResult(compute_cost=539.724, peak_memory=3.915 GB, invar_size=3.247 GB, outvar_size=0.938 GB, temp_buffer_size=0.574 GB, available_memory=64.000 GB, comm_cost=0.075)
Using pre computed peak Mem for (5, 6, 2, 0), module 0
result[(5, 6, 2, 0), 0] = ModuleProfileResult(compute_cost=674.239, peak_memory=6.800 GB, invar_size=1.782 GB, outvar_size=4.606 GB, temp_buffer_size=0.412 GB, available_memory=64.000 GB, comm_cost=0.487)
Using pre computed peak Mem for (5, 6, 2, 0), module 1
result[(5, 6, 2, 0), 1] = ModuleProfileResult(compute_cost=1079.851, peak_memory=7.800 GB, invar_size=6.294 GB, outvar_size=1.782 GB, temp_buffer_size=1.412 GB, available_memory=64.000 GB, comm_cost=0.547)
Using pre computed peak Mem for (5, 6, 2, 1), module 0
result[(5, 6, 2, 1), 0] = ModuleProfileResult(compute_cost=674.239, peak_memory=6.800 GB, invar_size=1.782 GB, outvar_size=4.676 GB, temp_buffer_size=0.342 GB, available_memory=64.000 GB, comm_cost=0.487)
Using pre computed peak Mem for (5, 6, 2, 1), module 1
result[(5, 6, 2, 1), 1] = ModuleProfileResult(compute_cost=1079.649, peak_memory=7.800 GB, invar_size=6.364 GB, outvar_size=1.782 GB, temp_buffer_size=1.342 GB, available_memory=64.000 GB, comm_cost=0.349)
Using pre computed peak Mem for (5, 7, 2, 0), module 0
result[(5, 7, 2, 0), 0] = ModuleProfileResult(compute_cost=1011.344, peak_memory=10.200 GB, invar_size=2.626 GB, outvar_size=6.810 GB, temp_buffer_size=0.765 GB, available_memory=64.000 GB, comm_cost=0.730)
Using pre computed peak Mem for (5, 7, 2, 0), module 1
result[(5, 7, 2, 0), 1] = ModuleProfileResult(compute_cost=1619.776, peak_memory=11.700 GB, invar_size=9.342 GB, outvar_size=2.626 GB, temp_buffer_size=2.265 GB, available_memory=64.000 GB, comm_cost=0.821)
Using pre computed peak Mem for (5, 7, 2, 1), module 0
result[(5, 7, 2, 1), 0] = ModuleProfileResult(compute_cost=1011.344, peak_memory=10.200 GB, invar_size=2.626 GB, outvar_size=6.950 GB, temp_buffer_size=0.624 GB, available_memory=64.000 GB, comm_cost=0.730)
Using pre computed peak Mem for (5, 7, 2, 1), module 1
result[(5, 7, 2, 1), 1] = ModuleProfileResult(compute_cost=1619.374, peak_memory=11.700 GB, invar_size=9.482 GB, outvar_size=2.626 GB, temp_buffer_size=2.124 GB, available_memory=64.000 GB, comm_cost=0.423)
Using pre computed peak Mem for (5, 8, 2, 0), module 0
result[(5, 8, 2, 0), 0] = ModuleProfileResult(compute_cost=1348.448, peak_memory=13.600 GB, invar_size=3.470 GB, outvar_size=9.119 GB, temp_buffer_size=1.012 GB, available_memory=64.000 GB, comm_cost=0.974)
Using pre computed peak Mem for (5, 8, 2, 0), module 1
result[(5, 8, 2, 0), 1] = ModuleProfileResult(compute_cost=2159.702, peak_memory=15.600 GB, invar_size=12.494 GB, outvar_size=3.470 GB, temp_buffer_size=3.012 GB, available_memory=64.000 GB, comm_cost=1.095)
Using pre computed peak Mem for (5, 8, 2, 1), module 0
result[(5, 8, 2, 1), 0] = ModuleProfileResult(compute_cost=1348.448, peak_memory=13.600 GB, invar_size=3.470 GB, outvar_size=9.083 GB, temp_buffer_size=1.047 GB, available_memory=64.000 GB, comm_cost=0.974)
Using pre computed peak Mem for (5, 8, 2, 1), module 1
result[(5, 8, 2, 1), 1] = ModuleProfileResult(compute_cost=2159.500, peak_memory=15.600 GB, invar_size=12.459 GB, outvar_size=3.470 GB, temp_buffer_size=3.047 GB, available_memory=64.000 GB, comm_cost=0.896)
Using pre computed peak Mem for (5, 9, 2, 0), module 0
result[(5, 9, 2, 0), 0] = ModuleProfileResult(compute_cost=1685.552, peak_memory=17.000 GB, invar_size=4.314 GB, outvar_size=11.217 GB, temp_buffer_size=1.470 GB, available_memory=64.000 GB, comm_cost=1.217)
Using pre computed peak Mem for (5, 9, 2, 0), module 1
result[(5, 9, 2, 0), 1] = ModuleProfileResult(compute_cost=2699.627, peak_memory=19.500 GB, invar_size=15.436 GB, outvar_size=4.314 GB, temp_buffer_size=3.970 GB, available_memory=64.000 GB, comm_cost=1.368)
Using pre computed peak Mem for (5, 9, 2, 1), module 0
result[(5, 9, 2, 1), 0] = ModuleProfileResult(compute_cost=1685.552, peak_memory=17.000 GB, invar_size=4.314 GB, outvar_size=11.568 GB, temp_buffer_size=1.118 GB, available_memory=64.000 GB, comm_cost=1.217)
Using pre computed peak Mem for (5, 9, 2, 1), module 1
result[(5, 9, 2, 1), 1] = ModuleProfileResult(compute_cost=2698.821, peak_memory=19.500 GB, invar_size=15.788 GB, outvar_size=4.314 GB, temp_buffer_size=3.618 GB, available_memory=64.000 GB, comm_cost=0.573)
Using pre computed peak Mem for (5, 10, 2, 0), module 0
result[(5, 10, 2, 0), 0] = ModuleProfileResult(compute_cost=2022.656, peak_memory=20.400 GB, invar_size=5.158 GB, outvar_size=13.525 GB, temp_buffer_size=1.717 GB, available_memory=64.000 GB, comm_cost=1.461)
Using pre computed peak Mem for (5, 10, 2, 0), module 1
result[(5, 10, 2, 0), 1] = ModuleProfileResult(compute_cost=3239.553, peak_memory=23.400 GB, invar_size=18.589 GB, outvar_size=5.158 GB, temp_buffer_size=4.717 GB, available_memory=64.000 GB, comm_cost=1.642)
Using pre computed peak Mem for (5, 10, 2, 1), module 0
result[(5, 10, 2, 1), 0] = ModuleProfileResult(compute_cost=2022.656, peak_memory=20.400 GB, invar_size=5.158 GB, outvar_size=13.736 GB, temp_buffer_size=1.506 GB, available_memory=64.000 GB, comm_cost=1.461)
Using pre computed peak Mem for (5, 10, 2, 1), module 1
result[(5, 10, 2, 1), 1] = ModuleProfileResult(compute_cost=3239.349, peak_memory=23.400 GB, invar_size=18.800 GB, outvar_size=5.158 GB, temp_buffer_size=4.506 GB, available_memory=64.000 GB, comm_cost=1.446)
Using pre computed peak Mem for (5, 11, 2, 0), module 0
result[(5, 11, 2, 0), 0] = ModuleProfileResult(compute_cost=2080.724, peak_memory=23.800 GB, invar_size=6.008 GB, outvar_size=15.325 GB, temp_buffer_size=2.467 GB, available_memory=64.000 GB, comm_cost=1.482)
Using pre computed peak Mem for (5, 11, 2, 0), module 1
result[(5, 11, 2, 0), 1] = ModuleProfileResult(compute_cost=11641.223, peak_memory=27.300 GB, invar_size=21.239 GB, outvar_size=6.008 GB, temp_buffer_size=5.967 GB, available_memory=64.000 GB, comm_cost=1.865)
Using pre computed peak Mem for (5, 11, 2, 1), module 0
result[(5, 11, 2, 1), 0] = ModuleProfileResult(compute_cost=2080.724, peak_memory=23.800 GB, invar_size=6.008 GB, outvar_size=15.430 GB, temp_buffer_size=2.362 GB, available_memory=64.000 GB, comm_cost=1.482)
Using pre computed peak Mem for (5, 11, 2, 1), module 1
result[(5, 11, 2, 1), 1] = ModuleProfileResult(compute_cost=11640.418, peak_memory=27.300 GB, invar_size=21.344 GB, outvar_size=6.008 GB, temp_buffer_size=5.862 GB, available_memory=64.000 GB, comm_cost=1.069)
Using pre computed peak Mem for (6, 6, 2, 0), module 0
result[(6, 6, 2, 0), 0] = ModuleProfileResult(compute_cost=337.135, peak_memory=3.400 GB, invar_size=0.938 GB, outvar_size=2.368 GB, temp_buffer_size=0.095 GB, available_memory=64.000 GB, comm_cost=0.243)
Using pre computed peak Mem for (6, 6, 2, 0), module 1
result[(6, 6, 2, 0), 1] = ModuleProfileResult(compute_cost=539.925, peak_memory=3.900 GB, invar_size=3.212 GB, outvar_size=0.938 GB, temp_buffer_size=0.595 GB, available_memory=64.000 GB, comm_cost=0.274)
Using pre computed peak Mem for (6, 6, 2, 1), module 0
result[(6, 6, 2, 1), 0] = ModuleProfileResult(compute_cost=337.135, peak_memory=3.400 GB, invar_size=0.938 GB, outvar_size=2.403 GB, temp_buffer_size=0.060 GB, available_memory=64.000 GB, comm_cost=0.243)
result[(6, 6, 2, 1), 1] = ModuleProfileResult(compute_cost=539.724, peak_memory=3.915 GB, invar_size=3.247 GB, outvar_size=0.938 GB, temp_buffer_size=0.574 GB, available_memory=64.000 GB, comm_cost=0.075)
Using pre computed peak Mem for (6, 7, 2, 0), module 0
result[(6, 7, 2, 0), 0] = ModuleProfileResult(compute_cost=674.239, peak_memory=6.800 GB, invar_size=1.782 GB, outvar_size=4.536 GB, temp_buffer_size=0.482 GB, available_memory=64.000 GB, comm_cost=0.487)
Using pre computed peak Mem for (6, 7, 2, 0), module 1
result[(6, 7, 2, 0), 1] = ModuleProfileResult(compute_cost=1079.851, peak_memory=7.800 GB, invar_size=6.224 GB, outvar_size=1.782 GB, temp_buffer_size=1.482 GB, available_memory=64.000 GB, comm_cost=0.547)
Using pre computed peak Mem for (6, 7, 2, 1), module 0
result[(6, 7, 2, 1), 0] = ModuleProfileResult(compute_cost=674.239, peak_memory=6.800 GB, invar_size=1.782 GB, outvar_size=4.606 GB, temp_buffer_size=0.412 GB, available_memory=64.000 GB, comm_cost=0.487)
Using pre computed peak Mem for (6, 7, 2, 1), module 1
result[(6, 7, 2, 1), 1] = ModuleProfileResult(compute_cost=1079.650, peak_memory=7.800 GB, invar_size=6.294 GB, outvar_size=1.782 GB, temp_buffer_size=1.412 GB, available_memory=64.000 GB, comm_cost=0.348)
Using pre computed peak Mem for (6, 8, 2, 0), module 0
result[(6, 8, 2, 0), 0] = ModuleProfileResult(compute_cost=1011.344, peak_memory=10.200 GB, invar_size=2.626 GB, outvar_size=6.845 GB, temp_buffer_size=0.730 GB, available_memory=64.000 GB, comm_cost=0.730)
Using pre computed peak Mem for (6, 8, 2, 0), module 1
result[(6, 8, 2, 0), 1] = ModuleProfileResult(compute_cost=1619.776, peak_memory=11.700 GB, invar_size=9.377 GB, outvar_size=2.626 GB, temp_buffer_size=2.230 GB, available_memory=64.000 GB, comm_cost=0.821)
Using pre computed peak Mem for (6, 8, 2, 1), module 0
result[(6, 8, 2, 1), 0] = ModuleProfileResult(compute_cost=1011.344, peak_memory=10.200 GB, invar_size=2.626 GB, outvar_size=6.950 GB, temp_buffer_size=0.624 GB, available_memory=64.000 GB, comm_cost=0.730)
result[(6, 8, 2, 1), 1] = ModuleProfileResult(compute_cost=1619.172, peak_memory=10.608 GB, invar_size=9.482 GB, outvar_size=2.626 GB, temp_buffer_size=1.032 GB, available_memory=64.000 GB, comm_cost=0.224)
Using pre computed peak Mem for (6, 9, 2, 0), module 0
result[(6, 9, 2, 0), 0] = ModuleProfileResult(compute_cost=1348.448, peak_memory=13.600 GB, invar_size=3.470 GB, outvar_size=9.048 GB, temp_buffer_size=1.082 GB, available_memory=64.000 GB, comm_cost=0.974)
Using pre computed peak Mem for (6, 9, 2, 0), module 1
result[(6, 9, 2, 0), 1] = ModuleProfileResult(compute_cost=2159.702, peak_memory=15.600 GB, invar_size=12.424 GB, outvar_size=3.470 GB, temp_buffer_size=3.082 GB, available_memory=64.000 GB, comm_cost=1.095)
Using pre computed peak Mem for (6, 9, 2, 1), module 0
result[(6, 9, 2, 1), 0] = ModuleProfileResult(compute_cost=1348.448, peak_memory=13.600 GB, invar_size=3.470 GB, outvar_size=9.189 GB, temp_buffer_size=0.941 GB, available_memory=64.000 GB, comm_cost=0.974)
result[(6, 9, 2, 1), 1] = ModuleProfileResult(compute_cost=2158.897, peak_memory=13.890 GB, invar_size=12.565 GB, outvar_size=3.470 GB, temp_buffer_size=1.231 GB, available_memory=64.000 GB, comm_cost=0.298)
Using pre computed peak Mem for (6, 10, 2, 0), module 0
result[(6, 10, 2, 0), 0] = ModuleProfileResult(compute_cost=1685.552, peak_memory=17.000 GB, invar_size=4.314 GB, outvar_size=11.357 GB, temp_buffer_size=1.329 GB, available_memory=64.000 GB, comm_cost=1.217)
Using pre computed peak Mem for (6, 10, 2, 0), module 1
result[(6, 10, 2, 0), 1] = ModuleProfileResult(compute_cost=2699.627, peak_memory=19.500 GB, invar_size=15.577 GB, outvar_size=4.314 GB, temp_buffer_size=3.829 GB, available_memory=64.000 GB, comm_cost=1.368)
Using pre computed peak Mem for (6, 10, 2, 1), module 0
result[(6, 10, 2, 1), 0] = ModuleProfileResult(compute_cost=1685.552, peak_memory=17.000 GB, invar_size=4.314 GB, outvar_size=11.357 GB, temp_buffer_size=1.329 GB, available_memory=64.000 GB, comm_cost=1.217)
Using pre computed peak Mem for (6, 10, 2, 1), module 1
result[(6, 10, 2, 1), 1] = ModuleProfileResult(compute_cost=2699.425, peak_memory=19.500 GB, invar_size=15.577 GB, outvar_size=4.314 GB, temp_buffer_size=3.829 GB, available_memory=64.000 GB, comm_cost=1.171)
Using pre computed peak Mem for (6, 11, 2, 0), module 0
result[(6, 11, 2, 0), 0] = ModuleProfileResult(compute_cost=1743.620, peak_memory=20.400 GB, invar_size=5.164 GB, outvar_size=13.051 GB, temp_buffer_size=2.185 GB, available_memory=64.000 GB, comm_cost=1.238)
Using pre computed peak Mem for (6, 11, 2, 0), module 1
result[(6, 11, 2, 0), 1] = ModuleProfileResult(compute_cost=11101.298, peak_memory=23.400 GB, invar_size=18.121 GB, outvar_size=5.164 GB, temp_buffer_size=5.185 GB, available_memory=64.000 GB, comm_cost=1.592)
Using pre computed peak Mem for (6, 11, 2, 1), module 0
result[(6, 11, 2, 1), 0] = ModuleProfileResult(compute_cost=1743.620, peak_memory=20.400 GB, invar_size=5.164 GB, outvar_size=13.121 GB, temp_buffer_size=2.115 GB, available_memory=64.000 GB, comm_cost=1.238)
Using pre computed peak Mem for (6, 11, 2, 1), module 1
result[(6, 11, 2, 1), 1] = ModuleProfileResult(compute_cost=11100.894, peak_memory=23.400 GB, invar_size=18.192 GB, outvar_size=5.164 GB, temp_buffer_size=5.115 GB, available_memory=64.000 GB, comm_cost=1.195)
Using pre computed peak Mem for (7, 7, 2, 0), module 0
result[(7, 7, 2, 0), 0] = ModuleProfileResult(compute_cost=337.135, peak_memory=3.400 GB, invar_size=0.938 GB, outvar_size=2.403 GB, temp_buffer_size=0.060 GB, available_memory=64.000 GB, comm_cost=0.243)
Using pre computed peak Mem for (7, 7, 2, 0), module 1
result[(7, 7, 2, 0), 1] = ModuleProfileResult(compute_cost=539.925, peak_memory=3.900 GB, invar_size=3.247 GB, outvar_size=0.938 GB, temp_buffer_size=0.560 GB, available_memory=64.000 GB, comm_cost=0.274)
Using pre computed peak Mem for (7, 7, 2, 1), module 0
result[(7, 7, 2, 1), 0] = ModuleProfileResult(compute_cost=337.135, peak_memory=3.400 GB, invar_size=0.938 GB, outvar_size=2.403 GB, temp_buffer_size=0.060 GB, available_memory=64.000 GB, comm_cost=0.243)
result[(7, 7, 2, 1), 1] = ModuleProfileResult(compute_cost=539.724, peak_memory=3.915 GB, invar_size=3.247 GB, outvar_size=0.938 GB, temp_buffer_size=0.574 GB, available_memory=64.000 GB, comm_cost=0.075)
Using pre computed peak Mem for (7, 8, 2, 0), module 0
result[(7, 8, 2, 0), 0] = ModuleProfileResult(compute_cost=674.239, peak_memory=6.800 GB, invar_size=1.782 GB, outvar_size=4.501 GB, temp_buffer_size=0.518 GB, available_memory=64.000 GB, comm_cost=0.487)
Using pre computed peak Mem for (7, 8, 2, 0), module 1
result[(7, 8, 2, 0), 1] = ModuleProfileResult(compute_cost=1079.851, peak_memory=7.800 GB, invar_size=6.189 GB, outvar_size=1.782 GB, temp_buffer_size=1.518 GB, available_memory=64.000 GB, comm_cost=0.547)
Using pre computed peak Mem for (7, 8, 2, 1), module 0
result[(7, 8, 2, 1), 0] = ModuleProfileResult(compute_cost=674.239, peak_memory=6.800 GB, invar_size=1.782 GB, outvar_size=4.536 GB, temp_buffer_size=0.482 GB, available_memory=64.000 GB, comm_cost=0.487)
Using pre computed peak Mem for (7, 8, 2, 1), module 1
result[(7, 8, 2, 1), 1] = ModuleProfileResult(compute_cost=1079.851, peak_memory=7.800 GB, invar_size=6.224 GB, outvar_size=1.782 GB, temp_buffer_size=1.482 GB, available_memory=64.000 GB, comm_cost=0.547)
Using pre computed peak Mem for (7, 9, 2, 0), module 0
result[(7, 9, 2, 0), 0] = ModuleProfileResult(compute_cost=1011.344, peak_memory=10.200 GB, invar_size=2.626 GB, outvar_size=6.950 GB, temp_buffer_size=0.624 GB, available_memory=64.000 GB, comm_cost=0.730)
Using pre computed peak Mem for (7, 9, 2, 0), module 1
result[(7, 9, 2, 0), 1] = ModuleProfileResult(compute_cost=1619.776, peak_memory=11.700 GB, invar_size=9.482 GB, outvar_size=2.626 GB, temp_buffer_size=2.124 GB, available_memory=64.000 GB, comm_cost=0.821)
Using pre computed peak Mem for (7, 9, 2, 1), module 0
result[(7, 9, 2, 1), 0] = ModuleProfileResult(compute_cost=1011.344, peak_memory=10.200 GB, invar_size=2.626 GB, outvar_size=6.950 GB, temp_buffer_size=0.624 GB, available_memory=64.000 GB, comm_cost=0.730)
Using pre computed peak Mem for (7, 9, 2, 1), module 1
result[(7, 9, 2, 1), 1] = ModuleProfileResult(compute_cost=1619.575, peak_memory=11.700 GB, invar_size=9.482 GB, outvar_size=2.626 GB, temp_buffer_size=2.124 GB, available_memory=64.000 GB, comm_cost=0.623)
Using pre computed peak Mem for (7, 10, 2, 0), module 0
result[(7, 10, 2, 0), 0] = ModuleProfileResult(compute_cost=1348.448, peak_memory=13.600 GB, invar_size=3.470 GB, outvar_size=9.013 GB, temp_buffer_size=1.117 GB, available_memory=64.000 GB, comm_cost=0.974)
Using pre computed peak Mem for (7, 10, 2, 0), module 1
result[(7, 10, 2, 0), 1] = ModuleProfileResult(compute_cost=2159.702, peak_memory=15.600 GB, invar_size=12.389 GB, outvar_size=3.470 GB, temp_buffer_size=3.117 GB, available_memory=64.000 GB, comm_cost=1.095)
Using pre computed peak Mem for (7, 10, 2, 1), module 0
result[(7, 10, 2, 1), 0] = ModuleProfileResult(compute_cost=1348.448, peak_memory=13.600 GB, invar_size=3.470 GB, outvar_size=9.119 GB, temp_buffer_size=1.012 GB, available_memory=64.000 GB, comm_cost=0.974)
Using pre computed peak Mem for (7, 10, 2, 1), module 1
result[(7, 10, 2, 1), 1] = ModuleProfileResult(compute_cost=2159.700, peak_memory=15.600 GB, invar_size=12.494 GB, outvar_size=3.470 GB, temp_buffer_size=3.012 GB, available_memory=64.000 GB, comm_cost=1.097)
Using pre computed peak Mem for (7, 11, 2, 0), module 0
result[(7, 11, 2, 0), 0] = ModuleProfileResult(compute_cost=1406.515, peak_memory=17.000 GB, invar_size=4.320 GB, outvar_size=10.742 GB, temp_buffer_size=1.938 GB, available_memory=64.000 GB, comm_cost=0.995)
Using pre computed peak Mem for (7, 11, 2, 0), module 1
result[(7, 11, 2, 0), 1] = ModuleProfileResult(compute_cost=10561.373, peak_memory=19.500 GB, invar_size=14.968 GB, outvar_size=4.320 GB, temp_buffer_size=4.438 GB, available_memory=64.000 GB, comm_cost=1.318)
Using pre computed peak Mem for (7, 11, 2, 1), module 0
result[(7, 11, 2, 1), 0] = ModuleProfileResult(compute_cost=1406.515, peak_memory=17.000 GB, invar_size=4.320 GB, outvar_size=10.953 GB, temp_buffer_size=1.727 GB, available_memory=64.000 GB, comm_cost=0.995)
Using pre computed peak Mem for (7, 11, 2, 1), module 1
result[(7, 11, 2, 1), 1] = ModuleProfileResult(compute_cost=10560.768, peak_memory=19.500 GB, invar_size=15.179 GB, outvar_size=4.320 GB, temp_buffer_size=4.227 GB, available_memory=64.000 GB, comm_cost=0.721)
Using pre computed peak Mem for (8, 8, 2, 0), module 0
result[(8, 8, 2, 0), 0] = ModuleProfileResult(compute_cost=337.135, peak_memory=3.400 GB, invar_size=0.938 GB, outvar_size=2.368 GB, temp_buffer_size=0.095 GB, available_memory=64.000 GB, comm_cost=0.243)
Using pre computed peak Mem for (8, 8, 2, 0), module 1
result[(8, 8, 2, 0), 1] = ModuleProfileResult(compute_cost=539.925, peak_memory=3.900 GB, invar_size=3.212 GB, outvar_size=0.938 GB, temp_buffer_size=0.595 GB, available_memory=64.000 GB, comm_cost=0.274)
Using pre computed peak Mem for (8, 8, 2, 1), module 0
result[(8, 8, 2, 1), 0] = ModuleProfileResult(compute_cost=337.135, peak_memory=3.400 GB, invar_size=0.938 GB, outvar_size=2.403 GB, temp_buffer_size=0.060 GB, available_memory=64.000 GB, comm_cost=0.243)
result[(8, 8, 2, 1), 1] = ModuleProfileResult(compute_cost=539.724, peak_memory=3.915 GB, invar_size=3.247 GB, outvar_size=0.938 GB, temp_buffer_size=0.574 GB, available_memory=64.000 GB, comm_cost=0.075)
Using pre computed peak Mem for (8, 9, 2, 0), module 0
result[(8, 9, 2, 0), 0] = ModuleProfileResult(compute_cost=674.239, peak_memory=6.800 GB, invar_size=1.782 GB, outvar_size=4.501 GB, temp_buffer_size=0.518 GB, available_memory=64.000 GB, comm_cost=0.487)
Using pre computed peak Mem for (8, 9, 2, 0), module 1
result[(8, 9, 2, 0), 1] = ModuleProfileResult(compute_cost=1079.851, peak_memory=7.800 GB, invar_size=6.189 GB, outvar_size=1.782 GB, temp_buffer_size=1.518 GB, available_memory=64.000 GB, comm_cost=0.547)
Using pre computed peak Mem for (8, 9, 2, 1), module 0
result[(8, 9, 2, 1), 0] = ModuleProfileResult(compute_cost=674.239, peak_memory=6.800 GB, invar_size=1.782 GB, outvar_size=4.606 GB, temp_buffer_size=0.412 GB, available_memory=64.000 GB, comm_cost=0.487)
Using pre computed peak Mem for (8, 9, 2, 1), module 1
result[(8, 9, 2, 1), 1] = ModuleProfileResult(compute_cost=1079.649, peak_memory=7.800 GB, invar_size=6.294 GB, outvar_size=1.782 GB, temp_buffer_size=1.412 GB, available_memory=64.000 GB, comm_cost=0.349)
Using pre computed peak Mem for (8, 10, 2, 0), module 0
result[(8, 10, 2, 0), 0] = ModuleProfileResult(compute_cost=1011.344, peak_memory=10.200 GB, invar_size=2.626 GB, outvar_size=6.774 GB, temp_buffer_size=0.800 GB, available_memory=64.000 GB, comm_cost=0.730)
Using pre computed peak Mem for (8, 10, 2, 0), module 1
result[(8, 10, 2, 0), 1] = ModuleProfileResult(compute_cost=1619.776, peak_memory=11.700 GB, invar_size=9.306 GB, outvar_size=2.626 GB, temp_buffer_size=2.300 GB, available_memory=64.000 GB, comm_cost=0.821)
Using pre computed peak Mem for (8, 10, 2, 1), module 0
result[(8, 10, 2, 1), 0] = ModuleProfileResult(compute_cost=1011.344, peak_memory=10.200 GB, invar_size=2.626 GB, outvar_size=6.739 GB, temp_buffer_size=0.835 GB, available_memory=64.000 GB, comm_cost=0.730)
Using pre computed peak Mem for (8, 10, 2, 1), module 1
result[(8, 10, 2, 1), 1] = ModuleProfileResult(compute_cost=1619.776, peak_memory=11.700 GB, invar_size=9.271 GB, outvar_size=2.626 GB, temp_buffer_size=2.335 GB, available_memory=64.000 GB, comm_cost=0.822)
Using pre computed peak Mem for (8, 11, 2, 0), module 0
result[(8, 11, 2, 0), 0] = ModuleProfileResult(compute_cost=1069.411, peak_memory=13.600 GB, invar_size=3.476 GB, outvar_size=8.504 GB, temp_buffer_size=1.621 GB, available_memory=64.000 GB, comm_cost=0.751)
Using pre computed peak Mem for (8, 11, 2, 0), module 1
result[(8, 11, 2, 0), 1] = ModuleProfileResult(compute_cost=10021.447, peak_memory=15.600 GB, invar_size=11.886 GB, outvar_size=3.476 GB, temp_buffer_size=3.621 GB, available_memory=64.000 GB, comm_cost=1.044)
Using pre computed peak Mem for (8, 11, 2, 1), module 0
result[(8, 11, 2, 1), 0] = ModuleProfileResult(compute_cost=1069.411, peak_memory=13.600 GB, invar_size=3.476 GB, outvar_size=8.644 GB, temp_buffer_size=1.480 GB, available_memory=64.000 GB, comm_cost=0.751)
Using pre computed peak Mem for (8, 11, 2, 1), module 1
result[(8, 11, 2, 1), 1] = ModuleProfileResult(compute_cost=10021.245, peak_memory=15.600 GB, invar_size=12.026 GB, outvar_size=3.476 GB, temp_buffer_size=3.480 GB, available_memory=64.000 GB, comm_cost=0.846)
Using pre computed peak Mem for (9, 9, 2, 0), module 0
result[(9, 9, 2, 0), 0] = ModuleProfileResult(compute_cost=337.135, peak_memory=3.400 GB, invar_size=0.938 GB, outvar_size=2.332 GB, temp_buffer_size=0.130 GB, available_memory=64.000 GB, comm_cost=0.243)
Using pre computed peak Mem for (9, 9, 2, 0), module 1
result[(9, 9, 2, 0), 1] = ModuleProfileResult(compute_cost=539.925, peak_memory=3.900 GB, invar_size=3.176 GB, outvar_size=0.938 GB, temp_buffer_size=0.630 GB, available_memory=64.000 GB, comm_cost=0.274)
Using pre computed peak Mem for (9, 9, 2, 1), module 0
result[(9, 9, 2, 1), 0] = ModuleProfileResult(compute_cost=337.135, peak_memory=3.400 GB, invar_size=0.938 GB, outvar_size=2.403 GB, temp_buffer_size=0.060 GB, available_memory=64.000 GB, comm_cost=0.243)
result[(9, 9, 2, 1), 1] = ModuleProfileResult(compute_cost=539.724, peak_memory=3.915 GB, invar_size=3.247 GB, outvar_size=0.938 GB, temp_buffer_size=0.574 GB, available_memory=64.000 GB, comm_cost=0.075)
Using pre computed peak Mem for (9, 10, 2, 0), module 0
result[(9, 10, 2, 0), 0] = ModuleProfileResult(compute_cost=674.239, peak_memory=6.800 GB, invar_size=1.782 GB, outvar_size=4.606 GB, temp_buffer_size=0.412 GB, available_memory=64.000 GB, comm_cost=0.487)
Using pre computed peak Mem for (9, 10, 2, 0), module 1
result[(9, 10, 2, 0), 1] = ModuleProfileResult(compute_cost=1079.851, peak_memory=7.800 GB, invar_size=6.294 GB, outvar_size=1.782 GB, temp_buffer_size=1.412 GB, available_memory=64.000 GB, comm_cost=0.547)
Using pre computed peak Mem for (9, 10, 2, 1), module 0
result[(9, 10, 2, 1), 0] = ModuleProfileResult(compute_cost=674.239, peak_memory=6.800 GB, invar_size=1.782 GB, outvar_size=4.712 GB, temp_buffer_size=0.307 GB, available_memory=64.000 GB, comm_cost=0.487)
result[(9, 10, 2, 1), 1] = ModuleProfileResult(compute_cost=1079.449, peak_memory=7.454 GB, invar_size=6.400 GB, outvar_size=1.782 GB, temp_buffer_size=0.961 GB, available_memory=64.000 GB, comm_cost=0.149)
Using pre computed peak Mem for (9, 11, 2, 0), module 0
result[(9, 11, 2, 0), 0] = ModuleProfileResult(compute_cost=732.307, peak_memory=10.200 GB, invar_size=2.632 GB, outvar_size=6.265 GB, temp_buffer_size=1.303 GB, available_memory=64.000 GB, comm_cost=0.508)
Using pre computed peak Mem for (9, 11, 2, 0), module 1
result[(9, 11, 2, 0), 1] = ModuleProfileResult(compute_cost=9481.522, peak_memory=11.700 GB, invar_size=8.803 GB, outvar_size=2.632 GB, temp_buffer_size=2.803 GB, available_memory=64.000 GB, comm_cost=0.771)
Using pre computed peak Mem for (9, 11, 2, 1), module 0
result[(9, 11, 2, 1), 0] = ModuleProfileResult(compute_cost=732.307, peak_memory=10.200 GB, invar_size=2.632 GB, outvar_size=6.300 GB, temp_buffer_size=1.268 GB, available_memory=64.000 GB, comm_cost=0.508)
Using pre computed peak Mem for (9, 11, 2, 1), module 1
result[(9, 11, 2, 1), 1] = ModuleProfileResult(compute_cost=9481.521, peak_memory=11.700 GB, invar_size=8.838 GB, outvar_size=2.632 GB, temp_buffer_size=2.768 GB, available_memory=64.000 GB, comm_cost=0.772)
Using pre computed peak Mem for (10, 10, 2, 0), module 0
result[(10, 10, 2, 0), 0] = ModuleProfileResult(compute_cost=337.135, peak_memory=3.400 GB, invar_size=0.938 GB, outvar_size=2.368 GB, temp_buffer_size=0.095 GB, available_memory=64.000 GB, comm_cost=0.243)
Using pre computed peak Mem for (10, 10, 2, 0), module 1
result[(10, 10, 2, 0), 1] = ModuleProfileResult(compute_cost=539.925, peak_memory=3.900 GB, invar_size=3.212 GB, outvar_size=0.938 GB, temp_buffer_size=0.595 GB, available_memory=64.000 GB, comm_cost=0.274)
Using pre computed peak Mem for (10, 10, 2, 1), module 0
result[(10, 10, 2, 1), 0] = ModuleProfileResult(compute_cost=337.135, peak_memory=3.400 GB, invar_size=0.938 GB, outvar_size=2.403 GB, temp_buffer_size=0.060 GB, available_memory=64.000 GB, comm_cost=0.243)
result[(10, 10, 2, 1), 1] = ModuleProfileResult(compute_cost=539.724, peak_memory=3.915 GB, invar_size=3.247 GB, outvar_size=0.938 GB, temp_buffer_size=0.574 GB, available_memory=64.000 GB, comm_cost=0.075)
Using pre computed peak Mem for (10, 11, 2, 0), module 0
result[(10, 11, 2, 0), 0] = ModuleProfileResult(compute_cost=395.203, peak_memory=6.800 GB, invar_size=1.788 GB, outvar_size=4.061 GB, temp_buffer_size=0.951 GB, available_memory=64.000 GB, comm_cost=0.264)
Using pre computed peak Mem for (10, 11, 2, 0), module 1
result[(10, 11, 2, 0), 1] = ModuleProfileResult(compute_cost=8941.596, peak_memory=7.800 GB, invar_size=5.756 GB, outvar_size=1.788 GB, temp_buffer_size=1.951 GB, available_memory=64.000 GB, comm_cost=0.497)
Using pre computed peak Mem for (10, 11, 2, 1), module 0
result[(10, 11, 2, 1), 0] = ModuleProfileResult(compute_cost=395.203, peak_memory=6.800 GB, invar_size=1.788 GB, outvar_size=4.026 GB, temp_buffer_size=0.986 GB, available_memory=64.000 GB, comm_cost=0.264)
Using pre computed peak Mem for (10, 11, 2, 1), module 1
result[(10, 11, 2, 1), 1] = ModuleProfileResult(compute_cost=8941.596, peak_memory=7.800 GB, invar_size=5.721 GB, outvar_size=1.788 GB, temp_buffer_size=1.986 GB, available_memory=64.000 GB, comm_cost=0.497)
result[(11, 11, 2, 0), 0] = ModuleProfileResult(compute_cost=58.068, peak_memory=2.732 GB, invar_size=0.944 GB, outvar_size=1.788 GB, temp_buffer_size=0.000 GB, available_memory=64.000 GB, comm_cost=0.021)
Using pre computed peak Mem for (11, 11, 2, 0), module 1
result[(11, 11, 2, 0), 1] = ModuleProfileResult(compute_cost=8401.671, peak_memory=3.900 GB, invar_size=2.638 GB, outvar_size=0.944 GB, temp_buffer_size=1.168 GB, available_memory=64.000 GB, comm_cost=0.223)
result[(11, 11, 2, 1), 0] = ModuleProfileResult(compute_cost=58.068, peak_memory=2.732 GB, invar_size=0.944 GB, outvar_size=1.788 GB, temp_buffer_size=0.000 GB, available_memory=64.000 GB, comm_cost=0.021)
Using pre computed peak Mem for (11, 11, 2, 1), module 1
result[(11, 11, 2, 1), 1] = ModuleProfileResult(compute_cost=8401.671, peak_memory=3.900 GB, invar_size=2.638 GB, outvar_size=0.944 GB, temp_buffer_size=1.168 GB, available_memory=64.000 GB, comm_cost=0.223)
Profiling for submesh 2 (1, 4) takes 508.16 seconds
--------------------------------------------------
- Profiling for submesh 1 (1, 2):
- Generate all stage infos (Jaxpr -> HLO)
- Compile all stages, get estimations
num of workers:12
[2m[36m(CompileWorker pid=3552435)[0m compiled for stage:1 name: stage_0_0_acc_grad_0 module id: 0
[2m[36m(CompileWorker pid=3552436)[0m compiled for stage:0 name: stage_0_0_acc_grad_0 module id: 0
[2m[36m(CompileWorker pid=3552433)[0m compiled for stage:3 name: stage_0_1_acc_grad_0 module id: 0
[2m[36m(CompileWorker pid=3552434)[0m compiled for stage:2 name: stage_0_1_acc_grad_0 module id: 0
[2m[36m(CompileWorker pid=3552432)[0m compiled for stage:4 name: stage_0_2_acc_grad_0 module id: 0
[2m[36m(CompileWorker pid=3552431)[0m compiled for stage:5 name: stage_0_2_acc_grad_0 module id: 0
[2m[36m(CompileWorker pid=3552428)[0m compiled for stage:8 name: stage_0_4_acc_grad_0 module id: 0
[2m[36m(CompileWorker pid=3552430)[0m compiled for stage:6 name: stage_0_3_acc_grad_0 module id: 0
[2m[36m(CompileWorker pid=3552426)[0m compiled for stage:10 name: stage_0_5_acc_grad_0 module id: 0
[2m[36m(CompileWorker pid=3552429)[0m compiled for stage:7 name: stage_0_3_acc_grad_0 module id: 0
[2m[36m(CompileWorker pid=3552434)[0m  tensor (Large latency) dimensions: (1, 2048, 12288, 50257, 1, 1, 1, 1, 1, 1, 0, 0, 'CONV', 1, 1, 0, 0),  latency: 722.1379657142858
[2m[36m(CompileWorker pid=3552430)[0m  tensor (Large latency) dimensions: (1, 2048, 12288, 50257, 1, 1, 1, 1, 1, 1, 0, 0, 'CONV', 1, 1, 0, 0),  latency: 722.1379657142858
[2m[36m(CompileWorker pid=3552433)[0m  tensor (Large latency) dimensions: (1, 2048, 12288, 50257, 1, 1, 1, 1, 1, 1, 0, 0, 'CONV', 1, 1, 0, 0),  latency: 722.1379657142858
[2m[36m(CompileWorker pid=3552427)[0m compiled for stage:9 name: stage_0_4_acc_grad_0 module id: 0
[2m[36m(CompileWorker pid=3552435)[0m  tensor (Large latency) dimensions: (1, 2048, 12288, 50257, 1, 1, 1, 1, 1, 1, 0, 0, 'CONV', 1, 1, 0, 0),  latency: 722.1379657142858
[2m[36m(CompileWorker pid=3552429)[0m  tensor (Large latency) dimensions: (1, 2048, 12288, 50257, 1, 1, 1, 1, 1, 1, 0, 0, 'CONV', 1, 1, 0, 0),  latency: 722.1379657142858
[2m[36m(CompileWorker pid=3552436)[0m  tensor (Large latency) dimensions: (1, 2048, 12288, 50257, 1, 1, 1, 1, 1, 1, 0, 0, 'CONV', 1, 1, 0, 0),  latency: 722.1379657142858
[2m[36m(CompileWorker pid=3552431)[0m  tensor (Large latency) dimensions: (1, 2048, 12288, 50257, 1, 1, 1, 1, 1, 1, 0, 0, 'CONV', 1, 1, 0, 0),  latency: 722.1379657142858
[2m[36m(CompileWorker pid=3552428)[0m  tensor (Large latency) dimensions: (1, 2048, 12288, 50257, 1, 1, 1, 1, 1, 1, 0, 0, 'CONV', 1, 1, 0, 0),  latency: 722.1379657142858
[2m[36m(CompileWorker pid=3552432)[0m  tensor (Large latency) dimensions: (1, 2048, 12288, 50257, 1, 1, 1, 1, 1, 1, 0, 0, 'CONV', 1, 1, 0, 0),  latency: 722.1379657142858
[2m[36m(CompileWorker pid=3552426)[0m  tensor (Large latency) dimensions: (1, 2048, 12288, 50257, 1, 1, 1, 1, 1, 1, 0, 0, 'CONV', 1, 1, 0, 0),  latency: 722.1379657142858
[2m[36m(CompileWorker pid=3552427)[0m  tensor (Large latency) dimensions: (1, 2048, 12288, 50257, 1, 1, 1, 1, 1, 1, 0, 0, 'CONV', 1, 1, 0, 0),  latency: 722.1379657142858
[2m[36m(CompileWorker pid=3552425)[0m compiled for stage:11 name: stage_0_5_acc_grad_0 module id: 0
[2m[36m(CompileWorker pid=3552435)[0m  tensor (Large latency) dimensions: (1, 2048, 12288, 1024, 1, 1, 1, 1, 1, 1, 0, 0, 'CONV', 1, 1, 0, 0),  latency: 1.8724571428571428
[2m[36m(CompileWorker pid=3552433)[0m  tensor (Large latency) dimensions: (1, 2048, 12288, 1024, 1, 1, 1, 1, 1, 1, 0, 0, 'CONV', 1, 1, 0, 0),  latency: 1.8724571428571428
[2m[36m(CompileWorker pid=3552436)[0m  tensor (Large latency) dimensions: (1, 2048, 12288, 1024, 1, 1, 1, 1, 1, 1, 0, 0, 'CONV', 1, 1, 0, 0),  latency: 1.8724571428571428
[2m[36m(CompileWorker pid=3552434)[0m  tensor (Large latency) dimensions: (1, 2048, 12288, 1024, 1, 1, 1, 1, 1, 1, 0, 0, 'CONV', 1, 1, 0, 0),  latency: 1.8724571428571428
[2m[36m(CompileWorker pid=3552430)[0m  tensor (Large latency) dimensions: (1, 2048, 12288, 1024, 1, 1, 1, 1, 1, 1, 0, 0, 'CONV', 1, 1, 0, 0),  latency: 1.8724571428571428
[2m[36m(CompileWorker pid=3552431)[0m  tensor (Large latency) dimensions: (1, 2048, 12288, 1024, 1, 1, 1, 1, 1, 1, 0, 0, 'CONV', 1, 1, 0, 0),  latency: 1.8724571428571428
[2m[36m(CompileWorker pid=3552429)[0m  tensor (Large latency) dimensions: (1, 2048, 12288, 1024, 1, 1, 1, 1, 1, 1, 0, 0, 'CONV', 1, 1, 0, 0),  latency: 1.8724571428571428
[2m[36m(CompileWorker pid=3552432)[0m  tensor (Large latency) dimensions: (1, 2048, 12288, 1024, 1, 1, 1, 1, 1, 1, 0, 0, 'CONV', 1, 1, 0, 0),  latency: 1.8724571428571428
[2m[36m(CompileWorker pid=3552428)[0m  tensor (Large latency) dimensions: (1, 2048, 12288, 1024, 1, 1, 1, 1, 1, 1, 0, 0, 'CONV', 1, 1, 0, 0),  latency: 1.8724571428571428
[2m[36m(CompileWorker pid=3552426)[0m  tensor (Large latency) dimensions: (1, 2048, 12288, 1024, 1, 1, 1, 1, 1, 1, 0, 0, 'CONV', 1, 1, 0, 0),  latency: 1.8724571428571428
[2m[36m(CompileWorker pid=3552427)[0m  tensor (Large latency) dimensions: (1, 2048, 12288, 1024, 1, 1, 1, 1, 1, 1, 0, 0, 'CONV', 1, 1, 0, 0),  latency: 1.8724571428571428
[2m[36m(CompileWorker pid=3552425)[0m  tensor (Large latency) dimensions: (1, 2048, 12288, 50257, 1, 1, 1, 1, 1, 1, 0, 0, 'CONV', 1, 1, 0, 0),  latency: 722.1379657142858
[2m[36m(CompileWorker pid=3552434)[0m  tensor (Large latency) dimensions: (1, 2048, 36864, 36864, 1, 1, 1, 1, 1, 1, 0, 0, 'CONV', 1, 1, 0, 0),  latency: 241.54697142857142
[2m[36m(CompileWorker pid=3552436)[0m  tensor (Large latency) dimensions: (1, 2048, 36864, 36864, 1, 1, 1, 1, 1, 1, 0, 0, 'CONV', 1, 1, 0, 0),  latency: 241.54697142857142
[2m[36m(CompileWorker pid=3552433)[0m  tensor (Large latency) dimensions: (1, 2048, 36864, 36864, 1, 1, 1, 1, 1, 1, 0, 0, 'CONV', 1, 1, 0, 0),  latency: 241.54697142857142
[2m[36m(CompileWorker pid=3552435)[0m  tensor (Large latency) dimensions: (1, 2048, 36864, 36864, 1, 1, 1, 1, 1, 1, 0, 0, 'CONV', 1, 1, 0, 0),  latency: 241.54697142857142
[2m[36m(CompileWorker pid=3552430)[0m  tensor (Large latency) dimensions: (1, 2048, 36864, 36864, 1, 1, 1, 1, 1, 1, 0, 0, 'CONV', 1, 1, 0, 0),  latency: 241.54697142857142
[2m[36m(CompileWorker pid=3552432)[0m  tensor (Large latency) dimensions: (1, 2048, 36864, 36864, 1, 1, 1, 1, 1, 1, 0, 0, 'CONV', 1, 1, 0, 0),  latency: 241.54697142857142
[2m[36m(CompileWorker pid=3552431)[0m  tensor (Large latency) dimensions: (1, 2048, 36864, 36864, 1, 1, 1, 1, 1, 1, 0, 0, 'CONV', 1, 1, 0, 0),  latency: 241.54697142857142
[2m[36m(CompileWorker pid=3552428)[0m  tensor (Large latency) dimensions: (1, 2048, 36864, 36864, 1, 1, 1, 1, 1, 1, 0, 0, 'CONV', 1, 1, 0, 0),  latency: 241.54697142857142
[2m[36m(CompileWorker pid=3552429)[0m  tensor (Large latency) dimensions: (1, 2048, 36864, 36864, 1, 1, 1, 1, 1, 1, 0, 0, 'CONV', 1, 1, 0, 0),  latency: 241.54697142857142
[2m[36m(CompileWorker pid=3552426)[0m  tensor (Large latency) dimensions: (1, 2048, 36864, 36864, 1, 1, 1, 1, 1, 1, 0, 0, 'CONV', 1, 1, 0, 0),  latency: 241.54697142857142
[2m[36m(CompileWorker pid=3552425)[0m  tensor (Large latency) dimensions: (1, 2048, 12288, 1024, 1, 1, 1, 1, 1, 1, 0, 0, 'CONV', 1, 1, 0, 0),  latency: 1.8724571428571428
[2m[36m(CompileWorker pid=3552427)[0m  tensor (Large latency) dimensions: (1, 2048, 36864, 36864, 1, 1, 1, 1, 1, 1, 0, 0, 'CONV', 1, 1, 0, 0),  latency: 241.54697142857142
[2m[36m(CompileWorker pid=3552436)[0m  tensor (Large latency) dimensions: (1, 2048, 12288, 12288, 1, 1, 1, 1, 1, 1, 0, 0, 'CONV', 1, 1, 0, 0),  latency: 26.58889142857143
[2m[36m(CompileWorker pid=3552434)[0m  tensor (Large latency) dimensions: (1, 2048, 12288, 12288, 1, 1, 1, 1, 1, 1, 0, 0, 'CONV', 1, 1, 0, 0),  latency: 26.58889142857143
[2m[36m(CompileWorker pid=3552435)[0m  tensor (Large latency) dimensions: (1, 2048, 12288, 12288, 1, 1, 1, 1, 1, 1, 0, 0, 'CONV', 1, 1, 0, 0),  latency: 26.58889142857143
[2m[36m(CompileWorker pid=3552433)[0m  tensor (Large latency) dimensions: (1, 2048, 12288, 12288, 1, 1, 1, 1, 1, 1, 0, 0, 'CONV', 1, 1, 0, 0),  latency: 26.58889142857143
[2m[36m(CompileWorker pid=3552432)[0m  tensor (Large latency) dimensions: (1, 2048, 12288, 12288, 1, 1, 1, 1, 1, 1, 0, 0, 'CONV', 1, 1, 0, 0),  latency: 26.58889142857143
[2m[36m(CompileWorker pid=3552428)[0m  tensor (Large latency) dimensions: (1, 2048, 12288, 12288, 1, 1, 1, 1, 1, 1, 0, 0, 'CONV', 1, 1, 0, 0),  latency: 26.58889142857143
[2m[36m(CompileWorker pid=3552430)[0m  tensor (Large latency) dimensions: (1, 2048, 12288, 12288, 1, 1, 1, 1, 1, 1, 0, 0, 'CONV', 1, 1, 0, 0),  latency: 26.58889142857143
[2m[36m(CompileWorker pid=3552426)[0m  tensor (Large latency) dimensions: (1, 2048, 12288, 12288, 1, 1, 1, 1, 1, 1, 0, 0, 'CONV', 1, 1, 0, 0),  latency: 26.58889142857143
[2m[36m(CompileWorker pid=3552429)[0m  tensor (Large latency) dimensions: (1, 2048, 12288, 12288, 1, 1, 1, 1, 1, 1, 0, 0, 'CONV', 1, 1, 0, 0),  latency: 26.58889142857143
[2m[36m(CompileWorker pid=3552431)[0m  tensor (Large latency) dimensions: (1, 2048, 12288, 12288, 1, 1, 1, 1, 1, 1, 0, 0, 'CONV', 1, 1, 0, 0),  latency: 26.58889142857143
[2m[36m(CompileWorker pid=3552425)[0m  tensor (Large latency) dimensions: (1, 2048, 36864, 36864, 1, 1, 1, 1, 1, 1, 0, 0, 'CONV', 1, 1, 0, 0),  latency: 241.54697142857142
[2m[36m(CompileWorker pid=3552436)[0m  tensor (Large latency) dimensions: (1, 2048, 24576, 24576, 1, 1, 1, 1, 1, 1, 0, 0, 'CONV', 1, 1, 0, 0),  latency: 107.10454857142857
[2m[36m(CompileWorker pid=3552435)[0m  tensor (Large latency) dimensions: (1, 2048, 24576, 24576, 1, 1, 1, 1, 1, 1, 0, 0, 'CONV', 1, 1, 0, 0),  latency: 107.10454857142857
[2m[36m(CompileWorker pid=3552434)[0m  tensor (Large latency) dimensions: (1, 2048, 24576, 24576, 1, 1, 1, 1, 1, 1, 0, 0, 'CONV', 1, 1, 0, 0),  latency: 107.10454857142857
[2m[36m(CompileWorker pid=3552427)[0m  tensor (Large latency) dimensions: (1, 2048, 12288, 12288, 1, 1, 1, 1, 1, 1, 0, 0, 'CONV', 1, 1, 0, 0),  latency: 26.58889142857143
[2m[36m(CompileWorker pid=3552433)[0m  tensor (Large latency) dimensions: (1, 2048, 24576, 24576, 1, 1, 1, 1, 1, 1, 0, 0, 'CONV', 1, 1, 0, 0),  latency: 107.10454857142857
[2m[36m(CompileWorker pid=3552432)[0m  tensor (Large latency) dimensions: (1, 2048, 24576, 24576, 1, 1, 1, 1, 1, 1, 0, 0, 'CONV', 1, 1, 0, 0),  latency: 107.10454857142857
[2m[36m(CompileWorker pid=3552430)[0m  tensor (Large latency) dimensions: (1, 2048, 24576, 24576, 1, 1, 1, 1, 1, 1, 0, 0, 'CONV', 1, 1, 0, 0),  latency: 107.10454857142857
[2m[36m(CompileWorker pid=3552428)[0m  tensor (Large latency) dimensions: (1, 2048, 24576, 24576, 1, 1, 1, 1, 1, 1, 0, 0, 'CONV', 1, 1, 0, 0),  latency: 107.10454857142857
[2m[36m(CompileWorker pid=3552429)[0m  tensor (Large latency) dimensions: (1, 2048, 24576, 24576, 1, 1, 1, 1, 1, 1, 0, 0, 'CONV', 1, 1, 0, 0),  latency: 107.10454857142857
[2m[36m(CompileWorker pid=3552436)[0m  tensor (Large latency) dimensions: (1, 2048, 12288, 12288, 1, 1, 1, 1, 1, 1, 0, 0, 'CONV', 1, 1, 0, 0),  latency: 26.58889142857143
[2m[36m(CompileWorker pid=3552431)[0m  tensor (Large latency) dimensions: (1, 2048, 24576, 24576, 1, 1, 1, 1, 1, 1, 0, 0, 'CONV', 1, 1, 0, 0),  latency: 107.10454857142857
[2m[36m(CompileWorker pid=3552436)[0m compiled for stage:0 name: stage_0_0_acc_grad_1 module id: 1
[2m[36m(CompileWorker pid=3552426)[0m  tensor (Large latency) dimensions: (1, 2048, 24576, 24576, 1, 1, 1, 1, 1, 1, 0, 0, 'CONV', 1, 1, 0, 0),  latency: 107.10454857142857
[2m[36m(CompileWorker pid=3552434)[0m  tensor (Large latency) dimensions: (1, 2048, 12288, 12288, 1, 1, 1, 1, 1, 1, 0, 0, 'CONV', 1, 1, 0, 0),  latency: 26.58889142857143
[2m[36m(CompileWorker pid=3552434)[0m compiled for stage:2 name: stage_0_1_acc_grad_1 module id: 1
[2m[36m(CompileWorker pid=3552435)[0m  tensor (Large latency) dimensions: (1, 2048, 12288, 12288, 1, 1, 1, 1, 1, 1, 0, 0, 'CONV', 1, 1, 0, 0),  latency: 26.58889142857143
[2m[36m(CompileWorker pid=3552435)[0m compiled for stage:1 name: stage_0_0_acc_grad_1 module id: 1
[2m[36m(CompileWorker pid=3552425)[0m  tensor (Large latency) dimensions: (1, 2048, 12288, 12288, 1, 1, 1, 1, 1, 1, 0, 0, 'CONV', 1, 1, 0, 0),  latency: 26.58889142857143
[2m[36m(CompileWorker pid=3552433)[0m  tensor (Large latency) dimensions: (1, 2048, 12288, 12288, 1, 1, 1, 1, 1, 1, 0, 0, 'CONV', 1, 1, 0, 0),  latency: 26.58889142857143
[2m[36m(CompileWorker pid=3552427)[0m  tensor (Large latency) dimensions: (1, 2048, 24576, 24576, 1, 1, 1, 1, 1, 1, 0, 0, 'CONV', 1, 1, 0, 0),  latency: 107.10454857142857
[2m[36m(CompileWorker pid=3552432)[0m  tensor (Large latency) dimensions: (1, 2048, 12288, 12288, 1, 1, 1, 1, 1, 1, 0, 0, 'CONV', 1, 1, 0, 0),  latency: 26.58889142857143
[2m[36m(CompileWorker pid=3552432)[0m compiled for stage:4 name: stage_0_2_acc_grad_1 module id: 1
[2m[36m(CompileWorker pid=3552430)[0m  tensor (Large latency) dimensions: (1, 2048, 12288, 12288, 1, 1, 1, 1, 1, 1, 0, 0, 'CONV', 1, 1, 0, 0),  latency: 26.58889142857143
[2m[36m(CompileWorker pid=3552429)[0m  tensor (Large latency) dimensions: (1, 2048, 12288, 12288, 1, 1, 1, 1, 1, 1, 0, 0, 'CONV', 1, 1, 0, 0),  latency: 26.58889142857143
[2m[36m(CompileWorker pid=3552430)[0m compiled for stage:6 name: stage_0_3_acc_grad_1 module id: 1
[2m[36m(CompileWorker pid=3552428)[0m  tensor (Large latency) dimensions: (1, 2048, 12288, 12288, 1, 1, 1, 1, 1, 1, 0, 0, 'CONV', 1, 1, 0, 0),  latency: 26.58889142857143
[2m[36m(CompileWorker pid=3552428)[0m compiled for stage:8 name: stage_0_4_acc_grad_1 module id: 1
[2m[36m(CompileWorker pid=3552431)[0m  tensor (Large latency) dimensions: (1, 2048, 12288, 12288, 1, 1, 1, 1, 1, 1, 0, 0, 'CONV', 1, 1, 0, 0),  latency: 26.58889142857143
[2m[36m(CompileWorker pid=3552431)[0m compiled for stage:5 name: stage_0_2_acc_grad_1 module id: 1
[2m[36m(CompileWorker pid=3552426)[0m  tensor (Large latency) dimensions: (1, 2048, 12288, 12288, 1, 1, 1, 1, 1, 1, 0, 0, 'CONV', 1, 1, 0, 0),  latency: 26.58889142857143
[2m[36m(CompileWorker pid=3552426)[0m compiled for stage:10 name: stage_0_5_acc_grad_1 module id: 1
[2m[36m(CompileWorker pid=3552433)[0m  tensor (Large latency) dimensions: (1, 1024, 36864, 36864, 1, 1, 1, 1, 1, 1, 0, 0, 'CONV', 1, 1, 0, 0),  latency: 120.77348571428571
[2m[36m(CompileWorker pid=3552433)[0m compiled for stage:3 name: stage_0_1_acc_grad_1 module id: 1
[2m[36m(CompileWorker pid=3552427)[0m  tensor (Large latency) dimensions: (1, 2048, 12288, 12288, 1, 1, 1, 1, 1, 1, 0, 0, 'CONV', 1, 1, 0, 0),  latency: 26.58889142857143
[2m[36m(CompileWorker pid=3552429)[0m  tensor (Large latency) dimensions: (1, 1024, 36864, 36864, 1, 1, 1, 1, 1, 1, 0, 0, 'CONV', 1, 1, 0, 0),  latency: 120.77348571428571
[2m[36m(CompileWorker pid=3552429)[0m compiled for stage:7 name: stage_0_3_acc_grad_1 module id: 1
[2m[36m(CompileWorker pid=3552425)[0m  tensor (Large latency) dimensions: (1, 2048, 24576, 24576, 1, 1, 1, 1, 1, 1, 0, 0, 'CONV', 1, 1, 0, 0),  latency: 107.10454857142857
[2m[36m(CompileWorker pid=3552432)[0m  tensor (Large latency) dimensions: (1, 6144, 12288, 12288, 1, 1, 1, 1, 1, 1, 0, 0, 'CONV', 1, 1, 0, 0),  latency: 79.76667428571429
[2m[36m(CompileWorker pid=3552430)[0m  tensor (Large latency) dimensions: (1, 6144, 12288, 12288, 1, 1, 1, 1, 1, 1, 0, 0, 'CONV', 1, 1, 0, 0),  latency: 79.76667428571429
[2m[36m(CompileWorker pid=3552427)[0m  tensor (Large latency) dimensions: (1, 1024, 36864, 36864, 1, 1, 1, 1, 1, 1, 0, 0, 'CONV', 1, 1, 0, 0),  latency: 120.77348571428571
[2m[36m(CompileWorker pid=3552436)[0m  tensor (Large latency) dimensions: (1, 24576, 12288, 12288, 1, 1, 1, 1, 1, 1, 0, 0, 'CONV', 1, 1, 0, 0),  latency: 319.06669714285715
[2m[36m(CompileWorker pid=3552427)[0m compiled for stage:9 name: stage_0_4_acc_grad_1 module id: 1
[2m[36m(CompileWorker pid=3552431)[0m  tensor (Large latency) dimensions: (1, 6144, 12288, 12288, 1, 1, 1, 1, 1, 1, 0, 0, 'CONV', 1, 1, 0, 0),  latency: 79.76667428571429
[2m[36m(CompileWorker pid=3552425)[0m  tensor (Large latency) dimensions: (1, 2048, 12288, 12288, 1, 1, 1, 1, 1, 1, 0, 0, 'CONV', 1, 1, 0, 0),  latency: 26.58889142857143
[2m[36m(CompileWorker pid=3552425)[0m compiled for stage:11 name: stage_0_5_acc_grad_1 module id: 1
[2m[36m(CompileWorker pid=3552435)[0m  tensor (Large latency) dimensions: (1, 24576, 12288, 12288, 1, 1, 1, 1, 1, 1, 0, 0, 'CONV', 1, 1, 0, 0),  latency: 319.06669714285715
[2m[36m(CompileWorker pid=3552426)[0m  tensor (Large latency) dimensions: (1, 6144, 12288, 12288, 1, 1, 1, 1, 1, 1, 0, 0, 'CONV', 1, 1, 0, 0),  latency: 79.76667428571429
[2m[36m(CompileWorker pid=3552432)[0m  tensor (Large latency) dimensions: (1, 2048, 6144, 6144, 1, 1, 1, 1, 1, 1, 0, 0, 'CONV', 1, 1, 0, 0),  latency: 6.5536
[2m[36m(CompileWorker pid=3552428)[0m  tensor (Large latency) dimensions: (1, 6144, 12288, 12288, 1, 1, 1, 1, 1, 1, 0, 0, 'CONV', 1, 1, 0, 0),  latency: 79.76667428571429
[2m[36m(CompileWorker pid=3552434)[0m  tensor (Large latency) dimensions: (1, 24576, 12288, 12288, 1, 1, 1, 1, 1, 1, 0, 0, 'CONV', 1, 1, 0, 0),  latency: 319.06669714285715
[2m[36m(CompileWorker pid=3552430)[0m  tensor (Large latency) dimensions: (1, 2048, 6144, 6144, 1, 1, 1, 1, 1, 1, 0, 0, 'CONV', 1, 1, 0, 0),  latency: 6.5536
[2m[36m(CompileWorker pid=3552429)[0m  tensor (Large latency) dimensions: (1, 6144, 12288, 12288, 1, 1, 1, 1, 1, 1, 0, 0, 'CONV', 1, 1, 0, 0),  latency: 79.76667428571429
[2m[36m(CompileWorker pid=3552431)[0m  tensor (Large latency) dimensions: (1, 2048, 6144, 6144, 1, 1, 1, 1, 1, 1, 0, 0, 'CONV', 1, 1, 0, 0),  latency: 6.5536
[2m[36m(CompileWorker pid=3552426)[0m  tensor (Large latency) dimensions: (1, 2048, 6144, 6144, 1, 1, 1, 1, 1, 1, 0, 0, 'CONV', 1, 1, 0, 0),  latency: 6.5536
[2m[36m(CompileWorker pid=3552433)[0m  tensor (Large latency) dimensions: (1, 24576, 12288, 12288, 1, 1, 1, 1, 1, 1, 0, 0, 'CONV', 1, 1, 0, 0),  latency: 319.06669714285715
[2m[36m(CompileWorker pid=3552428)[0m  tensor (Large latency) dimensions: (1, 2048, 6144, 6144, 1, 1, 1, 1, 1, 1, 0, 0, 'CONV', 1, 1, 0, 0),  latency: 6.5536
[2m[36m(CompileWorker pid=3552429)[0m  tensor (Large latency) dimensions: (1, 2048, 6144, 6144, 1, 1, 1, 1, 1, 1, 0, 0, 'CONV', 1, 1, 0, 0),  latency: 6.5536
[2m[36m(CompileWorker pid=3552427)[0m  tensor (Large latency) dimensions: (1, 6144, 12288, 12288, 1, 1, 1, 1, 1, 1, 0, 0, 'CONV', 1, 1, 0, 0),  latency: 79.76667428571429
[2m[36m(CompileWorker pid=3552425)[0m  tensor (Large latency) dimensions: (1, 6144, 12288, 12288, 1, 1, 1, 1, 1, 1, 0, 0, 'CONV', 1, 1, 0, 0),  latency: 79.76667428571429
[2m[36m(CompileWorker pid=3552435)[0m  tensor (Large latency) dimensions: (1, 12288, 24576, 24576, 1, 1, 1, 1, 1, 1, 0, 0, 'CONV', 1, 1, 0, 0),  latency: 642.6272914285714
[2m[36m(CompileWorker pid=3552436)[0m  tensor (Large latency) dimensions: (1, 12288, 24576, 24576, 1, 1, 1, 1, 1, 1, 0, 0, 'CONV', 1, 1, 0, 0),  latency: 642.6272914285714
[2m[36m(CompileWorker pid=3552434)[0m  tensor (Large latency) dimensions: (1, 12288, 24576, 24576, 1, 1, 1, 1, 1, 1, 0, 0, 'CONV', 1, 1, 0, 0),  latency: 642.6272914285714
[2m[36m(CompileWorker pid=3552432)[0m  tensor (Large latency) dimensions: (1, 12288, 18432, 18432, 1, 1, 1, 1, 1, 1, 0, 0, 'CONV', 1, 1, 0, 0),  latency: 360.6352457142857
[2m[36m(CompileWorker pid=3552427)[0m  tensor (Large latency) dimensions: (1, 2048, 6144, 6144, 1, 1, 1, 1, 1, 1, 0, 0, 'CONV', 1, 1, 0, 0),  latency: 6.5536
[2m[36m(CompileWorker pid=3552430)[0m  tensor (Large latency) dimensions: (1, 12288, 18432, 18432, 1, 1, 1, 1, 1, 1, 0, 0, 'CONV', 1, 1, 0, 0),  latency: 360.6352457142857
[2m[36m(CompileWorker pid=3552425)[0m  tensor (Large latency) dimensions: (1, 2048, 6144, 6144, 1, 1, 1, 1, 1, 1, 0, 0, 'CONV', 1, 1, 0, 0),  latency: 6.5536
[2m[36m(CompileWorker pid=3552433)[0m  tensor (Large latency) dimensions: (1, 12288, 24576, 24576, 1, 1, 1, 1, 1, 1, 0, 0, 'CONV', 1, 1, 0, 0),  latency: 642.6272914285714
[2m[36m(CompileWorker pid=3552428)[0m  tensor (Large latency) dimensions: (1, 12288, 18432, 18432, 1, 1, 1, 1, 1, 1, 0, 0, 'CONV', 1, 1, 0, 0),  latency: 360.6352457142857
[2m[36m(CompileWorker pid=3552432)[0m  tensor (Large latency) dimensions: (1, 2048, 12288, 12288, 1, 1, 1, 1, 1, 1, 0, 0, 'CONV', 1, 1, 0, 0),  latency: 26.58889142857143
[2m[36m(CompileWorker pid=3552426)[0m  tensor (Large latency) dimensions: (1, 12288, 18432, 18432, 1, 1, 1, 1, 1, 1, 0, 0, 'CONV', 1, 1, 0, 0),  latency: 360.6352457142857
[2m[36m(CompileWorker pid=3552431)[0m  tensor (Large latency) dimensions: (1, 12288, 18432, 18432, 1, 1, 1, 1, 1, 1, 0, 0, 'CONV', 1, 1, 0, 0),  latency: 360.6352457142857
[2m[36m(CompileWorker pid=3552429)[0m  tensor (Large latency) dimensions: (1, 12288, 18432, 18432, 1, 1, 1, 1, 1, 1, 0, 0, 'CONV', 1, 1, 0, 0),  latency: 360.6352457142857
[2m[36m(CompileWorker pid=3552436)[0m  tensor (Large latency) dimensions: (1, 6144, 12288, 12288, 1, 1, 1, 1, 1, 1, 0, 0, 'CONV', 1, 1, 0, 0),  latency: 79.76667428571429
[2m[36m(CompileWorker pid=3552435)[0m  tensor (Large latency) dimensions: (1, 6144, 12288, 12288, 1, 1, 1, 1, 1, 1, 0, 0, 'CONV', 1, 1, 0, 0),  latency: 79.76667428571429
[2m[36m(CompileWorker pid=3552430)[0m  tensor (Large latency) dimensions: (1, 2048, 12288, 12288, 1, 1, 1, 1, 1, 1, 0, 0, 'CONV', 1, 1, 0, 0),  latency: 26.58889142857143
[2m[36m(CompileWorker pid=3552434)[0m  tensor (Large latency) dimensions: (1, 6144, 12288, 12288, 1, 1, 1, 1, 1, 1, 0, 0, 'CONV', 1, 1, 0, 0),  latency: 79.76667428571429
[2m[36m(CompileWorker pid=3552436)[0m  tensor (Large latency) dimensions: (1, 2048, 6144, 6144, 1, 1, 1, 1, 1, 1, 0, 0, 'CONV', 1, 1, 0, 0),  latency: 6.5536
[2m[36m(CompileWorker pid=3552428)[0m  tensor (Large latency) dimensions: (1, 2048, 12288, 12288, 1, 1, 1, 1, 1, 1, 0, 0, 'CONV', 1, 1, 0, 0),  latency: 26.58889142857143
[2m[36m(CompileWorker pid=3552431)[0m  tensor (Large latency) dimensions: (1, 2048, 12288, 12288, 1, 1, 1, 1, 1, 1, 0, 0, 'CONV', 1, 1, 0, 0),  latency: 26.58889142857143
[2m[36m(CompileWorker pid=3552429)[0m  tensor (Large latency) dimensions: (1, 2048, 12288, 12288, 1, 1, 1, 1, 1, 1, 0, 0, 'CONV', 1, 1, 0, 0),  latency: 26.58889142857143
[2m[36m(CompileWorker pid=3552435)[0m  tensor (Large latency) dimensions: (1, 2048, 6144, 6144, 1, 1, 1, 1, 1, 1, 0, 0, 'CONV', 1, 1, 0, 0),  latency: 6.5536
[2m[36m(CompileWorker pid=3552426)[0m  tensor (Large latency) dimensions: (1, 2048, 12288, 12288, 1, 1, 1, 1, 1, 1, 0, 0, 'CONV', 1, 1, 0, 0),  latency: 26.58889142857143
[2m[36m(CompileWorker pid=3552434)[0m  tensor (Large latency) dimensions: (1, 2048, 6144, 6144, 1, 1, 1, 1, 1, 1, 0, 0, 'CONV', 1, 1, 0, 0),  latency: 6.5536
[2m[36m(CompileWorker pid=3552433)[0m  tensor (Large latency) dimensions: (1, 6144, 12288, 12288, 1, 1, 1, 1, 1, 1, 0, 0, 'CONV', 1, 1, 0, 0),  latency: 79.76667428571429
[2m[36m(CompileWorker pid=3552427)[0m  tensor (Large latency) dimensions: (1, 12288, 18432, 18432, 1, 1, 1, 1, 1, 1, 0, 0, 'CONV', 1, 1, 0, 0),  latency: 360.6352457142857
[2m[36m(CompileWorker pid=3552425)[0m  tensor (Large latency) dimensions: (1, 12288, 18432, 18432, 1, 1, 1, 1, 1, 1, 0, 0, 'CONV', 1, 1, 0, 0),  latency: 360.6352457142857
[2m[36m(CompileWorker pid=3552433)[0m  tensor (Large latency) dimensions: (1, 2048, 6144, 6144, 1, 1, 1, 1, 1, 1, 0, 0, 'CONV', 1, 1, 0, 0),  latency: 6.5536
[2m[36m(CompileWorker pid=3552427)[0m  tensor (Large latency) dimensions: (1, 2048, 12288, 12288, 1, 1, 1, 1, 1, 1, 0, 0, 'CONV', 1, 1, 0, 0),  latency: 26.58889142857143
[2m[36m(CompileWorker pid=3552432)[0m  tensor (Large latency) dimensions: (1, 24576, 12288, 12288, 1, 1, 1, 1, 1, 1, 0, 0, 'CONV', 1, 1, 0, 0),  latency: 319.06669714285715
[2m[36m(CompileWorker pid=3552425)[0m  tensor (Large latency) dimensions: (1, 2048, 12288, 12288, 1, 1, 1, 1, 1, 1, 0, 0, 'CONV', 1, 1, 0, 0),  latency: 26.58889142857143
[2m[36m(CompileWorker pid=3552436)[0m  tensor (Large latency) dimensions: (1, 12288, 18432, 18432, 1, 1, 1, 1, 1, 1, 0, 0, 'CONV', 1, 1, 0, 0),  latency: 360.6352457142857
[2m[36m(CompileWorker pid=3552430)[0m  tensor (Large latency) dimensions: (1, 24576, 12288, 12288, 1, 1, 1, 1, 1, 1, 0, 0, 'CONV', 1, 1, 0, 0),  latency: 319.06669714285715
[2m[36m(CompileWorker pid=3552435)[0m  tensor (Large latency) dimensions: (1, 12288, 18432, 18432, 1, 1, 1, 1, 1, 1, 0, 0, 'CONV', 1, 1, 0, 0),  latency: 360.6352457142857
[2m[36m(CompileWorker pid=3552434)[0m  tensor (Large latency) dimensions: (1, 12288, 18432, 18432, 1, 1, 1, 1, 1, 1, 0, 0, 'CONV', 1, 1, 0, 0),  latency: 360.6352457142857
[2m[36m(CompileWorker pid=3552436)[0m  tensor (Large latency) dimensions: (1, 2048, 12288, 12288, 1, 1, 1, 1, 1, 1, 0, 0, 'CONV', 1, 1, 0, 0),  latency: 26.58889142857143
[2m[36m(CompileWorker pid=3552431)[0m  tensor (Large latency) dimensions: (1, 24576, 12288, 12288, 1, 1, 1, 1, 1, 1, 0, 0, 'CONV', 1, 1, 0, 0),  latency: 319.06669714285715
[2m[36m(CompileWorker pid=3552429)[0m  tensor (Large latency) dimensions: (1, 24576, 12288, 12288, 1, 1, 1, 1, 1, 1, 0, 0, 'CONV', 1, 1, 0, 0),  latency: 319.06669714285715
[2m[36m(CompileWorker pid=3552428)[0m  tensor (Large latency) dimensions: (1, 24576, 12288, 12288, 1, 1, 1, 1, 1, 1, 0, 0, 'CONV', 1, 1, 0, 0),  latency: 319.06669714285715
[2m[36m(CompileWorker pid=3552435)[0m  tensor (Large latency) dimensions: (1, 2048, 12288, 12288, 1, 1, 1, 1, 1, 1, 0, 0, 'CONV', 1, 1, 0, 0),  latency: 26.58889142857143
[2m[36m(CompileWorker pid=3552426)[0m  tensor (Large latency) dimensions: (1, 24576, 12288, 12288, 1, 1, 1, 1, 1, 1, 0, 0, 'CONV', 1, 1, 0, 0),  latency: 319.06669714285715
[2m[36m(CompileWorker pid=3552434)[0m  tensor (Large latency) dimensions: (1, 2048, 12288, 12288, 1, 1, 1, 1, 1, 1, 0, 0, 'CONV', 1, 1, 0, 0),  latency: 26.58889142857143
[2m[36m(CompileWorker pid=3552436)[0m  tensor (Large latency) dimensions: (1, 1024, 12288, 12288, 1, 1, 1, 1, 1, 1, 0, 0, 'CONV', 1, 1, 0, 0),  latency: 13.294445714285715
[2m[36m(CompileWorker pid=3552435)[0m  tensor (Large latency) dimensions: (1, 1024, 12288, 12288, 1, 1, 1, 1, 1, 1, 0, 0, 'CONV', 1, 1, 0, 0),  latency: 13.294445714285715
[2m[36m(CompileWorker pid=3552433)[0m  tensor (Large latency) dimensions: (1, 12288, 36864, 36864, 1, 1, 1, 1, 1, 1, 0, 0, 'CONV', 1, 1, 0, 0),  latency: 1449.2818285714286
[2m[36m(CompileWorker pid=3552432)[0m  tensor (Large latency) dimensions: (1, 12288, 24576, 24576, 1, 1, 1, 1, 1, 1, 0, 0, 'CONV', 1, 1, 0, 0),  latency: 642.6272914285714
[2m[36m(CompileWorker pid=3552434)[0m  tensor (Large latency) dimensions: (1, 1024, 12288, 12288, 1, 1, 1, 1, 1, 1, 0, 0, 'CONV', 1, 1, 0, 0),  latency: 13.294445714285715
[2m[36m(CompileWorker pid=3552427)[0m  tensor (Large latency) dimensions: (1, 24576, 12288, 12288, 1, 1, 1, 1, 1, 1, 0, 0, 'CONV', 1, 1, 0, 0),  latency: 319.06669714285715
[2m[36m(CompileWorker pid=3552430)[0m  tensor (Large latency) dimensions: (1, 12288, 24576, 24576, 1, 1, 1, 1, 1, 1, 0, 0, 'CONV', 1, 1, 0, 0),  latency: 642.6272914285714
[2m[36m(CompileWorker pid=3552436)[0m  tensor (Large latency) dimensions: (1, 50257, 12288, 12288, 1, 1, 1, 1, 1, 1, 0, 0, 'CONV', 1, 1, 0, 0),  latency: 4325.884891428572
[2m[36m(CompileWorker pid=3552433)[0m  tensor (Large latency) dimensions: (1, 2048, 12288, 12288, 1, 1, 1, 1, 1, 1, 0, 0, 'CONV', 1, 1, 0, 0),  latency: 26.58889142857143
[2m[36m(CompileWorker pid=3552432)[0m  tensor (Large latency) dimensions: (1, 1024, 12288, 12288, 1, 1, 1, 1, 1, 1, 0, 0, 'CONV', 1, 1, 0, 0),  latency: 13.294445714285715
[2m[36m(CompileWorker pid=3552425)[0m  tensor (Large latency) dimensions: (1, 24576, 12288, 12288, 1, 1, 1, 1, 1, 1, 0, 0, 'CONV', 1, 1, 0, 0),  latency: 319.06669714285715
[2m[36m(CompileWorker pid=3552435)[0m  tensor (Large latency) dimensions: (1, 50257, 12288, 12288, 1, 1, 1, 1, 1, 1, 0, 0, 'CONV', 1, 1, 0, 0),  latency: 4325.884891428572
[2m[36m(CompileWorker pid=3552431)[0m  tensor (Large latency) dimensions: (1, 12288, 24576, 24576, 1, 1, 1, 1, 1, 1, 0, 0, 'CONV', 1, 1, 0, 0),  latency: 642.6272914285714
[2m[36m(CompileWorker pid=3552428)[0m  tensor (Large latency) dimensions: (1, 12288, 24576, 24576, 1, 1, 1, 1, 1, 1, 0, 0, 'CONV', 1, 1, 0, 0),  latency: 642.6272914285714
[2m[36m(CompileWorker pid=3552434)[0m  tensor (Large latency) dimensions: (1, 50257, 12288, 12288, 1, 1, 1, 1, 1, 1, 0, 0, 'CONV', 1, 1, 0, 0),  latency: 4325.884891428572
[2m[36m(CompileWorker pid=3552430)[0m  tensor (Large latency) dimensions: (1, 1024, 12288, 12288, 1, 1, 1, 1, 1, 1, 0, 0, 'CONV', 1, 1, 0, 0),  latency: 13.294445714285715
[2m[36m(CompileWorker pid=3552429)[0m  tensor (Large latency) dimensions: (1, 12288, 24576, 24576, 1, 1, 1, 1, 1, 1, 0, 0, 'CONV', 1, 1, 0, 0),  latency: 642.6272914285714
[2m[36m(CompileWorker pid=3552426)[0m  tensor (Large latency) dimensions: (1, 12288, 24576, 24576, 1, 1, 1, 1, 1, 1, 0, 0, 'CONV', 1, 1, 0, 0),  latency: 642.6272914285714
[2m[36m(CompileWorker pid=3552431)[0m  tensor (Large latency) dimensions: (1, 1024, 12288, 12288, 1, 1, 1, 1, 1, 1, 0, 0, 'CONV', 1, 1, 0, 0),  latency: 13.294445714285715
[2m[36m(CompileWorker pid=3552428)[0m  tensor (Large latency) dimensions: (1, 1024, 12288, 12288, 1, 1, 1, 1, 1, 1, 0, 0, 'CONV', 1, 1, 0, 0),  latency: 13.294445714285715
[2m[36m(CompileWorker pid=3552426)[0m  tensor (Large latency) dimensions: (1, 1024, 12288, 12288, 1, 1, 1, 1, 1, 1, 0, 0, 'CONV', 1, 1, 0, 0),  latency: 13.294445714285715
[2m[36m(CompileWorker pid=3552432)[0m  tensor (Large latency) dimensions: (1, 50257, 12288, 12288, 1, 1, 1, 1, 1, 1, 0, 0, 'CONV', 1, 1, 0, 0),  latency: 4325.884891428572
[2m[36m(CompileWorker pid=3552430)[0m  tensor (Large latency) dimensions: (1, 50257, 12288, 12288, 1, 1, 1, 1, 1, 1, 0, 0, 'CONV', 1, 1, 0, 0),  latency: 4325.884891428572
[2m[36m(CompileWorker pid=3552433)[0m  tensor (Large latency) dimensions: (1, 12288, 18432, 18432, 1, 1, 1, 1, 1, 1, 0, 0, 'CONV', 1, 1, 0, 0),  latency: 360.6352457142857
[2m[36m(CompileWorker pid=3552427)[0m  tensor (Large latency) dimensions: (1, 12288, 24576, 24576, 1, 1, 1, 1, 1, 1, 0, 0, 'CONV', 1, 1, 0, 0),  latency: 642.6272914285714
[2m[36m(CompileWorker pid=3552431)[0m  tensor (Large latency) dimensions: (1, 50257, 12288, 12288, 1, 1, 1, 1, 1, 1, 0, 0, 'CONV', 1, 1, 0, 0),  latency: 4325.884891428572
[2m[36m(CompileWorker pid=3552428)[0m  tensor (Large latency) dimensions: (1, 50257, 12288, 12288, 1, 1, 1, 1, 1, 1, 0, 0, 'CONV', 1, 1, 0, 0),  latency: 4325.884891428572
[2m[36m(CompileWorker pid=3552425)[0m  tensor (Large latency) dimensions: (1, 12288, 24576, 24576, 1, 1, 1, 1, 1, 1, 0, 0, 'CONV', 1, 1, 0, 0),  latency: 642.6272914285714
[2m[36m(CompileWorker pid=3552426)[0m  tensor (Large latency) dimensions: (1, 50257, 12288, 12288, 1, 1, 1, 1, 1, 1, 0, 0, 'CONV', 1, 1, 0, 0),  latency: 4325.884891428572
[2m[36m(CompileWorker pid=3552429)[0m  tensor (Large latency) dimensions: (1, 12288, 36864, 36864, 1, 1, 1, 1, 1, 1, 0, 0, 'CONV', 1, 1, 0, 0),  latency: 1449.2818285714286
[2m[36m(CompileWorker pid=3552433)[0m  tensor (Large latency) dimensions: (1, 2048, 12288, 12288, 1, 1, 1, 1, 1, 1, 0, 0, 'CONV', 1, 1, 0, 0),  latency: 26.58889142857143
[2m[36m(CompileWorker pid=3552429)[0m  tensor (Large latency) dimensions: (1, 2048, 12288, 12288, 1, 1, 1, 1, 1, 1, 0, 0, 'CONV', 1, 1, 0, 0),  latency: 26.58889142857143
[2m[36m(CompileWorker pid=3552433)[0m  tensor (Large latency) dimensions: (1, 1024, 12288, 12288, 1, 1, 1, 1, 1, 1, 0, 0, 'CONV', 1, 1, 0, 0),  latency: 13.294445714285715
[2m[36m(CompileWorker pid=3552425)[0m  tensor (Large latency) dimensions: (1, 1024, 12288, 12288, 1, 1, 1, 1, 1, 1, 0, 0, 'CONV', 1, 1, 0, 0),  latency: 13.294445714285715
[2m[36m(CompileWorker pid=3552427)[0m  tensor (Large latency) dimensions: (1, 12288, 36864, 36864, 1, 1, 1, 1, 1, 1, 0, 0, 'CONV', 1, 1, 0, 0),  latency: 1449.2818285714286
[2m[36m(CompileWorker pid=3552429)[0m  tensor (Large latency) dimensions: (1, 1024, 12288, 12288, 1, 1, 1, 1, 1, 1, 0, 0, 'CONV', 1, 1, 0, 0),  latency: 13.294445714285715
[2m[36m(CompileWorker pid=3552436)[0m compiled for stage:12 name: stage_0_6_acc_grad_0 module id: 0
[2m[36m(CompileWorker pid=3552434)[0m compiled for stage:14 name: stage_0_7_acc_grad_0 module id: 0
[2m[36m(CompileWorker pid=3552433)[0m  tensor (Large latency) dimensions: (1, 50257, 12288, 12288, 1, 1, 1, 1, 1, 1, 0, 0, 'CONV', 1, 1, 0, 0),  latency: 4325.884891428572
[2m[36m(CompileWorker pid=3552425)[0m  tensor (Large latency) dimensions: (1, 50257, 12288, 12288, 1, 1, 1, 1, 1, 1, 0, 0, 'CONV', 1, 1, 0, 0),  latency: 4325.884891428572
[2m[36m(CompileWorker pid=3552435)[0m compiled for stage:13 name: stage_0_6_acc_grad_0 module id: 0
[2m[36m(CompileWorker pid=3552434)[0m compiled for stage:14 name: stage_0_7_acc_grad_1 module id: 1
[2m[36m(CompileWorker pid=3552436)[0m compiled for stage:12 name: stage_0_6_acc_grad_1 module id: 1
[2m[36m(CompileWorker pid=3552427)[0m  tensor (Large latency) dimensions: (1, 2048, 12288, 12288, 1, 1, 1, 1, 1, 1, 0, 0, 'CONV', 1, 1, 0, 0),  latency: 26.58889142857143
[2m[36m(CompileWorker pid=3552429)[0m  tensor (Large latency) dimensions: (1, 50257, 12288, 12288, 1, 1, 1, 1, 1, 1, 0, 0, 'CONV', 1, 1, 0, 0),  latency: 4325.884891428572
[2m[36m(CompileWorker pid=3552430)[0m compiled for stage:16 name: stage_0_8_acc_grad_0 module id: 0
[2m[36m(CompileWorker pid=3552430)[0m compiled for stage:16 name: stage_0_8_acc_grad_1 module id: 1
[2m[36m(CompileWorker pid=3552429)[0m compiled for stage:24 name: stage_1_1_acc_grad_0 module id: 0
[2m[36m(CompileWorker pid=3552429)[0m compiled for stage:24 name: stage_1_1_acc_grad_1 module id: 1
[2m[36m(CompileWorker pid=3552427)[0m  tensor (Large latency) dimensions: (1, 1024, 12288, 12288, 1, 1, 1, 1, 1, 1, 0, 0, 'CONV', 1, 1, 0, 0),  latency: 13.294445714285715
[2m[36m(CompileWorker pid=3552430)[0m compiled for stage:25 name: stage_1_1_acc_grad_0 module id: 0
[2m[36m(CompileWorker pid=3552430)[0m compiled for stage:25 name: stage_1_1_acc_grad_1 module id: 1
[2m[36m(CompileWorker pid=3552435)[0m  tensor (Large latency) dimensions: (1, 1024, 12288, 12288, 1, 1, 1, 1, 1, 1, 0, 0, 'CONV', 1, 1, 0, 0),  latency: 13.294445714285715
[2m[36m(CompileWorker pid=3552435)[0m compiled for stage:13 name: stage_0_6_acc_grad_1 module id: 1
[2m[36m(CompileWorker pid=3552429)[0m compiled for stage:26 name: stage_1_2_acc_grad_0 module id: 0
[2m[36m(CompileWorker pid=3552429)[0m compiled for stage:26 name: stage_1_2_acc_grad_1 module id: 1
[2m[36m(CompileWorker pid=3552427)[0m  tensor (Large latency) dimensions: (1, 50257, 12288, 12288, 1, 1, 1, 1, 1, 1, 0, 0, 'CONV', 1, 1, 0, 0),  latency: 4325.884891428572
[2m[36m(CompileWorker pid=3552428)[0m compiled for stage:18 name: stage_0_9_acc_grad_0 module id: 0
[2m[36m(CompileWorker pid=3552430)[0m compiled for stage:27 name: stage_1_2_acc_grad_0 module id: 0
[2m[36m(CompileWorker pid=3552432)[0m compiled for stage:15 name: stage_0_7_acc_grad_0 module id: 0
[2m[36m(CompileWorker pid=3552430)[0m compiled for stage:27 name: stage_1_2_acc_grad_1 module id: 1
[2m[36m(CompileWorker pid=3552432)[0m compiled for stage:15 name: stage_0_7_acc_grad_1 module id: 1
[2m[36m(CompileWorker pid=3552428)[0m compiled for stage:18 name: stage_0_9_acc_grad_1 module id: 1
[2m[36m(CompileWorker pid=3552429)[0m compiled for stage:28 name: stage_1_3_acc_grad_0 module id: 0
[2m[36m(CompileWorker pid=3552429)[0m compiled for stage:28 name: stage_1_3_acc_grad_1 module id: 1
[2m[36m(CompileWorker pid=3552435)[0m  tensor (Large latency) dimensions: (1, 12288, 12288, 12288, 1, 1, 1, 1, 1, 1, 0, 0, 'CONV', 1, 1, 0, 0),  latency: 159.53334857142858
[2m[36m(CompileWorker pid=3552431)[0m compiled for stage:17 name: stage_0_8_acc_grad_0 module id: 0
[2m[36m(CompileWorker pid=3552427)[0m compiled for stage:29 name: stage_1_3_acc_grad_0 module id: 0
[2m[36m(CompileWorker pid=3552431)[0m compiled for stage:17 name: stage_0_8_acc_grad_1 module id: 1
[2m[36m(CompileWorker pid=3552427)[0m compiled for stage:29 name: stage_1_3_acc_grad_1 module id: 1
[2m[36m(CompileWorker pid=3552430)[0m compiled for stage:30 name: stage_1_4_acc_grad_0 module id: 0
[2m[36m(CompileWorker pid=3552430)[0m compiled for stage:30 name: stage_1_4_acc_grad_1 module id: 1
[2m[36m(CompileWorker pid=3552433)[0m compiled for stage:20 name: stage_0_10_acc_grad_0 module id: 0
[2m[36m(CompileWorker pid=3552433)[0m compiled for stage:20 name: stage_0_10_acc_grad_1 module id: 1
[2m[36m(CompileWorker pid=3552432)[0m compiled for stage:31 name: stage_1_4_acc_grad_0 module id: 0
[2m[36m(CompileWorker pid=3552432)[0m compiled for stage:31 name: stage_1_4_acc_grad_1 module id: 1
[2m[36m(CompileWorker pid=3552434)[0m compiled for stage:22 name: stage_0_11_acc_grad_0 module id: 0
[2m[36m(CompileWorker pid=3552428)[0m compiled for stage:32 name: stage_1_5_acc_grad_0 module id: 0
[2m[36m(CompileWorker pid=3552428)[0m compiled for stage:32 name: stage_1_5_acc_grad_1 module id: 1
[2m[36m(CompileWorker pid=3552434)[0m compiled for stage:22 name: stage_0_11_acc_grad_1 module id: 1
[2m[36m(CompileWorker pid=3552425)[0m compiled for stage:21 name: stage_0_10_acc_grad_0 module id: 0
[2m[36m(CompileWorker pid=3552425)[0m compiled for stage:21 name: stage_0_10_acc_grad_1 module id: 1
[2m[36m(CompileWorker pid=3552435)[0m compiled for stage:35 name: stage_1_6_acc_grad_0 module id: 0
[2m[36m(CompileWorker pid=3552426)[0m compiled for stage:19 name: stage_0_9_acc_grad_0 module id: 0
[2m[36m(CompileWorker pid=3552435)[0m compiled for stage:35 name: stage_1_6_acc_grad_1 module id: 1
[2m[36m(CompileWorker pid=3552427)[0m compiled for stage:34 name: stage_1_6_acc_grad_0 module id: 0
[2m[36m(CompileWorker pid=3552427)[0m compiled for stage:34 name: stage_1_6_acc_grad_1 module id: 1
[2m[36m(CompileWorker pid=3552434)[0m  tensor (Large latency) dimensions: (1, 12288, 50257, 50257, 1, 1, 1, 1, 1, 1, 0, 0, 'CONV', 1, 1, 0, 0),  latency: 31918.00680860119
[2m[36m(CompileWorker pid=3552429)[0m compiled for stage:33 name: stage_1_5_acc_grad_0 module id: 0
[2m[36m(CompileWorker pid=3552429)[0m compiled for stage:33 name: stage_1_5_acc_grad_1 module id: 1
[2m[36m(CompileWorker pid=3552431)[0m compiled for stage:36 name: stage_1_7_acc_grad_0 module id: 0
[2m[36m(CompileWorker pid=3552431)[0m compiled for stage:36 name: stage_1_7_acc_grad_1 module id: 1
[2m[36m(CompileWorker pid=3552426)[0m  tensor (Large latency) dimensions: (1, 1024, 12288, 12288, 1, 1, 1, 1, 1, 1, 0, 0, 'CONV', 1, 1, 0, 0),  latency: 13.294445714285715
[2m[36m(CompileWorker pid=3552426)[0m compiled for stage:19 name: stage_0_9_acc_grad_1 module id: 1
[2m[36m(CompileWorker pid=3552434)[0m  tensor (Large latency) dimensions: (1, 2048, 12288, 12288, 1, 1, 1, 1, 1, 1, 0, 0, 'CONV', 1, 1, 0, 0),  latency: 26.58889142857143
[2m[36m(CompileWorker pid=3552434)[0m compiled for stage:46 name: stage_2_2_acc_grad_0 module id: 0
[2m[36m(CompileWorker pid=3552434)[0m compiled for stage:46 name: stage_2_2_acc_grad_1 module id: 1
[2m[36m(CompileWorker pid=3552434)[0m compiled for stage:47 name: stage_2_2_acc_grad_0 module id: 0
[2m[36m(CompileWorker pid=3552436)[0m compiled for stage:23 name: stage_0_11_acc_grad_0 module id: 0
[2m[36m(CompileWorker pid=3552432)[0m compiled for stage:38 name: stage_1_8_acc_grad_0 module id: 0
[2m[36m(CompileWorker pid=3552430)[0m compiled for stage:37 name: stage_1_7_acc_grad_0 module id: 0
[2m[36m(CompileWorker pid=3552434)[0m compiled for stage:47 name: stage_2_2_acc_grad_1 module id: 1
[2m[36m(CompileWorker pid=3552430)[0m compiled for stage:37 name: stage_1_7_acc_grad_1 module id: 1
[2m[36m(CompileWorker pid=3552432)[0m compiled for stage:38 name: stage_1_8_acc_grad_1 module id: 1
[2m[36m(CompileWorker pid=3552426)[0m  tensor (Large latency) dimensions: (1, 12288, 12288, 12288, 1, 1, 1, 1, 1, 1, 0, 0, 'CONV', 1, 1, 0, 0),  latency: 159.53334857142858
[2m[36m(CompileWorker pid=3552436)[0m compiled for stage:23 name: stage_0_11_acc_grad_1 module id: 1
[2m[36m(CompileWorker pid=3552434)[0m compiled for stage:50 name: stage_2_4_acc_grad_0 module id: 0
[2m[36m(CompileWorker pid=3552436)[0m  tensor (Large latency) dimensions: (1, 12288, 50257, 50257, 1, 1, 1, 1, 1, 1, 0, 0, 'CONV', 1, 1, 0, 0),  latency: 31918.00680860119
[2m[36m(CompileWorker pid=3552433)[0m compiled for stage:39 name: stage_1_8_acc_grad_0 module id: 0
[2m[36m(CompileWorker pid=3552434)[0m compiled for stage:50 name: stage_2_4_acc_grad_1 module id: 1
[2m[36m(CompileWorker pid=3552433)[0m compiled for stage:39 name: stage_1_8_acc_grad_1 module id: 1
[2m[36m(CompileWorker pid=3552432)[0m compiled for stage:49 name: stage_2_3_acc_grad_0 module id: 0
[2m[36m(CompileWorker pid=3552432)[0m compiled for stage:49 name: stage_2_3_acc_grad_1 module id: 1
[2m[36m(CompileWorker pid=3552430)[0m compiled for stage:48 name: stage_2_3_acc_grad_0 module id: 0
[2m[36m(CompileWorker pid=3552430)[0m compiled for stage:48 name: stage_2_3_acc_grad_1 module id: 1
[2m[36m(CompileWorker pid=3552428)[0m compiled for stage:40 name: stage_1_9_acc_grad_0 module id: 0
[2m[36m(CompileWorker pid=3552425)[0m compiled for stage:41 name: stage_1_9_acc_grad_0 module id: 0
[2m[36m(CompileWorker pid=3552436)[0m  tensor (Large latency) dimensions: (1, 2048, 12288, 12288, 1, 1, 1, 1, 1, 1, 0, 0, 'CONV', 1, 1, 0, 0),  latency: 26.58889142857143
[2m[36m(CompileWorker pid=3552428)[0m compiled for stage:40 name: stage_1_9_acc_grad_1 module id: 1
[2m[36m(CompileWorker pid=3552425)[0m compiled for stage:41 name: stage_1_9_acc_grad_1 module id: 1
[2m[36m(CompileWorker pid=3552435)[0m compiled for stage:42 name: stage_1_10_acc_grad_0 module id: 0
[2m[36m(CompileWorker pid=3552435)[0m compiled for stage:42 name: stage_1_10_acc_grad_1 module id: 1
[2m[36m(CompileWorker pid=3552426)[0m compiled for stage:51 name: stage_2_4_acc_grad_0 module id: 0
[2m[36m(CompileWorker pid=3552426)[0m compiled for stage:51 name: stage_2_4_acc_grad_1 module id: 1
[2m[36m(CompileWorker pid=3552430)[0m compiled for stage:54 name: stage_2_6_acc_grad_0 module id: 0
[2m[36m(CompileWorker pid=3552427)[0m compiled for stage:43 name: stage_1_10_acc_grad_0 module id: 0
[2m[36m(CompileWorker pid=3552430)[0m compiled for stage:54 name: stage_2_6_acc_grad_1 module id: 1
[2m[36m(CompileWorker pid=3552427)[0m compiled for stage:43 name: stage_1_10_acc_grad_1 module id: 1
[2m[36m(CompileWorker pid=3552432)[0m compiled for stage:53 name: stage_2_5_acc_grad_0 module id: 0
[2m[36m(CompileWorker pid=3552432)[0m compiled for stage:53 name: stage_2_5_acc_grad_1 module id: 1
[2m[36m(CompileWorker pid=3552434)[0m compiled for stage:52 name: stage_2_5_acc_grad_0 module id: 0
[2m[36m(CompileWorker pid=3552433)[0m compiled for stage:55 name: stage_2_6_acc_grad_0 module id: 0
[2m[36m(CompileWorker pid=3552434)[0m compiled for stage:52 name: stage_2_5_acc_grad_1 module id: 1
[2m[36m(CompileWorker pid=3552433)[0m compiled for stage:55 name: stage_2_6_acc_grad_1 module id: 1
[2m[36m(CompileWorker pid=3552429)[0m compiled for stage:44 name: stage_1_11_acc_grad_0 module id: 0
[2m[36m(CompileWorker pid=3552429)[0m compiled for stage:44 name: stage_1_11_acc_grad_1 module id: 1
[2m[36m(CompileWorker pid=3552428)[0m compiled for stage:56 name: stage_2_7_acc_grad_0 module id: 0
[2m[36m(CompileWorker pid=3552428)[0m compiled for stage:56 name: stage_2_7_acc_grad_1 module id: 1
[2m[36m(CompileWorker pid=3552436)[0m compiled for stage:58 name: stage_2_8_acc_grad_0 module id: 0
[2m[36m(CompileWorker pid=3552436)[0m compiled for stage:58 name: stage_2_8_acc_grad_1 module id: 1
[2m[36m(CompileWorker pid=3552429)[0m  tensor (Large latency) dimensions: (1, 6144, 50257, 50257, 1, 1, 1, 1, 1, 1, 0, 0, 'CONV', 1, 1, 0, 0),  latency: 15959.003404300594
[2m[36m(CompileWorker pid=3552431)[0m compiled for stage:45 name: stage_1_11_acc_grad_0 module id: 0
[2m[36m(CompileWorker pid=3552431)[0m compiled for stage:45 name: stage_1_11_acc_grad_1 module id: 1
[2m[36m(CompileWorker pid=3552436)[0m compiled for stage:66 name: stage_3_3_acc_grad_0 module id: 0
[2m[36m(CompileWorker pid=3552436)[0m compiled for stage:66 name: stage_3_3_acc_grad_1 module id: 1
[2m[36m(CompileWorker pid=3552425)[0m compiled for stage:57 name: stage_2_7_acc_grad_0 module id: 0
[2m[36m(CompileWorker pid=3552425)[0m compiled for stage:57 name: stage_2_7_acc_grad_1 module id: 1
[2m[36m(CompileWorker pid=3552431)[0m  tensor (Large latency) dimensions: (1, 6144, 50257, 50257, 1, 1, 1, 1, 1, 1, 0, 0, 'CONV', 1, 1, 0, 0),  latency: 15959.003404300594
[2m[36m(CompileWorker pid=3552436)[0m compiled for stage:67 name: stage_3_3_acc_grad_0 module id: 0
[2m[36m(CompileWorker pid=3552436)[0m compiled for stage:67 name: stage_3_3_acc_grad_1 module id: 1
[2m[36m(CompileWorker pid=3552429)[0m  tensor (Large latency) dimensions: (1, 2048, 12288, 12288, 1, 1, 1, 1, 1, 1, 0, 0, 'CONV', 1, 1, 0, 0),  latency: 26.58889142857143
[2m[36m(CompileWorker pid=3552434)[0m  tensor (Large latency) dimensions: (1, 12288, 6144, 6144, 1, 1, 1, 1, 1, 1, 0, 0, 'CONV', 1, 1, 0, 0),  latency: 39.3216
[2m[36m(CompileWorker pid=3552425)[0m compiled for stage:68 name: stage_3_4_acc_grad_0 module id: 0
[2m[36m(CompileWorker pid=3552426)[0m compiled for stage:59 name: stage_2_8_acc_grad_0 module id: 0
[2m[36m(CompileWorker pid=3552436)[0m compiled for stage:69 name: stage_3_4_acc_grad_0 module id: 0
[2m[36m(CompileWorker pid=3552435)[0m compiled for stage:60 name: stage_2_9_acc_grad_0 module id: 0
[2m[36m(CompileWorker pid=3552436)[0m compiled for stage:69 name: stage_3_4_acc_grad_1 module id: 1
[2m[36m(CompileWorker pid=3552426)[0m compiled for stage:59 name: stage_2_8_acc_grad_1 module id: 1
[2m[36m(CompileWorker pid=3552425)[0m compiled for stage:68 name: stage_3_4_acc_grad_1 module id: 1
[2m[36m(CompileWorker pid=3552431)[0m  tensor (Large latency) dimensions: (1, 2048, 12288, 12288, 1, 1, 1, 1, 1, 1, 0, 0, 'CONV', 1, 1, 0, 0),  latency: 26.58889142857143
[2m[36m(CompileWorker pid=3552435)[0m compiled for stage:60 name: stage_2_9_acc_grad_1 module id: 1
[2m[36m(CompileWorker pid=3552427)[0m compiled for stage:62 name: stage_2_10_acc_grad_0 module id: 0
[2m[36m(CompileWorker pid=3552429)[0m compiled for stage:70 name: stage_3_5_acc_grad_0 module id: 0
[2m[36m(CompileWorker pid=3552427)[0m compiled for stage:62 name: stage_2_10_acc_grad_1 module id: 1
[2m[36m(CompileWorker pid=3552429)[0m compiled for stage:70 name: stage_3_5_acc_grad_1 module id: 1
[2m[36m(CompileWorker pid=3552434)[0m compiled for stage:71 name: stage_3_5_acc_grad_0 module id: 0
[2m[36m(CompileWorker pid=3552434)[0m compiled for stage:71 name: stage_3_5_acc_grad_1 module id: 1
[2m[36m(CompileWorker pid=3552436)[0m compiled for stage:72 name: stage_3_6_acc_grad_0 module id: 0
[2m[36m(CompileWorker pid=3552436)[0m compiled for stage:72 name: stage_3_6_acc_grad_1 module id: 1
[2m[36m(CompileWorker pid=3552433)[0m compiled for stage:64 name: stage_2_11_acc_grad_0 module id: 0
[2m[36m(CompileWorker pid=3552425)[0m compiled for stage:73 name: stage_3_6_acc_grad_0 module id: 0
[2m[36m(CompileWorker pid=3552433)[0m compiled for stage:64 name: stage_2_11_acc_grad_1 module id: 1
[2m[36m(CompileWorker pid=3552433)[0m  tensor (Large latency) dimensions: (1, 6144, 50257, 50257, 1, 1, 1, 1, 1, 1, 0, 0, 'CONV', 1, 1, 0, 0),  latency: 15959.003404300594
[2m[36m(CompileWorker pid=3552432)[0m compiled for stage:63 name: stage_2_10_acc_grad_0 module id: 0
[2m[36m(CompileWorker pid=3552432)[0m compiled for stage:63 name: stage_2_10_acc_grad_1 module id: 1
[2m[36m(CompileWorker pid=3552426)[0m compiled for stage:76 name: stage_3_8_acc_grad_0 module id: 0
[2m[36m(CompileWorker pid=3552426)[0m compiled for stage:76 name: stage_3_8_acc_grad_1 module id: 1
[2m[36m(CompileWorker pid=3552431)[0m compiled for stage:74 name: stage_3_7_acc_grad_0 module id: 0
[2m[36m(CompileWorker pid=3552431)[0m compiled for stage:74 name: stage_3_7_acc_grad_1 module id: 1
[2m[36m(CompileWorker pid=3552430)[0m compiled for stage:61 name: stage_2_9_acc_grad_0 module id: 0
[2m[36m(CompileWorker pid=3552435)[0m compiled for stage:75 name: stage_3_7_acc_grad_0 module id: 0
[2m[36m(CompileWorker pid=3552430)[0m compiled for stage:61 name: stage_2_9_acc_grad_1 module id: 1
[2m[36m(CompileWorker pid=3552435)[0m compiled for stage:75 name: stage_3_7_acc_grad_1 module id: 1
[2m[36m(CompileWorker pid=3552433)[0m  tensor (Large latency) dimensions: (1, 2048, 12288, 12288, 1, 1, 1, 1, 1, 1, 0, 0, 'CONV', 1, 1, 0, 0),  latency: 26.58889142857143
[2m[36m(CompileWorker pid=3552425)[0m  tensor (Large latency) dimensions: (1, 1024, 12288, 12288, 1, 1, 1, 1, 1, 1, 0, 0, 'CONV', 1, 1, 0, 0),  latency: 13.294445714285715
[2m[36m(CompileWorker pid=3552425)[0m compiled for stage:73 name: stage_3_6_acc_grad_1 module id: 1
[2m[36m(CompileWorker pid=3552428)[0m compiled for stage:65 name: stage_2_11_acc_grad_0 module id: 0
[2m[36m(CompileWorker pid=3552428)[0m compiled for stage:65 name: stage_2_11_acc_grad_1 module id: 1
[2m[36m(CompileWorker pid=3552435)[0m compiled for stage:84 name: stage_4_4_acc_grad_0 module id: 0
[2m[36m(CompileWorker pid=3552435)[0m compiled for stage:84 name: stage_4_4_acc_grad_1 module id: 1
[2m[36m(CompileWorker pid=3552430)[0m compiled for stage:85 name: stage_4_4_acc_grad_0 module id: 0
[2m[36m(CompileWorker pid=3552430)[0m compiled for stage:85 name: stage_4_4_acc_grad_1 module id: 1
[2m[36m(CompileWorker pid=3552427)[0m compiled for stage:78 name: stage_3_9_acc_grad_0 module id: 0
[2m[36m(CompileWorker pid=3552433)[0m compiled for stage:86 name: stage_4_5_acc_grad_0 module id: 0
[2m[36m(CompileWorker pid=3552433)[0m compiled for stage:86 name: stage_4_5_acc_grad_1 module id: 1
[2m[36m(CompileWorker pid=3552427)[0m compiled for stage:78 name: stage_3_9_acc_grad_1 module id: 1
[2m[36m(CompileWorker pid=3552428)[0m  tensor (Large latency) dimensions: (1, 6144, 50257, 50257, 1, 1, 1, 1, 1, 1, 0, 0, 'CONV', 1, 1, 0, 0),  latency: 15959.003404300594
[2m[36m(CompileWorker pid=3552435)[0m compiled for stage:87 name: stage_4_5_acc_grad_0 module id: 0
[2m[36m(CompileWorker pid=3552435)[0m compiled for stage:87 name: stage_4_5_acc_grad_1 module id: 1
[2m[36m(CompileWorker pid=3552429)[0m compiled for stage:77 name: stage_3_8_acc_grad_0 module id: 0
[2m[36m(CompileWorker pid=3552429)[0m compiled for stage:77 name: stage_3_8_acc_grad_1 module id: 1
[2m[36m(CompileWorker pid=3552436)[0m compiled for stage:80 name: stage_3_10_acc_grad_0 module id: 0
[2m[36m(CompileWorker pid=3552436)[0m compiled for stage:80 name: stage_3_10_acc_grad_1 module id: 1
[2m[36m(CompileWorker pid=3552430)[0m compiled for stage:88 name: stage_4_6_acc_grad_0 module id: 0
[2m[36m(CompileWorker pid=3552430)[0m compiled for stage:88 name: stage_4_6_acc_grad_1 module id: 1
[2m[36m(CompileWorker pid=3552434)[0m compiled for stage:79 name: stage_3_9_acc_grad_0 module id: 0
[2m[36m(CompileWorker pid=3552434)[0m compiled for stage:79 name: stage_3_9_acc_grad_1 module id: 1
[2m[36m(CompileWorker pid=3552428)[0m  tensor (Large latency) dimensions: (1, 2048, 12288, 12288, 1, 1, 1, 1, 1, 1, 0, 0, 'CONV', 1, 1, 0, 0),  latency: 26.58889142857143
[2m[36m(CompileWorker pid=3552427)[0m compiled for stage:90 name: stage_4_7_acc_grad_0 module id: 0
[2m[36m(CompileWorker pid=3552433)[0m compiled for stage:89 name: stage_4_6_acc_grad_0 module id: 0
[2m[36m(CompileWorker pid=3552433)[0m compiled for stage:89 name: stage_4_6_acc_grad_1 module id: 1
[2m[36m(CompileWorker pid=3552427)[0m compiled for stage:90 name: stage_4_7_acc_grad_1 module id: 1
[2m[36m(CompileWorker pid=3552429)[0m compiled for stage:92 name: stage_4_8_acc_grad_0 module id: 0
[2m[36m(CompileWorker pid=3552429)[0m compiled for stage:92 name: stage_4_8_acc_grad_1 module id: 1
[2m[36m(CompileWorker pid=3552435)[0m compiled for stage:91 name: stage_4_7_acc_grad_0 module id: 0
[2m[36m(CompileWorker pid=3552435)[0m compiled for stage:91 name: stage_4_7_acc_grad_1 module id: 1
[2m[36m(CompileWorker pid=3552425)[0m  tensor (Large latency) dimensions: (1, 12288, 12288, 12288, 1, 1, 1, 1, 1, 1, 0, 0, 'CONV', 1, 1, 0, 0),  latency: 159.53334857142858
[2m[36m(CompileWorker pid=3552435)[0m compiled for stage:100 name: stage_5_5_acc_grad_0 module id: 0
[2m[36m(CompileWorker pid=3552431)[0m compiled for stage:82 name: stage_3_11_acc_grad_0 module id: 0
[2m[36m(CompileWorker pid=3552432)[0m compiled for stage:81 name: stage_3_10_acc_grad_0 module id: 0
[2m[36m(CompileWorker pid=3552435)[0m compiled for stage:100 name: stage_5_5_acc_grad_1 module id: 1
[2m[36m(CompileWorker pid=3552431)[0m compiled for stage:82 name: stage_3_11_acc_grad_1 module id: 1
[2m[36m(CompileWorker pid=3552432)[0m compiled for stage:81 name: stage_3_10_acc_grad_1 module id: 1
[2m[36m(CompileWorker pid=3552425)[0m compiled for stage:101 name: stage_5_5_acc_grad_0 module id: 0
[2m[36m(CompileWorker pid=3552425)[0m compiled for stage:101 name: stage_5_5_acc_grad_1 module id: 1
[2m[36m(CompileWorker pid=3552436)[0m compiled for stage:93 name: stage_4_8_acc_grad_0 module id: 0
[2m[36m(CompileWorker pid=3552436)[0m compiled for stage:93 name: stage_4_8_acc_grad_1 module id: 1
[2m[36m(CompileWorker pid=3552430)[0m compiled for stage:94 name: stage_4_9_acc_grad_0 module id: 0
[2m[36m(CompileWorker pid=3552434)[0m compiled for stage:95 name: stage_4_9_acc_grad_0 module id: 0
[2m[36m(CompileWorker pid=3552430)[0m compiled for stage:94 name: stage_4_9_acc_grad_1 module id: 1
[2m[36m(CompileWorker pid=3552434)[0m compiled for stage:95 name: stage_4_9_acc_grad_1 module id: 1
[2m[36m(CompileWorker pid=3552435)[0m compiled for stage:102 name: stage_5_6_acc_grad_0 module id: 0
[2m[36m(CompileWorker pid=3552435)[0m compiled for stage:102 name: stage_5_6_acc_grad_1 module id: 1
[2m[36m(CompileWorker pid=3552425)[0m compiled for stage:103 name: stage_5_6_acc_grad_0 module id: 0
[2m[36m(CompileWorker pid=3552425)[0m compiled for stage:103 name: stage_5_6_acc_grad_1 module id: 1
[2m[36m(CompileWorker pid=3552433)[0m compiled for stage:96 name: stage_4_10_acc_grad_0 module id: 0
[2m[36m(CompileWorker pid=3552426)[0m compiled for stage:83 name: stage_3_11_acc_grad_0 module id: 0
[2m[36m(CompileWorker pid=3552433)[0m compiled for stage:96 name: stage_4_10_acc_grad_1 module id: 1
[2m[36m(CompileWorker pid=3552431)[0m compiled for stage:104 name: stage_5_7_acc_grad_0 module id: 0
[2m[36m(CompileWorker pid=3552431)[0m compiled for stage:104 name: stage_5_7_acc_grad_1 module id: 1
[2m[36m(CompileWorker pid=3552426)[0m compiled for stage:83 name: stage_3_11_acc_grad_1 module id: 1
[2m[36m(CompileWorker pid=3552427)[0m compiled for stage:97 name: stage_4_10_acc_grad_0 module id: 0
[2m[36m(CompileWorker pid=3552427)[0m compiled for stage:97 name: stage_4_10_acc_grad_1 module id: 1
[2m[36m(CompileWorker pid=3552432)[0m compiled for stage:105 name: stage_5_7_acc_grad_0 module id: 0
[2m[36m(CompileWorker pid=3552432)[0m compiled for stage:105 name: stage_5_7_acc_grad_1 module id: 1
[2m[36m(CompileWorker pid=3552436)[0m compiled for stage:106 name: stage_5_8_acc_grad_0 module id: 0
[2m[36m(CompileWorker pid=3552436)[0m compiled for stage:106 name: stage_5_8_acc_grad_1 module id: 1
[2m[36m(CompileWorker pid=3552428)[0m compiled for stage:98 name: stage_4_11_acc_grad_0 module id: 0
[2m[36m(CompileWorker pid=3552426)[0m  tensor (Large latency) dimensions: (1, 6144, 50257, 50257, 1, 1, 1, 1, 1, 1, 0, 0, 'CONV', 1, 1, 0, 0),  latency: 15959.003404300594
[2m[36m(CompileWorker pid=3552432)[0m compiled for stage:114 name: stage_6_6_acc_grad_0 module id: 0
[2m[36m(CompileWorker pid=3552432)[0m compiled for stage:114 name: stage_6_6_acc_grad_1 module id: 1
[2m[36m(CompileWorker pid=3552428)[0m compiled for stage:98 name: stage_4_11_acc_grad_1 module id: 1
[2m[36m(CompileWorker pid=3552436)[0m compiled for stage:115 name: stage_6_6_acc_grad_0 module id: 0
[2m[36m(CompileWorker pid=3552436)[0m compiled for stage:115 name: stage_6_6_acc_grad_1 module id: 1
[2m[36m(CompileWorker pid=3552434)[0m compiled for stage:107 name: stage_5_8_acc_grad_0 module id: 0
[2m[36m(CompileWorker pid=3552434)[0m compiled for stage:107 name: stage_5_8_acc_grad_1 module id: 1
[2m[36m(CompileWorker pid=3552430)[0m compiled for stage:108 name: stage_5_9_acc_grad_0 module id: 0
[2m[36m(CompileWorker pid=3552430)[0m compiled for stage:108 name: stage_5_9_acc_grad_1 module id: 1
[2m[36m(CompileWorker pid=3552432)[0m compiled for stage:116 name: stage_6_7_acc_grad_0 module id: 0
[2m[36m(CompileWorker pid=3552432)[0m compiled for stage:116 name: stage_6_7_acc_grad_1 module id: 1
[2m[36m(CompileWorker pid=3552425)[0m compiled for stage:110 name: stage_5_10_acc_grad_0 module id: 0
[2m[36m(CompileWorker pid=3552425)[0m compiled for stage:110 name: stage_5_10_acc_grad_1 module id: 1
[2m[36m(CompileWorker pid=3552426)[0m  tensor (Large latency) dimensions: (1, 2048, 12288, 12288, 1, 1, 1, 1, 1, 1, 0, 0, 'CONV', 1, 1, 0, 0),  latency: 26.58889142857143
[2m[36m(CompileWorker pid=3552436)[0m compiled for stage:118 name: stage_6_8_acc_grad_0 module id: 0
[2m[36m(CompileWorker pid=3552436)[0m compiled for stage:118 name: stage_6_8_acc_grad_1 module id: 1
[2m[36m(CompileWorker pid=3552428)[0m compiled for stage:117 name: stage_6_7_acc_grad_0 module id: 0
[2m[36m(CompileWorker pid=3552428)[0m compiled for stage:117 name: stage_6_7_acc_grad_1 module id: 1
[2m[36m(CompileWorker pid=3552433)[0m compiled for stage:112 name: stage_5_11_acc_grad_0 module id: 0
[2m[36m(CompileWorker pid=3552434)[0m compiled for stage:119 name: stage_6_8_acc_grad_0 module id: 0
[2m[36m(CompileWorker pid=3552433)[0m compiled for stage:112 name: stage_5_11_acc_grad_1 module id: 1
[2m[36m(CompileWorker pid=3552434)[0m compiled for stage:119 name: stage_6_8_acc_grad_1 module id: 1
[2m[36m(CompileWorker pid=3552435)[0m compiled for stage:109 name: stage_5_9_acc_grad_0 module id: 0
[2m[36m(CompileWorker pid=3552435)[0m compiled for stage:109 name: stage_5_9_acc_grad_1 module id: 1
[2m[36m(CompileWorker pid=3552433)[0m compiled for stage:127 name: stage_7_7_acc_grad_0 module id: 0
[2m[36m(CompileWorker pid=3552433)[0m compiled for stage:127 name: stage_7_7_acc_grad_1 module id: 1
[2m[36m(CompileWorker pid=3552434)[0m compiled for stage:126 name: stage_7_7_acc_grad_0 module id: 0
[2m[36m(CompileWorker pid=3552434)[0m compiled for stage:126 name: stage_7_7_acc_grad_1 module id: 1
[2m[36m(CompileWorker pid=3552432)[0m compiled for stage:120 name: stage_6_9_acc_grad_0 module id: 0
[2m[36m(CompileWorker pid=3552432)[0m compiled for stage:120 name: stage_6_9_acc_grad_1 module id: 1
[2m[36m(CompileWorker pid=3552429)[0m compiled for stage:99 name: stage_4_11_acc_grad_0 module id: 0
[2m[36m(CompileWorker pid=3552435)[0m compiled for stage:128 name: stage_7_8_acc_grad_0 module id: 0
[2m[36m(CompileWorker pid=3552435)[0m compiled for stage:128 name: stage_7_8_acc_grad_1 module id: 1
[2m[36m(CompileWorker pid=3552429)[0m compiled for stage:99 name: stage_4_11_acc_grad_1 module id: 1
[2m[36m(CompileWorker pid=3552431)[0m compiled for stage:111 name: stage_5_10_acc_grad_0 module id: 0
[2m[36m(CompileWorker pid=3552425)[0m compiled for stage:122 name: stage_6_10_acc_grad_0 module id: 0
[2m[36m(CompileWorker pid=3552433)[0m compiled for stage:129 name: stage_7_8_acc_grad_0 module id: 0
[2m[36m(CompileWorker pid=3552433)[0m compiled for stage:129 name: stage_7_8_acc_grad_1 module id: 1
[2m[36m(CompileWorker pid=3552425)[0m compiled for stage:122 name: stage_6_10_acc_grad_1 module id: 1
[2m[36m(CompileWorker pid=3552431)[0m compiled for stage:111 name: stage_5_10_acc_grad_1 module id: 1
[2m[36m(CompileWorker pid=3552434)[0m compiled for stage:130 name: stage_7_9_acc_grad_0 module id: 0
[2m[36m(CompileWorker pid=3552434)[0m compiled for stage:130 name: stage_7_9_acc_grad_1 module id: 1
[2m[36m(CompileWorker pid=3552430)[0m compiled for stage:121 name: stage_6_9_acc_grad_0 module id: 0
[2m[36m(CompileWorker pid=3552430)[0m compiled for stage:121 name: stage_6_9_acc_grad_1 module id: 1
[2m[36m(CompileWorker pid=3552436)[0m compiled for stage:124 name: stage_6_11_acc_grad_0 module id: 0
[2m[36m(CompileWorker pid=3552436)[0m compiled for stage:124 name: stage_6_11_acc_grad_1 module id: 1
[2m[36m(CompileWorker pid=3552434)[0m compiled for stage:136 name: stage_8_8_acc_grad_0 module id: 0
[2m[36m(CompileWorker pid=3552434)[0m compiled for stage:136 name: stage_8_8_acc_grad_1 module id: 1
[2m[36m(CompileWorker pid=3552431)[0m compiled for stage:137 name: stage_8_8_acc_grad_0 module id: 0
[2m[36m(CompileWorker pid=3552431)[0m compiled for stage:137 name: stage_8_8_acc_grad_1 module id: 1
[2m[36m(CompileWorker pid=3552432)[0m compiled for stage:131 name: stage_7_9_acc_grad_0 module id: 0
[2m[36m(CompileWorker pid=3552432)[0m compiled for stage:131 name: stage_7_9_acc_grad_1 module id: 1
[2m[36m(CompileWorker pid=3552436)[0m  tensor (Large latency) dimensions: (1, 6144, 50257, 50257, 1, 1, 1, 1, 1, 1, 0, 0, 'CONV', 1, 1, 0, 0),  latency: 15959.003404300594
[2m[36m(CompileWorker pid=3552426)[0m compiled for stage:123 name: stage_6_10_acc_grad_0 module id: 0
[2m[36m(CompileWorker pid=3552426)[0m compiled for stage:123 name: stage_6_10_acc_grad_1 module id: 1
[2m[36m(CompileWorker pid=3552430)[0m compiled for stage:138 name: stage_8_9_acc_grad_0 module id: 0
[2m[36m(CompileWorker pid=3552435)[0m compiled for stage:132 name: stage_7_10_acc_grad_0 module id: 0
[2m[36m(CompileWorker pid=3552430)[0m compiled for stage:138 name: stage_8_9_acc_grad_1 module id: 1
[2m[36m(CompileWorker pid=3552435)[0m compiled for stage:132 name: stage_7_10_acc_grad_1 module id: 1
[2m[36m(CompileWorker pid=3552434)[0m compiled for stage:139 name: stage_8_9_acc_grad_0 module id: 0
[2m[36m(CompileWorker pid=3552434)[0m compiled for stage:139 name: stage_8_9_acc_grad_1 module id: 1
[2m[36m(CompileWorker pid=3552427)[0m compiled for stage:113 name: stage_5_11_acc_grad_0 module id: 0
[2m[36m(CompileWorker pid=3552433)[0m compiled for stage:134 name: stage_7_11_acc_grad_0 module id: 0
[2m[36m(CompileWorker pid=3552430)[0m compiled for stage:144 name: stage_9_9_acc_grad_0 module id: 0
[2m[36m(CompileWorker pid=3552430)[0m compiled for stage:144 name: stage_9_9_acc_grad_1 module id: 1
[2m[36m(CompileWorker pid=3552433)[0m compiled for stage:134 name: stage_7_11_acc_grad_1 module id: 1
[2m[36m(CompileWorker pid=3552428)[0m compiled for stage:125 name: stage_6_11_acc_grad_0 module id: 0
[2m[36m(CompileWorker pid=3552431)[0m compiled for stage:140 name: stage_8_10_acc_grad_0 module id: 0
[2m[36m(CompileWorker pid=3552428)[0m compiled for stage:125 name: stage_6_11_acc_grad_1 module id: 1
[2m[36m(CompileWorker pid=3552434)[0m compiled for stage:145 name: stage_9_9_acc_grad_0 module id: 0
[2m[36m(CompileWorker pid=3552431)[0m compiled for stage:140 name: stage_8_10_acc_grad_1 module id: 1
[2m[36m(CompileWorker pid=3552425)[0m compiled for stage:135 name: stage_7_11_acc_grad_0 module id: 0
[2m[36m(CompileWorker pid=3552429)[0m compiled for stage:133 name: stage_7_10_acc_grad_0 module id: 0
[2m[36m(CompileWorker pid=3552429)[0m compiled for stage:133 name: stage_7_10_acc_grad_1 module id: 1
[2m[36m(CompileWorker pid=3552434)[0m compiled for stage:145 name: stage_9_9_acc_grad_1 module id: 1
[2m[36m(CompileWorker pid=3552425)[0m compiled for stage:135 name: stage_7_11_acc_grad_1 module id: 1
[2m[36m(CompileWorker pid=3552427)[0m compiled for stage:113 name: stage_5_11_acc_grad_1 module id: 1
[2m[36m(CompileWorker pid=3552435)[0m compiled for stage:146 name: stage_9_10_acc_grad_0 module id: 0
[2m[36m(CompileWorker pid=3552430)[0m compiled for stage:147 name: stage_9_10_acc_grad_0 module id: 0
[2m[36m(CompileWorker pid=3552433)[0m compiled for stage:148 name: stage_9_11_acc_grad_0 module id: 0
[2m[36m(CompileWorker pid=3552434)[0m compiled for stage:151 name: stage_10_10_acc_grad_0 module id: 0
[2m[36m(CompileWorker pid=3552436)[0m compiled for stage:142 name: stage_8_11_acc_grad_0 module id: 0
[2m[36m(CompileWorker pid=3552432)[0m compiled for stage:141 name: stage_8_10_acc_grad_0 module id: 0
[2m[36m(CompileWorker pid=3552428)[0m compiled for stage:150 name: stage_10_10_acc_grad_0 module id: 0
[2m[36m(CompileWorker pid=3552426)[0m compiled for stage:143 name: stage_8_11_acc_grad_0 module id: 0
[2m[36m(CompileWorker pid=3552435)[0m compiled for stage:146 name: stage_9_10_acc_grad_1 module id: 1
[2m[36m(CompileWorker pid=3552430)[0m compiled for stage:147 name: stage_9_10_acc_grad_1 module id: 1
[2m[36m(CompileWorker pid=3552433)[0m compiled for stage:148 name: stage_9_11_acc_grad_1 module id: 1
[2m[36m(CompileWorker pid=3552434)[0m compiled for stage:151 name: stage_10_10_acc_grad_1 module id: 1
[2m[36m(CompileWorker pid=3552428)[0m compiled for stage:150 name: stage_10_10_acc_grad_1 module id: 1
[2m[36m(CompileWorker pid=3552436)[0m compiled for stage:142 name: stage_8_11_acc_grad_1 module id: 1
[2m[36m(CompileWorker pid=3552426)[0m compiled for stage:143 name: stage_8_11_acc_grad_1 module id: 1
[2m[36m(CompileWorker pid=3552425)[0m  tensor (Large latency) dimensions: (1, 6144, 50257, 50257, 1, 1, 1, 1, 1, 1, 0, 0, 'CONV', 1, 1, 0, 0),  latency: 15959.003404300594
[2m[36m(CompileWorker pid=3552427)[0m  tensor (Large latency) dimensions: (1, 6144, 50257, 50257, 1, 1, 1, 1, 1, 1, 0, 0, 'CONV', 1, 1, 0, 0),  latency: 15959.003404300594
[2m[36m(CompileWorker pid=3552429)[0m compiled for stage:152 name: stage_10_11_acc_grad_0 module id: 0
[2m[36m(CompileWorker pid=3552429)[0m compiled for stage:152 name: stage_10_11_acc_grad_1 module id: 1
[2m[36m(CompileWorker pid=3552434)[0m compiled for stage:154 name: stage_11_11_acc_grad_0 module id: 0
[2m[36m(CompileWorker pid=3552428)[0m compiled for stage:155 name: stage_11_11_acc_grad_0 module id: 0
[2m[36m(CompileWorker pid=3552434)[0m compiled for stage:154 name: stage_11_11_acc_grad_1 module id: 1
[2m[36m(CompileWorker pid=3552428)[0m compiled for stage:155 name: stage_11_11_acc_grad_1 module id: 1
[2m[36m(CompileWorker pid=3552434)[0m  tensor (Large latency) dimensions: (1, 6144, 50257, 50257, 1, 1, 1, 1, 1, 1, 0, 0, 'CONV', 1, 1, 0, 0),  latency: 15959.003404300594
[2m[36m(CompileWorker pid=3552435)[0m compiled for stage:153 name: stage_10_11_acc_grad_0 module id: 0
[2m[36m(CompileWorker pid=3552431)[0m compiled for stage:149 name: stage_9_11_acc_grad_0 module id: 0
[2m[36m(CompileWorker pid=3552435)[0m compiled for stage:153 name: stage_10_11_acc_grad_1 module id: 1
[2m[36m(CompileWorker pid=3552427)[0m  tensor (Large latency) dimensions: (1, 2048, 12288, 12288, 1, 1, 1, 1, 1, 1, 0, 0, 'CONV', 1, 1, 0, 0),  latency: 26.58889142857143
[2m[36m(CompileWorker pid=3552431)[0m compiled for stage:149 name: stage_9_11_acc_grad_1 module id: 1
[2m[36m(CompileWorker pid=3552432)[0m  tensor (Large latency) dimensions: (1, 1024, 36864, 36864, 1, 1, 1, 1, 1, 1, 0, 0, 'CONV', 1, 1, 0, 0),  latency: 120.77348571428571
[2m[36m(CompileWorker pid=3552432)[0m compiled for stage:141 name: stage_8_10_acc_grad_1 module id: 1
[2m[36m(CompileWorker pid=3552425)[0m  tensor (Large latency) dimensions: (1, 2048, 12288, 12288, 1, 1, 1, 1, 1, 1, 0, 0, 'CONV', 1, 1, 0, 0),  latency: 26.58889142857143
[2m[36m(CompileWorker pid=3552425)[0m 
[2m[36m(CompileWorker pid=3552435)[0m  tensor (Large latency) dimensions: (1, 6144, 50257, 50257, 1, 1, 1, 1, 1, 1, 0, 0, 'CONV', 1, 1, 0, 0),  latency: 15959.003404300594
[2m[36m(CompileWorker pid=3552435)[0m  tensor (Large latency) dimensions: (1, 2048, 12288, 12288, 1, 1, 1, 1, 1, 1, 0, 0, 'CONV', 1, 1, 0, 0),  latency: 26.58889142857143
[2m[36m(CompileWorker pid=3552432)[0m  tensor (Large latency) dimensions: (1, 12288, 36864, 36864, 1, 1, 1, 1, 1, 1, 0, 0, 'CONV', 1, 1, 0, 0),  latency: 1449.2818285714286
[2m[36m(CompileWorker pid=3552432)[0m  tensor (Large latency) dimensions: (1, 2048, 12288, 12288, 1, 1, 1, 1, 1, 1, 0, 0, 'CONV', 1, 1, 0, 0),  latency: 26.58889142857143
- parse estimation results for all stages
Using pre computed peak Mem for (0, 0, 1, 0), module 0
result[(0, 0, 1, 0), 0] = ModuleProfileResult(compute_cost=1155.833, peak_memory=5.600 GB, invar_size=2.861 GB, outvar_size=3.967 GB, temp_buffer_size=-1.229 GB, available_memory=64.000 GB, comm_cost=0.468)
result[(0, 0, 1, 0), 1] = ModuleProfileResult(compute_cost=5928.919, peak_memory=8.181 GB, invar_size=6.829 GB, outvar_size=2.861 GB, temp_buffer_size=1.352 GB, available_memory=64.000 GB, comm_cost=0.107)
Using pre computed peak Mem for (0, 0, 1, 1), module 0
result[(0, 0, 1, 1), 0] = ModuleProfileResult(compute_cost=1155.833, peak_memory=5.600 GB, invar_size=2.861 GB, outvar_size=3.944 GB, temp_buffer_size=-1.206 GB, available_memory=64.000 GB, comm_cost=0.468)
result[(0, 0, 1, 1), 1] = ModuleProfileResult(compute_cost=5928.919, peak_memory=8.157 GB, invar_size=6.806 GB, outvar_size=2.861 GB, temp_buffer_size=1.352 GB, available_memory=64.000 GB, comm_cost=0.107)
Using pre computed peak Mem for (0, 1, 1, 0), module 0
result[(0, 1, 1, 0), 0] = ModuleProfileResult(compute_cost=1587.310, peak_memory=11.200 GB, invar_size=4.549 GB, outvar_size=7.882 GB, temp_buffer_size=-1.231 GB, available_memory=64.000 GB, comm_cost=0.711)
result[(0, 1, 1, 0), 1] = ModuleProfileResult(compute_cost=7516.563, peak_memory=14.053 GB, invar_size=12.431 GB, outvar_size=4.549 GB, temp_buffer_size=1.621 GB, available_memory=64.000 GB, comm_cost=0.182)
Using pre computed peak Mem for (0, 1, 1, 1), module 0
result[(0, 1, 1, 1), 0] = ModuleProfileResult(compute_cost=1466.154, peak_memory=11.200 GB, invar_size=4.971 GB, outvar_size=8.257 GB, temp_buffer_size=-2.028 GB, available_memory=64.000 GB, comm_cost=0.516)
Using pre computed peak Mem for (0, 1, 1, 1), module 1
result[(0, 1, 1, 1), 1] = ModuleProfileResult(compute_cost=8606.256, peak_memory=13.000 GB, invar_size=13.228 GB, outvar_size=4.971 GB, temp_buffer_size=-0.228 GB, available_memory=64.000 GB, comm_cost=0.385)
Using pre computed peak Mem for (0, 2, 1, 0), module 0
result[(0, 2, 1, 0), 0] = ModuleProfileResult(compute_cost=2308.124, peak_memory=16.800 GB, invar_size=6.800 GB, outvar_size=13.274 GB, temp_buffer_size=-3.273 GB, available_memory=64.000 GB, comm_cost=1.178)
result[(0, 2, 1, 0), 1] = ModuleProfileResult(compute_cost=9590.453, peak_memory=22.187 GB, invar_size=20.073 GB, outvar_size=6.800 GB, temp_buffer_size=2.114 GB, available_memory=64.000 GB, comm_cost=0.312)
Using pre computed peak Mem for (0, 2, 1, 1), module 0
result[(0, 2, 1, 1), 0] = ModuleProfileResult(compute_cost=2308.124, peak_memory=16.800 GB, invar_size=6.800 GB, outvar_size=13.367 GB, temp_buffer_size=-3.367 GB, available_memory=64.000 GB, comm_cost=1.178)
result[(0, 2, 1, 1), 1] = ModuleProfileResult(compute_cost=9590.458, peak_memory=22.607 GB, invar_size=20.167 GB, outvar_size=6.800 GB, temp_buffer_size=2.440 GB, available_memory=64.000 GB, comm_cost=0.312)
Using pre computed peak Mem for (0, 3, 1, 0), module 0
result[(0, 3, 1, 0), 0] = ModuleProfileResult(compute_cost=2739.419, peak_memory=22.400 GB, invar_size=8.487 GB, outvar_size=17.071 GB, temp_buffer_size=-3.158 GB, available_memory=64.000 GB, comm_cost=1.426)
result[(0, 3, 1, 0), 1] = ModuleProfileResult(compute_cost=11177.816, peak_memory=28.023 GB, invar_size=25.558 GB, outvar_size=8.487 GB, temp_buffer_size=2.464 GB, available_memory=64.000 GB, comm_cost=0.387)
Using pre computed peak Mem for (0, 3, 1, 1), module 0
result[(0, 3, 1, 1), 0] = ModuleProfileResult(compute_cost=2375.946, peak_memory=22.400 GB, invar_size=9.753 GB, outvar_size=18.313 GB, temp_buffer_size=-5.666 GB, available_memory=64.000 GB, comm_cost=0.835)
Using pre computed peak Mem for (0, 3, 1, 1), module 1
result[(0, 3, 1, 1), 1] = ModuleProfileResult(compute_cost=14446.902, peak_memory=26.000 GB, invar_size=28.066 GB, outvar_size=9.753 GB, temp_buffer_size=-2.066 GB, available_memory=64.000 GB, comm_cost=1.004)
Using pre computed peak Mem for (0, 4, 1, 0), module 0
result[(0, 4, 1, 0), 0] = ModuleProfileResult(compute_cost=3170.704, peak_memory=28.000 GB, invar_size=10.175 GB, outvar_size=20.845 GB, temp_buffer_size=-3.020 GB, available_memory=64.000 GB, comm_cost=1.665)
result[(0, 4, 1, 0), 1] = ModuleProfileResult(compute_cost=12765.180, peak_memory=33.742 GB, invar_size=31.020 GB, outvar_size=10.175 GB, temp_buffer_size=2.722 GB, available_memory=64.000 GB, comm_cost=0.463)
Using pre computed peak Mem for (0, 4, 1, 1), module 0
result[(0, 4, 1, 1), 0] = ModuleProfileResult(compute_cost=3049.548, peak_memory=28.000 GB, invar_size=10.597 GB, outvar_size=21.290 GB, temp_buffer_size=-3.887 GB, available_memory=64.000 GB, comm_cost=1.469)
Using pre computed peak Mem for (0, 4, 1, 1), module 1
result[(0, 4, 1, 1), 1] = ModuleProfileResult(compute_cost=13854.879, peak_memory=32.500 GB, invar_size=31.887 GB, outvar_size=10.597 GB, temp_buffer_size=0.613 GB, available_memory=64.000 GB, comm_cost=0.668)
Using pre computed peak Mem for (0, 5, 1, 0), module 0
result[(0, 5, 1, 0), 0] = ModuleProfileResult(compute_cost=3601.994, peak_memory=33.600 GB, invar_size=11.863 GB, outvar_size=24.549 GB, temp_buffer_size=-2.812 GB, available_memory=64.000 GB, comm_cost=1.908)
result[(0, 5, 1, 0), 1] = ModuleProfileResult(compute_cost=14352.544, peak_memory=39.555 GB, invar_size=36.412 GB, outvar_size=11.863 GB, temp_buffer_size=3.144 GB, available_memory=64.000 GB, comm_cost=0.538)
Using pre computed peak Mem for (0, 5, 1, 1), module 0
result[(0, 5, 1, 1), 0] = ModuleProfileResult(compute_cost=3601.994, peak_memory=33.600 GB, invar_size=11.863 GB, outvar_size=24.736 GB, temp_buffer_size=-2.999 GB, available_memory=64.000 GB, comm_cost=1.908)
result[(0, 5, 1, 1), 1] = ModuleProfileResult(compute_cost=14352.549, peak_memory=39.836 GB, invar_size=36.599 GB, outvar_size=11.863 GB, temp_buffer_size=3.237 GB, available_memory=64.000 GB, comm_cost=0.537)
Using pre computed peak Mem for (0, 6, 1, 0), module 0
result[(0, 6, 1, 0), 0] = ModuleProfileResult(compute_cost=4033.284, peak_memory=39.200 GB, invar_size=13.551 GB, outvar_size=28.369 GB, temp_buffer_size=-2.720 GB, available_memory=64.000 GB, comm_cost=2.152)
result[(0, 6, 1, 0), 1] = ModuleProfileResult(compute_cost=15939.908, peak_memory=45.462 GB, invar_size=41.920 GB, outvar_size=13.551 GB, temp_buffer_size=3.542 GB, available_memory=64.000 GB, comm_cost=0.613)
Using pre computed peak Mem for (0, 6, 1, 1), module 0
result[(0, 6, 1, 1), 0] = ModuleProfileResult(compute_cost=4019.891, peak_memory=39.200 GB, invar_size=13.691 GB, outvar_size=28.768 GB, temp_buffer_size=-3.259 GB, available_memory=64.000 GB, comm_cost=2.141)
result[(0, 6, 1, 1), 1] = ModuleProfileResult(compute_cost=16026.741, peak_memory=46.192 GB, invar_size=42.506 GB, outvar_size=13.691 GB, temp_buffer_size=3.686 GB, available_memory=64.000 GB, comm_cost=0.644)
Using pre computed peak Mem for (0, 7, 1, 0), module 0
result[(0, 7, 1, 0), 0] = ModuleProfileResult(compute_cost=4464.574, peak_memory=44.800 GB, invar_size=15.238 GB, outvar_size=32.120 GB, temp_buffer_size=-2.558 GB, available_memory=64.000 GB, comm_cost=2.395)
result[(0, 7, 1, 0), 1] = ModuleProfileResult(compute_cost=17527.272, peak_memory=50.994 GB, invar_size=47.358 GB, outvar_size=15.238 GB, temp_buffer_size=3.636 GB, available_memory=64.000 GB, comm_cost=0.689)
Using pre computed peak Mem for (0, 7, 1, 1), module 0
result[(0, 7, 1, 1), 0] = ModuleProfileResult(compute_cost=4464.574, peak_memory=44.800 GB, invar_size=15.238 GB, outvar_size=32.378 GB, temp_buffer_size=-2.816 GB, available_memory=64.000 GB, comm_cost=2.395)
result[(0, 7, 1, 1), 1] = ModuleProfileResult(compute_cost=17527.282, peak_memory=51.333 GB, invar_size=47.616 GB, outvar_size=15.238 GB, temp_buffer_size=3.717 GB, available_memory=64.000 GB, comm_cost=0.689)
Using pre computed peak Mem for (0, 8, 1, 0), module 0
result[(0, 8, 1, 0), 0] = ModuleProfileResult(compute_cost=4895.864, peak_memory=50.400 GB, invar_size=16.926 GB, outvar_size=35.824 GB, temp_buffer_size=-2.350 GB, available_memory=64.000 GB, comm_cost=2.639)
result[(0, 8, 1, 0), 1] = ModuleProfileResult(compute_cost=19114.636, peak_memory=56.270 GB, invar_size=52.750 GB, outvar_size=16.926 GB, temp_buffer_size=3.521 GB, available_memory=64.000 GB, comm_cost=0.764)
Using pre computed peak Mem for (0, 8, 1, 1), module 0
result[(0, 8, 1, 1), 0] = ModuleProfileResult(compute_cost=4895.864, peak_memory=50.400 GB, invar_size=16.926 GB, outvar_size=36.035 GB, temp_buffer_size=-2.561 GB, available_memory=64.000 GB, comm_cost=2.639)
result[(0, 8, 1, 1), 1] = ModuleProfileResult(compute_cost=19114.643, peak_memory=56.504 GB, invar_size=52.961 GB, outvar_size=16.926 GB, temp_buffer_size=3.543 GB, available_memory=64.000 GB, comm_cost=0.765)
Using pre computed peak Mem for (0, 9, 1, 0), module 0
result[(0, 9, 1, 0), 0] = ModuleProfileResult(compute_cost=5327.154, peak_memory=56.000 GB, invar_size=18.614 GB, outvar_size=39.621 GB, temp_buffer_size=-2.235 GB, available_memory=64.000 GB, comm_cost=2.882)
result[(0, 9, 1, 0), 1] = ModuleProfileResult(compute_cost=20702.008, peak_memory=63.441 GB, invar_size=58.235 GB, outvar_size=18.614 GB, temp_buffer_size=5.207 GB, available_memory=64.000 GB, comm_cost=0.847)
Using pre computed peak Mem for (0, 9, 1, 1), module 0
result[(0, 9, 1, 1), 0] = ModuleProfileResult(compute_cost=5313.749, peak_memory=56.000 GB, invar_size=18.755 GB, outvar_size=40.019 GB, temp_buffer_size=-2.774 GB, available_memory=64.000 GB, comm_cost=2.866)
result[(0, 9, 1, 1), 1] = ModuleProfileResult(compute_cost=20782.084, peak_memory=64.027 GB, invar_size=58.821 GB, outvar_size=18.754 GB, temp_buffer_size=5.206 GB, available_memory=64.000 GB, comm_cost=0.866)
Using pre computed peak Mem for (0, 10, 1, 0), module 0
result[(0, 10, 1, 0), 0] = ModuleProfileResult(compute_cost=5758.443, peak_memory=61.600 GB, invar_size=20.302 GB, outvar_size=43.465 GB, temp_buffer_size=-2.167 GB, available_memory=64.000 GB, comm_cost=3.126)
result[(0, 10, 1, 0), 1] = ModuleProfileResult(compute_cost=22289.369, peak_memory=68.575 GB, invar_size=63.767 GB, outvar_size=20.302 GB, temp_buffer_size=4.808 GB, available_memory=64.000 GB, comm_cost=0.920)
Using pre computed peak Mem for (0, 10, 1, 1), module 0
result[(0, 10, 1, 1), 0] = ModuleProfileResult(compute_cost=5758.443, peak_memory=61.600 GB, invar_size=20.302 GB, outvar_size=43.817 GB, temp_buffer_size=-2.518 GB, available_memory=64.000 GB, comm_cost=3.126)
result[(0, 10, 1, 1), 1] = ModuleProfileResult(compute_cost=22289.377, peak_memory=69.395 GB, invar_size=64.118 GB, outvar_size=20.302 GB, temp_buffer_size=5.277 GB, available_memory=64.000 GB, comm_cost=0.915)
Using pre computed peak Mem for (0, 11, 1, 0), module 0
result[(0, 11, 1, 0), 0] = ModuleProfileResult(compute_cost=5900.584, peak_memory=67.200 GB, invar_size=21.427 GB, outvar_size=46.842 GB, temp_buffer_size=-1.069 GB, available_memory=64.000 GB, comm_cost=3.146)
result[(0, 11, 1, 0), 1] = ModuleProfileResult(compute_cost=55337.569, peak_memory=74.501 GB, invar_size=69.419 GB, outvar_size=22.577 GB, temp_buffer_size=5.082 GB, available_memory=64.000 GB, comm_cost=0.941)
Using pre computed peak Mem for (0, 11, 1, 1), module 0
result[(0, 11, 1, 1), 0] = ModuleProfileResult(compute_cost=5900.591, peak_memory=67.200 GB, invar_size=21.427 GB, outvar_size=47.030 GB, temp_buffer_size=-1.257 GB, available_memory=64.000 GB, comm_cost=3.152)
result[(0, 11, 1, 1), 1] = ModuleProfileResult(compute_cost=55337.573, peak_memory=74.794 GB, invar_size=69.607 GB, outvar_size=22.577 GB, temp_buffer_size=5.187 GB, available_memory=64.000 GB, comm_cost=0.935)
Using pre computed peak Mem for (1, 1, 1, 0), module 0
result[(1, 1, 1, 0), 0] = ModuleProfileResult(compute_cost=431.508, peak_memory=5.600 GB, invar_size=1.782 GB, outvar_size=3.961 GB, temp_buffer_size=-0.143 GB, available_memory=64.000 GB, comm_cost=0.244)
result[(1, 1, 1, 0), 1] = ModuleProfileResult(compute_cost=1587.645, peak_memory=6.775 GB, invar_size=5.649 GB, outvar_size=1.782 GB, temp_buffer_size=1.032 GB, available_memory=64.000 GB, comm_cost=0.075)
Using pre computed peak Mem for (1, 1, 1, 1), module 0
result[(1, 1, 1, 1), 0] = ModuleProfileResult(compute_cost=431.508, peak_memory=5.600 GB, invar_size=1.782 GB, outvar_size=3.961 GB, temp_buffer_size=-0.143 GB, available_memory=64.000 GB, comm_cost=0.244)
result[(1, 1, 1, 1), 1] = ModuleProfileResult(compute_cost=1587.646, peak_memory=6.821 GB, invar_size=5.649 GB, outvar_size=1.782 GB, temp_buffer_size=1.078 GB, available_memory=64.000 GB, comm_cost=0.076)
Using pre computed peak Mem for (1, 2, 1, 0), module 0
result[(1, 2, 1, 0), 0] = ModuleProfileResult(compute_cost=1152.322, peak_memory=11.200 GB, invar_size=4.032 GB, outvar_size=9.423 GB, temp_buffer_size=-2.255 GB, available_memory=64.000 GB, comm_cost=0.710)
result[(1, 2, 1, 0), 1] = ModuleProfileResult(compute_cost=3661.534, peak_memory=14.944 GB, invar_size=13.361 GB, outvar_size=4.032 GB, temp_buffer_size=1.489 GB, available_memory=64.000 GB, comm_cost=0.205)
Using pre computed peak Mem for (1, 2, 1, 1), module 0
result[(1, 2, 1, 1), 0] = ModuleProfileResult(compute_cost=1152.322, peak_memory=11.200 GB, invar_size=4.032 GB, outvar_size=9.447 GB, temp_buffer_size=-2.279 GB, available_memory=64.000 GB, comm_cost=0.710)
result[(1, 2, 1, 1), 1] = ModuleProfileResult(compute_cost=3661.533, peak_memory=15.073 GB, invar_size=13.385 GB, outvar_size=4.032 GB, temp_buffer_size=1.594 GB, available_memory=64.000 GB, comm_cost=0.204)
Using pre computed peak Mem for (1, 3, 1, 0), module 0
result[(1, 3, 1, 0), 0] = ModuleProfileResult(compute_cost=1583.612, peak_memory=16.800 GB, invar_size=5.720 GB, outvar_size=13.197 GB, temp_buffer_size=-2.117 GB, available_memory=64.000 GB, comm_cost=0.953)
result[(1, 3, 1, 0), 1] = ModuleProfileResult(compute_cost=5248.898, peak_memory=20.816 GB, invar_size=18.823 GB, outvar_size=5.720 GB, temp_buffer_size=1.899 GB, available_memory=64.000 GB, comm_cost=0.281)
Using pre computed peak Mem for (1, 3, 1, 1), module 0
result[(1, 3, 1, 1), 0] = ModuleProfileResult(compute_cost=1583.612, peak_memory=16.800 GB, invar_size=5.720 GB, outvar_size=13.244 GB, temp_buffer_size=-2.164 GB, available_memory=64.000 GB, comm_cost=0.953)
result[(1, 3, 1, 1), 1] = ModuleProfileResult(compute_cost=5248.900, peak_memory=21.238 GB, invar_size=18.870 GB, outvar_size=5.720 GB, temp_buffer_size=2.274 GB, available_memory=64.000 GB, comm_cost=0.279)
Using pre computed peak Mem for (1, 4, 1, 0), module 0
result[(1, 4, 1, 0), 0] = ModuleProfileResult(compute_cost=2014.902, peak_memory=22.400 GB, invar_size=7.407 GB, outvar_size=16.924 GB, temp_buffer_size=-1.932 GB, available_memory=64.000 GB, comm_cost=1.197)
result[(1, 4, 1, 0), 1] = ModuleProfileResult(compute_cost=6836.262, peak_memory=26.583 GB, invar_size=24.238 GB, outvar_size=7.407 GB, temp_buffer_size=2.251 GB, available_memory=64.000 GB, comm_cost=0.356)
Using pre computed peak Mem for (1, 4, 1, 1), module 0
result[(1, 4, 1, 1), 0] = ModuleProfileResult(compute_cost=2014.902, peak_memory=22.400 GB, invar_size=7.407 GB, outvar_size=17.088 GB, temp_buffer_size=-2.096 GB, available_memory=64.000 GB, comm_cost=1.197)
result[(1, 4, 1, 1), 1] = ModuleProfileResult(compute_cost=6836.267, peak_memory=27.145 GB, invar_size=24.402 GB, outvar_size=7.407 GB, temp_buffer_size=2.649 GB, available_memory=64.000 GB, comm_cost=0.354)
Using pre computed peak Mem for (1, 5, 1, 0), module 0
result[(1, 5, 1, 0), 0] = ModuleProfileResult(compute_cost=2446.192, peak_memory=28.000 GB, invar_size=9.095 GB, outvar_size=20.769 GB, temp_buffer_size=-1.864 GB, available_memory=64.000 GB, comm_cost=1.440)
result[(1, 5, 1, 0), 1] = ModuleProfileResult(compute_cost=8423.625, peak_memory=32.349 GB, invar_size=29.770 GB, outvar_size=9.095 GB, temp_buffer_size=2.485 GB, available_memory=64.000 GB, comm_cost=0.432)
Using pre computed peak Mem for (1, 5, 1, 1), module 0
result[(1, 5, 1, 1), 0] = ModuleProfileResult(compute_cost=2446.192, peak_memory=28.000 GB, invar_size=9.095 GB, outvar_size=20.909 GB, temp_buffer_size=-2.004 GB, available_memory=64.000 GB, comm_cost=1.440)
result[(1, 5, 1, 1), 1] = ModuleProfileResult(compute_cost=8423.633, peak_memory=32.841 GB, invar_size=29.911 GB, outvar_size=9.095 GB, temp_buffer_size=2.837 GB, available_memory=64.000 GB, comm_cost=0.430)
Using pre computed peak Mem for (1, 6, 1, 0), module 0
result[(1, 6, 1, 0), 0] = ModuleProfileResult(compute_cost=2877.482, peak_memory=33.600 GB, invar_size=10.783 GB, outvar_size=24.543 GB, temp_buffer_size=-1.726 GB, available_memory=64.000 GB, comm_cost=1.684)
result[(1, 6, 1, 0), 1] = ModuleProfileResult(compute_cost=10010.989, peak_memory=38.303 GB, invar_size=35.232 GB, outvar_size=10.783 GB, temp_buffer_size=2.978 GB, available_memory=64.000 GB, comm_cost=0.507)
Using pre computed peak Mem for (1, 6, 1, 1), module 0
result[(1, 6, 1, 1), 0] = ModuleProfileResult(compute_cost=2877.482, peak_memory=33.600 GB, invar_size=10.783 GB, outvar_size=24.636 GB, temp_buffer_size=-1.819 GB, available_memory=64.000 GB, comm_cost=1.684)
result[(1, 6, 1, 1), 1] = ModuleProfileResult(compute_cost=10010.994, peak_memory=38.455 GB, invar_size=35.326 GB, outvar_size=10.783 GB, temp_buffer_size=3.035 GB, available_memory=64.000 GB, comm_cost=0.507)
Using pre computed peak Mem for (1, 7, 1, 0), module 0
result[(1, 7, 1, 0), 0] = ModuleProfileResult(compute_cost=3308.772, peak_memory=39.200 GB, invar_size=12.471 GB, outvar_size=28.481 GB, temp_buffer_size=-1.751 GB, available_memory=64.000 GB, comm_cost=1.927)
result[(1, 7, 1, 0), 1] = ModuleProfileResult(compute_cost=11598.353, peak_memory=44.304 GB, invar_size=40.858 GB, outvar_size=12.471 GB, temp_buffer_size=3.353 GB, available_memory=64.000 GB, comm_cost=0.582)
Using pre computed peak Mem for (1, 7, 1, 1), module 0
result[(1, 7, 1, 1), 0] = ModuleProfileResult(compute_cost=3308.772, peak_memory=39.200 GB, invar_size=12.471 GB, outvar_size=28.340 GB, temp_buffer_size=-1.611 GB, available_memory=64.000 GB, comm_cost=1.927)
result[(1, 7, 1, 1), 1] = ModuleProfileResult(compute_cost=11598.361, peak_memory=44.514 GB, invar_size=40.717 GB, outvar_size=12.471 GB, temp_buffer_size=3.704 GB, available_memory=64.000 GB, comm_cost=0.583)
Using pre computed peak Mem for (1, 8, 1, 0), module 0
result[(1, 8, 1, 0), 0] = ModuleProfileResult(compute_cost=3740.062, peak_memory=44.800 GB, invar_size=14.158 GB, outvar_size=32.067 GB, temp_buffer_size=-1.426 GB, available_memory=64.000 GB, comm_cost=2.171)
result[(1, 8, 1, 0), 1] = ModuleProfileResult(compute_cost=13185.717, peak_memory=49.672 GB, invar_size=46.132 GB, outvar_size=14.158 GB, temp_buffer_size=3.446 GB, available_memory=64.000 GB, comm_cost=0.658)
Using pre computed peak Mem for (1, 8, 1, 1), module 0
result[(1, 8, 1, 1), 0] = ModuleProfileResult(compute_cost=3740.062, peak_memory=44.800 GB, invar_size=14.158 GB, outvar_size=32.161 GB, temp_buffer_size=-1.519 GB, available_memory=64.000 GB, comm_cost=2.171)
result[(1, 8, 1, 1), 1] = ModuleProfileResult(compute_cost=13185.724, peak_memory=49.777 GB, invar_size=46.225 GB, outvar_size=14.158 GB, temp_buffer_size=3.458 GB, available_memory=64.000 GB, comm_cost=0.657)
Using pre computed peak Mem for (1, 9, 1, 0), module 0
result[(1, 9, 1, 0), 0] = ModuleProfileResult(compute_cost=4171.352, peak_memory=50.400 GB, invar_size=15.846 GB, outvar_size=35.888 GB, temp_buffer_size=-1.334 GB, available_memory=64.000 GB, comm_cost=2.414)
result[(1, 9, 1, 0), 1] = ModuleProfileResult(compute_cost=14773.081, peak_memory=55.111 GB, invar_size=51.640 GB, outvar_size=15.846 GB, temp_buffer_size=3.377 GB, available_memory=64.000 GB, comm_cost=0.733)
Using pre computed peak Mem for (1, 9, 1, 1), module 0
result[(1, 9, 1, 1), 0] = ModuleProfileResult(compute_cost=4171.352, peak_memory=50.400 GB, invar_size=15.846 GB, outvar_size=36.075 GB, temp_buffer_size=-1.522 GB, available_memory=64.000 GB, comm_cost=2.414)
result[(1, 9, 1, 1), 1] = ModuleProfileResult(compute_cost=14773.090, peak_memory=55.322 GB, invar_size=51.828 GB, outvar_size=15.846 GB, temp_buffer_size=3.400 GB, available_memory=64.000 GB, comm_cost=0.728)
Using pre computed peak Mem for (1, 10, 1, 0), module 0
result[(1, 10, 1, 0), 0] = ModuleProfileResult(compute_cost=4602.641, peak_memory=56.000 GB, invar_size=17.534 GB, outvar_size=39.732 GB, temp_buffer_size=-1.266 GB, available_memory=64.000 GB, comm_cost=2.658)
result[(1, 10, 1, 0), 1] = ModuleProfileResult(compute_cost=16360.445, peak_memory=62.330 GB, invar_size=57.172 GB, outvar_size=17.534 GB, temp_buffer_size=5.064 GB, available_memory=64.000 GB, comm_cost=0.808)
Using pre computed peak Mem for (1, 10, 1, 1), module 0
result[(1, 10, 1, 1), 0] = ModuleProfileResult(compute_cost=4602.641, peak_memory=56.000 GB, invar_size=17.534 GB, outvar_size=39.849 GB, temp_buffer_size=-1.383 GB, available_memory=64.000 GB, comm_cost=2.658)
result[(1, 10, 1, 1), 1] = ModuleProfileResult(compute_cost=16360.457, peak_memory=62.799 GB, invar_size=57.290 GB, outvar_size=17.534 GB, temp_buffer_size=5.415 GB, available_memory=64.000 GB, comm_cost=0.810)
Using pre computed peak Mem for (1, 11, 1, 0), module 0
result[(1, 11, 1, 0), 0] = ModuleProfileResult(compute_cost=4744.782, peak_memory=61.600 GB, invar_size=19.234 GB, outvar_size=42.370 GB, temp_buffer_size=-0.004 GB, available_memory=64.000 GB, comm_cost=2.679)
Using pre computed peak Mem for (1, 11, 1, 0), module 1
result[(1, 11, 1, 0), 1] = ModuleProfileResult(compute_cost=33448.695, peak_memory=71.500 GB, invar_size=61.510 GB, outvar_size=19.234 GB, temp_buffer_size=9.896 GB, available_memory=64.000 GB, comm_cost=1.032)
Using pre computed peak Mem for (1, 11, 1, 1), module 0
result[(1, 11, 1, 1), 0] = ModuleProfileResult(compute_cost=4744.782, peak_memory=61.600 GB, invar_size=19.234 GB, outvar_size=42.534 GB, temp_buffer_size=-0.168 GB, available_memory=64.000 GB, comm_cost=2.679)
Using pre computed peak Mem for (1, 11, 1, 1), module 1
result[(1, 11, 1, 1), 1] = ModuleProfileResult(compute_cost=33448.704, peak_memory=71.500 GB, invar_size=61.675 GB, outvar_size=19.234 GB, temp_buffer_size=9.732 GB, available_memory=64.000 GB, comm_cost=1.032)
Using pre computed peak Mem for (2, 2, 1, 0), module 0
result[(2, 2, 1, 0), 0] = ModuleProfileResult(compute_cost=720.845, peak_memory=5.600 GB, invar_size=2.344 GB, outvar_size=5.556 GB, temp_buffer_size=-2.300 GB, available_memory=64.000 GB, comm_cost=0.466)
result[(2, 2, 1, 0), 1] = ModuleProfileResult(compute_cost=2073.889, peak_memory=9.095 GB, invar_size=7.806 GB, outvar_size=2.344 GB, temp_buffer_size=1.196 GB, available_memory=64.000 GB, comm_cost=0.130)
Using pre computed peak Mem for (2, 2, 1, 1), module 0
result[(2, 2, 1, 1), 0] = ModuleProfileResult(compute_cost=720.845, peak_memory=5.600 GB, invar_size=2.344 GB, outvar_size=5.509 GB, temp_buffer_size=-2.253 GB, available_memory=64.000 GB, comm_cost=0.466)
result[(2, 2, 1, 1), 1] = ModuleProfileResult(compute_cost=2073.891, peak_memory=9.049 GB, invar_size=7.759 GB, outvar_size=2.344 GB, temp_buffer_size=1.196 GB, available_memory=64.000 GB, comm_cost=0.131)
Using pre computed peak Mem for (2, 3, 1, 0), module 0
result[(2, 3, 1, 0), 0] = ModuleProfileResult(compute_cost=1152.135, peak_memory=11.200 GB, invar_size=4.032 GB, outvar_size=9.283 GB, temp_buffer_size=-2.115 GB, available_memory=64.000 GB, comm_cost=0.710)
result[(2, 3, 1, 0), 1] = ModuleProfileResult(compute_cost=3661.253, peak_memory=14.745 GB, invar_size=13.221 GB, outvar_size=4.032 GB, temp_buffer_size=1.430 GB, available_memory=64.000 GB, comm_cost=0.205)
Using pre computed peak Mem for (2, 3, 1, 1), module 0
result[(2, 3, 1, 1), 0] = ModuleProfileResult(compute_cost=1152.135, peak_memory=11.200 GB, invar_size=4.032 GB, outvar_size=9.376 GB, temp_buffer_size=-2.208 GB, available_memory=64.000 GB, comm_cost=0.710)
result[(2, 3, 1, 1), 1] = ModuleProfileResult(compute_cost=3661.257, peak_memory=15.119 GB, invar_size=13.315 GB, outvar_size=4.032 GB, temp_buffer_size=1.711 GB, available_memory=64.000 GB, comm_cost=0.205)
Using pre computed peak Mem for (2, 4, 1, 0), module 0
result[(2, 4, 1, 0), 0] = ModuleProfileResult(compute_cost=1583.425, peak_memory=16.800 GB, invar_size=5.720 GB, outvar_size=13.127 GB, temp_buffer_size=-2.047 GB, available_memory=64.000 GB, comm_cost=0.953)
result[(2, 4, 1, 0), 1] = ModuleProfileResult(compute_cost=5248.617, peak_memory=20.746 GB, invar_size=18.753 GB, outvar_size=5.720 GB, temp_buffer_size=1.899 GB, available_memory=64.000 GB, comm_cost=0.281)
Using pre computed peak Mem for (2, 4, 1, 1), module 0
result[(2, 4, 1, 1), 0] = ModuleProfileResult(compute_cost=1583.425, peak_memory=16.800 GB, invar_size=5.720 GB, outvar_size=13.080 GB, temp_buffer_size=-2.000 GB, available_memory=64.000 GB, comm_cost=0.953)
result[(2, 4, 1, 1), 1] = ModuleProfileResult(compute_cost=5248.620, peak_memory=20.722 GB, invar_size=18.706 GB, outvar_size=5.720 GB, temp_buffer_size=1.922 GB, available_memory=64.000 GB, comm_cost=0.282)
Using pre computed peak Mem for (2, 5, 1, 0), module 0
result[(2, 5, 1, 0), 0] = ModuleProfileResult(compute_cost=1994.768, peak_memory=22.400 GB, invar_size=7.407 GB, outvar_size=16.924 GB, temp_buffer_size=-1.932 GB, available_memory=64.000 GB, comm_cost=1.378)
result[(2, 5, 1, 0), 1] = ModuleProfileResult(compute_cost=6795.538, peak_memory=26.605 GB, invar_size=24.285 GB, outvar_size=7.407 GB, temp_buffer_size=2.227 GB, available_memory=64.000 GB, comm_cost=0.359)
Using pre computed peak Mem for (2, 5, 1, 1), module 0
result[(2, 5, 1, 1), 0] = ModuleProfileResult(compute_cost=2014.715, peak_memory=22.400 GB, invar_size=7.407 GB, outvar_size=16.878 GB, temp_buffer_size=-1.885 GB, available_memory=64.000 GB, comm_cost=1.197)
result[(2, 5, 1, 1), 1] = ModuleProfileResult(compute_cost=6835.985, peak_memory=26.630 GB, invar_size=24.191 GB, outvar_size=7.407 GB, temp_buffer_size=2.345 GB, available_memory=64.000 GB, comm_cost=0.357)
Using pre computed peak Mem for (2, 6, 1, 0), module 0
result[(2, 6, 1, 0), 0] = ModuleProfileResult(compute_cost=2446.005, peak_memory=28.000 GB, invar_size=9.095 GB, outvar_size=20.675 GB, temp_buffer_size=-1.770 GB, available_memory=64.000 GB, comm_cost=1.440)
result[(2, 6, 1, 0), 1] = ModuleProfileResult(compute_cost=8423.345, peak_memory=32.467 GB, invar_size=29.676 GB, outvar_size=9.095 GB, temp_buffer_size=2.696 GB, available_memory=64.000 GB, comm_cost=0.432)
Using pre computed peak Mem for (2, 6, 1, 1), module 0
result[(2, 6, 1, 1), 0] = ModuleProfileResult(compute_cost=2446.005, peak_memory=28.000 GB, invar_size=9.095 GB, outvar_size=20.769 GB, temp_buffer_size=-1.864 GB, available_memory=64.000 GB, comm_cost=1.440)
result[(2, 6, 1, 1), 1] = ModuleProfileResult(compute_cost=8423.352, peak_memory=32.911 GB, invar_size=29.770 GB, outvar_size=9.095 GB, temp_buffer_size=3.047 GB, available_memory=64.000 GB, comm_cost=0.432)
Using pre computed peak Mem for (2, 7, 1, 0), module 0
result[(2, 7, 1, 0), 0] = ModuleProfileResult(compute_cost=2877.294, peak_memory=33.600 GB, invar_size=10.783 GB, outvar_size=24.472 GB, temp_buffer_size=-1.655 GB, available_memory=64.000 GB, comm_cost=1.684)
result[(2, 7, 1, 0), 1] = ModuleProfileResult(compute_cost=10010.708, peak_memory=38.538 GB, invar_size=35.161 GB, outvar_size=10.783 GB, temp_buffer_size=3.282 GB, available_memory=64.000 GB, comm_cost=0.507)
Using pre computed peak Mem for (2, 7, 1, 1), module 0
result[(2, 7, 1, 1), 0] = ModuleProfileResult(compute_cost=2877.294, peak_memory=33.600 GB, invar_size=10.783 GB, outvar_size=24.543 GB, temp_buffer_size=-1.726 GB, available_memory=64.000 GB, comm_cost=1.684)
result[(2, 7, 1, 1), 1] = ModuleProfileResult(compute_cost=10010.718, peak_memory=38.584 GB, invar_size=35.232 GB, outvar_size=10.783 GB, temp_buffer_size=3.258 GB, available_memory=64.000 GB, comm_cost=0.510)
Using pre computed peak Mem for (2, 8, 1, 0), module 0
result[(2, 8, 1, 0), 0] = ModuleProfileResult(compute_cost=3308.584, peak_memory=39.200 GB, invar_size=12.471 GB, outvar_size=28.223 GB, temp_buffer_size=-1.493 GB, available_memory=64.000 GB, comm_cost=1.927)
result[(2, 8, 1, 0), 1] = ModuleProfileResult(compute_cost=11598.072, peak_memory=43.987 GB, invar_size=40.600 GB, outvar_size=12.471 GB, temp_buffer_size=3.294 GB, available_memory=64.000 GB, comm_cost=0.582)
Using pre computed peak Mem for (2, 8, 1, 1), module 0
result[(2, 8, 1, 1), 0] = ModuleProfileResult(compute_cost=3308.584, peak_memory=39.200 GB, invar_size=12.471 GB, outvar_size=28.223 GB, temp_buffer_size=-1.493 GB, available_memory=64.000 GB, comm_cost=1.927)
result[(2, 8, 1, 1), 1] = ModuleProfileResult(compute_cost=11598.079, peak_memory=43.929 GB, invar_size=40.600 GB, outvar_size=12.471 GB, temp_buffer_size=3.235 GB, available_memory=64.000 GB, comm_cost=0.583)
Using pre computed peak Mem for (2, 9, 1, 0), module 0
result[(2, 9, 1, 0), 0] = ModuleProfileResult(compute_cost=3739.874, peak_memory=44.800 GB, invar_size=14.158 GB, outvar_size=32.044 GB, temp_buffer_size=-1.402 GB, available_memory=64.000 GB, comm_cost=2.171)
result[(2, 9, 1, 0), 1] = ModuleProfileResult(compute_cost=13185.436, peak_memory=49.648 GB, invar_size=46.108 GB, outvar_size=14.158 GB, temp_buffer_size=3.446 GB, available_memory=64.000 GB, comm_cost=0.658)
Using pre computed peak Mem for (2, 9, 1, 1), module 0
result[(2, 9, 1, 1), 0] = ModuleProfileResult(compute_cost=3739.874, peak_memory=44.800 GB, invar_size=14.158 GB, outvar_size=32.020 GB, temp_buffer_size=-1.379 GB, available_memory=64.000 GB, comm_cost=2.171)
result[(2, 9, 1, 1), 1] = ModuleProfileResult(compute_cost=13185.441, peak_memory=49.742 GB, invar_size=46.085 GB, outvar_size=14.158 GB, temp_buffer_size=3.563 GB, available_memory=64.000 GB, comm_cost=0.654)
Using pre computed peak Mem for (2, 10, 1, 0), module 0
result[(2, 10, 1, 0), 0] = ModuleProfileResult(compute_cost=4171.164, peak_memory=50.400 GB, invar_size=15.846 GB, outvar_size=35.700 GB, temp_buffer_size=-1.147 GB, available_memory=64.000 GB, comm_cost=2.414)
result[(2, 10, 1, 0), 1] = ModuleProfileResult(compute_cost=14772.800, peak_memory=54.994 GB, invar_size=51.453 GB, outvar_size=15.846 GB, temp_buffer_size=3.448 GB, available_memory=64.000 GB, comm_cost=0.733)
Using pre computed peak Mem for (2, 10, 1, 1), module 0
result[(2, 10, 1, 1), 0] = ModuleProfileResult(compute_cost=4171.164, peak_memory=50.400 GB, invar_size=15.846 GB, outvar_size=36.005 GB, temp_buffer_size=-1.451 GB, available_memory=64.000 GB, comm_cost=2.414)
result[(2, 10, 1, 1), 1] = ModuleProfileResult(compute_cost=14772.809, peak_memory=55.299 GB, invar_size=51.757 GB, outvar_size=15.846 GB, temp_buffer_size=3.447 GB, available_memory=64.000 GB, comm_cost=0.731)
Using pre computed peak Mem for (2, 11, 1, 0), module 0
result[(2, 11, 1, 0), 0] = ModuleProfileResult(compute_cost=4313.305, peak_memory=56.000 GB, invar_size=17.546 GB, outvar_size=38.573 GB, temp_buffer_size=-0.119 GB, available_memory=64.000 GB, comm_cost=2.435)
Using pre computed peak Mem for (2, 11, 1, 0), module 1
result[(2, 11, 1, 0), 1] = ModuleProfileResult(compute_cost=31861.051, peak_memory=65.000 GB, invar_size=56.025 GB, outvar_size=17.546 GB, temp_buffer_size=8.881 GB, available_memory=64.000 GB, comm_cost=0.957)
Using pre computed peak Mem for (2, 11, 1, 1), module 0
result[(2, 11, 1, 1), 0] = ModuleProfileResult(compute_cost=4313.305, peak_memory=56.000 GB, invar_size=17.546 GB, outvar_size=38.619 GB, temp_buffer_size=-0.166 GB, available_memory=64.000 GB, comm_cost=2.435)
Using pre computed peak Mem for (2, 11, 1, 1), module 1
result[(2, 11, 1, 1), 1] = ModuleProfileResult(compute_cost=31861.058, peak_memory=65.000 GB, invar_size=56.072 GB, outvar_size=17.546 GB, temp_buffer_size=8.834 GB, available_memory=64.000 GB, comm_cost=0.956)
Using pre computed peak Mem for (3, 3, 1, 0), module 0
result[(3, 3, 1, 0), 0] = ModuleProfileResult(compute_cost=431.321, peak_memory=5.600 GB, invar_size=1.782 GB, outvar_size=3.891 GB, temp_buffer_size=-0.073 GB, available_memory=64.000 GB, comm_cost=0.244)
result[(3, 3, 1, 0), 1] = ModuleProfileResult(compute_cost=1587.364, peak_memory=6.493 GB, invar_size=5.579 GB, outvar_size=1.782 GB, temp_buffer_size=0.820 GB, available_memory=64.000 GB, comm_cost=0.075)
Using pre computed peak Mem for (3, 3, 1, 1), module 0
result[(3, 3, 1, 1), 0] = ModuleProfileResult(compute_cost=431.321, peak_memory=5.600 GB, invar_size=1.782 GB, outvar_size=3.915 GB, temp_buffer_size=-0.096 GB, available_memory=64.000 GB, comm_cost=0.244)
result[(3, 3, 1, 1), 1] = ModuleProfileResult(compute_cost=1587.365, peak_memory=6.845 GB, invar_size=5.602 GB, outvar_size=1.782 GB, temp_buffer_size=1.148 GB, available_memory=64.000 GB, comm_cost=0.075)
Using pre computed peak Mem for (3, 4, 1, 0), module 0
result[(3, 4, 1, 0), 0] = ModuleProfileResult(compute_cost=862.611, peak_memory=11.200 GB, invar_size=3.469 GB, outvar_size=7.642 GB, temp_buffer_size=0.089 GB, available_memory=64.000 GB, comm_cost=0.487)
result[(3, 4, 1, 0), 1] = ModuleProfileResult(compute_cost=3174.728, peak_memory=12.401 GB, invar_size=11.017 GB, outvar_size=3.469 GB, temp_buffer_size=1.290 GB, available_memory=64.000 GB, comm_cost=0.151)
Using pre computed peak Mem for (3, 4, 1, 1), module 0
result[(3, 4, 1, 1), 0] = ModuleProfileResult(compute_cost=862.611, peak_memory=11.200 GB, invar_size=3.469 GB, outvar_size=7.642 GB, temp_buffer_size=0.089 GB, available_memory=64.000 GB, comm_cost=0.487)
result[(3, 4, 1, 1), 1] = ModuleProfileResult(compute_cost=3174.727, peak_memory=12.377 GB, invar_size=11.017 GB, outvar_size=3.469 GB, temp_buffer_size=1.266 GB, available_memory=64.000 GB, comm_cost=0.149)
Using pre computed peak Mem for (3, 5, 1, 0), module 0
result[(3, 5, 1, 0), 0] = ModuleProfileResult(compute_cost=1293.901, peak_memory=16.800 GB, invar_size=5.157 GB, outvar_size=11.486 GB, temp_buffer_size=0.157 GB, available_memory=64.000 GB, comm_cost=0.731)
result[(3, 5, 1, 0), 1] = ModuleProfileResult(compute_cost=4762.092, peak_memory=18.542 GB, invar_size=16.549 GB, outvar_size=5.157 GB, temp_buffer_size=1.899 GB, available_memory=64.000 GB, comm_cost=0.226)
Using pre computed peak Mem for (3, 5, 1, 1), module 0
result[(3, 5, 1, 1), 0] = ModuleProfileResult(compute_cost=1293.901, peak_memory=16.800 GB, invar_size=5.157 GB, outvar_size=11.509 GB, temp_buffer_size=0.134 GB, available_memory=64.000 GB, comm_cost=0.731)
result[(3, 5, 1, 1), 1] = ModuleProfileResult(compute_cost=4762.093, peak_memory=18.917 GB, invar_size=16.573 GB, outvar_size=5.157 GB, temp_buffer_size=2.250 GB, available_memory=64.000 GB, comm_cost=0.225)
Using pre computed peak Mem for (3, 6, 1, 0), module 0
result[(3, 6, 1, 0), 0] = ModuleProfileResult(compute_cost=1725.191, peak_memory=22.400 GB, invar_size=6.845 GB, outvar_size=15.213 GB, temp_buffer_size=0.342 GB, available_memory=64.000 GB, comm_cost=0.974)
result[(3, 6, 1, 0), 1] = ModuleProfileResult(compute_cost=6349.455, peak_memory=24.379 GB, invar_size=21.964 GB, outvar_size=6.845 GB, temp_buffer_size=2.321 GB, available_memory=64.000 GB, comm_cost=0.301)
Using pre computed peak Mem for (3, 6, 1, 1), module 0
result[(3, 6, 1, 1), 0] = ModuleProfileResult(compute_cost=1711.784, peak_memory=22.400 GB, invar_size=6.985 GB, outvar_size=15.354 GB, temp_buffer_size=0.061 GB, available_memory=64.000 GB, comm_cost=0.953)
result[(3, 6, 1, 1), 1] = ModuleProfileResult(compute_cost=6436.270, peak_memory=24.941 GB, invar_size=22.292 GB, outvar_size=6.985 GB, temp_buffer_size=2.556 GB, available_memory=64.000 GB, comm_cost=0.322)
Using pre computed peak Mem for (3, 7, 1, 0), module 0
result[(3, 7, 1, 0), 0] = ModuleProfileResult(compute_cost=2156.481, peak_memory=28.000 GB, invar_size=8.533 GB, outvar_size=19.057 GB, temp_buffer_size=0.410 GB, available_memory=64.000 GB, comm_cost=1.218)
result[(3, 7, 1, 0), 1] = ModuleProfileResult(compute_cost=7936.819, peak_memory=30.426 GB, invar_size=27.496 GB, outvar_size=8.533 GB, temp_buffer_size=2.837 GB, available_memory=64.000 GB, comm_cost=0.377)
Using pre computed peak Mem for (3, 7, 1, 1), module 0
result[(3, 7, 1, 1), 0] = ModuleProfileResult(compute_cost=2156.481, peak_memory=28.000 GB, invar_size=8.533 GB, outvar_size=19.057 GB, temp_buffer_size=0.410 GB, available_memory=64.000 GB, comm_cost=1.218)
result[(3, 7, 1, 1), 1] = ModuleProfileResult(compute_cost=7936.824, peak_memory=30.426 GB, invar_size=27.496 GB, outvar_size=8.533 GB, temp_buffer_size=2.837 GB, available_memory=64.000 GB, comm_cost=0.376)
Using pre computed peak Mem for (3, 8, 1, 0), module 0
result[(3, 8, 1, 0), 0] = ModuleProfileResult(compute_cost=2587.771, peak_memory=33.600 GB, invar_size=10.220 GB, outvar_size=22.784 GB, temp_buffer_size=0.595 GB, available_memory=64.000 GB, comm_cost=1.461)
result[(3, 8, 1, 0), 1] = ModuleProfileResult(compute_cost=9524.183, peak_memory=35.912 GB, invar_size=32.911 GB, outvar_size=10.220 GB, temp_buffer_size=2.907 GB, available_memory=64.000 GB, comm_cost=0.452)
Using pre computed peak Mem for (3, 8, 1, 1), module 0
result[(3, 8, 1, 1), 0] = ModuleProfileResult(compute_cost=2587.771, peak_memory=33.600 GB, invar_size=10.220 GB, outvar_size=22.831 GB, temp_buffer_size=0.548 GB, available_memory=64.000 GB, comm_cost=1.461)
result[(3, 8, 1, 1), 1] = ModuleProfileResult(compute_cost=9524.191, peak_memory=36.321 GB, invar_size=32.958 GB, outvar_size=10.220 GB, temp_buffer_size=3.270 GB, available_memory=64.000 GB, comm_cost=0.455)
Using pre computed peak Mem for (3, 9, 1, 0), module 0
result[(3, 9, 1, 0), 0] = ModuleProfileResult(compute_cost=3019.061, peak_memory=39.200 GB, invar_size=11.908 GB, outvar_size=26.558 GB, temp_buffer_size=0.734 GB, available_memory=64.000 GB, comm_cost=1.705)
result[(3, 9, 1, 0), 1] = ModuleProfileResult(compute_cost=11111.547, peak_memory=41.561 GB, invar_size=38.373 GB, outvar_size=11.908 GB, temp_buffer_size=3.095 GB, available_memory=64.000 GB, comm_cost=0.528)
Using pre computed peak Mem for (3, 9, 1, 1), module 0
result[(3, 9, 1, 1), 0] = ModuleProfileResult(compute_cost=3019.061, peak_memory=39.200 GB, invar_size=11.908 GB, outvar_size=26.629 GB, temp_buffer_size=0.663 GB, available_memory=64.000 GB, comm_cost=1.705)
result[(3, 9, 1, 1), 1] = ModuleProfileResult(compute_cost=11111.551, peak_memory=41.853 GB, invar_size=38.443 GB, outvar_size=11.908 GB, temp_buffer_size=3.317 GB, available_memory=64.000 GB, comm_cost=0.525)
Using pre computed peak Mem for (3, 10, 1, 0), module 0
result[(3, 10, 1, 0), 0] = ModuleProfileResult(compute_cost=3450.350, peak_memory=44.800 GB, invar_size=13.596 GB, outvar_size=30.309 GB, temp_buffer_size=0.895 GB, available_memory=64.000 GB, comm_cost=1.948)
result[(3, 10, 1, 0), 1] = ModuleProfileResult(compute_cost=12698.911, peak_memory=47.023 GB, invar_size=43.811 GB, outvar_size=13.596 GB, temp_buffer_size=3.118 GB, available_memory=64.000 GB, comm_cost=0.603)
Using pre computed peak Mem for (3, 10, 1, 1), module 0
result[(3, 10, 1, 1), 0] = ModuleProfileResult(compute_cost=3450.350, peak_memory=44.800 GB, invar_size=13.596 GB, outvar_size=30.379 GB, temp_buffer_size=0.825 GB, available_memory=64.000 GB, comm_cost=1.948)
result[(3, 10, 1, 1), 1] = ModuleProfileResult(compute_cost=12698.914, peak_memory=47.327 GB, invar_size=43.881 GB, outvar_size=13.596 GB, temp_buffer_size=3.352 GB, available_memory=64.000 GB, comm_cost=0.602)
Using pre computed peak Mem for (3, 11, 1, 0), module 0
result[(3, 11, 1, 0), 0] = ModuleProfileResult(compute_cost=3592.491, peak_memory=50.400 GB, invar_size=15.296 GB, outvar_size=33.158 GB, temp_buffer_size=1.946 GB, available_memory=64.000 GB, comm_cost=1.969)
Using pre computed peak Mem for (3, 11, 1, 0), module 1
result[(3, 11, 1, 0), 1] = ModuleProfileResult(compute_cost=29787.161, peak_memory=58.500 GB, invar_size=48.360 GB, outvar_size=15.296 GB, temp_buffer_size=10.046 GB, available_memory=64.000 GB, comm_cost=0.827)
Using pre computed peak Mem for (3, 11, 1, 1), module 0
result[(3, 11, 1, 1), 0] = ModuleProfileResult(compute_cost=3592.491, peak_memory=50.400 GB, invar_size=15.296 GB, outvar_size=33.158 GB, temp_buffer_size=1.946 GB, available_memory=64.000 GB, comm_cost=1.969)
Using pre computed peak Mem for (3, 11, 1, 1), module 1
result[(3, 11, 1, 1), 1] = ModuleProfileResult(compute_cost=29787.162, peak_memory=58.500 GB, invar_size=48.360 GB, outvar_size=15.296 GB, temp_buffer_size=10.046 GB, available_memory=64.000 GB, comm_cost=0.826)
Using pre computed peak Mem for (4, 4, 1, 0), module 0
result[(4, 4, 1, 0), 0] = ModuleProfileResult(compute_cost=431.321, peak_memory=5.600 GB, invar_size=1.782 GB, outvar_size=3.891 GB, temp_buffer_size=-0.073 GB, available_memory=64.000 GB, comm_cost=0.244)
result[(4, 4, 1, 0), 1] = ModuleProfileResult(compute_cost=1587.364, peak_memory=6.493 GB, invar_size=5.579 GB, outvar_size=1.782 GB, temp_buffer_size=0.820 GB, available_memory=64.000 GB, comm_cost=0.075)
Using pre computed peak Mem for (4, 4, 1, 1), module 0
result[(4, 4, 1, 1), 0] = ModuleProfileResult(compute_cost=431.321, peak_memory=5.600 GB, invar_size=1.782 GB, outvar_size=3.915 GB, temp_buffer_size=-0.096 GB, available_memory=64.000 GB, comm_cost=0.244)
result[(4, 4, 1, 1), 1] = ModuleProfileResult(compute_cost=1587.365, peak_memory=6.845 GB, invar_size=5.602 GB, outvar_size=1.782 GB, temp_buffer_size=1.148 GB, available_memory=64.000 GB, comm_cost=0.075)
Using pre computed peak Mem for (4, 5, 1, 0), module 0
result[(4, 5, 1, 0), 0] = ModuleProfileResult(compute_cost=862.611, peak_memory=11.200 GB, invar_size=3.469 GB, outvar_size=7.642 GB, temp_buffer_size=0.089 GB, available_memory=64.000 GB, comm_cost=0.487)
result[(4, 5, 1, 0), 1] = ModuleProfileResult(compute_cost=3174.728, peak_memory=12.401 GB, invar_size=11.017 GB, outvar_size=3.469 GB, temp_buffer_size=1.290 GB, available_memory=64.000 GB, comm_cost=0.151)
Using pre computed peak Mem for (4, 5, 1, 1), module 0
result[(4, 5, 1, 1), 0] = ModuleProfileResult(compute_cost=862.611, peak_memory=11.200 GB, invar_size=3.469 GB, outvar_size=7.689 GB, temp_buffer_size=0.042 GB, available_memory=64.000 GB, comm_cost=0.487)
result[(4, 5, 1, 1), 1] = ModuleProfileResult(compute_cost=3174.730, peak_memory=12.494 GB, invar_size=11.064 GB, outvar_size=3.469 GB, temp_buffer_size=1.336 GB, available_memory=64.000 GB, comm_cost=0.151)
Using pre computed peak Mem for (4, 6, 1, 0), module 0
result[(4, 6, 1, 0), 0] = ModuleProfileResult(compute_cost=1293.901, peak_memory=16.800 GB, invar_size=5.157 GB, outvar_size=11.439 GB, temp_buffer_size=0.204 GB, available_memory=64.000 GB, comm_cost=0.731)
result[(4, 6, 1, 0), 1] = ModuleProfileResult(compute_cost=4762.092, peak_memory=18.471 GB, invar_size=16.502 GB, outvar_size=5.157 GB, temp_buffer_size=1.875 GB, available_memory=64.000 GB, comm_cost=0.226)
Using pre computed peak Mem for (4, 6, 1, 1), module 0
result[(4, 6, 1, 1), 0] = ModuleProfileResult(compute_cost=1293.901, peak_memory=16.800 GB, invar_size=5.157 GB, outvar_size=11.416 GB, temp_buffer_size=0.227 GB, available_memory=64.000 GB, comm_cost=0.731)
result[(4, 6, 1, 1), 1] = ModuleProfileResult(compute_cost=4762.095, peak_memory=18.495 GB, invar_size=16.479 GB, outvar_size=5.157 GB, temp_buffer_size=1.922 GB, available_memory=64.000 GB, comm_cost=0.228)
Using pre computed peak Mem for (4, 7, 1, 0), module 0
result[(4, 7, 1, 0), 0] = ModuleProfileResult(compute_cost=1725.191, peak_memory=22.400 GB, invar_size=6.845 GB, outvar_size=15.213 GB, temp_buffer_size=0.342 GB, available_memory=64.000 GB, comm_cost=0.974)
result[(4, 7, 1, 0), 1] = ModuleProfileResult(compute_cost=6349.455, peak_memory=24.379 GB, invar_size=21.964 GB, outvar_size=6.845 GB, temp_buffer_size=2.321 GB, available_memory=64.000 GB, comm_cost=0.301)
Using pre computed peak Mem for (4, 7, 1, 1), module 0
result[(4, 7, 1, 1), 0] = ModuleProfileResult(compute_cost=1725.191, peak_memory=22.400 GB, invar_size=6.845 GB, outvar_size=15.143 GB, temp_buffer_size=0.413 GB, available_memory=64.000 GB, comm_cost=0.974)
result[(4, 7, 1, 1), 1] = ModuleProfileResult(compute_cost=6349.457, peak_memory=24.309 GB, invar_size=21.894 GB, outvar_size=6.845 GB, temp_buffer_size=2.321 GB, available_memory=64.000 GB, comm_cost=0.302)
Using pre computed peak Mem for (4, 8, 1, 0), module 0
result[(4, 8, 1, 0), 0] = ModuleProfileResult(compute_cost=2156.481, peak_memory=28.000 GB, invar_size=8.533 GB, outvar_size=19.034 GB, temp_buffer_size=0.434 GB, available_memory=64.000 GB, comm_cost=1.218)
result[(4, 8, 1, 0), 1] = ModuleProfileResult(compute_cost=7936.819, peak_memory=30.426 GB, invar_size=27.473 GB, outvar_size=8.533 GB, temp_buffer_size=2.860 GB, available_memory=64.000 GB, comm_cost=0.377)
Using pre computed peak Mem for (4, 8, 1, 1), module 0
result[(4, 8, 1, 1), 0] = ModuleProfileResult(compute_cost=2156.481, peak_memory=28.000 GB, invar_size=8.533 GB, outvar_size=19.104 GB, temp_buffer_size=0.363 GB, available_memory=64.000 GB, comm_cost=1.218)
result[(4, 8, 1, 1), 1] = ModuleProfileResult(compute_cost=7936.824, peak_memory=30.871 GB, invar_size=27.543 GB, outvar_size=8.533 GB, temp_buffer_size=3.235 GB, available_memory=64.000 GB, comm_cost=0.376)
Using pre computed peak Mem for (4, 9, 1, 0), module 0
result[(4, 9, 1, 0), 0] = ModuleProfileResult(compute_cost=2587.771, peak_memory=33.600 GB, invar_size=10.220 GB, outvar_size=22.784 GB, temp_buffer_size=0.595 GB, available_memory=64.000 GB, comm_cost=1.461)
result[(4, 9, 1, 0), 1] = ModuleProfileResult(compute_cost=9524.183, peak_memory=35.888 GB, invar_size=32.911 GB, outvar_size=10.220 GB, temp_buffer_size=2.884 GB, available_memory=64.000 GB, comm_cost=0.452)
Using pre computed peak Mem for (4, 9, 1, 1), module 0
result[(4, 9, 1, 1), 0] = ModuleProfileResult(compute_cost=2587.771, peak_memory=33.600 GB, invar_size=10.220 GB, outvar_size=22.925 GB, temp_buffer_size=0.455 GB, available_memory=64.000 GB, comm_cost=1.461)
result[(4, 9, 1, 1), 1] = ModuleProfileResult(compute_cost=9524.186, peak_memory=36.404 GB, invar_size=33.051 GB, outvar_size=10.220 GB, temp_buffer_size=3.259 GB, available_memory=64.000 GB, comm_cost=0.448)
Using pre computed peak Mem for (4, 10, 1, 0), module 0
result[(4, 10, 1, 0), 0] = ModuleProfileResult(compute_cost=3019.061, peak_memory=39.200 GB, invar_size=11.908 GB, outvar_size=26.582 GB, temp_buffer_size=0.710 GB, available_memory=64.000 GB, comm_cost=1.705)
result[(4, 10, 1, 0), 1] = ModuleProfileResult(compute_cost=11111.547, peak_memory=41.608 GB, invar_size=38.396 GB, outvar_size=11.908 GB, temp_buffer_size=3.118 GB, available_memory=64.000 GB, comm_cost=0.528)
Using pre computed peak Mem for (4, 10, 1, 1), module 0
result[(4, 10, 1, 1), 0] = ModuleProfileResult(compute_cost=3019.061, peak_memory=39.200 GB, invar_size=11.908 GB, outvar_size=26.676 GB, temp_buffer_size=0.616 GB, available_memory=64.000 GB, comm_cost=1.705)
result[(4, 10, 1, 1), 1] = ModuleProfileResult(compute_cost=11111.548, peak_memory=42.076 GB, invar_size=38.490 GB, outvar_size=11.908 GB, temp_buffer_size=3.492 GB, available_memory=64.000 GB, comm_cost=0.522)
Using pre computed peak Mem for (4, 11, 1, 0), module 0
result[(4, 11, 1, 0), 0] = ModuleProfileResult(compute_cost=3161.201, peak_memory=44.800 GB, invar_size=13.608 GB, outvar_size=29.360 GB, temp_buffer_size=1.831 GB, available_memory=64.000 GB, comm_cost=1.725)
Using pre computed peak Mem for (4, 11, 1, 0), module 1
result[(4, 11, 1, 0), 1] = ModuleProfileResult(compute_cost=28199.798, peak_memory=52.000 GB, invar_size=42.875 GB, outvar_size=13.608 GB, temp_buffer_size=9.032 GB, available_memory=64.000 GB, comm_cost=0.751)
Using pre computed peak Mem for (4, 11, 1, 1), module 0
result[(4, 11, 1, 1), 0] = ModuleProfileResult(compute_cost=3161.201, peak_memory=44.800 GB, invar_size=13.608 GB, outvar_size=29.524 GB, temp_buffer_size=1.667 GB, available_memory=64.000 GB, comm_cost=1.725)
Using pre computed peak Mem for (4, 11, 1, 1), module 1
result[(4, 11, 1, 1), 1] = ModuleProfileResult(compute_cost=28199.807, peak_memory=52.000 GB, invar_size=43.039 GB, outvar_size=13.608 GB, temp_buffer_size=8.867 GB, available_memory=64.000 GB, comm_cost=0.752)
Using pre computed peak Mem for (5, 5, 1, 0), module 0
result[(5, 5, 1, 0), 0] = ModuleProfileResult(compute_cost=431.321, peak_memory=5.600 GB, invar_size=1.782 GB, outvar_size=3.891 GB, temp_buffer_size=-0.073 GB, available_memory=64.000 GB, comm_cost=0.244)
result[(5, 5, 1, 0), 1] = ModuleProfileResult(compute_cost=1587.364, peak_memory=6.493 GB, invar_size=5.579 GB, outvar_size=1.782 GB, temp_buffer_size=0.820 GB, available_memory=64.000 GB, comm_cost=0.075)
Using pre computed peak Mem for (5, 5, 1, 1), module 0
result[(5, 5, 1, 1), 0] = ModuleProfileResult(compute_cost=431.321, peak_memory=5.600 GB, invar_size=1.782 GB, outvar_size=3.891 GB, temp_buffer_size=-0.073 GB, available_memory=64.000 GB, comm_cost=0.244)
result[(5, 5, 1, 1), 1] = ModuleProfileResult(compute_cost=1587.363, peak_memory=6.470 GB, invar_size=5.579 GB, outvar_size=1.782 GB, temp_buffer_size=0.797 GB, available_memory=64.000 GB, comm_cost=0.074)
Using pre computed peak Mem for (5, 6, 1, 0), module 0
result[(5, 6, 1, 0), 0] = ModuleProfileResult(compute_cost=862.611, peak_memory=11.200 GB, invar_size=3.469 GB, outvar_size=7.618 GB, temp_buffer_size=0.113 GB, available_memory=64.000 GB, comm_cost=0.487)
result[(5, 6, 1, 0), 1] = ModuleProfileResult(compute_cost=3174.728, peak_memory=12.354 GB, invar_size=10.994 GB, outvar_size=3.469 GB, temp_buffer_size=1.266 GB, available_memory=64.000 GB, comm_cost=0.151)
Using pre computed peak Mem for (5, 6, 1, 1), module 0
result[(5, 6, 1, 1), 0] = ModuleProfileResult(compute_cost=862.611, peak_memory=11.200 GB, invar_size=3.469 GB, outvar_size=7.689 GB, temp_buffer_size=0.042 GB, available_memory=64.000 GB, comm_cost=0.487)
result[(5, 6, 1, 1), 1] = ModuleProfileResult(compute_cost=3174.730, peak_memory=12.822 GB, invar_size=11.064 GB, outvar_size=3.469 GB, temp_buffer_size=1.664 GB, available_memory=64.000 GB, comm_cost=0.151)
Using pre computed peak Mem for (5, 7, 1, 0), module 0
result[(5, 7, 1, 0), 0] = ModuleProfileResult(compute_cost=1293.901, peak_memory=16.800 GB, invar_size=5.157 GB, outvar_size=11.486 GB, temp_buffer_size=0.157 GB, available_memory=64.000 GB, comm_cost=0.731)
result[(5, 7, 1, 0), 1] = ModuleProfileResult(compute_cost=4762.092, peak_memory=18.542 GB, invar_size=16.549 GB, outvar_size=5.157 GB, temp_buffer_size=1.899 GB, available_memory=64.000 GB, comm_cost=0.226)
Using pre computed peak Mem for (5, 7, 1, 1), module 0
result[(5, 7, 1, 1), 0] = ModuleProfileResult(compute_cost=1293.901, peak_memory=16.800 GB, invar_size=5.157 GB, outvar_size=11.462 GB, temp_buffer_size=0.180 GB, available_memory=64.000 GB, comm_cost=0.731)
result[(5, 7, 1, 1), 1] = ModuleProfileResult(compute_cost=4762.094, peak_memory=18.565 GB, invar_size=16.526 GB, outvar_size=5.157 GB, temp_buffer_size=1.946 GB, available_memory=64.000 GB, comm_cost=0.226)
Using pre computed peak Mem for (5, 8, 1, 0), module 0
result[(5, 8, 1, 0), 0] = ModuleProfileResult(compute_cost=1725.191, peak_memory=22.400 GB, invar_size=6.845 GB, outvar_size=15.236 GB, temp_buffer_size=0.319 GB, available_memory=64.000 GB, comm_cost=0.974)
result[(5, 8, 1, 0), 1] = ModuleProfileResult(compute_cost=6349.455, peak_memory=24.402 GB, invar_size=21.987 GB, outvar_size=6.845 GB, temp_buffer_size=2.321 GB, available_memory=64.000 GB, comm_cost=0.301)
Using pre computed peak Mem for (5, 8, 1, 1), module 0
result[(5, 8, 1, 1), 0] = ModuleProfileResult(compute_cost=1725.191, peak_memory=22.400 GB, invar_size=6.845 GB, outvar_size=15.213 GB, temp_buffer_size=0.342 GB, available_memory=64.000 GB, comm_cost=0.974)
result[(5, 8, 1, 1), 1] = ModuleProfileResult(compute_cost=6349.456, peak_memory=24.379 GB, invar_size=21.964 GB, outvar_size=6.845 GB, temp_buffer_size=2.321 GB, available_memory=64.000 GB, comm_cost=0.301)
Using pre computed peak Mem for (5, 9, 1, 0), module 0
result[(5, 9, 1, 0), 0] = ModuleProfileResult(compute_cost=2156.481, peak_memory=28.000 GB, invar_size=8.533 GB, outvar_size=18.964 GB, temp_buffer_size=0.504 GB, available_memory=64.000 GB, comm_cost=1.218)
result[(5, 9, 1, 0), 1] = ModuleProfileResult(compute_cost=7936.819, peak_memory=30.309 GB, invar_size=27.402 GB, outvar_size=8.533 GB, temp_buffer_size=2.813 GB, available_memory=64.000 GB, comm_cost=0.377)
Using pre computed peak Mem for (5, 9, 1, 1), module 0
result[(5, 9, 1, 1), 0] = ModuleProfileResult(compute_cost=2156.481, peak_memory=28.000 GB, invar_size=8.533 GB, outvar_size=19.057 GB, temp_buffer_size=0.410 GB, available_memory=64.000 GB, comm_cost=1.218)
result[(5, 9, 1, 1), 1] = ModuleProfileResult(compute_cost=7936.824, peak_memory=30.426 GB, invar_size=27.496 GB, outvar_size=8.533 GB, temp_buffer_size=2.837 GB, available_memory=64.000 GB, comm_cost=0.376)
Using pre computed peak Mem for (5, 10, 1, 0), module 0
result[(5, 10, 1, 0), 0] = ModuleProfileResult(compute_cost=2587.771, peak_memory=33.600 GB, invar_size=10.220 GB, outvar_size=22.761 GB, temp_buffer_size=0.619 GB, available_memory=64.000 GB, comm_cost=1.461)
result[(5, 10, 1, 0), 1] = ModuleProfileResult(compute_cost=9524.183, peak_memory=35.865 GB, invar_size=32.887 GB, outvar_size=10.220 GB, temp_buffer_size=2.884 GB, available_memory=64.000 GB, comm_cost=0.452)
Using pre computed peak Mem for (5, 10, 1, 1), module 0
result[(5, 10, 1, 1), 0] = ModuleProfileResult(compute_cost=2587.771, peak_memory=33.600 GB, invar_size=10.220 GB, outvar_size=22.784 GB, temp_buffer_size=0.595 GB, available_memory=64.000 GB, comm_cost=1.461)
result[(5, 10, 1, 1), 1] = ModuleProfileResult(compute_cost=9524.189, peak_memory=36.216 GB, invar_size=32.911 GB, outvar_size=10.220 GB, temp_buffer_size=3.212 GB, available_memory=64.000 GB, comm_cost=0.454)
Using pre computed peak Mem for (5, 11, 1, 0), module 0
result[(5, 11, 1, 0), 0] = ModuleProfileResult(compute_cost=2729.911, peak_memory=39.200 GB, invar_size=11.921 GB, outvar_size=25.586 GB, temp_buffer_size=1.693 GB, available_memory=64.000 GB, comm_cost=1.482)
Using pre computed peak Mem for (5, 11, 1, 0), module 1
result[(5, 11, 1, 0), 1] = ModuleProfileResult(compute_cost=26612.434, peak_memory=45.500 GB, invar_size=37.413 GB, outvar_size=11.921 GB, temp_buffer_size=7.993 GB, available_memory=64.000 GB, comm_cost=0.676)
Using pre computed peak Mem for (5, 11, 1, 1), module 0
result[(5, 11, 1, 1), 0] = ModuleProfileResult(compute_cost=2729.915, peak_memory=39.200 GB, invar_size=11.921 GB, outvar_size=25.680 GB, temp_buffer_size=1.599 GB, available_memory=64.000 GB, comm_cost=1.484)
Using pre computed peak Mem for (5, 11, 1, 1), module 1
result[(5, 11, 1, 1), 1] = ModuleProfileResult(compute_cost=26612.443, peak_memory=45.500 GB, invar_size=37.507 GB, outvar_size=11.921 GB, temp_buffer_size=7.899 GB, available_memory=64.000 GB, comm_cost=0.678)
Using pre computed peak Mem for (6, 6, 1, 0), module 0
result[(6, 6, 1, 0), 0] = ModuleProfileResult(compute_cost=431.321, peak_memory=5.600 GB, invar_size=1.782 GB, outvar_size=3.891 GB, temp_buffer_size=-0.073 GB, available_memory=64.000 GB, comm_cost=0.244)
result[(6, 6, 1, 0), 1] = ModuleProfileResult(compute_cost=1587.364, peak_memory=6.493 GB, invar_size=5.579 GB, outvar_size=1.782 GB, temp_buffer_size=0.820 GB, available_memory=64.000 GB, comm_cost=0.075)
Using pre computed peak Mem for (6, 6, 1, 1), module 0
result[(6, 6, 1, 1), 0] = ModuleProfileResult(compute_cost=431.321, peak_memory=5.600 GB, invar_size=1.782 GB, outvar_size=3.915 GB, temp_buffer_size=-0.096 GB, available_memory=64.000 GB, comm_cost=0.244)
result[(6, 6, 1, 1), 1] = ModuleProfileResult(compute_cost=1587.365, peak_memory=6.845 GB, invar_size=5.602 GB, outvar_size=1.782 GB, temp_buffer_size=1.148 GB, available_memory=64.000 GB, comm_cost=0.075)
Using pre computed peak Mem for (6, 7, 1, 0), module 0
result[(6, 7, 1, 0), 0] = ModuleProfileResult(compute_cost=862.611, peak_memory=11.200 GB, invar_size=3.469 GB, outvar_size=7.665 GB, temp_buffer_size=0.066 GB, available_memory=64.000 GB, comm_cost=0.487)
result[(6, 7, 1, 0), 1] = ModuleProfileResult(compute_cost=3174.728, peak_memory=12.447 GB, invar_size=11.041 GB, outvar_size=3.469 GB, temp_buffer_size=1.313 GB, available_memory=64.000 GB, comm_cost=0.151)
Using pre computed peak Mem for (6, 7, 1, 1), module 0
result[(6, 7, 1, 1), 0] = ModuleProfileResult(compute_cost=862.611, peak_memory=11.200 GB, invar_size=3.469 GB, outvar_size=7.665 GB, temp_buffer_size=0.066 GB, available_memory=64.000 GB, comm_cost=0.487)
result[(6, 7, 1, 1), 1] = ModuleProfileResult(compute_cost=3174.729, peak_memory=12.494 GB, invar_size=11.041 GB, outvar_size=3.469 GB, temp_buffer_size=1.360 GB, available_memory=64.000 GB, comm_cost=0.150)
Using pre computed peak Mem for (6, 8, 1, 0), module 0
result[(6, 8, 1, 0), 0] = ModuleProfileResult(compute_cost=1293.901, peak_memory=16.800 GB, invar_size=5.157 GB, outvar_size=11.509 GB, temp_buffer_size=0.134 GB, available_memory=64.000 GB, comm_cost=0.731)
result[(6, 8, 1, 0), 1] = ModuleProfileResult(compute_cost=4762.092, peak_memory=18.589 GB, invar_size=16.573 GB, outvar_size=5.157 GB, temp_buffer_size=1.922 GB, available_memory=64.000 GB, comm_cost=0.226)
Using pre computed peak Mem for (6, 8, 1, 1), module 0
result[(6, 8, 1, 1), 0] = ModuleProfileResult(compute_cost=1293.901, peak_memory=16.800 GB, invar_size=5.157 GB, outvar_size=11.509 GB, temp_buffer_size=0.134 GB, available_memory=64.000 GB, comm_cost=0.731)
result[(6, 8, 1, 1), 1] = ModuleProfileResult(compute_cost=4762.093, peak_memory=18.917 GB, invar_size=16.573 GB, outvar_size=5.157 GB, temp_buffer_size=2.250 GB, available_memory=64.000 GB, comm_cost=0.225)
Using pre computed peak Mem for (6, 9, 1, 0), module 0
result[(6, 9, 1, 0), 0] = ModuleProfileResult(compute_cost=1725.191, peak_memory=22.400 GB, invar_size=6.845 GB, outvar_size=15.190 GB, temp_buffer_size=0.366 GB, available_memory=64.000 GB, comm_cost=0.974)
result[(6, 9, 1, 0), 1] = ModuleProfileResult(compute_cost=6349.455, peak_memory=24.332 GB, invar_size=21.941 GB, outvar_size=6.845 GB, temp_buffer_size=2.298 GB, available_memory=64.000 GB, comm_cost=0.301)
Using pre computed peak Mem for (6, 9, 1, 1), module 0
result[(6, 9, 1, 1), 0] = ModuleProfileResult(compute_cost=1725.191, peak_memory=22.400 GB, invar_size=6.845 GB, outvar_size=15.307 GB, temp_buffer_size=0.248 GB, available_memory=64.000 GB, comm_cost=0.974)
result[(6, 9, 1, 1), 1] = ModuleProfileResult(compute_cost=6349.459, peak_memory=24.847 GB, invar_size=22.058 GB, outvar_size=6.845 GB, temp_buffer_size=2.696 GB, available_memory=64.000 GB, comm_cost=0.301)
Using pre computed peak Mem for (6, 10, 1, 0), module 0
result[(6, 10, 1, 0), 0] = ModuleProfileResult(compute_cost=2156.481, peak_memory=28.000 GB, invar_size=8.533 GB, outvar_size=19.057 GB, temp_buffer_size=0.410 GB, available_memory=64.000 GB, comm_cost=1.218)
result[(6, 10, 1, 0), 1] = ModuleProfileResult(compute_cost=7936.819, peak_memory=30.426 GB, invar_size=27.496 GB, outvar_size=8.533 GB, temp_buffer_size=2.837 GB, available_memory=64.000 GB, comm_cost=0.377)
Using pre computed peak Mem for (6, 10, 1, 1), module 0
result[(6, 10, 1, 1), 0] = ModuleProfileResult(compute_cost=2156.481, peak_memory=28.000 GB, invar_size=8.533 GB, outvar_size=18.940 GB, temp_buffer_size=0.527 GB, available_memory=64.000 GB, comm_cost=1.218)
result[(6, 10, 1, 1), 1] = ModuleProfileResult(compute_cost=7936.823, peak_memory=30.309 GB, invar_size=27.379 GB, outvar_size=8.533 GB, temp_buffer_size=2.837 GB, available_memory=64.000 GB, comm_cost=0.379)
Using pre computed peak Mem for (6, 11, 1, 0), module 0
result[(6, 11, 1, 0), 0] = ModuleProfileResult(compute_cost=2298.622, peak_memory=33.600 GB, invar_size=10.233 GB, outvar_size=21.765 GB, temp_buffer_size=1.602 GB, available_memory=64.000 GB, comm_cost=1.238)
Using pre computed peak Mem for (6, 11, 1, 0), module 1
result[(6, 11, 1, 0), 1] = ModuleProfileResult(compute_cost=25025.070, peak_memory=39.000 GB, invar_size=31.904 GB, outvar_size=10.233 GB, temp_buffer_size=7.002 GB, available_memory=64.000 GB, comm_cost=0.600)
Using pre computed peak Mem for (6, 11, 1, 1), module 0
result[(6, 11, 1, 1), 0] = ModuleProfileResult(compute_cost=2298.622, peak_memory=33.600 GB, invar_size=10.233 GB, outvar_size=21.836 GB, temp_buffer_size=1.531 GB, available_memory=64.000 GB, comm_cost=1.238)
Using pre computed peak Mem for (6, 11, 1, 1), module 1
result[(6, 11, 1, 1), 1] = ModuleProfileResult(compute_cost=25025.076, peak_memory=39.000 GB, invar_size=31.975 GB, outvar_size=10.233 GB, temp_buffer_size=6.931 GB, available_memory=64.000 GB, comm_cost=0.602)
Using pre computed peak Mem for (7, 7, 1, 0), module 0
result[(7, 7, 1, 0), 0] = ModuleProfileResult(compute_cost=431.321, peak_memory=5.600 GB, invar_size=1.782 GB, outvar_size=3.891 GB, temp_buffer_size=-0.073 GB, available_memory=64.000 GB, comm_cost=0.244)
result[(7, 7, 1, 0), 1] = ModuleProfileResult(compute_cost=1587.364, peak_memory=6.493 GB, invar_size=5.579 GB, outvar_size=1.782 GB, temp_buffer_size=0.820 GB, available_memory=64.000 GB, comm_cost=0.075)
Using pre computed peak Mem for (7, 7, 1, 1), module 0
result[(7, 7, 1, 1), 0] = ModuleProfileResult(compute_cost=431.321, peak_memory=5.600 GB, invar_size=1.782 GB, outvar_size=3.891 GB, temp_buffer_size=-0.073 GB, available_memory=64.000 GB, comm_cost=0.244)
result[(7, 7, 1, 1), 1] = ModuleProfileResult(compute_cost=1587.366, peak_memory=6.516 GB, invar_size=5.579 GB, outvar_size=1.782 GB, temp_buffer_size=0.844 GB, available_memory=64.000 GB, comm_cost=0.076)
Using pre computed peak Mem for (7, 8, 1, 0), module 0
result[(7, 8, 1, 0), 0] = ModuleProfileResult(compute_cost=862.611, peak_memory=11.200 GB, invar_size=3.469 GB, outvar_size=7.665 GB, temp_buffer_size=0.066 GB, available_memory=64.000 GB, comm_cost=0.487)
result[(7, 8, 1, 0), 1] = ModuleProfileResult(compute_cost=3174.728, peak_memory=12.447 GB, invar_size=11.041 GB, outvar_size=3.469 GB, temp_buffer_size=1.313 GB, available_memory=64.000 GB, comm_cost=0.151)
Using pre computed peak Mem for (7, 8, 1, 1), module 0
result[(7, 8, 1, 1), 0] = ModuleProfileResult(compute_cost=862.611, peak_memory=11.200 GB, invar_size=3.469 GB, outvar_size=7.642 GB, temp_buffer_size=0.089 GB, available_memory=64.000 GB, comm_cost=0.487)
result[(7, 8, 1, 1), 1] = ModuleProfileResult(compute_cost=3174.729, peak_memory=12.447 GB, invar_size=11.017 GB, outvar_size=3.469 GB, temp_buffer_size=1.336 GB, available_memory=64.000 GB, comm_cost=0.152)
Using pre computed peak Mem for (7, 9, 1, 0), module 0
result[(7, 9, 1, 0), 0] = ModuleProfileResult(compute_cost=1293.901, peak_memory=16.800 GB, invar_size=5.157 GB, outvar_size=11.439 GB, temp_buffer_size=0.204 GB, available_memory=64.000 GB, comm_cost=0.731)
result[(7, 9, 1, 0), 1] = ModuleProfileResult(compute_cost=4762.092, peak_memory=18.495 GB, invar_size=16.502 GB, outvar_size=5.157 GB, temp_buffer_size=1.899 GB, available_memory=64.000 GB, comm_cost=0.226)
Using pre computed peak Mem for (7, 9, 1, 1), module 0
result[(7, 9, 1, 1), 0] = ModuleProfileResult(compute_cost=1293.901, peak_memory=16.800 GB, invar_size=5.157 GB, outvar_size=11.462 GB, temp_buffer_size=0.180 GB, available_memory=64.000 GB, comm_cost=0.731)
result[(7, 9, 1, 1), 1] = ModuleProfileResult(compute_cost=4762.095, peak_memory=18.870 GB, invar_size=16.526 GB, outvar_size=5.157 GB, temp_buffer_size=2.251 GB, available_memory=64.000 GB, comm_cost=0.226)
Using pre computed peak Mem for (7, 10, 1, 0), module 0
result[(7, 10, 1, 0), 0] = ModuleProfileResult(compute_cost=1725.191, peak_memory=22.400 GB, invar_size=6.845 GB, outvar_size=15.260 GB, temp_buffer_size=0.295 GB, available_memory=64.000 GB, comm_cost=0.974)
result[(7, 10, 1, 0), 1] = ModuleProfileResult(compute_cost=6349.455, peak_memory=24.449 GB, invar_size=22.011 GB, outvar_size=6.845 GB, temp_buffer_size=2.345 GB, available_memory=64.000 GB, comm_cost=0.301)
Using pre computed peak Mem for (7, 10, 1, 1), module 0
result[(7, 10, 1, 1), 0] = ModuleProfileResult(compute_cost=1725.191, peak_memory=22.400 GB, invar_size=6.845 GB, outvar_size=15.213 GB, temp_buffer_size=0.342 GB, available_memory=64.000 GB, comm_cost=0.974)
result[(7, 10, 1, 1), 1] = ModuleProfileResult(compute_cost=6349.459, peak_memory=24.356 GB, invar_size=21.964 GB, outvar_size=6.845 GB, temp_buffer_size=2.298 GB, available_memory=64.000 GB, comm_cost=0.303)
Using pre computed peak Mem for (7, 11, 1, 0), module 0
result[(7, 11, 1, 0), 0] = ModuleProfileResult(compute_cost=1867.332, peak_memory=28.000 GB, invar_size=8.545 GB, outvar_size=18.015 GB, temp_buffer_size=1.440 GB, available_memory=64.000 GB, comm_cost=0.995)
Using pre computed peak Mem for (7, 11, 1, 0), module 1
result[(7, 11, 1, 0), 1] = ModuleProfileResult(compute_cost=23437.706, peak_memory=32.500 GB, invar_size=26.466 GB, outvar_size=8.545 GB, temp_buffer_size=5.940 GB, available_memory=64.000 GB, comm_cost=0.525)
Using pre computed peak Mem for (7, 11, 1, 1), module 0
result[(7, 11, 1, 1), 0] = ModuleProfileResult(compute_cost=1867.332, peak_memory=28.000 GB, invar_size=8.545 GB, outvar_size=17.968 GB, temp_buffer_size=1.487 GB, available_memory=64.000 GB, comm_cost=0.995)
Using pre computed peak Mem for (7, 11, 1, 1), module 1
result[(7, 11, 1, 1), 1] = ModuleProfileResult(compute_cost=23437.708, peak_memory=32.500 GB, invar_size=26.419 GB, outvar_size=8.545 GB, temp_buffer_size=5.987 GB, available_memory=64.000 GB, comm_cost=0.526)
Using pre computed peak Mem for (8, 8, 1, 0), module 0
result[(8, 8, 1, 0), 0] = ModuleProfileResult(compute_cost=431.321, peak_memory=5.600 GB, invar_size=1.782 GB, outvar_size=3.915 GB, temp_buffer_size=-0.096 GB, available_memory=64.000 GB, comm_cost=0.244)
result[(8, 8, 1, 0), 1] = ModuleProfileResult(compute_cost=1587.364, peak_memory=6.516 GB, invar_size=5.602 GB, outvar_size=1.782 GB, temp_buffer_size=0.820 GB, available_memory=64.000 GB, comm_cost=0.075)
Using pre computed peak Mem for (8, 8, 1, 1), module 0
result[(8, 8, 1, 1), 0] = ModuleProfileResult(compute_cost=431.321, peak_memory=5.600 GB, invar_size=1.782 GB, outvar_size=3.891 GB, temp_buffer_size=-0.073 GB, available_memory=64.000 GB, comm_cost=0.244)
result[(8, 8, 1, 1), 1] = ModuleProfileResult(compute_cost=1587.365, peak_memory=6.821 GB, invar_size=5.579 GB, outvar_size=1.782 GB, temp_buffer_size=1.148 GB, available_memory=64.000 GB, comm_cost=0.075)
Using pre computed peak Mem for (8, 9, 1, 0), module 0
result[(8, 9, 1, 0), 0] = ModuleProfileResult(compute_cost=862.611, peak_memory=11.200 GB, invar_size=3.469 GB, outvar_size=7.642 GB, temp_buffer_size=0.089 GB, available_memory=64.000 GB, comm_cost=0.487)
result[(8, 9, 1, 0), 1] = ModuleProfileResult(compute_cost=3174.728, peak_memory=12.400 GB, invar_size=11.017 GB, outvar_size=3.469 GB, temp_buffer_size=1.289 GB, available_memory=64.000 GB, comm_cost=0.151)
Using pre computed peak Mem for (8, 9, 1, 1), module 0
result[(8, 9, 1, 1), 0] = ModuleProfileResult(compute_cost=862.611, peak_memory=11.200 GB, invar_size=3.469 GB, outvar_size=7.712 GB, temp_buffer_size=0.019 GB, available_memory=64.000 GB, comm_cost=0.487)
result[(8, 9, 1, 1), 1] = ModuleProfileResult(compute_cost=3174.730, peak_memory=12.845 GB, invar_size=11.087 GB, outvar_size=3.469 GB, temp_buffer_size=1.664 GB, available_memory=64.000 GB, comm_cost=0.149)
Using pre computed peak Mem for (8, 10, 1, 0), module 0
result[(8, 10, 1, 0), 0] = ModuleProfileResult(compute_cost=1293.901, peak_memory=16.800 GB, invar_size=5.157 GB, outvar_size=11.416 GB, temp_buffer_size=0.227 GB, available_memory=64.000 GB, comm_cost=0.731)
result[(8, 10, 1, 0), 1] = ModuleProfileResult(compute_cost=4762.092, peak_memory=18.425 GB, invar_size=16.479 GB, outvar_size=5.157 GB, temp_buffer_size=1.852 GB, available_memory=64.000 GB, comm_cost=0.226)
Using pre computed peak Mem for (8, 10, 1, 1), module 0
result[(8, 10, 1, 1), 0] = ModuleProfileResult(compute_cost=1172.745, peak_memory=16.800 GB, invar_size=5.579 GB, outvar_size=11.908 GB, temp_buffer_size=-0.687 GB, available_memory=64.000 GB, comm_cost=0.535)
Using pre computed peak Mem for (8, 10, 1, 1), module 1
result[(8, 10, 1, 1), 1] = ModuleProfileResult(compute_cost=5851.786, peak_memory=19.500 GB, invar_size=17.393 GB, outvar_size=5.579 GB, temp_buffer_size=2.013 GB, available_memory=64.000 GB, comm_cost=0.428)
Using pre computed peak Mem for (8, 11, 1, 0), module 0
result[(8, 11, 1, 0), 0] = ModuleProfileResult(compute_cost=1436.042, peak_memory=22.400 GB, invar_size=6.857 GB, outvar_size=14.241 GB, temp_buffer_size=1.302 GB, available_memory=64.000 GB, comm_cost=0.751)
Using pre computed peak Mem for (8, 11, 1, 0), module 1
result[(8, 11, 1, 0), 1] = ModuleProfileResult(compute_cost=21850.342, peak_memory=26.000 GB, invar_size=21.004 GB, outvar_size=6.857 GB, temp_buffer_size=4.902 GB, available_memory=64.000 GB, comm_cost=0.450)
Using pre computed peak Mem for (8, 11, 1, 1), module 0
result[(8, 11, 1, 1), 0] = ModuleProfileResult(compute_cost=1436.042, peak_memory=22.400 GB, invar_size=6.857 GB, outvar_size=14.264 GB, temp_buffer_size=1.278 GB, available_memory=64.000 GB, comm_cost=0.751)
Using pre computed peak Mem for (8, 11, 1, 1), module 1
result[(8, 11, 1, 1), 1] = ModuleProfileResult(compute_cost=21850.347, peak_memory=26.000 GB, invar_size=21.028 GB, outvar_size=6.857 GB, temp_buffer_size=4.878 GB, available_memory=64.000 GB, comm_cost=0.452)
Using pre computed peak Mem for (9, 9, 1, 0), module 0
result[(9, 9, 1, 0), 0] = ModuleProfileResult(compute_cost=431.321, peak_memory=5.600 GB, invar_size=1.782 GB, outvar_size=3.868 GB, temp_buffer_size=-0.049 GB, available_memory=64.000 GB, comm_cost=0.244)
result[(9, 9, 1, 0), 1] = ModuleProfileResult(compute_cost=1587.364, peak_memory=6.446 GB, invar_size=5.555 GB, outvar_size=1.782 GB, temp_buffer_size=0.797 GB, available_memory=64.000 GB, comm_cost=0.075)
Using pre computed peak Mem for (9, 9, 1, 1), module 0
result[(9, 9, 1, 1), 0] = ModuleProfileResult(compute_cost=431.321, peak_memory=5.600 GB, invar_size=1.782 GB, outvar_size=3.915 GB, temp_buffer_size=-0.096 GB, available_memory=64.000 GB, comm_cost=0.244)
result[(9, 9, 1, 1), 1] = ModuleProfileResult(compute_cost=1587.365, peak_memory=6.845 GB, invar_size=5.602 GB, outvar_size=1.782 GB, temp_buffer_size=1.148 GB, available_memory=64.000 GB, comm_cost=0.075)
Using pre computed peak Mem for (9, 10, 1, 0), module 0
result[(9, 10, 1, 0), 0] = ModuleProfileResult(compute_cost=862.611, peak_memory=11.200 GB, invar_size=3.469 GB, outvar_size=7.642 GB, temp_buffer_size=0.089 GB, available_memory=64.000 GB, comm_cost=0.487)
result[(9, 10, 1, 0), 1] = ModuleProfileResult(compute_cost=3174.728, peak_memory=12.401 GB, invar_size=11.017 GB, outvar_size=3.469 GB, temp_buffer_size=1.290 GB, available_memory=64.000 GB, comm_cost=0.151)
Using pre computed peak Mem for (9, 10, 1, 1), module 0
result[(9, 10, 1, 1), 0] = ModuleProfileResult(compute_cost=862.611, peak_memory=11.200 GB, invar_size=3.469 GB, outvar_size=7.689 GB, temp_buffer_size=0.042 GB, available_memory=64.000 GB, comm_cost=0.487)
result[(9, 10, 1, 1), 1] = ModuleProfileResult(compute_cost=3174.730, peak_memory=12.822 GB, invar_size=11.064 GB, outvar_size=3.469 GB, temp_buffer_size=1.664 GB, available_memory=64.000 GB, comm_cost=0.149)
Using pre computed peak Mem for (9, 11, 1, 0), module 0
result[(9, 11, 1, 0), 0] = ModuleProfileResult(compute_cost=1004.752, peak_memory=16.800 GB, invar_size=5.170 GB, outvar_size=10.467 GB, temp_buffer_size=1.163 GB, available_memory=64.000 GB, comm_cost=0.508)
Using pre computed peak Mem for (9, 11, 1, 0), module 1
result[(9, 11, 1, 0), 1] = ModuleProfileResult(compute_cost=20262.978, peak_memory=19.500 GB, invar_size=15.543 GB, outvar_size=5.170 GB, temp_buffer_size=3.863 GB, available_memory=64.000 GB, comm_cost=0.374)
Using pre computed peak Mem for (9, 11, 1, 1), module 0
result[(9, 11, 1, 1), 0] = ModuleProfileResult(compute_cost=1004.752, peak_memory=16.800 GB, invar_size=5.170 GB, outvar_size=10.444 GB, temp_buffer_size=1.187 GB, available_memory=64.000 GB, comm_cost=0.508)
Using pre computed peak Mem for (9, 11, 1, 1), module 1
result[(9, 11, 1, 1), 1] = ModuleProfileResult(compute_cost=20262.978, peak_memory=19.500 GB, invar_size=15.519 GB, outvar_size=5.170 GB, temp_buffer_size=3.887 GB, available_memory=64.000 GB, comm_cost=0.374)
Using pre computed peak Mem for (10, 10, 1, 0), module 0
result[(10, 10, 1, 0), 0] = ModuleProfileResult(compute_cost=431.321, peak_memory=5.600 GB, invar_size=1.782 GB, outvar_size=3.891 GB, temp_buffer_size=-0.073 GB, available_memory=64.000 GB, comm_cost=0.244)
result[(10, 10, 1, 0), 1] = ModuleProfileResult(compute_cost=1587.364, peak_memory=6.493 GB, invar_size=5.579 GB, outvar_size=1.782 GB, temp_buffer_size=0.820 GB, available_memory=64.000 GB, comm_cost=0.075)
Using pre computed peak Mem for (10, 10, 1, 1), module 0
result[(10, 10, 1, 1), 0] = ModuleProfileResult(compute_cost=431.321, peak_memory=5.600 GB, invar_size=1.782 GB, outvar_size=3.915 GB, temp_buffer_size=-0.096 GB, available_memory=64.000 GB, comm_cost=0.244)
result[(10, 10, 1, 1), 1] = ModuleProfileResult(compute_cost=1587.365, peak_memory=6.845 GB, invar_size=5.602 GB, outvar_size=1.782 GB, temp_buffer_size=1.148 GB, available_memory=64.000 GB, comm_cost=0.075)
Using pre computed peak Mem for (10, 11, 1, 0), module 0
result[(10, 11, 1, 0), 0] = ModuleProfileResult(compute_cost=573.462, peak_memory=11.200 GB, invar_size=3.482 GB, outvar_size=6.716 GB, temp_buffer_size=1.002 GB, available_memory=64.000 GB, comm_cost=0.264)
Using pre computed peak Mem for (10, 11, 1, 0), module 1
result[(10, 11, 1, 0), 1] = ModuleProfileResult(compute_cost=18675.615, peak_memory=13.000 GB, invar_size=10.104 GB, outvar_size=3.482 GB, temp_buffer_size=2.802 GB, available_memory=64.000 GB, comm_cost=0.299)
Using pre computed peak Mem for (10, 11, 1, 1), module 0
result[(10, 11, 1, 1), 0] = ModuleProfileResult(compute_cost=573.462, peak_memory=11.200 GB, invar_size=3.482 GB, outvar_size=6.716 GB, temp_buffer_size=1.002 GB, available_memory=64.000 GB, comm_cost=0.264)
Using pre computed peak Mem for (10, 11, 1, 1), module 1
result[(10, 11, 1, 1), 1] = ModuleProfileResult(compute_cost=18675.616, peak_memory=13.000 GB, invar_size=10.104 GB, outvar_size=3.482 GB, temp_buffer_size=2.802 GB, available_memory=64.000 GB, comm_cost=0.300)
result[(11, 11, 1, 0), 0] = ModuleProfileResult(compute_cost=142.141, peak_memory=4.713 GB, invar_size=1.794 GB, outvar_size=2.919 GB, temp_buffer_size=0.000 GB, available_memory=64.000 GB, comm_cost=0.021)
Using pre computed peak Mem for (11, 11, 1, 0), module 1
result[(11, 11, 1, 0), 1] = ModuleProfileResult(compute_cost=17088.251, peak_memory=6.500 GB, invar_size=4.619 GB, outvar_size=1.794 GB, temp_buffer_size=1.787 GB, available_memory=64.000 GB, comm_cost=0.224)
result[(11, 11, 1, 1), 0] = ModuleProfileResult(compute_cost=142.141, peak_memory=4.713 GB, invar_size=1.794 GB, outvar_size=2.919 GB, temp_buffer_size=0.000 GB, available_memory=64.000 GB, comm_cost=0.021)
Using pre computed peak Mem for (11, 11, 1, 1), module 1
result[(11, 11, 1, 1), 1] = ModuleProfileResult(compute_cost=17088.251, peak_memory=6.500 GB, invar_size=4.619 GB, outvar_size=1.794 GB, temp_buffer_size=1.787 GB, available_memory=64.000 GB, comm_cost=0.224)
Profiling for submesh 1 (1, 2) takes 715.82 seconds
--------------------------------------------------
- Profiling for submesh 0 (1, 1):
- Generate all stage infos (Jaxpr -> HLO)
- Compile all stages, get estimations
num of workers:12
[2m[36m(CompileWorker pid=3601693)[0m compiled for stage:0 name: stage_0_0_acc_grad_0 module id: 0
[2m[36m(CompileWorker pid=3601692)[0m compiled for stage:1 name: stage_0_0_acc_grad_0 module id: 0
[2m[36m(CompileWorker pid=3601688)[0m compiled for stage:5 name: stage_0_2_acc_grad_0 module id: 0
[2m[36m(CompileWorker pid=3601690)[0m compiled for stage:3 name: stage_0_1_acc_grad_0 module id: 0
[2m[36m(CompileWorker pid=3601683)[0m compiled for stage:10 name: stage_0_5_acc_grad_0 module id: 0
[2m[36m(CompileWorker pid=3601691)[0m compiled for stage:2 name: stage_0_1_acc_grad_0 module id: 0
[2m[36m(CompileWorker pid=3601679)[0m compiled for stage:11 name: stage_0_5_acc_grad_0 module id: 0
[2m[36m(CompileWorker pid=3601685)[0m compiled for stage:8 name: stage_0_4_acc_grad_0 module id: 0
[2m[36m(CompileWorker pid=3601684)[0m compiled for stage:9 name: stage_0_4_acc_grad_0 module id: 0
[2m[36m(CompileWorker pid=3601687)[0m compiled for stage:6 name: stage_0_3_acc_grad_0 module id: 0
[2m[36m(CompileWorker pid=3601686)[0m compiled for stage:7 name: stage_0_3_acc_grad_0 module id: 0
[2m[36m(CompileWorker pid=3601689)[0m compiled for stage:4 name: stage_0_2_acc_grad_0 module id: 0
[2m[36m(CompileWorker pid=3601689)[0m  tensor (Large latency) dimensions: (1, 1, 2048, 50257, 1, 1, 1, 1, 1, 1, 0, 0, 'CONV', 1, 1, 0, 0),  latency: 1.585174538690476
[2m[36m(CompileWorker pid=3601690)[0m  tensor (Large latency) dimensions: (1, 1, 2048, 50257, 1, 1, 1, 1, 1, 1, 0, 0, 'CONV', 1, 1, 0, 0),  latency: 1.585174538690476
[2m[36m(CompileWorker pid=3601679)[0m  tensor (Large latency) dimensions: (1, 1, 2048, 50257, 1, 1, 1, 1, 1, 1, 0, 0, 'CONV', 1, 1, 0, 0),  latency: 1.585174538690476
[2m[36m(CompileWorker pid=3601686)[0m  tensor (Large latency) dimensions: (1, 1, 2048, 50257, 1, 1, 1, 1, 1, 1, 0, 0, 'CONV', 1, 1, 0, 0),  latency: 1.585174538690476
[2m[36m(CompileWorker pid=3601688)[0m  tensor (Large latency) dimensions: (1, 1, 2048, 50257, 1, 1, 1, 1, 1, 1, 0, 0, 'CONV', 1, 1, 0, 0),  latency: 1.585174538690476
[2m[36m(CompileWorker pid=3601687)[0m  tensor (Large latency) dimensions: (1, 1, 2048, 50257, 1, 1, 1, 1, 1, 1, 0, 0, 'CONV', 1, 1, 0, 0),  latency: 1.585174538690476
[2m[36m(CompileWorker pid=3601685)[0m  tensor (Large latency) dimensions: (1, 1, 2048, 50257, 1, 1, 1, 1, 1, 1, 0, 0, 'CONV', 1, 1, 0, 0),  latency: 1.585174538690476
[2m[36m(CompileWorker pid=3601691)[0m  tensor (Large latency) dimensions: (1, 1, 2048, 50257, 1, 1, 1, 1, 1, 1, 0, 0, 'CONV', 1, 1, 0, 0),  latency: 1.585174538690476
[2m[36m(CompileWorker pid=3601693)[0m  tensor (Large latency) dimensions: (1, 1, 2048, 50257, 1, 1, 1, 1, 1, 1, 0, 0, 'CONV', 1, 1, 0, 0),  latency: 1.585174538690476
[2m[36m(CompileWorker pid=3601692)[0m  tensor (Large latency) dimensions: (1, 1, 2048, 50257, 1, 1, 1, 1, 1, 1, 0, 0, 'CONV', 1, 1, 0, 0),  latency: 1.585174538690476
[2m[36m(CompileWorker pid=3601684)[0m  tensor (Large latency) dimensions: (1, 1, 2048, 50257, 1, 1, 1, 1, 1, 1, 0, 0, 'CONV', 1, 1, 0, 0),  latency: 1.585174538690476
[2m[36m(CompileWorker pid=3601683)[0m  tensor (Large latency) dimensions: (1, 1, 2048, 50257, 1, 1, 1, 1, 1, 1, 0, 0, 'CONV', 1, 1, 0, 0),  latency: 1.585174538690476
[2m[36m(CompileWorker pid=3601690)[0m  tensor (Large latency) dimensions: (1, 1, 2048, 49152, 1, 1, 1, 1, 1, 1, 0, 0, 'CONV', 1, 1, 0, 0),  latency: 1.8724571428571428
[2m[36m(CompileWorker pid=3601690)[0m compiled for stage:3 name: stage_0_1_acc_grad_1 module id: 1
[2m[36m(CompileWorker pid=3601689)[0m  tensor (Large latency) dimensions: (1, 1, 2048, 49152, 1, 1, 1, 1, 1, 1, 0, 0, 'CONV', 1, 1, 0, 0),  latency: 1.8724571428571428
[2m[36m(CompileWorker pid=3601689)[0m compiled for stage:4 name: stage_0_2_acc_grad_1 module id: 1
[2m[36m(CompileWorker pid=3601693)[0m  tensor (Large latency) dimensions: (1, 1, 2048, 49152, 1, 1, 1, 1, 1, 1, 0, 0, 'CONV', 1, 1, 0, 0),  latency: 1.8724571428571428
[2m[36m(CompileWorker pid=3601693)[0m compiled for stage:0 name: stage_0_0_acc_grad_1 module id: 1
[2m[36m(CompileWorker pid=3601688)[0m  tensor (Large latency) dimensions: (1, 1, 2048, 49152, 1, 1, 1, 1, 1, 1, 0, 0, 'CONV', 1, 1, 0, 0),  latency: 1.8724571428571428
[2m[36m(CompileWorker pid=3601688)[0m compiled for stage:5 name: stage_0_2_acc_grad_1 module id: 1
[2m[36m(CompileWorker pid=3601687)[0m  tensor (Large latency) dimensions: (1, 1, 2048, 49152, 1, 1, 1, 1, 1, 1, 0, 0, 'CONV', 1, 1, 0, 0),  latency: 1.8724571428571428
[2m[36m(CompileWorker pid=3601687)[0m compiled for stage:6 name: stage_0_3_acc_grad_1 module id: 1
[2m[36m(CompileWorker pid=3601692)[0m  tensor (Large latency) dimensions: (1, 1, 2048, 49152, 1, 1, 1, 1, 1, 1, 0, 0, 'CONV', 1, 1, 0, 0),  latency: 1.8724571428571428
[2m[36m(CompileWorker pid=3601692)[0m compiled for stage:1 name: stage_0_0_acc_grad_1 module id: 1
[2m[36m(CompileWorker pid=3601685)[0m  tensor (Large latency) dimensions: (1, 1, 2048, 49152, 1, 1, 1, 1, 1, 1, 0, 0, 'CONV', 1, 1, 0, 0),  latency: 1.8724571428571428
[2m[36m(CompileWorker pid=3601685)[0m compiled for stage:8 name: stage_0_4_acc_grad_1 module id: 1
[2m[36m(CompileWorker pid=3601683)[0m  tensor (Large latency) dimensions: (1, 1, 2048, 49152, 1, 1, 1, 1, 1, 1, 0, 0, 'CONV', 1, 1, 0, 0),  latency: 1.8724571428571428
[2m[36m(CompileWorker pid=3601683)[0m compiled for stage:10 name: stage_0_5_acc_grad_1 module id: 1
[2m[36m(CompileWorker pid=3601679)[0m  tensor (Large latency) dimensions: (1, 1, 2048, 49152, 1, 1, 1, 1, 1, 1, 0, 0, 'CONV', 1, 1, 0, 0),  latency: 1.8724571428571428
[2m[36m(CompileWorker pid=3601691)[0m  tensor (Large latency) dimensions: (1, 1, 2048, 49152, 1, 1, 1, 1, 1, 1, 0, 0, 'CONV', 1, 1, 0, 0),  latency: 1.8724571428571428
[2m[36m(CompileWorker pid=3601691)[0m compiled for stage:2 name: stage_0_1_acc_grad_1 module id: 1
[2m[36m(CompileWorker pid=3601679)[0m compiled for stage:11 name: stage_0_5_acc_grad_1 module id: 1
[2m[36m(CompileWorker pid=3601686)[0m  tensor (Large latency) dimensions: (1, 1, 2048, 49152, 1, 1, 1, 1, 1, 1, 0, 0, 'CONV', 1, 1, 0, 0),  latency: 1.8724571428571428
[2m[36m(CompileWorker pid=3601686)[0m compiled for stage:7 name: stage_0_3_acc_grad_1 module id: 1
[2m[36m(CompileWorker pid=3601693)[0m  tensor (Large latency) dimensions: (1, 12288, 49152, 1, 1, 1, 1, 1, 1, 1, 0, 0, 'CONV', 1, 1, 0, 0),  latency: 8.987794285714285
[2m[36m(CompileWorker pid=3601689)[0m  tensor (Large latency) dimensions: (1, 12288, 12288, 1, 1, 1, 1, 1, 1, 1, 0, 0, 'CONV', 1, 1, 0, 0),  latency: 2.2469485714285713
[2m[36m(CompileWorker pid=3601688)[0m  tensor (Large latency) dimensions: (1, 12288, 12288, 1, 1, 1, 1, 1, 1, 1, 0, 0, 'CONV', 1, 1, 0, 0),  latency: 2.2469485714285713
[2m[36m(CompileWorker pid=3601692)[0m  tensor (Large latency) dimensions: (1, 12288, 49152, 1, 1, 1, 1, 1, 1, 1, 0, 0, 'CONV', 1, 1, 0, 0),  latency: 8.987794285714285
[2m[36m(CompileWorker pid=3601690)[0m  tensor (Large latency) dimensions: (1, 12288, 49152, 1, 1, 1, 1, 1, 1, 1, 0, 0, 'CONV', 1, 1, 0, 0),  latency: 8.987794285714285
[2m[36m(CompileWorker pid=3601684)[0m  tensor (Large latency) dimensions: (1, 1, 2048, 49152, 1, 1, 1, 1, 1, 1, 0, 0, 'CONV', 1, 1, 0, 0),  latency: 1.8724571428571428
[2m[36m(CompileWorker pid=3601684)[0m compiled for stage:9 name: stage_0_4_acc_grad_1 module id: 1
[2m[36m(CompileWorker pid=3601687)[0m  tensor (Large latency) dimensions: (1, 12288, 12288, 1, 1, 1, 1, 1, 1, 1, 0, 0, 'CONV', 1, 1, 0, 0),  latency: 2.2469485714285713
[2m[36m(CompileWorker pid=3601685)[0m  tensor (Large latency) dimensions: (1, 12288, 12288, 1, 1, 1, 1, 1, 1, 1, 0, 0, 'CONV', 1, 1, 0, 0),  latency: 2.2469485714285713
[2m[36m(CompileWorker pid=3601686)[0m  tensor (Large latency) dimensions: (1, 12288, 12288, 1, 1, 1, 1, 1, 1, 1, 0, 0, 'CONV', 1, 1, 0, 0),  latency: 2.2469485714285713
[2m[36m(CompileWorker pid=3601693)[0m  tensor (Large latency) dimensions: (1, 1, 2048, 49152, 1, 1, 1, 1, 1, 1, 0, 0, 'CONV', 1, 1, 0, 0),  latency: 1.8724571428571428
[2m[36m(CompileWorker pid=3601683)[0m  tensor (Large latency) dimensions: (1, 12288, 12288, 1, 1, 1, 1, 1, 1, 1, 0, 0, 'CONV', 1, 1, 0, 0),  latency: 2.2469485714285713
[2m[36m(CompileWorker pid=3601679)[0m  tensor (Large latency) dimensions: (1, 12288, 12288, 1, 1, 1, 1, 1, 1, 1, 0, 0, 'CONV', 1, 1, 0, 0),  latency: 2.2469485714285713
[2m[36m(CompileWorker pid=3601692)[0m  tensor (Large latency) dimensions: (1, 1, 2048, 49152, 1, 1, 1, 1, 1, 1, 0, 0, 'CONV', 1, 1, 0, 0),  latency: 1.8724571428571428
[2m[36m(CompileWorker pid=3601690)[0m  tensor (Large latency) dimensions: (1, 1, 2048, 49152, 1, 1, 1, 1, 1, 1, 0, 0, 'CONV', 1, 1, 0, 0),  latency: 1.8724571428571428
[2m[36m(CompileWorker pid=3601691)[0m  tensor (Large latency) dimensions: (1, 12288, 49152, 1, 1, 1, 1, 1, 1, 1, 0, 0, 'CONV', 1, 1, 0, 0),  latency: 8.987794285714285
[2m[36m(CompileWorker pid=3601684)[0m  tensor (Large latency) dimensions: (1, 12288, 12288, 1, 1, 1, 1, 1, 1, 1, 0, 0, 'CONV', 1, 1, 0, 0),  latency: 2.2469485714285713
[2m[36m(CompileWorker pid=3601693)[0m  tensor (Large latency) dimensions: (1, 49152, 12288, 1, 1, 1, 1, 1, 1, 1, 0, 0, 'CONV', 1, 1, 0, 0),  latency: 8.987794285714285
[2m[36m(CompileWorker pid=3601692)[0m  tensor (Large latency) dimensions: (1, 49152, 12288, 1, 1, 1, 1, 1, 1, 1, 0, 0, 'CONV', 1, 1, 0, 0),  latency: 8.987794285714285
[2m[36m(CompileWorker pid=3601691)[0m  tensor (Large latency) dimensions: (1, 1, 2048, 49152, 1, 1, 1, 1, 1, 1, 0, 0, 'CONV', 1, 1, 0, 0),  latency: 1.8724571428571428
[2m[36m(CompileWorker pid=3601690)[0m  tensor (Large latency) dimensions: (1, 49152, 12288, 1, 1, 1, 1, 1, 1, 1, 0, 0, 'CONV', 1, 1, 0, 0),  latency: 8.987794285714285
[2m[36m(CompileWorker pid=3601691)[0m  tensor (Large latency) dimensions: (1, 49152, 12288, 1, 1, 1, 1, 1, 1, 1, 0, 0, 'CONV', 1, 1, 0, 0),  latency: 8.987794285714285
[2m[36m(CompileWorker pid=3601693)[0m  tensor (Large latency) dimensions: (1, 12288, 12288, 1, 1, 1, 1, 1, 1, 1, 0, 0, 'CONV', 1, 1, 0, 0),  latency: 2.2469485714285713
[2m[36m(CompileWorker pid=3601692)[0m  tensor (Large latency) dimensions: (1, 12288, 12288, 1, 1, 1, 1, 1, 1, 1, 0, 0, 'CONV', 1, 1, 0, 0),  latency: 2.2469485714285713
[2m[36m(CompileWorker pid=3601690)[0m  tensor (Large latency) dimensions: (1, 12288, 12288, 1, 1, 1, 1, 1, 1, 1, 0, 0, 'CONV', 1, 1, 0, 0),  latency: 2.2469485714285713
[2m[36m(CompileWorker pid=3601688)[0m  tensor (Large latency) dimensions: (1, 36864, 12288, 1, 1, 1, 1, 1, 1, 1, 0, 0, 'CONV', 1, 1, 0, 0),  latency: 6.740845714285714
[2m[36m(CompileWorker pid=3601689)[0m  tensor (Large latency) dimensions: (1, 36864, 12288, 1, 1, 1, 1, 1, 1, 1, 0, 0, 'CONV', 1, 1, 0, 0),  latency: 6.740845714285714
[2m[36m(CompileWorker pid=3601686)[0m  tensor (Large latency) dimensions: (1, 36864, 12288, 1, 1, 1, 1, 1, 1, 1, 0, 0, 'CONV', 1, 1, 0, 0),  latency: 6.740845714285714
[2m[36m(CompileWorker pid=3601687)[0m  tensor (Large latency) dimensions: (1, 36864, 12288, 1, 1, 1, 1, 1, 1, 1, 0, 0, 'CONV', 1, 1, 0, 0),  latency: 6.740845714285714
[2m[36m(CompileWorker pid=3601691)[0m  tensor (Large latency) dimensions: (1, 12288, 12288, 1, 1, 1, 1, 1, 1, 1, 0, 0, 'CONV', 1, 1, 0, 0),  latency: 2.2469485714285713
[2m[36m(CompileWorker pid=3601685)[0m  tensor (Large latency) dimensions: (1, 36864, 12288, 1, 1, 1, 1, 1, 1, 1, 0, 0, 'CONV', 1, 1, 0, 0),  latency: 6.740845714285714
[2m[36m(CompileWorker pid=3601679)[0m  tensor (Large latency) dimensions: (1, 36864, 12288, 1, 1, 1, 1, 1, 1, 1, 0, 0, 'CONV', 1, 1, 0, 0),  latency: 6.740845714285714
[2m[36m(CompileWorker pid=3601683)[0m  tensor (Large latency) dimensions: (1, 36864, 12288, 1, 1, 1, 1, 1, 1, 1, 0, 0, 'CONV', 1, 1, 0, 0),  latency: 6.740845714285714
[2m[36m(CompileWorker pid=3601689)[0m  tensor (Large latency) dimensions: (1, 12288, 49152, 1, 1, 1, 1, 1, 1, 1, 0, 0, 'CONV', 1, 1, 0, 0),  latency: 8.987794285714285
[2m[36m(CompileWorker pid=3601688)[0m  tensor (Large latency) dimensions: (1, 12288, 49152, 1, 1, 1, 1, 1, 1, 1, 0, 0, 'CONV', 1, 1, 0, 0),  latency: 8.987794285714285
[2m[36m(CompileWorker pid=3601684)[0m  tensor (Large latency) dimensions: (1, 36864, 12288, 1, 1, 1, 1, 1, 1, 1, 0, 0, 'CONV', 1, 1, 0, 0),  latency: 6.740845714285714
[2m[36m(CompileWorker pid=3601686)[0m  tensor (Large latency) dimensions: (1, 12288, 49152, 1, 1, 1, 1, 1, 1, 1, 0, 0, 'CONV', 1, 1, 0, 0),  latency: 8.987794285714285
[2m[36m(CompileWorker pid=3601689)[0m  tensor (Large latency) dimensions: (1, 1, 2048, 49152, 1, 1, 1, 1, 1, 1, 0, 0, 'CONV', 1, 1, 0, 0),  latency: 1.8724571428571428
[2m[36m(CompileWorker pid=3601687)[0m  tensor (Large latency) dimensions: (1, 12288, 49152, 1, 1, 1, 1, 1, 1, 1, 0, 0, 'CONV', 1, 1, 0, 0),  latency: 8.987794285714285
[2m[36m(CompileWorker pid=3601683)[0m  tensor (Large latency) dimensions: (1, 12288, 49152, 1, 1, 1, 1, 1, 1, 1, 0, 0, 'CONV', 1, 1, 0, 0),  latency: 8.987794285714285
[2m[36m(CompileWorker pid=3601679)[0m  tensor (Large latency) dimensions: (1, 12288, 49152, 1, 1, 1, 1, 1, 1, 1, 0, 0, 'CONV', 1, 1, 0, 0),  latency: 8.987794285714285
[2m[36m(CompileWorker pid=3601685)[0m  tensor (Large latency) dimensions: (1, 12288, 49152, 1, 1, 1, 1, 1, 1, 1, 0, 0, 'CONV', 1, 1, 0, 0),  latency: 8.987794285714285
[2m[36m(CompileWorker pid=3601688)[0m  tensor (Large latency) dimensions: (1, 1, 2048, 49152, 1, 1, 1, 1, 1, 1, 0, 0, 'CONV', 1, 1, 0, 0),  latency: 1.8724571428571428
[2m[36m(CompileWorker pid=3601686)[0m  tensor (Large latency) dimensions: (1, 1, 2048, 49152, 1, 1, 1, 1, 1, 1, 0, 0, 'CONV', 1, 1, 0, 0),  latency: 1.8724571428571428
[2m[36m(CompileWorker pid=3601692)[0m  tensor (Large latency) dimensions: (1, 36864, 12288, 1, 1, 1, 1, 1, 1, 1, 0, 0, 'CONV', 1, 1, 0, 0),  latency: 6.740845714285714
[2m[36m(CompileWorker pid=3601687)[0m  tensor (Large latency) dimensions: (1, 1, 2048, 49152, 1, 1, 1, 1, 1, 1, 0, 0, 'CONV', 1, 1, 0, 0),  latency: 1.8724571428571428
[2m[36m(CompileWorker pid=3601693)[0m  tensor (Large latency) dimensions: (1, 36864, 12288, 1, 1, 1, 1, 1, 1, 1, 0, 0, 'CONV', 1, 1, 0, 0),  latency: 6.740845714285714
[2m[36m(CompileWorker pid=3601683)[0m  tensor (Large latency) dimensions: (1, 1, 2048, 49152, 1, 1, 1, 1, 1, 1, 0, 0, 'CONV', 1, 1, 0, 0),  latency: 1.8724571428571428
[2m[36m(CompileWorker pid=3601679)[0m  tensor (Large latency) dimensions: (1, 1, 2048, 49152, 1, 1, 1, 1, 1, 1, 0, 0, 'CONV', 1, 1, 0, 0),  latency: 1.8724571428571428
[2m[36m(CompileWorker pid=3601689)[0m  tensor (Large latency) dimensions: (1, 49152, 12288, 1, 1, 1, 1, 1, 1, 1, 0, 0, 'CONV', 1, 1, 0, 0),  latency: 8.987794285714285
[2m[36m(CompileWorker pid=3601685)[0m  tensor (Large latency) dimensions: (1, 1, 2048, 49152, 1, 1, 1, 1, 1, 1, 0, 0, 'CONV', 1, 1, 0, 0),  latency: 1.8724571428571428
[2m[36m(CompileWorker pid=3601690)[0m  tensor (Large latency) dimensions: (1, 36864, 12288, 1, 1, 1, 1, 1, 1, 1, 0, 0, 'CONV', 1, 1, 0, 0),  latency: 6.740845714285714
[2m[36m(CompileWorker pid=3601688)[0m  tensor (Large latency) dimensions: (1, 49152, 12288, 1, 1, 1, 1, 1, 1, 1, 0, 0, 'CONV', 1, 1, 0, 0),  latency: 8.987794285714285
[2m[36m(CompileWorker pid=3601684)[0m  tensor (Large latency) dimensions: (1, 12288, 49152, 1, 1, 1, 1, 1, 1, 1, 0, 0, 'CONV', 1, 1, 0, 0),  latency: 8.987794285714285
[2m[36m(CompileWorker pid=3601687)[0m  tensor (Large latency) dimensions: (1, 49152, 12288, 1, 1, 1, 1, 1, 1, 1, 0, 0, 'CONV', 1, 1, 0, 0),  latency: 8.987794285714285
[2m[36m(CompileWorker pid=3601686)[0m  tensor (Large latency) dimensions: (1, 49152, 12288, 1, 1, 1, 1, 1, 1, 1, 0, 0, 'CONV', 1, 1, 0, 0),  latency: 8.987794285714285
[2m[36m(CompileWorker pid=3601679)[0m  tensor (Large latency) dimensions: (1, 49152, 12288, 1, 1, 1, 1, 1, 1, 1, 0, 0, 'CONV', 1, 1, 0, 0),  latency: 8.987794285714285
[2m[36m(CompileWorker pid=3601683)[0m  tensor (Large latency) dimensions: (1, 49152, 12288, 1, 1, 1, 1, 1, 1, 1, 0, 0, 'CONV', 1, 1, 0, 0),  latency: 8.987794285714285
[2m[36m(CompileWorker pid=3601684)[0m  tensor (Large latency) dimensions: (1, 1, 2048, 49152, 1, 1, 1, 1, 1, 1, 0, 0, 'CONV', 1, 1, 0, 0),  latency: 1.8724571428571428
[2m[36m(CompileWorker pid=3601685)[0m  tensor (Large latency) dimensions: (1, 49152, 12288, 1, 1, 1, 1, 1, 1, 1, 0, 0, 'CONV', 1, 1, 0, 0),  latency: 8.987794285714285
[2m[36m(CompileWorker pid=3601692)[0m  tensor (Large latency) dimensions: (1, 12288, 50257, 1, 1, 1, 1, 1, 1, 1, 0, 0, 'CONV', 1, 1, 0, 0),  latency: 9.190599300595238
[2m[36m(CompileWorker pid=3601691)[0m  tensor (Large latency) dimensions: (1, 36864, 12288, 1, 1, 1, 1, 1, 1, 1, 0, 0, 'CONV', 1, 1, 0, 0),  latency: 6.740845714285714
[2m[36m(CompileWorker pid=3601684)[0m  tensor (Large latency) dimensions: (1, 49152, 12288, 1, 1, 1, 1, 1, 1, 1, 0, 0, 'CONV', 1, 1, 0, 0),  latency: 8.987794285714285
[2m[36m(CompileWorker pid=3601693)[0m  tensor (Large latency) dimensions: (1, 12288, 50257, 1, 1, 1, 1, 1, 1, 1, 0, 0, 'CONV', 1, 1, 0, 0),  latency: 9.190599300595238
[2m[36m(CompileWorker pid=3601688)[0m  tensor (Large latency) dimensions: (1, 12288, 50257, 1, 1, 1, 1, 1, 1, 1, 0, 0, 'CONV', 1, 1, 0, 0),  latency: 9.190599300595238
[2m[36m(CompileWorker pid=3601687)[0m  tensor (Large latency) dimensions: (1, 12288, 50257, 1, 1, 1, 1, 1, 1, 1, 0, 0, 'CONV', 1, 1, 0, 0),  latency: 9.190599300595238
[2m[36m(CompileWorker pid=3601692)[0m compiled for stage:12 name: stage_0_6_acc_grad_0 module id: 0
[2m[36m(CompileWorker pid=3601689)[0m  tensor (Large latency) dimensions: (1, 12288, 50257, 1, 1, 1, 1, 1, 1, 1, 0, 0, 'CONV', 1, 1, 0, 0),  latency: 9.190599300595238
[2m[36m(CompileWorker pid=3601690)[0m  tensor (Large latency) dimensions: (1, 12288, 50257, 1, 1, 1, 1, 1, 1, 1, 0, 0, 'CONV', 1, 1, 0, 0),  latency: 9.190599300595238
[2m[36m(CompileWorker pid=3601692)[0m compiled for stage:12 name: stage_0_6_acc_grad_1 module id: 1
[2m[36m(CompileWorker pid=3601686)[0m  tensor (Large latency) dimensions: (1, 12288, 50257, 1, 1, 1, 1, 1, 1, 1, 0, 0, 'CONV', 1, 1, 0, 0),  latency: 9.190599300595238
[2m[36m(CompileWorker pid=3601693)[0m compiled for stage:13 name: stage_0_6_acc_grad_0 module id: 0
[2m[36m(CompileWorker pid=3601679)[0m  tensor (Large latency) dimensions: (1, 12288, 50257, 1, 1, 1, 1, 1, 1, 1, 0, 0, 'CONV', 1, 1, 0, 0),  latency: 9.190599300595238
[2m[36m(CompileWorker pid=3601693)[0m compiled for stage:13 name: stage_0_6_acc_grad_1 module id: 1
[2m[36m(CompileWorker pid=3601683)[0m  tensor (Large latency) dimensions: (1, 12288, 50257, 1, 1, 1, 1, 1, 1, 1, 0, 0, 'CONV', 1, 1, 0, 0),  latency: 9.190599300595238
[2m[36m(CompileWorker pid=3601691)[0m  tensor (Large latency) dimensions: (1, 12288, 50257, 1, 1, 1, 1, 1, 1, 1, 0, 0, 'CONV', 1, 1, 0, 0),  latency: 9.190599300595238
[2m[36m(CompileWorker pid=3601685)[0m  tensor (Large latency) dimensions: (1, 12288, 50257, 1, 1, 1, 1, 1, 1, 1, 0, 0, 'CONV', 1, 1, 0, 0),  latency: 9.190599300595238
[2m[36m(CompileWorker pid=3601688)[0m compiled for stage:14 name: stage_0_7_acc_grad_0 module id: 0
[2m[36m(CompileWorker pid=3601687)[0m compiled for stage:15 name: stage_0_7_acc_grad_0 module id: 0
[2m[36m(CompileWorker pid=3601688)[0m compiled for stage:14 name: stage_0_7_acc_grad_1 module id: 1
[2m[36m(CompileWorker pid=3601687)[0m compiled for stage:15 name: stage_0_7_acc_grad_1 module id: 1
[2m[36m(CompileWorker pid=3601684)[0m  tensor (Large latency) dimensions: (1, 12288, 50257, 1, 1, 1, 1, 1, 1, 1, 0, 0, 'CONV', 1, 1, 0, 0),  latency: 9.190599300595238
[2m[36m(CompileWorker pid=3601686)[0m compiled for stage:16 name: stage_0_8_acc_grad_0 module id: 0
[2m[36m(CompileWorker pid=3601686)[0m compiled for stage:16 name: stage_0_8_acc_grad_1 module id: 1
[2m[36m(CompileWorker pid=3601690)[0m compiled for stage:17 name: stage_0_8_acc_grad_0 module id: 0
[2m[36m(CompileWorker pid=3601690)[0m compiled for stage:17 name: stage_0_8_acc_grad_1 module id: 1
[2m[36m(CompileWorker pid=3601685)[0m compiled for stage:18 name: stage_0_9_acc_grad_0 module id: 0
[2m[36m(CompileWorker pid=3601685)[0m compiled for stage:18 name: stage_0_9_acc_grad_1 module id: 1
[2m[36m(CompileWorker pid=3601687)[0m compiled for stage:19 name: stage_0_9_acc_grad_0 module id: 0
[2m[36m(CompileWorker pid=3601687)[0m compiled for stage:19 name: stage_0_9_acc_grad_1 module id: 1
[2m[36m(CompileWorker pid=3601689)[0m compiled for stage:20 name: stage_0_10_acc_grad_0 module id: 0
[2m[36m(CompileWorker pid=3601689)[0m compiled for stage:20 name: stage_0_10_acc_grad_1 module id: 1
[2m[36m(CompileWorker pid=3601684)[0m compiled for stage:21 name: stage_0_10_acc_grad_0 module id: 0
[2m[36m(CompileWorker pid=3601693)[0m compiled for stage:24 name: stage_1_1_acc_grad_0 module id: 0
[2m[36m(CompileWorker pid=3601684)[0m compiled for stage:21 name: stage_0_10_acc_grad_1 module id: 1
[2m[36m(CompileWorker pid=3601693)[0m compiled for stage:24 name: stage_1_1_acc_grad_1 module id: 1
[2m[36m(CompileWorker pid=3601691)[0m compiled for stage:22 name: stage_0_11_acc_grad_0 module id: 0
[2m[36m(CompileWorker pid=3601688)[0m compiled for stage:25 name: stage_1_1_acc_grad_0 module id: 0
[2m[36m(CompileWorker pid=3601688)[0m compiled for stage:25 name: stage_1_1_acc_grad_1 module id: 1
[2m[36m(CompileWorker pid=3601691)[0m compiled for stage:22 name: stage_0_11_acc_grad_1 module id: 1
[2m[36m(CompileWorker pid=3601679)[0m compiled for stage:23 name: stage_0_11_acc_grad_0 module id: 0
[2m[36m(CompileWorker pid=3601692)[0m compiled for stage:26 name: stage_1_2_acc_grad_0 module id: 0
[2m[36m(CompileWorker pid=3601692)[0m compiled for stage:26 name: stage_1_2_acc_grad_1 module id: 1
[2m[36m(CompileWorker pid=3601679)[0m compiled for stage:23 name: stage_0_11_acc_grad_1 module id: 1
[2m[36m(CompileWorker pid=3601690)[0m compiled for stage:27 name: stage_1_2_acc_grad_0 module id: 0
[2m[36m(CompileWorker pid=3601690)[0m compiled for stage:27 name: stage_1_2_acc_grad_1 module id: 1
[2m[36m(CompileWorker pid=3601685)[0m compiled for stage:28 name: stage_1_3_acc_grad_0 module id: 0
[2m[36m(CompileWorker pid=3601691)[0m  tensor (Large latency) dimensions: (1, 50257, 12288, 1, 1, 1, 1, 1, 1, 1, 0, 0, 'CONV', 1, 1, 0, 0),  latency: 9.190599300595238
[2m[36m(CompileWorker pid=3601685)[0m compiled for stage:28 name: stage_1_3_acc_grad_1 module id: 1
[2m[36m(CompileWorker pid=3601683)[0m compiled for stage:29 name: stage_1_3_acc_grad_0 module id: 0
[2m[36m(CompileWorker pid=3601683)[0m compiled for stage:29 name: stage_1_3_acc_grad_1 module id: 1
[2m[36m(CompileWorker pid=3601679)[0m  tensor (Large latency) dimensions: (1, 50257, 12288, 1, 1, 1, 1, 1, 1, 1, 0, 0, 'CONV', 1, 1, 0, 0),  latency: 9.190599300595238
[2m[36m(CompileWorker pid=3601686)[0m compiled for stage:30 name: stage_1_4_acc_grad_0 module id: 0
[2m[36m(CompileWorker pid=3601686)[0m compiled for stage:30 name: stage_1_4_acc_grad_1 module id: 1
[2m[36m(CompileWorker pid=3601689)[0m compiled for stage:31 name: stage_1_4_acc_grad_0 module id: 0
[2m[36m(CompileWorker pid=3601689)[0m compiled for stage:31 name: stage_1_4_acc_grad_1 module id: 1
[2m[36m(CompileWorker pid=3601685)[0m compiled for stage:32 name: stage_1_5_acc_grad_0 module id: 0
[2m[36m(CompileWorker pid=3601693)[0m compiled for stage:33 name: stage_1_5_acc_grad_0 module id: 0
[2m[36m(CompileWorker pid=3601685)[0m compiled for stage:32 name: stage_1_5_acc_grad_1 module id: 1
[2m[36m(CompileWorker pid=3601693)[0m compiled for stage:33 name: stage_1_5_acc_grad_1 module id: 1
[2m[36m(CompileWorker pid=3601688)[0m compiled for stage:34 name: stage_1_6_acc_grad_0 module id: 0
[2m[36m(CompileWorker pid=3601692)[0m compiled for stage:35 name: stage_1_6_acc_grad_0 module id: 0
[2m[36m(CompileWorker pid=3601688)[0m compiled for stage:34 name: stage_1_6_acc_grad_1 module id: 1
[2m[36m(CompileWorker pid=3601692)[0m compiled for stage:35 name: stage_1_6_acc_grad_1 module id: 1
[2m[36m(CompileWorker pid=3601686)[0m compiled for stage:36 name: stage_1_7_acc_grad_0 module id: 0
[2m[36m(CompileWorker pid=3601686)[0m compiled for stage:36 name: stage_1_7_acc_grad_1 module id: 1
[2m[36m(CompileWorker pid=3601679)[0m compiled for stage:37 name: stage_1_7_acc_grad_0 module id: 0
[2m[36m(CompileWorker pid=3601679)[0m compiled for stage:37 name: stage_1_7_acc_grad_1 module id: 1
[2m[36m(CompileWorker pid=3601688)[0m compiled for stage:38 name: stage_1_8_acc_grad_0 module id: 0
[2m[36m(CompileWorker pid=3601688)[0m compiled for stage:38 name: stage_1_8_acc_grad_1 module id: 1
[2m[36m(CompileWorker pid=3601690)[0m compiled for stage:39 name: stage_1_8_acc_grad_0 module id: 0
[2m[36m(CompileWorker pid=3601690)[0m compiled for stage:39 name: stage_1_8_acc_grad_1 module id: 1
[2m[36m(CompileWorker pid=3601689)[0m compiled for stage:40 name: stage_1_9_acc_grad_0 module id: 0
[2m[36m(CompileWorker pid=3601689)[0m compiled for stage:40 name: stage_1_9_acc_grad_1 module id: 1
[2m[36m(CompileWorker pid=3601691)[0m compiled for stage:41 name: stage_1_9_acc_grad_0 module id: 0
[2m[36m(CompileWorker pid=3601691)[0m compiled for stage:41 name: stage_1_9_acc_grad_1 module id: 1
[2m[36m(CompileWorker pid=3601687)[0m compiled for stage:42 name: stage_1_10_acc_grad_0 module id: 0
[2m[36m(CompileWorker pid=3601687)[0m compiled for stage:42 name: stage_1_10_acc_grad_1 module id: 1
[2m[36m(CompileWorker pid=3601683)[0m compiled for stage:43 name: stage_1_10_acc_grad_0 module id: 0
[2m[36m(CompileWorker pid=3601683)[0m compiled for stage:43 name: stage_1_10_acc_grad_1 module id: 1
[2m[36m(CompileWorker pid=3601691)[0m compiled for stage:46 name: stage_2_2_acc_grad_0 module id: 0
[2m[36m(CompileWorker pid=3601691)[0m compiled for stage:46 name: stage_2_2_acc_grad_1 module id: 1
[2m[36m(CompileWorker pid=3601688)[0m compiled for stage:44 name: stage_1_11_acc_grad_0 module id: 0
[2m[36m(CompileWorker pid=3601688)[0m compiled for stage:44 name: stage_1_11_acc_grad_1 module id: 1
[2m[36m(CompileWorker pid=3601687)[0m compiled for stage:47 name: stage_2_2_acc_grad_0 module id: 0
[2m[36m(CompileWorker pid=3601687)[0m compiled for stage:47 name: stage_2_2_acc_grad_1 module id: 1
[2m[36m(CompileWorker pid=3601684)[0m compiled for stage:45 name: stage_1_11_acc_grad_0 module id: 0
[2m[36m(CompileWorker pid=3601685)[0m compiled for stage:48 name: stage_2_3_acc_grad_0 module id: 0
[2m[36m(CompileWorker pid=3601685)[0m compiled for stage:48 name: stage_2_3_acc_grad_1 module id: 1
[2m[36m(CompileWorker pid=3601686)[0m compiled for stage:49 name: stage_2_3_acc_grad_0 module id: 0
[2m[36m(CompileWorker pid=3601684)[0m compiled for stage:45 name: stage_1_11_acc_grad_1 module id: 1
[2m[36m(CompileWorker pid=3601686)[0m compiled for stage:49 name: stage_2_3_acc_grad_1 module id: 1
[2m[36m(CompileWorker pid=3601683)[0m compiled for stage:50 name: stage_2_4_acc_grad_0 module id: 0
[2m[36m(CompileWorker pid=3601688)[0m  tensor (Large latency) dimensions: (1, 50257, 12288, 1, 1, 1, 1, 1, 1, 1, 0, 0, 'CONV', 1, 1, 0, 0),  latency: 9.190599300595238
[2m[36m(CompileWorker pid=3601692)[0m compiled for stage:51 name: stage_2_4_acc_grad_0 module id: 0
[2m[36m(CompileWorker pid=3601683)[0m compiled for stage:50 name: stage_2_4_acc_grad_1 module id: 1
[2m[36m(CompileWorker pid=3601692)[0m compiled for stage:51 name: stage_2_4_acc_grad_1 module id: 1
[2m[36m(CompileWorker pid=3601685)[0m compiled for stage:52 name: stage_2_5_acc_grad_0 module id: 0
[2m[36m(CompileWorker pid=3601685)[0m compiled for stage:52 name: stage_2_5_acc_grad_1 module id: 1
[2m[36m(CompileWorker pid=3601679)[0m compiled for stage:53 name: stage_2_5_acc_grad_0 module id: 0
[2m[36m(CompileWorker pid=3601679)[0m compiled for stage:53 name: stage_2_5_acc_grad_1 module id: 1
[2m[36m(CompileWorker pid=3601684)[0m  tensor (Large latency) dimensions: (1, 50257, 12288, 1, 1, 1, 1, 1, 1, 1, 0, 0, 'CONV', 1, 1, 0, 0),  latency: 9.190599300595238
[2m[36m(CompileWorker pid=3601687)[0m compiled for stage:54 name: stage_2_6_acc_grad_0 module id: 0
[2m[36m(CompileWorker pid=3601693)[0m compiled for stage:55 name: stage_2_6_acc_grad_0 module id: 0
[2m[36m(CompileWorker pid=3601687)[0m compiled for stage:54 name: stage_2_6_acc_grad_1 module id: 1
[2m[36m(CompileWorker pid=3601693)[0m compiled for stage:55 name: stage_2_6_acc_grad_1 module id: 1
[2m[36m(CompileWorker pid=3601691)[0m compiled for stage:56 name: stage_2_7_acc_grad_0 module id: 0
[2m[36m(CompileWorker pid=3601691)[0m compiled for stage:56 name: stage_2_7_acc_grad_1 module id: 1
[2m[36m(CompileWorker pid=3601679)[0m compiled for stage:57 name: stage_2_7_acc_grad_0 module id: 0
[2m[36m(CompileWorker pid=3601679)[0m compiled for stage:57 name: stage_2_7_acc_grad_1 module id: 1
[2m[36m(CompileWorker pid=3601686)[0m compiled for stage:58 name: stage_2_8_acc_grad_0 module id: 0
[2m[36m(CompileWorker pid=3601686)[0m compiled for stage:58 name: stage_2_8_acc_grad_1 module id: 1
[2m[36m(CompileWorker pid=3601687)[0m compiled for stage:59 name: stage_2_8_acc_grad_0 module id: 0
[2m[36m(CompileWorker pid=3601687)[0m compiled for stage:59 name: stage_2_8_acc_grad_1 module id: 1
[2m[36m(CompileWorker pid=3601684)[0m compiled for stage:60 name: stage_2_9_acc_grad_0 module id: 0
[2m[36m(CompileWorker pid=3601693)[0m compiled for stage:61 name: stage_2_9_acc_grad_0 module id: 0
[2m[36m(CompileWorker pid=3601684)[0m compiled for stage:60 name: stage_2_9_acc_grad_1 module id: 1
[2m[36m(CompileWorker pid=3601693)[0m compiled for stage:61 name: stage_2_9_acc_grad_1 module id: 1
[2m[36m(CompileWorker pid=3601691)[0m compiled for stage:62 name: stage_2_10_acc_grad_0 module id: 0
[2m[36m(CompileWorker pid=3601691)[0m compiled for stage:62 name: stage_2_10_acc_grad_1 module id: 1
[2m[36m(CompileWorker pid=3601692)[0m compiled for stage:63 name: stage_2_10_acc_grad_0 module id: 0
[2m[36m(CompileWorker pid=3601692)[0m compiled for stage:63 name: stage_2_10_acc_grad_1 module id: 1
[2m[36m(CompileWorker pid=3601687)[0m compiled for stage:66 name: stage_3_3_acc_grad_0 module id: 0
[2m[36m(CompileWorker pid=3601687)[0m compiled for stage:66 name: stage_3_3_acc_grad_1 module id: 1
[2m[36m(CompileWorker pid=3601689)[0m compiled for stage:64 name: stage_2_11_acc_grad_0 module id: 0
[2m[36m(CompileWorker pid=3601693)[0m compiled for stage:67 name: stage_3_3_acc_grad_0 module id: 0
[2m[36m(CompileWorker pid=3601693)[0m compiled for stage:67 name: stage_3_3_acc_grad_1 module id: 1
[2m[36m(CompileWorker pid=3601686)[0m compiled for stage:68 name: stage_3_4_acc_grad_0 module id: 0
[2m[36m(CompileWorker pid=3601689)[0m compiled for stage:64 name: stage_2_11_acc_grad_1 module id: 1
[2m[36m(CompileWorker pid=3601679)[0m compiled for stage:65 name: stage_2_11_acc_grad_0 module id: 0
[2m[36m(CompileWorker pid=3601686)[0m compiled for stage:68 name: stage_3_4_acc_grad_1 module id: 1
[2m[36m(CompileWorker pid=3601687)[0m compiled for stage:69 name: stage_3_4_acc_grad_0 module id: 0
[2m[36m(CompileWorker pid=3601687)[0m compiled for stage:69 name: stage_3_4_acc_grad_1 module id: 1
[2m[36m(CompileWorker pid=3601679)[0m compiled for stage:65 name: stage_2_11_acc_grad_1 module id: 1
[2m[36m(CompileWorker pid=3601688)[0m compiled for stage:70 name: stage_3_5_acc_grad_0 module id: 0
[2m[36m(CompileWorker pid=3601688)[0m compiled for stage:70 name: stage_3_5_acc_grad_1 module id: 1
[2m[36m(CompileWorker pid=3601684)[0m compiled for stage:71 name: stage_3_5_acc_grad_0 module id: 0
[2m[36m(CompileWorker pid=3601684)[0m compiled for stage:71 name: stage_3_5_acc_grad_1 module id: 1
[2m[36m(CompileWorker pid=3601689)[0m  tensor (Large latency) dimensions: (1, 50257, 12288, 1, 1, 1, 1, 1, 1, 1, 0, 0, 'CONV', 1, 1, 0, 0),  latency: 9.190599300595238
[2m[36m(CompileWorker pid=3601693)[0m compiled for stage:72 name: stage_3_6_acc_grad_0 module id: 0
[2m[36m(CompileWorker pid=3601693)[0m compiled for stage:72 name: stage_3_6_acc_grad_1 module id: 1
[2m[36m(CompileWorker pid=3601688)[0m compiled for stage:73 name: stage_3_6_acc_grad_0 module id: 0
[2m[36m(CompileWorker pid=3601688)[0m compiled for stage:73 name: stage_3_6_acc_grad_1 module id: 1
[2m[36m(CompileWorker pid=3601687)[0m compiled for stage:74 name: stage_3_7_acc_grad_0 module id: 0
[2m[36m(CompileWorker pid=3601686)[0m compiled for stage:75 name: stage_3_7_acc_grad_0 module id: 0
[2m[36m(CompileWorker pid=3601687)[0m compiled for stage:74 name: stage_3_7_acc_grad_1 module id: 1
[2m[36m(CompileWorker pid=3601686)[0m compiled for stage:75 name: stage_3_7_acc_grad_1 module id: 1
[2m[36m(CompileWorker pid=3601690)[0m compiled for stage:76 name: stage_3_8_acc_grad_0 module id: 0
[2m[36m(CompileWorker pid=3601690)[0m compiled for stage:76 name: stage_3_8_acc_grad_1 module id: 1
[2m[36m(CompileWorker pid=3601692)[0m compiled for stage:77 name: stage_3_8_acc_grad_0 module id: 0
[2m[36m(CompileWorker pid=3601692)[0m compiled for stage:77 name: stage_3_8_acc_grad_1 module id: 1
[2m[36m(CompileWorker pid=3601679)[0m compiled for stage:78 name: stage_3_9_acc_grad_0 module id: 0
[2m[36m(CompileWorker pid=3601679)[0m compiled for stage:78 name: stage_3_9_acc_grad_1 module id: 1
[2m[36m(CompileWorker pid=3601686)[0m compiled for stage:79 name: stage_3_9_acc_grad_0 module id: 0
[2m[36m(CompileWorker pid=3601686)[0m compiled for stage:79 name: stage_3_9_acc_grad_1 module id: 1
[2m[36m(CompileWorker pid=3601684)[0m compiled for stage:80 name: stage_3_10_acc_grad_0 module id: 0
[2m[36m(CompileWorker pid=3601693)[0m compiled for stage:81 name: stage_3_10_acc_grad_0 module id: 0
[2m[36m(CompileWorker pid=3601684)[0m compiled for stage:80 name: stage_3_10_acc_grad_1 module id: 1
[2m[36m(CompileWorker pid=3601691)[0m compiled for stage:84 name: stage_4_4_acc_grad_0 module id: 0
[2m[36m(CompileWorker pid=3601691)[0m compiled for stage:84 name: stage_4_4_acc_grad_1 module id: 1
[2m[36m(CompileWorker pid=3601693)[0m compiled for stage:81 name: stage_3_10_acc_grad_1 module id: 1
[2m[36m(CompileWorker pid=3601692)[0m compiled for stage:85 name: stage_4_4_acc_grad_0 module id: 0
[2m[36m(CompileWorker pid=3601685)[0m compiled for stage:82 name: stage_3_11_acc_grad_0 module id: 0
[2m[36m(CompileWorker pid=3601692)[0m compiled for stage:85 name: stage_4_4_acc_grad_1 module id: 1
[2m[36m(CompileWorker pid=3601689)[0m compiled for stage:86 name: stage_4_5_acc_grad_0 module id: 0
[2m[36m(CompileWorker pid=3601689)[0m compiled for stage:86 name: stage_4_5_acc_grad_1 module id: 1
[2m[36m(CompileWorker pid=3601685)[0m compiled for stage:82 name: stage_3_11_acc_grad_1 module id: 1
[2m[36m(CompileWorker pid=3601688)[0m compiled for stage:83 name: stage_3_11_acc_grad_0 module id: 0
[2m[36m(CompileWorker pid=3601690)[0m compiled for stage:87 name: stage_4_5_acc_grad_0 module id: 0
[2m[36m(CompileWorker pid=3601690)[0m compiled for stage:87 name: stage_4_5_acc_grad_1 module id: 1
[2m[36m(CompileWorker pid=3601688)[0m compiled for stage:83 name: stage_3_11_acc_grad_1 module id: 1
[2m[36m(CompileWorker pid=3601687)[0m compiled for stage:88 name: stage_4_6_acc_grad_0 module id: 0
[2m[36m(CompileWorker pid=3601687)[0m compiled for stage:88 name: stage_4_6_acc_grad_1 module id: 1
[2m[36m(CompileWorker pid=3601691)[0m compiled for stage:89 name: stage_4_6_acc_grad_0 module id: 0
[2m[36m(CompileWorker pid=3601691)[0m compiled for stage:89 name: stage_4_6_acc_grad_1 module id: 1
[2m[36m(CompileWorker pid=3601689)[0m compiled for stage:90 name: stage_4_7_acc_grad_0 module id: 0
[2m[36m(CompileWorker pid=3601689)[0m compiled for stage:90 name: stage_4_7_acc_grad_1 module id: 1
[2m[36m(CompileWorker pid=3601685)[0m  tensor (Large latency) dimensions: (1, 50257, 12288, 1, 1, 1, 1, 1, 1, 1, 0, 0, 'CONV', 1, 1, 0, 0),  latency: 9.190599300595238
[2m[36m(CompileWorker pid=3601684)[0m compiled for stage:91 name: stage_4_7_acc_grad_0 module id: 0
[2m[36m(CompileWorker pid=3601684)[0m compiled for stage:91 name: stage_4_7_acc_grad_1 module id: 1
[2m[36m(CompileWorker pid=3601686)[0m compiled for stage:92 name: stage_4_8_acc_grad_0 module id: 0
[2m[36m(CompileWorker pid=3601686)[0m compiled for stage:92 name: stage_4_8_acc_grad_1 module id: 1
[2m[36m(CompileWorker pid=3601690)[0m compiled for stage:93 name: stage_4_8_acc_grad_0 module id: 0
[2m[36m(CompileWorker pid=3601690)[0m compiled for stage:93 name: stage_4_8_acc_grad_1 module id: 1
[2m[36m(CompileWorker pid=3601691)[0m compiled for stage:94 name: stage_4_9_acc_grad_0 module id: 0
[2m[36m(CompileWorker pid=3601691)[0m compiled for stage:94 name: stage_4_9_acc_grad_1 module id: 1
[2m[36m(CompileWorker pid=3601688)[0m compiled for stage:95 name: stage_4_9_acc_grad_0 module id: 0
[2m[36m(CompileWorker pid=3601688)[0m compiled for stage:95 name: stage_4_9_acc_grad_1 module id: 1
[2m[36m(CompileWorker pid=3601683)[0m compiled for stage:96 name: stage_4_10_acc_grad_0 module id: 0
[2m[36m(CompileWorker pid=3601683)[0m compiled for stage:96 name: stage_4_10_acc_grad_1 module id: 1
[2m[36m(CompileWorker pid=3601692)[0m compiled for stage:97 name: stage_4_10_acc_grad_0 module id: 0
[2m[36m(CompileWorker pid=3601692)[0m compiled for stage:97 name: stage_4_10_acc_grad_1 module id: 1
[2m[36m(CompileWorker pid=3601690)[0m compiled for stage:100 name: stage_5_5_acc_grad_0 module id: 0
[2m[36m(CompileWorker pid=3601690)[0m compiled for stage:100 name: stage_5_5_acc_grad_1 module id: 1
[2m[36m(CompileWorker pid=3601684)[0m compiled for stage:98 name: stage_4_11_acc_grad_0 module id: 0
[2m[36m(CompileWorker pid=3601691)[0m compiled for stage:101 name: stage_5_5_acc_grad_0 module id: 0
[2m[36m(CompileWorker pid=3601691)[0m compiled for stage:101 name: stage_5_5_acc_grad_1 module id: 1
[2m[36m(CompileWorker pid=3601685)[0m compiled for stage:99 name: stage_4_11_acc_grad_0 module id: 0
[2m[36m(CompileWorker pid=3601684)[0m compiled for stage:98 name: stage_4_11_acc_grad_1 module id: 1
[2m[36m(CompileWorker pid=3601687)[0m compiled for stage:102 name: stage_5_6_acc_grad_0 module id: 0
[2m[36m(CompileWorker pid=3601687)[0m compiled for stage:102 name: stage_5_6_acc_grad_1 module id: 1
[2m[36m(CompileWorker pid=3601689)[0m compiled for stage:103 name: stage_5_6_acc_grad_0 module id: 0
[2m[36m(CompileWorker pid=3601689)[0m compiled for stage:103 name: stage_5_6_acc_grad_1 module id: 1
[2m[36m(CompileWorker pid=3601692)[0m compiled for stage:104 name: stage_5_7_acc_grad_0 module id: 0
[2m[36m(CompileWorker pid=3601685)[0m compiled for stage:99 name: stage_4_11_acc_grad_1 module id: 1
[2m[36m(CompileWorker pid=3601692)[0m compiled for stage:104 name: stage_5_7_acc_grad_1 module id: 1
[2m[36m(CompileWorker pid=3601683)[0m compiled for stage:105 name: stage_5_7_acc_grad_0 module id: 0
[2m[36m(CompileWorker pid=3601683)[0m compiled for stage:105 name: stage_5_7_acc_grad_1 module id: 1
[2m[36m(CompileWorker pid=3601679)[0m compiled for stage:106 name: stage_5_8_acc_grad_0 module id: 0
[2m[36m(CompileWorker pid=3601679)[0m compiled for stage:106 name: stage_5_8_acc_grad_1 module id: 1
[2m[36m(CompileWorker pid=3601688)[0m compiled for stage:107 name: stage_5_8_acc_grad_0 module id: 0
[2m[36m(CompileWorker pid=3601688)[0m compiled for stage:107 name: stage_5_8_acc_grad_1 module id: 1
[2m[36m(CompileWorker pid=3601690)[0m compiled for stage:108 name: stage_5_9_acc_grad_0 module id: 0
[2m[36m(CompileWorker pid=3601686)[0m compiled for stage:109 name: stage_5_9_acc_grad_0 module id: 0
[2m[36m(CompileWorker pid=3601690)[0m compiled for stage:108 name: stage_5_9_acc_grad_1 module id: 1
[2m[36m(CompileWorker pid=3601686)[0m compiled for stage:109 name: stage_5_9_acc_grad_1 module id: 1
[2m[36m(CompileWorker pid=3601685)[0m compiled for stage:110 name: stage_5_10_acc_grad_0 module id: 0
[2m[36m(CompileWorker pid=3601685)[0m compiled for stage:110 name: stage_5_10_acc_grad_1 module id: 1
[2m[36m(CompileWorker pid=3601689)[0m compiled for stage:111 name: stage_5_10_acc_grad_0 module id: 0
[2m[36m(CompileWorker pid=3601688)[0m compiled for stage:114 name: stage_6_6_acc_grad_0 module id: 0
[2m[36m(CompileWorker pid=3601689)[0m compiled for stage:111 name: stage_5_10_acc_grad_1 module id: 1
[2m[36m(CompileWorker pid=3601688)[0m compiled for stage:114 name: stage_6_6_acc_grad_1 module id: 1
[2m[36m(CompileWorker pid=3601683)[0m compiled for stage:112 name: stage_5_11_acc_grad_0 module id: 0
[2m[36m(CompileWorker pid=3601684)[0m compiled for stage:115 name: stage_6_6_acc_grad_0 module id: 0
[2m[36m(CompileWorker pid=3601684)[0m compiled for stage:115 name: stage_6_6_acc_grad_1 module id: 1
[2m[36m(CompileWorker pid=3601683)[0m compiled for stage:112 name: stage_5_11_acc_grad_1 module id: 1
[2m[36m(CompileWorker pid=3601691)[0m compiled for stage:113 name: stage_5_11_acc_grad_0 module id: 0
[2m[36m(CompileWorker pid=3601690)[0m compiled for stage:116 name: stage_6_7_acc_grad_0 module id: 0
[2m[36m(CompileWorker pid=3601690)[0m compiled for stage:116 name: stage_6_7_acc_grad_1 module id: 1
[2m[36m(CompileWorker pid=3601691)[0m compiled for stage:113 name: stage_5_11_acc_grad_1 module id: 1
[2m[36m(CompileWorker pid=3601685)[0m compiled for stage:117 name: stage_6_7_acc_grad_0 module id: 0
[2m[36m(CompileWorker pid=3601685)[0m compiled for stage:117 name: stage_6_7_acc_grad_1 module id: 1
[2m[36m(CompileWorker pid=3601679)[0m compiled for stage:118 name: stage_6_8_acc_grad_0 module id: 0
[2m[36m(CompileWorker pid=3601679)[0m compiled for stage:118 name: stage_6_8_acc_grad_1 module id: 1
[2m[36m(CompileWorker pid=3601684)[0m compiled for stage:119 name: stage_6_8_acc_grad_0 module id: 0
[2m[36m(CompileWorker pid=3601684)[0m compiled for stage:119 name: stage_6_8_acc_grad_1 module id: 1
[2m[36m(CompileWorker pid=3601693)[0m compiled for stage:120 name: stage_6_9_acc_grad_0 module id: 0
[2m[36m(CompileWorker pid=3601693)[0m compiled for stage:120 name: stage_6_9_acc_grad_1 module id: 1
[2m[36m(CompileWorker pid=3601685)[0m compiled for stage:121 name: stage_6_9_acc_grad_0 module id: 0
[2m[36m(CompileWorker pid=3601683)[0m  tensor (Large latency) dimensions: (1, 50257, 12288, 1, 1, 1, 1, 1, 1, 1, 0, 0, 'CONV', 1, 1, 0, 0),  latency: 9.190599300595238
[2m[36m(CompileWorker pid=3601685)[0m compiled for stage:121 name: stage_6_9_acc_grad_1 module id: 1
[2m[36m(CompileWorker pid=3601687)[0m compiled for stage:122 name: stage_6_10_acc_grad_0 module id: 0
[2m[36m(CompileWorker pid=3601687)[0m compiled for stage:122 name: stage_6_10_acc_grad_1 module id: 1
[2m[36m(CompileWorker pid=3601691)[0m compiled for stage:123 name: stage_6_10_acc_grad_0 module id: 0
[2m[36m(CompileWorker pid=3601691)[0m compiled for stage:123 name: stage_6_10_acc_grad_1 module id: 1
[2m[36m(CompileWorker pid=3601689)[0m compiled for stage:124 name: stage_6_11_acc_grad_0 module id: 0
[2m[36m(CompileWorker pid=3601688)[0m compiled for stage:126 name: stage_7_7_acc_grad_0 module id: 0
[2m[36m(CompileWorker pid=3601688)[0m compiled for stage:126 name: stage_7_7_acc_grad_1 module id: 1
[2m[36m(CompileWorker pid=3601684)[0m compiled for stage:127 name: stage_7_7_acc_grad_0 module id: 0
[2m[36m(CompileWorker pid=3601689)[0m compiled for stage:124 name: stage_6_11_acc_grad_1 module id: 1
[2m[36m(CompileWorker pid=3601684)[0m compiled for stage:127 name: stage_7_7_acc_grad_1 module id: 1
[2m[36m(CompileWorker pid=3601691)[0m compiled for stage:129 name: stage_7_8_acc_grad_0 module id: 0
[2m[36m(CompileWorker pid=3601693)[0m compiled for stage:125 name: stage_6_11_acc_grad_0 module id: 0
[2m[36m(CompileWorker pid=3601692)[0m compiled for stage:128 name: stage_7_8_acc_grad_0 module id: 0
[2m[36m(CompileWorker pid=3601692)[0m compiled for stage:128 name: stage_7_8_acc_grad_1 module id: 1
[2m[36m(CompileWorker pid=3601691)[0m compiled for stage:129 name: stage_7_8_acc_grad_1 module id: 1
[2m[36m(CompileWorker pid=3601693)[0m compiled for stage:125 name: stage_6_11_acc_grad_1 module id: 1
[2m[36m(CompileWorker pid=3601679)[0m compiled for stage:130 name: stage_7_9_acc_grad_0 module id: 0
[2m[36m(CompileWorker pid=3601679)[0m compiled for stage:130 name: stage_7_9_acc_grad_1 module id: 1
[2m[36m(CompileWorker pid=3601688)[0m compiled for stage:131 name: stage_7_9_acc_grad_0 module id: 0
[2m[36m(CompileWorker pid=3601688)[0m compiled for stage:131 name: stage_7_9_acc_grad_1 module id: 1
[2m[36m(CompileWorker pid=3601690)[0m compiled for stage:132 name: stage_7_10_acc_grad_0 module id: 0
[2m[36m(CompileWorker pid=3601690)[0m compiled for stage:132 name: stage_7_10_acc_grad_1 module id: 1
[2m[36m(CompileWorker pid=3601684)[0m compiled for stage:133 name: stage_7_10_acc_grad_0 module id: 0
[2m[36m(CompileWorker pid=3601684)[0m compiled for stage:133 name: stage_7_10_acc_grad_1 module id: 1
[2m[36m(CompileWorker pid=3601691)[0m compiled for stage:134 name: stage_7_11_acc_grad_0 module id: 0
[2m[36m(CompileWorker pid=3601692)[0m compiled for stage:137 name: stage_8_8_acc_grad_0 module id: 0
[2m[36m(CompileWorker pid=3601688)[0m compiled for stage:136 name: stage_8_8_acc_grad_0 module id: 0
[2m[36m(CompileWorker pid=3601688)[0m compiled for stage:136 name: stage_8_8_acc_grad_1 module id: 1
[2m[36m(CompileWorker pid=3601692)[0m compiled for stage:137 name: stage_8_8_acc_grad_1 module id: 1
[2m[36m(CompileWorker pid=3601691)[0m compiled for stage:134 name: stage_7_11_acc_grad_1 module id: 1
[2m[36m(CompileWorker pid=3601679)[0m compiled for stage:138 name: stage_8_9_acc_grad_0 module id: 0
[2m[36m(CompileWorker pid=3601679)[0m compiled for stage:138 name: stage_8_9_acc_grad_1 module id: 1
[2m[36m(CompileWorker pid=3601689)[0m compiled for stage:135 name: stage_7_11_acc_grad_0 module id: 0
[2m[36m(CompileWorker pid=3601693)[0m  tensor (Large latency) dimensions: (1, 50257, 12288, 1, 1, 1, 1, 1, 1, 1, 0, 0, 'CONV', 1, 1, 0, 0),  latency: 9.190599300595238
[2m[36m(CompileWorker pid=3601683)[0m compiled for stage:139 name: stage_8_9_acc_grad_0 module id: 0
[2m[36m(CompileWorker pid=3601683)[0m compiled for stage:139 name: stage_8_9_acc_grad_1 module id: 1
[2m[36m(CompileWorker pid=3601689)[0m compiled for stage:135 name: stage_7_11_acc_grad_1 module id: 1
[2m[36m(CompileWorker pid=3601686)[0m compiled for stage:140 name: stage_8_10_acc_grad_0 module id: 0
[2m[36m(CompileWorker pid=3601686)[0m compiled for stage:140 name: stage_8_10_acc_grad_1 module id: 1
[2m[36m(CompileWorker pid=3601692)[0m compiled for stage:141 name: stage_8_10_acc_grad_0 module id: 0
[2m[36m(CompileWorker pid=3601692)[0m compiled for stage:141 name: stage_8_10_acc_grad_1 module id: 1
[2m[36m(CompileWorker pid=3601691)[0m compiled for stage:142 name: stage_8_11_acc_grad_0 module id: 0
[2m[36m(CompileWorker pid=3601684)[0m compiled for stage:144 name: stage_9_9_acc_grad_0 module id: 0
[2m[36m(CompileWorker pid=3601691)[0m compiled for stage:142 name: stage_8_11_acc_grad_1 module id: 1
[2m[36m(CompileWorker pid=3601685)[0m compiled for stage:143 name: stage_8_11_acc_grad_0 module id: 0
[2m[36m(CompileWorker pid=3601684)[0m compiled for stage:144 name: stage_9_9_acc_grad_1 module id: 1
[2m[36m(CompileWorker pid=3601687)[0m compiled for stage:145 name: stage_9_9_acc_grad_0 module id: 0
[2m[36m(CompileWorker pid=3601687)[0m compiled for stage:145 name: stage_9_9_acc_grad_1 module id: 1
[2m[36m(CompileWorker pid=3601693)[0m compiled for stage:146 name: stage_9_10_acc_grad_0 module id: 0
[2m[36m(CompileWorker pid=3601685)[0m compiled for stage:143 name: stage_8_11_acc_grad_1 module id: 1
[2m[36m(CompileWorker pid=3601689)[0m compiled for stage:147 name: stage_9_10_acc_grad_0 module id: 0
[2m[36m(CompileWorker pid=3601689)[0m compiled for stage:147 name: stage_9_10_acc_grad_1 module id: 1
[2m[36m(CompileWorker pid=3601693)[0m compiled for stage:146 name: stage_9_10_acc_grad_1 module id: 1
[2m[36m(CompileWorker pid=3601688)[0m compiled for stage:148 name: stage_9_11_acc_grad_0 module id: 0
[2m[36m(CompileWorker pid=3601691)[0m compiled for stage:149 name: stage_9_11_acc_grad_0 module id: 0
[2m[36m(CompileWorker pid=3601691)[0m compiled for stage:149 name: stage_9_11_acc_grad_1 module id: 1
[2m[36m(CompileWorker pid=3601686)[0m compiled for stage:150 name: stage_10_10_acc_grad_0 module id: 0
[2m[36m(CompileWorker pid=3601686)[0m compiled for stage:150 name: stage_10_10_acc_grad_1 module id: 1
[2m[36m(CompileWorker pid=3601692)[0m compiled for stage:151 name: stage_10_10_acc_grad_0 module id: 0
[2m[36m(CompileWorker pid=3601692)[0m compiled for stage:151 name: stage_10_10_acc_grad_1 module id: 1
[2m[36m(CompileWorker pid=3601688)[0m compiled for stage:148 name: stage_9_11_acc_grad_1 module id: 1
[2m[36m(CompileWorker pid=3601683)[0m compiled for stage:152 name: stage_10_11_acc_grad_0 module id: 0
[2m[36m(CompileWorker pid=3601683)[0m compiled for stage:152 name: stage_10_11_acc_grad_1 module id: 1
[2m[36m(CompileWorker pid=3601684)[0m compiled for stage:154 name: stage_11_11_acc_grad_0 module id: 0
[2m[36m(CompileWorker pid=3601684)[0m compiled for stage:154 name: stage_11_11_acc_grad_1 module id: 1
[2m[36m(CompileWorker pid=3601689)[0m compiled for stage:153 name: stage_10_11_acc_grad_0 module id: 0
[2m[36m(CompileWorker pid=3601689)[0m compiled for stage:153 name: stage_10_11_acc_grad_1 module id: 1
[2m[36m(CompileWorker pid=3601690)[0m compiled for stage:155 name: stage_11_11_acc_grad_0 module id: 0
[2m[36m(CompileWorker pid=3601690)[0m compiled for stage:155 name: stage_11_11_acc_grad_1 module id: 1
[2m[36m(CompileWorker pid=3601690)[0m  tensor (Large latency) dimensions: (1, 50257, 12288, 1, 1, 1, 1, 1, 1, 1, 0, 0, 'CONV', 1, 1, 0, 0),  latency: 9.190599300595238
- parse estimation results for all stages
result[(0, 0, 0, 0), 0] = ModuleProfileResult(compute_cost=62.582, peak_memory=12.861 GB, invar_size=4.572 GB, outvar_size=7.138 GB, temp_buffer_size=1.150 GB, available_memory=64.000 GB, comm_cost=0.000)
result[(0, 0, 0, 0), 1] = ModuleProfileResult(compute_cost=77.002, peak_memory=13.778 GB, invar_size=11.710 GB, outvar_size=4.572 GB, temp_buffer_size=2.068 GB, available_memory=64.000 GB, comm_cost=0.000)
result[(0, 0, 0, 1), 0] = ModuleProfileResult(compute_cost=62.582, peak_memory=12.861 GB, invar_size=4.572 GB, outvar_size=7.138 GB, temp_buffer_size=1.150 GB, available_memory=64.000 GB, comm_cost=0.000)
result[(0, 0, 0, 1), 1] = ModuleProfileResult(compute_cost=77.002, peak_memory=13.778 GB, invar_size=11.710 GB, outvar_size=4.572 GB, temp_buffer_size=2.068 GB, available_memory=64.000 GB, comm_cost=0.000)
result[(0, 1, 0, 0), 0] = ModuleProfileResult(compute_cost=123.610, peak_memory=23.175 GB, invar_size=7.948 GB, outvar_size=14.076 GB, temp_buffer_size=1.150 GB, available_memory=64.000 GB, comm_cost=0.000)
result[(0, 1, 0, 0), 1] = ModuleProfileResult(compute_cost=142.330, peak_memory=24.842 GB, invar_size=22.024 GB, outvar_size=7.948 GB, temp_buffer_size=2.817 GB, available_memory=64.000 GB, comm_cost=0.000)
result[(0, 1, 0, 1), 0] = ModuleProfileResult(compute_cost=123.610, peak_memory=23.175 GB, invar_size=7.948 GB, outvar_size=14.076 GB, temp_buffer_size=1.150 GB, available_memory=64.000 GB, comm_cost=0.000)
result[(0, 1, 0, 1), 1] = ModuleProfileResult(compute_cost=142.330, peak_memory=24.842 GB, invar_size=22.024 GB, outvar_size=7.948 GB, temp_buffer_size=2.817 GB, available_memory=64.000 GB, comm_cost=0.000)
result[(0, 2, 0, 0), 0] = ModuleProfileResult(compute_cost=227.479, peak_memory=37.682 GB, invar_size=12.448 GB, outvar_size=23.969 GB, temp_buffer_size=1.266 GB, available_memory=64.000 GB, comm_cost=0.000)
result[(0, 2, 0, 0), 1] = ModuleProfileResult(compute_cost=242.439, peak_memory=40.219 GB, invar_size=36.417 GB, outvar_size=12.448 GB, temp_buffer_size=3.802 GB, available_memory=64.000 GB, comm_cost=0.000)
result[(0, 2, 0, 1), 0] = ModuleProfileResult(compute_cost=227.479, peak_memory=37.682 GB, invar_size=12.448 GB, outvar_size=23.969 GB, temp_buffer_size=1.266 GB, available_memory=64.000 GB, comm_cost=0.000)
result[(0, 2, 0, 1), 1] = ModuleProfileResult(compute_cost=242.439, peak_memory=40.219 GB, invar_size=36.417 GB, outvar_size=12.448 GB, temp_buffer_size=3.802 GB, available_memory=64.000 GB, comm_cost=0.000)
result[(0, 3, 0, 0), 0] = ModuleProfileResult(compute_cost=288.319, peak_memory=48.043 GB, invar_size=15.824 GB, outvar_size=30.813 GB, temp_buffer_size=1.406 GB, available_memory=64.000 GB, comm_cost=0.000)
result[(0, 3, 0, 0), 1] = ModuleProfileResult(compute_cost=307.485, peak_memory=50.955 GB, invar_size=46.637 GB, outvar_size=15.823 GB, temp_buffer_size=4.318 GB, available_memory=64.000 GB, comm_cost=0.000)
result[(0, 3, 0, 1), 0] = ModuleProfileResult(compute_cost=288.319, peak_memory=48.043 GB, invar_size=15.824 GB, outvar_size=30.813 GB, temp_buffer_size=1.406 GB, available_memory=64.000 GB, comm_cost=0.000)
result[(0, 3, 0, 1), 1] = ModuleProfileResult(compute_cost=307.485, peak_memory=50.955 GB, invar_size=46.637 GB, outvar_size=15.823 GB, temp_buffer_size=4.318 GB, available_memory=64.000 GB, comm_cost=0.000)
result[(0, 4, 0, 0), 0] = ModuleProfileResult(compute_cost=349.159, peak_memory=58.263 GB, invar_size=19.199 GB, outvar_size=37.658 GB, temp_buffer_size=1.406 GB, available_memory=64.000 GB, comm_cost=0.000)
result[(0, 4, 0, 0), 1] = ModuleProfileResult(compute_cost=372.531, peak_memory=61.409 GB, invar_size=56.857 GB, outvar_size=19.199 GB, temp_buffer_size=4.552 GB, available_memory=64.000 GB, comm_cost=0.000)
result[(0, 4, 0, 1), 0] = ModuleProfileResult(compute_cost=349.159, peak_memory=58.263 GB, invar_size=19.199 GB, outvar_size=37.658 GB, temp_buffer_size=1.406 GB, available_memory=64.000 GB, comm_cost=0.000)
result[(0, 4, 0, 1), 1] = ModuleProfileResult(compute_cost=372.531, peak_memory=61.409 GB, invar_size=56.857 GB, outvar_size=19.199 GB, temp_buffer_size=4.552 GB, available_memory=64.000 GB, comm_cost=0.000)
result[(0, 5, 0, 0), 0] = ModuleProfileResult(compute_cost=410.000, peak_memory=68.624 GB, invar_size=22.574 GB, outvar_size=44.503 GB, temp_buffer_size=1.547 GB, available_memory=64.000 GB, comm_cost=0.000)
result[(0, 5, 0, 0), 1] = ModuleProfileResult(compute_cost=437.577, peak_memory=72.520 GB, invar_size=67.077 GB, outvar_size=22.574 GB, temp_buffer_size=5.443 GB, available_memory=64.000 GB, comm_cost=0.000)
result[(0, 5, 0, 1), 0] = ModuleProfileResult(compute_cost=410.000, peak_memory=68.624 GB, invar_size=22.574 GB, outvar_size=44.503 GB, temp_buffer_size=1.547 GB, available_memory=64.000 GB, comm_cost=0.000)
result[(0, 5, 0, 1), 1] = ModuleProfileResult(compute_cost=437.577, peak_memory=72.520 GB, invar_size=67.077 GB, outvar_size=22.574 GB, temp_buffer_size=5.443 GB, available_memory=64.000 GB, comm_cost=0.000)
result[(0, 6, 0, 0), 0] = ModuleProfileResult(compute_cost=470.840, peak_memory=78.984 GB, invar_size=25.949 GB, outvar_size=51.347 GB, temp_buffer_size=1.688 GB, available_memory=64.000 GB, comm_cost=0.000)
result[(0, 6, 0, 0), 1] = ModuleProfileResult(compute_cost=502.623, peak_memory=82.176 GB, invar_size=77.297 GB, outvar_size=25.949 GB, temp_buffer_size=4.880 GB, available_memory=64.000 GB, comm_cost=0.000)
result[(0, 6, 0, 1), 0] = ModuleProfileResult(compute_cost=470.840, peak_memory=78.984 GB, invar_size=25.949 GB, outvar_size=51.347 GB, temp_buffer_size=1.688 GB, available_memory=64.000 GB, comm_cost=0.000)
result[(0, 6, 0, 1), 1] = ModuleProfileResult(compute_cost=502.623, peak_memory=82.176 GB, invar_size=77.297 GB, outvar_size=25.949 GB, temp_buffer_size=4.880 GB, available_memory=64.000 GB, comm_cost=0.000)
result[(0, 7, 0, 0), 0] = ModuleProfileResult(compute_cost=531.681, peak_memory=89.392 GB, invar_size=29.325 GB, outvar_size=58.192 GB, temp_buffer_size=1.875 GB, available_memory=64.000 GB, comm_cost=0.000)
result[(0, 7, 0, 0), 1] = ModuleProfileResult(compute_cost=567.670, peak_memory=93.569 GB, invar_size=87.516 GB, outvar_size=29.325 GB, temp_buffer_size=6.053 GB, available_memory=64.000 GB, comm_cost=0.000)
result[(0, 7, 0, 1), 0] = ModuleProfileResult(compute_cost=531.681, peak_memory=89.392 GB, invar_size=29.325 GB, outvar_size=58.192 GB, temp_buffer_size=1.875 GB, available_memory=64.000 GB, comm_cost=0.000)
result[(0, 7, 0, 1), 1] = ModuleProfileResult(compute_cost=567.670, peak_memory=93.569 GB, invar_size=87.516 GB, outvar_size=29.325 GB, temp_buffer_size=6.053 GB, available_memory=64.000 GB, comm_cost=0.000)
result[(0, 8, 0, 0), 0] = ModuleProfileResult(compute_cost=592.521, peak_memory=99.752 GB, invar_size=32.700 GB, outvar_size=65.036 GB, temp_buffer_size=2.016 GB, available_memory=64.000 GB, comm_cost=0.000)
result[(0, 8, 0, 0), 1] = ModuleProfileResult(compute_cost=632.716, peak_memory=104.211 GB, invar_size=97.736 GB, outvar_size=32.700 GB, temp_buffer_size=6.475 GB, available_memory=64.000 GB, comm_cost=0.000)
result[(0, 8, 0, 1), 0] = ModuleProfileResult(compute_cost=592.521, peak_memory=99.752 GB, invar_size=32.700 GB, outvar_size=65.036 GB, temp_buffer_size=2.016 GB, available_memory=64.000 GB, comm_cost=0.000)
result[(0, 8, 0, 1), 1] = ModuleProfileResult(compute_cost=632.716, peak_memory=104.211 GB, invar_size=97.736 GB, outvar_size=32.700 GB, temp_buffer_size=6.475 GB, available_memory=64.000 GB, comm_cost=0.000)
result[(0, 9, 0, 0), 0] = ModuleProfileResult(compute_cost=653.362, peak_memory=110.113 GB, invar_size=36.075 GB, outvar_size=71.881 GB, temp_buffer_size=2.156 GB, available_memory=64.000 GB, comm_cost=0.000)
result[(0, 9, 0, 0), 1] = ModuleProfileResult(compute_cost=697.762, peak_memory=115.649 GB, invar_size=107.956 GB, outvar_size=36.075 GB, temp_buffer_size=7.693 GB, available_memory=64.000 GB, comm_cost=0.000)
result[(0, 9, 0, 1), 0] = ModuleProfileResult(compute_cost=653.362, peak_memory=110.113 GB, invar_size=36.075 GB, outvar_size=71.881 GB, temp_buffer_size=2.156 GB, available_memory=64.000 GB, comm_cost=0.000)
result[(0, 9, 0, 1), 1] = ModuleProfileResult(compute_cost=697.762, peak_memory=115.649 GB, invar_size=107.956 GB, outvar_size=36.075 GB, temp_buffer_size=7.693 GB, available_memory=64.000 GB, comm_cost=0.000)
result[(0, 10, 0, 0), 0] = ModuleProfileResult(compute_cost=714.202, peak_memory=120.473 GB, invar_size=39.451 GB, outvar_size=78.726 GB, temp_buffer_size=2.297 GB, available_memory=64.000 GB, comm_cost=0.000)
result[(0, 10, 0, 0), 1] = ModuleProfileResult(compute_cost=762.808, peak_memory=125.401 GB, invar_size=118.176 GB, outvar_size=39.451 GB, temp_buffer_size=7.224 GB, available_memory=64.000 GB, comm_cost=0.000)
result[(0, 10, 0, 1), 0] = ModuleProfileResult(compute_cost=714.202, peak_memory=120.473 GB, invar_size=39.451 GB, outvar_size=78.726 GB, temp_buffer_size=2.297 GB, available_memory=64.000 GB, comm_cost=0.000)
result[(0, 10, 0, 1), 1] = ModuleProfileResult(compute_cost=762.808, peak_memory=125.401 GB, invar_size=118.176 GB, outvar_size=39.451 GB, temp_buffer_size=7.224 GB, available_memory=64.000 GB, comm_cost=0.000)
result[(0, 11, 0, 0), 0] = ModuleProfileResult(compute_cost=732.389, peak_memory=127.155 GB, invar_size=41.701 GB, outvar_size=83.814 GB, temp_buffer_size=1.641 GB, available_memory=64.000 GB, comm_cost=0.000)
result[(0, 11, 0, 0), 1] = ModuleProfileResult(compute_cost=805.146, peak_memory=134.456 GB, invar_size=126.665 GB, outvar_size=42.851 GB, temp_buffer_size=7.791 GB, available_memory=64.000 GB, comm_cost=0.000)
result[(0, 11, 0, 1), 0] = ModuleProfileResult(compute_cost=732.389, peak_memory=127.155 GB, invar_size=41.701 GB, outvar_size=83.814 GB, temp_buffer_size=1.641 GB, available_memory=64.000 GB, comm_cost=0.000)
result[(0, 11, 0, 1), 1] = ModuleProfileResult(compute_cost=805.146, peak_memory=134.456 GB, invar_size=126.665 GB, outvar_size=42.851 GB, temp_buffer_size=7.791 GB, available_memory=64.000 GB, comm_cost=0.000)
result[(1, 1, 0, 0), 0] = ModuleProfileResult(compute_cost=61.028, peak_memory=10.595 GB, invar_size=3.469 GB, outvar_size=7.032 GB, temp_buffer_size=0.094 GB, available_memory=64.000 GB, comm_cost=0.000)
result[(1, 1, 0, 0), 1] = ModuleProfileResult(compute_cost=65.327, peak_memory=12.330 GB, invar_size=10.407 GB, outvar_size=3.469 GB, temp_buffer_size=1.829 GB, available_memory=64.000 GB, comm_cost=0.000)
result[(1, 1, 0, 1), 0] = ModuleProfileResult(compute_cost=61.028, peak_memory=10.595 GB, invar_size=3.469 GB, outvar_size=7.032 GB, temp_buffer_size=0.094 GB, available_memory=64.000 GB, comm_cost=0.000)
result[(1, 1, 0, 1), 1] = ModuleProfileResult(compute_cost=65.327, peak_memory=12.330 GB, invar_size=10.407 GB, outvar_size=3.469 GB, temp_buffer_size=1.829 GB, available_memory=64.000 GB, comm_cost=0.000)
result[(1, 2, 0, 0), 0] = ModuleProfileResult(compute_cost=164.896, peak_memory=26.066 GB, invar_size=7.969 GB, outvar_size=16.924 GB, temp_buffer_size=1.172 GB, available_memory=64.000 GB, comm_cost=0.000)
result[(1, 2, 0, 0), 1] = ModuleProfileResult(compute_cost=165.436, peak_memory=27.567 GB, invar_size=24.800 GB, outvar_size=7.969 GB, temp_buffer_size=2.673 GB, available_memory=64.000 GB, comm_cost=0.000)
result[(1, 2, 0, 1), 0] = ModuleProfileResult(compute_cost=164.896, peak_memory=26.066 GB, invar_size=7.969 GB, outvar_size=16.924 GB, temp_buffer_size=1.172 GB, available_memory=64.000 GB, comm_cost=0.000)
result[(1, 2, 0, 1), 1] = ModuleProfileResult(compute_cost=165.436, peak_memory=27.567 GB, invar_size=24.800 GB, outvar_size=7.969 GB, temp_buffer_size=2.673 GB, available_memory=64.000 GB, comm_cost=0.000)
result[(1, 3, 0, 0), 0] = ModuleProfileResult(compute_cost=225.737, peak_memory=36.426 GB, invar_size=11.345 GB, outvar_size=23.769 GB, temp_buffer_size=1.313 GB, available_memory=64.000 GB, comm_cost=0.000)
result[(1, 3, 0, 0), 1] = ModuleProfileResult(compute_cost=230.482, peak_memory=38.630 GB, invar_size=35.020 GB, outvar_size=11.345 GB, temp_buffer_size=3.517 GB, available_memory=64.000 GB, comm_cost=0.000)
result[(1, 3, 0, 1), 0] = ModuleProfileResult(compute_cost=225.737, peak_memory=36.426 GB, invar_size=11.345 GB, outvar_size=23.769 GB, temp_buffer_size=1.313 GB, available_memory=64.000 GB, comm_cost=0.000)
result[(1, 3, 0, 1), 1] = ModuleProfileResult(compute_cost=230.482, peak_memory=38.630 GB, invar_size=35.020 GB, outvar_size=11.345 GB, temp_buffer_size=3.517 GB, available_memory=64.000 GB, comm_cost=0.000)
result[(1, 4, 0, 0), 0] = ModuleProfileResult(compute_cost=286.577, peak_memory=46.787 GB, invar_size=14.720 GB, outvar_size=30.614 GB, temp_buffer_size=1.453 GB, available_memory=64.000 GB, comm_cost=0.000)
result[(1, 4, 0, 0), 1] = ModuleProfileResult(compute_cost=295.529, peak_memory=49.366 GB, invar_size=45.240 GB, outvar_size=14.720 GB, temp_buffer_size=4.032 GB, available_memory=64.000 GB, comm_cost=0.000)
result[(1, 4, 0, 1), 0] = ModuleProfileResult(compute_cost=286.577, peak_memory=46.787 GB, invar_size=14.720 GB, outvar_size=30.614 GB, temp_buffer_size=1.453 GB, available_memory=64.000 GB, comm_cost=0.000)
result[(1, 4, 0, 1), 1] = ModuleProfileResult(compute_cost=295.529, peak_memory=49.366 GB, invar_size=45.240 GB, outvar_size=14.720 GB, temp_buffer_size=4.032 GB, available_memory=64.000 GB, comm_cost=0.000)
result[(1, 5, 0, 0), 0] = ModuleProfileResult(compute_cost=347.418, peak_memory=57.147 GB, invar_size=18.095 GB, outvar_size=37.458 GB, temp_buffer_size=1.594 GB, available_memory=64.000 GB, comm_cost=0.000)
result[(1, 5, 0, 0), 1] = ModuleProfileResult(compute_cost=360.575, peak_memory=59.821 GB, invar_size=55.460 GB, outvar_size=18.095 GB, temp_buffer_size=4.267 GB, available_memory=64.000 GB, comm_cost=0.000)
result[(1, 5, 0, 1), 0] = ModuleProfileResult(compute_cost=347.418, peak_memory=57.147 GB, invar_size=18.095 GB, outvar_size=37.458 GB, temp_buffer_size=1.594 GB, available_memory=64.000 GB, comm_cost=0.000)
result[(1, 5, 0, 1), 1] = ModuleProfileResult(compute_cost=360.575, peak_memory=59.821 GB, invar_size=55.460 GB, outvar_size=18.095 GB, temp_buffer_size=4.267 GB, available_memory=64.000 GB, comm_cost=0.000)
result[(1, 6, 0, 0), 0] = ModuleProfileResult(compute_cost=408.258, peak_memory=67.508 GB, invar_size=21.471 GB, outvar_size=44.303 GB, temp_buffer_size=1.734 GB, available_memory=64.000 GB, comm_cost=0.000)
result[(1, 6, 0, 0), 1] = ModuleProfileResult(compute_cost=425.621, peak_memory=70.931 GB, invar_size=65.680 GB, outvar_size=21.471 GB, temp_buffer_size=5.158 GB, available_memory=64.000 GB, comm_cost=0.000)
result[(1, 6, 0, 1), 0] = ModuleProfileResult(compute_cost=408.258, peak_memory=67.508 GB, invar_size=21.471 GB, outvar_size=44.303 GB, temp_buffer_size=1.734 GB, available_memory=64.000 GB, comm_cost=0.000)
result[(1, 6, 0, 1), 1] = ModuleProfileResult(compute_cost=425.621, peak_memory=70.931 GB, invar_size=65.680 GB, outvar_size=21.471 GB, temp_buffer_size=5.158 GB, available_memory=64.000 GB, comm_cost=0.000)
result[(1, 7, 0, 0), 0] = ModuleProfileResult(compute_cost=469.098, peak_memory=77.869 GB, invar_size=24.846 GB, outvar_size=51.148 GB, temp_buffer_size=1.875 GB, available_memory=64.000 GB, comm_cost=0.000)
result[(1, 7, 0, 0), 1] = ModuleProfileResult(compute_cost=490.667, peak_memory=80.542 GB, invar_size=75.900 GB, outvar_size=24.846 GB, temp_buffer_size=4.548 GB, available_memory=64.000 GB, comm_cost=0.000)
result[(1, 7, 0, 1), 0] = ModuleProfileResult(compute_cost=469.098, peak_memory=77.869 GB, invar_size=24.846 GB, outvar_size=51.148 GB, temp_buffer_size=1.875 GB, available_memory=64.000 GB, comm_cost=0.000)
result[(1, 7, 0, 1), 1] = ModuleProfileResult(compute_cost=490.667, peak_memory=80.542 GB, invar_size=75.900 GB, outvar_size=24.846 GB, temp_buffer_size=4.548 GB, available_memory=64.000 GB, comm_cost=0.000)
result[(1, 8, 0, 0), 0] = ModuleProfileResult(compute_cost=529.939, peak_memory=88.229 GB, invar_size=28.221 GB, outvar_size=57.992 GB, temp_buffer_size=2.016 GB, available_memory=64.000 GB, comm_cost=0.000)
result[(1, 8, 0, 0), 1] = ModuleProfileResult(compute_cost=555.713, peak_memory=91.934 GB, invar_size=86.120 GB, outvar_size=28.221 GB, temp_buffer_size=5.721 GB, available_memory=64.000 GB, comm_cost=0.000)
result[(1, 8, 0, 1), 0] = ModuleProfileResult(compute_cost=529.939, peak_memory=88.229 GB, invar_size=28.221 GB, outvar_size=57.992 GB, temp_buffer_size=2.016 GB, available_memory=64.000 GB, comm_cost=0.000)
result[(1, 8, 0, 1), 1] = ModuleProfileResult(compute_cost=555.713, peak_memory=91.934 GB, invar_size=86.120 GB, outvar_size=28.221 GB, temp_buffer_size=5.721 GB, available_memory=64.000 GB, comm_cost=0.000)
result[(1, 9, 0, 0), 0] = ModuleProfileResult(compute_cost=590.779, peak_memory=98.637 GB, invar_size=31.597 GB, outvar_size=64.837 GB, temp_buffer_size=2.203 GB, available_memory=64.000 GB, comm_cost=0.000)
result[(1, 9, 0, 0), 1] = ModuleProfileResult(compute_cost=620.760, peak_memory=102.623 GB, invar_size=96.340 GB, outvar_size=31.597 GB, temp_buffer_size=6.189 GB, available_memory=64.000 GB, comm_cost=0.000)
result[(1, 9, 0, 1), 0] = ModuleProfileResult(compute_cost=590.779, peak_memory=98.637 GB, invar_size=31.597 GB, outvar_size=64.837 GB, temp_buffer_size=2.203 GB, available_memory=64.000 GB, comm_cost=0.000)
result[(1, 9, 0, 1), 1] = ModuleProfileResult(compute_cost=620.760, peak_memory=102.623 GB, invar_size=96.340 GB, outvar_size=31.597 GB, temp_buffer_size=6.189 GB, available_memory=64.000 GB, comm_cost=0.000)
result[(1, 10, 0, 0), 0] = ModuleProfileResult(compute_cost=651.620, peak_memory=108.950 GB, invar_size=34.972 GB, outvar_size=71.682 GB, temp_buffer_size=2.297 GB, available_memory=64.000 GB, comm_cost=0.000)
result[(1, 10, 0, 0), 1] = ModuleProfileResult(compute_cost=685.806, peak_memory=114.061 GB, invar_size=106.560 GB, outvar_size=34.972 GB, temp_buffer_size=7.407 GB, available_memory=64.000 GB, comm_cost=0.000)
result[(1, 10, 0, 1), 0] = ModuleProfileResult(compute_cost=651.620, peak_memory=108.950 GB, invar_size=34.972 GB, outvar_size=71.682 GB, temp_buffer_size=2.297 GB, available_memory=64.000 GB, comm_cost=0.000)
result[(1, 10, 0, 1), 1] = ModuleProfileResult(compute_cost=685.806, peak_memory=114.061 GB, invar_size=106.560 GB, outvar_size=34.972 GB, temp_buffer_size=7.407 GB, available_memory=64.000 GB, comm_cost=0.000)
result[(1, 11, 0, 0), 0] = ModuleProfileResult(compute_cost=669.807, peak_memory=115.236 GB, invar_size=38.372 GB, outvar_size=76.769 GB, temp_buffer_size=0.094 GB, available_memory=64.000 GB, comm_cost=0.000)
result[(1, 11, 0, 0), 1] = ModuleProfileResult(compute_cost=728.143, peak_memory=123.022 GB, invar_size=115.048 GB, outvar_size=38.372 GB, temp_buffer_size=7.880 GB, available_memory=64.000 GB, comm_cost=0.000)
result[(1, 11, 0, 1), 0] = ModuleProfileResult(compute_cost=669.807, peak_memory=115.236 GB, invar_size=38.372 GB, outvar_size=76.769 GB, temp_buffer_size=0.094 GB, available_memory=64.000 GB, comm_cost=0.000)
result[(1, 11, 0, 1), 1] = ModuleProfileResult(compute_cost=728.143, peak_memory=123.022 GB, invar_size=115.048 GB, outvar_size=38.372 GB, temp_buffer_size=7.880 GB, available_memory=64.000 GB, comm_cost=0.000)
result[(2, 2, 0, 0), 0] = ModuleProfileResult(compute_cost=103.868, peak_memory=15.612 GB, invar_size=4.594 GB, outvar_size=9.986 GB, temp_buffer_size=1.031 GB, available_memory=64.000 GB, comm_cost=0.000)
result[(2, 2, 0, 0), 1] = ModuleProfileResult(compute_cost=100.109, peak_memory=16.643 GB, invar_size=14.486 GB, outvar_size=4.594 GB, temp_buffer_size=2.063 GB, available_memory=64.000 GB, comm_cost=0.000)
result[(2, 2, 0, 1), 0] = ModuleProfileResult(compute_cost=103.868, peak_memory=15.612 GB, invar_size=4.594 GB, outvar_size=9.986 GB, temp_buffer_size=1.031 GB, available_memory=64.000 GB, comm_cost=0.000)
result[(2, 2, 0, 1), 1] = ModuleProfileResult(compute_cost=100.109, peak_memory=16.643 GB, invar_size=14.486 GB, outvar_size=4.594 GB, temp_buffer_size=2.063 GB, available_memory=64.000 GB, comm_cost=0.000)
result[(2, 3, 0, 0), 0] = ModuleProfileResult(compute_cost=164.709, peak_memory=25.785 GB, invar_size=7.970 GB, outvar_size=16.831 GB, temp_buffer_size=0.984 GB, available_memory=64.000 GB, comm_cost=0.000)
result[(2, 3, 0, 0), 1] = ModuleProfileResult(compute_cost=165.155, peak_memory=27.473 GB, invar_size=24.706 GB, outvar_size=7.969 GB, temp_buffer_size=2.673 GB, available_memory=64.000 GB, comm_cost=0.000)
result[(2, 3, 0, 1), 0] = ModuleProfileResult(compute_cost=164.709, peak_memory=25.785 GB, invar_size=7.970 GB, outvar_size=16.831 GB, temp_buffer_size=0.984 GB, available_memory=64.000 GB, comm_cost=0.000)
result[(2, 3, 0, 1), 1] = ModuleProfileResult(compute_cost=165.155, peak_memory=27.473 GB, invar_size=24.706 GB, outvar_size=7.969 GB, temp_buffer_size=2.673 GB, available_memory=64.000 GB, comm_cost=0.000)
result[(2, 4, 0, 0), 0] = ModuleProfileResult(compute_cost=225.549, peak_memory=36.192 GB, invar_size=11.345 GB, outvar_size=23.675 GB, temp_buffer_size=1.172 GB, available_memory=64.000 GB, comm_cost=0.000)
result[(2, 4, 0, 0), 1] = ModuleProfileResult(compute_cost=230.201, peak_memory=38.396 GB, invar_size=34.926 GB, outvar_size=11.345 GB, temp_buffer_size=3.376 GB, available_memory=64.000 GB, comm_cost=0.000)
result[(2, 4, 0, 1), 0] = ModuleProfileResult(compute_cost=225.549, peak_memory=36.192 GB, invar_size=11.345 GB, outvar_size=23.675 GB, temp_buffer_size=1.172 GB, available_memory=64.000 GB, comm_cost=0.000)
result[(2, 4, 0, 1), 1] = ModuleProfileResult(compute_cost=230.201, peak_memory=38.396 GB, invar_size=34.926 GB, outvar_size=11.345 GB, temp_buffer_size=3.376 GB, available_memory=64.000 GB, comm_cost=0.000)
result[(2, 5, 0, 0), 0] = ModuleProfileResult(compute_cost=286.390, peak_memory=46.553 GB, invar_size=14.720 GB, outvar_size=30.520 GB, temp_buffer_size=1.313 GB, available_memory=64.000 GB, comm_cost=0.000)
result[(2, 5, 0, 0), 1] = ModuleProfileResult(compute_cost=295.248, peak_memory=49.647 GB, invar_size=45.146 GB, outvar_size=14.720 GB, temp_buffer_size=4.407 GB, available_memory=64.000 GB, comm_cost=0.000)
result[(2, 5, 0, 1), 0] = ModuleProfileResult(compute_cost=286.390, peak_memory=46.553 GB, invar_size=14.720 GB, outvar_size=30.520 GB, temp_buffer_size=1.313 GB, available_memory=64.000 GB, comm_cost=0.000)
result[(2, 5, 0, 1), 1] = ModuleProfileResult(compute_cost=295.248, peak_memory=49.647 GB, invar_size=45.146 GB, outvar_size=14.720 GB, temp_buffer_size=4.407 GB, available_memory=64.000 GB, comm_cost=0.000)
result[(2, 6, 0, 0), 0] = ModuleProfileResult(compute_cost=347.230, peak_memory=56.913 GB, invar_size=18.095 GB, outvar_size=37.365 GB, temp_buffer_size=1.453 GB, available_memory=64.000 GB, comm_cost=0.000)
result[(2, 6, 0, 0), 1] = ModuleProfileResult(compute_cost=360.294, peak_memory=59.727 GB, invar_size=55.366 GB, outvar_size=18.095 GB, temp_buffer_size=4.267 GB, available_memory=64.000 GB, comm_cost=0.000)
result[(2, 6, 0, 1), 0] = ModuleProfileResult(compute_cost=347.230, peak_memory=56.913 GB, invar_size=18.095 GB, outvar_size=37.365 GB, temp_buffer_size=1.453 GB, available_memory=64.000 GB, comm_cost=0.000)
result[(2, 6, 0, 1), 1] = ModuleProfileResult(compute_cost=360.294, peak_memory=59.727 GB, invar_size=55.366 GB, outvar_size=18.095 GB, temp_buffer_size=4.267 GB, available_memory=64.000 GB, comm_cost=0.000)
result[(2, 7, 0, 0), 0] = ModuleProfileResult(compute_cost=408.070, peak_memory=67.274 GB, invar_size=21.471 GB, outvar_size=44.209 GB, temp_buffer_size=1.595 GB, available_memory=64.000 GB, comm_cost=0.000)
result[(2, 7, 0, 0), 1] = ModuleProfileResult(compute_cost=425.340, peak_memory=70.181 GB, invar_size=65.586 GB, outvar_size=21.471 GB, temp_buffer_size=4.501 GB, available_memory=64.000 GB, comm_cost=0.000)
result[(2, 7, 0, 1), 0] = ModuleProfileResult(compute_cost=408.070, peak_memory=67.274 GB, invar_size=21.471 GB, outvar_size=44.209 GB, temp_buffer_size=1.595 GB, available_memory=64.000 GB, comm_cost=0.000)
result[(2, 7, 0, 1), 1] = ModuleProfileResult(compute_cost=425.340, peak_memory=70.181 GB, invar_size=65.586 GB, outvar_size=21.471 GB, temp_buffer_size=4.501 GB, available_memory=64.000 GB, comm_cost=0.000)
result[(2, 8, 0, 0), 0] = ModuleProfileResult(compute_cost=468.911, peak_memory=77.635 GB, invar_size=24.846 GB, outvar_size=51.054 GB, temp_buffer_size=1.735 GB, available_memory=64.000 GB, comm_cost=0.000)
result[(2, 8, 0, 0), 1] = ModuleProfileResult(compute_cost=490.386, peak_memory=80.729 GB, invar_size=75.806 GB, outvar_size=24.846 GB, temp_buffer_size=4.829 GB, available_memory=64.000 GB, comm_cost=0.000)
result[(2, 8, 0, 1), 0] = ModuleProfileResult(compute_cost=468.911, peak_memory=77.635 GB, invar_size=24.846 GB, outvar_size=51.054 GB, temp_buffer_size=1.735 GB, available_memory=64.000 GB, comm_cost=0.000)
result[(2, 8, 0, 1), 1] = ModuleProfileResult(compute_cost=490.386, peak_memory=80.729 GB, invar_size=75.806 GB, outvar_size=24.846 GB, temp_buffer_size=4.829 GB, available_memory=64.000 GB, comm_cost=0.000)
result[(2, 9, 0, 0), 0] = ModuleProfileResult(compute_cost=529.751, peak_memory=87.996 GB, invar_size=28.221 GB, outvar_size=57.898 GB, temp_buffer_size=1.876 GB, available_memory=64.000 GB, comm_cost=0.000)
result[(2, 9, 0, 0), 1] = ModuleProfileResult(compute_cost=555.432, peak_memory=92.028 GB, invar_size=86.026 GB, outvar_size=28.221 GB, temp_buffer_size=5.908 GB, available_memory=64.000 GB, comm_cost=0.000)
result[(2, 9, 0, 1), 0] = ModuleProfileResult(compute_cost=529.751, peak_memory=87.996 GB, invar_size=28.221 GB, outvar_size=57.898 GB, temp_buffer_size=1.876 GB, available_memory=64.000 GB, comm_cost=0.000)
result[(2, 9, 0, 1), 1] = ModuleProfileResult(compute_cost=555.432, peak_memory=92.028 GB, invar_size=86.026 GB, outvar_size=28.221 GB, temp_buffer_size=5.908 GB, available_memory=64.000 GB, comm_cost=0.000)
result[(2, 10, 0, 0), 0] = ModuleProfileResult(compute_cost=590.592, peak_memory=98.356 GB, invar_size=31.597 GB, outvar_size=64.743 GB, temp_buffer_size=2.016 GB, available_memory=64.000 GB, comm_cost=0.000)
result[(2, 10, 0, 0), 1] = ModuleProfileResult(compute_cost=620.479, peak_memory=102.669 GB, invar_size=96.246 GB, outvar_size=31.597 GB, temp_buffer_size=6.330 GB, available_memory=64.000 GB, comm_cost=0.000)
result[(2, 10, 0, 1), 0] = ModuleProfileResult(compute_cost=590.592, peak_memory=98.356 GB, invar_size=31.597 GB, outvar_size=64.743 GB, temp_buffer_size=2.016 GB, available_memory=64.000 GB, comm_cost=0.000)
result[(2, 10, 0, 1), 1] = ModuleProfileResult(compute_cost=620.479, peak_memory=102.669 GB, invar_size=96.246 GB, outvar_size=31.597 GB, temp_buffer_size=6.330 GB, available_memory=64.000 GB, comm_cost=0.000)
result[(2, 11, 0, 0), 0] = ModuleProfileResult(compute_cost=608.779, peak_memory=104.922 GB, invar_size=34.997 GB, outvar_size=69.831 GB, temp_buffer_size=0.094 GB, available_memory=64.000 GB, comm_cost=0.000)
result[(2, 11, 0, 0), 1] = ModuleProfileResult(compute_cost=662.816, peak_memory=112.287 GB, invar_size=104.734 GB, outvar_size=34.997 GB, temp_buffer_size=7.459 GB, available_memory=64.000 GB, comm_cost=0.000)
result[(2, 11, 0, 1), 0] = ModuleProfileResult(compute_cost=608.779, peak_memory=104.922 GB, invar_size=34.997 GB, outvar_size=69.831 GB, temp_buffer_size=0.094 GB, available_memory=64.000 GB, comm_cost=0.000)
result[(2, 11, 0, 1), 1] = ModuleProfileResult(compute_cost=662.816, peak_memory=112.287 GB, invar_size=104.734 GB, outvar_size=34.997 GB, temp_buffer_size=7.459 GB, available_memory=64.000 GB, comm_cost=0.000)
result[(3, 3, 0, 0), 0] = ModuleProfileResult(compute_cost=60.840, peak_memory=11.298 GB, invar_size=3.469 GB, outvar_size=6.938 GB, temp_buffer_size=0.891 GB, available_memory=64.000 GB, comm_cost=0.000)
result[(3, 3, 0, 0), 1] = ModuleProfileResult(compute_cost=65.046, peak_memory=11.908 GB, invar_size=10.314 GB, outvar_size=3.469 GB, temp_buffer_size=1.501 GB, available_memory=64.000 GB, comm_cost=0.000)
result[(3, 3, 0, 1), 0] = ModuleProfileResult(compute_cost=60.840, peak_memory=11.298 GB, invar_size=3.469 GB, outvar_size=6.938 GB, temp_buffer_size=0.891 GB, available_memory=64.000 GB, comm_cost=0.000)
result[(3, 3, 0, 1), 1] = ModuleProfileResult(compute_cost=65.046, peak_memory=11.908 GB, invar_size=10.314 GB, outvar_size=3.469 GB, temp_buffer_size=1.501 GB, available_memory=64.000 GB, comm_cost=0.000)
result[(3, 4, 0, 0), 0] = ModuleProfileResult(compute_cost=121.681, peak_memory=21.612 GB, invar_size=6.844 GB, outvar_size=13.783 GB, temp_buffer_size=0.984 GB, available_memory=64.000 GB, comm_cost=0.000)
result[(3, 4, 0, 0), 1] = ModuleProfileResult(compute_cost=130.092, peak_memory=23.065 GB, invar_size=20.534 GB, outvar_size=6.844 GB, temp_buffer_size=2.438 GB, available_memory=64.000 GB, comm_cost=0.000)
result[(3, 4, 0, 1), 0] = ModuleProfileResult(compute_cost=121.681, peak_memory=21.612 GB, invar_size=6.844 GB, outvar_size=13.783 GB, temp_buffer_size=0.984 GB, available_memory=64.000 GB, comm_cost=0.000)
result[(3, 4, 0, 1), 1] = ModuleProfileResult(compute_cost=130.092, peak_memory=23.065 GB, invar_size=20.534 GB, outvar_size=6.844 GB, temp_buffer_size=2.438 GB, available_memory=64.000 GB, comm_cost=0.000)
result[(3, 5, 0, 0), 0] = ModuleProfileResult(compute_cost=182.521, peak_memory=31.832 GB, invar_size=10.220 GB, outvar_size=20.628 GB, temp_buffer_size=0.984 GB, available_memory=64.000 GB, comm_cost=0.000)
result[(3, 5, 0, 0), 1] = ModuleProfileResult(compute_cost=195.139, peak_memory=34.316 GB, invar_size=30.754 GB, outvar_size=10.220 GB, temp_buffer_size=3.469 GB, available_memory=64.000 GB, comm_cost=0.000)
result[(3, 5, 0, 1), 0] = ModuleProfileResult(compute_cost=182.521, peak_memory=31.832 GB, invar_size=10.220 GB, outvar_size=20.628 GB, temp_buffer_size=0.984 GB, available_memory=64.000 GB, comm_cost=0.000)
result[(3, 5, 0, 1), 1] = ModuleProfileResult(compute_cost=195.139, peak_memory=34.316 GB, invar_size=30.754 GB, outvar_size=10.220 GB, temp_buffer_size=3.469 GB, available_memory=64.000 GB, comm_cost=0.000)
result[(3, 6, 0, 0), 0] = ModuleProfileResult(compute_cost=243.362, peak_memory=42.192 GB, invar_size=13.595 GB, outvar_size=27.472 GB, temp_buffer_size=1.125 GB, available_memory=64.000 GB, comm_cost=0.000)
result[(3, 6, 0, 0), 1] = ModuleProfileResult(compute_cost=260.185, peak_memory=45.380 GB, invar_size=40.973 GB, outvar_size=13.595 GB, temp_buffer_size=4.313 GB, available_memory=64.000 GB, comm_cost=0.000)
result[(3, 6, 0, 1), 0] = ModuleProfileResult(compute_cost=243.362, peak_memory=42.192 GB, invar_size=13.595 GB, outvar_size=27.472 GB, temp_buffer_size=1.125 GB, available_memory=64.000 GB, comm_cost=0.000)
result[(3, 6, 0, 1), 1] = ModuleProfileResult(compute_cost=260.185, peak_memory=45.380 GB, invar_size=40.973 GB, outvar_size=13.595 GB, temp_buffer_size=4.313 GB, available_memory=64.000 GB, comm_cost=0.000)
result[(3, 7, 0, 0), 0] = ModuleProfileResult(compute_cost=304.202, peak_memory=52.553 GB, invar_size=16.970 GB, outvar_size=34.317 GB, temp_buffer_size=1.266 GB, available_memory=64.000 GB, comm_cost=0.000)
result[(3, 7, 0, 0), 1] = ModuleProfileResult(compute_cost=325.231, peak_memory=55.647 GB, invar_size=51.193 GB, outvar_size=16.970 GB, temp_buffer_size=4.360 GB, available_memory=64.000 GB, comm_cost=0.000)
result[(3, 7, 0, 1), 0] = ModuleProfileResult(compute_cost=304.202, peak_memory=52.553 GB, invar_size=16.970 GB, outvar_size=34.317 GB, temp_buffer_size=1.266 GB, available_memory=64.000 GB, comm_cost=0.000)
result[(3, 7, 0, 1), 1] = ModuleProfileResult(compute_cost=325.231, peak_memory=55.647 GB, invar_size=51.193 GB, outvar_size=16.970 GB, temp_buffer_size=4.360 GB, available_memory=64.000 GB, comm_cost=0.000)
result[(3, 8, 0, 0), 0] = ModuleProfileResult(compute_cost=365.043, peak_memory=62.913 GB, invar_size=20.346 GB, outvar_size=41.162 GB, temp_buffer_size=1.406 GB, available_memory=64.000 GB, comm_cost=0.000)
result[(3, 8, 0, 0), 1] = ModuleProfileResult(compute_cost=390.277, peak_memory=66.054 GB, invar_size=61.413 GB, outvar_size=20.346 GB, temp_buffer_size=4.547 GB, available_memory=64.000 GB, comm_cost=0.000)
result[(3, 8, 0, 1), 0] = ModuleProfileResult(compute_cost=365.043, peak_memory=62.913 GB, invar_size=20.346 GB, outvar_size=41.162 GB, temp_buffer_size=1.406 GB, available_memory=64.000 GB, comm_cost=0.000)
result[(3, 8, 0, 1), 1] = ModuleProfileResult(compute_cost=390.277, peak_memory=66.054 GB, invar_size=61.413 GB, outvar_size=20.346 GB, temp_buffer_size=4.547 GB, available_memory=64.000 GB, comm_cost=0.000)
result[(3, 9, 0, 0), 0] = ModuleProfileResult(compute_cost=425.883, peak_memory=73.274 GB, invar_size=23.721 GB, outvar_size=48.006 GB, temp_buffer_size=1.547 GB, available_memory=64.000 GB, comm_cost=0.000)
result[(3, 9, 0, 0), 1] = ModuleProfileResult(compute_cost=455.323, peak_memory=76.649 GB, invar_size=71.633 GB, outvar_size=23.721 GB, temp_buffer_size=4.922 GB, available_memory=64.000 GB, comm_cost=0.000)
result[(3, 9, 0, 1), 0] = ModuleProfileResult(compute_cost=425.883, peak_memory=73.274 GB, invar_size=23.721 GB, outvar_size=48.006 GB, temp_buffer_size=1.547 GB, available_memory=64.000 GB, comm_cost=0.000)
result[(3, 9, 0, 1), 1] = ModuleProfileResult(compute_cost=455.323, peak_memory=76.649 GB, invar_size=71.633 GB, outvar_size=23.721 GB, temp_buffer_size=4.922 GB, available_memory=64.000 GB, comm_cost=0.000)
result[(3, 10, 0, 0), 0] = ModuleProfileResult(compute_cost=486.723, peak_memory=83.635 GB, invar_size=27.096 GB, outvar_size=54.851 GB, temp_buffer_size=1.688 GB, available_memory=64.000 GB, comm_cost=0.000)
result[(3, 10, 0, 0), 1] = ModuleProfileResult(compute_cost=520.370, peak_memory=86.072 GB, invar_size=81.853 GB, outvar_size=27.096 GB, temp_buffer_size=4.125 GB, available_memory=64.000 GB, comm_cost=0.000)
result[(3, 10, 0, 1), 0] = ModuleProfileResult(compute_cost=486.723, peak_memory=83.635 GB, invar_size=27.096 GB, outvar_size=54.851 GB, temp_buffer_size=1.688 GB, available_memory=64.000 GB, comm_cost=0.000)
result[(3, 10, 0, 1), 1] = ModuleProfileResult(compute_cost=520.370, peak_memory=86.072 GB, invar_size=81.853 GB, outvar_size=27.096 GB, temp_buffer_size=4.125 GB, available_memory=64.000 GB, comm_cost=0.000)
result[(3, 11, 0, 0), 0] = ModuleProfileResult(compute_cost=504.911, peak_memory=90.483 GB, invar_size=30.497 GB, outvar_size=59.939 GB, temp_buffer_size=0.047 GB, available_memory=64.000 GB, comm_cost=0.000)
result[(3, 11, 0, 0), 1] = ModuleProfileResult(compute_cost=562.707, peak_memory=96.582 GB, invar_size=90.342 GB, outvar_size=30.497 GB, temp_buffer_size=6.147 GB, available_memory=64.000 GB, comm_cost=0.000)
result[(3, 11, 0, 1), 0] = ModuleProfileResult(compute_cost=504.911, peak_memory=90.483 GB, invar_size=30.497 GB, outvar_size=59.939 GB, temp_buffer_size=0.047 GB, available_memory=64.000 GB, comm_cost=0.000)
result[(3, 11, 0, 1), 1] = ModuleProfileResult(compute_cost=562.707, peak_memory=96.582 GB, invar_size=90.342 GB, outvar_size=30.497 GB, temp_buffer_size=6.147 GB, available_memory=64.000 GB, comm_cost=0.000)
result[(4, 4, 0, 0), 0] = ModuleProfileResult(compute_cost=60.840, peak_memory=11.298 GB, invar_size=3.469 GB, outvar_size=6.938 GB, temp_buffer_size=0.891 GB, available_memory=64.000 GB, comm_cost=0.000)
result[(4, 4, 0, 0), 1] = ModuleProfileResult(compute_cost=65.046, peak_memory=11.908 GB, invar_size=10.314 GB, outvar_size=3.469 GB, temp_buffer_size=1.501 GB, available_memory=64.000 GB, comm_cost=0.000)
result[(4, 4, 0, 1), 0] = ModuleProfileResult(compute_cost=60.840, peak_memory=11.298 GB, invar_size=3.469 GB, outvar_size=6.938 GB, temp_buffer_size=0.891 GB, available_memory=64.000 GB, comm_cost=0.000)
result[(4, 4, 0, 1), 1] = ModuleProfileResult(compute_cost=65.046, peak_memory=11.908 GB, invar_size=10.314 GB, outvar_size=3.469 GB, temp_buffer_size=1.501 GB, available_memory=64.000 GB, comm_cost=0.000)
result[(4, 5, 0, 0), 0] = ModuleProfileResult(compute_cost=121.681, peak_memory=21.612 GB, invar_size=6.844 GB, outvar_size=13.783 GB, temp_buffer_size=0.984 GB, available_memory=64.000 GB, comm_cost=0.000)
result[(4, 5, 0, 0), 1] = ModuleProfileResult(compute_cost=130.092, peak_memory=23.065 GB, invar_size=20.534 GB, outvar_size=6.844 GB, temp_buffer_size=2.438 GB, available_memory=64.000 GB, comm_cost=0.000)
result[(4, 5, 0, 1), 0] = ModuleProfileResult(compute_cost=121.681, peak_memory=21.612 GB, invar_size=6.844 GB, outvar_size=13.783 GB, temp_buffer_size=0.984 GB, available_memory=64.000 GB, comm_cost=0.000)
result[(4, 5, 0, 1), 1] = ModuleProfileResult(compute_cost=130.092, peak_memory=23.065 GB, invar_size=20.534 GB, outvar_size=6.844 GB, temp_buffer_size=2.438 GB, available_memory=64.000 GB, comm_cost=0.000)
result[(4, 6, 0, 0), 0] = ModuleProfileResult(compute_cost=182.521, peak_memory=31.832 GB, invar_size=10.220 GB, outvar_size=20.628 GB, temp_buffer_size=0.984 GB, available_memory=64.000 GB, comm_cost=0.000)
result[(4, 6, 0, 0), 1] = ModuleProfileResult(compute_cost=195.139, peak_memory=34.316 GB, invar_size=30.754 GB, outvar_size=10.220 GB, temp_buffer_size=3.469 GB, available_memory=64.000 GB, comm_cost=0.000)
result[(4, 6, 0, 1), 0] = ModuleProfileResult(compute_cost=182.521, peak_memory=31.832 GB, invar_size=10.220 GB, outvar_size=20.628 GB, temp_buffer_size=0.984 GB, available_memory=64.000 GB, comm_cost=0.000)
result[(4, 6, 0, 1), 1] = ModuleProfileResult(compute_cost=195.139, peak_memory=34.316 GB, invar_size=30.754 GB, outvar_size=10.220 GB, temp_buffer_size=3.469 GB, available_memory=64.000 GB, comm_cost=0.000)
result[(4, 7, 0, 0), 0] = ModuleProfileResult(compute_cost=243.362, peak_memory=42.192 GB, invar_size=13.595 GB, outvar_size=27.472 GB, temp_buffer_size=1.125 GB, available_memory=64.000 GB, comm_cost=0.000)
result[(4, 7, 0, 0), 1] = ModuleProfileResult(compute_cost=260.185, peak_memory=45.380 GB, invar_size=40.973 GB, outvar_size=13.595 GB, temp_buffer_size=4.313 GB, available_memory=64.000 GB, comm_cost=0.000)
result[(4, 7, 0, 1), 0] = ModuleProfileResult(compute_cost=243.362, peak_memory=42.192 GB, invar_size=13.595 GB, outvar_size=27.472 GB, temp_buffer_size=1.125 GB, available_memory=64.000 GB, comm_cost=0.000)
result[(4, 7, 0, 1), 1] = ModuleProfileResult(compute_cost=260.185, peak_memory=45.380 GB, invar_size=40.973 GB, outvar_size=13.595 GB, temp_buffer_size=4.313 GB, available_memory=64.000 GB, comm_cost=0.000)
result[(4, 8, 0, 0), 0] = ModuleProfileResult(compute_cost=304.202, peak_memory=52.553 GB, invar_size=16.970 GB, outvar_size=34.317 GB, temp_buffer_size=1.266 GB, available_memory=64.000 GB, comm_cost=0.000)
result[(4, 8, 0, 0), 1] = ModuleProfileResult(compute_cost=325.231, peak_memory=55.647 GB, invar_size=51.193 GB, outvar_size=16.970 GB, temp_buffer_size=4.360 GB, available_memory=64.000 GB, comm_cost=0.000)
result[(4, 8, 0, 1), 0] = ModuleProfileResult(compute_cost=304.202, peak_memory=52.553 GB, invar_size=16.970 GB, outvar_size=34.317 GB, temp_buffer_size=1.266 GB, available_memory=64.000 GB, comm_cost=0.000)
result[(4, 8, 0, 1), 1] = ModuleProfileResult(compute_cost=325.231, peak_memory=55.647 GB, invar_size=51.193 GB, outvar_size=16.970 GB, temp_buffer_size=4.360 GB, available_memory=64.000 GB, comm_cost=0.000)
result[(4, 9, 0, 0), 0] = ModuleProfileResult(compute_cost=365.043, peak_memory=62.913 GB, invar_size=20.346 GB, outvar_size=41.162 GB, temp_buffer_size=1.406 GB, available_memory=64.000 GB, comm_cost=0.000)
result[(4, 9, 0, 0), 1] = ModuleProfileResult(compute_cost=390.277, peak_memory=66.054 GB, invar_size=61.413 GB, outvar_size=20.346 GB, temp_buffer_size=4.547 GB, available_memory=64.000 GB, comm_cost=0.000)
result[(4, 9, 0, 1), 0] = ModuleProfileResult(compute_cost=365.043, peak_memory=62.913 GB, invar_size=20.346 GB, outvar_size=41.162 GB, temp_buffer_size=1.406 GB, available_memory=64.000 GB, comm_cost=0.000)
result[(4, 9, 0, 1), 1] = ModuleProfileResult(compute_cost=390.277, peak_memory=66.054 GB, invar_size=61.413 GB, outvar_size=20.346 GB, temp_buffer_size=4.547 GB, available_memory=64.000 GB, comm_cost=0.000)
result[(4, 10, 0, 0), 0] = ModuleProfileResult(compute_cost=425.883, peak_memory=73.274 GB, invar_size=23.721 GB, outvar_size=48.006 GB, temp_buffer_size=1.547 GB, available_memory=64.000 GB, comm_cost=0.000)
result[(4, 10, 0, 0), 1] = ModuleProfileResult(compute_cost=455.323, peak_memory=76.649 GB, invar_size=71.633 GB, outvar_size=23.721 GB, temp_buffer_size=4.922 GB, available_memory=64.000 GB, comm_cost=0.000)
result[(4, 10, 0, 1), 0] = ModuleProfileResult(compute_cost=425.883, peak_memory=73.274 GB, invar_size=23.721 GB, outvar_size=48.006 GB, temp_buffer_size=1.547 GB, available_memory=64.000 GB, comm_cost=0.000)
result[(4, 10, 0, 1), 1] = ModuleProfileResult(compute_cost=455.323, peak_memory=76.649 GB, invar_size=71.633 GB, outvar_size=23.721 GB, temp_buffer_size=4.922 GB, available_memory=64.000 GB, comm_cost=0.000)
result[(4, 11, 0, 0), 0] = ModuleProfileResult(compute_cost=444.070, peak_memory=80.263 GB, invar_size=27.121 GB, outvar_size=53.094 GB, temp_buffer_size=0.047 GB, available_memory=64.000 GB, comm_cost=0.000)
result[(4, 11, 0, 0), 1] = ModuleProfileResult(compute_cost=497.661, peak_memory=85.705 GB, invar_size=80.122 GB, outvar_size=27.121 GB, temp_buffer_size=5.489 GB, available_memory=64.000 GB, comm_cost=0.000)
result[(4, 11, 0, 1), 0] = ModuleProfileResult(compute_cost=444.070, peak_memory=80.263 GB, invar_size=27.121 GB, outvar_size=53.094 GB, temp_buffer_size=0.047 GB, available_memory=64.000 GB, comm_cost=0.000)
result[(4, 11, 0, 1), 1] = ModuleProfileResult(compute_cost=497.661, peak_memory=85.705 GB, invar_size=80.122 GB, outvar_size=27.121 GB, temp_buffer_size=5.489 GB, available_memory=64.000 GB, comm_cost=0.000)
result[(5, 5, 0, 0), 0] = ModuleProfileResult(compute_cost=60.840, peak_memory=11.298 GB, invar_size=3.469 GB, outvar_size=6.938 GB, temp_buffer_size=0.891 GB, available_memory=64.000 GB, comm_cost=0.000)
result[(5, 5, 0, 0), 1] = ModuleProfileResult(compute_cost=65.046, peak_memory=11.908 GB, invar_size=10.314 GB, outvar_size=3.469 GB, temp_buffer_size=1.501 GB, available_memory=64.000 GB, comm_cost=0.000)
result[(5, 5, 0, 1), 0] = ModuleProfileResult(compute_cost=60.840, peak_memory=11.298 GB, invar_size=3.469 GB, outvar_size=6.938 GB, temp_buffer_size=0.891 GB, available_memory=64.000 GB, comm_cost=0.000)
result[(5, 5, 0, 1), 1] = ModuleProfileResult(compute_cost=65.046, peak_memory=11.908 GB, invar_size=10.314 GB, outvar_size=3.469 GB, temp_buffer_size=1.501 GB, available_memory=64.000 GB, comm_cost=0.000)
result[(5, 6, 0, 0), 0] = ModuleProfileResult(compute_cost=121.681, peak_memory=21.612 GB, invar_size=6.844 GB, outvar_size=13.783 GB, temp_buffer_size=0.984 GB, available_memory=64.000 GB, comm_cost=0.000)
result[(5, 6, 0, 0), 1] = ModuleProfileResult(compute_cost=130.092, peak_memory=23.065 GB, invar_size=20.534 GB, outvar_size=6.844 GB, temp_buffer_size=2.438 GB, available_memory=64.000 GB, comm_cost=0.000)
result[(5, 6, 0, 1), 0] = ModuleProfileResult(compute_cost=121.681, peak_memory=21.612 GB, invar_size=6.844 GB, outvar_size=13.783 GB, temp_buffer_size=0.984 GB, available_memory=64.000 GB, comm_cost=0.000)
result[(5, 6, 0, 1), 1] = ModuleProfileResult(compute_cost=130.092, peak_memory=23.065 GB, invar_size=20.534 GB, outvar_size=6.844 GB, temp_buffer_size=2.438 GB, available_memory=64.000 GB, comm_cost=0.000)
result[(5, 7, 0, 0), 0] = ModuleProfileResult(compute_cost=182.521, peak_memory=31.832 GB, invar_size=10.220 GB, outvar_size=20.628 GB, temp_buffer_size=0.984 GB, available_memory=64.000 GB, comm_cost=0.000)
result[(5, 7, 0, 0), 1] = ModuleProfileResult(compute_cost=195.139, peak_memory=34.316 GB, invar_size=30.754 GB, outvar_size=10.220 GB, temp_buffer_size=3.469 GB, available_memory=64.000 GB, comm_cost=0.000)
result[(5, 7, 0, 1), 0] = ModuleProfileResult(compute_cost=182.521, peak_memory=31.832 GB, invar_size=10.220 GB, outvar_size=20.628 GB, temp_buffer_size=0.984 GB, available_memory=64.000 GB, comm_cost=0.000)
result[(5, 7, 0, 1), 1] = ModuleProfileResult(compute_cost=195.139, peak_memory=34.316 GB, invar_size=30.754 GB, outvar_size=10.220 GB, temp_buffer_size=3.469 GB, available_memory=64.000 GB, comm_cost=0.000)
result[(5, 8, 0, 0), 0] = ModuleProfileResult(compute_cost=243.362, peak_memory=42.192 GB, invar_size=13.595 GB, outvar_size=27.472 GB, temp_buffer_size=1.125 GB, available_memory=64.000 GB, comm_cost=0.000)
result[(5, 8, 0, 0), 1] = ModuleProfileResult(compute_cost=260.185, peak_memory=45.380 GB, invar_size=40.973 GB, outvar_size=13.595 GB, temp_buffer_size=4.313 GB, available_memory=64.000 GB, comm_cost=0.000)
result[(5, 8, 0, 1), 0] = ModuleProfileResult(compute_cost=243.362, peak_memory=42.192 GB, invar_size=13.595 GB, outvar_size=27.472 GB, temp_buffer_size=1.125 GB, available_memory=64.000 GB, comm_cost=0.000)
result[(5, 8, 0, 1), 1] = ModuleProfileResult(compute_cost=260.185, peak_memory=45.380 GB, invar_size=40.973 GB, outvar_size=13.595 GB, temp_buffer_size=4.313 GB, available_memory=64.000 GB, comm_cost=0.000)
result[(5, 9, 0, 0), 0] = ModuleProfileResult(compute_cost=304.202, peak_memory=52.553 GB, invar_size=16.970 GB, outvar_size=34.317 GB, temp_buffer_size=1.266 GB, available_memory=64.000 GB, comm_cost=0.000)
result[(5, 9, 0, 0), 1] = ModuleProfileResult(compute_cost=325.231, peak_memory=55.647 GB, invar_size=51.193 GB, outvar_size=16.970 GB, temp_buffer_size=4.360 GB, available_memory=64.000 GB, comm_cost=0.000)
result[(5, 9, 0, 1), 0] = ModuleProfileResult(compute_cost=304.202, peak_memory=52.553 GB, invar_size=16.970 GB, outvar_size=34.317 GB, temp_buffer_size=1.266 GB, available_memory=64.000 GB, comm_cost=0.000)
result[(5, 9, 0, 1), 1] = ModuleProfileResult(compute_cost=325.231, peak_memory=55.647 GB, invar_size=51.193 GB, outvar_size=16.970 GB, temp_buffer_size=4.360 GB, available_memory=64.000 GB, comm_cost=0.000)
result[(5, 10, 0, 0), 0] = ModuleProfileResult(compute_cost=365.043, peak_memory=62.913 GB, invar_size=20.346 GB, outvar_size=41.162 GB, temp_buffer_size=1.406 GB, available_memory=64.000 GB, comm_cost=0.000)
result[(5, 10, 0, 0), 1] = ModuleProfileResult(compute_cost=390.277, peak_memory=66.054 GB, invar_size=61.413 GB, outvar_size=20.346 GB, temp_buffer_size=4.547 GB, available_memory=64.000 GB, comm_cost=0.000)
result[(5, 10, 0, 1), 0] = ModuleProfileResult(compute_cost=365.043, peak_memory=62.913 GB, invar_size=20.346 GB, outvar_size=41.162 GB, temp_buffer_size=1.406 GB, available_memory=64.000 GB, comm_cost=0.000)
result[(5, 10, 0, 1), 1] = ModuleProfileResult(compute_cost=390.277, peak_memory=66.054 GB, invar_size=61.413 GB, outvar_size=20.346 GB, temp_buffer_size=4.547 GB, available_memory=64.000 GB, comm_cost=0.000)
result[(5, 11, 0, 0), 0] = ModuleProfileResult(compute_cost=383.230, peak_memory=70.043 GB, invar_size=23.746 GB, outvar_size=46.250 GB, temp_buffer_size=0.047 GB, available_memory=64.000 GB, comm_cost=0.000)
result[(5, 11, 0, 0), 1] = ModuleProfileResult(compute_cost=432.615, peak_memory=75.344 GB, invar_size=69.902 GB, outvar_size=23.746 GB, temp_buffer_size=5.349 GB, available_memory=64.000 GB, comm_cost=0.000)
result[(5, 11, 0, 1), 0] = ModuleProfileResult(compute_cost=383.230, peak_memory=70.043 GB, invar_size=23.746 GB, outvar_size=46.250 GB, temp_buffer_size=0.047 GB, available_memory=64.000 GB, comm_cost=0.000)
result[(5, 11, 0, 1), 1] = ModuleProfileResult(compute_cost=432.615, peak_memory=75.344 GB, invar_size=69.902 GB, outvar_size=23.746 GB, temp_buffer_size=5.349 GB, available_memory=64.000 GB, comm_cost=0.000)
result[(6, 6, 0, 0), 0] = ModuleProfileResult(compute_cost=60.840, peak_memory=11.298 GB, invar_size=3.469 GB, outvar_size=6.938 GB, temp_buffer_size=0.891 GB, available_memory=64.000 GB, comm_cost=0.000)
result[(6, 6, 0, 0), 1] = ModuleProfileResult(compute_cost=65.046, peak_memory=11.908 GB, invar_size=10.314 GB, outvar_size=3.469 GB, temp_buffer_size=1.501 GB, available_memory=64.000 GB, comm_cost=0.000)
result[(6, 6, 0, 1), 0] = ModuleProfileResult(compute_cost=60.840, peak_memory=11.298 GB, invar_size=3.469 GB, outvar_size=6.938 GB, temp_buffer_size=0.891 GB, available_memory=64.000 GB, comm_cost=0.000)
result[(6, 6, 0, 1), 1] = ModuleProfileResult(compute_cost=65.046, peak_memory=11.908 GB, invar_size=10.314 GB, outvar_size=3.469 GB, temp_buffer_size=1.501 GB, available_memory=64.000 GB, comm_cost=0.000)
result[(6, 7, 0, 0), 0] = ModuleProfileResult(compute_cost=121.681, peak_memory=21.612 GB, invar_size=6.844 GB, outvar_size=13.783 GB, temp_buffer_size=0.984 GB, available_memory=64.000 GB, comm_cost=0.000)
result[(6, 7, 0, 0), 1] = ModuleProfileResult(compute_cost=130.092, peak_memory=23.065 GB, invar_size=20.534 GB, outvar_size=6.844 GB, temp_buffer_size=2.438 GB, available_memory=64.000 GB, comm_cost=0.000)
result[(6, 7, 0, 1), 0] = ModuleProfileResult(compute_cost=121.681, peak_memory=21.612 GB, invar_size=6.844 GB, outvar_size=13.783 GB, temp_buffer_size=0.984 GB, available_memory=64.000 GB, comm_cost=0.000)
result[(6, 7, 0, 1), 1] = ModuleProfileResult(compute_cost=130.092, peak_memory=23.065 GB, invar_size=20.534 GB, outvar_size=6.844 GB, temp_buffer_size=2.438 GB, available_memory=64.000 GB, comm_cost=0.000)
result[(6, 8, 0, 0), 0] = ModuleProfileResult(compute_cost=182.521, peak_memory=31.832 GB, invar_size=10.220 GB, outvar_size=20.628 GB, temp_buffer_size=0.984 GB, available_memory=64.000 GB, comm_cost=0.000)
result[(6, 8, 0, 0), 1] = ModuleProfileResult(compute_cost=195.139, peak_memory=34.316 GB, invar_size=30.754 GB, outvar_size=10.220 GB, temp_buffer_size=3.469 GB, available_memory=64.000 GB, comm_cost=0.000)
result[(6, 8, 0, 1), 0] = ModuleProfileResult(compute_cost=182.521, peak_memory=31.832 GB, invar_size=10.220 GB, outvar_size=20.628 GB, temp_buffer_size=0.984 GB, available_memory=64.000 GB, comm_cost=0.000)
result[(6, 8, 0, 1), 1] = ModuleProfileResult(compute_cost=195.139, peak_memory=34.316 GB, invar_size=30.754 GB, outvar_size=10.220 GB, temp_buffer_size=3.469 GB, available_memory=64.000 GB, comm_cost=0.000)
result[(6, 9, 0, 0), 0] = ModuleProfileResult(compute_cost=243.362, peak_memory=42.192 GB, invar_size=13.595 GB, outvar_size=27.472 GB, temp_buffer_size=1.125 GB, available_memory=64.000 GB, comm_cost=0.000)
result[(6, 9, 0, 0), 1] = ModuleProfileResult(compute_cost=260.185, peak_memory=45.380 GB, invar_size=40.973 GB, outvar_size=13.595 GB, temp_buffer_size=4.313 GB, available_memory=64.000 GB, comm_cost=0.000)
result[(6, 9, 0, 1), 0] = ModuleProfileResult(compute_cost=243.362, peak_memory=42.192 GB, invar_size=13.595 GB, outvar_size=27.472 GB, temp_buffer_size=1.125 GB, available_memory=64.000 GB, comm_cost=0.000)
result[(6, 9, 0, 1), 1] = ModuleProfileResult(compute_cost=260.185, peak_memory=45.380 GB, invar_size=40.973 GB, outvar_size=13.595 GB, temp_buffer_size=4.313 GB, available_memory=64.000 GB, comm_cost=0.000)
result[(6, 10, 0, 0), 0] = ModuleProfileResult(compute_cost=304.202, peak_memory=52.553 GB, invar_size=16.970 GB, outvar_size=34.317 GB, temp_buffer_size=1.266 GB, available_memory=64.000 GB, comm_cost=0.000)
result[(6, 10, 0, 0), 1] = ModuleProfileResult(compute_cost=325.231, peak_memory=55.647 GB, invar_size=51.193 GB, outvar_size=16.970 GB, temp_buffer_size=4.360 GB, available_memory=64.000 GB, comm_cost=0.000)
result[(6, 10, 0, 1), 0] = ModuleProfileResult(compute_cost=304.202, peak_memory=52.553 GB, invar_size=16.970 GB, outvar_size=34.317 GB, temp_buffer_size=1.266 GB, available_memory=64.000 GB, comm_cost=0.000)
result[(6, 10, 0, 1), 1] = ModuleProfileResult(compute_cost=325.231, peak_memory=55.647 GB, invar_size=51.193 GB, outvar_size=16.970 GB, temp_buffer_size=4.360 GB, available_memory=64.000 GB, comm_cost=0.000)
result[(6, 11, 0, 0), 0] = ModuleProfileResult(compute_cost=322.389, peak_memory=59.823 GB, invar_size=20.371 GB, outvar_size=39.405 GB, temp_buffer_size=0.047 GB, available_memory=64.000 GB, comm_cost=0.000)
result[(6, 11, 0, 0), 1] = ModuleProfileResult(compute_cost=367.569, peak_memory=64.749 GB, invar_size=59.682 GB, outvar_size=20.371 GB, temp_buffer_size=4.973 GB, available_memory=64.000 GB, comm_cost=0.000)
result[(6, 11, 0, 1), 0] = ModuleProfileResult(compute_cost=322.389, peak_memory=59.823 GB, invar_size=20.371 GB, outvar_size=39.405 GB, temp_buffer_size=0.047 GB, available_memory=64.000 GB, comm_cost=0.000)
result[(6, 11, 0, 1), 1] = ModuleProfileResult(compute_cost=367.569, peak_memory=64.749 GB, invar_size=59.682 GB, outvar_size=20.371 GB, temp_buffer_size=4.973 GB, available_memory=64.000 GB, comm_cost=0.000)
result[(7, 7, 0, 0), 0] = ModuleProfileResult(compute_cost=60.840, peak_memory=11.298 GB, invar_size=3.469 GB, outvar_size=6.938 GB, temp_buffer_size=0.891 GB, available_memory=64.000 GB, comm_cost=0.000)
result[(7, 7, 0, 0), 1] = ModuleProfileResult(compute_cost=65.046, peak_memory=11.908 GB, invar_size=10.314 GB, outvar_size=3.469 GB, temp_buffer_size=1.501 GB, available_memory=64.000 GB, comm_cost=0.000)
result[(7, 7, 0, 1), 0] = ModuleProfileResult(compute_cost=60.840, peak_memory=11.298 GB, invar_size=3.469 GB, outvar_size=6.938 GB, temp_buffer_size=0.891 GB, available_memory=64.000 GB, comm_cost=0.000)
result[(7, 7, 0, 1), 1] = ModuleProfileResult(compute_cost=65.046, peak_memory=11.908 GB, invar_size=10.314 GB, outvar_size=3.469 GB, temp_buffer_size=1.501 GB, available_memory=64.000 GB, comm_cost=0.000)
result[(7, 8, 0, 0), 0] = ModuleProfileResult(compute_cost=121.681, peak_memory=21.612 GB, invar_size=6.844 GB, outvar_size=13.783 GB, temp_buffer_size=0.984 GB, available_memory=64.000 GB, comm_cost=0.000)
result[(7, 8, 0, 0), 1] = ModuleProfileResult(compute_cost=130.092, peak_memory=23.065 GB, invar_size=20.534 GB, outvar_size=6.844 GB, temp_buffer_size=2.438 GB, available_memory=64.000 GB, comm_cost=0.000)
result[(7, 8, 0, 1), 0] = ModuleProfileResult(compute_cost=121.681, peak_memory=21.612 GB, invar_size=6.844 GB, outvar_size=13.783 GB, temp_buffer_size=0.984 GB, available_memory=64.000 GB, comm_cost=0.000)
result[(7, 8, 0, 1), 1] = ModuleProfileResult(compute_cost=130.092, peak_memory=23.065 GB, invar_size=20.534 GB, outvar_size=6.844 GB, temp_buffer_size=2.438 GB, available_memory=64.000 GB, comm_cost=0.000)
result[(7, 9, 0, 0), 0] = ModuleProfileResult(compute_cost=182.521, peak_memory=31.832 GB, invar_size=10.220 GB, outvar_size=20.628 GB, temp_buffer_size=0.984 GB, available_memory=64.000 GB, comm_cost=0.000)
result[(7, 9, 0, 0), 1] = ModuleProfileResult(compute_cost=195.139, peak_memory=34.316 GB, invar_size=30.754 GB, outvar_size=10.220 GB, temp_buffer_size=3.469 GB, available_memory=64.000 GB, comm_cost=0.000)
result[(7, 9, 0, 1), 0] = ModuleProfileResult(compute_cost=182.521, peak_memory=31.832 GB, invar_size=10.220 GB, outvar_size=20.628 GB, temp_buffer_size=0.984 GB, available_memory=64.000 GB, comm_cost=0.000)
result[(7, 9, 0, 1), 1] = ModuleProfileResult(compute_cost=195.139, peak_memory=34.316 GB, invar_size=30.754 GB, outvar_size=10.220 GB, temp_buffer_size=3.469 GB, available_memory=64.000 GB, comm_cost=0.000)
result[(7, 10, 0, 0), 0] = ModuleProfileResult(compute_cost=243.362, peak_memory=42.192 GB, invar_size=13.595 GB, outvar_size=27.472 GB, temp_buffer_size=1.125 GB, available_memory=64.000 GB, comm_cost=0.000)
result[(7, 10, 0, 0), 1] = ModuleProfileResult(compute_cost=260.185, peak_memory=45.380 GB, invar_size=40.973 GB, outvar_size=13.595 GB, temp_buffer_size=4.313 GB, available_memory=64.000 GB, comm_cost=0.000)
result[(7, 10, 0, 1), 0] = ModuleProfileResult(compute_cost=243.362, peak_memory=42.192 GB, invar_size=13.595 GB, outvar_size=27.472 GB, temp_buffer_size=1.125 GB, available_memory=64.000 GB, comm_cost=0.000)
result[(7, 10, 0, 1), 1] = ModuleProfileResult(compute_cost=260.185, peak_memory=45.380 GB, invar_size=40.973 GB, outvar_size=13.595 GB, temp_buffer_size=4.313 GB, available_memory=64.000 GB, comm_cost=0.000)
result[(7, 11, 0, 0), 0] = ModuleProfileResult(compute_cost=261.549, peak_memory=49.603 GB, invar_size=16.995 GB, outvar_size=32.560 GB, temp_buffer_size=0.047 GB, available_memory=64.000 GB, comm_cost=0.000)
result[(7, 11, 0, 0), 1] = ModuleProfileResult(compute_cost=302.522, peak_memory=54.389 GB, invar_size=49.462 GB, outvar_size=16.995 GB, temp_buffer_size=4.833 GB, available_memory=64.000 GB, comm_cost=0.000)
result[(7, 11, 0, 1), 0] = ModuleProfileResult(compute_cost=261.549, peak_memory=49.603 GB, invar_size=16.995 GB, outvar_size=32.560 GB, temp_buffer_size=0.047 GB, available_memory=64.000 GB, comm_cost=0.000)
result[(7, 11, 0, 1), 1] = ModuleProfileResult(compute_cost=302.522, peak_memory=54.389 GB, invar_size=49.462 GB, outvar_size=16.995 GB, temp_buffer_size=4.833 GB, available_memory=64.000 GB, comm_cost=0.000)
result[(8, 8, 0, 0), 0] = ModuleProfileResult(compute_cost=60.840, peak_memory=11.298 GB, invar_size=3.469 GB, outvar_size=6.938 GB, temp_buffer_size=0.891 GB, available_memory=64.000 GB, comm_cost=0.000)
result[(8, 8, 0, 0), 1] = ModuleProfileResult(compute_cost=65.046, peak_memory=11.908 GB, invar_size=10.314 GB, outvar_size=3.469 GB, temp_buffer_size=1.501 GB, available_memory=64.000 GB, comm_cost=0.000)
result[(8, 8, 0, 1), 0] = ModuleProfileResult(compute_cost=60.840, peak_memory=11.298 GB, invar_size=3.469 GB, outvar_size=6.938 GB, temp_buffer_size=0.891 GB, available_memory=64.000 GB, comm_cost=0.000)
result[(8, 8, 0, 1), 1] = ModuleProfileResult(compute_cost=65.046, peak_memory=11.908 GB, invar_size=10.314 GB, outvar_size=3.469 GB, temp_buffer_size=1.501 GB, available_memory=64.000 GB, comm_cost=0.000)
result[(8, 9, 0, 0), 0] = ModuleProfileResult(compute_cost=121.681, peak_memory=21.612 GB, invar_size=6.844 GB, outvar_size=13.783 GB, temp_buffer_size=0.984 GB, available_memory=64.000 GB, comm_cost=0.000)
result[(8, 9, 0, 0), 1] = ModuleProfileResult(compute_cost=130.092, peak_memory=23.065 GB, invar_size=20.534 GB, outvar_size=6.844 GB, temp_buffer_size=2.438 GB, available_memory=64.000 GB, comm_cost=0.000)
result[(8, 9, 0, 1), 0] = ModuleProfileResult(compute_cost=121.681, peak_memory=21.612 GB, invar_size=6.844 GB, outvar_size=13.783 GB, temp_buffer_size=0.984 GB, available_memory=64.000 GB, comm_cost=0.000)
result[(8, 9, 0, 1), 1] = ModuleProfileResult(compute_cost=130.092, peak_memory=23.065 GB, invar_size=20.534 GB, outvar_size=6.844 GB, temp_buffer_size=2.438 GB, available_memory=64.000 GB, comm_cost=0.000)
result[(8, 10, 0, 0), 0] = ModuleProfileResult(compute_cost=182.521, peak_memory=31.832 GB, invar_size=10.220 GB, outvar_size=20.628 GB, temp_buffer_size=0.984 GB, available_memory=64.000 GB, comm_cost=0.000)
result[(8, 10, 0, 0), 1] = ModuleProfileResult(compute_cost=195.139, peak_memory=34.316 GB, invar_size=30.754 GB, outvar_size=10.220 GB, temp_buffer_size=3.469 GB, available_memory=64.000 GB, comm_cost=0.000)
result[(8, 10, 0, 1), 0] = ModuleProfileResult(compute_cost=182.521, peak_memory=31.832 GB, invar_size=10.220 GB, outvar_size=20.628 GB, temp_buffer_size=0.984 GB, available_memory=64.000 GB, comm_cost=0.000)
result[(8, 10, 0, 1), 1] = ModuleProfileResult(compute_cost=195.139, peak_memory=34.316 GB, invar_size=30.754 GB, outvar_size=10.220 GB, temp_buffer_size=3.469 GB, available_memory=64.000 GB, comm_cost=0.000)
result[(8, 11, 0, 0), 0] = ModuleProfileResult(compute_cost=200.708, peak_memory=39.383 GB, invar_size=13.620 GB, outvar_size=25.716 GB, temp_buffer_size=0.047 GB, available_memory=64.000 GB, comm_cost=0.000)
result[(8, 11, 0, 0), 1] = ModuleProfileResult(compute_cost=237.476, peak_memory=43.559 GB, invar_size=39.242 GB, outvar_size=13.620 GB, temp_buffer_size=4.224 GB, available_memory=64.000 GB, comm_cost=0.000)
result[(8, 11, 0, 1), 0] = ModuleProfileResult(compute_cost=200.708, peak_memory=39.383 GB, invar_size=13.620 GB, outvar_size=25.716 GB, temp_buffer_size=0.047 GB, available_memory=64.000 GB, comm_cost=0.000)
result[(8, 11, 0, 1), 1] = ModuleProfileResult(compute_cost=237.476, peak_memory=43.559 GB, invar_size=39.242 GB, outvar_size=13.620 GB, temp_buffer_size=4.224 GB, available_memory=64.000 GB, comm_cost=0.000)
result[(9, 9, 0, 0), 0] = ModuleProfileResult(compute_cost=60.840, peak_memory=11.298 GB, invar_size=3.469 GB, outvar_size=6.938 GB, temp_buffer_size=0.891 GB, available_memory=64.000 GB, comm_cost=0.000)
result[(9, 9, 0, 0), 1] = ModuleProfileResult(compute_cost=65.046, peak_memory=11.908 GB, invar_size=10.314 GB, outvar_size=3.469 GB, temp_buffer_size=1.501 GB, available_memory=64.000 GB, comm_cost=0.000)
result[(9, 9, 0, 1), 0] = ModuleProfileResult(compute_cost=60.840, peak_memory=11.298 GB, invar_size=3.469 GB, outvar_size=6.938 GB, temp_buffer_size=0.891 GB, available_memory=64.000 GB, comm_cost=0.000)
result[(9, 9, 0, 1), 1] = ModuleProfileResult(compute_cost=65.046, peak_memory=11.908 GB, invar_size=10.314 GB, outvar_size=3.469 GB, temp_buffer_size=1.501 GB, available_memory=64.000 GB, comm_cost=0.000)
result[(9, 10, 0, 0), 0] = ModuleProfileResult(compute_cost=121.681, peak_memory=21.612 GB, invar_size=6.844 GB, outvar_size=13.783 GB, temp_buffer_size=0.984 GB, available_memory=64.000 GB, comm_cost=0.000)
result[(9, 10, 0, 0), 1] = ModuleProfileResult(compute_cost=130.092, peak_memory=23.065 GB, invar_size=20.534 GB, outvar_size=6.844 GB, temp_buffer_size=2.438 GB, available_memory=64.000 GB, comm_cost=0.000)
result[(9, 10, 0, 1), 0] = ModuleProfileResult(compute_cost=121.681, peak_memory=21.612 GB, invar_size=6.844 GB, outvar_size=13.783 GB, temp_buffer_size=0.984 GB, available_memory=64.000 GB, comm_cost=0.000)
result[(9, 10, 0, 1), 1] = ModuleProfileResult(compute_cost=130.092, peak_memory=23.065 GB, invar_size=20.534 GB, outvar_size=6.844 GB, temp_buffer_size=2.438 GB, available_memory=64.000 GB, comm_cost=0.000)
result[(9, 11, 0, 0), 0] = ModuleProfileResult(compute_cost=139.868, peak_memory=29.163 GB, invar_size=10.245 GB, outvar_size=18.871 GB, temp_buffer_size=0.047 GB, available_memory=64.000 GB, comm_cost=0.000)
result[(9, 11, 0, 0), 1] = ModuleProfileResult(compute_cost=172.430, peak_memory=32.542 GB, invar_size=29.022 GB, outvar_size=10.245 GB, temp_buffer_size=3.426 GB, available_memory=64.000 GB, comm_cost=0.000)
result[(9, 11, 0, 1), 0] = ModuleProfileResult(compute_cost=139.868, peak_memory=29.163 GB, invar_size=10.245 GB, outvar_size=18.871 GB, temp_buffer_size=0.047 GB, available_memory=64.000 GB, comm_cost=0.000)
result[(9, 11, 0, 1), 1] = ModuleProfileResult(compute_cost=172.430, peak_memory=32.542 GB, invar_size=29.022 GB, outvar_size=10.245 GB, temp_buffer_size=3.426 GB, available_memory=64.000 GB, comm_cost=0.000)
result[(10, 10, 0, 0), 0] = ModuleProfileResult(compute_cost=60.840, peak_memory=11.298 GB, invar_size=3.469 GB, outvar_size=6.938 GB, temp_buffer_size=0.891 GB, available_memory=64.000 GB, comm_cost=0.000)
result[(10, 10, 0, 0), 1] = ModuleProfileResult(compute_cost=65.046, peak_memory=11.908 GB, invar_size=10.314 GB, outvar_size=3.469 GB, temp_buffer_size=1.501 GB, available_memory=64.000 GB, comm_cost=0.000)
result[(10, 10, 0, 1), 0] = ModuleProfileResult(compute_cost=60.840, peak_memory=11.298 GB, invar_size=3.469 GB, outvar_size=6.938 GB, temp_buffer_size=0.891 GB, available_memory=64.000 GB, comm_cost=0.000)
result[(10, 10, 0, 1), 1] = ModuleProfileResult(compute_cost=65.046, peak_memory=11.908 GB, invar_size=10.314 GB, outvar_size=3.469 GB, temp_buffer_size=1.501 GB, available_memory=64.000 GB, comm_cost=0.000)
result[(10, 11, 0, 0), 0] = ModuleProfileResult(compute_cost=79.028, peak_memory=18.943 GB, invar_size=6.870 GB, outvar_size=12.026 GB, temp_buffer_size=0.047 GB, available_memory=64.000 GB, comm_cost=0.000)
result[(10, 11, 0, 0), 1] = ModuleProfileResult(compute_cost=107.384, peak_memory=21.432 GB, invar_size=18.802 GB, outvar_size=6.870 GB, temp_buffer_size=2.536 GB, available_memory=64.000 GB, comm_cost=0.000)
result[(10, 11, 0, 1), 0] = ModuleProfileResult(compute_cost=79.028, peak_memory=18.943 GB, invar_size=6.870 GB, outvar_size=12.026 GB, temp_buffer_size=0.047 GB, available_memory=64.000 GB, comm_cost=0.000)
result[(10, 11, 0, 1), 1] = ModuleProfileResult(compute_cost=107.384, peak_memory=21.432 GB, invar_size=18.802 GB, outvar_size=6.870 GB, temp_buffer_size=2.536 GB, available_memory=64.000 GB, comm_cost=0.000)
result[(11, 11, 0, 0), 0] = ModuleProfileResult(compute_cost=18.187, peak_memory=8.676 GB, invar_size=3.494 GB, outvar_size=5.182 GB, temp_buffer_size=0.000 GB, available_memory=64.000 GB, comm_cost=0.000)
result[(11, 11, 0, 0), 1] = ModuleProfileResult(compute_cost=42.338, peak_memory=10.082 GB, invar_size=8.582 GB, outvar_size=3.494 GB, temp_buffer_size=1.406 GB, available_memory=64.000 GB, comm_cost=0.000)
result[(11, 11, 0, 1), 0] = ModuleProfileResult(compute_cost=18.187, peak_memory=8.676 GB, invar_size=3.494 GB, outvar_size=5.182 GB, temp_buffer_size=0.000 GB, available_memory=64.000 GB, comm_cost=0.000)
result[(11, 11, 0, 1), 1] = ModuleProfileResult(compute_cost=42.338, peak_memory=10.082 GB, invar_size=8.582 GB, outvar_size=3.494 GB, temp_buffer_size=1.406 GB, available_memory=64.000 GB, comm_cost=0.000)
Profiling for submesh 0 (1, 1) takes 908.00 seconds
--------------------------------------------------
Profile result saved to: profile-results-2026-02-21-10-27-02.npy
----------------------------------------------------------------------
Best solution cost: inf
Training step encountered an error: no solution in auto stage construction.
Elapsed time: 2335.64s
--------------------------------------------------
