2026-02-22 22:05:55,793	INFO worker.py:1352 -- Connecting to existing Ray cluster at address: 172.27.149.211:6379...
2026-02-22 22:05:58,147	INFO worker.py:1538 -- Connected to Ray cluster.
Running with: num_nodes=8, total_devices=64, num_layers=12, num_microbatch=4096
Compiling and running parallelized training step...
-------------------- Automatic stage clustering --------------------
submesh_choices: ((1, 1), (1, 2), (1, 4), (1, 8), (2, 8), (4, 8), (8, 8))
- Profiling for submesh 6 (8, 8):
- Generate all stage infos (Jaxpr -> HLO)
- Compile all stages, get estimations
num of workers:1
[2m[36m(CompileWorker pid=3263441)[0m compiled for stage:0 name: stage_0_11_acc_grad_0 module id: 0
[2m[36m(CompileWorker pid=3263441)[0m  tensor (Large latency) dimensions: (1, 2048, 36864, 36864, 1, 1, 1, 1, 1, 1, 0, 0, 'CONV', 1, 1, 0, 0),  latency: 241.54697142857142
[2m[36m(CompileWorker pid=3263441)[0m  tensor (Large latency) dimensions: (1, 2048, 12288, 12288, 1, 1, 1, 1, 1, 1, 0, 0, 'CONV', 1, 1, 0, 0),  latency: 26.58889142857143
[2m[36m(CompileWorker pid=3263441)[0m  tensor (Large latency) dimensions: (1, 2048, 12288, 12288, 1, 1, 1, 1, 1, 1, 0, 0, 'CONV', 1, 1, 0, 0),  latency: 26.58889142857143
[2m[36m(CompileWorker pid=3263441)[0m compiled for stage:0 name: stage_0_11_acc_grad_1 module id: 1
[2m[36m(CompileWorker pid=3263441)[0m  tensor (Large latency) dimensions: (1, 2048, 12288, 12288, 1, 1, 1, 1, 1, 1, 0, 0, 'CONV', 1, 1, 0, 0),  latency: 26.58889142857143
[2m[36m(CompileWorker pid=3263441)[0m  tensor (Large latency) dimensions: (1, 768, 12288, 12288, 1, 1, 1, 1, 1, 1, 0, 0, 'CONV', 1, 1, 0, 0),  latency: 11.094308571428572
[2m[36m(CompileWorker pid=3263441)[0m  tensor (Large latency) dimensions: (1, 192, 12288, 12288, 1, 1, 1, 1, 1, 1, 0, 0, 'CONV', 1, 1, 0, 0),  latency: 4.318354285714285
[2m[36m(CompileWorker pid=3263441)[0m  tensor (Large latency) dimensions: (1, 2048, 12288, 12288, 1, 1, 1, 1, 1, 1, 0, 0, 'CONV', 1, 1, 0, 0),  latency: 26.58889142857143
[2m[36m(CompileWorker pid=3263441)[0m  tensor (Large latency) dimensions: (1, 32, 12288, 12288, 1, 1, 1, 1, 1, 1, 0, 0, 'CONV', 1, 1, 0, 0),  latency: 4.499748571428571
- parse estimation results for all stages
Using pre computed peak Mem for (0, 11, 6, 0), module 0
result[(0, 11, 6, 0), 0] = ModuleProfileResult(compute_cost=3575.550, peak_memory=12.000 GB, invar_size=1.786 GB, outvar_size=12.180 GB, temp_buffer_size=-1.966 GB, available_memory=64.000 GB, comm_cost=3.381)
result[(0, 11, 6, 0), 1] = ModuleProfileResult(compute_cost=903.785, peak_memory=17.105 GB, invar_size=15.117 GB, outvar_size=2.937 GB, temp_buffer_size=1.988 GB, available_memory=64.000 GB, comm_cost=1.422)
Profiling for submesh 6 (8, 8) takes 387.33 seconds
--------------------------------------------------
- Profiling for submesh 5 (4, 8):
- Generate all stage infos (Jaxpr -> HLO)
- Compile all stages, get estimations
num of workers:12
[2m[36m(CompileWorker pid=3266636)[0m compiled for stage:0 name: stage_0_0_acc_grad_0 module id: 0
[2m[36m(CompileWorker pid=3266635)[0m compiled for stage:1 name: stage_0_1_acc_grad_0 module id: 0
[2m[36m(CompileWorker pid=3266634)[0m compiled for stage:2 name: stage_0_2_acc_grad_0 module id: 0
[2m[36m(CompileWorker pid=3266633)[0m compiled for stage:3 name: stage_0_3_acc_grad_0 module id: 0
[2m[36m(CompileWorker pid=3266635)[0m  tensor (Large latency) dimensions: (1, 64, 36864, 36864, 1, 1, 1, 1, 1, 1, 0, 0, 'CONV', 1, 1, 0, 0),  latency: 40.725942857142854
[2m[36m(CompileWorker pid=3266631)[0m compiled for stage:5 name: stage_0_5_acc_grad_0 module id: 0
[2m[36m(CompileWorker pid=3266634)[0m  tensor (Large latency) dimensions: (1, 2048, 36864, 36864, 1, 1, 1, 1, 1, 1, 0, 0, 'CONV', 1, 1, 0, 0),  latency: 241.54697142857142
[2m[36m(CompileWorker pid=3266636)[0m  tensor (Large latency) dimensions: (1, 2048, 36864, 36864, 1, 1, 1, 1, 1, 1, 0, 0, 'CONV', 1, 1, 0, 0),  latency: 241.54697142857142
[2m[36m(CompileWorker pid=3266632)[0m compiled for stage:4 name: stage_0_4_acc_grad_0 module id: 0
[2m[36m(CompileWorker pid=3266633)[0m  tensor (Large latency) dimensions: (1, 2048, 36864, 36864, 1, 1, 1, 1, 1, 1, 0, 0, 'CONV', 1, 1, 0, 0),  latency: 241.54697142857142
[2m[36m(CompileWorker pid=3266635)[0m  tensor (Large latency) dimensions: (1, 2048, 12288, 12288, 1, 1, 1, 1, 1, 1, 0, 0, 'CONV', 1, 1, 0, 0),  latency: 26.58889142857143
[2m[36m(CompileWorker pid=3266630)[0m compiled for stage:6 name: stage_0_6_acc_grad_0 module id: 0
[2m[36m(CompileWorker pid=3266636)[0m  tensor (Large latency) dimensions: (1, 2048, 12288, 12288, 1, 1, 1, 1, 1, 1, 0, 0, 'CONV', 1, 1, 0, 0),  latency: 26.58889142857143
[2m[36m(CompileWorker pid=3266632)[0m  tensor (Large latency) dimensions: (1, 2048, 36864, 36864, 1, 1, 1, 1, 1, 1, 0, 0, 'CONV', 1, 1, 0, 0),  latency: 241.54697142857142
[2m[36m(CompileWorker pid=3266634)[0m  tensor (Large latency) dimensions: (1, 2048, 12288, 12288, 1, 1, 1, 1, 1, 1, 0, 0, 'CONV', 1, 1, 0, 0),  latency: 26.58889142857143
[2m[36m(CompileWorker pid=3266627)[0m compiled for stage:9 name: stage_0_9_acc_grad_0 module id: 0
[2m[36m(CompileWorker pid=3266631)[0m  tensor (Large latency) dimensions: (1, 2048, 36864, 36864, 1, 1, 1, 1, 1, 1, 0, 0, 'CONV', 1, 1, 0, 0),  latency: 241.54697142857142
[2m[36m(CompileWorker pid=3266629)[0m compiled for stage:7 name: stage_0_7_acc_grad_0 module id: 0
[2m[36m(CompileWorker pid=3266628)[0m compiled for stage:8 name: stage_0_8_acc_grad_0 module id: 0
[2m[36m(CompileWorker pid=3266630)[0m  tensor (Large latency) dimensions: (1, 64, 36864, 36864, 1, 1, 1, 1, 1, 1, 0, 0, 'CONV', 1, 1, 0, 0),  latency: 40.725942857142854
[2m[36m(CompileWorker pid=3266633)[0m  tensor (Large latency) dimensions: (1, 2048, 12288, 12288, 1, 1, 1, 1, 1, 1, 0, 0, 'CONV', 1, 1, 0, 0),  latency: 26.58889142857143
[2m[36m(CompileWorker pid=3266625)[0m compiled for stage:11 name: stage_0_11_acc_grad_0 module id: 0
[2m[36m(CompileWorker pid=3266635)[0m  tensor (Large latency) dimensions: (1, 2048, 12288, 12288, 1, 1, 1, 1, 1, 1, 0, 0, 'CONV', 1, 1, 0, 0),  latency: 26.58889142857143
[2m[36m(CompileWorker pid=3266635)[0m compiled for stage:1 name: stage_0_1_acc_grad_1 module id: 1
[2m[36m(CompileWorker pid=3266632)[0m  tensor (Large latency) dimensions: (1, 2048, 12288, 12288, 1, 1, 1, 1, 1, 1, 0, 0, 'CONV', 1, 1, 0, 0),  latency: 26.58889142857143
[2m[36m(CompileWorker pid=3266627)[0m  tensor (Large latency) dimensions: (1, 2048, 36864, 36864, 1, 1, 1, 1, 1, 1, 0, 0, 'CONV', 1, 1, 0, 0),  latency: 241.54697142857142
[2m[36m(CompileWorker pid=3266629)[0m  tensor (Large latency) dimensions: (1, 2048, 36864, 36864, 1, 1, 1, 1, 1, 1, 0, 0, 'CONV', 1, 1, 0, 0),  latency: 241.54697142857142
[2m[36m(CompileWorker pid=3266636)[0m  tensor (Large latency) dimensions: (1, 2048, 12288, 12288, 1, 1, 1, 1, 1, 1, 0, 0, 'CONV', 1, 1, 0, 0),  latency: 26.58889142857143
[2m[36m(CompileWorker pid=3266636)[0m compiled for stage:0 name: stage_0_0_acc_grad_1 module id: 1
[2m[36m(CompileWorker pid=3266634)[0m  tensor (Large latency) dimensions: (1, 2048, 12288, 12288, 1, 1, 1, 1, 1, 1, 0, 0, 'CONV', 1, 1, 0, 0),  latency: 26.58889142857143
[2m[36m(CompileWorker pid=3266634)[0m compiled for stage:2 name: stage_0_2_acc_grad_1 module id: 1
[2m[36m(CompileWorker pid=3266631)[0m  tensor (Large latency) dimensions: (1, 2048, 12288, 12288, 1, 1, 1, 1, 1, 1, 0, 0, 'CONV', 1, 1, 0, 0),  latency: 26.58889142857143
[2m[36m(CompileWorker pid=3266628)[0m  tensor (Large latency) dimensions: (1, 2048, 36864, 36864, 1, 1, 1, 1, 1, 1, 0, 0, 'CONV', 1, 1, 0, 0),  latency: 241.54697142857142
[2m[36m(CompileWorker pid=3266630)[0m  tensor (Large latency) dimensions: (1, 2048, 12288, 12288, 1, 1, 1, 1, 1, 1, 0, 0, 'CONV', 1, 1, 0, 0),  latency: 26.58889142857143
[2m[36m(CompileWorker pid=3266634)[0m  tensor (Large latency) dimensions: (1, 384, 12288, 12288, 1, 1, 1, 1, 1, 1, 0, 0, 'CONV', 1, 1, 0, 0),  latency: 5.547154285714286
[2m[36m(CompileWorker pid=3266633)[0m  tensor (Large latency) dimensions: (1, 2048, 12288, 12288, 1, 1, 1, 1, 1, 1, 0, 0, 'CONV', 1, 1, 0, 0),  latency: 26.58889142857143
[2m[36m(CompileWorker pid=3266633)[0m compiled for stage:3 name: stage_0_3_acc_grad_1 module id: 1
[2m[36m(CompileWorker pid=3266635)[0m  tensor (Large latency) dimensions: (1, 1536, 12288, 12288, 1, 1, 1, 1, 1, 1, 0, 0, 'CONV', 1, 1, 0, 0),  latency: 19.941668571428572
[2m[36m(CompileWorker pid=3266636)[0m  tensor (Large latency) dimensions: (1, 1536, 12288, 12288, 1, 1, 1, 1, 1, 1, 0, 0, 'CONV', 1, 1, 0, 0),  latency: 19.941668571428572
[2m[36m(CompileWorker pid=3266625)[0m  tensor (Large latency) dimensions: (1, 2048, 36864, 36864, 1, 1, 1, 1, 1, 1, 0, 0, 'CONV', 1, 1, 0, 0),  latency: 241.54697142857142
[2m[36m(CompileWorker pid=3266633)[0m  tensor (Large latency) dimensions: (1, 384, 12288, 12288, 1, 1, 1, 1, 1, 1, 0, 0, 'CONV', 1, 1, 0, 0),  latency: 5.547154285714286
[2m[36m(CompileWorker pid=3266629)[0m  tensor (Large latency) dimensions: (1, 2048, 12288, 12288, 1, 1, 1, 1, 1, 1, 0, 0, 'CONV', 1, 1, 0, 0),  latency: 26.58889142857143
[2m[36m(CompileWorker pid=3266632)[0m  tensor (Large latency) dimensions: (1, 2048, 12288, 12288, 1, 1, 1, 1, 1, 1, 0, 0, 'CONV', 1, 1, 0, 0),  latency: 26.58889142857143
[2m[36m(CompileWorker pid=3266634)[0m  tensor (Large latency) dimensions: (1, 12288, 1152, 1152, 1, 1, 1, 1, 1, 1, 0, 0, 'CONV', 1, 1, 0, 0),  latency: 1.6852114285714286
[2m[36m(CompileWorker pid=3266628)[0m  tensor (Large latency) dimensions: (1, 2048, 12288, 12288, 1, 1, 1, 1, 1, 1, 0, 0, 'CONV', 1, 1, 0, 0),  latency: 26.58889142857143
[2m[36m(CompileWorker pid=3266627)[0m  tensor (Large latency) dimensions: (1, 2048, 12288, 12288, 1, 1, 1, 1, 1, 1, 0, 0, 'CONV', 1, 1, 0, 0),  latency: 26.58889142857143
[2m[36m(CompileWorker pid=3266631)[0m  tensor (Large latency) dimensions: (1, 2048, 12288, 12288, 1, 1, 1, 1, 1, 1, 0, 0, 'CONV', 1, 1, 0, 0),  latency: 26.58889142857143
[2m[36m(CompileWorker pid=3266631)[0m compiled for stage:5 name: stage_0_5_acc_grad_1 module id: 1
[2m[36m(CompileWorker pid=3266632)[0m  tensor (Large latency) dimensions: (1, 64, 36864, 36864, 1, 1, 1, 1, 1, 1, 0, 0, 'CONV', 1, 1, 0, 0),  latency: 40.725942857142854
[2m[36m(CompileWorker pid=3266634)[0m  tensor (Large latency) dimensions: (1, 2048, 12288, 12288, 1, 1, 1, 1, 1, 1, 0, 0, 'CONV', 1, 1, 0, 0),  latency: 26.58889142857143
[2m[36m(CompileWorker pid=3266635)[0m  tensor (Large latency) dimensions: (1, 12288, 1536, 1536, 1, 1, 1, 1, 1, 1, 0, 0, 'CONV', 1, 1, 0, 0),  latency: 2.2469485714285713
[2m[36m(CompileWorker pid=3266636)[0m  tensor (Large latency) dimensions: (1, 12288, 1536, 1536, 1, 1, 1, 1, 1, 1, 0, 0, 'CONV', 1, 1, 0, 0),  latency: 2.2469485714285713
[2m[36m(CompileWorker pid=3266630)[0m  tensor (Large latency) dimensions: (1, 2048, 12288, 12288, 1, 1, 1, 1, 1, 1, 0, 0, 'CONV', 1, 1, 0, 0),  latency: 26.58889142857143
[2m[36m(CompileWorker pid=3266626)[0m compiled for stage:10 name: stage_0_10_acc_grad_0 module id: 0
[2m[36m(CompileWorker pid=3266632)[0m  tensor (Large latency) dimensions: (1, 64, 12288, 12288, 1, 1, 1, 1, 1, 1, 0, 0, 'CONV', 1, 1, 0, 0),  latency: 4.517302857142857
[2m[36m(CompileWorker pid=3266632)[0m compiled for stage:4 name: stage_0_4_acc_grad_1 module id: 1
[2m[36m(CompileWorker pid=3266631)[0m  tensor (Large latency) dimensions: (1, 384, 12288, 12288, 1, 1, 1, 1, 1, 1, 0, 0, 'CONV', 1, 1, 0, 0),  latency: 5.547154285714286
[2m[36m(CompileWorker pid=3266633)[0m  tensor (Large latency) dimensions: (1, 12288, 1152, 1152, 1, 1, 1, 1, 1, 1, 0, 0, 'CONV', 1, 1, 0, 0),  latency: 1.6852114285714286
[2m[36m(CompileWorker pid=3266635)[0m  tensor (Large latency) dimensions: (1, 384, 12288, 12288, 1, 1, 1, 1, 1, 1, 0, 0, 'CONV', 1, 1, 0, 0),  latency: 5.547154285714286
[2m[36m(CompileWorker pid=3266636)[0m  tensor (Large latency) dimensions: (1, 384, 12288, 12288, 1, 1, 1, 1, 1, 1, 0, 0, 'CONV', 1, 1, 0, 0),  latency: 5.547154285714286
[2m[36m(CompileWorker pid=3266625)[0m  tensor (Large latency) dimensions: (1, 2048, 12288, 12288, 1, 1, 1, 1, 1, 1, 0, 0, 'CONV', 1, 1, 0, 0),  latency: 26.58889142857143
[2m[36m(CompileWorker pid=3266633)[0m  tensor (Large latency) dimensions: (1, 2048, 12288, 12288, 1, 1, 1, 1, 1, 1, 0, 0, 'CONV', 1, 1, 0, 0),  latency: 26.58889142857143
[2m[36m(CompileWorker pid=3266630)[0m  tensor (Large latency) dimensions: (1, 2048, 36864, 36864, 1, 1, 1, 1, 1, 1, 0, 0, 'CONV', 1, 1, 0, 0),  latency: 241.54697142857142
[2m[36m(CompileWorker pid=3266630)[0m compiled for stage:6 name: stage_0_6_acc_grad_1 module id: 1
[2m[36m(CompileWorker pid=3266629)[0m  tensor (Large latency) dimensions: (1, 2048, 12288, 12288, 1, 1, 1, 1, 1, 1, 0, 0, 'CONV', 1, 1, 0, 0),  latency: 26.58889142857143
[2m[36m(CompileWorker pid=3266631)[0m  tensor (Large latency) dimensions: (1, 12288, 1152, 1152, 1, 1, 1, 1, 1, 1, 0, 0, 'CONV', 1, 1, 0, 0),  latency: 1.6852114285714286
[2m[36m(CompileWorker pid=3266629)[0m compiled for stage:7 name: stage_0_7_acc_grad_1 module id: 1
[2m[36m(CompileWorker pid=3266634)[0m  tensor (Large latency) dimensions: (1, 1536, 12288, 12288, 1, 1, 1, 1, 1, 1, 0, 0, 'CONV', 1, 1, 0, 0),  latency: 19.941668571428572
[2m[36m(CompileWorker pid=3266628)[0m  tensor (Large latency) dimensions: (1, 2048, 12288, 12288, 1, 1, 1, 1, 1, 1, 0, 0, 'CONV', 1, 1, 0, 0),  latency: 26.58889142857143
[2m[36m(CompileWorker pid=3266627)[0m  tensor (Large latency) dimensions: (1, 2048, 12288, 12288, 1, 1, 1, 1, 1, 1, 0, 0, 'CONV', 1, 1, 0, 0),  latency: 26.58889142857143
[2m[36m(CompileWorker pid=3266636)[0m  tensor (Large latency) dimensions: (1, 12288, 1152, 1152, 1, 1, 1, 1, 1, 1, 0, 0, 'CONV', 1, 1, 0, 0),  latency: 1.6852114285714286
[2m[36m(CompileWorker pid=3266628)[0m compiled for stage:8 name: stage_0_8_acc_grad_1 module id: 1
[2m[36m(CompileWorker pid=3266626)[0m  tensor (Large latency) dimensions: (1, 2048, 36864, 36864, 1, 1, 1, 1, 1, 1, 0, 0, 'CONV', 1, 1, 0, 0),  latency: 241.54697142857142
[2m[36m(CompileWorker pid=3266629)[0m  tensor (Large latency) dimensions: (1, 384, 12288, 12288, 1, 1, 1, 1, 1, 1, 0, 0, 'CONV', 1, 1, 0, 0),  latency: 5.547154285714286
[2m[36m(CompileWorker pid=3266630)[0m  tensor (Large latency) dimensions: (1, 384, 12288, 12288, 1, 1, 1, 1, 1, 1, 0, 0, 'CONV', 1, 1, 0, 0),  latency: 5.547154285714286
[2m[36m(CompileWorker pid=3266631)[0m  tensor (Large latency) dimensions: (1, 2048, 12288, 12288, 1, 1, 1, 1, 1, 1, 0, 0, 'CONV', 1, 1, 0, 0),  latency: 26.58889142857143
[2m[36m(CompileWorker pid=3266633)[0m  tensor (Large latency) dimensions: (1, 1536, 12288, 12288, 1, 1, 1, 1, 1, 1, 0, 0, 'CONV', 1, 1, 0, 0),  latency: 19.941668571428572
[2m[36m(CompileWorker pid=3266627)[0m  tensor (Large latency) dimensions: (1, 64, 36864, 36864, 1, 1, 1, 1, 1, 1, 0, 0, 'CONV', 1, 1, 0, 0),  latency: 40.725942857142854
[2m[36m(CompileWorker pid=3266627)[0m compiled for stage:9 name: stage_0_9_acc_grad_1 module id: 1
[2m[36m(CompileWorker pid=3266636)[0m  tensor (Large latency) dimensions: (1, 2048, 12288, 12288, 1, 1, 1, 1, 1, 1, 0, 0, 'CONV', 1, 1, 0, 0),  latency: 26.58889142857143
[2m[36m(CompileWorker pid=3266632)[0m  tensor (Large latency) dimensions: (1, 12288, 12288, 12288, 1, 1, 1, 1, 1, 1, 0, 0, 'CONV', 1, 1, 0, 0),  latency: 159.53334857142858
[2m[36m(CompileWorker pid=3266636)[0m  tensor (Large latency) dimensions: (1, 64, 12288, 12288, 1, 1, 1, 1, 1, 1, 0, 0, 'CONV', 1, 1, 0, 0),  latency: 4.517302857142857
[2m[36m(CompileWorker pid=3266634)[0m  tensor (Large latency) dimensions: (1, 12288, 1536, 1536, 1, 1, 1, 1, 1, 1, 0, 0, 'CONV', 1, 1, 0, 0),  latency: 2.2469485714285713
[2m[36m(CompileWorker pid=3266635)[0m  tensor (Large latency) dimensions: (1, 12288, 36864, 36864, 1, 1, 1, 1, 1, 1, 0, 0, 'CONV', 1, 1, 0, 0),  latency: 1449.2818285714286
[2m[36m(CompileWorker pid=3266628)[0m  tensor (Large latency) dimensions: (1, 384, 12288, 12288, 1, 1, 1, 1, 1, 1, 0, 0, 'CONV', 1, 1, 0, 0),  latency: 5.547154285714286
[2m[36m(CompileWorker pid=3266627)[0m  tensor (Large latency) dimensions: (1, 384, 12288, 12288, 1, 1, 1, 1, 1, 1, 0, 0, 'CONV', 1, 1, 0, 0),  latency: 5.547154285714286
[2m[36m(CompileWorker pid=3266634)[0m  tensor (Large latency) dimensions: (1, 64, 12288, 12288, 1, 1, 1, 1, 1, 1, 0, 0, 'CONV', 1, 1, 0, 0),  latency: 4.517302857142857
[2m[36m(CompileWorker pid=3266625)[0m  tensor (Large latency) dimensions: (1, 2048, 12288, 12288, 1, 1, 1, 1, 1, 1, 0, 0, 'CONV', 1, 1, 0, 0),  latency: 26.58889142857143
[2m[36m(CompileWorker pid=3266630)[0m  tensor (Large latency) dimensions: (1, 12288, 1152, 1152, 1, 1, 1, 1, 1, 1, 0, 0, 'CONV', 1, 1, 0, 0),  latency: 1.6852114285714286
[2m[36m(CompileWorker pid=3266631)[0m  tensor (Large latency) dimensions: (1, 1536, 12288, 12288, 1, 1, 1, 1, 1, 1, 0, 0, 'CONV', 1, 1, 0, 0),  latency: 19.941668571428572
[2m[36m(CompileWorker pid=3266636)[0m compiled for stage:12 name: stage_1_1_acc_grad_0 module id: 0
[2m[36m(CompileWorker pid=3266636)[0m compiled for stage:12 name: stage_1_1_acc_grad_1 module id: 1
[2m[36m(CompileWorker pid=3266635)[0m  tensor (Large latency) dimensions: (1, 2048, 12288, 12288, 1, 1, 1, 1, 1, 1, 0, 0, 'CONV', 1, 1, 0, 0),  latency: 26.58889142857143
[2m[36m(CompileWorker pid=3266629)[0m  tensor (Large latency) dimensions: (1, 12288, 1152, 1152, 1, 1, 1, 1, 1, 1, 0, 0, 'CONV', 1, 1, 0, 0),  latency: 1.6852114285714286
[2m[36m(CompileWorker pid=3266632)[0m  tensor (Large latency) dimensions: (1, 12288, 1152, 1152, 1, 1, 1, 1, 1, 1, 0, 0, 'CONV', 1, 1, 0, 0),  latency: 1.6852114285714286
[2m[36m(CompileWorker pid=3266626)[0m  tensor (Large latency) dimensions: (1, 2048, 12288, 12288, 1, 1, 1, 1, 1, 1, 0, 0, 'CONV', 1, 1, 0, 0),  latency: 26.58889142857143
[2m[36m(CompileWorker pid=3266633)[0m  tensor (Large latency) dimensions: (1, 12288, 1536, 1536, 1, 1, 1, 1, 1, 1, 0, 0, 'CONV', 1, 1, 0, 0),  latency: 2.2469485714285713
[2m[36m(CompileWorker pid=3266635)[0m  tensor (Large latency) dimensions: (1, 64, 12288, 12288, 1, 1, 1, 1, 1, 1, 0, 0, 'CONV', 1, 1, 0, 0),  latency: 4.517302857142857
[2m[36m(CompileWorker pid=3266633)[0m  tensor (Large latency) dimensions: (1, 64, 12288, 12288, 1, 1, 1, 1, 1, 1, 0, 0, 'CONV', 1, 1, 0, 0),  latency: 4.517302857142857
[2m[36m(CompileWorker pid=3266628)[0m  tensor (Large latency) dimensions: (1, 12288, 1152, 1152, 1, 1, 1, 1, 1, 1, 0, 0, 'CONV', 1, 1, 0, 0),  latency: 1.6852114285714286
[2m[36m(CompileWorker pid=3266625)[0m compiled for stage:11 name: stage_0_11_acc_grad_1 module id: 1
[2m[36m(CompileWorker pid=3266630)[0m  tensor (Large latency) dimensions: (1, 2048, 12288, 12288, 1, 1, 1, 1, 1, 1, 0, 0, 'CONV', 1, 1, 0, 0),  latency: 26.58889142857143
[2m[36m(CompileWorker pid=3266634)[0m compiled for stage:13 name: stage_1_2_acc_grad_0 module id: 0
[2m[36m(CompileWorker pid=3266634)[0m compiled for stage:13 name: stage_1_2_acc_grad_1 module id: 1
[2m[36m(CompileWorker pid=3266629)[0m  tensor (Large latency) dimensions: (1, 2048, 12288, 12288, 1, 1, 1, 1, 1, 1, 0, 0, 'CONV', 1, 1, 0, 0),  latency: 26.58889142857143
[2m[36m(CompileWorker pid=3266632)[0m  tensor (Large latency) dimensions: (1, 2048, 12288, 12288, 1, 1, 1, 1, 1, 1, 0, 0, 'CONV', 1, 1, 0, 0),  latency: 26.58889142857143
[2m[36m(CompileWorker pid=3266627)[0m  tensor (Large latency) dimensions: (1, 12288, 1152, 1152, 1, 1, 1, 1, 1, 1, 0, 0, 'CONV', 1, 1, 0, 0),  latency: 1.6852114285714286
[2m[36m(CompileWorker pid=3266636)[0m compiled for stage:14 name: stage_1_3_acc_grad_0 module id: 0
[2m[36m(CompileWorker pid=3266628)[0m  tensor (Large latency) dimensions: (1, 2048, 12288, 12288, 1, 1, 1, 1, 1, 1, 0, 0, 'CONV', 1, 1, 0, 0),  latency: 26.58889142857143
[2m[36m(CompileWorker pid=3266636)[0m compiled for stage:14 name: stage_1_3_acc_grad_1 module id: 1
[2m[36m(CompileWorker pid=3266631)[0m  tensor (Large latency) dimensions: (1, 12288, 1536, 1536, 1, 1, 1, 1, 1, 1, 0, 0, 'CONV', 1, 1, 0, 0),  latency: 2.2469485714285713
[2m[36m(CompileWorker pid=3266625)[0m  tensor (Large latency) dimensions: (1, 2048, 12288, 12288, 1, 1, 1, 1, 1, 1, 0, 0, 'CONV', 1, 1, 0, 0),  latency: 26.58889142857143
[2m[36m(CompileWorker pid=3266630)[0m  tensor (Large latency) dimensions: (1, 1536, 12288, 12288, 1, 1, 1, 1, 1, 1, 0, 0, 'CONV', 1, 1, 0, 0),  latency: 19.941668571428572
[2m[36m(CompileWorker pid=3266632)[0m  tensor (Large latency) dimensions: (1, 1536, 12288, 12288, 1, 1, 1, 1, 1, 1, 0, 0, 'CONV', 1, 1, 0, 0),  latency: 19.941668571428572
[2m[36m(CompileWorker pid=3266629)[0m  tensor (Large latency) dimensions: (1, 1536, 12288, 12288, 1, 1, 1, 1, 1, 1, 0, 0, 'CONV', 1, 1, 0, 0),  latency: 19.941668571428572
[2m[36m(CompileWorker pid=3266631)[0m  tensor (Large latency) dimensions: (1, 64, 12288, 12288, 1, 1, 1, 1, 1, 1, 0, 0, 'CONV', 1, 1, 0, 0),  latency: 4.517302857142857
[2m[36m(CompileWorker pid=3266635)[0m compiled for stage:15 name: stage_1_4_acc_grad_0 module id: 0
[2m[36m(CompileWorker pid=3266627)[0m  tensor (Large latency) dimensions: (1, 2048, 12288, 12288, 1, 1, 1, 1, 1, 1, 0, 0, 'CONV', 1, 1, 0, 0),  latency: 26.58889142857143
[2m[36m(CompileWorker pid=3266626)[0m  tensor (Large latency) dimensions: (1, 2048, 12288, 12288, 1, 1, 1, 1, 1, 1, 0, 0, 'CONV', 1, 1, 0, 0),  latency: 26.58889142857143
[2m[36m(CompileWorker pid=3266633)[0m compiled for stage:16 name: stage_1_5_acc_grad_0 module id: 0
[2m[36m(CompileWorker pid=3266633)[0m compiled for stage:16 name: stage_1_5_acc_grad_1 module id: 1
[2m[36m(CompileWorker pid=3266628)[0m  tensor (Large latency) dimensions: (1, 1536, 12288, 12288, 1, 1, 1, 1, 1, 1, 0, 0, 'CONV', 1, 1, 0, 0),  latency: 19.941668571428572
[2m[36m(CompileWorker pid=3266635)[0m  tensor (Large latency) dimensions: (1, 2048, 36864, 36864, 1, 1, 1, 1, 1, 1, 0, 0, 'CONV', 1, 1, 0, 0),  latency: 241.54697142857142
[2m[36m(CompileWorker pid=3266635)[0m compiled for stage:15 name: stage_1_4_acc_grad_1 module id: 1
[2m[36m(CompileWorker pid=3266632)[0m  tensor (Large latency) dimensions: (1, 12288, 1536, 1536, 1, 1, 1, 1, 1, 1, 0, 0, 'CONV', 1, 1, 0, 0),  latency: 2.2469485714285713
[2m[36m(CompileWorker pid=3266626)[0m  tensor (Large latency) dimensions: (1, 64, 36864, 36864, 1, 1, 1, 1, 1, 1, 0, 0, 'CONV', 1, 1, 0, 0),  latency: 40.725942857142854
[2m[36m(CompileWorker pid=3266625)[0m  tensor (Large latency) dimensions: (1, 1536, 12288, 12288, 1, 1, 1, 1, 1, 1, 0, 0, 'CONV', 1, 1, 0, 0),  latency: 19.941668571428572
[2m[36m(CompileWorker pid=3266627)[0m  tensor (Large latency) dimensions: (1, 1536, 12288, 12288, 1, 1, 1, 1, 1, 1, 0, 0, 'CONV', 1, 1, 0, 0),  latency: 19.941668571428572
[2m[36m(CompileWorker pid=3266630)[0m  tensor (Large latency) dimensions: (1, 12288, 1536, 1536, 1, 1, 1, 1, 1, 1, 0, 0, 'CONV', 1, 1, 0, 0),  latency: 2.2469485714285713
[2m[36m(CompileWorker pid=3266629)[0m  tensor (Large latency) dimensions: (1, 12288, 1536, 1536, 1, 1, 1, 1, 1, 1, 0, 0, 'CONV', 1, 1, 0, 0),  latency: 2.2469485714285713
[2m[36m(CompileWorker pid=3266635)[0m  tensor (Large latency) dimensions: (1, 12288, 1152, 1152, 1, 1, 1, 1, 1, 1, 0, 0, 'CONV', 1, 1, 0, 0),  latency: 1.6852114285714286
[2m[36m(CompileWorker pid=3266626)[0m  tensor (Large latency) dimensions: (1, 64, 12288, 12288, 1, 1, 1, 1, 1, 1, 0, 0, 'CONV', 1, 1, 0, 0),  latency: 4.517302857142857
[2m[36m(CompileWorker pid=3266626)[0m compiled for stage:10 name: stage_0_10_acc_grad_1 module id: 1
[2m[36m(CompileWorker pid=3266632)[0m  tensor (Large latency) dimensions: (1, 384, 12288, 12288, 1, 1, 1, 1, 1, 1, 0, 0, 'CONV', 1, 1, 0, 0),  latency: 5.547154285714286
[2m[36m(CompileWorker pid=3266629)[0m  tensor (Large latency) dimensions: (1, 64, 12288, 12288, 1, 1, 1, 1, 1, 1, 0, 0, 'CONV', 1, 1, 0, 0),  latency: 4.517302857142857
[2m[36m(CompileWorker pid=3266634)[0m compiled for stage:17 name: stage_1_6_acc_grad_0 module id: 0
[2m[36m(CompileWorker pid=3266634)[0m compiled for stage:17 name: stage_1_6_acc_grad_1 module id: 1
[2m[36m(CompileWorker pid=3266635)[0m  tensor (Large latency) dimensions: (1, 2048, 12288, 12288, 1, 1, 1, 1, 1, 1, 0, 0, 'CONV', 1, 1, 0, 0),  latency: 26.58889142857143
[2m[36m(CompileWorker pid=3266628)[0m  tensor (Large latency) dimensions: (1, 12288, 1536, 1536, 1, 1, 1, 1, 1, 1, 0, 0, 'CONV', 1, 1, 0, 0),  latency: 2.2469485714285713
[2m[36m(CompileWorker pid=3266635)[0m compiled for stage:23 name: stage_2_2_acc_grad_0 module id: 0
[2m[36m(CompileWorker pid=3266635)[0m compiled for stage:23 name: stage_2_2_acc_grad_1 module id: 1
[2m[36m(CompileWorker pid=3266628)[0m  tensor (Large latency) dimensions: (1, 64, 12288, 12288, 1, 1, 1, 1, 1, 1, 0, 0, 'CONV', 1, 1, 0, 0),  latency: 4.517302857142857
[2m[36m(CompileWorker pid=3266627)[0m  tensor (Large latency) dimensions: (1, 12288, 1536, 1536, 1, 1, 1, 1, 1, 1, 0, 0, 'CONV', 1, 1, 0, 0),  latency: 2.2469485714285713
[2m[36m(CompileWorker pid=3266636)[0m compiled for stage:18 name: stage_1_7_acc_grad_0 module id: 0
[2m[36m(CompileWorker pid=3266636)[0m compiled for stage:18 name: stage_1_7_acc_grad_1 module id: 1
[2m[36m(CompileWorker pid=3266630)[0m  tensor (Large latency) dimensions: (1, 12288, 36864, 36864, 1, 1, 1, 1, 1, 1, 0, 0, 'CONV', 1, 1, 0, 0),  latency: 1449.2818285714286
[2m[36m(CompileWorker pid=3266625)[0m  tensor (Large latency) dimensions: (1, 12288, 1536, 1536, 1, 1, 1, 1, 1, 1, 0, 0, 'CONV', 1, 1, 0, 0),  latency: 2.2469485714285713
[2m[36m(CompileWorker pid=3266632)[0m  tensor (Large latency) dimensions: (1, 12288, 36864, 36864, 1, 1, 1, 1, 1, 1, 0, 0, 'CONV', 1, 1, 0, 0),  latency: 1449.2818285714286
[2m[36m(CompileWorker pid=3266625)[0m  tensor (Large latency) dimensions: (1, 384, 12288, 12288, 1, 1, 1, 1, 1, 1, 0, 0, 'CONV', 1, 1, 0, 0),  latency: 5.547154285714286
[2m[36m(CompileWorker pid=3266630)[0m  tensor (Large latency) dimensions: (1, 2048, 12288, 12288, 1, 1, 1, 1, 1, 1, 0, 0, 'CONV', 1, 1, 0, 0),  latency: 26.58889142857143
[2m[36m(CompileWorker pid=3266635)[0m compiled for stage:24 name: stage_2_3_acc_grad_0 module id: 0
[2m[36m(CompileWorker pid=3266635)[0m compiled for stage:24 name: stage_2_3_acc_grad_1 module id: 1
[2m[36m(CompileWorker pid=3266632)[0m  tensor (Large latency) dimensions: (1, 2048, 12288, 12288, 1, 1, 1, 1, 1, 1, 0, 0, 'CONV', 1, 1, 0, 0),  latency: 26.58889142857143
[2m[36m(CompileWorker pid=3266631)[0m compiled for stage:19 name: stage_1_8_acc_grad_0 module id: 0
[2m[36m(CompileWorker pid=3266630)[0m  tensor (Large latency) dimensions: (1, 64, 12288, 12288, 1, 1, 1, 1, 1, 1, 0, 0, 'CONV', 1, 1, 0, 0),  latency: 4.517302857142857
[2m[36m(CompileWorker pid=3266631)[0m compiled for stage:19 name: stage_1_8_acc_grad_1 module id: 1
[2m[36m(CompileWorker pid=3266632)[0m  tensor (Large latency) dimensions: (1, 64, 12288, 12288, 1, 1, 1, 1, 1, 1, 0, 0, 'CONV', 1, 1, 0, 0),  latency: 4.517302857142857
[2m[36m(CompileWorker pid=3266626)[0m  tensor (Large latency) dimensions: (1, 12288, 12288, 12288, 1, 1, 1, 1, 1, 1, 0, 0, 'CONV', 1, 1, 0, 0),  latency: 159.53334857142858
[2m[36m(CompileWorker pid=3266628)[0m compiled for stage:25 name: stage_2_4_acc_grad_0 module id: 0
[2m[36m(CompileWorker pid=3266628)[0m compiled for stage:25 name: stage_2_4_acc_grad_1 module id: 1
[2m[36m(CompileWorker pid=3266627)[0m  tensor (Large latency) dimensions: (1, 12288, 36864, 36864, 1, 1, 1, 1, 1, 1, 0, 0, 'CONV', 1, 1, 0, 0),  latency: 1449.2818285714286
[2m[36m(CompileWorker pid=3266625)[0m  tensor (Large latency) dimensions: (1, 12288, 1152, 1152, 1, 1, 1, 1, 1, 1, 0, 0, 'CONV', 1, 1, 0, 0),  latency: 1.6852114285714286
[2m[36m(CompileWorker pid=3266636)[0m compiled for stage:26 name: stage_2_5_acc_grad_0 module id: 0
[2m[36m(CompileWorker pid=3266636)[0m compiled for stage:26 name: stage_2_5_acc_grad_1 module id: 1
[2m[36m(CompileWorker pid=3266626)[0m  tensor (Large latency) dimensions: (1, 12288, 1152, 1152, 1, 1, 1, 1, 1, 1, 0, 0, 'CONV', 1, 1, 0, 0),  latency: 1.6852114285714286
[2m[36m(CompileWorker pid=3266627)[0m  tensor (Large latency) dimensions: (1, 2048, 12288, 12288, 1, 1, 1, 1, 1, 1, 0, 0, 'CONV', 1, 1, 0, 0),  latency: 26.58889142857143
[2m[36m(CompileWorker pid=3266625)[0m  tensor (Large latency) dimensions: (1, 2048, 12288, 12288, 1, 1, 1, 1, 1, 1, 0, 0, 'CONV', 1, 1, 0, 0),  latency: 26.58889142857143
[2m[36m(CompileWorker pid=3266633)[0m compiled for stage:20 name: stage_1_9_acc_grad_0 module id: 0
[2m[36m(CompileWorker pid=3266627)[0m  tensor (Large latency) dimensions: (1, 64, 12288, 12288, 1, 1, 1, 1, 1, 1, 0, 0, 'CONV', 1, 1, 0, 0),  latency: 4.517302857142857
[2m[36m(CompileWorker pid=3266635)[0m compiled for stage:27 name: stage_2_6_acc_grad_0 module id: 0
[2m[36m(CompileWorker pid=3266633)[0m compiled for stage:20 name: stage_1_9_acc_grad_1 module id: 1
[2m[36m(CompileWorker pid=3266635)[0m compiled for stage:27 name: stage_2_6_acc_grad_1 module id: 1
[2m[36m(CompileWorker pid=3266627)[0m compiled for stage:33 name: stage_3_3_acc_grad_0 module id: 0
[2m[36m(CompileWorker pid=3266627)[0m compiled for stage:33 name: stage_3_3_acc_grad_1 module id: 1
[2m[36m(CompileWorker pid=3266625)[0m  tensor (Large latency) dimensions: (1, 64, 12288, 12288, 1, 1, 1, 1, 1, 1, 0, 0, 'CONV', 1, 1, 0, 0),  latency: 4.517302857142857
[2m[36m(CompileWorker pid=3266626)[0m  tensor (Large latency) dimensions: (1, 2048, 12288, 12288, 1, 1, 1, 1, 1, 1, 0, 0, 'CONV', 1, 1, 0, 0),  latency: 26.58889142857143
[2m[36m(CompileWorker pid=3266630)[0m compiled for stage:28 name: stage_2_7_acc_grad_0 module id: 0
[2m[36m(CompileWorker pid=3266635)[0m compiled for stage:34 name: stage_3_4_acc_grad_0 module id: 0
[2m[36m(CompileWorker pid=3266635)[0m compiled for stage:34 name: stage_3_4_acc_grad_1 module id: 1
[2m[36m(CompileWorker pid=3266630)[0m compiled for stage:28 name: stage_2_7_acc_grad_1 module id: 1
[2m[36m(CompileWorker pid=3266633)[0m compiled for stage:35 name: stage_3_5_acc_grad_0 module id: 0
[2m[36m(CompileWorker pid=3266631)[0m compiled for stage:30 name: stage_2_9_acc_grad_0 module id: 0
[2m[36m(CompileWorker pid=3266633)[0m compiled for stage:35 name: stage_3_5_acc_grad_1 module id: 1
[2m[36m(CompileWorker pid=3266634)[0m compiled for stage:22 name: stage_1_11_acc_grad_0 module id: 0
[2m[36m(CompileWorker pid=3266631)[0m compiled for stage:30 name: stage_2_9_acc_grad_1 module id: 1
[2m[36m(CompileWorker pid=3266626)[0m  tensor (Large latency) dimensions: (1, 1536, 12288, 12288, 1, 1, 1, 1, 1, 1, 0, 0, 'CONV', 1, 1, 0, 0),  latency: 19.941668571428572
[2m[36m(CompileWorker pid=3266634)[0m compiled for stage:22 name: stage_1_11_acc_grad_1 module id: 1
[2m[36m(CompileWorker pid=3266632)[0m compiled for stage:29 name: stage_2_8_acc_grad_0 module id: 0
[2m[36m(CompileWorker pid=3266629)[0m compiled for stage:21 name: stage_1_10_acc_grad_0 module id: 0
[2m[36m(CompileWorker pid=3266632)[0m compiled for stage:29 name: stage_2_8_acc_grad_1 module id: 1
[2m[36m(CompileWorker pid=3266629)[0m compiled for stage:21 name: stage_1_10_acc_grad_1 module id: 1
[2m[36m(CompileWorker pid=3266627)[0m compiled for stage:36 name: stage_3_6_acc_grad_0 module id: 0
[2m[36m(CompileWorker pid=3266627)[0m compiled for stage:36 name: stage_3_6_acc_grad_1 module id: 1
[2m[36m(CompileWorker pid=3266627)[0m compiled for stage:42 name: stage_4_4_acc_grad_0 module id: 0
[2m[36m(CompileWorker pid=3266627)[0m compiled for stage:42 name: stage_4_4_acc_grad_1 module id: 1
[2m[36m(CompileWorker pid=3266625)[0m compiled for stage:37 name: stage_3_7_acc_grad_0 module id: 0
[2m[36m(CompileWorker pid=3266625)[0m compiled for stage:37 name: stage_3_7_acc_grad_1 module id: 1
[2m[36m(CompileWorker pid=3266634)[0m  tensor (Large latency) dimensions: (1, 2048, 12288, 12288, 1, 1, 1, 1, 1, 1, 0, 0, 'CONV', 1, 1, 0, 0),  latency: 26.58889142857143
[2m[36m(CompileWorker pid=3266632)[0m compiled for stage:43 name: stage_4_5_acc_grad_0 module id: 0
[2m[36m(CompileWorker pid=3266632)[0m compiled for stage:43 name: stage_4_5_acc_grad_1 module id: 1
[2m[36m(CompileWorker pid=3266635)[0m compiled for stage:38 name: stage_3_8_acc_grad_0 module id: 0
[2m[36m(CompileWorker pid=3266628)[0m compiled for stage:31 name: stage_2_10_acc_grad_0 module id: 0
[2m[36m(CompileWorker pid=3266635)[0m compiled for stage:38 name: stage_3_8_acc_grad_1 module id: 1
[2m[36m(CompileWorker pid=3266629)[0m compiled for stage:44 name: stage_4_6_acc_grad_0 module id: 0
[2m[36m(CompileWorker pid=3266628)[0m compiled for stage:31 name: stage_2_10_acc_grad_1 module id: 1
[2m[36m(CompileWorker pid=3266629)[0m compiled for stage:44 name: stage_4_6_acc_grad_1 module id: 1
[2m[36m(CompileWorker pid=3266626)[0m  tensor (Large latency) dimensions: (1, 12288, 1536, 1536, 1, 1, 1, 1, 1, 1, 0, 0, 'CONV', 1, 1, 0, 0),  latency: 2.2469485714285713
[2m[36m(CompileWorker pid=3266629)[0m compiled for stage:50 name: stage_5_5_acc_grad_0 module id: 0
[2m[36m(CompileWorker pid=3266629)[0m compiled for stage:50 name: stage_5_5_acc_grad_1 module id: 1
[2m[36m(CompileWorker pid=3266627)[0m compiled for stage:45 name: stage_4_7_acc_grad_0 module id: 0
[2m[36m(CompileWorker pid=3266627)[0m compiled for stage:45 name: stage_4_7_acc_grad_1 module id: 1
[2m[36m(CompileWorker pid=3266630)[0m compiled for stage:39 name: stage_3_9_acc_grad_0 module id: 0
[2m[36m(CompileWorker pid=3266630)[0m compiled for stage:39 name: stage_3_9_acc_grad_1 module id: 1
[2m[36m(CompileWorker pid=3266626)[0m  tensor (Large latency) dimensions: (1, 384, 12288, 12288, 1, 1, 1, 1, 1, 1, 0, 0, 'CONV', 1, 1, 0, 0),  latency: 5.547154285714286
[2m[36m(CompileWorker pid=3266636)[0m compiled for stage:32 name: stage_2_11_acc_grad_0 module id: 0
[2m[36m(CompileWorker pid=3266628)[0m compiled for stage:51 name: stage_5_6_acc_grad_0 module id: 0
[2m[36m(CompileWorker pid=3266628)[0m compiled for stage:51 name: stage_5_6_acc_grad_1 module id: 1
[2m[36m(CompileWorker pid=3266636)[0m compiled for stage:32 name: stage_2_11_acc_grad_1 module id: 1
[2m[36m(CompileWorker pid=3266625)[0m compiled for stage:46 name: stage_4_8_acc_grad_0 module id: 0
[2m[36m(CompileWorker pid=3266625)[0m compiled for stage:46 name: stage_4_8_acc_grad_1 module id: 1
[2m[36m(CompileWorker pid=3266629)[0m compiled for stage:52 name: stage_5_7_acc_grad_0 module id: 0
[2m[36m(CompileWorker pid=3266633)[0m compiled for stage:40 name: stage_3_10_acc_grad_0 module id: 0
[2m[36m(CompileWorker pid=3266629)[0m compiled for stage:52 name: stage_5_7_acc_grad_1 module id: 1
[2m[36m(CompileWorker pid=3266633)[0m compiled for stage:40 name: stage_3_10_acc_grad_1 module id: 1
[2m[36m(CompileWorker pid=3266636)[0m  tensor (Large latency) dimensions: (1, 2048, 12288, 12288, 1, 1, 1, 1, 1, 1, 0, 0, 'CONV', 1, 1, 0, 0),  latency: 26.58889142857143
[2m[36m(CompileWorker pid=3266629)[0m compiled for stage:57 name: stage_6_6_acc_grad_0 module id: 0
[2m[36m(CompileWorker pid=3266631)[0m compiled for stage:41 name: stage_3_11_acc_grad_0 module id: 0
[2m[36m(CompileWorker pid=3266629)[0m compiled for stage:57 name: stage_6_6_acc_grad_1 module id: 1
[2m[36m(CompileWorker pid=3266627)[0m compiled for stage:53 name: stage_5_8_acc_grad_0 module id: 0
[2m[36m(CompileWorker pid=3266627)[0m compiled for stage:53 name: stage_5_8_acc_grad_1 module id: 1
[2m[36m(CompileWorker pid=3266631)[0m compiled for stage:41 name: stage_3_11_acc_grad_1 module id: 1
[2m[36m(CompileWorker pid=3266634)[0m compiled for stage:47 name: stage_4_9_acc_grad_0 module id: 0
[2m[36m(CompileWorker pid=3266634)[0m compiled for stage:47 name: stage_4_9_acc_grad_1 module id: 1
[2m[36m(CompileWorker pid=3266633)[0m compiled for stage:58 name: stage_6_7_acc_grad_0 module id: 0
[2m[36m(CompileWorker pid=3266633)[0m compiled for stage:58 name: stage_6_7_acc_grad_1 module id: 1
[2m[36m(CompileWorker pid=3266636)[0m compiled for stage:59 name: stage_6_8_acc_grad_0 module id: 0
[2m[36m(CompileWorker pid=3266636)[0m compiled for stage:59 name: stage_6_8_acc_grad_1 module id: 1
[2m[36m(CompileWorker pid=3266633)[0m compiled for stage:63 name: stage_7_7_acc_grad_0 module id: 0
[2m[36m(CompileWorker pid=3266633)[0m compiled for stage:63 name: stage_7_7_acc_grad_1 module id: 1
[2m[36m(CompileWorker pid=3266632)[0m compiled for stage:48 name: stage_4_10_acc_grad_0 module id: 0
[2m[36m(CompileWorker pid=3266628)[0m compiled for stage:55 name: stage_5_10_acc_grad_0 module id: 0
[2m[36m(CompileWorker pid=3266632)[0m compiled for stage:48 name: stage_4_10_acc_grad_1 module id: 1
[2m[36m(CompileWorker pid=3266628)[0m compiled for stage:55 name: stage_5_10_acc_grad_1 module id: 1
[2m[36m(CompileWorker pid=3266626)[0m  tensor (Large latency) dimensions: (1, 12288, 36864, 36864, 1, 1, 1, 1, 1, 1, 0, 0, 'CONV', 1, 1, 0, 0),  latency: 1449.2818285714286
[2m[36m(CompileWorker pid=3266626)[0m 
[2m[36m(CompileWorker pid=3266631)[0m  tensor (Large latency) dimensions: (1, 2048, 12288, 12288, 1, 1, 1, 1, 1, 1, 0, 0, 'CONV', 1, 1, 0, 0),  latency: 26.58889142857143
[2m[36m(CompileWorker pid=3266630)[0m compiled for stage:54 name: stage_5_9_acc_grad_0 module id: 0
[2m[36m(CompileWorker pid=3266630)[0m compiled for stage:54 name: stage_5_9_acc_grad_1 module id: 1
[2m[36m(CompileWorker pid=3266631)[0m compiled for stage:68 name: stage_8_8_acc_grad_0 module id: 0
[2m[36m(CompileWorker pid=3266631)[0m compiled for stage:68 name: stage_8_8_acc_grad_1 module id: 1
[2m[36m(CompileWorker pid=3266629)[0m compiled for stage:60 name: stage_6_9_acc_grad_0 module id: 0
[2m[36m(CompileWorker pid=3266635)[0m compiled for stage:49 name: stage_4_11_acc_grad_0 module id: 0
[2m[36m(CompileWorker pid=3266635)[0m compiled for stage:49 name: stage_4_11_acc_grad_1 module id: 1
[2m[36m(CompileWorker pid=3266636)[0m compiled for stage:64 name: stage_7_8_acc_grad_0 module id: 0
[2m[36m(CompileWorker pid=3266636)[0m compiled for stage:64 name: stage_7_8_acc_grad_1 module id: 1
[2m[36m(CompileWorker pid=3266626)[0m  tensor (Large latency) dimensions: (1, 2048, 12288, 12288, 1, 1, 1, 1, 1, 1, 0, 0, 'CONV', 1, 1, 0, 0),  latency: 26.58889142857143
[2m[36m(CompileWorker pid=3266627)[0m compiled for stage:61 name: stage_6_10_acc_grad_0 module id: 0
[2m[36m(CompileWorker pid=3266629)[0m  tensor (Large latency) dimensions: (1, 64, 36864, 36864, 1, 1, 1, 1, 1, 1, 0, 0, 'CONV', 1, 1, 0, 0),  latency: 40.725942857142854
[2m[36m(CompileWorker pid=3266629)[0m compiled for stage:60 name: stage_6_9_acc_grad_1 module id: 1
[2m[36m(CompileWorker pid=3266627)[0m compiled for stage:61 name: stage_6_10_acc_grad_1 module id: 1
[2m[36m(CompileWorker pid=3266633)[0m compiled for stage:65 name: stage_7_9_acc_grad_0 module id: 0
[2m[36m(CompileWorker pid=3266633)[0m compiled for stage:65 name: stage_7_9_acc_grad_1 module id: 1
[2m[36m(CompileWorker pid=3266626)[0m  tensor (Large latency) dimensions: (1, 64, 12288, 12288, 1, 1, 1, 1, 1, 1, 0, 0, 'CONV', 1, 1, 0, 0),  latency: 4.517302857142857
[2m[36m(CompileWorker pid=3266630)[0m compiled for stage:69 name: stage_8_9_acc_grad_0 module id: 0
[2m[36m(CompileWorker pid=3266628)[0m compiled for stage:66 name: stage_7_10_acc_grad_0 module id: 0
[2m[36m(CompileWorker pid=3266630)[0m compiled for stage:69 name: stage_8_9_acc_grad_1 module id: 1
[2m[36m(CompileWorker pid=3266628)[0m compiled for stage:66 name: stage_7_10_acc_grad_1 module id: 1
[2m[36m(CompileWorker pid=3266634)[0m compiled for stage:62 name: stage_6_11_acc_grad_0 module id: 0
[2m[36m(CompileWorker pid=3266627)[0m compiled for stage:72 name: stage_9_9_acc_grad_0 module id: 0
[2m[36m(CompileWorker pid=3266635)[0m  tensor (Large latency) dimensions: (1, 2048, 12288, 12288, 1, 1, 1, 1, 1, 1, 0, 0, 'CONV', 1, 1, 0, 0),  latency: 26.58889142857143
[2m[36m(CompileWorker pid=3266627)[0m compiled for stage:72 name: stage_9_9_acc_grad_1 module id: 1
[2m[36m(CompileWorker pid=3266634)[0m compiled for stage:62 name: stage_6_11_acc_grad_1 module id: 1
[2m[36m(CompileWorker pid=3266631)[0m compiled for stage:70 name: stage_8_10_acc_grad_0 module id: 0
[2m[36m(CompileWorker pid=3266631)[0m compiled for stage:70 name: stage_8_10_acc_grad_1 module id: 1
[2m[36m(CompileWorker pid=3266630)[0m compiled for stage:75 name: stage_10_10_acc_grad_0 module id: 0
[2m[36m(CompileWorker pid=3266630)[0m compiled for stage:75 name: stage_10_10_acc_grad_1 module id: 1
[2m[36m(CompileWorker pid=3266625)[0m compiled for stage:56 name: stage_5_11_acc_grad_0 module id: 0
[2m[36m(CompileWorker pid=3266627)[0m compiled for stage:77 name: stage_11_11_acc_grad_0 module id: 0
[2m[36m(CompileWorker pid=3266627)[0m compiled for stage:77 name: stage_11_11_acc_grad_1 module id: 1
[2m[36m(CompileWorker pid=3266625)[0m compiled for stage:56 name: stage_5_11_acc_grad_1 module id: 1
[2m[36m(CompileWorker pid=3266632)[0m compiled for stage:67 name: stage_7_11_acc_grad_0 module id: 0
[2m[36m(CompileWorker pid=3266632)[0m compiled for stage:67 name: stage_7_11_acc_grad_1 module id: 1
[2m[36m(CompileWorker pid=3266626)[0m compiled for stage:73 name: stage_9_10_acc_grad_0 module id: 0
[2m[36m(CompileWorker pid=3266626)[0m compiled for stage:73 name: stage_9_10_acc_grad_1 module id: 1
[2m[36m(CompileWorker pid=3266628)[0m compiled for stage:76 name: stage_10_11_acc_grad_0 module id: 0
[2m[36m(CompileWorker pid=3266628)[0m compiled for stage:76 name: stage_10_11_acc_grad_1 module id: 1
[2m[36m(CompileWorker pid=3266636)[0m compiled for stage:71 name: stage_8_11_acc_grad_0 module id: 0
[2m[36m(CompileWorker pid=3266636)[0m compiled for stage:71 name: stage_8_11_acc_grad_1 module id: 1
[2m[36m(CompileWorker pid=3266633)[0m compiled for stage:74 name: stage_9_11_acc_grad_0 module id: 0
[2m[36m(CompileWorker pid=3266633)[0m compiled for stage:74 name: stage_9_11_acc_grad_1 module id: 1
[2m[36m(CompileWorker pid=3266627)[0m  tensor (Large latency) dimensions: (1, 2048, 12288, 12288, 1, 1, 1, 1, 1, 1, 0, 0, 'CONV', 1, 1, 0, 0),  latency: 26.58889142857143
[2m[36m(CompileWorker pid=3266632)[0m  tensor (Large latency) dimensions: (1, 2048, 12288, 12288, 1, 1, 1, 1, 1, 1, 0, 0, 'CONV', 1, 1, 0, 0),  latency: 26.58889142857143
[2m[36m(CompileWorker pid=3266628)[0m  tensor (Large latency) dimensions: (1, 2048, 12288, 12288, 1, 1, 1, 1, 1, 1, 0, 0, 'CONV', 1, 1, 0, 0),  latency: 26.58889142857143
[2m[36m(CompileWorker pid=3266633)[0m  tensor (Large latency) dimensions: (1, 2048, 12288, 12288, 1, 1, 1, 1, 1, 1, 0, 0, 'CONV', 1, 1, 0, 0),  latency: 26.58889142857143
[2m[36m(CompileWorker pid=3266629)[0m  tensor (Large latency) dimensions: (1, 12288, 36864, 36864, 1, 1, 1, 1, 1, 1, 0, 0, 'CONV', 1, 1, 0, 0),  latency: 1449.2818285714286
[2m[36m(CompileWorker pid=3266629)[0m  tensor (Large latency) dimensions: (1, 2048, 12288, 12288, 1, 1, 1, 1, 1, 1, 0, 0, 'CONV', 1, 1, 0, 0),  latency: 26.58889142857143
- parse estimation results for all stages
Using pre computed peak Mem for (0, 0, 5, 0), module 0
result[(0, 0, 5, 0), 0] = ModuleProfileResult(compute_cost=299.656, peak_memory=1.140 GB, invar_size=1.257 GB, outvar_size=1.041 GB, temp_buffer_size=-1.158 GB, available_memory=64.000 GB, comm_cost=0.493)
result[(0, 0, 5, 0), 1] = ModuleProfileResult(compute_cost=92.853, peak_memory=3.462 GB, invar_size=2.298 GB, outvar_size=1.257 GB, temp_buffer_size=1.164 GB, available_memory=64.000 GB, comm_cost=0.304)
result[(0, 1, 5, 0), 0] = ModuleProfileResult(compute_cost=196.027, peak_memory=7.915 GB, invar_size=2.998 GB, outvar_size=3.528 GB, temp_buffer_size=1.389 GB, available_memory=64.000 GB, comm_cost=0.363)
Using pre computed peak Mem for (0, 1, 5, 0), module 1
result[(0, 1, 5, 0), 1] = ModuleProfileResult(compute_cost=3078.474, peak_memory=3.600 GB, invar_size=6.526 GB, outvar_size=2.998 GB, temp_buffer_size=-2.926 GB, available_memory=64.000 GB, comm_cost=1.457)
Using pre computed peak Mem for (0, 2, 5, 0), module 0
result[(0, 2, 5, 0), 0] = ModuleProfileResult(compute_cost=1168.298, peak_memory=3.420 GB, invar_size=1.504 GB, outvar_size=3.474 GB, temp_buffer_size=-1.558 GB, available_memory=64.000 GB, comm_cost=1.248)
Using pre computed peak Mem for (0, 2, 5, 0), module 1
result[(0, 2, 5, 0), 1] = ModuleProfileResult(compute_cost=300.238, peak_memory=5.400 GB, invar_size=4.978 GB, outvar_size=1.504 GB, temp_buffer_size=0.422 GB, available_memory=64.000 GB, comm_cost=0.758)
Using pre computed peak Mem for (0, 3, 5, 0), module 0
result[(0, 3, 5, 0), 0] = ModuleProfileResult(compute_cost=1467.233, peak_memory=4.560 GB, invar_size=1.610 GB, outvar_size=4.142 GB, temp_buffer_size=-1.192 GB, available_memory=64.000 GB, comm_cost=1.503)
Using pre computed peak Mem for (0, 3, 5, 0), module 1
result[(0, 3, 5, 0), 1] = ModuleProfileResult(compute_cost=386.451, peak_memory=7.200 GB, invar_size=5.752 GB, outvar_size=1.610 GB, temp_buffer_size=1.448 GB, available_memory=64.000 GB, comm_cost=1.244)
Using pre computed peak Mem for (0, 4, 5, 0), module 0
result[(0, 4, 5, 0), 0] = ModuleProfileResult(compute_cost=1542.520, peak_memory=5.700 GB, invar_size=2.805 GB, outvar_size=6.218 GB, temp_buffer_size=-3.323 GB, available_memory=64.000 GB, comm_cost=1.543)
Using pre computed peak Mem for (0, 4, 5, 0), module 1
result[(0, 4, 5, 0), 1] = ModuleProfileResult(compute_cost=2076.441, peak_memory=9.000 GB, invar_size=9.114 GB, outvar_size=2.805 GB, temp_buffer_size=-0.114 GB, available_memory=64.000 GB, comm_cost=1.737)
Using pre computed peak Mem for (0, 5, 5, 0), module 0
result[(0, 5, 5, 0), 0] = ModuleProfileResult(compute_cost=2065.115, peak_memory=6.840 GB, invar_size=1.821 GB, outvar_size=6.160 GB, temp_buffer_size=-1.141 GB, available_memory=64.000 GB, comm_cost=2.022)
Using pre computed peak Mem for (0, 5, 5, 0), module 1
result[(0, 5, 5, 0), 1] = ModuleProfileResult(compute_cost=558.302, peak_memory=10.800 GB, invar_size=7.981 GB, outvar_size=1.821 GB, temp_buffer_size=2.819 GB, available_memory=64.000 GB, comm_cost=1.630)
Using pre computed peak Mem for (0, 6, 5, 0), module 0
result[(0, 6, 5, 0), 0] = ModuleProfileResult(compute_cost=1558.542, peak_memory=7.980 GB, invar_size=5.196 GB, outvar_size=10.007 GB, temp_buffer_size=-7.223 GB, available_memory=64.000 GB, comm_cost=1.502)
Using pre computed peak Mem for (0, 6, 5, 0), module 1
result[(0, 6, 5, 0), 1] = ModuleProfileResult(compute_cost=6442.547, peak_memory=12.600 GB, invar_size=15.203 GB, outvar_size=5.196 GB, temp_buffer_size=-2.603 GB, available_memory=64.000 GB, comm_cost=3.231)
Using pre computed peak Mem for (0, 7, 5, 0), module 0
result[(0, 7, 5, 0), 0] = ModuleProfileResult(compute_cost=2662.997, peak_memory=9.120 GB, invar_size=2.032 GB, outvar_size=7.905 GB, temp_buffer_size=-0.817 GB, available_memory=64.000 GB, comm_cost=2.541)
Using pre computed peak Mem for (0, 7, 5, 0), module 1
result[(0, 7, 5, 0), 1] = ModuleProfileResult(compute_cost=730.552, peak_memory=14.400 GB, invar_size=9.937 GB, outvar_size=2.032 GB, temp_buffer_size=4.463 GB, available_memory=64.000 GB, comm_cost=2.420)
Using pre computed peak Mem for (0, 8, 5, 0), module 0
result[(0, 8, 5, 0), 0] = ModuleProfileResult(compute_cost=2961.938, peak_memory=10.260 GB, invar_size=2.138 GB, outvar_size=8.936 GB, temp_buffer_size=-0.814 GB, available_memory=64.000 GB, comm_cost=2.801)
Using pre computed peak Mem for (0, 8, 5, 0), module 1
result[(0, 8, 5, 0), 1] = ModuleProfileResult(compute_cost=816.372, peak_memory=16.200 GB, invar_size=11.074 GB, outvar_size=2.138 GB, temp_buffer_size=5.126 GB, available_memory=64.000 GB, comm_cost=2.507)
Using pre computed peak Mem for (0, 9, 5, 0), module 0
result[(0, 9, 5, 0), 0] = ModuleProfileResult(compute_cost=2656.743, peak_memory=11.400 GB, invar_size=4.696 GB, outvar_size=12.374 GB, temp_buffer_size=-5.670 GB, available_memory=64.000 GB, comm_cost=2.476)
Using pre computed peak Mem for (0, 9, 5, 0), module 1
result[(0, 9, 5, 0), 1] = ModuleProfileResult(compute_cost=5250.473, peak_memory=18.000 GB, invar_size=17.070 GB, outvar_size=4.696 GB, temp_buffer_size=0.930 GB, available_memory=64.000 GB, comm_cost=3.185)
Using pre computed peak Mem for (0, 10, 5, 0), module 0
result[(0, 10, 5, 0), 0] = ModuleProfileResult(compute_cost=3134.815, peak_memory=12.540 GB, invar_size=4.257 GB, outvar_size=12.588 GB, temp_buffer_size=-4.305 GB, available_memory=64.000 GB, comm_cost=2.929)
Using pre computed peak Mem for (0, 10, 5, 0), module 1
result[(0, 10, 5, 0), 1] = ModuleProfileResult(compute_cost=4041.606, peak_memory=19.800 GB, invar_size=16.936 GB, outvar_size=4.257 GB, temp_buffer_size=2.864 GB, available_memory=64.000 GB, comm_cost=3.282)
Using pre computed peak Mem for (0, 11, 5, 0), module 0
result[(0, 11, 5, 0), 0] = ModuleProfileResult(compute_cost=3588.610, peak_memory=13.680 GB, invar_size=2.420 GB, outvar_size=13.090 GB, temp_buffer_size=-1.830 GB, available_memory=64.000 GB, comm_cost=3.377)
Using pre computed peak Mem for (0, 11, 5, 0), module 1
result[(0, 11, 5, 0), 1] = ModuleProfileResult(compute_cost=1067.193, peak_memory=21.600 GB, invar_size=16.660 GB, outvar_size=3.570 GB, temp_buffer_size=4.940 GB, available_memory=64.000 GB, comm_cost=1.949)
Using pre computed peak Mem for (1, 1, 5, 0), module 0
result[(1, 1, 5, 0), 0] = ModuleProfileResult(compute_cost=299.159, peak_memory=1.140 GB, invar_size=0.199 GB, outvar_size=1.128 GB, temp_buffer_size=-0.188 GB, available_memory=64.000 GB, comm_cost=0.260)
result[(1, 1, 5, 0), 1] = ModuleProfileResult(compute_cost=86.106, peak_memory=1.493 GB, invar_size=1.234 GB, outvar_size=0.199 GB, temp_buffer_size=0.165 GB, available_memory=64.000 GB, comm_cost=0.093)
Using pre computed peak Mem for (1, 2, 5, 0), module 0
result[(1, 2, 5, 0), 0] = ModuleProfileResult(compute_cost=868.668, peak_memory=2.280 GB, invar_size=0.340 GB, outvar_size=2.573 GB, temp_buffer_size=-0.633 GB, available_memory=64.000 GB, comm_cost=0.750)
result[(1, 2, 5, 0), 1] = ModuleProfileResult(compute_cost=207.181, peak_memory=3.300 GB, invar_size=2.819 GB, outvar_size=0.340 GB, temp_buffer_size=0.387 GB, available_memory=64.000 GB, comm_cost=0.249)
Using pre computed peak Mem for (1, 3, 5, 0), module 0
result[(1, 3, 5, 0), 0] = ModuleProfileResult(compute_cost=1167.609, peak_memory=3.420 GB, invar_size=0.446 GB, outvar_size=3.286 GB, temp_buffer_size=-0.312 GB, available_memory=64.000 GB, comm_cost=1.010)
Using pre computed peak Mem for (1, 3, 5, 0), module 1
result[(1, 3, 5, 0), 1] = ModuleProfileResult(compute_cost=293.803, peak_memory=5.400 GB, invar_size=3.639 GB, outvar_size=0.446 GB, temp_buffer_size=1.668 GB, available_memory=64.000 GB, comm_cost=1.142)
Using pre computed peak Mem for (1, 4, 5, 0), module 0
result[(1, 4, 5, 0), 0] = ModuleProfileResult(compute_cost=1466.550, peak_memory=4.560 GB, invar_size=0.552 GB, outvar_size=4.227 GB, temp_buffer_size=-0.219 GB, available_memory=64.000 GB, comm_cost=1.270)
Using pre computed peak Mem for (1, 4, 5, 0), module 1
result[(1, 4, 5, 0), 1] = ModuleProfileResult(compute_cost=379.227, peak_memory=7.200 GB, invar_size=4.685 GB, outvar_size=0.552 GB, temp_buffer_size=2.421 GB, available_memory=64.000 GB, comm_cost=0.834)
Using pre computed peak Mem for (1, 5, 5, 0), module 0
result[(1, 5, 5, 0), 0] = ModuleProfileResult(compute_cost=1765.491, peak_memory=5.700 GB, invar_size=0.657 GB, outvar_size=5.258 GB, temp_buffer_size=-0.216 GB, available_memory=64.000 GB, comm_cost=1.529)
Using pre computed peak Mem for (1, 5, 5, 0), module 1
result[(1, 5, 5, 0), 1] = ModuleProfileResult(compute_cost=465.052, peak_memory=9.000 GB, invar_size=5.822 GB, outvar_size=0.657 GB, temp_buffer_size=3.084 GB, available_memory=64.000 GB, comm_cost=0.926)
Using pre computed peak Mem for (1, 6, 5, 0), module 0
result[(1, 6, 5, 0), 0] = ModuleProfileResult(compute_cost=2064.432, peak_memory=6.840 GB, invar_size=0.763 GB, outvar_size=6.199 GB, temp_buffer_size=-0.122 GB, available_memory=64.000 GB, comm_cost=1.789)
Using pre computed peak Mem for (1, 6, 5, 0), module 1
result[(1, 6, 5, 0), 1] = ModuleProfileResult(compute_cost=551.473, peak_memory=10.800 GB, invar_size=6.868 GB, outvar_size=0.763 GB, temp_buffer_size=3.838 GB, available_memory=64.000 GB, comm_cost=1.619)
Using pre computed peak Mem for (1, 7, 5, 0), module 0
result[(1, 7, 5, 0), 0] = ModuleProfileResult(compute_cost=2363.373, peak_memory=7.980 GB, invar_size=0.869 GB, outvar_size=7.094 GB, temp_buffer_size=0.017 GB, available_memory=64.000 GB, comm_cost=2.048)
Using pre computed peak Mem for (1, 7, 5, 0), module 1
result[(1, 7, 5, 0), 1] = ModuleProfileResult(compute_cost=636.903, peak_memory=12.600 GB, invar_size=7.869 GB, outvar_size=0.869 GB, temp_buffer_size=4.637 GB, available_memory=64.000 GB, comm_cost=1.313)
Using pre computed peak Mem for (1, 8, 5, 0), module 0
result[(1, 8, 5, 0), 0] = ModuleProfileResult(compute_cost=2662.314, peak_memory=9.120 GB, invar_size=0.974 GB, outvar_size=8.126 GB, temp_buffer_size=0.020 GB, available_memory=64.000 GB, comm_cost=2.308)
Using pre computed peak Mem for (1, 8, 5, 0), module 1
result[(1, 8, 5, 0), 1] = ModuleProfileResult(compute_cost=723.120, peak_memory=14.400 GB, invar_size=9.006 GB, outvar_size=0.974 GB, temp_buffer_size=5.300 GB, available_memory=64.000 GB, comm_cost=1.803)
Using pre computed peak Mem for (1, 9, 5, 0), module 0
result[(1, 9, 5, 0), 0] = ModuleProfileResult(compute_cost=2961.254, peak_memory=10.260 GB, invar_size=1.080 GB, outvar_size=9.021 GB, temp_buffer_size=0.159 GB, available_memory=64.000 GB, comm_cost=2.568)
Using pre computed peak Mem for (1, 9, 5, 0), module 1
result[(1, 9, 5, 0), 1] = ModuleProfileResult(compute_cost=808.947, peak_memory=16.200 GB, invar_size=10.007 GB, outvar_size=1.080 GB, temp_buffer_size=6.099 GB, available_memory=64.000 GB, comm_cost=1.896)
Using pre computed peak Mem for (1, 10, 5, 0), module 0
result[(1, 10, 5, 0), 0] = ModuleProfileResult(compute_cost=3260.195, peak_memory=11.400 GB, invar_size=1.186 GB, outvar_size=9.598 GB, temp_buffer_size=0.616 GB, available_memory=64.000 GB, comm_cost=2.827)
Using pre computed peak Mem for (1, 10, 5, 0), module 1
result[(1, 10, 5, 0), 1] = ModuleProfileResult(compute_cost=895.764, peak_memory=18.000 GB, invar_size=10.690 GB, outvar_size=1.186 GB, temp_buffer_size=7.216 GB, available_memory=64.000 GB, comm_cost=2.988)
Using pre computed peak Mem for (1, 11, 5, 0), module 0
result[(1, 11, 5, 0), 0] = ModuleProfileResult(compute_cost=3288.943, peak_memory=12.540 GB, invar_size=1.292 GB, outvar_size=10.438 GB, temp_buffer_size=0.809 GB, available_memory=64.000 GB, comm_cost=2.856)
Using pre computed peak Mem for (1, 11, 5, 0), module 1
result[(1, 11, 5, 0), 1] = ModuleProfileResult(compute_cost=973.075, peak_memory=19.800 GB, invar_size=11.637 GB, outvar_size=1.292 GB, temp_buffer_size=8.069 GB, available_memory=64.000 GB, comm_cost=2.621)
Using pre computed peak Mem for (2, 2, 5, 0), module 0
result[(2, 2, 5, 0), 0] = ModuleProfileResult(compute_cost=569.540, peak_memory=1.140 GB, invar_size=0.235 GB, outvar_size=1.493 GB, temp_buffer_size=-0.588 GB, available_memory=64.000 GB, comm_cost=0.491)
Using pre computed peak Mem for (2, 2, 5, 0), module 1
result[(2, 2, 5, 0), 1] = ModuleProfileResult(compute_cost=121.276, peak_memory=1.800 GB, invar_size=1.634 GB, outvar_size=0.235 GB, temp_buffer_size=0.072 GB, available_memory=64.000 GB, comm_cost=0.357)
Using pre computed peak Mem for (2, 3, 5, 0), module 0
result[(2, 3, 5, 0), 0] = ModuleProfileResult(compute_cost=868.481, peak_memory=2.280 GB, invar_size=0.340 GB, outvar_size=2.434 GB, temp_buffer_size=-0.494 GB, available_memory=64.000 GB, comm_cost=0.750)
result[(2, 3, 5, 0), 1] = ModuleProfileResult(compute_cost=206.902, peak_memory=3.160 GB, invar_size=2.680 GB, outvar_size=0.340 GB, temp_buffer_size=0.386 GB, available_memory=64.000 GB, comm_cost=0.250)
Using pre computed peak Mem for (2, 4, 5, 0), module 0
result[(2, 4, 5, 0), 0] = ModuleProfileResult(compute_cost=1167.422, peak_memory=3.420 GB, invar_size=0.446 GB, outvar_size=3.238 GB, temp_buffer_size=-0.264 GB, available_memory=64.000 GB, comm_cost=1.010)
Using pre computed peak Mem for (2, 4, 5, 0), module 1
result[(2, 4, 5, 0), 1] = ModuleProfileResult(compute_cost=293.125, peak_memory=5.400 GB, invar_size=3.590 GB, outvar_size=0.446 GB, temp_buffer_size=1.716 GB, available_memory=64.000 GB, comm_cost=0.743)
Using pre computed peak Mem for (2, 5, 5, 0), module 0
result[(2, 5, 5, 0), 0] = ModuleProfileResult(compute_cost=1466.363, peak_memory=4.560 GB, invar_size=0.552 GB, outvar_size=4.315 GB, temp_buffer_size=-0.307 GB, available_memory=64.000 GB, comm_cost=1.270)
Using pre computed peak Mem for (2, 5, 5, 0), module 1
result[(2, 5, 5, 0), 1] = ModuleProfileResult(compute_cost=378.948, peak_memory=7.200 GB, invar_size=4.773 GB, outvar_size=0.552 GB, temp_buffer_size=2.333 GB, available_memory=64.000 GB, comm_cost=0.834)
Using pre computed peak Mem for (2, 6, 5, 0), module 0
result[(2, 6, 5, 0), 0] = ModuleProfileResult(compute_cost=1765.303, peak_memory=5.700 GB, invar_size=0.657 GB, outvar_size=5.074 GB, temp_buffer_size=-0.031 GB, available_memory=64.000 GB, comm_cost=1.529)
Using pre computed peak Mem for (2, 6, 5, 0), module 1
result[(2, 6, 5, 0), 1] = ModuleProfileResult(compute_cost=465.371, peak_memory=9.000 GB, invar_size=5.637 GB, outvar_size=0.657 GB, temp_buffer_size=3.269 GB, available_memory=64.000 GB, comm_cost=1.528)
Using pre computed peak Mem for (2, 7, 5, 0), module 0
result[(2, 7, 5, 0), 0] = ModuleProfileResult(compute_cost=2064.244, peak_memory=6.840 GB, invar_size=0.763 GB, outvar_size=6.060 GB, temp_buffer_size=0.017 GB, available_memory=64.000 GB, comm_cost=1.789)
Using pre computed peak Mem for (2, 7, 5, 0), module 1
result[(2, 7, 5, 0), 1] = ModuleProfileResult(compute_cost=550.996, peak_memory=10.800 GB, invar_size=6.729 GB, outvar_size=0.763 GB, temp_buffer_size=3.977 GB, available_memory=64.000 GB, comm_cost=1.420)
Using pre computed peak Mem for (2, 8, 5, 0), module 0
result[(2, 8, 5, 0), 0] = ModuleProfileResult(compute_cost=2363.185, peak_memory=7.980 GB, invar_size=0.869 GB, outvar_size=7.182 GB, temp_buffer_size=-0.071 GB, available_memory=64.000 GB, comm_cost=2.048)
Using pre computed peak Mem for (2, 8, 5, 0), module 1
result[(2, 8, 5, 0), 1] = ModuleProfileResult(compute_cost=636.618, peak_memory=12.600 GB, invar_size=7.957 GB, outvar_size=0.869 GB, temp_buffer_size=4.549 GB, available_memory=64.000 GB, comm_cost=1.311)
Using pre computed peak Mem for (2, 9, 5, 0), module 0
result[(2, 9, 5, 0), 0] = ModuleProfileResult(compute_cost=2662.126, peak_memory=9.120 GB, invar_size=0.974 GB, outvar_size=7.941 GB, temp_buffer_size=0.205 GB, available_memory=64.000 GB, comm_cost=2.308)
Using pre computed peak Mem for (2, 9, 5, 0), module 1
result[(2, 9, 5, 0), 1] = ModuleProfileResult(compute_cost=722.638, peak_memory=14.400 GB, invar_size=8.822 GB, outvar_size=0.974 GB, temp_buffer_size=5.485 GB, available_memory=64.000 GB, comm_cost=1.602)
Using pre computed peak Mem for (2, 10, 5, 0), module 0
result[(2, 10, 5, 0), 0] = ModuleProfileResult(compute_cost=2961.067, peak_memory=10.260 GB, invar_size=1.080 GB, outvar_size=8.700 GB, temp_buffer_size=0.480 GB, available_memory=64.000 GB, comm_cost=2.568)
Using pre computed peak Mem for (2, 10, 5, 0), module 1
result[(2, 10, 5, 0), 1] = ModuleProfileResult(compute_cost=808.863, peak_memory=16.200 GB, invar_size=9.686 GB, outvar_size=1.080 GB, temp_buffer_size=6.420 GB, available_memory=64.000 GB, comm_cost=2.095)
Using pre computed peak Mem for (2, 11, 5, 0), module 0
result[(2, 11, 5, 0), 0] = ModuleProfileResult(compute_cost=2989.815, peak_memory=11.400 GB, invar_size=1.187 GB, outvar_size=9.540 GB, temp_buffer_size=0.673 GB, available_memory=64.000 GB, comm_cost=2.596)
Using pre computed peak Mem for (2, 11, 5, 0), module 1
result[(2, 11, 5, 0), 1] = ModuleProfileResult(compute_cost=886.772, peak_memory=18.000 GB, invar_size=10.633 GB, outvar_size=1.187 GB, temp_buffer_size=7.273 GB, available_memory=64.000 GB, comm_cost=2.329)
Using pre computed peak Mem for (3, 3, 5, 0), module 0
result[(3, 3, 5, 0), 0] = ModuleProfileResult(compute_cost=298.972, peak_memory=1.140 GB, invar_size=0.199 GB, outvar_size=1.080 GB, temp_buffer_size=-0.139 GB, available_memory=64.000 GB, comm_cost=0.260)
result[(3, 3, 5, 0), 1] = ModuleProfileResult(compute_cost=85.825, peak_memory=1.420 GB, invar_size=1.185 GB, outvar_size=0.199 GB, temp_buffer_size=0.141 GB, available_memory=64.000 GB, comm_cost=0.093)
Using pre computed peak Mem for (3, 4, 5, 0), module 0
result[(3, 4, 5, 0), 0] = ModuleProfileResult(compute_cost=597.913, peak_memory=2.280 GB, invar_size=0.305 GB, outvar_size=1.975 GB, temp_buffer_size=-0.000 GB, available_memory=64.000 GB, comm_cost=0.519)
Using pre computed peak Mem for (3, 4, 5, 0), module 1
result[(3, 4, 5, 0), 1] = ModuleProfileResult(compute_cost=171.847, peak_memory=3.600 GB, invar_size=2.186 GB, outvar_size=0.305 GB, temp_buffer_size=1.320 GB, available_memory=64.000 GB, comm_cost=0.385)
Using pre computed peak Mem for (3, 5, 5, 0), module 0
result[(3, 5, 5, 0), 0] = ModuleProfileResult(compute_cost=896.854, peak_memory=3.420 GB, invar_size=0.411 GB, outvar_size=2.779 GB, temp_buffer_size=0.230 GB, available_memory=64.000 GB, comm_cost=0.779)
Using pre computed peak Mem for (3, 5, 5, 0), module 1
result[(3, 5, 5, 0), 1] = ModuleProfileResult(compute_cost=257.869, peak_memory=5.400 GB, invar_size=3.096 GB, outvar_size=0.411 GB, temp_buffer_size=2.210 GB, available_memory=64.000 GB, comm_cost=0.676)
Using pre computed peak Mem for (3, 6, 5, 0), module 0
result[(3, 6, 5, 0), 0] = ModuleProfileResult(compute_cost=1195.795, peak_memory=4.560 GB, invar_size=0.516 GB, outvar_size=3.811 GB, temp_buffer_size=0.233 GB, available_memory=64.000 GB, comm_cost=1.038)
Using pre computed peak Mem for (3, 6, 5, 0), module 1
result[(3, 6, 5, 0), 1] = ModuleProfileResult(compute_cost=343.893, peak_memory=7.200 GB, invar_size=4.233 GB, outvar_size=0.516 GB, temp_buffer_size=2.873 GB, available_memory=64.000 GB, comm_cost=0.969)
Using pre computed peak Mem for (3, 7, 5, 0), module 0
result[(3, 7, 5, 0), 0] = ModuleProfileResult(compute_cost=1494.736, peak_memory=5.700 GB, invar_size=0.622 GB, outvar_size=4.797 GB, temp_buffer_size=0.281 GB, available_memory=64.000 GB, comm_cost=1.298)
Using pre computed peak Mem for (3, 7, 5, 0), module 1
result[(3, 7, 5, 0), 1] = ModuleProfileResult(compute_cost=429.521, peak_memory=9.000 GB, invar_size=5.325 GB, outvar_size=0.622 GB, temp_buffer_size=3.581 GB, available_memory=64.000 GB, comm_cost=0.863)
Using pre computed peak Mem for (3, 8, 5, 0), module 0
result[(3, 8, 5, 0), 0] = ModuleProfileResult(compute_cost=1793.677, peak_memory=6.840 GB, invar_size=0.728 GB, outvar_size=5.874 GB, temp_buffer_size=0.239 GB, available_memory=64.000 GB, comm_cost=1.558)
Using pre computed peak Mem for (3, 8, 5, 0), module 1
result[(3, 8, 5, 0), 1] = ModuleProfileResult(compute_cost=515.149, peak_memory=10.800 GB, invar_size=6.508 GB, outvar_size=0.728 GB, temp_buffer_size=4.199 GB, available_memory=64.000 GB, comm_cost=0.757)
Using pre computed peak Mem for (3, 9, 5, 0), module 0
result[(3, 9, 5, 0), 0] = ModuleProfileResult(compute_cost=2092.618, peak_memory=7.980 GB, invar_size=0.834 GB, outvar_size=6.542 GB, temp_buffer_size=0.605 GB, available_memory=64.000 GB, comm_cost=1.817)
Using pre computed peak Mem for (3, 9, 5, 0), module 1
result[(3, 9, 5, 0), 1] = ModuleProfileResult(compute_cost=601.364, peak_memory=12.600 GB, invar_size=7.281 GB, outvar_size=0.833 GB, temp_buffer_size=5.225 GB, available_memory=64.000 GB, comm_cost=1.246)
Using pre computed peak Mem for (3, 10, 5, 0), module 0
result[(3, 10, 5, 0), 0] = ModuleProfileResult(compute_cost=2391.558, peak_memory=9.120 GB, invar_size=0.939 GB, outvar_size=7.528 GB, temp_buffer_size=0.653 GB, available_memory=64.000 GB, comm_cost=2.077)
Using pre computed peak Mem for (3, 10, 5, 0), module 1
result[(3, 10, 5, 0), 1] = ModuleProfileResult(compute_cost=687.388, peak_memory=14.400 GB, invar_size=8.373 GB, outvar_size=0.939 GB, temp_buffer_size=5.933 GB, available_memory=64.000 GB, comm_cost=1.538)
Using pre computed peak Mem for (3, 11, 5, 0), module 0
result[(3, 11, 5, 0), 0] = ModuleProfileResult(compute_cost=2420.306, peak_memory=10.260 GB, invar_size=1.046 GB, outvar_size=8.186 GB, temp_buffer_size=1.028 GB, available_memory=64.000 GB, comm_cost=2.105)
Using pre computed peak Mem for (3, 11, 5, 0), module 1
result[(3, 11, 5, 0), 1] = ModuleProfileResult(compute_cost=765.491, peak_memory=16.200 GB, invar_size=9.138 GB, outvar_size=1.046 GB, temp_buffer_size=6.968 GB, available_memory=64.000 GB, comm_cost=1.969)
Using pre computed peak Mem for (4, 4, 5, 0), module 0
result[(4, 4, 5, 0), 0] = ModuleProfileResult(compute_cost=298.972, peak_memory=1.140 GB, invar_size=0.199 GB, outvar_size=1.080 GB, temp_buffer_size=-0.139 GB, available_memory=64.000 GB, comm_cost=0.260)
result[(4, 4, 5, 0), 1] = ModuleProfileResult(compute_cost=85.825, peak_memory=1.420 GB, invar_size=1.185 GB, outvar_size=0.199 GB, temp_buffer_size=0.141 GB, available_memory=64.000 GB, comm_cost=0.093)
Using pre computed peak Mem for (4, 5, 5, 0), module 0
result[(4, 5, 5, 0), 0] = ModuleProfileResult(compute_cost=597.913, peak_memory=2.280 GB, invar_size=0.305 GB, outvar_size=1.930 GB, temp_buffer_size=0.045 GB, available_memory=64.000 GB, comm_cost=0.519)
Using pre computed peak Mem for (4, 5, 5, 0), module 1
result[(4, 5, 5, 0), 1] = ModuleProfileResult(compute_cost=171.847, peak_memory=3.600 GB, invar_size=2.141 GB, outvar_size=0.305 GB, temp_buffer_size=1.365 GB, available_memory=64.000 GB, comm_cost=0.385)
Using pre computed peak Mem for (4, 6, 5, 0), module 0
result[(4, 6, 5, 0), 0] = ModuleProfileResult(compute_cost=896.854, peak_memory=3.420 GB, invar_size=0.411 GB, outvar_size=3.006 GB, temp_buffer_size=0.003 GB, available_memory=64.000 GB, comm_cost=0.779)
result[(4, 6, 5, 0), 1] = ModuleProfileResult(compute_cost=257.475, peak_memory=3.876 GB, invar_size=3.323 GB, outvar_size=0.411 GB, temp_buffer_size=0.459 GB, available_memory=64.000 GB, comm_cost=0.278)
Using pre computed peak Mem for (4, 7, 5, 0), module 0
result[(4, 7, 5, 0), 0] = ModuleProfileResult(compute_cost=793.038, peak_memory=4.560 GB, invar_size=2.151 GB, outvar_size=5.355 GB, temp_buffer_size=-2.946 GB, available_memory=64.000 GB, comm_cost=0.649)
Using pre computed peak Mem for (4, 7, 5, 0), module 1
result[(4, 7, 5, 0), 1] = ModuleProfileResult(compute_cost=3243.206, peak_memory=7.200 GB, invar_size=7.412 GB, outvar_size=2.151 GB, temp_buffer_size=-0.306 GB, available_memory=64.000 GB, comm_cost=1.825)
Using pre computed peak Mem for (4, 8, 5, 0), module 0
result[(4, 8, 5, 0), 0] = ModuleProfileResult(compute_cost=1494.736, peak_memory=5.700 GB, invar_size=0.622 GB, outvar_size=4.661 GB, temp_buffer_size=0.417 GB, available_memory=64.000 GB, comm_cost=1.298)
Using pre computed peak Mem for (4, 8, 5, 0), module 1
result[(4, 8, 5, 0), 1] = ModuleProfileResult(compute_cost=429.718, peak_memory=9.000 GB, invar_size=5.189 GB, outvar_size=0.622 GB, temp_buffer_size=3.717 GB, available_memory=64.000 GB, comm_cost=1.062)
Using pre computed peak Mem for (4, 9, 5, 0), module 0
result[(4, 9, 5, 0), 0] = ModuleProfileResult(compute_cost=1793.677, peak_memory=6.840 GB, invar_size=0.728 GB, outvar_size=5.783 GB, temp_buffer_size=0.329 GB, available_memory=64.000 GB, comm_cost=1.558)
Using pre computed peak Mem for (4, 9, 5, 0), module 1
result[(4, 9, 5, 0), 1] = ModuleProfileResult(compute_cost=515.545, peak_memory=10.800 GB, invar_size=6.417 GB, outvar_size=0.728 GB, temp_buffer_size=4.289 GB, available_memory=64.000 GB, comm_cost=1.156)
Using pre computed peak Mem for (4, 10, 5, 0), module 0
result[(4, 10, 5, 0), 0] = ModuleProfileResult(compute_cost=2092.618, peak_memory=7.980 GB, invar_size=0.834 GB, outvar_size=6.360 GB, temp_buffer_size=0.786 GB, available_memory=64.000 GB, comm_cost=1.817)
Using pre computed peak Mem for (4, 10, 5, 0), module 1
result[(4, 10, 5, 0), 1] = ModuleProfileResult(compute_cost=601.963, peak_memory=12.600 GB, invar_size=7.100 GB, outvar_size=0.833 GB, temp_buffer_size=5.406 GB, available_memory=64.000 GB, comm_cost=1.846)
Using pre computed peak Mem for (4, 11, 5, 0), module 0
result[(4, 11, 5, 0), 0] = ModuleProfileResult(compute_cost=2121.365, peak_memory=9.120 GB, invar_size=0.940 GB, outvar_size=7.200 GB, temp_buffer_size=0.980 GB, available_memory=64.000 GB, comm_cost=1.846)
Using pre computed peak Mem for (4, 11, 5, 0), module 1
result[(4, 11, 5, 0), 1] = ModuleProfileResult(compute_cost=679.874, peak_memory=14.400 GB, invar_size=8.047 GB, outvar_size=0.940 GB, temp_buffer_size=6.260 GB, available_memory=64.000 GB, comm_cost=2.081)
Using pre computed peak Mem for (5, 5, 5, 0), module 0
result[(5, 5, 5, 0), 0] = ModuleProfileResult(compute_cost=298.972, peak_memory=1.140 GB, invar_size=0.199 GB, outvar_size=1.080 GB, temp_buffer_size=-0.139 GB, available_memory=64.000 GB, comm_cost=0.260)
result[(5, 5, 5, 0), 1] = ModuleProfileResult(compute_cost=85.825, peak_memory=1.420 GB, invar_size=1.185 GB, outvar_size=0.199 GB, temp_buffer_size=0.141 GB, available_memory=64.000 GB, comm_cost=0.093)
Using pre computed peak Mem for (5, 6, 5, 0), module 0
result[(5, 6, 5, 0), 0] = ModuleProfileResult(compute_cost=597.913, peak_memory=2.280 GB, invar_size=0.305 GB, outvar_size=2.020 GB, temp_buffer_size=-0.045 GB, available_memory=64.000 GB, comm_cost=0.519)
result[(5, 6, 5, 0), 1] = ModuleProfileResult(compute_cost=171.650, peak_memory=2.581 GB, invar_size=2.232 GB, outvar_size=0.305 GB, temp_buffer_size=0.255 GB, available_memory=64.000 GB, comm_cost=0.186)
Using pre computed peak Mem for (5, 7, 5, 0), module 0
result[(5, 7, 5, 0), 0] = ModuleProfileResult(compute_cost=896.854, peak_memory=3.420 GB, invar_size=0.411 GB, outvar_size=2.961 GB, temp_buffer_size=0.048 GB, available_memory=64.000 GB, comm_cost=0.779)
Using pre computed peak Mem for (5, 7, 5, 0), module 1
result[(5, 7, 5, 0), 1] = ModuleProfileResult(compute_cost=257.674, peak_memory=5.400 GB, invar_size=3.278 GB, outvar_size=0.411 GB, temp_buffer_size=2.028 GB, available_memory=64.000 GB, comm_cost=0.478)
Using pre computed peak Mem for (5, 8, 5, 0), module 0
result[(5, 8, 5, 0), 0] = ModuleProfileResult(compute_cost=1195.795, peak_memory=4.560 GB, invar_size=0.516 GB, outvar_size=3.675 GB, temp_buffer_size=0.369 GB, available_memory=64.000 GB, comm_cost=1.038)
Using pre computed peak Mem for (5, 8, 5, 0), module 1
result[(5, 8, 5, 0), 1] = ModuleProfileResult(compute_cost=343.891, peak_memory=7.200 GB, invar_size=4.097 GB, outvar_size=0.516 GB, temp_buffer_size=3.009 GB, available_memory=64.000 GB, comm_cost=0.968)
Using pre computed peak Mem for (5, 9, 5, 0), module 0
result[(5, 9, 5, 0), 0] = ModuleProfileResult(compute_cost=1494.736, peak_memory=5.700 GB, invar_size=0.622 GB, outvar_size=4.797 GB, temp_buffer_size=0.281 GB, available_memory=64.000 GB, comm_cost=1.298)
Using pre computed peak Mem for (5, 9, 5, 0), module 1
result[(5, 9, 5, 0), 1] = ModuleProfileResult(compute_cost=429.523, peak_memory=9.000 GB, invar_size=5.325 GB, outvar_size=0.622 GB, temp_buffer_size=3.581 GB, available_memory=64.000 GB, comm_cost=0.864)
Using pre computed peak Mem for (5, 10, 5, 0), module 0
result[(5, 10, 5, 0), 0] = ModuleProfileResult(compute_cost=1793.677, peak_memory=6.840 GB, invar_size=0.728 GB, outvar_size=5.647 GB, temp_buffer_size=0.466 GB, available_memory=64.000 GB, comm_cost=1.558)
Using pre computed peak Mem for (5, 10, 5, 0), module 1
result[(5, 10, 5, 0), 1] = ModuleProfileResult(compute_cost=515.943, peak_memory=10.800 GB, invar_size=6.281 GB, outvar_size=0.728 GB, temp_buffer_size=4.426 GB, available_memory=64.000 GB, comm_cost=1.555)
Using pre computed peak Mem for (5, 11, 5, 0), module 0
result[(5, 11, 5, 0), 0] = ModuleProfileResult(compute_cost=1822.424, peak_memory=7.980 GB, invar_size=0.834 GB, outvar_size=6.441 GB, temp_buffer_size=0.704 GB, available_memory=64.000 GB, comm_cost=1.586)
Using pre computed peak Mem for (5, 11, 5, 0), module 1
result[(5, 11, 5, 0), 1] = ModuleProfileResult(compute_cost=593.650, peak_memory=12.600 GB, invar_size=7.182 GB, outvar_size=0.834 GB, temp_buffer_size=5.324 GB, available_memory=64.000 GB, comm_cost=1.588)
Using pre computed peak Mem for (6, 6, 5, 0), module 0
result[(6, 6, 5, 0), 0] = ModuleProfileResult(compute_cost=298.972, peak_memory=1.140 GB, invar_size=0.199 GB, outvar_size=1.080 GB, temp_buffer_size=-0.139 GB, available_memory=64.000 GB, comm_cost=0.260)
result[(6, 6, 5, 0), 1] = ModuleProfileResult(compute_cost=85.825, peak_memory=1.420 GB, invar_size=1.185 GB, outvar_size=0.199 GB, temp_buffer_size=0.141 GB, available_memory=64.000 GB, comm_cost=0.093)
Using pre computed peak Mem for (6, 7, 5, 0), module 0
result[(6, 7, 5, 0), 0] = ModuleProfileResult(compute_cost=597.913, peak_memory=2.280 GB, invar_size=0.305 GB, outvar_size=1.884 GB, temp_buffer_size=0.091 GB, available_memory=64.000 GB, comm_cost=0.519)
Using pre computed peak Mem for (6, 7, 5, 0), module 1
result[(6, 7, 5, 0), 1] = ModuleProfileResult(compute_cost=171.847, peak_memory=3.600 GB, invar_size=2.095 GB, outvar_size=0.305 GB, temp_buffer_size=1.411 GB, available_memory=64.000 GB, comm_cost=0.385)
Using pre computed peak Mem for (6, 8, 5, 0), module 0
result[(6, 8, 5, 0), 0] = ModuleProfileResult(compute_cost=896.854, peak_memory=3.420 GB, invar_size=0.411 GB, outvar_size=2.825 GB, temp_buffer_size=0.184 GB, available_memory=64.000 GB, comm_cost=0.779)
Using pre computed peak Mem for (6, 8, 5, 0), module 1
result[(6, 8, 5, 0), 1] = ModuleProfileResult(compute_cost=257.873, peak_memory=5.400 GB, invar_size=3.142 GB, outvar_size=0.411 GB, temp_buffer_size=2.164 GB, available_memory=64.000 GB, comm_cost=0.678)
Using pre computed peak Mem for (6, 9, 5, 0), module 0
result[(6, 9, 5, 0), 0] = ModuleProfileResult(compute_cost=994.416, peak_memory=4.560 GB, invar_size=1.334 GB, outvar_size=4.492 GB, temp_buffer_size=-1.266 GB, available_memory=64.000 GB, comm_cost=0.844)
Using pre computed peak Mem for (6, 9, 5, 0), module 1
result[(6, 9, 5, 0), 1] = ModuleProfileResult(compute_cost=1793.649, peak_memory=7.200 GB, invar_size=5.732 GB, outvar_size=1.334 GB, temp_buffer_size=1.374 GB, available_memory=64.000 GB, comm_cost=1.497)
Using pre computed peak Mem for (6, 10, 5, 0), module 0
result[(6, 10, 5, 0), 0] = ModuleProfileResult(compute_cost=1494.736, peak_memory=5.700 GB, invar_size=0.622 GB, outvar_size=4.797 GB, temp_buffer_size=0.281 GB, available_memory=64.000 GB, comm_cost=1.298)
Using pre computed peak Mem for (6, 10, 5, 0), module 1
result[(6, 10, 5, 0), 1] = ModuleProfileResult(compute_cost=429.718, peak_memory=9.000 GB, invar_size=5.325 GB, outvar_size=0.622 GB, temp_buffer_size=3.581 GB, available_memory=64.000 GB, comm_cost=1.062)
Using pre computed peak Mem for (6, 11, 5, 0), module 0
result[(6, 11, 5, 0), 0] = ModuleProfileResult(compute_cost=1523.484, peak_memory=6.840 GB, invar_size=0.729 GB, outvar_size=5.319 GB, temp_buffer_size=0.792 GB, available_memory=64.000 GB, comm_cost=1.326)
Using pre computed peak Mem for (6, 11, 5, 0), module 1
result[(6, 11, 5, 0), 1] = ModuleProfileResult(compute_cost=507.825, peak_memory=10.800 GB, invar_size=5.954 GB, outvar_size=0.729 GB, temp_buffer_size=4.752 GB, available_memory=64.000 GB, comm_cost=1.495)
Using pre computed peak Mem for (7, 7, 5, 0), module 0
result[(7, 7, 5, 0), 0] = ModuleProfileResult(compute_cost=298.972, peak_memory=1.140 GB, invar_size=0.199 GB, outvar_size=1.080 GB, temp_buffer_size=-0.139 GB, available_memory=64.000 GB, comm_cost=0.260)
result[(7, 7, 5, 0), 1] = ModuleProfileResult(compute_cost=85.825, peak_memory=1.420 GB, invar_size=1.185 GB, outvar_size=0.199 GB, temp_buffer_size=0.141 GB, available_memory=64.000 GB, comm_cost=0.093)
Using pre computed peak Mem for (7, 8, 5, 0), module 0
result[(7, 8, 5, 0), 0] = ModuleProfileResult(compute_cost=597.913, peak_memory=2.280 GB, invar_size=0.305 GB, outvar_size=1.930 GB, temp_buffer_size=0.045 GB, available_memory=64.000 GB, comm_cost=0.519)
Using pre computed peak Mem for (7, 8, 5, 0), module 1
result[(7, 8, 5, 0), 1] = ModuleProfileResult(compute_cost=171.849, peak_memory=3.600 GB, invar_size=2.141 GB, outvar_size=0.305 GB, temp_buffer_size=1.365 GB, available_memory=64.000 GB, comm_cost=0.386)
Using pre computed peak Mem for (7, 9, 5, 0), module 0
result[(7, 9, 5, 0), 0] = ModuleProfileResult(compute_cost=896.854, peak_memory=3.420 GB, invar_size=0.411 GB, outvar_size=3.006 GB, temp_buffer_size=0.003 GB, available_memory=64.000 GB, comm_cost=0.779)
result[(7, 9, 5, 0), 1] = ModuleProfileResult(compute_cost=257.475, peak_memory=3.876 GB, invar_size=3.323 GB, outvar_size=0.411 GB, temp_buffer_size=0.459 GB, available_memory=64.000 GB, comm_cost=0.278)
Using pre computed peak Mem for (7, 10, 5, 0), module 0
result[(7, 10, 5, 0), 0] = ModuleProfileResult(compute_cost=1195.795, peak_memory=4.560 GB, invar_size=0.516 GB, outvar_size=3.902 GB, temp_buffer_size=0.142 GB, available_memory=64.000 GB, comm_cost=1.038)
Using pre computed peak Mem for (7, 10, 5, 0), module 1
result[(7, 10, 5, 0), 1] = ModuleProfileResult(compute_cost=343.698, peak_memory=7.200 GB, invar_size=4.324 GB, outvar_size=0.516 GB, temp_buffer_size=2.782 GB, available_memory=64.000 GB, comm_cost=0.771)
Using pre computed peak Mem for (7, 11, 5, 0), module 0
result[(7, 11, 5, 0), 0] = ModuleProfileResult(compute_cost=1224.543, peak_memory=5.700 GB, invar_size=0.623 GB, outvar_size=4.606 GB, temp_buffer_size=0.472 GB, available_memory=64.000 GB, comm_cost=1.067)
Using pre computed peak Mem for (7, 11, 5, 0), module 1
result[(7, 11, 5, 0), 1] = ModuleProfileResult(compute_cost=421.604, peak_memory=9.000 GB, invar_size=5.135 GB, outvar_size=0.623 GB, temp_buffer_size=3.772 GB, available_memory=64.000 GB, comm_cost=1.003)
Using pre computed peak Mem for (8, 8, 5, 0), module 0
result[(8, 8, 5, 0), 0] = ModuleProfileResult(compute_cost=298.972, peak_memory=1.140 GB, invar_size=0.199 GB, outvar_size=1.080 GB, temp_buffer_size=-0.139 GB, available_memory=64.000 GB, comm_cost=0.260)
result[(8, 8, 5, 0), 1] = ModuleProfileResult(compute_cost=85.825, peak_memory=1.420 GB, invar_size=1.185 GB, outvar_size=0.199 GB, temp_buffer_size=0.141 GB, available_memory=64.000 GB, comm_cost=0.093)
Using pre computed peak Mem for (8, 9, 5, 0), module 0
result[(8, 9, 5, 0), 0] = ModuleProfileResult(compute_cost=597.913, peak_memory=2.280 GB, invar_size=0.305 GB, outvar_size=1.884 GB, temp_buffer_size=0.091 GB, available_memory=64.000 GB, comm_cost=0.519)
Using pre computed peak Mem for (8, 9, 5, 0), module 1
result[(8, 9, 5, 0), 1] = ModuleProfileResult(compute_cost=171.847, peak_memory=3.600 GB, invar_size=2.095 GB, outvar_size=0.305 GB, temp_buffer_size=1.411 GB, available_memory=64.000 GB, comm_cost=0.385)
Using pre computed peak Mem for (8, 10, 5, 0), module 0
result[(8, 10, 5, 0), 0] = ModuleProfileResult(compute_cost=896.854, peak_memory=3.420 GB, invar_size=0.411 GB, outvar_size=2.825 GB, temp_buffer_size=0.184 GB, available_memory=64.000 GB, comm_cost=0.779)
Using pre computed peak Mem for (8, 10, 5, 0), module 1
result[(8, 10, 5, 0), 1] = ModuleProfileResult(compute_cost=257.871, peak_memory=5.400 GB, invar_size=3.142 GB, outvar_size=0.411 GB, temp_buffer_size=2.164 GB, available_memory=64.000 GB, comm_cost=0.677)
Using pre computed peak Mem for (8, 11, 5, 0), module 0
result[(8, 11, 5, 0), 0] = ModuleProfileResult(compute_cost=925.602, peak_memory=4.560 GB, invar_size=0.517 GB, outvar_size=3.574 GB, temp_buffer_size=0.469 GB, available_memory=64.000 GB, comm_cost=0.807)
Using pre computed peak Mem for (8, 11, 5, 0), module 1
result[(8, 11, 5, 0), 1] = ModuleProfileResult(compute_cost=335.779, peak_memory=7.200 GB, invar_size=3.998 GB, outvar_size=0.517 GB, temp_buffer_size=3.109 GB, available_memory=64.000 GB, comm_cost=0.910)
Using pre computed peak Mem for (9, 9, 5, 0), module 0
result[(9, 9, 5, 0), 0] = ModuleProfileResult(compute_cost=298.972, peak_memory=1.140 GB, invar_size=0.199 GB, outvar_size=1.080 GB, temp_buffer_size=-0.139 GB, available_memory=64.000 GB, comm_cost=0.260)
result[(9, 9, 5, 0), 1] = ModuleProfileResult(compute_cost=85.825, peak_memory=1.420 GB, invar_size=1.185 GB, outvar_size=0.199 GB, temp_buffer_size=0.141 GB, available_memory=64.000 GB, comm_cost=0.093)
Using pre computed peak Mem for (9, 10, 5, 0), module 0
result[(9, 10, 5, 0), 0] = ModuleProfileResult(compute_cost=597.913, peak_memory=2.280 GB, invar_size=0.305 GB, outvar_size=1.975 GB, temp_buffer_size=-0.000 GB, available_memory=64.000 GB, comm_cost=0.519)
Using pre computed peak Mem for (9, 10, 5, 0), module 1
result[(9, 10, 5, 0), 1] = ModuleProfileResult(compute_cost=171.849, peak_memory=3.600 GB, invar_size=2.186 GB, outvar_size=0.305 GB, temp_buffer_size=1.320 GB, available_memory=64.000 GB, comm_cost=0.386)
Using pre computed peak Mem for (9, 11, 5, 0), module 0
result[(9, 11, 5, 0), 0] = ModuleProfileResult(compute_cost=626.661, peak_memory=3.420 GB, invar_size=0.411 GB, outvar_size=2.679 GB, temp_buffer_size=0.329 GB, available_memory=64.000 GB, comm_cost=0.548)
Using pre computed peak Mem for (9, 11, 5, 0), module 1
result[(9, 11, 5, 0), 1] = ModuleProfileResult(compute_cost=249.755, peak_memory=5.400 GB, invar_size=2.997 GB, outvar_size=0.411 GB, temp_buffer_size=2.309 GB, available_memory=64.000 GB, comm_cost=0.618)
Using pre computed peak Mem for (10, 10, 5, 0), module 0
result[(10, 10, 5, 0), 0] = ModuleProfileResult(compute_cost=298.972, peak_memory=1.140 GB, invar_size=0.199 GB, outvar_size=1.080 GB, temp_buffer_size=-0.139 GB, available_memory=64.000 GB, comm_cost=0.260)
result[(10, 10, 5, 0), 1] = ModuleProfileResult(compute_cost=85.825, peak_memory=1.420 GB, invar_size=1.185 GB, outvar_size=0.199 GB, temp_buffer_size=0.141 GB, available_memory=64.000 GB, comm_cost=0.093)
Using pre computed peak Mem for (10, 11, 5, 0), module 0
result[(10, 11, 5, 0), 0] = ModuleProfileResult(compute_cost=327.720, peak_memory=2.280 GB, invar_size=0.306 GB, outvar_size=1.693 GB, temp_buffer_size=0.281 GB, available_memory=64.000 GB, comm_cost=0.288)
Using pre computed peak Mem for (10, 11, 5, 0), module 1
result[(10, 11, 5, 0), 1] = ModuleProfileResult(compute_cost=163.930, peak_memory=3.600 GB, invar_size=1.905 GB, outvar_size=0.306 GB, temp_buffer_size=1.601 GB, available_memory=64.000 GB, comm_cost=0.525)
result[(11, 11, 5, 0), 0] = ModuleProfileResult(compute_cost=28.748, peak_memory=1.045 GB, invar_size=0.200 GB, outvar_size=0.798 GB, temp_buffer_size=0.047 GB, available_memory=64.000 GB, comm_cost=0.028)
Using pre computed peak Mem for (11, 11, 5, 0), module 1
result[(11, 11, 5, 0), 1] = ModuleProfileResult(compute_cost=77.906, peak_memory=1.800 GB, invar_size=0.904 GB, outvar_size=0.200 GB, temp_buffer_size=0.802 GB, available_memory=64.000 GB, comm_cost=0.232)
Profiling for submesh 5 (4, 8) takes 737.67 seconds
--------------------------------------------------
- Profiling for submesh 4 (2, 8):
- Generate all stage infos (Jaxpr -> HLO)
- Compile all stages, get estimations
num of workers:12
[2m[36m(CompileWorker pid=3296491)[0m compiled for stage:0 name: stage_0_0_acc_grad_0 module id: 0
[2m[36m(CompileWorker pid=3296490)[0m compiled for stage:1 name: stage_0_1_acc_grad_0 module id: 0
[2m[36m(CompileWorker pid=3296489)[0m compiled for stage:2 name: stage_0_2_acc_grad_0 module id: 0
[2m[36m(CompileWorker pid=3296483)[0m compiled for stage:8 name: stage_0_8_acc_grad_0 module id: 0
[2m[36m(CompileWorker pid=3296488)[0m compiled for stage:3 name: stage_0_3_acc_grad_0 module id: 0
[2m[36m(CompileWorker pid=3296491)[0m  tensor (Large latency) dimensions: (1, 2048, 36864, 36864, 1, 1, 1, 1, 1, 1, 0, 0, 'CONV', 1, 1, 0, 0),  latency: 241.54697142857142
[2m[36m(CompileWorker pid=3296490)[0m  tensor (Large latency) dimensions: (1, 2048, 36864, 36864, 1, 1, 1, 1, 1, 1, 0, 0, 'CONV', 1, 1, 0, 0),  latency: 241.54697142857142
[2m[36m(CompileWorker pid=3296487)[0m compiled for stage:4 name: stage_0_4_acc_grad_0 module id: 0
[2m[36m(CompileWorker pid=3296486)[0m compiled for stage:5 name: stage_0_5_acc_grad_0 module id: 0
[2m[36m(CompileWorker pid=3296489)[0m  tensor (Large latency) dimensions: (1, 128, 36864, 36864, 1, 1, 1, 1, 1, 1, 0, 0, 'CONV', 1, 1, 0, 0),  latency: 41.63876571428571
[2m[36m(CompileWorker pid=3296484)[0m compiled for stage:7 name: stage_0_7_acc_grad_0 module id: 0
[2m[36m(CompileWorker pid=3296485)[0m compiled for stage:6 name: stage_0_6_acc_grad_0 module id: 0
[2m[36m(CompileWorker pid=3296491)[0m  tensor (Large latency) dimensions: (1, 2048, 12288, 12288, 1, 1, 1, 1, 1, 1, 0, 0, 'CONV', 1, 1, 0, 0),  latency: 26.58889142857143
[2m[36m(CompileWorker pid=3296490)[0m  tensor (Large latency) dimensions: (1, 2048, 12288, 12288, 1, 1, 1, 1, 1, 1, 0, 0, 'CONV', 1, 1, 0, 0),  latency: 26.58889142857143
[2m[36m(CompileWorker pid=3296487)[0m  tensor (Large latency) dimensions: (1, 2048, 36864, 36864, 1, 1, 1, 1, 1, 1, 0, 0, 'CONV', 1, 1, 0, 0),  latency: 241.54697142857142
[2m[36m(CompileWorker pid=3296488)[0m  tensor (Large latency) dimensions: (1, 2048, 36864, 36864, 1, 1, 1, 1, 1, 1, 0, 0, 'CONV', 1, 1, 0, 0),  latency: 241.54697142857142
[2m[36m(CompileWorker pid=3296489)[0m  tensor (Large latency) dimensions: (1, 2048, 12288, 12288, 1, 1, 1, 1, 1, 1, 0, 0, 'CONV', 1, 1, 0, 0),  latency: 26.58889142857143
[2m[36m(CompileWorker pid=3296486)[0m  tensor (Large latency) dimensions: (1, 2048, 36864, 36864, 1, 1, 1, 1, 1, 1, 0, 0, 'CONV', 1, 1, 0, 0),  latency: 241.54697142857142
[2m[36m(CompileWorker pid=3296491)[0m  tensor (Large latency) dimensions: (1, 2048, 3072, 3072, 1, 1, 1, 1, 1, 1, 0, 0, 'CONV', 1, 1, 0, 0),  latency: 1.5915885714285714
[2m[36m(CompileWorker pid=3296490)[0m  tensor (Large latency) dimensions: (1, 2048, 3072, 3072, 1, 1, 1, 1, 1, 1, 0, 0, 'CONV', 1, 1, 0, 0),  latency: 1.5915885714285714
[2m[36m(CompileWorker pid=3296483)[0m  tensor (Large latency) dimensions: (1, 2048, 36864, 36864, 1, 1, 1, 1, 1, 1, 0, 0, 'CONV', 1, 1, 0, 0),  latency: 241.54697142857142
[2m[36m(CompileWorker pid=3296482)[0m compiled for stage:9 name: stage_0_9_acc_grad_0 module id: 0
[2m[36m(CompileWorker pid=3296489)[0m  tensor (Large latency) dimensions: (1, 2048, 3072, 3072, 1, 1, 1, 1, 1, 1, 0, 0, 'CONV', 1, 1, 0, 0),  latency: 1.5915885714285714
[2m[36m(CompileWorker pid=3296485)[0m  tensor (Large latency) dimensions: (1, 2048, 36864, 36864, 1, 1, 1, 1, 1, 1, 0, 0, 'CONV', 1, 1, 0, 0),  latency: 241.54697142857142
[2m[36m(CompileWorker pid=3296484)[0m  tensor (Large latency) dimensions: (1, 2048, 36864, 36864, 1, 1, 1, 1, 1, 1, 0, 0, 'CONV', 1, 1, 0, 0),  latency: 241.54697142857142
[2m[36m(CompileWorker pid=3296491)[0m  tensor (Large latency) dimensions: (1, 2048, 12288, 12288, 1, 1, 1, 1, 1, 1, 0, 0, 'CONV', 1, 1, 0, 0),  latency: 26.58889142857143
[2m[36m(CompileWorker pid=3296491)[0m compiled for stage:0 name: stage_0_0_acc_grad_1 module id: 1
[2m[36m(CompileWorker pid=3296490)[0m  tensor (Large latency) dimensions: (1, 2048, 12288, 12288, 1, 1, 1, 1, 1, 1, 0, 0, 'CONV', 1, 1, 0, 0),  latency: 26.58889142857143
[2m[36m(CompileWorker pid=3296490)[0m compiled for stage:1 name: stage_0_1_acc_grad_1 module id: 1
[2m[36m(CompileWorker pid=3296488)[0m  tensor (Large latency) dimensions: (1, 2048, 12288, 12288, 1, 1, 1, 1, 1, 1, 0, 0, 'CONV', 1, 1, 0, 0),  latency: 26.58889142857143
[2m[36m(CompileWorker pid=3296487)[0m  tensor (Large latency) dimensions: (1, 2048, 12288, 12288, 1, 1, 1, 1, 1, 1, 0, 0, 'CONV', 1, 1, 0, 0),  latency: 26.58889142857143
[2m[36m(CompileWorker pid=3296489)[0m  tensor (Large latency) dimensions: (1, 2048, 12288, 12288, 1, 1, 1, 1, 1, 1, 0, 0, 'CONV', 1, 1, 0, 0),  latency: 26.58889142857143
[2m[36m(CompileWorker pid=3296486)[0m  tensor (Large latency) dimensions: (1, 2048, 12288, 12288, 1, 1, 1, 1, 1, 1, 0, 0, 'CONV', 1, 1, 0, 0),  latency: 26.58889142857143
[2m[36m(CompileWorker pid=3296483)[0m  tensor (Large latency) dimensions: (1, 2048, 12288, 12288, 1, 1, 1, 1, 1, 1, 0, 0, 'CONV', 1, 1, 0, 0),  latency: 26.58889142857143
[2m[36m(CompileWorker pid=3296488)[0m  tensor (Large latency) dimensions: (1, 2048, 3072, 3072, 1, 1, 1, 1, 1, 1, 0, 0, 'CONV', 1, 1, 0, 0),  latency: 1.5915885714285714
[2m[36m(CompileWorker pid=3296487)[0m  tensor (Large latency) dimensions: (1, 2048, 3072, 3072, 1, 1, 1, 1, 1, 1, 0, 0, 'CONV', 1, 1, 0, 0),  latency: 1.5915885714285714
[2m[36m(CompileWorker pid=3296480)[0m compiled for stage:11 name: stage_0_11_acc_grad_0 module id: 0
[2m[36m(CompileWorker pid=3296482)[0m  tensor (Large latency) dimensions: (1, 2048, 36864, 36864, 1, 1, 1, 1, 1, 1, 0, 0, 'CONV', 1, 1, 0, 0),  latency: 241.54697142857142
[2m[36m(CompileWorker pid=3296491)[0m  tensor (Large latency) dimensions: (1, 3072, 12288, 12288, 1, 1, 1, 1, 1, 1, 0, 0, 'CONV', 1, 1, 0, 0),  latency: 39.883337142857144
[2m[36m(CompileWorker pid=3296486)[0m  tensor (Large latency) dimensions: (1, 2048, 3072, 3072, 1, 1, 1, 1, 1, 1, 0, 0, 'CONV', 1, 1, 0, 0),  latency: 1.5915885714285714
[2m[36m(CompileWorker pid=3296481)[0m compiled for stage:10 name: stage_0_10_acc_grad_0 module id: 0
[2m[36m(CompileWorker pid=3296484)[0m  tensor (Large latency) dimensions: (1, 2048, 12288, 12288, 1, 1, 1, 1, 1, 1, 0, 0, 'CONV', 1, 1, 0, 0),  latency: 26.58889142857143
[2m[36m(CompileWorker pid=3296485)[0m  tensor (Large latency) dimensions: (1, 2048, 12288, 12288, 1, 1, 1, 1, 1, 1, 0, 0, 'CONV', 1, 1, 0, 0),  latency: 26.58889142857143
[2m[36m(CompileWorker pid=3296490)[0m  tensor (Large latency) dimensions: (1, 3072, 12288, 12288, 1, 1, 1, 1, 1, 1, 0, 0, 'CONV', 1, 1, 0, 0),  latency: 39.883337142857144
[2m[36m(CompileWorker pid=3296483)[0m  tensor (Large latency) dimensions: (1, 2048, 3072, 3072, 1, 1, 1, 1, 1, 1, 0, 0, 'CONV', 1, 1, 0, 0),  latency: 1.5915885714285714
[2m[36m(CompileWorker pid=3296489)[0m  tensor (Large latency) dimensions: (1, 2048, 36864, 36864, 1, 1, 1, 1, 1, 1, 0, 0, 'CONV', 1, 1, 0, 0),  latency: 241.54697142857142
[2m[36m(CompileWorker pid=3296488)[0m  tensor (Large latency) dimensions: (1, 2048, 12288, 12288, 1, 1, 1, 1, 1, 1, 0, 0, 'CONV', 1, 1, 0, 0),  latency: 26.58889142857143
[2m[36m(CompileWorker pid=3296488)[0m compiled for stage:3 name: stage_0_3_acc_grad_1 module id: 1
[2m[36m(CompileWorker pid=3296487)[0m  tensor (Large latency) dimensions: (1, 2048, 12288, 12288, 1, 1, 1, 1, 1, 1, 0, 0, 'CONV', 1, 1, 0, 0),  latency: 26.58889142857143
[2m[36m(CompileWorker pid=3296487)[0m compiled for stage:4 name: stage_0_4_acc_grad_1 module id: 1
[2m[36m(CompileWorker pid=3296489)[0m compiled for stage:2 name: stage_0_2_acc_grad_1 module id: 1
[2m[36m(CompileWorker pid=3296485)[0m  tensor (Large latency) dimensions: (1, 2048, 3072, 3072, 1, 1, 1, 1, 1, 1, 0, 0, 'CONV', 1, 1, 0, 0),  latency: 1.5915885714285714
[2m[36m(CompileWorker pid=3296484)[0m  tensor (Large latency) dimensions: (1, 2048, 3072, 3072, 1, 1, 1, 1, 1, 1, 0, 0, 'CONV', 1, 1, 0, 0),  latency: 1.5915885714285714
[2m[36m(CompileWorker pid=3296486)[0m  tensor (Large latency) dimensions: (1, 2048, 12288, 12288, 1, 1, 1, 1, 1, 1, 0, 0, 'CONV', 1, 1, 0, 0),  latency: 26.58889142857143
[2m[36m(CompileWorker pid=3296486)[0m compiled for stage:5 name: stage_0_5_acc_grad_1 module id: 1
[2m[36m(CompileWorker pid=3296483)[0m  tensor (Large latency) dimensions: (1, 2048, 12288, 12288, 1, 1, 1, 1, 1, 1, 0, 0, 'CONV', 1, 1, 0, 0),  latency: 26.58889142857143
[2m[36m(CompileWorker pid=3296488)[0m  tensor (Large latency) dimensions: (1, 768, 12288, 12288, 1, 1, 1, 1, 1, 1, 0, 0, 'CONV', 1, 1, 0, 0),  latency: 11.094308571428572
[2m[36m(CompileWorker pid=3296482)[0m  tensor (Large latency) dimensions: (1, 2048, 12288, 12288, 1, 1, 1, 1, 1, 1, 0, 0, 'CONV', 1, 1, 0, 0),  latency: 26.58889142857143
[2m[36m(CompileWorker pid=3296480)[0m  tensor (Large latency) dimensions: (1, 2048, 36864, 36864, 1, 1, 1, 1, 1, 1, 0, 0, 'CONV', 1, 1, 0, 0),  latency: 241.54697142857142
[2m[36m(CompileWorker pid=3296491)[0m  tensor (Large latency) dimensions: (1, 12288, 3072, 3072, 1, 1, 1, 1, 1, 1, 0, 0, 'CONV', 1, 1, 0, 0),  latency: 9.549531428571429
[2m[36m(CompileWorker pid=3296483)[0m  tensor (Large latency) dimensions: (1, 128, 36864, 36864, 1, 1, 1, 1, 1, 1, 0, 0, 'CONV', 1, 1, 0, 0),  latency: 41.63876571428571
[2m[36m(CompileWorker pid=3296481)[0m  tensor (Large latency) dimensions: (1, 2048, 36864, 36864, 1, 1, 1, 1, 1, 1, 0, 0, 'CONV', 1, 1, 0, 0),  latency: 241.54697142857142
[2m[36m(CompileWorker pid=3296487)[0m  tensor (Large latency) dimensions: (1, 768, 12288, 12288, 1, 1, 1, 1, 1, 1, 0, 0, 'CONV', 1, 1, 0, 0),  latency: 11.094308571428572
[2m[36m(CompileWorker pid=3296485)[0m  tensor (Large latency) dimensions: (1, 2048, 12288, 12288, 1, 1, 1, 1, 1, 1, 0, 0, 'CONV', 1, 1, 0, 0),  latency: 26.58889142857143
[2m[36m(CompileWorker pid=3296483)[0m compiled for stage:8 name: stage_0_8_acc_grad_1 module id: 1
[2m[36m(CompileWorker pid=3296490)[0m  tensor (Large latency) dimensions: (1, 12288, 3072, 3072, 1, 1, 1, 1, 1, 1, 0, 0, 'CONV', 1, 1, 0, 0),  latency: 9.549531428571429
[2m[36m(CompileWorker pid=3296484)[0m  tensor (Large latency) dimensions: (1, 2048, 12288, 12288, 1, 1, 1, 1, 1, 1, 0, 0, 'CONV', 1, 1, 0, 0),  latency: 26.58889142857143
[2m[36m(CompileWorker pid=3296489)[0m  tensor (Large latency) dimensions: (1, 768, 12288, 12288, 1, 1, 1, 1, 1, 1, 0, 0, 'CONV', 1, 1, 0, 0),  latency: 11.094308571428572
[2m[36m(CompileWorker pid=3296484)[0m compiled for stage:7 name: stage_0_7_acc_grad_1 module id: 1
[2m[36m(CompileWorker pid=3296486)[0m  tensor (Large latency) dimensions: (1, 768, 12288, 12288, 1, 1, 1, 1, 1, 1, 0, 0, 'CONV', 1, 1, 0, 0),  latency: 11.094308571428572
[2m[36m(CompileWorker pid=3296482)[0m  tensor (Large latency) dimensions: (1, 2048, 3072, 3072, 1, 1, 1, 1, 1, 1, 0, 0, 'CONV', 1, 1, 0, 0),  latency: 1.5915885714285714
[2m[36m(CompileWorker pid=3296491)[0m  tensor (Large latency) dimensions: (1, 768, 12288, 12288, 1, 1, 1, 1, 1, 1, 0, 0, 'CONV', 1, 1, 0, 0),  latency: 11.094308571428572
[2m[36m(CompileWorker pid=3296490)[0m  tensor (Large latency) dimensions: (1, 768, 12288, 12288, 1, 1, 1, 1, 1, 1, 0, 0, 'CONV', 1, 1, 0, 0),  latency: 11.094308571428572
[2m[36m(CompileWorker pid=3296485)[0m  tensor (Large latency) dimensions: (1, 128, 12288, 12288, 1, 1, 1, 1, 1, 1, 0, 0, 'CONV', 1, 1, 0, 0),  latency: 4.610925714285714
[2m[36m(CompileWorker pid=3296485)[0m compiled for stage:6 name: stage_0_6_acc_grad_1 module id: 1
[2m[36m(CompileWorker pid=3296484)[0m  tensor (Large latency) dimensions: (1, 768, 12288, 12288, 1, 1, 1, 1, 1, 1, 0, 0, 'CONV', 1, 1, 0, 0),  latency: 11.094308571428572
[2m[36m(CompileWorker pid=3296483)[0m  tensor (Large latency) dimensions: (1, 768, 12288, 12288, 1, 1, 1, 1, 1, 1, 0, 0, 'CONV', 1, 1, 0, 0),  latency: 11.094308571428572
[2m[36m(CompileWorker pid=3296482)[0m  tensor (Large latency) dimensions: (1, 2048, 12288, 12288, 1, 1, 1, 1, 1, 1, 0, 0, 'CONV', 1, 1, 0, 0),  latency: 26.58889142857143
[2m[36m(CompileWorker pid=3296481)[0m  tensor (Large latency) dimensions: (1, 2048, 12288, 12288, 1, 1, 1, 1, 1, 1, 0, 0, 'CONV', 1, 1, 0, 0),  latency: 26.58889142857143
[2m[36m(CompileWorker pid=3296480)[0m  tensor (Large latency) dimensions: (1, 2048, 12288, 12288, 1, 1, 1, 1, 1, 1, 0, 0, 'CONV', 1, 1, 0, 0),  latency: 26.58889142857143
[2m[36m(CompileWorker pid=3296488)[0m  tensor (Large latency) dimensions: (1, 12288, 2304, 2304, 1, 1, 1, 1, 1, 1, 0, 0, 'CONV', 1, 1, 0, 0),  latency: 6.530194285714286
[2m[36m(CompileWorker pid=3296489)[0m  tensor (Large latency) dimensions: (1, 12288, 2304, 2304, 1, 1, 1, 1, 1, 1, 0, 0, 'CONV', 1, 1, 0, 0),  latency: 6.530194285714286
[2m[36m(CompileWorker pid=3296482)[0m  tensor (Large latency) dimensions: (1, 128, 36864, 36864, 1, 1, 1, 1, 1, 1, 0, 0, 'CONV', 1, 1, 0, 0),  latency: 41.63876571428571
[2m[36m(CompileWorker pid=3296482)[0m compiled for stage:9 name: stage_0_9_acc_grad_1 module id: 1
[2m[36m(CompileWorker pid=3296487)[0m  tensor (Large latency) dimensions: (1, 12288, 2304, 2304, 1, 1, 1, 1, 1, 1, 0, 0, 'CONV', 1, 1, 0, 0),  latency: 6.530194285714286
[2m[36m(CompileWorker pid=3296481)[0m  tensor (Large latency) dimensions: (1, 2048, 3072, 3072, 1, 1, 1, 1, 1, 1, 0, 0, 'CONV', 1, 1, 0, 0),  latency: 1.5915885714285714
[2m[36m(CompileWorker pid=3296491)[0m  tensor (Large latency) dimensions: (1, 12288, 2304, 2304, 1, 1, 1, 1, 1, 1, 0, 0, 'CONV', 1, 1, 0, 0),  latency: 6.530194285714286
[2m[36m(CompileWorker pid=3296480)[0m  tensor (Large latency) dimensions: (1, 2048, 3072, 3072, 1, 1, 1, 1, 1, 1, 0, 0, 'CONV', 1, 1, 0, 0),  latency: 1.5915885714285714
[2m[36m(CompileWorker pid=3296490)[0m  tensor (Large latency) dimensions: (1, 12288, 2304, 2304, 1, 1, 1, 1, 1, 1, 0, 0, 'CONV', 1, 1, 0, 0),  latency: 6.530194285714286
[2m[36m(CompileWorker pid=3296489)[0m  tensor (Large latency) dimensions: (1, 2048, 12288, 12288, 1, 1, 1, 1, 1, 1, 0, 0, 'CONV', 1, 1, 0, 0),  latency: 26.58889142857143
[2m[36m(CompileWorker pid=3296488)[0m  tensor (Large latency) dimensions: (1, 2048, 12288, 12288, 1, 1, 1, 1, 1, 1, 0, 0, 'CONV', 1, 1, 0, 0),  latency: 26.58889142857143
[2m[36m(CompileWorker pid=3296486)[0m  tensor (Large latency) dimensions: (1, 12288, 2304, 2304, 1, 1, 1, 1, 1, 1, 0, 0, 'CONV', 1, 1, 0, 0),  latency: 6.530194285714286
[2m[36m(CompileWorker pid=3296487)[0m  tensor (Large latency) dimensions: (1, 2048, 12288, 12288, 1, 1, 1, 1, 1, 1, 0, 0, 'CONV', 1, 1, 0, 0),  latency: 26.58889142857143
[2m[36m(CompileWorker pid=3296490)[0m  tensor (Large latency) dimensions: (1, 2048, 12288, 12288, 1, 1, 1, 1, 1, 1, 0, 0, 'CONV', 1, 1, 0, 0),  latency: 26.58889142857143
[2m[36m(CompileWorker pid=3296482)[0m  tensor (Large latency) dimensions: (1, 768, 12288, 12288, 1, 1, 1, 1, 1, 1, 0, 0, 'CONV', 1, 1, 0, 0),  latency: 11.094308571428572
[2m[36m(CompileWorker pid=3296491)[0m  tensor (Large latency) dimensions: (1, 2048, 12288, 12288, 1, 1, 1, 1, 1, 1, 0, 0, 'CONV', 1, 1, 0, 0),  latency: 26.58889142857143
[2m[36m(CompileWorker pid=3296485)[0m  tensor (Large latency) dimensions: (1, 12288, 12288, 12288, 1, 1, 1, 1, 1, 1, 0, 0, 'CONV', 1, 1, 0, 0),  latency: 159.53334857142858
[2m[36m(CompileWorker pid=3296481)[0m  tensor (Large latency) dimensions: (1, 2048, 12288, 12288, 1, 1, 1, 1, 1, 1, 0, 0, 'CONV', 1, 1, 0, 0),  latency: 26.58889142857143
[2m[36m(CompileWorker pid=3296481)[0m compiled for stage:10 name: stage_0_10_acc_grad_1 module id: 1
[2m[36m(CompileWorker pid=3296490)[0m  tensor (Large latency) dimensions: (1, 128, 12288, 12288, 1, 1, 1, 1, 1, 1, 0, 0, 'CONV', 1, 1, 0, 0),  latency: 4.610925714285714
[2m[36m(CompileWorker pid=3296491)[0m  tensor (Large latency) dimensions: (1, 128, 12288, 12288, 1, 1, 1, 1, 1, 1, 0, 0, 'CONV', 1, 1, 0, 0),  latency: 4.610925714285714
[2m[36m(CompileWorker pid=3296480)[0m  tensor (Large latency) dimensions: (1, 2048, 12288, 12288, 1, 1, 1, 1, 1, 1, 0, 0, 'CONV', 1, 1, 0, 0),  latency: 26.58889142857143
[2m[36m(CompileWorker pid=3296484)[0m  tensor (Large latency) dimensions: (1, 12288, 2304, 2304, 1, 1, 1, 1, 1, 1, 0, 0, 'CONV', 1, 1, 0, 0),  latency: 6.530194285714286
[2m[36m(CompileWorker pid=3296480)[0m compiled for stage:11 name: stage_0_11_acc_grad_1 module id: 1
[2m[36m(CompileWorker pid=3296489)[0m  tensor (Large latency) dimensions: (1, 3072, 12288, 12288, 1, 1, 1, 1, 1, 1, 0, 0, 'CONV', 1, 1, 0, 0),  latency: 39.883337142857144
[2m[36m(CompileWorker pid=3296486)[0m  tensor (Large latency) dimensions: (1, 2048, 12288, 12288, 1, 1, 1, 1, 1, 1, 0, 0, 'CONV', 1, 1, 0, 0),  latency: 26.58889142857143
[2m[36m(CompileWorker pid=3296490)[0m compiled for stage:12 name: stage_1_1_acc_grad_0 module id: 0
[2m[36m(CompileWorker pid=3296490)[0m compiled for stage:12 name: stage_1_1_acc_grad_1 module id: 1
[2m[36m(CompileWorker pid=3296488)[0m  tensor (Large latency) dimensions: (1, 3072, 12288, 12288, 1, 1, 1, 1, 1, 1, 0, 0, 'CONV', 1, 1, 0, 0),  latency: 39.883337142857144
[2m[36m(CompileWorker pid=3296483)[0m  tensor (Large latency) dimensions: (1, 12288, 2304, 2304, 1, 1, 1, 1, 1, 1, 0, 0, 'CONV', 1, 1, 0, 0),  latency: 6.530194285714286
[2m[36m(CompileWorker pid=3296487)[0m  tensor (Large latency) dimensions: (1, 3072, 12288, 12288, 1, 1, 1, 1, 1, 1, 0, 0, 'CONV', 1, 1, 0, 0),  latency: 39.883337142857144
[2m[36m(CompileWorker pid=3296484)[0m  tensor (Large latency) dimensions: (1, 2048, 12288, 12288, 1, 1, 1, 1, 1, 1, 0, 0, 'CONV', 1, 1, 0, 0),  latency: 26.58889142857143
[2m[36m(CompileWorker pid=3296481)[0m  tensor (Large latency) dimensions: (1, 768, 12288, 12288, 1, 1, 1, 1, 1, 1, 0, 0, 'CONV', 1, 1, 0, 0),  latency: 11.094308571428572
[2m[36m(CompileWorker pid=3296480)[0m  tensor (Large latency) dimensions: (1, 2048, 12288, 12288, 1, 1, 1, 1, 1, 1, 0, 0, 'CONV', 1, 1, 0, 0),  latency: 26.58889142857143
[2m[36m(CompileWorker pid=3296491)[0m compiled for stage:13 name: stage_1_2_acc_grad_0 module id: 0
[2m[36m(CompileWorker pid=3296491)[0m compiled for stage:13 name: stage_1_2_acc_grad_1 module id: 1
[2m[36m(CompileWorker pid=3296483)[0m  tensor (Large latency) dimensions: (1, 2048, 12288, 12288, 1, 1, 1, 1, 1, 1, 0, 0, 'CONV', 1, 1, 0, 0),  latency: 26.58889142857143
[2m[36m(CompileWorker pid=3296485)[0m  tensor (Large latency) dimensions: (1, 12288, 2304, 2304, 1, 1, 1, 1, 1, 1, 0, 0, 'CONV', 1, 1, 0, 0),  latency: 6.530194285714286
[2m[36m(CompileWorker pid=3296486)[0m  tensor (Large latency) dimensions: (1, 3072, 12288, 12288, 1, 1, 1, 1, 1, 1, 0, 0, 'CONV', 1, 1, 0, 0),  latency: 39.883337142857144
[2m[36m(CompileWorker pid=3296489)[0m  tensor (Large latency) dimensions: (1, 12288, 3072, 3072, 1, 1, 1, 1, 1, 1, 0, 0, 'CONV', 1, 1, 0, 0),  latency: 9.549531428571429
[2m[36m(CompileWorker pid=3296490)[0m compiled for stage:14 name: stage_1_3_acc_grad_0 module id: 0
[2m[36m(CompileWorker pid=3296488)[0m  tensor (Large latency) dimensions: (1, 12288, 3072, 3072, 1, 1, 1, 1, 1, 1, 0, 0, 'CONV', 1, 1, 0, 0),  latency: 9.549531428571429
[2m[36m(CompileWorker pid=3296490)[0m compiled for stage:14 name: stage_1_3_acc_grad_1 module id: 1
[2m[36m(CompileWorker pid=3296484)[0m  tensor (Large latency) dimensions: (1, 3072, 12288, 12288, 1, 1, 1, 1, 1, 1, 0, 0, 'CONV', 1, 1, 0, 0),  latency: 39.883337142857144
[2m[36m(CompileWorker pid=3296485)[0m  tensor (Large latency) dimensions: (1, 2048, 12288, 12288, 1, 1, 1, 1, 1, 1, 0, 0, 'CONV', 1, 1, 0, 0),  latency: 26.58889142857143
[2m[36m(CompileWorker pid=3296488)[0m  tensor (Large latency) dimensions: (1, 128, 12288, 12288, 1, 1, 1, 1, 1, 1, 0, 0, 'CONV', 1, 1, 0, 0),  latency: 4.610925714285714
[2m[36m(CompileWorker pid=3296482)[0m  tensor (Large latency) dimensions: (1, 12288, 2304, 2304, 1, 1, 1, 1, 1, 1, 0, 0, 'CONV', 1, 1, 0, 0),  latency: 6.530194285714286
[2m[36m(CompileWorker pid=3296487)[0m  tensor (Large latency) dimensions: (1, 12288, 3072, 3072, 1, 1, 1, 1, 1, 1, 0, 0, 'CONV', 1, 1, 0, 0),  latency: 9.549531428571429
[2m[36m(CompileWorker pid=3296483)[0m  tensor (Large latency) dimensions: (1, 3072, 12288, 12288, 1, 1, 1, 1, 1, 1, 0, 0, 'CONV', 1, 1, 0, 0),  latency: 39.883337142857144
[2m[36m(CompileWorker pid=3296487)[0m  tensor (Large latency) dimensions: (1, 128, 12288, 12288, 1, 1, 1, 1, 1, 1, 0, 0, 'CONV', 1, 1, 0, 0),  latency: 4.610925714285714
[2m[36m(CompileWorker pid=3296480)[0m  tensor (Large latency) dimensions: (1, 3072, 12288, 12288, 1, 1, 1, 1, 1, 1, 0, 0, 'CONV', 1, 1, 0, 0),  latency: 39.883337142857144
[2m[36m(CompileWorker pid=3296482)[0m  tensor (Large latency) dimensions: (1, 2048, 12288, 12288, 1, 1, 1, 1, 1, 1, 0, 0, 'CONV', 1, 1, 0, 0),  latency: 26.58889142857143
[2m[36m(CompileWorker pid=3296491)[0m compiled for stage:15 name: stage_1_4_acc_grad_0 module id: 0
[2m[36m(CompileWorker pid=3296491)[0m compiled for stage:15 name: stage_1_4_acc_grad_1 module id: 1
[2m[36m(CompileWorker pid=3296486)[0m  tensor (Large latency) dimensions: (1, 12288, 3072, 3072, 1, 1, 1, 1, 1, 1, 0, 0, 'CONV', 1, 1, 0, 0),  latency: 9.549531428571429
[2m[36m(CompileWorker pid=3296485)[0m  tensor (Large latency) dimensions: (1, 3072, 12288, 12288, 1, 1, 1, 1, 1, 1, 0, 0, 'CONV', 1, 1, 0, 0),  latency: 39.883337142857144
[2m[36m(CompileWorker pid=3296489)[0m  tensor (Large latency) dimensions: (1, 12288, 36864, 36864, 1, 1, 1, 1, 1, 1, 0, 0, 'CONV', 1, 1, 0, 0),  latency: 1449.2818285714286
[2m[36m(CompileWorker pid=3296486)[0m  tensor (Large latency) dimensions: (1, 128, 12288, 12288, 1, 1, 1, 1, 1, 1, 0, 0, 'CONV', 1, 1, 0, 0),  latency: 4.610925714285714
[2m[36m(CompileWorker pid=3296481)[0m  tensor (Large latency) dimensions: (1, 12288, 2304, 2304, 1, 1, 1, 1, 1, 1, 0, 0, 'CONV', 1, 1, 0, 0),  latency: 6.530194285714286
[2m[36m(CompileWorker pid=3296484)[0m  tensor (Large latency) dimensions: (1, 12288, 3072, 3072, 1, 1, 1, 1, 1, 1, 0, 0, 'CONV', 1, 1, 0, 0),  latency: 9.549531428571429
[2m[36m(CompileWorker pid=3296489)[0m  tensor (Large latency) dimensions: (1, 2048, 12288, 12288, 1, 1, 1, 1, 1, 1, 0, 0, 'CONV', 1, 1, 0, 0),  latency: 26.58889142857143
[2m[36m(CompileWorker pid=3296489)[0m  tensor (Large latency) dimensions: (1, 128, 12288, 12288, 1, 1, 1, 1, 1, 1, 0, 0, 'CONV', 1, 1, 0, 0),  latency: 4.610925714285714
[2m[36m(CompileWorker pid=3296484)[0m  tensor (Large latency) dimensions: (1, 128, 12288, 12288, 1, 1, 1, 1, 1, 1, 0, 0, 'CONV', 1, 1, 0, 0),  latency: 4.610925714285714
[2m[36m(CompileWorker pid=3296483)[0m  tensor (Large latency) dimensions: (1, 12288, 3072, 3072, 1, 1, 1, 1, 1, 1, 0, 0, 'CONV', 1, 1, 0, 0),  latency: 9.549531428571429
[2m[36m(CompileWorker pid=3296490)[0m compiled for stage:16 name: stage_1_5_acc_grad_0 module id: 0
[2m[36m(CompileWorker pid=3296490)[0m compiled for stage:16 name: stage_1_5_acc_grad_1 module id: 1
[2m[36m(CompileWorker pid=3296482)[0m  tensor (Large latency) dimensions: (1, 3072, 12288, 12288, 1, 1, 1, 1, 1, 1, 0, 0, 'CONV', 1, 1, 0, 0),  latency: 39.883337142857144
[2m[36m(CompileWorker pid=3296481)[0m  tensor (Large latency) dimensions: (1, 2048, 12288, 12288, 1, 1, 1, 1, 1, 1, 0, 0, 'CONV', 1, 1, 0, 0),  latency: 26.58889142857143
[2m[36m(CompileWorker pid=3296485)[0m  tensor (Large latency) dimensions: (1, 12288, 3072, 3072, 1, 1, 1, 1, 1, 1, 0, 0, 'CONV', 1, 1, 0, 0),  latency: 9.549531428571429
[2m[36m(CompileWorker pid=3296480)[0m  tensor (Large latency) dimensions: (1, 12288, 3072, 3072, 1, 1, 1, 1, 1, 1, 0, 0, 'CONV', 1, 1, 0, 0),  latency: 9.549531428571429
[2m[36m(CompileWorker pid=3296488)[0m compiled for stage:17 name: stage_1_6_acc_grad_0 module id: 0
[2m[36m(CompileWorker pid=3296490)[0m compiled for stage:23 name: stage_2_2_acc_grad_0 module id: 0
[2m[36m(CompileWorker pid=3296490)[0m compiled for stage:23 name: stage_2_2_acc_grad_1 module id: 1
[2m[36m(CompileWorker pid=3296488)[0m compiled for stage:17 name: stage_1_6_acc_grad_1 module id: 1
[2m[36m(CompileWorker pid=3296485)[0m  tensor (Large latency) dimensions: (1, 768, 12288, 12288, 1, 1, 1, 1, 1, 1, 0, 0, 'CONV', 1, 1, 0, 0),  latency: 11.094308571428572
[2m[36m(CompileWorker pid=3296480)[0m  tensor (Large latency) dimensions: (1, 768, 12288, 12288, 1, 1, 1, 1, 1, 1, 0, 0, 'CONV', 1, 1, 0, 0),  latency: 11.094308571428572
[2m[36m(CompileWorker pid=3296481)[0m  tensor (Large latency) dimensions: (1, 3072, 12288, 12288, 1, 1, 1, 1, 1, 1, 0, 0, 'CONV', 1, 1, 0, 0),  latency: 39.883337142857144
[2m[36m(CompileWorker pid=3296487)[0m compiled for stage:18 name: stage_1_7_acc_grad_0 module id: 0
[2m[36m(CompileWorker pid=3296487)[0m compiled for stage:18 name: stage_1_7_acc_grad_1 module id: 1
[2m[36m(CompileWorker pid=3296490)[0m compiled for stage:24 name: stage_2_3_acc_grad_0 module id: 0
[2m[36m(CompileWorker pid=3296490)[0m compiled for stage:24 name: stage_2_3_acc_grad_1 module id: 1
[2m[36m(CompileWorker pid=3296485)[0m  tensor (Large latency) dimensions: (1, 128, 12288, 12288, 1, 1, 1, 1, 1, 1, 0, 0, 'CONV', 1, 1, 0, 0),  latency: 4.610925714285714
[2m[36m(CompileWorker pid=3296483)[0m  tensor (Large latency) dimensions: (1, 12288, 36864, 36864, 1, 1, 1, 1, 1, 1, 0, 0, 'CONV', 1, 1, 0, 0),  latency: 1449.2818285714286
[2m[36m(CompileWorker pid=3296482)[0m  tensor (Large latency) dimensions: (1, 12288, 3072, 3072, 1, 1, 1, 1, 1, 1, 0, 0, 'CONV', 1, 1, 0, 0),  latency: 9.549531428571429
[2m[36m(CompileWorker pid=3296491)[0m compiled for stage:19 name: stage_1_8_acc_grad_0 module id: 0
[2m[36m(CompileWorker pid=3296483)[0m  tensor (Large latency) dimensions: (1, 2048, 12288, 12288, 1, 1, 1, 1, 1, 1, 0, 0, 'CONV', 1, 1, 0, 0),  latency: 26.58889142857143
[2m[36m(CompileWorker pid=3296491)[0m compiled for stage:19 name: stage_1_8_acc_grad_1 module id: 1
[2m[36m(CompileWorker pid=3296488)[0m compiled for stage:25 name: stage_2_4_acc_grad_0 module id: 0
[2m[36m(CompileWorker pid=3296488)[0m compiled for stage:25 name: stage_2_4_acc_grad_1 module id: 1
[2m[36m(CompileWorker pid=3296483)[0m  tensor (Large latency) dimensions: (1, 128, 12288, 12288, 1, 1, 1, 1, 1, 1, 0, 0, 'CONV', 1, 1, 0, 0),  latency: 4.610925714285714
[2m[36m(CompileWorker pid=3296481)[0m  tensor (Large latency) dimensions: (1, 12288, 3072, 3072, 1, 1, 1, 1, 1, 1, 0, 0, 'CONV', 1, 1, 0, 0),  latency: 9.549531428571429
[2m[36m(CompileWorker pid=3296480)[0m  tensor (Large latency) dimensions: (1, 12288, 2304, 2304, 1, 1, 1, 1, 1, 1, 0, 0, 'CONV', 1, 1, 0, 0),  latency: 6.530194285714286
[2m[36m(CompileWorker pid=3296490)[0m compiled for stage:27 name: stage_2_6_acc_grad_0 module id: 0
[2m[36m(CompileWorker pid=3296486)[0m compiled for stage:20 name: stage_1_9_acc_grad_0 module id: 0
[2m[36m(CompileWorker pid=3296490)[0m compiled for stage:27 name: stage_2_6_acc_grad_1 module id: 1
[2m[36m(CompileWorker pid=3296487)[0m compiled for stage:26 name: stage_2_5_acc_grad_0 module id: 0
[2m[36m(CompileWorker pid=3296487)[0m compiled for stage:26 name: stage_2_5_acc_grad_1 module id: 1
[2m[36m(CompileWorker pid=3296481)[0m  tensor (Large latency) dimensions: (1, 128, 12288, 12288, 1, 1, 1, 1, 1, 1, 0, 0, 'CONV', 1, 1, 0, 0),  latency: 4.610925714285714
[2m[36m(CompileWorker pid=3296486)[0m compiled for stage:20 name: stage_1_9_acc_grad_1 module id: 1
[2m[36m(CompileWorker pid=3296482)[0m  tensor (Large latency) dimensions: (1, 12288, 36864, 36864, 1, 1, 1, 1, 1, 1, 0, 0, 'CONV', 1, 1, 0, 0),  latency: 1449.2818285714286
[2m[36m(CompileWorker pid=3296481)[0m compiled for stage:33 name: stage_3_3_acc_grad_0 module id: 0
[2m[36m(CompileWorker pid=3296481)[0m compiled for stage:33 name: stage_3_3_acc_grad_1 module id: 1
[2m[36m(CompileWorker pid=3296480)[0m  tensor (Large latency) dimensions: (1, 2048, 12288, 12288, 1, 1, 1, 1, 1, 1, 0, 0, 'CONV', 1, 1, 0, 0),  latency: 26.58889142857143
[2m[36m(CompileWorker pid=3296487)[0m compiled for stage:34 name: stage_3_4_acc_grad_0 module id: 0
[2m[36m(CompileWorker pid=3296487)[0m compiled for stage:34 name: stage_3_4_acc_grad_1 module id: 1
[2m[36m(CompileWorker pid=3296482)[0m  tensor (Large latency) dimensions: (1, 2048, 12288, 12288, 1, 1, 1, 1, 1, 1, 0, 0, 'CONV', 1, 1, 0, 0),  latency: 26.58889142857143
[2m[36m(CompileWorker pid=3296480)[0m  tensor (Large latency) dimensions: (1, 128, 12288, 12288, 1, 1, 1, 1, 1, 1, 0, 0, 'CONV', 1, 1, 0, 0),  latency: 4.610925714285714
[2m[36m(CompileWorker pid=3296482)[0m  tensor (Large latency) dimensions: (1, 128, 12288, 12288, 1, 1, 1, 1, 1, 1, 0, 0, 'CONV', 1, 1, 0, 0),  latency: 4.610925714285714
[2m[36m(CompileWorker pid=3296486)[0m compiled for stage:35 name: stage_3_5_acc_grad_0 module id: 0
[2m[36m(CompileWorker pid=3296485)[0m compiled for stage:28 name: stage_2_7_acc_grad_0 module id: 0
[2m[36m(CompileWorker pid=3296485)[0m compiled for stage:28 name: stage_2_7_acc_grad_1 module id: 1
[2m[36m(CompileWorker pid=3296486)[0m compiled for stage:35 name: stage_3_5_acc_grad_1 module id: 1
[2m[36m(CompileWorker pid=3296484)[0m compiled for stage:22 name: stage_1_11_acc_grad_0 module id: 0
[2m[36m(CompileWorker pid=3296484)[0m compiled for stage:22 name: stage_1_11_acc_grad_1 module id: 1
[2m[36m(CompileWorker pid=3296489)[0m compiled for stage:21 name: stage_1_10_acc_grad_0 module id: 0
[2m[36m(CompileWorker pid=3296481)[0m compiled for stage:36 name: stage_3_6_acc_grad_0 module id: 0
[2m[36m(CompileWorker pid=3296481)[0m compiled for stage:36 name: stage_3_6_acc_grad_1 module id: 1
[2m[36m(CompileWorker pid=3296489)[0m compiled for stage:21 name: stage_1_10_acc_grad_1 module id: 1
[2m[36m(CompileWorker pid=3296491)[0m compiled for stage:29 name: stage_2_8_acc_grad_0 module id: 0
[2m[36m(CompileWorker pid=3296491)[0m compiled for stage:29 name: stage_2_8_acc_grad_1 module id: 1
[2m[36m(CompileWorker pid=3296488)[0m compiled for stage:31 name: stage_2_10_acc_grad_0 module id: 0
[2m[36m(CompileWorker pid=3296488)[0m compiled for stage:31 name: stage_2_10_acc_grad_1 module id: 1
[2m[36m(CompileWorker pid=3296481)[0m compiled for stage:42 name: stage_4_4_acc_grad_0 module id: 0
[2m[36m(CompileWorker pid=3296481)[0m compiled for stage:42 name: stage_4_4_acc_grad_1 module id: 1
[2m[36m(CompileWorker pid=3296484)[0m  tensor (Large latency) dimensions: (1, 2048, 12288, 12288, 1, 1, 1, 1, 1, 1, 0, 0, 'CONV', 1, 1, 0, 0),  latency: 26.58889142857143
[2m[36m(CompileWorker pid=3296487)[0m compiled for stage:37 name: stage_3_7_acc_grad_0 module id: 0
[2m[36m(CompileWorker pid=3296487)[0m compiled for stage:37 name: stage_3_7_acc_grad_1 module id: 1
[2m[36m(CompileWorker pid=3296483)[0m compiled for stage:30 name: stage_2_9_acc_grad_0 module id: 0
[2m[36m(CompileWorker pid=3296483)[0m compiled for stage:30 name: stage_2_9_acc_grad_1 module id: 1
[2m[36m(CompileWorker pid=3296489)[0m compiled for stage:43 name: stage_4_5_acc_grad_0 module id: 0
[2m[36m(CompileWorker pid=3296489)[0m compiled for stage:43 name: stage_4_5_acc_grad_1 module id: 1
[2m[36m(CompileWorker pid=3296483)[0m compiled for stage:50 name: stage_5_5_acc_grad_0 module id: 0
[2m[36m(CompileWorker pid=3296483)[0m compiled for stage:50 name: stage_5_5_acc_grad_1 module id: 1
[2m[36m(CompileWorker pid=3296480)[0m compiled for stage:38 name: stage_3_8_acc_grad_0 module id: 0
[2m[36m(CompileWorker pid=3296480)[0m compiled for stage:38 name: stage_3_8_acc_grad_1 module id: 1
[2m[36m(CompileWorker pid=3296482)[0m compiled for stage:39 name: stage_3_9_acc_grad_0 module id: 0
[2m[36m(CompileWorker pid=3296491)[0m compiled for stage:44 name: stage_4_6_acc_grad_0 module id: 0
[2m[36m(CompileWorker pid=3296491)[0m compiled for stage:44 name: stage_4_6_acc_grad_1 module id: 1
[2m[36m(CompileWorker pid=3296482)[0m compiled for stage:39 name: stage_3_9_acc_grad_1 module id: 1
[2m[36m(CompileWorker pid=3296481)[0m compiled for stage:45 name: stage_4_7_acc_grad_0 module id: 0
[2m[36m(CompileWorker pid=3296481)[0m compiled for stage:45 name: stage_4_7_acc_grad_1 module id: 1
[2m[36m(CompileWorker pid=3296483)[0m compiled for stage:51 name: stage_5_6_acc_grad_0 module id: 0
[2m[36m(CompileWorker pid=3296483)[0m compiled for stage:51 name: stage_5_6_acc_grad_1 module id: 1
[2m[36m(CompileWorker pid=3296488)[0m compiled for stage:46 name: stage_4_8_acc_grad_0 module id: 0
[2m[36m(CompileWorker pid=3296488)[0m compiled for stage:46 name: stage_4_8_acc_grad_1 module id: 1
[2m[36m(CompileWorker pid=3296486)[0m compiled for stage:40 name: stage_3_10_acc_grad_0 module id: 0
[2m[36m(CompileWorker pid=3296480)[0m compiled for stage:52 name: stage_5_7_acc_grad_0 module id: 0
[2m[36m(CompileWorker pid=3296486)[0m compiled for stage:40 name: stage_3_10_acc_grad_1 module id: 1
[2m[36m(CompileWorker pid=3296480)[0m compiled for stage:52 name: stage_5_7_acc_grad_1 module id: 1
[2m[36m(CompileWorker pid=3296487)[0m compiled for stage:48 name: stage_4_10_acc_grad_0 module id: 0
[2m[36m(CompileWorker pid=3296490)[0m compiled for stage:32 name: stage_2_11_acc_grad_0 module id: 0
[2m[36m(CompileWorker pid=3296487)[0m compiled for stage:48 name: stage_4_10_acc_grad_1 module id: 1
[2m[36m(CompileWorker pid=3296490)[0m compiled for stage:32 name: stage_2_11_acc_grad_1 module id: 1
[2m[36m(CompileWorker pid=3296488)[0m compiled for stage:57 name: stage_6_6_acc_grad_0 module id: 0
[2m[36m(CompileWorker pid=3296488)[0m compiled for stage:57 name: stage_6_6_acc_grad_1 module id: 1
[2m[36m(CompileWorker pid=3296484)[0m compiled for stage:47 name: stage_4_9_acc_grad_0 module id: 0
[2m[36m(CompileWorker pid=3296484)[0m compiled for stage:47 name: stage_4_9_acc_grad_1 module id: 1
[2m[36m(CompileWorker pid=3296480)[0m compiled for stage:58 name: stage_6_7_acc_grad_0 module id: 0
[2m[36m(CompileWorker pid=3296480)[0m compiled for stage:58 name: stage_6_7_acc_grad_1 module id: 1
[2m[36m(CompileWorker pid=3296491)[0m compiled for stage:53 name: stage_5_8_acc_grad_0 module id: 0
[2m[36m(CompileWorker pid=3296491)[0m compiled for stage:53 name: stage_5_8_acc_grad_1 module id: 1
[2m[36m(CompileWorker pid=3296482)[0m compiled for stage:54 name: stage_5_9_acc_grad_0 module id: 0
[2m[36m(CompileWorker pid=3296482)[0m compiled for stage:54 name: stage_5_9_acc_grad_1 module id: 1
[2m[36m(CompileWorker pid=3296490)[0m  tensor (Large latency) dimensions: (1, 2048, 12288, 12288, 1, 1, 1, 1, 1, 1, 0, 0, 'CONV', 1, 1, 0, 0),  latency: 26.58889142857143
[2m[36m(CompileWorker pid=3296485)[0m compiled for stage:41 name: stage_3_11_acc_grad_0 module id: 0
[2m[36m(CompileWorker pid=3296480)[0m compiled for stage:63 name: stage_7_7_acc_grad_0 module id: 0
[2m[36m(CompileWorker pid=3296480)[0m compiled for stage:63 name: stage_7_7_acc_grad_1 module id: 1
[2m[36m(CompileWorker pid=3296485)[0m compiled for stage:41 name: stage_3_11_acc_grad_1 module id: 1
[2m[36m(CompileWorker pid=3296486)[0m compiled for stage:59 name: stage_6_8_acc_grad_0 module id: 0
[2m[36m(CompileWorker pid=3296486)[0m compiled for stage:59 name: stage_6_8_acc_grad_1 module id: 1
[2m[36m(CompileWorker pid=3296491)[0m compiled for stage:64 name: stage_7_8_acc_grad_0 module id: 0
[2m[36m(CompileWorker pid=3296491)[0m compiled for stage:64 name: stage_7_8_acc_grad_1 module id: 1
[2m[36m(CompileWorker pid=3296488)[0m compiled for stage:60 name: stage_6_9_acc_grad_0 module id: 0
[2m[36m(CompileWorker pid=3296488)[0m compiled for stage:60 name: stage_6_9_acc_grad_1 module id: 1
[2m[36m(CompileWorker pid=3296486)[0m compiled for stage:68 name: stage_8_8_acc_grad_0 module id: 0
[2m[36m(CompileWorker pid=3296486)[0m compiled for stage:68 name: stage_8_8_acc_grad_1 module id: 1
[2m[36m(CompileWorker pid=3296489)[0m compiled for stage:49 name: stage_4_11_acc_grad_0 module id: 0
[2m[36m(CompileWorker pid=3296489)[0m compiled for stage:49 name: stage_4_11_acc_grad_1 module id: 1
[2m[36m(CompileWorker pid=3296485)[0m  tensor (Large latency) dimensions: (1, 2048, 12288, 12288, 1, 1, 1, 1, 1, 1, 0, 0, 'CONV', 1, 1, 0, 0),  latency: 26.58889142857143
[2m[36m(CompileWorker pid=3296491)[0m compiled for stage:69 name: stage_8_9_acc_grad_0 module id: 0
[2m[36m(CompileWorker pid=3296491)[0m compiled for stage:69 name: stage_8_9_acc_grad_1 module id: 1
[2m[36m(CompileWorker pid=3296490)[0m compiled for stage:65 name: stage_7_9_acc_grad_0 module id: 0
[2m[36m(CompileWorker pid=3296490)[0m compiled for stage:65 name: stage_7_9_acc_grad_1 module id: 1
[2m[36m(CompileWorker pid=3296485)[0m compiled for stage:72 name: stage_9_9_acc_grad_0 module id: 0
[2m[36m(CompileWorker pid=3296485)[0m compiled for stage:72 name: stage_9_9_acc_grad_1 module id: 1
[2m[36m(CompileWorker pid=3296487)[0m compiled for stage:61 name: stage_6_10_acc_grad_0 module id: 0
[2m[36m(CompileWorker pid=3296483)[0m compiled for stage:56 name: stage_5_11_acc_grad_0 module id: 0
[2m[36m(CompileWorker pid=3296481)[0m compiled for stage:55 name: stage_5_10_acc_grad_0 module id: 0
[2m[36m(CompileWorker pid=3296487)[0m compiled for stage:61 name: stage_6_10_acc_grad_1 module id: 1
[2m[36m(CompileWorker pid=3296486)[0m compiled for stage:70 name: stage_8_10_acc_grad_0 module id: 0
[2m[36m(CompileWorker pid=3296483)[0m compiled for stage:56 name: stage_5_11_acc_grad_1 module id: 1
[2m[36m(CompileWorker pid=3296481)[0m compiled for stage:55 name: stage_5_10_acc_grad_1 module id: 1
[2m[36m(CompileWorker pid=3296486)[0m compiled for stage:70 name: stage_8_10_acc_grad_1 module id: 1
[2m[36m(CompileWorker pid=3296491)[0m compiled for stage:73 name: stage_9_10_acc_grad_0 module id: 0
[2m[36m(CompileWorker pid=3296491)[0m compiled for stage:73 name: stage_9_10_acc_grad_1 module id: 1
[2m[36m(CompileWorker pid=3296485)[0m compiled for stage:75 name: stage_10_10_acc_grad_0 module id: 0
[2m[36m(CompileWorker pid=3296482)[0m compiled for stage:66 name: stage_7_10_acc_grad_0 module id: 0
[2m[36m(CompileWorker pid=3296486)[0m compiled for stage:77 name: stage_11_11_acc_grad_0 module id: 0
[2m[36m(CompileWorker pid=3296484)[0m compiled for stage:62 name: stage_6_11_acc_grad_0 module id: 0
[2m[36m(CompileWorker pid=3296489)[0m  tensor (Large latency) dimensions: (1, 2048, 12288, 12288, 1, 1, 1, 1, 1, 1, 0, 0, 'CONV', 1, 1, 0, 0),  latency: 26.58889142857143
[2m[36m(CompileWorker pid=3296488)[0m compiled for stage:71 name: stage_8_11_acc_grad_0 module id: 0
[2m[36m(CompileWorker pid=3296485)[0m compiled for stage:75 name: stage_10_10_acc_grad_1 module id: 1
[2m[36m(CompileWorker pid=3296486)[0m compiled for stage:77 name: stage_11_11_acc_grad_1 module id: 1
[2m[36m(CompileWorker pid=3296488)[0m compiled for stage:71 name: stage_8_11_acc_grad_1 module id: 1
[2m[36m(CompileWorker pid=3296482)[0m compiled for stage:66 name: stage_7_10_acc_grad_1 module id: 1
[2m[36m(CompileWorker pid=3296484)[0m compiled for stage:62 name: stage_6_11_acc_grad_1 module id: 1
[2m[36m(CompileWorker pid=3296480)[0m compiled for stage:67 name: stage_7_11_acc_grad_0 module id: 0
[2m[36m(CompileWorker pid=3296490)[0m compiled for stage:74 name: stage_9_11_acc_grad_0 module id: 0
[2m[36m(CompileWorker pid=3296480)[0m compiled for stage:67 name: stage_7_11_acc_grad_1 module id: 1
[2m[36m(CompileWorker pid=3296490)[0m compiled for stage:74 name: stage_9_11_acc_grad_1 module id: 1
[2m[36m(CompileWorker pid=3296487)[0m compiled for stage:76 name: stage_10_11_acc_grad_0 module id: 0
[2m[36m(CompileWorker pid=3296487)[0m compiled for stage:76 name: stage_10_11_acc_grad_1 module id: 1
[2m[36m(CompileWorker pid=3296483)[0m  tensor (Large latency) dimensions: (1, 2048, 12288, 12288, 1, 1, 1, 1, 1, 1, 0, 0, 'CONV', 1, 1, 0, 0),  latency: 26.58889142857143
[2m[36m(CompileWorker pid=3296488)[0m  tensor (Large latency) dimensions: (1, 2048, 12288, 12288, 1, 1, 1, 1, 1, 1, 0, 0, 'CONV', 1, 1, 0, 0),  latency: 26.58889142857143
[2m[36m(CompileWorker pid=3296486)[0m  tensor (Large latency) dimensions: (1, 2048, 12288, 12288, 1, 1, 1, 1, 1, 1, 0, 0, 'CONV', 1, 1, 0, 0),  latency: 26.58889142857143
[2m[36m(CompileWorker pid=3296487)[0m  tensor (Large latency) dimensions: (1, 2048, 12288, 12288, 1, 1, 1, 1, 1, 1, 0, 0, 'CONV', 1, 1, 0, 0),  latency: 26.58889142857143
- parse estimation results for all stages
Using pre computed peak Mem for (0, 0, 4, 0), module 0
result[(0, 0, 4, 0), 0] = ModuleProfileResult(compute_cost=302.621, peak_memory=1.550 GB, invar_size=1.364 GB, outvar_size=1.281 GB, temp_buffer_size=-1.096 GB, available_memory=64.000 GB, comm_cost=0.495)
result[(0, 0, 4, 0), 1] = ModuleProfileResult(compute_cost=132.953, peak_memory=3.822 GB, invar_size=2.646 GB, outvar_size=1.364 GB, temp_buffer_size=1.176 GB, available_memory=64.000 GB, comm_cost=0.300)
Using pre computed peak Mem for (0, 1, 4, 0), module 0
result[(0, 1, 4, 0), 0] = ModuleProfileResult(compute_cost=604.677, peak_memory=3.100 GB, invar_size=1.576 GB, outvar_size=2.462 GB, temp_buffer_size=-0.938 GB, available_memory=64.000 GB, comm_cost=0.756)
Using pre computed peak Mem for (0, 1, 4, 0), module 1
result[(0, 1, 4, 0), 1] = ModuleProfileResult(compute_cost=259.260, peak_memory=4.000 GB, invar_size=4.038 GB, outvar_size=1.576 GB, temp_buffer_size=-0.038 GB, available_memory=64.000 GB, comm_cost=0.591)
Using pre computed peak Mem for (0, 2, 4, 0), module 0
result[(0, 2, 4, 0), 0] = ModuleProfileResult(compute_cost=977.933, peak_memory=4.650 GB, invar_size=2.648 GB, outvar_size=4.750 GB, temp_buffer_size=-2.749 GB, available_memory=64.000 GB, comm_cost=1.061)
Using pre computed peak Mem for (0, 2, 4, 0), module 1
result[(0, 2, 4, 0), 1] = ModuleProfileResult(compute_cost=1876.679, peak_memory=6.000 GB, invar_size=7.399 GB, outvar_size=2.648 GB, temp_buffer_size=-1.399 GB, available_memory=64.000 GB, comm_cost=1.477)
Using pre computed peak Mem for (0, 3, 4, 0), module 0
result[(0, 3, 4, 0), 0] = ModuleProfileResult(compute_cost=1480.248, peak_memory=6.200 GB, invar_size=2.068 GB, outvar_size=5.091 GB, temp_buffer_size=-0.959 GB, available_memory=64.000 GB, comm_cost=1.512)
Using pre computed peak Mem for (0, 3, 4, 0), module 1
result[(0, 3, 4, 0), 1] = ModuleProfileResult(compute_cost=558.048, peak_memory=8.000 GB, invar_size=7.159 GB, outvar_size=2.068 GB, temp_buffer_size=0.841 GB, available_memory=64.000 GB, comm_cost=1.442)
Using pre computed peak Mem for (0, 4, 4, 0), module 0
result[(0, 4, 4, 0), 0] = ModuleProfileResult(compute_cost=1782.116, peak_memory=7.750 GB, invar_size=2.279 GB, outvar_size=6.353 GB, temp_buffer_size=-0.883 GB, available_memory=64.000 GB, comm_cost=1.773)
Using pre computed peak Mem for (0, 4, 4, 0), module 1
result[(0, 4, 4, 0), 1] = ModuleProfileResult(compute_cost=683.686, peak_memory=10.000 GB, invar_size=8.633 GB, outvar_size=2.279 GB, temp_buffer_size=1.367 GB, available_memory=64.000 GB, comm_cost=1.339)
Using pre computed peak Mem for (0, 5, 4, 0), module 0
result[(0, 5, 4, 0), 0] = ModuleProfileResult(compute_cost=2083.985, peak_memory=9.300 GB, invar_size=2.491 GB, outvar_size=7.265 GB, temp_buffer_size=-0.455 GB, available_memory=64.000 GB, comm_cost=2.034)
Using pre computed peak Mem for (0, 5, 4, 0), module 1
result[(0, 5, 4, 0), 1] = ModuleProfileResult(compute_cost=809.916, peak_memory=12.000 GB, invar_size=9.755 GB, outvar_size=2.491 GB, temp_buffer_size=2.245 GB, available_memory=64.000 GB, comm_cost=1.832)
Using pre computed peak Mem for (0, 6, 4, 0), module 0
result[(0, 6, 4, 0), 0] = ModuleProfileResult(compute_cost=2363.679, peak_memory=10.850 GB, invar_size=2.965 GB, outvar_size=8.879 GB, temp_buffer_size=-0.995 GB, available_memory=64.000 GB, comm_cost=2.272)
Using pre computed peak Mem for (0, 6, 4, 0), module 1
result[(0, 6, 4, 0), 1] = ModuleProfileResult(compute_cost=1088.859, peak_memory=14.000 GB, invar_size=11.932 GB, outvar_size=2.965 GB, temp_buffer_size=2.068 GB, available_memory=64.000 GB, comm_cost=1.597)
Using pre computed peak Mem for (0, 7, 4, 0), module 0
result[(0, 7, 4, 0), 0] = ModuleProfileResult(compute_cost=2687.722, peak_memory=12.400 GB, invar_size=2.913 GB, outvar_size=9.791 GB, temp_buffer_size=-0.303 GB, available_memory=64.000 GB, comm_cost=2.556)
Using pre computed peak Mem for (0, 7, 4, 0), module 1
result[(0, 7, 4, 0), 1] = ModuleProfileResult(compute_cost=1061.385, peak_memory=16.000 GB, invar_size=12.703 GB, outvar_size=2.913 GB, temp_buffer_size=3.297 GB, available_memory=64.000 GB, comm_cost=1.822)
Using pre computed peak Mem for (0, 8, 4, 0), module 0
result[(0, 8, 4, 0), 0] = ModuleProfileResult(compute_cost=2588.678, peak_memory=13.950 GB, invar_size=4.706 GB, outvar_size=12.328 GB, temp_buffer_size=-3.084 GB, available_memory=64.000 GB, comm_cost=2.424)
Using pre computed peak Mem for (0, 8, 4, 0), module 1
result[(0, 8, 4, 0), 1] = ModuleProfileResult(compute_cost=4077.120, peak_memory=18.000 GB, invar_size=17.034 GB, outvar_size=4.706 GB, temp_buffer_size=0.966 GB, available_memory=64.000 GB, comm_cost=3.160)
Using pre computed peak Mem for (0, 9, 4, 0), module 0
result[(0, 9, 4, 0), 0] = ModuleProfileResult(compute_cost=2890.547, peak_memory=15.500 GB, invar_size=4.917 GB, outvar_size=13.019 GB, temp_buffer_size=-2.437 GB, available_memory=64.000 GB, comm_cost=2.685)
Using pre computed peak Mem for (0, 9, 4, 0), module 1
result[(0, 9, 4, 0), 1] = ModuleProfileResult(compute_cost=4203.537, peak_memory=20.000 GB, invar_size=17.937 GB, outvar_size=4.917 GB, temp_buffer_size=2.063 GB, available_memory=64.000 GB, comm_cost=3.845)
Using pre computed peak Mem for (0, 10, 4, 0), module 0
result[(0, 10, 4, 0), 0] = ModuleProfileResult(compute_cost=3593.327, peak_memory=17.050 GB, invar_size=3.546 GB, outvar_size=12.964 GB, temp_buffer_size=0.540 GB, available_memory=64.000 GB, comm_cost=3.340)
Using pre computed peak Mem for (0, 10, 4, 0), module 1
result[(0, 10, 4, 0), 1] = ModuleProfileResult(compute_cost=1439.680, peak_memory=22.000 GB, invar_size=16.510 GB, outvar_size=3.546 GB, temp_buffer_size=5.490 GB, available_memory=64.000 GB, comm_cost=2.905)
Using pre computed peak Mem for (0, 11, 4, 0), module 0
result[(0, 11, 4, 0), 0] = ModuleProfileResult(compute_cost=3623.737, peak_memory=18.600 GB, invar_size=3.687 GB, outvar_size=15.064 GB, temp_buffer_size=-0.151 GB, available_memory=64.000 GB, comm_cost=3.368)
Using pre computed peak Mem for (0, 11, 4, 0), module 1
result[(0, 11, 4, 0), 1] = ModuleProfileResult(compute_cost=1547.933, peak_memory=24.000 GB, invar_size=19.901 GB, outvar_size=4.837 GB, temp_buffer_size=4.099 GB, available_memory=64.000 GB, comm_cost=2.529)
Using pre computed peak Mem for (1, 1, 4, 0), module 0
result[(1, 1, 4, 0), 0] = ModuleProfileResult(compute_cost=302.087, peak_memory=1.550 GB, invar_size=0.305 GB, outvar_size=1.275 GB, temp_buffer_size=-0.030 GB, available_memory=64.000 GB, comm_cost=0.261)
result[(1, 1, 4, 0), 1] = ModuleProfileResult(compute_cost=126.111, peak_memory=1.770 GB, invar_size=1.486 GB, outvar_size=0.305 GB, temp_buffer_size=0.191 GB, available_memory=64.000 GB, comm_cost=0.093)
Using pre computed peak Mem for (1, 2, 4, 0), module 0
result[(1, 2, 4, 0), 0] = ModuleProfileResult(compute_cost=875.789, peak_memory=3.100 GB, invar_size=0.587 GB, outvar_size=2.816 GB, temp_buffer_size=-0.302 GB, available_memory=64.000 GB, comm_cost=0.755)
Using pre computed peak Mem for (1, 2, 4, 0), module 1
result[(1, 2, 4, 0), 1] = ModuleProfileResult(compute_cost=298.868, peak_memory=4.000 GB, invar_size=3.309 GB, outvar_size=0.586 GB, temp_buffer_size=0.598 GB, available_memory=64.000 GB, comm_cost=0.650)
Using pre computed peak Mem for (1, 3, 4, 0), module 0
result[(1, 3, 4, 0), 0] = ModuleProfileResult(compute_cost=1177.658, peak_memory=4.650 GB, invar_size=0.798 GB, outvar_size=4.035 GB, temp_buffer_size=-0.183 GB, available_memory=64.000 GB, comm_cost=1.016)
Using pre computed peak Mem for (1, 3, 4, 0), module 1
result[(1, 3, 4, 0), 1] = ModuleProfileResult(compute_cost=424.900, peak_memory=6.000 GB, invar_size=4.739 GB, outvar_size=0.798 GB, temp_buffer_size=1.167 GB, available_memory=64.000 GB, comm_cost=0.944)
Using pre computed peak Mem for (1, 4, 4, 0), module 0
result[(1, 4, 4, 0), 0] = ModuleProfileResult(compute_cost=1479.526, peak_memory=6.200 GB, invar_size=1.009 GB, outvar_size=5.034 GB, temp_buffer_size=0.157 GB, available_memory=64.000 GB, comm_cost=1.278)
Using pre computed peak Mem for (1, 4, 4, 0), module 1
result[(1, 4, 4, 0), 1] = ModuleProfileResult(compute_cost=550.733, peak_memory=8.000 GB, invar_size=5.949 GB, outvar_size=1.009 GB, temp_buffer_size=1.957 GB, available_memory=64.000 GB, comm_cost=1.039)
Using pre computed peak Mem for (1, 5, 4, 0), module 0
result[(1, 5, 4, 0), 0] = ModuleProfileResult(compute_cost=1781.395, peak_memory=7.750 GB, invar_size=1.220 GB, outvar_size=6.473 GB, temp_buffer_size=0.057 GB, available_memory=64.000 GB, comm_cost=1.539)
Using pre computed peak Mem for (1, 5, 4, 0), module 1
result[(1, 5, 4, 0), 1] = ModuleProfileResult(compute_cost=676.770, peak_memory=10.000 GB, invar_size=7.599 GB, outvar_size=1.220 GB, temp_buffer_size=2.307 GB, available_memory=64.000 GB, comm_cost=1.336)
Using pre computed peak Mem for (1, 6, 4, 0), module 0
result[(1, 6, 4, 0), 0] = ModuleProfileResult(compute_cost=2083.263, peak_memory=9.300 GB, invar_size=1.431 GB, outvar_size=7.252 GB, temp_buffer_size=0.617 GB, available_memory=64.000 GB, comm_cost=1.800)
Using pre computed peak Mem for (1, 6, 4, 0), module 1
result[(1, 6, 4, 0), 1] = ModuleProfileResult(compute_cost=802.991, peak_memory=12.000 GB, invar_size=8.590 GB, outvar_size=1.431 GB, temp_buffer_size=3.317 GB, available_memory=64.000 GB, comm_cost=1.824)
Using pre computed peak Mem for (1, 7, 4, 0), module 0
result[(1, 7, 4, 0), 0] = ModuleProfileResult(compute_cost=2385.132, peak_memory=10.850 GB, invar_size=1.642 GB, outvar_size=8.603 GB, temp_buffer_size=0.605 GB, available_memory=64.000 GB, comm_cost=2.061)
Using pre computed peak Mem for (1, 7, 4, 0), module 1
result[(1, 7, 4, 0), 1] = ModuleProfileResult(compute_cost=928.233, peak_memory=14.000 GB, invar_size=10.152 GB, outvar_size=1.642 GB, temp_buffer_size=3.755 GB, available_memory=64.000 GB, comm_cost=1.322)
Using pre computed peak Mem for (1, 8, 4, 0), module 0
result[(1, 8, 4, 0), 0] = ModuleProfileResult(compute_cost=2687.001, peak_memory=12.400 GB, invar_size=1.853 GB, outvar_size=9.734 GB, temp_buffer_size=0.812 GB, available_memory=64.000 GB, comm_cost=2.322)
Using pre computed peak Mem for (1, 8, 4, 0), module 1
result[(1, 8, 4, 0), 1] = ModuleProfileResult(compute_cost=1053.868, peak_memory=16.000 GB, invar_size=11.494 GB, outvar_size=1.853 GB, temp_buffer_size=4.412 GB, available_memory=64.000 GB, comm_cost=1.218)
Using pre computed peak Mem for (1, 9, 4, 0), module 0
result[(1, 9, 4, 0), 0] = ModuleProfileResult(compute_cost=2988.869, peak_memory=13.950 GB, invar_size=2.065 GB, outvar_size=10.733 GB, temp_buffer_size=1.152 GB, available_memory=64.000 GB, comm_cost=2.583)
Using pre computed peak Mem for (1, 9, 4, 0), module 1
result[(1, 9, 4, 0), 1] = ModuleProfileResult(compute_cost=1180.695, peak_memory=18.000 GB, invar_size=12.704 GB, outvar_size=2.065 GB, temp_buffer_size=5.202 GB, available_memory=64.000 GB, comm_cost=2.310)
Using pre computed peak Mem for (1, 10, 4, 0), module 0
result[(1, 10, 4, 0), 0] = ModuleProfileResult(compute_cost=3290.738, peak_memory=15.500 GB, invar_size=2.276 GB, outvar_size=11.820 GB, temp_buffer_size=1.404 GB, available_memory=64.000 GB, comm_cost=2.844)
Using pre computed peak Mem for (1, 10, 4, 0), module 1
result[(1, 10, 4, 0), 1] = ModuleProfileResult(compute_cost=1306.520, peak_memory=20.000 GB, invar_size=14.002 GB, outvar_size=2.276 GB, temp_buffer_size=5.904 GB, available_memory=64.000 GB, comm_cost=2.400)
Using pre computed peak Mem for (1, 11, 4, 0), module 0
result[(1, 11, 4, 0), 0] = ModuleProfileResult(compute_cost=3321.147, peak_memory=17.050 GB, invar_size=2.488 GB, outvar_size=12.534 GB, temp_buffer_size=2.028 GB, available_memory=64.000 GB, comm_cost=2.873)
Using pre computed peak Mem for (1, 11, 4, 0), module 1
result[(1, 11, 4, 0), 1] = ModuleProfileResult(compute_cost=1413.032, peak_memory=22.000 GB, invar_size=14.929 GB, outvar_size=2.488 GB, temp_buffer_size=6.978 GB, available_memory=64.000 GB, comm_cost=2.435)
Using pre computed peak Mem for (2, 2, 4, 0), module 0
result[(2, 2, 4, 0), 0] = ModuleProfileResult(compute_cost=573.734, peak_memory=1.550 GB, invar_size=0.375 GB, outvar_size=1.723 GB, temp_buffer_size=-0.548 GB, available_memory=64.000 GB, comm_cost=0.494)
Using pre computed peak Mem for (2, 2, 4, 0), module 1
result[(2, 2, 4, 0), 1] = ModuleProfileResult(compute_cost=172.757, peak_memory=2.000 GB, invar_size=2.005 GB, outvar_size=0.375 GB, temp_buffer_size=-0.098 GB, available_memory=64.000 GB, comm_cost=0.558)
Using pre computed peak Mem for (2, 3, 4, 0), module 0
result[(2, 3, 4, 0), 0] = ModuleProfileResult(compute_cost=875.602, peak_memory=3.100 GB, invar_size=0.587 GB, outvar_size=2.898 GB, temp_buffer_size=-0.384 GB, available_memory=64.000 GB, comm_cost=0.755)
Using pre computed peak Mem for (2, 3, 4, 0), module 1
result[(2, 3, 4, 0), 1] = ModuleProfileResult(compute_cost=298.395, peak_memory=4.000 GB, invar_size=3.391 GB, outvar_size=0.587 GB, temp_buffer_size=0.516 GB, available_memory=64.000 GB, comm_cost=0.455)
Using pre computed peak Mem for (2, 4, 4, 0), module 0
result[(2, 4, 4, 0), 0] = ModuleProfileResult(compute_cost=1177.471, peak_memory=4.650 GB, invar_size=0.798 GB, outvar_size=3.765 GB, temp_buffer_size=0.087 GB, available_memory=64.000 GB, comm_cost=1.016)
Using pre computed peak Mem for (2, 4, 4, 0), module 1
result[(2, 4, 4, 0), 1] = ModuleProfileResult(compute_cost=424.814, peak_memory=6.000 GB, invar_size=4.469 GB, outvar_size=0.798 GB, temp_buffer_size=1.437 GB, available_memory=64.000 GB, comm_cost=1.142)
Using pre computed peak Mem for (2, 5, 4, 0), module 0
result[(2, 5, 4, 0), 0] = ModuleProfileResult(compute_cost=1479.339, peak_memory=6.200 GB, invar_size=1.009 GB, outvar_size=4.984 GB, temp_buffer_size=0.207 GB, available_memory=64.000 GB, comm_cost=1.278)
Using pre computed peak Mem for (2, 5, 4, 0), module 1
result[(2, 5, 4, 0), 1] = ModuleProfileResult(compute_cost=550.254, peak_memory=8.000 GB, invar_size=5.899 GB, outvar_size=1.009 GB, temp_buffer_size=2.007 GB, available_memory=64.000 GB, comm_cost=0.839)
Using pre computed peak Mem for (2, 6, 4, 0), module 0
result[(2, 6, 4, 0), 0] = ModuleProfileResult(compute_cost=1781.208, peak_memory=7.750 GB, invar_size=1.220 GB, outvar_size=5.984 GB, temp_buffer_size=0.547 GB, available_memory=64.000 GB, comm_cost=1.539)
Using pre computed peak Mem for (2, 6, 4, 0), module 1
result[(2, 6, 4, 0), 1] = ModuleProfileResult(compute_cost=676.685, peak_memory=10.000 GB, invar_size=7.110 GB, outvar_size=1.220 GB, temp_buffer_size=2.797 GB, available_memory=64.000 GB, comm_cost=1.534)
Using pre computed peak Mem for (2, 7, 4, 0), module 0
result[(2, 7, 4, 0), 0] = ModuleProfileResult(compute_cost=2083.076, peak_memory=9.300 GB, invar_size=1.431 GB, outvar_size=7.290 GB, temp_buffer_size=0.579 GB, available_memory=64.000 GB, comm_cost=1.800)
Using pre computed peak Mem for (2, 7, 4, 0), module 1
result[(2, 7, 4, 0), 1] = ModuleProfileResult(compute_cost=802.518, peak_memory=12.000 GB, invar_size=8.628 GB, outvar_size=1.431 GB, temp_buffer_size=3.279 GB, available_memory=64.000 GB, comm_cost=1.628)
Using pre computed peak Mem for (2, 8, 4, 0), module 0
result[(2, 8, 4, 0), 0] = ModuleProfileResult(compute_cost=2384.945, peak_memory=10.850 GB, invar_size=1.642 GB, outvar_size=8.421 GB, temp_buffer_size=0.786 GB, available_memory=64.000 GB, comm_cost=2.061)
Using pre computed peak Mem for (2, 8, 4, 0), module 1
result[(2, 8, 4, 0), 1] = ModuleProfileResult(compute_cost=928.351, peak_memory=14.000 GB, invar_size=9.970 GB, outvar_size=1.642 GB, temp_buffer_size=3.936 GB, available_memory=64.000 GB, comm_cost=1.723)
Using pre computed peak Mem for (2, 9, 4, 0), module 0
result[(2, 9, 4, 0), 0] = ModuleProfileResult(compute_cost=2686.813, peak_memory=12.400 GB, invar_size=1.853 GB, outvar_size=9.465 GB, temp_buffer_size=1.082 GB, available_memory=64.000 GB, comm_cost=2.322)
Using pre computed peak Mem for (2, 9, 4, 0), module 1
result[(2, 9, 4, 0), 1] = ModuleProfileResult(compute_cost=1053.978, peak_memory=16.000 GB, invar_size=11.224 GB, outvar_size=1.853 GB, temp_buffer_size=4.682 GB, available_memory=64.000 GB, comm_cost=1.613)
Using pre computed peak Mem for (2, 10, 4, 0), module 0
result[(2, 10, 4, 0), 0] = ModuleProfileResult(compute_cost=2988.682, peak_memory=13.950 GB, invar_size=2.065 GB, outvar_size=10.815 GB, temp_buffer_size=1.070 GB, available_memory=64.000 GB, comm_cost=2.583)
Using pre computed peak Mem for (2, 10, 4, 0), module 1
result[(2, 10, 4, 0), 1] = ModuleProfileResult(compute_cost=1179.823, peak_memory=18.000 GB, invar_size=12.786 GB, outvar_size=2.065 GB, temp_buffer_size=5.120 GB, available_memory=64.000 GB, comm_cost=1.714)
Using pre computed peak Mem for (2, 11, 4, 0), module 0
result[(2, 11, 4, 0), 0] = ModuleProfileResult(compute_cost=3019.091, peak_memory=15.500 GB, invar_size=2.277 GB, outvar_size=11.221 GB, temp_buffer_size=2.001 GB, available_memory=64.000 GB, comm_cost=2.611)
Using pre computed peak Mem for (2, 11, 4, 0), module 1
result[(2, 11, 4, 0), 1] = ModuleProfileResult(compute_cost=1287.306, peak_memory=20.000 GB, invar_size=13.405 GB, outvar_size=2.277 GB, temp_buffer_size=6.501 GB, available_memory=64.000 GB, comm_cost=2.734)
Using pre computed peak Mem for (3, 3, 4, 0), module 0
result[(3, 3, 4, 0), 0] = ModuleProfileResult(compute_cost=301.900, peak_memory=1.550 GB, invar_size=0.305 GB, outvar_size=1.269 GB, temp_buffer_size=-0.024 GB, available_memory=64.000 GB, comm_cost=0.261)
result[(3, 3, 4, 0), 1] = ModuleProfileResult(compute_cost=125.833, peak_memory=1.743 GB, invar_size=1.480 GB, outvar_size=0.305 GB, temp_buffer_size=0.170 GB, available_memory=64.000 GB, comm_cost=0.095)
Using pre computed peak Mem for (3, 4, 4, 0), module 0
result[(3, 4, 4, 0), 0] = ModuleProfileResult(compute_cost=603.768, peak_memory=3.100 GB, invar_size=0.516 GB, outvar_size=2.400 GB, temp_buffer_size=0.184 GB, available_memory=64.000 GB, comm_cost=0.522)
Using pre computed peak Mem for (3, 4, 4, 0), module 1
result[(3, 4, 4, 0), 1] = ModuleProfileResult(compute_cost=251.865, peak_memory=4.000 GB, invar_size=2.822 GB, outvar_size=0.516 GB, temp_buffer_size=1.084 GB, available_memory=64.000 GB, comm_cost=0.388)
Using pre computed peak Mem for (3, 5, 4, 0), module 0
result[(3, 5, 4, 0), 0] = ModuleProfileResult(compute_cost=905.642, peak_memory=4.650 GB, invar_size=0.727 GB, outvar_size=3.487 GB, temp_buffer_size=0.436 GB, available_memory=64.000 GB, comm_cost=0.786)
Using pre computed peak Mem for (3, 5, 4, 0), module 1
result[(3, 5, 4, 0), 1] = ModuleProfileResult(compute_cost=377.699, peak_memory=6.000 GB, invar_size=4.120 GB, outvar_size=0.727 GB, temp_buffer_size=1.786 GB, available_memory=64.000 GB, comm_cost=0.484)
Using pre computed peak Mem for (3, 6, 4, 0), module 0
result[(3, 6, 4, 0), 0] = ModuleProfileResult(compute_cost=1207.505, peak_memory=6.200 GB, invar_size=0.938 GB, outvar_size=4.574 GB, temp_buffer_size=0.688 GB, available_memory=64.000 GB, comm_cost=1.045)
Using pre computed peak Mem for (3, 6, 4, 0), module 1
result[(3, 6, 4, 0), 1] = ModuleProfileResult(compute_cost=503.727, peak_memory=8.000 GB, invar_size=5.419 GB, outvar_size=0.938 GB, temp_buffer_size=2.488 GB, available_memory=64.000 GB, comm_cost=0.775)
Using pre computed peak Mem for (3, 7, 4, 0), module 0
result[(3, 7, 4, 0), 0] = ModuleProfileResult(compute_cost=1509.374, peak_memory=7.750 GB, invar_size=1.150 GB, outvar_size=5.573 GB, temp_buffer_size=1.027 GB, available_memory=64.000 GB, comm_cost=1.306)
Using pre computed peak Mem for (3, 7, 4, 0), module 1
result[(3, 7, 4, 0), 1] = ModuleProfileResult(compute_cost=629.555, peak_memory=10.000 GB, invar_size=6.629 GB, outvar_size=1.149 GB, temp_buffer_size=3.277 GB, available_memory=64.000 GB, comm_cost=0.866)
Using pre computed peak Mem for (3, 8, 4, 0), module 0
result[(3, 8, 4, 0), 0] = ModuleProfileResult(compute_cost=1811.242, peak_memory=9.300 GB, invar_size=1.361 GB, outvar_size=6.660 GB, temp_buffer_size=1.279 GB, available_memory=64.000 GB, comm_cost=1.567)
Using pre computed peak Mem for (3, 8, 4, 0), module 1
result[(3, 8, 4, 0), 1] = ModuleProfileResult(compute_cost=755.980, peak_memory=12.000 GB, invar_size=7.927 GB, outvar_size=1.361 GB, temp_buffer_size=3.979 GB, available_memory=64.000 GB, comm_cost=1.557)
Using pre computed peak Mem for (3, 9, 4, 0), module 0
result[(3, 9, 4, 0), 0] = ModuleProfileResult(compute_cost=2113.111, peak_memory=10.850 GB, invar_size=1.572 GB, outvar_size=7.660 GB, temp_buffer_size=1.619 GB, available_memory=64.000 GB, comm_cost=1.828)
Using pre computed peak Mem for (3, 9, 4, 0), module 1
result[(3, 9, 4, 0), 1] = ModuleProfileResult(compute_cost=882.011, peak_memory=14.000 GB, invar_size=9.138 GB, outvar_size=1.572 GB, temp_buffer_size=4.769 GB, available_memory=64.000 GB, comm_cost=1.850)
Using pre computed peak Mem for (3, 10, 4, 0), module 0
result[(3, 10, 4, 0), 0] = ModuleProfileResult(compute_cost=2414.979, peak_memory=12.400 GB, invar_size=1.783 GB, outvar_size=8.922 GB, temp_buffer_size=1.695 GB, available_memory=64.000 GB, comm_cost=2.089)
Using pre computed peak Mem for (3, 10, 4, 0), module 1
result[(3, 10, 4, 0), 1] = ModuleProfileResult(compute_cost=1007.451, peak_memory=16.000 GB, invar_size=10.612 GB, outvar_size=1.783 GB, temp_buffer_size=5.295 GB, available_memory=64.000 GB, comm_cost=1.548)
Using pre computed peak Mem for (3, 11, 4, 0), module 0
result[(3, 11, 4, 0), 0] = ModuleProfileResult(compute_cost=2445.389, peak_memory=13.950 GB, invar_size=1.996 GB, outvar_size=9.856 GB, temp_buffer_size=2.099 GB, available_memory=64.000 GB, comm_cost=2.117)
Using pre computed peak Mem for (3, 11, 4, 0), module 1
result[(3, 11, 4, 0), 1] = ModuleProfileResult(compute_cost=1114.561, peak_memory=18.000 GB, invar_size=11.758 GB, outvar_size=1.996 GB, temp_buffer_size=6.149 GB, available_memory=64.000 GB, comm_cost=2.183)
Using pre computed peak Mem for (4, 4, 4, 0), module 0
result[(4, 4, 4, 0), 0] = ModuleProfileResult(compute_cost=301.900, peak_memory=1.550 GB, invar_size=0.305 GB, outvar_size=1.269 GB, temp_buffer_size=-0.024 GB, available_memory=64.000 GB, comm_cost=0.261)
result[(4, 4, 4, 0), 1] = ModuleProfileResult(compute_cost=125.833, peak_memory=1.743 GB, invar_size=1.480 GB, outvar_size=0.305 GB, temp_buffer_size=0.170 GB, available_memory=64.000 GB, comm_cost=0.095)
Using pre computed peak Mem for (4, 5, 4, 0), module 0
result[(4, 5, 4, 0), 0] = ModuleProfileResult(compute_cost=603.768, peak_memory=3.100 GB, invar_size=0.516 GB, outvar_size=2.224 GB, temp_buffer_size=0.360 GB, available_memory=64.000 GB, comm_cost=0.522)
Using pre computed peak Mem for (4, 5, 4, 0), module 1
result[(4, 5, 4, 0), 1] = ModuleProfileResult(compute_cost=252.057, peak_memory=4.000 GB, invar_size=2.646 GB, outvar_size=0.516 GB, temp_buffer_size=1.260 GB, available_memory=64.000 GB, comm_cost=0.584)
Using pre computed peak Mem for (4, 6, 4, 0), module 0
result[(4, 6, 4, 0), 0] = ModuleProfileResult(compute_cost=905.637, peak_memory=4.650 GB, invar_size=0.727 GB, outvar_size=3.443 GB, temp_buffer_size=0.480 GB, available_memory=64.000 GB, comm_cost=0.783)
Using pre computed peak Mem for (4, 6, 4, 0), module 1
result[(4, 6, 4, 0), 1] = ModuleProfileResult(compute_cost=377.692, peak_memory=6.000 GB, invar_size=4.076 GB, outvar_size=0.727 GB, temp_buffer_size=1.830 GB, available_memory=64.000 GB, comm_cost=0.479)
Using pre computed peak Mem for (4, 7, 4, 0), module 0
result[(4, 7, 4, 0), 0] = ModuleProfileResult(compute_cost=1207.505, peak_memory=6.200 GB, invar_size=0.938 GB, outvar_size=4.530 GB, temp_buffer_size=0.732 GB, available_memory=64.000 GB, comm_cost=1.045)
Using pre computed peak Mem for (4, 7, 4, 0), module 1
result[(4, 7, 4, 0), 1] = ModuleProfileResult(compute_cost=503.727, peak_memory=8.000 GB, invar_size=5.375 GB, outvar_size=0.938 GB, temp_buffer_size=2.532 GB, available_memory=64.000 GB, comm_cost=0.775)
Using pre computed peak Mem for (4, 8, 4, 0), module 0
result[(4, 8, 4, 0), 0] = ModuleProfileResult(compute_cost=1509.374, peak_memory=7.750 GB, invar_size=1.150 GB, outvar_size=5.749 GB, temp_buffer_size=0.851 GB, available_memory=64.000 GB, comm_cost=1.306)
Using pre computed peak Mem for (4, 8, 4, 0), module 1
result[(4, 8, 4, 0), 1] = ModuleProfileResult(compute_cost=629.362, peak_memory=10.000 GB, invar_size=6.805 GB, outvar_size=1.149 GB, temp_buffer_size=3.101 GB, available_memory=64.000 GB, comm_cost=0.670)
Using pre computed peak Mem for (4, 9, 4, 0), module 0
result[(4, 9, 4, 0), 0] = ModuleProfileResult(compute_cost=1811.242, peak_memory=9.300 GB, invar_size=1.361 GB, outvar_size=6.836 GB, temp_buffer_size=1.103 GB, available_memory=64.000 GB, comm_cost=1.567)
Using pre computed peak Mem for (4, 9, 4, 0), module 1
result[(4, 9, 4, 0), 1] = ModuleProfileResult(compute_cost=755.592, peak_memory=12.000 GB, invar_size=8.103 GB, outvar_size=1.361 GB, temp_buffer_size=3.803 GB, available_memory=64.000 GB, comm_cost=1.163)
Using pre computed peak Mem for (4, 10, 4, 0), module 0
result[(4, 10, 4, 0), 0] = ModuleProfileResult(compute_cost=2113.111, peak_memory=10.850 GB, invar_size=1.572 GB, outvar_size=8.055 GB, temp_buffer_size=1.223 GB, available_memory=64.000 GB, comm_cost=1.828)
Using pre computed peak Mem for (4, 10, 4, 0), module 1
result[(4, 10, 4, 0), 1] = ModuleProfileResult(compute_cost=881.026, peak_memory=14.000 GB, invar_size=9.533 GB, outvar_size=1.572 GB, temp_buffer_size=4.373 GB, available_memory=64.000 GB, comm_cost=0.857)
Using pre computed peak Mem for (4, 11, 4, 0), module 0
result[(4, 11, 4, 0), 0] = ModuleProfileResult(compute_cost=2143.520, peak_memory=12.400 GB, invar_size=1.784 GB, outvar_size=8.857 GB, temp_buffer_size=1.759 GB, available_memory=64.000 GB, comm_cost=1.856)
Using pre computed peak Mem for (4, 11, 4, 0), module 1
result[(4, 11, 4, 0), 1] = ModuleProfileResult(compute_cost=988.334, peak_memory=16.000 GB, invar_size=10.547 GB, outvar_size=1.784 GB, temp_buffer_size=5.359 GB, available_memory=64.000 GB, comm_cost=1.692)
Using pre computed peak Mem for (5, 5, 4, 0), module 0
result[(5, 5, 4, 0), 0] = ModuleProfileResult(compute_cost=301.900, peak_memory=1.550 GB, invar_size=0.305 GB, outvar_size=1.269 GB, temp_buffer_size=-0.024 GB, available_memory=64.000 GB, comm_cost=0.261)
result[(5, 5, 4, 0), 1] = ModuleProfileResult(compute_cost=125.833, peak_memory=1.743 GB, invar_size=1.480 GB, outvar_size=0.305 GB, temp_buffer_size=0.170 GB, available_memory=64.000 GB, comm_cost=0.095)
Using pre computed peak Mem for (5, 6, 4, 0), module 0
result[(5, 6, 4, 0), 0] = ModuleProfileResult(compute_cost=603.768, peak_memory=3.100 GB, invar_size=0.516 GB, outvar_size=2.356 GB, temp_buffer_size=0.228 GB, available_memory=64.000 GB, comm_cost=0.522)
Using pre computed peak Mem for (5, 6, 4, 0), module 1
result[(5, 6, 4, 0), 1] = ModuleProfileResult(compute_cost=251.865, peak_memory=4.000 GB, invar_size=2.778 GB, outvar_size=0.516 GB, temp_buffer_size=1.128 GB, available_memory=64.000 GB, comm_cost=0.388)
Using pre computed peak Mem for (5, 7, 4, 0), module 0
result[(5, 7, 4, 0), 0] = ModuleProfileResult(compute_cost=905.637, peak_memory=4.650 GB, invar_size=0.727 GB, outvar_size=3.443 GB, temp_buffer_size=0.480 GB, available_memory=64.000 GB, comm_cost=0.783)
Using pre computed peak Mem for (5, 7, 4, 0), module 1
result[(5, 7, 4, 0), 1] = ModuleProfileResult(compute_cost=377.695, peak_memory=6.000 GB, invar_size=4.076 GB, outvar_size=0.727 GB, temp_buffer_size=1.830 GB, available_memory=64.000 GB, comm_cost=0.481)
Using pre computed peak Mem for (5, 8, 4, 0), module 0
result[(5, 8, 4, 0), 0] = ModuleProfileResult(compute_cost=1207.505, peak_memory=6.200 GB, invar_size=0.938 GB, outvar_size=4.618 GB, temp_buffer_size=0.644 GB, available_memory=64.000 GB, comm_cost=1.045)
Using pre computed peak Mem for (5, 8, 4, 0), module 1
result[(5, 8, 4, 0), 1] = ModuleProfileResult(compute_cost=504.123, peak_memory=8.000 GB, invar_size=5.463 GB, outvar_size=0.938 GB, temp_buffer_size=2.444 GB, available_memory=64.000 GB, comm_cost=1.173)
Using pre computed peak Mem for (5, 9, 4, 0), module 0
result[(5, 9, 4, 0), 0] = ModuleProfileResult(compute_cost=1509.374, peak_memory=7.750 GB, invar_size=1.150 GB, outvar_size=5.705 GB, temp_buffer_size=0.895 GB, available_memory=64.000 GB, comm_cost=1.306)
Using pre computed peak Mem for (5, 9, 4, 0), module 1
result[(5, 9, 4, 0), 1] = ModuleProfileResult(compute_cost=629.954, peak_memory=10.000 GB, invar_size=6.761 GB, outvar_size=1.149 GB, temp_buffer_size=3.145 GB, available_memory=64.000 GB, comm_cost=1.266)
Using pre computed peak Mem for (5, 10, 4, 0), module 0
result[(5, 10, 4, 0), 0] = ModuleProfileResult(compute_cost=1811.242, peak_memory=9.300 GB, invar_size=1.361 GB, outvar_size=6.924 GB, temp_buffer_size=1.015 GB, available_memory=64.000 GB, comm_cost=1.567)
Using pre computed peak Mem for (5, 10, 4, 0), module 1
result[(5, 10, 4, 0), 1] = ModuleProfileResult(compute_cost=755.388, peak_memory=12.000 GB, invar_size=8.191 GB, outvar_size=1.361 GB, temp_buffer_size=3.715 GB, available_memory=64.000 GB, comm_cost=0.960)
Using pre computed peak Mem for (5, 11, 4, 0), module 0
result[(5, 11, 4, 0), 0] = ModuleProfileResult(compute_cost=1841.652, peak_memory=10.850 GB, invar_size=1.573 GB, outvar_size=7.682 GB, temp_buffer_size=1.595 GB, available_memory=64.000 GB, comm_cost=1.595)
Using pre computed peak Mem for (5, 11, 4, 0), module 1
result[(5, 11, 4, 0), 1] = ModuleProfileResult(compute_cost=862.104, peak_memory=14.000 GB, invar_size=9.161 GB, outvar_size=1.573 GB, temp_buffer_size=4.745 GB, available_memory=64.000 GB, comm_cost=1.198)
Using pre computed peak Mem for (6, 6, 4, 0), module 0
result[(6, 6, 4, 0), 0] = ModuleProfileResult(compute_cost=301.900, peak_memory=1.550 GB, invar_size=0.305 GB, outvar_size=1.269 GB, temp_buffer_size=-0.024 GB, available_memory=64.000 GB, comm_cost=0.261)
result[(6, 6, 4, 0), 1] = ModuleProfileResult(compute_cost=125.833, peak_memory=1.743 GB, invar_size=1.480 GB, outvar_size=0.305 GB, temp_buffer_size=0.170 GB, available_memory=64.000 GB, comm_cost=0.095)
Using pre computed peak Mem for (6, 7, 4, 0), module 0
result[(6, 7, 4, 0), 0] = ModuleProfileResult(compute_cost=603.768, peak_memory=3.100 GB, invar_size=0.516 GB, outvar_size=2.444 GB, temp_buffer_size=0.140 GB, available_memory=64.000 GB, comm_cost=0.522)
result[(6, 7, 4, 0), 1] = ModuleProfileResult(compute_cost=251.667, peak_memory=3.265 GB, invar_size=2.866 GB, outvar_size=0.516 GB, temp_buffer_size=0.305 GB, available_memory=64.000 GB, comm_cost=0.189)
Using pre computed peak Mem for (6, 8, 4, 0), module 0
result[(6, 8, 4, 0), 0] = ModuleProfileResult(compute_cost=905.637, peak_memory=4.650 GB, invar_size=0.727 GB, outvar_size=3.399 GB, temp_buffer_size=0.524 GB, available_memory=64.000 GB, comm_cost=0.783)
Using pre computed peak Mem for (6, 8, 4, 0), module 1
result[(6, 8, 4, 0), 1] = ModuleProfileResult(compute_cost=377.894, peak_memory=6.000 GB, invar_size=4.032 GB, outvar_size=0.727 GB, temp_buffer_size=1.874 GB, available_memory=64.000 GB, comm_cost=0.680)
Using pre computed peak Mem for (6, 9, 4, 0), module 0
result[(6, 9, 4, 0), 0] = ModuleProfileResult(compute_cost=1207.505, peak_memory=6.200 GB, invar_size=0.938 GB, outvar_size=4.618 GB, temp_buffer_size=0.644 GB, available_memory=64.000 GB, comm_cost=1.045)
Using pre computed peak Mem for (6, 9, 4, 0), module 1
result[(6, 9, 4, 0), 1] = ModuleProfileResult(compute_cost=503.730, peak_memory=8.000 GB, invar_size=5.463 GB, outvar_size=0.938 GB, temp_buffer_size=2.444 GB, available_memory=64.000 GB, comm_cost=0.777)
Using pre computed peak Mem for (6, 10, 4, 0), module 0
result[(6, 10, 4, 0), 0] = ModuleProfileResult(compute_cost=1509.374, peak_memory=7.750 GB, invar_size=1.150 GB, outvar_size=5.749 GB, temp_buffer_size=0.851 GB, available_memory=64.000 GB, comm_cost=1.306)
Using pre computed peak Mem for (6, 10, 4, 0), module 1
result[(6, 10, 4, 0), 1] = ModuleProfileResult(compute_cost=629.362, peak_memory=10.000 GB, invar_size=6.805 GB, outvar_size=1.149 GB, temp_buffer_size=3.101 GB, available_memory=64.000 GB, comm_cost=0.670)
Using pre computed peak Mem for (6, 11, 4, 0), module 0
result[(6, 11, 4, 0), 0] = ModuleProfileResult(compute_cost=1539.783, peak_memory=9.300 GB, invar_size=1.362 GB, outvar_size=6.463 GB, temp_buffer_size=1.475 GB, available_memory=64.000 GB, comm_cost=1.334)
Using pre computed peak Mem for (6, 11, 4, 0), module 1
result[(6, 11, 4, 0), 1] = ModuleProfileResult(compute_cost=736.865, peak_memory=12.000 GB, invar_size=7.731 GB, outvar_size=1.362 GB, temp_buffer_size=4.175 GB, available_memory=64.000 GB, comm_cost=1.702)
Using pre computed peak Mem for (7, 7, 4, 0), module 0
result[(7, 7, 4, 0), 0] = ModuleProfileResult(compute_cost=301.900, peak_memory=1.550 GB, invar_size=0.305 GB, outvar_size=1.269 GB, temp_buffer_size=-0.024 GB, available_memory=64.000 GB, comm_cost=0.261)
result[(7, 7, 4, 0), 1] = ModuleProfileResult(compute_cost=125.833, peak_memory=1.743 GB, invar_size=1.480 GB, outvar_size=0.305 GB, temp_buffer_size=0.170 GB, available_memory=64.000 GB, comm_cost=0.095)
Using pre computed peak Mem for (7, 8, 4, 0), module 0
result[(7, 8, 4, 0), 0] = ModuleProfileResult(compute_cost=603.768, peak_memory=3.100 GB, invar_size=0.516 GB, outvar_size=2.400 GB, temp_buffer_size=0.184 GB, available_memory=64.000 GB, comm_cost=0.522)
result[(7, 8, 4, 0), 1] = ModuleProfileResult(compute_cost=251.661, peak_memory=3.224 GB, invar_size=2.822 GB, outvar_size=0.516 GB, temp_buffer_size=0.308 GB, available_memory=64.000 GB, comm_cost=0.185)
Using pre computed peak Mem for (7, 9, 4, 0), module 0
result[(7, 9, 4, 0), 0] = ModuleProfileResult(compute_cost=905.637, peak_memory=4.650 GB, invar_size=0.727 GB, outvar_size=3.355 GB, temp_buffer_size=0.568 GB, available_memory=64.000 GB, comm_cost=0.783)
Using pre computed peak Mem for (7, 9, 4, 0), module 1
result[(7, 9, 4, 0), 1] = ModuleProfileResult(compute_cost=378.092, peak_memory=6.000 GB, invar_size=3.989 GB, outvar_size=0.727 GB, temp_buffer_size=1.918 GB, available_memory=64.000 GB, comm_cost=0.880)
Using pre computed peak Mem for (7, 10, 4, 0), module 0
result[(7, 10, 4, 0), 0] = ModuleProfileResult(compute_cost=1207.505, peak_memory=6.200 GB, invar_size=0.938 GB, outvar_size=4.354 GB, temp_buffer_size=0.907 GB, available_memory=64.000 GB, comm_cost=1.045)
Using pre computed peak Mem for (7, 10, 4, 0), module 1
result[(7, 10, 4, 0), 1] = ModuleProfileResult(compute_cost=504.118, peak_memory=8.000 GB, invar_size=5.199 GB, outvar_size=0.938 GB, temp_buffer_size=2.707 GB, available_memory=64.000 GB, comm_cost=1.170)
Using pre computed peak Mem for (7, 11, 4, 0), module 0
result[(7, 11, 4, 0), 0] = ModuleProfileResult(compute_cost=1237.915, peak_memory=7.750 GB, invar_size=1.151 GB, outvar_size=5.332 GB, temp_buffer_size=1.267 GB, available_memory=64.000 GB, comm_cost=1.073)
Using pre computed peak Mem for (7, 11, 4, 0), module 1
result[(7, 11, 4, 0), 1] = ModuleProfileResult(compute_cost=610.639, peak_memory=10.000 GB, invar_size=6.389 GB, outvar_size=1.151 GB, temp_buffer_size=3.517 GB, available_memory=64.000 GB, comm_cost=1.210)
Using pre computed peak Mem for (8, 8, 4, 0), module 0
result[(8, 8, 4, 0), 0] = ModuleProfileResult(compute_cost=301.900, peak_memory=1.550 GB, invar_size=0.305 GB, outvar_size=1.269 GB, temp_buffer_size=-0.024 GB, available_memory=64.000 GB, comm_cost=0.261)
result[(8, 8, 4, 0), 1] = ModuleProfileResult(compute_cost=125.833, peak_memory=1.743 GB, invar_size=1.480 GB, outvar_size=0.305 GB, temp_buffer_size=0.170 GB, available_memory=64.000 GB, comm_cost=0.095)
Using pre computed peak Mem for (8, 9, 4, 0), module 0
result[(8, 9, 4, 0), 0] = ModuleProfileResult(compute_cost=603.768, peak_memory=3.100 GB, invar_size=0.516 GB, outvar_size=2.312 GB, temp_buffer_size=0.272 GB, available_memory=64.000 GB, comm_cost=0.522)
Using pre computed peak Mem for (8, 9, 4, 0), module 1
result[(8, 9, 4, 0), 1] = ModuleProfileResult(compute_cost=251.862, peak_memory=4.000 GB, invar_size=2.734 GB, outvar_size=0.516 GB, temp_buffer_size=1.172 GB, available_memory=64.000 GB, comm_cost=0.387)
Using pre computed peak Mem for (8, 10, 4, 0), module 0
result[(8, 10, 4, 0), 0] = ModuleProfileResult(compute_cost=905.637, peak_memory=4.650 GB, invar_size=0.727 GB, outvar_size=3.443 GB, temp_buffer_size=0.480 GB, available_memory=64.000 GB, comm_cost=0.783)
Using pre computed peak Mem for (8, 10, 4, 0), module 1
result[(8, 10, 4, 0), 1] = ModuleProfileResult(compute_cost=377.695, peak_memory=6.000 GB, invar_size=4.076 GB, outvar_size=0.727 GB, temp_buffer_size=1.830 GB, available_memory=64.000 GB, comm_cost=0.481)
Using pre computed peak Mem for (8, 11, 4, 0), module 0
result[(8, 11, 4, 0), 0] = ModuleProfileResult(compute_cost=936.046, peak_memory=6.200 GB, invar_size=0.940 GB, outvar_size=4.288 GB, temp_buffer_size=0.972 GB, available_memory=64.000 GB, comm_cost=0.812)
Using pre computed peak Mem for (8, 11, 4, 0), module 1
result[(8, 11, 4, 0), 1] = ModuleProfileResult(compute_cost=484.409, peak_memory=8.000 GB, invar_size=5.135 GB, outvar_size=0.940 GB, temp_buffer_size=2.772 GB, available_memory=64.000 GB, comm_cost=0.717)
Using pre computed peak Mem for (9, 9, 4, 0), module 0
result[(9, 9, 4, 0), 0] = ModuleProfileResult(compute_cost=301.900, peak_memory=1.550 GB, invar_size=0.305 GB, outvar_size=1.269 GB, temp_buffer_size=-0.024 GB, available_memory=64.000 GB, comm_cost=0.261)
result[(9, 9, 4, 0), 1] = ModuleProfileResult(compute_cost=125.833, peak_memory=1.743 GB, invar_size=1.480 GB, outvar_size=0.305 GB, temp_buffer_size=0.170 GB, available_memory=64.000 GB, comm_cost=0.095)
Using pre computed peak Mem for (9, 10, 4, 0), module 0
result[(9, 10, 4, 0), 0] = ModuleProfileResult(compute_cost=603.768, peak_memory=3.100 GB, invar_size=0.516 GB, outvar_size=2.312 GB, temp_buffer_size=0.272 GB, available_memory=64.000 GB, comm_cost=0.522)
Using pre computed peak Mem for (9, 10, 4, 0), module 1
result[(9, 10, 4, 0), 1] = ModuleProfileResult(compute_cost=252.063, peak_memory=4.000 GB, invar_size=2.734 GB, outvar_size=0.516 GB, temp_buffer_size=1.172 GB, available_memory=64.000 GB, comm_cost=0.588)
Using pre computed peak Mem for (9, 11, 4, 0), module 0
result[(9, 11, 4, 0), 0] = ModuleProfileResult(compute_cost=634.178, peak_memory=4.650 GB, invar_size=0.729 GB, outvar_size=3.113 GB, temp_buffer_size=0.808 GB, available_memory=64.000 GB, comm_cost=0.550)
Using pre computed peak Mem for (9, 11, 4, 0), module 1
result[(9, 11, 4, 0), 1] = ModuleProfileResult(compute_cost=358.774, peak_memory=6.000 GB, invar_size=3.748 GB, outvar_size=0.729 GB, temp_buffer_size=2.158 GB, available_memory=64.000 GB, comm_cost=0.822)
Using pre computed peak Mem for (10, 10, 4, 0), module 0
result[(10, 10, 4, 0), 0] = ModuleProfileResult(compute_cost=301.900, peak_memory=1.550 GB, invar_size=0.305 GB, outvar_size=1.269 GB, temp_buffer_size=-0.024 GB, available_memory=64.000 GB, comm_cost=0.261)
result[(10, 10, 4, 0), 1] = ModuleProfileResult(compute_cost=125.833, peak_memory=1.743 GB, invar_size=1.480 GB, outvar_size=0.305 GB, temp_buffer_size=0.170 GB, available_memory=64.000 GB, comm_cost=0.095)
Using pre computed peak Mem for (10, 11, 4, 0), module 0
result[(10, 11, 4, 0), 0] = ModuleProfileResult(compute_cost=332.309, peak_memory=3.100 GB, invar_size=0.518 GB, outvar_size=2.070 GB, temp_buffer_size=0.512 GB, available_memory=64.000 GB, comm_cost=0.289)
Using pre computed peak Mem for (10, 11, 4, 0), module 1
result[(10, 11, 4, 0), 1] = ModuleProfileResult(compute_cost=232.544, peak_memory=4.000 GB, invar_size=2.494 GB, outvar_size=0.518 GB, temp_buffer_size=1.412 GB, available_memory=64.000 GB, comm_cost=0.329)
result[(11, 11, 4, 0), 0] = ModuleProfileResult(compute_cost=30.409, peak_memory=1.246 GB, invar_size=0.306 GB, outvar_size=0.939 GB, temp_buffer_size=0.000 GB, available_memory=64.000 GB, comm_cost=0.028)
Using pre computed peak Mem for (11, 11, 4, 0), module 1
result[(11, 11, 4, 0), 1] = ModuleProfileResult(compute_cost=106.711, peak_memory=2.000 GB, invar_size=1.152 GB, outvar_size=0.306 GB, temp_buffer_size=0.754 GB, available_memory=64.000 GB, comm_cost=0.235)
Profiling for submesh 4 (2, 8) takes 558.05 seconds
--------------------------------------------------
- Profiling for submesh 3 (1, 8):
- Generate all stage infos (Jaxpr -> HLO)
- Compile all stages, get estimations
num of workers:12
[2m[36m(CompileWorker pid=3326266)[0m compiled for stage:0 name: stage_0_0_acc_grad_0 module id: 0
[2m[36m(CompileWorker pid=3326265)[0m compiled for stage:1 name: stage_0_0_acc_grad_0 module id: 0
[2m[36m(CompileWorker pid=3326263)[0m compiled for stage:3 name: stage_0_1_acc_grad_0 module id: 0
[2m[36m(CompileWorker pid=3326264)[0m compiled for stage:2 name: stage_0_1_acc_grad_0 module id: 0
[2m[36m(CompileWorker pid=3326262)[0m compiled for stage:4 name: stage_0_2_acc_grad_0 module id: 0
[2m[36m(CompileWorker pid=3326261)[0m compiled for stage:5 name: stage_0_2_acc_grad_0 module id: 0
[2m[36m(CompileWorker pid=3326260)[0m compiled for stage:6 name: stage_0_3_acc_grad_0 module id: 0
[2m[36m(CompileWorker pid=3326259)[0m compiled for stage:7 name: stage_0_3_acc_grad_0 module id: 0
[2m[36m(CompileWorker pid=3326258)[0m compiled for stage:8 name: stage_0_4_acc_grad_0 module id: 0
[2m[36m(CompileWorker pid=3326256)[0m compiled for stage:10 name: stage_0_5_acc_grad_0 module id: 0
[2m[36m(CompileWorker pid=3326257)[0m compiled for stage:9 name: stage_0_4_acc_grad_0 module id: 0
[2m[36m(CompileWorker pid=3326263)[0m  tensor (Large latency) dimensions: (1, 256, 36864, 36864, 1, 1, 1, 1, 1, 1, 0, 0, 'CONV', 1, 1, 0, 0),  latency: 45.36027428571428
[2m[36m(CompileWorker pid=3326266)[0m  tensor (Large latency) dimensions: (1, 2048, 36864, 36864, 1, 1, 1, 1, 1, 1, 0, 0, 'CONV', 1, 1, 0, 0),  latency: 241.54697142857142
[2m[36m(CompileWorker pid=3326265)[0m  tensor (Large latency) dimensions: (1, 2048, 36864, 36864, 1, 1, 1, 1, 1, 1, 0, 0, 'CONV', 1, 1, 0, 0),  latency: 241.54697142857142
[2m[36m(CompileWorker pid=3326262)[0m  tensor (Large latency) dimensions: (1, 2048, 36864, 36864, 1, 1, 1, 1, 1, 1, 0, 0, 'CONV', 1, 1, 0, 0),  latency: 241.54697142857142
[2m[36m(CompileWorker pid=3326264)[0m  tensor (Large latency) dimensions: (1, 2048, 36864, 36864, 1, 1, 1, 1, 1, 1, 0, 0, 'CONV', 1, 1, 0, 0),  latency: 241.54697142857142
[2m[36m(CompileWorker pid=3326255)[0m compiled for stage:11 name: stage_0_5_acc_grad_0 module id: 0
[2m[36m(CompileWorker pid=3326261)[0m  tensor (Large latency) dimensions: (1, 2048, 36864, 36864, 1, 1, 1, 1, 1, 1, 0, 0, 'CONV', 1, 1, 0, 0),  latency: 241.54697142857142
[2m[36m(CompileWorker pid=3326260)[0m  tensor (Large latency) dimensions: (1, 2048, 36864, 36864, 1, 1, 1, 1, 1, 1, 0, 0, 'CONV', 1, 1, 0, 0),  latency: 241.54697142857142
[2m[36m(CompileWorker pid=3326259)[0m  tensor (Large latency) dimensions: (1, 2048, 36864, 36864, 1, 1, 1, 1, 1, 1, 0, 0, 'CONV', 1, 1, 0, 0),  latency: 241.54697142857142
[2m[36m(CompileWorker pid=3326263)[0m  tensor (Large latency) dimensions: (1, 2048, 12288, 12288, 1, 1, 1, 1, 1, 1, 0, 0, 'CONV', 1, 1, 0, 0),  latency: 26.58889142857143
[2m[36m(CompileWorker pid=3326256)[0m  tensor (Large latency) dimensions: (1, 2048, 36864, 36864, 1, 1, 1, 1, 1, 1, 0, 0, 'CONV', 1, 1, 0, 0),  latency: 241.54697142857142
[2m[36m(CompileWorker pid=3326266)[0m  tensor (Large latency) dimensions: (1, 2048, 12288, 12288, 1, 1, 1, 1, 1, 1, 0, 0, 'CONV', 1, 1, 0, 0),  latency: 26.58889142857143
[2m[36m(CompileWorker pid=3326258)[0m  tensor (Large latency) dimensions: (1, 2048, 36864, 36864, 1, 1, 1, 1, 1, 1, 0, 0, 'CONV', 1, 1, 0, 0),  latency: 241.54697142857142
[2m[36m(CompileWorker pid=3326264)[0m  tensor (Large latency) dimensions: (1, 2048, 12288, 12288, 1, 1, 1, 1, 1, 1, 0, 0, 'CONV', 1, 1, 0, 0),  latency: 26.58889142857143
[2m[36m(CompileWorker pid=3326265)[0m  tensor (Large latency) dimensions: (1, 2048, 12288, 12288, 1, 1, 1, 1, 1, 1, 0, 0, 'CONV', 1, 1, 0, 0),  latency: 26.58889142857143
[2m[36m(CompileWorker pid=3326262)[0m  tensor (Large latency) dimensions: (1, 2048, 12288, 12288, 1, 1, 1, 1, 1, 1, 0, 0, 'CONV', 1, 1, 0, 0),  latency: 26.58889142857143
[2m[36m(CompileWorker pid=3326263)[0m  tensor (Large latency) dimensions: (1, 2048, 6144, 6144, 1, 1, 1, 1, 1, 1, 0, 0, 'CONV', 1, 1, 0, 0),  latency: 6.5536
[2m[36m(CompileWorker pid=3326257)[0m  tensor (Large latency) dimensions: (1, 2048, 36864, 36864, 1, 1, 1, 1, 1, 1, 0, 0, 'CONV', 1, 1, 0, 0),  latency: 241.54697142857142
[2m[36m(CompileWorker pid=3326261)[0m  tensor (Large latency) dimensions: (1, 2048, 12288, 12288, 1, 1, 1, 1, 1, 1, 0, 0, 'CONV', 1, 1, 0, 0),  latency: 26.58889142857143
[2m[36m(CompileWorker pid=3326266)[0m  tensor (Large latency) dimensions: (1, 2048, 6144, 6144, 1, 1, 1, 1, 1, 1, 0, 0, 'CONV', 1, 1, 0, 0),  latency: 6.5536
[2m[36m(CompileWorker pid=3326264)[0m  tensor (Large latency) dimensions: (1, 2048, 6144, 6144, 1, 1, 1, 1, 1, 1, 0, 0, 'CONV', 1, 1, 0, 0),  latency: 6.5536
[2m[36m(CompileWorker pid=3326260)[0m  tensor (Large latency) dimensions: (1, 2048, 12288, 12288, 1, 1, 1, 1, 1, 1, 0, 0, 'CONV', 1, 1, 0, 0),  latency: 26.58889142857143
[2m[36m(CompileWorker pid=3326265)[0m  tensor (Large latency) dimensions: (1, 2048, 6144, 6144, 1, 1, 1, 1, 1, 1, 0, 0, 'CONV', 1, 1, 0, 0),  latency: 6.5536
[2m[36m(CompileWorker pid=3326262)[0m  tensor (Large latency) dimensions: (1, 2048, 6144, 6144, 1, 1, 1, 1, 1, 1, 0, 0, 'CONV', 1, 1, 0, 0),  latency: 6.5536
[2m[36m(CompileWorker pid=3326263)[0m  tensor (Large latency) dimensions: (1, 2048, 12288, 12288, 1, 1, 1, 1, 1, 1, 0, 0, 'CONV', 1, 1, 0, 0),  latency: 26.58889142857143
[2m[36m(CompileWorker pid=3326259)[0m  tensor (Large latency) dimensions: (1, 2048, 12288, 12288, 1, 1, 1, 1, 1, 1, 0, 0, 'CONV', 1, 1, 0, 0),  latency: 26.58889142857143
[2m[36m(CompileWorker pid=3326261)[0m  tensor (Large latency) dimensions: (1, 2048, 6144, 6144, 1, 1, 1, 1, 1, 1, 0, 0, 'CONV', 1, 1, 0, 0),  latency: 6.5536
[2m[36m(CompileWorker pid=3326256)[0m  tensor (Large latency) dimensions: (1, 2048, 12288, 12288, 1, 1, 1, 1, 1, 1, 0, 0, 'CONV', 1, 1, 0, 0),  latency: 26.58889142857143
[2m[36m(CompileWorker pid=3326264)[0m  tensor (Large latency) dimensions: (1, 2048, 12288, 12288, 1, 1, 1, 1, 1, 1, 0, 0, 'CONV', 1, 1, 0, 0),  latency: 26.58889142857143
[2m[36m(CompileWorker pid=3326264)[0m compiled for stage:2 name: stage_0_1_acc_grad_1 module id: 1
[2m[36m(CompileWorker pid=3326265)[0m  tensor (Large latency) dimensions: (1, 2048, 12288, 12288, 1, 1, 1, 1, 1, 1, 0, 0, 'CONV', 1, 1, 0, 0),  latency: 26.58889142857143
[2m[36m(CompileWorker pid=3326265)[0m compiled for stage:1 name: stage_0_0_acc_grad_1 module id: 1
[2m[36m(CompileWorker pid=3326255)[0m  tensor (Large latency) dimensions: (1, 2048, 36864, 36864, 1, 1, 1, 1, 1, 1, 0, 0, 'CONV', 1, 1, 0, 0),  latency: 241.54697142857142
[2m[36m(CompileWorker pid=3326266)[0m  tensor (Large latency) dimensions: (1, 2048, 12288, 12288, 1, 1, 1, 1, 1, 1, 0, 0, 'CONV', 1, 1, 0, 0),  latency: 26.58889142857143
[2m[36m(CompileWorker pid=3326258)[0m  tensor (Large latency) dimensions: (1, 2048, 12288, 12288, 1, 1, 1, 1, 1, 1, 0, 0, 'CONV', 1, 1, 0, 0),  latency: 26.58889142857143
[2m[36m(CompileWorker pid=3326259)[0m  tensor (Large latency) dimensions: (1, 2048, 6144, 6144, 1, 1, 1, 1, 1, 1, 0, 0, 'CONV', 1, 1, 0, 0),  latency: 6.5536
[2m[36m(CompileWorker pid=3326266)[0m compiled for stage:0 name: stage_0_0_acc_grad_1 module id: 1
[2m[36m(CompileWorker pid=3326260)[0m  tensor (Large latency) dimensions: (1, 2048, 6144, 6144, 1, 1, 1, 1, 1, 1, 0, 0, 'CONV', 1, 1, 0, 0),  latency: 6.5536
[2m[36m(CompileWorker pid=3326257)[0m  tensor (Large latency) dimensions: (1, 2048, 12288, 12288, 1, 1, 1, 1, 1, 1, 0, 0, 'CONV', 1, 1, 0, 0),  latency: 26.58889142857143
[2m[36m(CompileWorker pid=3326262)[0m  tensor (Large latency) dimensions: (1, 2048, 12288, 12288, 1, 1, 1, 1, 1, 1, 0, 0, 'CONV', 1, 1, 0, 0),  latency: 26.58889142857143
[2m[36m(CompileWorker pid=3326262)[0m compiled for stage:4 name: stage_0_2_acc_grad_1 module id: 1
[2m[36m(CompileWorker pid=3326263)[0m  tensor (Large latency) dimensions: (1, 2048, 36864, 36864, 1, 1, 1, 1, 1, 1, 0, 0, 'CONV', 1, 1, 0, 0),  latency: 241.54697142857142
[2m[36m(CompileWorker pid=3326263)[0m compiled for stage:3 name: stage_0_1_acc_grad_1 module id: 1
[2m[36m(CompileWorker pid=3326261)[0m  tensor (Large latency) dimensions: (1, 2048, 12288, 12288, 1, 1, 1, 1, 1, 1, 0, 0, 'CONV', 1, 1, 0, 0),  latency: 26.58889142857143
[2m[36m(CompileWorker pid=3326261)[0m compiled for stage:5 name: stage_0_2_acc_grad_1 module id: 1
[2m[36m(CompileWorker pid=3326256)[0m  tensor (Large latency) dimensions: (1, 2048, 6144, 6144, 1, 1, 1, 1, 1, 1, 0, 0, 'CONV', 1, 1, 0, 0),  latency: 6.5536
[2m[36m(CompileWorker pid=3326258)[0m  tensor (Large latency) dimensions: (1, 2048, 6144, 6144, 1, 1, 1, 1, 1, 1, 0, 0, 'CONV', 1, 1, 0, 0),  latency: 6.5536
[2m[36m(CompileWorker pid=3326259)[0m  tensor (Large latency) dimensions: (1, 2048, 12288, 12288, 1, 1, 1, 1, 1, 1, 0, 0, 'CONV', 1, 1, 0, 0),  latency: 26.58889142857143
[2m[36m(CompileWorker pid=3326259)[0m compiled for stage:7 name: stage_0_3_acc_grad_1 module id: 1
[2m[36m(CompileWorker pid=3326260)[0m  tensor (Large latency) dimensions: (1, 2048, 12288, 12288, 1, 1, 1, 1, 1, 1, 0, 0, 'CONV', 1, 1, 0, 0),  latency: 26.58889142857143
[2m[36m(CompileWorker pid=3326260)[0m compiled for stage:6 name: stage_0_3_acc_grad_1 module id: 1
[2m[36m(CompileWorker pid=3326257)[0m  tensor (Large latency) dimensions: (1, 2048, 6144, 6144, 1, 1, 1, 1, 1, 1, 0, 0, 'CONV', 1, 1, 0, 0),  latency: 6.5536
[2m[36m(CompileWorker pid=3326264)[0m  tensor (Large latency) dimensions: (1, 6144, 12288, 12288, 1, 1, 1, 1, 1, 1, 0, 0, 'CONV', 1, 1, 0, 0),  latency: 79.76667428571429
[2m[36m(CompileWorker pid=3326265)[0m  tensor (Large latency) dimensions: (1, 6144, 12288, 12288, 1, 1, 1, 1, 1, 1, 0, 0, 'CONV', 1, 1, 0, 0),  latency: 79.76667428571429
[2m[36m(CompileWorker pid=3326255)[0m  tensor (Large latency) dimensions: (1, 2048, 12288, 12288, 1, 1, 1, 1, 1, 1, 0, 0, 'CONV', 1, 1, 0, 0),  latency: 26.58889142857143
[2m[36m(CompileWorker pid=3326262)[0m  tensor (Large latency) dimensions: (1, 1536, 12288, 12288, 1, 1, 1, 1, 1, 1, 0, 0, 'CONV', 1, 1, 0, 0),  latency: 19.941668571428572
[2m[36m(CompileWorker pid=3326256)[0m  tensor (Large latency) dimensions: (1, 2048, 12288, 12288, 1, 1, 1, 1, 1, 1, 0, 0, 'CONV', 1, 1, 0, 0),  latency: 26.58889142857143
[2m[36m(CompileWorker pid=3326256)[0m compiled for stage:10 name: stage_0_5_acc_grad_1 module id: 1
[2m[36m(CompileWorker pid=3326266)[0m  tensor (Large latency) dimensions: (1, 6144, 12288, 12288, 1, 1, 1, 1, 1, 1, 0, 0, 'CONV', 1, 1, 0, 0),  latency: 79.76667428571429
[2m[36m(CompileWorker pid=3326258)[0m  tensor (Large latency) dimensions: (1, 2048, 12288, 12288, 1, 1, 1, 1, 1, 1, 0, 0, 'CONV', 1, 1, 0, 0),  latency: 26.58889142857143
[2m[36m(CompileWorker pid=3326258)[0m compiled for stage:8 name: stage_0_4_acc_grad_1 module id: 1
[2m[36m(CompileWorker pid=3326261)[0m  tensor (Large latency) dimensions: (1, 1536, 12288, 12288, 1, 1, 1, 1, 1, 1, 0, 0, 'CONV', 1, 1, 0, 0),  latency: 19.941668571428572
[2m[36m(CompileWorker pid=3326257)[0m  tensor (Large latency) dimensions: (1, 2048, 12288, 12288, 1, 1, 1, 1, 1, 1, 0, 0, 'CONV', 1, 1, 0, 0),  latency: 26.58889142857143
[2m[36m(CompileWorker pid=3326257)[0m compiled for stage:9 name: stage_0_4_acc_grad_1 module id: 1
[2m[36m(CompileWorker pid=3326263)[0m  tensor (Large latency) dimensions: (1, 6144, 12288, 12288, 1, 1, 1, 1, 1, 1, 0, 0, 'CONV', 1, 1, 0, 0),  latency: 79.76667428571429
[2m[36m(CompileWorker pid=3326259)[0m  tensor (Large latency) dimensions: (1, 1536, 12288, 12288, 1, 1, 1, 1, 1, 1, 0, 0, 'CONV', 1, 1, 0, 0),  latency: 19.941668571428572
[2m[36m(CompileWorker pid=3326255)[0m  tensor (Large latency) dimensions: (1, 2048, 6144, 6144, 1, 1, 1, 1, 1, 1, 0, 0, 'CONV', 1, 1, 0, 0),  latency: 6.5536
[2m[36m(CompileWorker pid=3326260)[0m  tensor (Large latency) dimensions: (1, 1536, 12288, 12288, 1, 1, 1, 1, 1, 1, 0, 0, 'CONV', 1, 1, 0, 0),  latency: 19.941668571428572
[2m[36m(CompileWorker pid=3326255)[0m  tensor (Large latency) dimensions: (1, 2048, 12288, 12288, 1, 1, 1, 1, 1, 1, 0, 0, 'CONV', 1, 1, 0, 0),  latency: 26.58889142857143
[2m[36m(CompileWorker pid=3326258)[0m  tensor (Large latency) dimensions: (1, 1536, 12288, 12288, 1, 1, 1, 1, 1, 1, 0, 0, 'CONV', 1, 1, 0, 0),  latency: 19.941668571428572
[2m[36m(CompileWorker pid=3326256)[0m  tensor (Large latency) dimensions: (1, 1536, 12288, 12288, 1, 1, 1, 1, 1, 1, 0, 0, 'CONV', 1, 1, 0, 0),  latency: 19.941668571428572
[2m[36m(CompileWorker pid=3326255)[0m compiled for stage:11 name: stage_0_5_acc_grad_1 module id: 1
[2m[36m(CompileWorker pid=3326265)[0m  tensor (Large latency) dimensions: (1, 12288, 6144, 6144, 1, 1, 1, 1, 1, 1, 0, 0, 'CONV', 1, 1, 0, 0),  latency: 39.3216
[2m[36m(CompileWorker pid=3326264)[0m  tensor (Large latency) dimensions: (1, 12288, 6144, 6144, 1, 1, 1, 1, 1, 1, 0, 0, 'CONV', 1, 1, 0, 0),  latency: 39.3216
[2m[36m(CompileWorker pid=3326257)[0m  tensor (Large latency) dimensions: (1, 1536, 12288, 12288, 1, 1, 1, 1, 1, 1, 0, 0, 'CONV', 1, 1, 0, 0),  latency: 19.941668571428572
[2m[36m(CompileWorker pid=3326266)[0m  tensor (Large latency) dimensions: (1, 12288, 6144, 6144, 1, 1, 1, 1, 1, 1, 0, 0, 'CONV', 1, 1, 0, 0),  latency: 39.3216
[2m[36m(CompileWorker pid=3326263)[0m  tensor (Large latency) dimensions: (1, 12288, 6144, 6144, 1, 1, 1, 1, 1, 1, 0, 0, 'CONV', 1, 1, 0, 0),  latency: 39.3216
[2m[36m(CompileWorker pid=3326265)[0m  tensor (Large latency) dimensions: (1, 1536, 12288, 12288, 1, 1, 1, 1, 1, 1, 0, 0, 'CONV', 1, 1, 0, 0),  latency: 19.941668571428572
[2m[36m(CompileWorker pid=3326262)[0m  tensor (Large latency) dimensions: (1, 12288, 4608, 4608, 1, 1, 1, 1, 1, 1, 0, 0, 'CONV', 1, 1, 0, 0),  latency: 21.90774857142857
[2m[36m(CompileWorker pid=3326264)[0m  tensor (Large latency) dimensions: (1, 1536, 12288, 12288, 1, 1, 1, 1, 1, 1, 0, 0, 'CONV', 1, 1, 0, 0),  latency: 19.941668571428572
[2m[36m(CompileWorker pid=3326255)[0m  tensor (Large latency) dimensions: (1, 1536, 12288, 12288, 1, 1, 1, 1, 1, 1, 0, 0, 'CONV', 1, 1, 0, 0),  latency: 19.941668571428572
[2m[36m(CompileWorker pid=3326266)[0m  tensor (Large latency) dimensions: (1, 1536, 12288, 12288, 1, 1, 1, 1, 1, 1, 0, 0, 'CONV', 1, 1, 0, 0),  latency: 19.941668571428572
[2m[36m(CompileWorker pid=3326261)[0m  tensor (Large latency) dimensions: (1, 12288, 4608, 4608, 1, 1, 1, 1, 1, 1, 0, 0, 'CONV', 1, 1, 0, 0),  latency: 21.90774857142857
[2m[36m(CompileWorker pid=3326263)[0m  tensor (Large latency) dimensions: (1, 1536, 12288, 12288, 1, 1, 1, 1, 1, 1, 0, 0, 'CONV', 1, 1, 0, 0),  latency: 19.941668571428572
[2m[36m(CompileWorker pid=3326262)[0m  tensor (Large latency) dimensions: (1, 2048, 12288, 12288, 1, 1, 1, 1, 1, 1, 0, 0, 'CONV', 1, 1, 0, 0),  latency: 26.58889142857143
[2m[36m(CompileWorker pid=3326259)[0m  tensor (Large latency) dimensions: (1, 12288, 4608, 4608, 1, 1, 1, 1, 1, 1, 0, 0, 'CONV', 1, 1, 0, 0),  latency: 21.90774857142857
[2m[36m(CompileWorker pid=3326260)[0m  tensor (Large latency) dimensions: (1, 12288, 4608, 4608, 1, 1, 1, 1, 1, 1, 0, 0, 'CONV', 1, 1, 0, 0),  latency: 21.90774857142857
[2m[36m(CompileWorker pid=3326261)[0m  tensor (Large latency) dimensions: (1, 2048, 12288, 12288, 1, 1, 1, 1, 1, 1, 0, 0, 'CONV', 1, 1, 0, 0),  latency: 26.58889142857143
[2m[36m(CompileWorker pid=3326259)[0m  tensor (Large latency) dimensions: (1, 2048, 12288, 12288, 1, 1, 1, 1, 1, 1, 0, 0, 'CONV', 1, 1, 0, 0),  latency: 26.58889142857143
[2m[36m(CompileWorker pid=3326260)[0m  tensor (Large latency) dimensions: (1, 2048, 12288, 12288, 1, 1, 1, 1, 1, 1, 0, 0, 'CONV', 1, 1, 0, 0),  latency: 26.58889142857143
[2m[36m(CompileWorker pid=3326258)[0m  tensor (Large latency) dimensions: (1, 12288, 4608, 4608, 1, 1, 1, 1, 1, 1, 0, 0, 'CONV', 1, 1, 0, 0),  latency: 21.90774857142857
[2m[36m(CompileWorker pid=3326262)[0m  tensor (Large latency) dimensions: (1, 6144, 12288, 12288, 1, 1, 1, 1, 1, 1, 0, 0, 'CONV', 1, 1, 0, 0),  latency: 79.76667428571429
[2m[36m(CompileWorker pid=3326256)[0m  tensor (Large latency) dimensions: (1, 12288, 4608, 4608, 1, 1, 1, 1, 1, 1, 0, 0, 'CONV', 1, 1, 0, 0),  latency: 21.90774857142857
[2m[36m(CompileWorker pid=3326257)[0m  tensor (Large latency) dimensions: (1, 12288, 4608, 4608, 1, 1, 1, 1, 1, 1, 0, 0, 'CONV', 1, 1, 0, 0),  latency: 21.90774857142857
[2m[36m(CompileWorker pid=3326264)[0m  tensor (Large latency) dimensions: (1, 12288, 4608, 4608, 1, 1, 1, 1, 1, 1, 0, 0, 'CONV', 1, 1, 0, 0),  latency: 21.90774857142857
[2m[36m(CompileWorker pid=3326258)[0m  tensor (Large latency) dimensions: (1, 2048, 12288, 12288, 1, 1, 1, 1, 1, 1, 0, 0, 'CONV', 1, 1, 0, 0),  latency: 26.58889142857143
[2m[36m(CompileWorker pid=3326261)[0m  tensor (Large latency) dimensions: (1, 6144, 12288, 12288, 1, 1, 1, 1, 1, 1, 0, 0, 'CONV', 1, 1, 0, 0),  latency: 79.76667428571429
[2m[36m(CompileWorker pid=3326265)[0m  tensor (Large latency) dimensions: (1, 12288, 4608, 4608, 1, 1, 1, 1, 1, 1, 0, 0, 'CONV', 1, 1, 0, 0),  latency: 21.90774857142857
[2m[36m(CompileWorker pid=3326256)[0m  tensor (Large latency) dimensions: (1, 2048, 12288, 12288, 1, 1, 1, 1, 1, 1, 0, 0, 'CONV', 1, 1, 0, 0),  latency: 26.58889142857143
[2m[36m(CompileWorker pid=3326266)[0m  tensor (Large latency) dimensions: (1, 12288, 4608, 4608, 1, 1, 1, 1, 1, 1, 0, 0, 'CONV', 1, 1, 0, 0),  latency: 21.90774857142857
[2m[36m(CompileWorker pid=3326257)[0m  tensor (Large latency) dimensions: (1, 2048, 12288, 12288, 1, 1, 1, 1, 1, 1, 0, 0, 'CONV', 1, 1, 0, 0),  latency: 26.58889142857143
[2m[36m(CompileWorker pid=3326259)[0m  tensor (Large latency) dimensions: (1, 6144, 12288, 12288, 1, 1, 1, 1, 1, 1, 0, 0, 'CONV', 1, 1, 0, 0),  latency: 79.76667428571429
[2m[36m(CompileWorker pid=3326264)[0m  tensor (Large latency) dimensions: (1, 2048, 12288, 12288, 1, 1, 1, 1, 1, 1, 0, 0, 'CONV', 1, 1, 0, 0),  latency: 26.58889142857143
[2m[36m(CompileWorker pid=3326260)[0m  tensor (Large latency) dimensions: (1, 6144, 12288, 12288, 1, 1, 1, 1, 1, 1, 0, 0, 'CONV', 1, 1, 0, 0),  latency: 79.76667428571429
[2m[36m(CompileWorker pid=3326263)[0m  tensor (Large latency) dimensions: (1, 12288, 4608, 4608, 1, 1, 1, 1, 1, 1, 0, 0, 'CONV', 1, 1, 0, 0),  latency: 21.90774857142857
[2m[36m(CompileWorker pid=3326255)[0m  tensor (Large latency) dimensions: (1, 12288, 4608, 4608, 1, 1, 1, 1, 1, 1, 0, 0, 'CONV', 1, 1, 0, 0),  latency: 21.90774857142857
[2m[36m(CompileWorker pid=3326264)[0m  tensor (Large latency) dimensions: (1, 256, 12288, 12288, 1, 1, 1, 1, 1, 1, 0, 0, 'CONV', 1, 1, 0, 0),  latency: 5.0088228571428575
[2m[36m(CompileWorker pid=3326265)[0m  tensor (Large latency) dimensions: (1, 2048, 12288, 12288, 1, 1, 1, 1, 1, 1, 0, 0, 'CONV', 1, 1, 0, 0),  latency: 26.58889142857143
[2m[36m(CompileWorker pid=3326266)[0m  tensor (Large latency) dimensions: (1, 2048, 12288, 12288, 1, 1, 1, 1, 1, 1, 0, 0, 'CONV', 1, 1, 0, 0),  latency: 26.58889142857143
[2m[36m(CompileWorker pid=3326262)[0m  tensor (Large latency) dimensions: (1, 12288, 6144, 6144, 1, 1, 1, 1, 1, 1, 0, 0, 'CONV', 1, 1, 0, 0),  latency: 39.3216
[2m[36m(CompileWorker pid=3326266)[0m  tensor (Large latency) dimensions: (1, 256, 12288, 12288, 1, 1, 1, 1, 1, 1, 0, 0, 'CONV', 1, 1, 0, 0),  latency: 5.0088228571428575
[2m[36m(CompileWorker pid=3326265)[0m  tensor (Large latency) dimensions: (1, 256, 12288, 12288, 1, 1, 1, 1, 1, 1, 0, 0, 'CONV', 1, 1, 0, 0),  latency: 5.0088228571428575
[2m[36m(CompileWorker pid=3326262)[0m  tensor (Large latency) dimensions: (1, 256, 12288, 12288, 1, 1, 1, 1, 1, 1, 0, 0, 'CONV', 1, 1, 0, 0),  latency: 5.0088228571428575
[2m[36m(CompileWorker pid=3326258)[0m  tensor (Large latency) dimensions: (1, 6144, 12288, 12288, 1, 1, 1, 1, 1, 1, 0, 0, 'CONV', 1, 1, 0, 0),  latency: 79.76667428571429
[2m[36m(CompileWorker pid=3326263)[0m  tensor (Large latency) dimensions: (1, 2048, 12288, 12288, 1, 1, 1, 1, 1, 1, 0, 0, 'CONV', 1, 1, 0, 0),  latency: 26.58889142857143
[2m[36m(CompileWorker pid=3326255)[0m  tensor (Large latency) dimensions: (1, 2048, 12288, 12288, 1, 1, 1, 1, 1, 1, 0, 0, 'CONV', 1, 1, 0, 0),  latency: 26.58889142857143
[2m[36m(CompileWorker pid=3326256)[0m  tensor (Large latency) dimensions: (1, 6144, 12288, 12288, 1, 1, 1, 1, 1, 1, 0, 0, 'CONV', 1, 1, 0, 0),  latency: 79.76667428571429
[2m[36m(CompileWorker pid=3326261)[0m  tensor (Large latency) dimensions: (1, 12288, 6144, 6144, 1, 1, 1, 1, 1, 1, 0, 0, 'CONV', 1, 1, 0, 0),  latency: 39.3216
[2m[36m(CompileWorker pid=3326257)[0m  tensor (Large latency) dimensions: (1, 6144, 12288, 12288, 1, 1, 1, 1, 1, 1, 0, 0, 'CONV', 1, 1, 0, 0),  latency: 79.76667428571429
[2m[36m(CompileWorker pid=3326261)[0m  tensor (Large latency) dimensions: (1, 256, 12288, 12288, 1, 1, 1, 1, 1, 1, 0, 0, 'CONV', 1, 1, 0, 0),  latency: 5.0088228571428575
[2m[36m(CompileWorker pid=3326259)[0m  tensor (Large latency) dimensions: (1, 12288, 6144, 6144, 1, 1, 1, 1, 1, 1, 0, 0, 'CONV', 1, 1, 0, 0),  latency: 39.3216
[2m[36m(CompileWorker pid=3326260)[0m  tensor (Large latency) dimensions: (1, 12288, 6144, 6144, 1, 1, 1, 1, 1, 1, 0, 0, 'CONV', 1, 1, 0, 0),  latency: 39.3216
[2m[36m(CompileWorker pid=3326260)[0m  tensor (Large latency) dimensions: (1, 256, 12288, 12288, 1, 1, 1, 1, 1, 1, 0, 0, 'CONV', 1, 1, 0, 0),  latency: 5.0088228571428575
[2m[36m(CompileWorker pid=3326259)[0m  tensor (Large latency) dimensions: (1, 256, 12288, 12288, 1, 1, 1, 1, 1, 1, 0, 0, 'CONV', 1, 1, 0, 0),  latency: 5.0088228571428575
[2m[36m(CompileWorker pid=3326255)[0m  tensor (Large latency) dimensions: (1, 6144, 12288, 12288, 1, 1, 1, 1, 1, 1, 0, 0, 'CONV', 1, 1, 0, 0),  latency: 79.76667428571429
[2m[36m(CompileWorker pid=3326263)[0m  tensor (Large latency) dimensions: (1, 12288, 36864, 36864, 1, 1, 1, 1, 1, 1, 0, 0, 'CONV', 1, 1, 0, 0),  latency: 1449.2818285714286
[2m[36m(CompileWorker pid=3326258)[0m  tensor (Large latency) dimensions: (1, 12288, 6144, 6144, 1, 1, 1, 1, 1, 1, 0, 0, 'CONV', 1, 1, 0, 0),  latency: 39.3216
[2m[36m(CompileWorker pid=3326258)[0m  tensor (Large latency) dimensions: (1, 256, 12288, 12288, 1, 1, 1, 1, 1, 1, 0, 0, 'CONV', 1, 1, 0, 0),  latency: 5.0088228571428575
[2m[36m(CompileWorker pid=3326256)[0m  tensor (Large latency) dimensions: (1, 12288, 6144, 6144, 1, 1, 1, 1, 1, 1, 0, 0, 'CONV', 1, 1, 0, 0),  latency: 39.3216
[2m[36m(CompileWorker pid=3326256)[0m  tensor (Large latency) dimensions: (1, 256, 12288, 12288, 1, 1, 1, 1, 1, 1, 0, 0, 'CONV', 1, 1, 0, 0),  latency: 5.0088228571428575
[2m[36m(CompileWorker pid=3326263)[0m  tensor (Large latency) dimensions: (1, 2048, 12288, 12288, 1, 1, 1, 1, 1, 1, 0, 0, 'CONV', 1, 1, 0, 0),  latency: 26.58889142857143
[2m[36m(CompileWorker pid=3326257)[0m  tensor (Large latency) dimensions: (1, 12288, 6144, 6144, 1, 1, 1, 1, 1, 1, 0, 0, 'CONV', 1, 1, 0, 0),  latency: 39.3216
[2m[36m(CompileWorker pid=3326263)[0m  tensor (Large latency) dimensions: (1, 256, 12288, 12288, 1, 1, 1, 1, 1, 1, 0, 0, 'CONV', 1, 1, 0, 0),  latency: 5.0088228571428575
[2m[36m(CompileWorker pid=3326264)[0m compiled for stage:12 name: stage_0_6_acc_grad_0 module id: 0
[2m[36m(CompileWorker pid=3326257)[0m  tensor (Large latency) dimensions: (1, 256, 12288, 12288, 1, 1, 1, 1, 1, 1, 0, 0, 'CONV', 1, 1, 0, 0),  latency: 5.0088228571428575
[2m[36m(CompileWorker pid=3326262)[0m compiled for stage:14 name: stage_0_7_acc_grad_0 module id: 0
[2m[36m(CompileWorker pid=3326262)[0m compiled for stage:14 name: stage_0_7_acc_grad_1 module id: 1
[2m[36m(CompileWorker pid=3326255)[0m  tensor (Large latency) dimensions: (1, 12288, 6144, 6144, 1, 1, 1, 1, 1, 1, 0, 0, 'CONV', 1, 1, 0, 0),  latency: 39.3216
[2m[36m(CompileWorker pid=3326264)[0m compiled for stage:12 name: stage_0_6_acc_grad_1 module id: 1
[2m[36m(CompileWorker pid=3326255)[0m  tensor (Large latency) dimensions: (1, 256, 12288, 12288, 1, 1, 1, 1, 1, 1, 0, 0, 'CONV', 1, 1, 0, 0),  latency: 5.0088228571428575
[2m[36m(CompileWorker pid=3326255)[0m compiled for stage:24 name: stage_1_1_acc_grad_0 module id: 0
[2m[36m(CompileWorker pid=3326255)[0m compiled for stage:24 name: stage_1_1_acc_grad_1 module id: 1
[2m[36m(CompileWorker pid=3326266)[0m compiled for stage:15 name: stage_0_7_acc_grad_0 module id: 0
[2m[36m(CompileWorker pid=3326261)[0m compiled for stage:16 name: stage_0_8_acc_grad_0 module id: 0
[2m[36m(CompileWorker pid=3326265)[0m compiled for stage:13 name: stage_0_6_acc_grad_0 module id: 0
[2m[36m(CompileWorker pid=3326261)[0m compiled for stage:16 name: stage_0_8_acc_grad_1 module id: 1
[2m[36m(CompileWorker pid=3326255)[0m compiled for stage:25 name: stage_1_1_acc_grad_0 module id: 0
[2m[36m(CompileWorker pid=3326255)[0m compiled for stage:25 name: stage_1_1_acc_grad_1 module id: 1
[2m[36m(CompileWorker pid=3326266)[0m  tensor (Large latency) dimensions: (1, 256, 36864, 36864, 1, 1, 1, 1, 1, 1, 0, 0, 'CONV', 1, 1, 0, 0),  latency: 45.36027428571428
[2m[36m(CompileWorker pid=3326266)[0m compiled for stage:15 name: stage_0_7_acc_grad_1 module id: 1
[2m[36m(CompileWorker pid=3326265)[0m  tensor (Large latency) dimensions: (1, 256, 12288, 12288, 1, 1, 1, 1, 1, 1, 0, 0, 'CONV', 1, 1, 0, 0),  latency: 5.0088228571428575
[2m[36m(CompileWorker pid=3326265)[0m compiled for stage:13 name: stage_0_6_acc_grad_1 module id: 1
[2m[36m(CompileWorker pid=3326264)[0m  tensor (Large latency) dimensions: (1, 12288, 1536, 1536, 1, 1, 1, 1, 1, 1, 0, 0, 'CONV', 1, 1, 0, 0),  latency: 2.2469485714285713
[2m[36m(CompileWorker pid=3326255)[0m compiled for stage:26 name: stage_1_2_acc_grad_0 module id: 0
[2m[36m(CompileWorker pid=3326255)[0m compiled for stage:26 name: stage_1_2_acc_grad_1 module id: 1
[2m[36m(CompileWorker pid=3326259)[0m compiled for stage:18 name: stage_0_9_acc_grad_0 module id: 0
[2m[36m(CompileWorker pid=3326261)[0m compiled for stage:27 name: stage_1_2_acc_grad_0 module id: 0
[2m[36m(CompileWorker pid=3326261)[0m compiled for stage:27 name: stage_1_2_acc_grad_1 module id: 1
[2m[36m(CompileWorker pid=3326259)[0m compiled for stage:18 name: stage_0_9_acc_grad_1 module id: 1
[2m[36m(CompileWorker pid=3326260)[0m compiled for stage:17 name: stage_0_8_acc_grad_0 module id: 0
[2m[36m(CompileWorker pid=3326264)[0m compiled for stage:28 name: stage_1_3_acc_grad_0 module id: 0
[2m[36m(CompileWorker pid=3326264)[0m compiled for stage:28 name: stage_1_3_acc_grad_1 module id: 1
[2m[36m(CompileWorker pid=3326260)[0m compiled for stage:17 name: stage_0_8_acc_grad_1 module id: 1
[2m[36m(CompileWorker pid=3326265)[0m  tensor (Large latency) dimensions: (1, 12288, 12288, 12288, 1, 1, 1, 1, 1, 1, 0, 0, 'CONV', 1, 1, 0, 0),  latency: 159.53334857142858
[2m[36m(CompileWorker pid=3326266)[0m  tensor (Large latency) dimensions: (1, 12288, 36864, 36864, 1, 1, 1, 1, 1, 1, 0, 0, 'CONV', 1, 1, 0, 0),  latency: 1449.2818285714286
[2m[36m(CompileWorker pid=3326255)[0m compiled for stage:29 name: stage_1_3_acc_grad_0 module id: 0
[2m[36m(CompileWorker pid=3326258)[0m compiled for stage:19 name: stage_0_9_acc_grad_0 module id: 0
[2m[36m(CompileWorker pid=3326261)[0m compiled for stage:30 name: stage_1_4_acc_grad_0 module id: 0
[2m[36m(CompileWorker pid=3326261)[0m compiled for stage:30 name: stage_1_4_acc_grad_1 module id: 1
[2m[36m(CompileWorker pid=3326255)[0m  tensor (Large latency) dimensions: (1, 256, 36864, 36864, 1, 1, 1, 1, 1, 1, 0, 0, 'CONV', 1, 1, 0, 0),  latency: 45.36027428571428
[2m[36m(CompileWorker pid=3326255)[0m compiled for stage:29 name: stage_1_3_acc_grad_1 module id: 1
[2m[36m(CompileWorker pid=3326266)[0m  tensor (Large latency) dimensions: (1, 2048, 12288, 12288, 1, 1, 1, 1, 1, 1, 0, 0, 'CONV', 1, 1, 0, 0),  latency: 26.58889142857143
[2m[36m(CompileWorker pid=3326259)[0m compiled for stage:31 name: stage_1_4_acc_grad_0 module id: 0
[2m[36m(CompileWorker pid=3326259)[0m compiled for stage:31 name: stage_1_4_acc_grad_1 module id: 1
[2m[36m(CompileWorker pid=3326258)[0m  tensor (Large latency) dimensions: (1, 256, 36864, 36864, 1, 1, 1, 1, 1, 1, 0, 0, 'CONV', 1, 1, 0, 0),  latency: 45.36027428571428
[2m[36m(CompileWorker pid=3326258)[0m compiled for stage:19 name: stage_0_9_acc_grad_1 module id: 1
[2m[36m(CompileWorker pid=3326256)[0m compiled for stage:20 name: stage_0_10_acc_grad_0 module id: 0
[2m[36m(CompileWorker pid=3326264)[0m compiled for stage:32 name: stage_1_5_acc_grad_0 module id: 0
[2m[36m(CompileWorker pid=3326264)[0m compiled for stage:32 name: stage_1_5_acc_grad_1 module id: 1
[2m[36m(CompileWorker pid=3326256)[0m compiled for stage:20 name: stage_0_10_acc_grad_1 module id: 1
[2m[36m(CompileWorker pid=3326263)[0m compiled for stage:21 name: stage_0_10_acc_grad_0 module id: 0
[2m[36m(CompileWorker pid=3326257)[0m compiled for stage:22 name: stage_0_11_acc_grad_0 module id: 0
[2m[36m(CompileWorker pid=3326257)[0m compiled for stage:22 name: stage_0_11_acc_grad_1 module id: 1
[2m[36m(CompileWorker pid=3326263)[0m compiled for stage:21 name: stage_0_10_acc_grad_1 module id: 1
[2m[36m(CompileWorker pid=3326255)[0m  tensor (Large latency) dimensions: (1, 12288, 36864, 36864, 1, 1, 1, 1, 1, 1, 0, 0, 'CONV', 1, 1, 0, 0),  latency: 1449.2818285714286
[2m[36m(CompileWorker pid=3326261)[0m compiled for stage:34 name: stage_1_6_acc_grad_0 module id: 0
[2m[36m(CompileWorker pid=3326265)[0m compiled for stage:33 name: stage_1_5_acc_grad_0 module id: 0
[2m[36m(CompileWorker pid=3326261)[0m compiled for stage:34 name: stage_1_6_acc_grad_1 module id: 1
[2m[36m(CompileWorker pid=3326257)[0m  tensor (Large latency) dimensions: (1, 2048, 12288, 12288, 1, 1, 1, 1, 1, 1, 0, 0, 'CONV', 1, 1, 0, 0),  latency: 26.58889142857143
[2m[36m(CompileWorker pid=3326260)[0m compiled for stage:35 name: stage_1_6_acc_grad_0 module id: 0
[2m[36m(CompileWorker pid=3326260)[0m compiled for stage:35 name: stage_1_6_acc_grad_1 module id: 1
[2m[36m(CompileWorker pid=3326265)[0m  tensor (Large latency) dimensions: (1, 256, 36864, 36864, 1, 1, 1, 1, 1, 1, 0, 0, 'CONV', 1, 1, 0, 0),  latency: 45.36027428571428
[2m[36m(CompileWorker pid=3326265)[0m compiled for stage:33 name: stage_1_5_acc_grad_1 module id: 1
[2m[36m(CompileWorker pid=3326255)[0m  tensor (Large latency) dimensions: (1, 2048, 12288, 12288, 1, 1, 1, 1, 1, 1, 0, 0, 'CONV', 1, 1, 0, 0),  latency: 26.58889142857143
[2m[36m(CompileWorker pid=3326266)[0m compiled for stage:36 name: stage_1_7_acc_grad_0 module id: 0
[2m[36m(CompileWorker pid=3326258)[0m  tensor (Large latency) dimensions: (1, 12288, 36864, 36864, 1, 1, 1, 1, 1, 1, 0, 0, 'CONV', 1, 1, 0, 0),  latency: 1449.2818285714286
[2m[36m(CompileWorker pid=3326266)[0m compiled for stage:36 name: stage_1_7_acc_grad_1 module id: 1
[2m[36m(CompileWorker pid=3326262)[0m compiled for stage:23 name: stage_0_11_acc_grad_0 module id: 0
[2m[36m(CompileWorker pid=3326264)[0m compiled for stage:38 name: stage_1_8_acc_grad_0 module id: 0
[2m[36m(CompileWorker pid=3326258)[0m  tensor (Large latency) dimensions: (1, 2048, 12288, 12288, 1, 1, 1, 1, 1, 1, 0, 0, 'CONV', 1, 1, 0, 0),  latency: 26.58889142857143
[2m[36m(CompileWorker pid=3326262)[0m compiled for stage:23 name: stage_0_11_acc_grad_1 module id: 1
[2m[36m(CompileWorker pid=3326264)[0m compiled for stage:38 name: stage_1_8_acc_grad_1 module id: 1
[2m[36m(CompileWorker pid=3326259)[0m compiled for stage:37 name: stage_1_7_acc_grad_0 module id: 0
[2m[36m(CompileWorker pid=3326258)[0m compiled for stage:46 name: stage_2_2_acc_grad_0 module id: 0
[2m[36m(CompileWorker pid=3326265)[0m  tensor (Large latency) dimensions: (1, 12288, 36864, 36864, 1, 1, 1, 1, 1, 1, 0, 0, 'CONV', 1, 1, 0, 0),  latency: 1449.2818285714286
[2m[36m(CompileWorker pid=3326258)[0m compiled for stage:46 name: stage_2_2_acc_grad_1 module id: 1
[2m[36m(CompileWorker pid=3326259)[0m compiled for stage:37 name: stage_1_7_acc_grad_1 module id: 1
[2m[36m(CompileWorker pid=3326264)[0m compiled for stage:47 name: stage_2_2_acc_grad_0 module id: 0
[2m[36m(CompileWorker pid=3326264)[0m compiled for stage:47 name: stage_2_2_acc_grad_1 module id: 1
[2m[36m(CompileWorker pid=3326262)[0m  tensor (Large latency) dimensions: (1, 2048, 12288, 12288, 1, 1, 1, 1, 1, 1, 0, 0, 'CONV', 1, 1, 0, 0),  latency: 26.58889142857143
[2m[36m(CompileWorker pid=3326258)[0m compiled for stage:48 name: stage_2_3_acc_grad_0 module id: 0
[2m[36m(CompileWorker pid=3326263)[0m compiled for stage:40 name: stage_1_9_acc_grad_0 module id: 0
[2m[36m(CompileWorker pid=3326265)[0m  tensor (Large latency) dimensions: (1, 2048, 12288, 12288, 1, 1, 1, 1, 1, 1, 0, 0, 'CONV', 1, 1, 0, 0),  latency: 26.58889142857143
[2m[36m(CompileWorker pid=3326258)[0m compiled for stage:48 name: stage_2_3_acc_grad_1 module id: 1
[2m[36m(CompileWorker pid=3326263)[0m compiled for stage:40 name: stage_1_9_acc_grad_1 module id: 1
[2m[36m(CompileWorker pid=3326259)[0m compiled for stage:49 name: stage_2_3_acc_grad_0 module id: 0
[2m[36m(CompileWorker pid=3326259)[0m compiled for stage:49 name: stage_2_3_acc_grad_1 module id: 1
[2m[36m(CompileWorker pid=3326256)[0m compiled for stage:39 name: stage_1_8_acc_grad_0 module id: 0
[2m[36m(CompileWorker pid=3326256)[0m compiled for stage:39 name: stage_1_8_acc_grad_1 module id: 1
[2m[36m(CompileWorker pid=3326264)[0m compiled for stage:50 name: stage_2_4_acc_grad_0 module id: 0
[2m[36m(CompileWorker pid=3326264)[0m compiled for stage:50 name: stage_2_4_acc_grad_1 module id: 1
[2m[36m(CompileWorker pid=3326265)[0m compiled for stage:51 name: stage_2_4_acc_grad_0 module id: 0
[2m[36m(CompileWorker pid=3326265)[0m compiled for stage:51 name: stage_2_4_acc_grad_1 module id: 1
[2m[36m(CompileWorker pid=3326258)[0m compiled for stage:52 name: stage_2_5_acc_grad_0 module id: 0
[2m[36m(CompileWorker pid=3326258)[0m compiled for stage:52 name: stage_2_5_acc_grad_1 module id: 1
[2m[36m(CompileWorker pid=3326262)[0m compiled for stage:53 name: stage_2_5_acc_grad_0 module id: 0
[2m[36m(CompileWorker pid=3326262)[0m compiled for stage:53 name: stage_2_5_acc_grad_1 module id: 1
[2m[36m(CompileWorker pid=3326261)[0m compiled for stage:41 name: stage_1_9_acc_grad_0 module id: 0
[2m[36m(CompileWorker pid=3326261)[0m compiled for stage:41 name: stage_1_9_acc_grad_1 module id: 1
[2m[36m(CompileWorker pid=3326263)[0m compiled for stage:54 name: stage_2_6_acc_grad_0 module id: 0
[2m[36m(CompileWorker pid=3326263)[0m compiled for stage:54 name: stage_2_6_acc_grad_1 module id: 1
[2m[36m(CompileWorker pid=3326259)[0m compiled for stage:55 name: stage_2_6_acc_grad_0 module id: 0
[2m[36m(CompileWorker pid=3326259)[0m compiled for stage:55 name: stage_2_6_acc_grad_1 module id: 1
[2m[36m(CompileWorker pid=3326260)[0m compiled for stage:42 name: stage_1_10_acc_grad_0 module id: 0
[2m[36m(CompileWorker pid=3326257)[0m compiled for stage:43 name: stage_1_10_acc_grad_0 module id: 0
[2m[36m(CompileWorker pid=3326260)[0m compiled for stage:42 name: stage_1_10_acc_grad_1 module id: 1
[2m[36m(CompileWorker pid=3326257)[0m compiled for stage:43 name: stage_1_10_acc_grad_1 module id: 1
[2m[36m(CompileWorker pid=3326255)[0m compiled for stage:44 name: stage_1_11_acc_grad_0 module id: 0
[2m[36m(CompileWorker pid=3326255)[0m compiled for stage:44 name: stage_1_11_acc_grad_1 module id: 1
[2m[36m(CompileWorker pid=3326256)[0m compiled for stage:56 name: stage_2_7_acc_grad_0 module id: 0
[2m[36m(CompileWorker pid=3326256)[0m compiled for stage:56 name: stage_2_7_acc_grad_1 module id: 1
[2m[36m(CompileWorker pid=3326256)[0m compiled for stage:66 name: stage_3_3_acc_grad_0 module id: 0
[2m[36m(CompileWorker pid=3326256)[0m compiled for stage:66 name: stage_3_3_acc_grad_1 module id: 1
[2m[36m(CompileWorker pid=3326256)[0m compiled for stage:67 name: stage_3_3_acc_grad_0 module id: 0
[2m[36m(CompileWorker pid=3326256)[0m compiled for stage:67 name: stage_3_3_acc_grad_1 module id: 1
[2m[36m(CompileWorker pid=3326255)[0m  tensor (Large latency) dimensions: (1, 2048, 12288, 12288, 1, 1, 1, 1, 1, 1, 0, 0, 'CONV', 1, 1, 0, 0),  latency: 26.58889142857143
[2m[36m(CompileWorker pid=3326265)[0m compiled for stage:58 name: stage_2_8_acc_grad_0 module id: 0
[2m[36m(CompileWorker pid=3326256)[0m compiled for stage:68 name: stage_3_4_acc_grad_0 module id: 0
[2m[36m(CompileWorker pid=3326266)[0m compiled for stage:45 name: stage_1_11_acc_grad_0 module id: 0
[2m[36m(CompileWorker pid=3326262)[0m compiled for stage:60 name: stage_2_9_acc_grad_0 module id: 0
[2m[36m(CompileWorker pid=3326264)[0m compiled for stage:57 name: stage_2_7_acc_grad_0 module id: 0
[2m[36m(CompileWorker pid=3326265)[0m compiled for stage:58 name: stage_2_8_acc_grad_1 module id: 1
[2m[36m(CompileWorker pid=3326256)[0m compiled for stage:68 name: stage_3_4_acc_grad_1 module id: 1
[2m[36m(CompileWorker pid=3326264)[0m compiled for stage:57 name: stage_2_7_acc_grad_1 module id: 1
[2m[36m(CompileWorker pid=3326266)[0m compiled for stage:45 name: stage_1_11_acc_grad_1 module id: 1
[2m[36m(CompileWorker pid=3326262)[0m compiled for stage:60 name: stage_2_9_acc_grad_1 module id: 1
[2m[36m(CompileWorker pid=3326255)[0m compiled for stage:69 name: stage_3_4_acc_grad_0 module id: 0
[2m[36m(CompileWorker pid=3326255)[0m compiled for stage:69 name: stage_3_4_acc_grad_1 module id: 1
[2m[36m(CompileWorker pid=3326256)[0m compiled for stage:70 name: stage_3_5_acc_grad_0 module id: 0
[2m[36m(CompileWorker pid=3326256)[0m compiled for stage:70 name: stage_3_5_acc_grad_1 module id: 1
[2m[36m(CompileWorker pid=3326266)[0m  tensor (Large latency) dimensions: (1, 2048, 12288, 12288, 1, 1, 1, 1, 1, 1, 0, 0, 'CONV', 1, 1, 0, 0),  latency: 26.58889142857143
[2m[36m(CompileWorker pid=3326258)[0m compiled for stage:59 name: stage_2_8_acc_grad_0 module id: 0
[2m[36m(CompileWorker pid=3326258)[0m compiled for stage:59 name: stage_2_8_acc_grad_1 module id: 1
[2m[36m(CompileWorker pid=3326263)[0m compiled for stage:62 name: stage_2_10_acc_grad_0 module id: 0
[2m[36m(CompileWorker pid=3326261)[0m compiled for stage:61 name: stage_2_9_acc_grad_0 module id: 0
[2m[36m(CompileWorker pid=3326265)[0m compiled for stage:72 name: stage_3_6_acc_grad_0 module id: 0
[2m[36m(CompileWorker pid=3326264)[0m compiled for stage:71 name: stage_3_5_acc_grad_0 module id: 0
[2m[36m(CompileWorker pid=3326263)[0m compiled for stage:62 name: stage_2_10_acc_grad_1 module id: 1
[2m[36m(CompileWorker pid=3326264)[0m compiled for stage:71 name: stage_3_5_acc_grad_1 module id: 1
[2m[36m(CompileWorker pid=3326260)[0m compiled for stage:64 name: stage_2_11_acc_grad_0 module id: 0
[2m[36m(CompileWorker pid=3326261)[0m compiled for stage:61 name: stage_2_9_acc_grad_1 module id: 1
[2m[36m(CompileWorker pid=3326265)[0m compiled for stage:72 name: stage_3_6_acc_grad_1 module id: 1
[2m[36m(CompileWorker pid=3326260)[0m compiled for stage:64 name: stage_2_11_acc_grad_1 module id: 1
[2m[36m(CompileWorker pid=3326262)[0m compiled for stage:73 name: stage_3_6_acc_grad_0 module id: 0
[2m[36m(CompileWorker pid=3326262)[0m compiled for stage:73 name: stage_3_6_acc_grad_1 module id: 1
[2m[36m(CompileWorker pid=3326255)[0m compiled for stage:74 name: stage_3_7_acc_grad_0 module id: 0
[2m[36m(CompileWorker pid=3326255)[0m compiled for stage:74 name: stage_3_7_acc_grad_1 module id: 1
[2m[36m(CompileWorker pid=3326260)[0m  tensor (Large latency) dimensions: (1, 2048, 12288, 12288, 1, 1, 1, 1, 1, 1, 0, 0, 'CONV', 1, 1, 0, 0),  latency: 26.58889142857143
[2m[36m(CompileWorker pid=3326266)[0m compiled for stage:76 name: stage_3_8_acc_grad_0 module id: 0
[2m[36m(CompileWorker pid=3326266)[0m compiled for stage:76 name: stage_3_8_acc_grad_1 module id: 1
[2m[36m(CompileWorker pid=3326259)[0m compiled for stage:63 name: stage_2_10_acc_grad_0 module id: 0
[2m[36m(CompileWorker pid=3326259)[0m compiled for stage:63 name: stage_2_10_acc_grad_1 module id: 1
[2m[36m(CompileWorker pid=3326260)[0m compiled for stage:84 name: stage_4_4_acc_grad_0 module id: 0
[2m[36m(CompileWorker pid=3326260)[0m compiled for stage:84 name: stage_4_4_acc_grad_1 module id: 1
[2m[36m(CompileWorker pid=3326256)[0m compiled for stage:75 name: stage_3_7_acc_grad_0 module id: 0
[2m[36m(CompileWorker pid=3326266)[0m compiled for stage:85 name: stage_4_4_acc_grad_0 module id: 0
[2m[36m(CompileWorker pid=3326266)[0m compiled for stage:85 name: stage_4_4_acc_grad_1 module id: 1
[2m[36m(CompileWorker pid=3326257)[0m compiled for stage:65 name: stage_2_11_acc_grad_0 module id: 0
[2m[36m(CompileWorker pid=3326260)[0m compiled for stage:86 name: stage_4_5_acc_grad_0 module id: 0
[2m[36m(CompileWorker pid=3326260)[0m compiled for stage:86 name: stage_4_5_acc_grad_1 module id: 1
[2m[36m(CompileWorker pid=3326257)[0m compiled for stage:65 name: stage_2_11_acc_grad_1 module id: 1
[2m[36m(CompileWorker pid=3326259)[0m compiled for stage:87 name: stage_4_5_acc_grad_0 module id: 0
[2m[36m(CompileWorker pid=3326259)[0m compiled for stage:87 name: stage_4_5_acc_grad_1 module id: 1
[2m[36m(CompileWorker pid=3326256)[0m  tensor (Large latency) dimensions: (1, 256, 36864, 36864, 1, 1, 1, 1, 1, 1, 0, 0, 'CONV', 1, 1, 0, 0),  latency: 45.36027428571428
[2m[36m(CompileWorker pid=3326256)[0m compiled for stage:75 name: stage_3_7_acc_grad_1 module id: 1
[2m[36m(CompileWorker pid=3326258)[0m compiled for stage:77 name: stage_3_8_acc_grad_0 module id: 0
[2m[36m(CompileWorker pid=3326258)[0m compiled for stage:77 name: stage_3_8_acc_grad_1 module id: 1
[2m[36m(CompileWorker pid=3326264)[0m compiled for stage:78 name: stage_3_9_acc_grad_0 module id: 0
[2m[36m(CompileWorker pid=3326265)[0m compiled for stage:80 name: stage_3_10_acc_grad_0 module id: 0
[2m[36m(CompileWorker pid=3326264)[0m compiled for stage:78 name: stage_3_9_acc_grad_1 module id: 1
[2m[36m(CompileWorker pid=3326265)[0m compiled for stage:80 name: stage_3_10_acc_grad_1 module id: 1
[2m[36m(CompileWorker pid=3326266)[0m compiled for stage:88 name: stage_4_6_acc_grad_0 module id: 0
[2m[36m(CompileWorker pid=3326266)[0m compiled for stage:88 name: stage_4_6_acc_grad_1 module id: 1
[2m[36m(CompileWorker pid=3326263)[0m compiled for stage:79 name: stage_3_9_acc_grad_0 module id: 0
[2m[36m(CompileWorker pid=3326263)[0m compiled for stage:79 name: stage_3_9_acc_grad_1 module id: 1
[2m[36m(CompileWorker pid=3326260)[0m compiled for stage:89 name: stage_4_6_acc_grad_0 module id: 0
[2m[36m(CompileWorker pid=3326260)[0m compiled for stage:89 name: stage_4_6_acc_grad_1 module id: 1
[2m[36m(CompileWorker pid=3326259)[0m compiled for stage:90 name: stage_4_7_acc_grad_0 module id: 0
[2m[36m(CompileWorker pid=3326259)[0m compiled for stage:90 name: stage_4_7_acc_grad_1 module id: 1
[2m[36m(CompileWorker pid=3326262)[0m compiled for stage:82 name: stage_3_11_acc_grad_0 module id: 0
[2m[36m(CompileWorker pid=3326262)[0m compiled for stage:82 name: stage_3_11_acc_grad_1 module id: 1
[2m[36m(CompileWorker pid=3326261)[0m compiled for stage:81 name: stage_3_10_acc_grad_0 module id: 0
[2m[36m(CompileWorker pid=3326258)[0m compiled for stage:92 name: stage_4_8_acc_grad_0 module id: 0
[2m[36m(CompileWorker pid=3326257)[0m compiled for stage:91 name: stage_4_7_acc_grad_0 module id: 0
[2m[36m(CompileWorker pid=3326257)[0m compiled for stage:91 name: stage_4_7_acc_grad_1 module id: 1
[2m[36m(CompileWorker pid=3326258)[0m compiled for stage:92 name: stage_4_8_acc_grad_1 module id: 1
[2m[36m(CompileWorker pid=3326261)[0m compiled for stage:81 name: stage_3_10_acc_grad_1 module id: 1
[2m[36m(CompileWorker pid=3326255)[0m compiled for stage:83 name: stage_3_11_acc_grad_0 module id: 0
[2m[36m(CompileWorker pid=3326255)[0m compiled for stage:83 name: stage_3_11_acc_grad_1 module id: 1
[2m[36m(CompileWorker pid=3326257)[0m compiled for stage:100 name: stage_5_5_acc_grad_0 module id: 0
[2m[36m(CompileWorker pid=3326257)[0m compiled for stage:100 name: stage_5_5_acc_grad_1 module id: 1
[2m[36m(CompileWorker pid=3326258)[0m compiled for stage:101 name: stage_5_5_acc_grad_0 module id: 0
[2m[36m(CompileWorker pid=3326258)[0m compiled for stage:101 name: stage_5_5_acc_grad_1 module id: 1
[2m[36m(CompileWorker pid=3326266)[0m compiled for stage:94 name: stage_4_9_acc_grad_0 module id: 0
[2m[36m(CompileWorker pid=3326266)[0m compiled for stage:94 name: stage_4_9_acc_grad_1 module id: 1
[2m[36m(CompileWorker pid=3326256)[0m  tensor (Large latency) dimensions: (1, 12288, 36864, 36864, 1, 1, 1, 1, 1, 1, 0, 0, 'CONV', 1, 1, 0, 0),  latency: 1449.2818285714286
[2m[36m(CompileWorker pid=3326265)[0m compiled for stage:95 name: stage_4_9_acc_grad_0 module id: 0
[2m[36m(CompileWorker pid=3326263)[0m compiled for stage:96 name: stage_4_10_acc_grad_0 module id: 0
[2m[36m(CompileWorker pid=3326265)[0m compiled for stage:95 name: stage_4_9_acc_grad_1 module id: 1
[2m[36m(CompileWorker pid=3326263)[0m compiled for stage:96 name: stage_4_10_acc_grad_1 module id: 1
[2m[36m(CompileWorker pid=3326261)[0m compiled for stage:102 name: stage_5_6_acc_grad_0 module id: 0
[2m[36m(CompileWorker pid=3326261)[0m compiled for stage:102 name: stage_5_6_acc_grad_1 module id: 1
[2m[36m(CompileWorker pid=3326264)[0m compiled for stage:93 name: stage_4_8_acc_grad_0 module id: 0
[2m[36m(CompileWorker pid=3326264)[0m compiled for stage:93 name: stage_4_8_acc_grad_1 module id: 1
[2m[36m(CompileWorker pid=3326257)[0m compiled for stage:103 name: stage_5_6_acc_grad_0 module id: 0
[2m[36m(CompileWorker pid=3326257)[0m compiled for stage:103 name: stage_5_6_acc_grad_1 module id: 1
[2m[36m(CompileWorker pid=3326255)[0m compiled for stage:104 name: stage_5_7_acc_grad_0 module id: 0
[2m[36m(CompileWorker pid=3326255)[0m compiled for stage:104 name: stage_5_7_acc_grad_1 module id: 1
[2m[36m(CompileWorker pid=3326256)[0m  tensor (Large latency) dimensions: (1, 2048, 12288, 12288, 1, 1, 1, 1, 1, 1, 0, 0, 'CONV', 1, 1, 0, 0),  latency: 26.58889142857143
[2m[36m(CompileWorker pid=3326258)[0m compiled for stage:105 name: stage_5_7_acc_grad_0 module id: 0
[2m[36m(CompileWorker pid=3326258)[0m compiled for stage:105 name: stage_5_7_acc_grad_1 module id: 1
[2m[36m(CompileWorker pid=3326266)[0m compiled for stage:106 name: stage_5_8_acc_grad_0 module id: 0
[2m[36m(CompileWorker pid=3326266)[0m compiled for stage:106 name: stage_5_8_acc_grad_1 module id: 1
[2m[36m(CompileWorker pid=3326260)[0m compiled for stage:97 name: stage_4_10_acc_grad_0 module id: 0
[2m[36m(CompileWorker pid=3326258)[0m compiled for stage:114 name: stage_6_6_acc_grad_0 module id: 0
[2m[36m(CompileWorker pid=3326258)[0m compiled for stage:114 name: stage_6_6_acc_grad_1 module id: 1
[2m[36m(CompileWorker pid=3326260)[0m compiled for stage:97 name: stage_4_10_acc_grad_1 module id: 1
[2m[36m(CompileWorker pid=3326261)[0m compiled for stage:108 name: stage_5_9_acc_grad_0 module id: 0
[2m[36m(CompileWorker pid=3326261)[0m compiled for stage:108 name: stage_5_9_acc_grad_1 module id: 1
[2m[36m(CompileWorker pid=3326259)[0m compiled for stage:98 name: stage_4_11_acc_grad_0 module id: 0
[2m[36m(CompileWorker pid=3326259)[0m compiled for stage:98 name: stage_4_11_acc_grad_1 module id: 1
[2m[36m(CompileWorker pid=3326266)[0m compiled for stage:115 name: stage_6_6_acc_grad_0 module id: 0
[2m[36m(CompileWorker pid=3326266)[0m compiled for stage:115 name: stage_6_6_acc_grad_1 module id: 1
[2m[36m(CompileWorker pid=3326265)[0m compiled for stage:107 name: stage_5_8_acc_grad_0 module id: 0
[2m[36m(CompileWorker pid=3326258)[0m compiled for stage:116 name: stage_6_7_acc_grad_0 module id: 0
[2m[36m(CompileWorker pid=3326265)[0m compiled for stage:107 name: stage_5_8_acc_grad_1 module id: 1
[2m[36m(CompileWorker pid=3326258)[0m compiled for stage:116 name: stage_6_7_acc_grad_1 module id: 1
[2m[36m(CompileWorker pid=3326263)[0m compiled for stage:109 name: stage_5_9_acc_grad_0 module id: 0
[2m[36m(CompileWorker pid=3326260)[0m compiled for stage:117 name: stage_6_7_acc_grad_0 module id: 0
[2m[36m(CompileWorker pid=3326260)[0m compiled for stage:117 name: stage_6_7_acc_grad_1 module id: 1
[2m[36m(CompileWorker pid=3326263)[0m compiled for stage:109 name: stage_5_9_acc_grad_1 module id: 1
[2m[36m(CompileWorker pid=3326261)[0m compiled for stage:118 name: stage_6_8_acc_grad_0 module id: 0
[2m[36m(CompileWorker pid=3326261)[0m compiled for stage:118 name: stage_6_8_acc_grad_1 module id: 1
[2m[36m(CompileWorker pid=3326264)[0m compiled for stage:110 name: stage_5_10_acc_grad_0 module id: 0
[2m[36m(CompileWorker pid=3326264)[0m compiled for stage:110 name: stage_5_10_acc_grad_1 module id: 1
[2m[36m(CompileWorker pid=3326266)[0m compiled for stage:119 name: stage_6_8_acc_grad_0 module id: 0
[2m[36m(CompileWorker pid=3326266)[0m compiled for stage:119 name: stage_6_8_acc_grad_1 module id: 1
[2m[36m(CompileWorker pid=3326259)[0m  tensor (Large latency) dimensions: (1, 2048, 12288, 12288, 1, 1, 1, 1, 1, 1, 0, 0, 'CONV', 1, 1, 0, 0),  latency: 26.58889142857143
[2m[36m(CompileWorker pid=3326262)[0m compiled for stage:99 name: stage_4_11_acc_grad_0 module id: 0
[2m[36m(CompileWorker pid=3326258)[0m compiled for stage:120 name: stage_6_9_acc_grad_0 module id: 0
[2m[36m(CompileWorker pid=3326258)[0m compiled for stage:120 name: stage_6_9_acc_grad_1 module id: 1
[2m[36m(CompileWorker pid=3326257)[0m compiled for stage:111 name: stage_5_10_acc_grad_0 module id: 0
[2m[36m(CompileWorker pid=3326266)[0m compiled for stage:126 name: stage_7_7_acc_grad_0 module id: 0
[2m[36m(CompileWorker pid=3326262)[0m compiled for stage:99 name: stage_4_11_acc_grad_1 module id: 1
[2m[36m(CompileWorker pid=3326266)[0m compiled for stage:126 name: stage_7_7_acc_grad_1 module id: 1
[2m[36m(CompileWorker pid=3326257)[0m compiled for stage:111 name: stage_5_10_acc_grad_1 module id: 1
[2m[36m(CompileWorker pid=3326259)[0m compiled for stage:127 name: stage_7_7_acc_grad_0 module id: 0
[2m[36m(CompileWorker pid=3326259)[0m compiled for stage:127 name: stage_7_7_acc_grad_1 module id: 1
[2m[36m(CompileWorker pid=3326255)[0m compiled for stage:112 name: stage_5_11_acc_grad_0 module id: 0
[2m[36m(CompileWorker pid=3326255)[0m compiled for stage:112 name: stage_5_11_acc_grad_1 module id: 1
[2m[36m(CompileWorker pid=3326265)[0m compiled for stage:121 name: stage_6_9_acc_grad_0 module id: 0
[2m[36m(CompileWorker pid=3326258)[0m compiled for stage:129 name: stage_7_8_acc_grad_0 module id: 0
[2m[36m(CompileWorker pid=3326258)[0m compiled for stage:129 name: stage_7_8_acc_grad_1 module id: 1
[2m[36m(CompileWorker pid=3326266)[0m compiled for stage:128 name: stage_7_8_acc_grad_0 module id: 0
[2m[36m(CompileWorker pid=3326265)[0m compiled for stage:121 name: stage_6_9_acc_grad_1 module id: 1
[2m[36m(CompileWorker pid=3326266)[0m compiled for stage:128 name: stage_7_8_acc_grad_1 module id: 1
[2m[36m(CompileWorker pid=3326256)[0m compiled for stage:113 name: stage_5_11_acc_grad_0 module id: 0
[2m[36m(CompileWorker pid=3326260)[0m compiled for stage:122 name: stage_6_10_acc_grad_0 module id: 0
[2m[36m(CompileWorker pid=3326256)[0m compiled for stage:113 name: stage_5_11_acc_grad_1 module id: 1
[2m[36m(CompileWorker pid=3326260)[0m compiled for stage:122 name: stage_6_10_acc_grad_1 module id: 1
[2m[36m(CompileWorker pid=3326261)[0m compiled for stage:124 name: stage_6_11_acc_grad_0 module id: 0
[2m[36m(CompileWorker pid=3326257)[0m compiled for stage:130 name: stage_7_9_acc_grad_0 module id: 0
[2m[36m(CompileWorker pid=3326257)[0m compiled for stage:130 name: stage_7_9_acc_grad_1 module id: 1
[2m[36m(CompileWorker pid=3326261)[0m compiled for stage:124 name: stage_6_11_acc_grad_1 module id: 1
[2m[36m(CompileWorker pid=3326263)[0m compiled for stage:123 name: stage_6_10_acc_grad_0 module id: 0
[2m[36m(CompileWorker pid=3326260)[0m compiled for stage:137 name: stage_8_8_acc_grad_0 module id: 0
[2m[36m(CompileWorker pid=3326260)[0m compiled for stage:137 name: stage_8_8_acc_grad_1 module id: 1
[2m[36m(CompileWorker pid=3326265)[0m compiled for stage:136 name: stage_8_8_acc_grad_0 module id: 0
[2m[36m(CompileWorker pid=3326263)[0m compiled for stage:123 name: stage_6_10_acc_grad_1 module id: 1
[2m[36m(CompileWorker pid=3326265)[0m compiled for stage:136 name: stage_8_8_acc_grad_1 module id: 1
[2m[36m(CompileWorker pid=3326262)[0m compiled for stage:131 name: stage_7_9_acc_grad_0 module id: 0
[2m[36m(CompileWorker pid=3326262)[0m compiled for stage:131 name: stage_7_9_acc_grad_1 module id: 1
[2m[36m(CompileWorker pid=3326259)[0m compiled for stage:132 name: stage_7_10_acc_grad_0 module id: 0
[2m[36m(CompileWorker pid=3326259)[0m compiled for stage:132 name: stage_7_10_acc_grad_1 module id: 1
[2m[36m(CompileWorker pid=3326257)[0m compiled for stage:138 name: stage_8_9_acc_grad_0 module id: 0
[2m[36m(CompileWorker pid=3326257)[0m compiled for stage:138 name: stage_8_9_acc_grad_1 module id: 1
[2m[36m(CompileWorker pid=3326256)[0m  tensor (Large latency) dimensions: (1, 2048, 12288, 12288, 1, 1, 1, 1, 1, 1, 0, 0, 'CONV', 1, 1, 0, 0),  latency: 26.58889142857143
[2m[36m(CompileWorker pid=3326255)[0m compiled for stage:133 name: stage_7_10_acc_grad_0 module id: 0
[2m[36m(CompileWorker pid=3326255)[0m compiled for stage:133 name: stage_7_10_acc_grad_1 module id: 1
[2m[36m(CompileWorker pid=3326261)[0m  tensor (Large latency) dimensions: (1, 2048, 12288, 12288, 1, 1, 1, 1, 1, 1, 0, 0, 'CONV', 1, 1, 0, 0),  latency: 26.58889142857143
[2m[36m(CompileWorker pid=3326257)[0m compiled for stage:144 name: stage_9_9_acc_grad_0 module id: 0
[2m[36m(CompileWorker pid=3326260)[0m compiled for stage:139 name: stage_8_9_acc_grad_0 module id: 0
[2m[36m(CompileWorker pid=3326258)[0m compiled for stage:134 name: stage_7_11_acc_grad_0 module id: 0
[2m[36m(CompileWorker pid=3326256)[0m compiled for stage:145 name: stage_9_9_acc_grad_0 module id: 0
[2m[36m(CompileWorker pid=3326264)[0m compiled for stage:125 name: stage_6_11_acc_grad_0 module id: 0
[2m[36m(CompileWorker pid=3326265)[0m compiled for stage:140 name: stage_8_10_acc_grad_0 module id: 0
[2m[36m(CompileWorker pid=3326265)[0m compiled for stage:140 name: stage_8_10_acc_grad_1 module id: 1
[2m[36m(CompileWorker pid=3326256)[0m compiled for stage:145 name: stage_9_9_acc_grad_1 module id: 1
[2m[36m(CompileWorker pid=3326257)[0m compiled for stage:144 name: stage_9_9_acc_grad_1 module id: 1
[2m[36m(CompileWorker pid=3326260)[0m compiled for stage:139 name: stage_8_9_acc_grad_1 module id: 1
[2m[36m(CompileWorker pid=3326266)[0m compiled for stage:135 name: stage_7_11_acc_grad_0 module id: 0
[2m[36m(CompileWorker pid=3326258)[0m compiled for stage:134 name: stage_7_11_acc_grad_1 module id: 1
[2m[36m(CompileWorker pid=3326264)[0m compiled for stage:125 name: stage_6_11_acc_grad_1 module id: 1
[2m[36m(CompileWorker pid=3326266)[0m compiled for stage:135 name: stage_7_11_acc_grad_1 module id: 1
[2m[36m(CompileWorker pid=3326263)[0m compiled for stage:141 name: stage_8_10_acc_grad_0 module id: 0
[2m[36m(CompileWorker pid=3326263)[0m compiled for stage:141 name: stage_8_10_acc_grad_1 module id: 1
[2m[36m(CompileWorker pid=3326255)[0m compiled for stage:146 name: stage_9_10_acc_grad_0 module id: 0
[2m[36m(CompileWorker pid=3326261)[0m compiled for stage:147 name: stage_9_10_acc_grad_0 module id: 0
[2m[36m(CompileWorker pid=3326262)[0m compiled for stage:142 name: stage_8_11_acc_grad_0 module id: 0
[2m[36m(CompileWorker pid=3326255)[0m compiled for stage:146 name: stage_9_10_acc_grad_1 module id: 1
[2m[36m(CompileWorker pid=3326261)[0m compiled for stage:147 name: stage_9_10_acc_grad_1 module id: 1
[2m[36m(CompileWorker pid=3326262)[0m compiled for stage:142 name: stage_8_11_acc_grad_1 module id: 1
[2m[36m(CompileWorker pid=3326260)[0m compiled for stage:150 name: stage_10_10_acc_grad_0 module id: 0
[2m[36m(CompileWorker pid=3326260)[0m compiled for stage:150 name: stage_10_10_acc_grad_1 module id: 1
[2m[36m(CompileWorker pid=3326265)[0m compiled for stage:151 name: stage_10_10_acc_grad_0 module id: 0
[2m[36m(CompileWorker pid=3326265)[0m compiled for stage:151 name: stage_10_10_acc_grad_1 module id: 1
[2m[36m(CompileWorker pid=3326261)[0m compiled for stage:155 name: stage_11_11_acc_grad_0 module id: 0
[2m[36m(CompileWorker pid=3326255)[0m compiled for stage:154 name: stage_11_11_acc_grad_0 module id: 0
[2m[36m(CompileWorker pid=3326255)[0m compiled for stage:154 name: stage_11_11_acc_grad_1 module id: 1
[2m[36m(CompileWorker pid=3326261)[0m compiled for stage:155 name: stage_11_11_acc_grad_1 module id: 1
[2m[36m(CompileWorker pid=3326259)[0m compiled for stage:143 name: stage_8_11_acc_grad_0 module id: 0
[2m[36m(CompileWorker pid=3326266)[0m compiled for stage:152 name: stage_10_11_acc_grad_0 module id: 0
[2m[36m(CompileWorker pid=3326266)[0m compiled for stage:152 name: stage_10_11_acc_grad_1 module id: 1
[2m[36m(CompileWorker pid=3326259)[0m compiled for stage:143 name: stage_8_11_acc_grad_1 module id: 1
[2m[36m(CompileWorker pid=3326257)[0m compiled for stage:148 name: stage_9_11_acc_grad_0 module id: 0
[2m[36m(CompileWorker pid=3326263)[0m compiled for stage:153 name: stage_10_11_acc_grad_0 module id: 0
[2m[36m(CompileWorker pid=3326263)[0m compiled for stage:153 name: stage_10_11_acc_grad_1 module id: 1
[2m[36m(CompileWorker pid=3326257)[0m compiled for stage:148 name: stage_9_11_acc_grad_1 module id: 1
[2m[36m(CompileWorker pid=3326264)[0m  tensor (Large latency) dimensions: (1, 2048, 12288, 12288, 1, 1, 1, 1, 1, 1, 0, 0, 'CONV', 1, 1, 0, 0),  latency: 26.58889142857143
[2m[36m(CompileWorker pid=3326258)[0m  tensor (Large latency) dimensions: (1, 2048, 12288, 12288, 1, 1, 1, 1, 1, 1, 0, 0, 'CONV', 1, 1, 0, 0),  latency: 26.58889142857143
[2m[36m(CompileWorker pid=3326256)[0m compiled for stage:149 name: stage_9_11_acc_grad_0 module id: 0
[2m[36m(CompileWorker pid=3326256)[0m compiled for stage:149 name: stage_9_11_acc_grad_1 module id: 1
[2m[36m(CompileWorker pid=3326263)[0m  tensor (Large latency) dimensions: (1, 2048, 12288, 12288, 1, 1, 1, 1, 1, 1, 0, 0, 'CONV', 1, 1, 0, 0),  latency: 26.58889142857143
- parse estimation results for all stages
Using pre computed peak Mem for (0, 0, 3, 0), module 0
result[(0, 0, 3, 0), 0] = ModuleProfileResult(compute_cost=310.976, peak_memory=2.100 GB, invar_size=1.578 GB, outvar_size=1.590 GB, temp_buffer_size=-1.068 GB, available_memory=64.000 GB, comm_cost=0.467)
Using pre computed peak Mem for (0, 0, 3, 0), module 1
result[(0, 0, 3, 0), 1] = ModuleProfileResult(compute_cost=234.528, peak_memory=2.450 GB, invar_size=3.168 GB, outvar_size=1.578 GB, temp_buffer_size=-0.718 GB, available_memory=64.000 GB, comm_cost=0.313)
Using pre computed peak Mem for (0, 0, 3, 1), module 0
result[(0, 0, 3, 1), 0] = ModuleProfileResult(compute_cost=310.976, peak_memory=2.100 GB, invar_size=1.578 GB, outvar_size=1.672 GB, temp_buffer_size=-1.150 GB, available_memory=64.000 GB, comm_cost=0.467)
result[(0, 0, 3, 1), 1] = ModuleProfileResult(compute_cost=234.330, peak_memory=4.452 GB, invar_size=3.250 GB, outvar_size=1.578 GB, temp_buffer_size=1.202 GB, available_memory=64.000 GB, comm_cost=0.114)
Using pre computed peak Mem for (0, 1, 3, 0), module 0
result[(0, 1, 3, 0), 0] = ModuleProfileResult(compute_cost=621.394, peak_memory=4.200 GB, invar_size=2.000 GB, outvar_size=3.154 GB, temp_buffer_size=-0.955 GB, available_memory=64.000 GB, comm_cost=0.710)
Using pre computed peak Mem for (0, 1, 3, 0), module 1
result[(0, 1, 3, 0), 1] = ModuleProfileResult(compute_cost=461.979, peak_memory=4.900 GB, invar_size=5.155 GB, outvar_size=2.000 GB, temp_buffer_size=-0.255 GB, available_memory=64.000 GB, comm_cost=0.587)
Using pre computed peak Mem for (0, 1, 3, 1), module 0
result[(0, 1, 3, 1), 0] = ModuleProfileResult(compute_cost=424.685, peak_memory=4.200 GB, invar_size=2.739 GB, outvar_size=3.811 GB, temp_buffer_size=-2.349 GB, available_memory=64.000 GB, comm_cost=0.516)
Using pre computed peak Mem for (0, 1, 3, 1), module 1
result[(0, 1, 3, 1), 1] = ModuleProfileResult(compute_cost=1891.037, peak_memory=4.900 GB, invar_size=6.549 GB, outvar_size=2.739 GB, temp_buffer_size=-1.649 GB, available_memory=64.000 GB, comm_cost=0.796)
Using pre computed peak Mem for (0, 2, 3, 0), module 0
result[(0, 2, 3, 0), 0] = ModuleProfileResult(compute_cost=1205.976, peak_memory=6.300 GB, invar_size=2.563 GB, outvar_size=5.334 GB, temp_buffer_size=-1.598 GB, available_memory=64.000 GB, comm_cost=1.175)
Using pre computed peak Mem for (0, 2, 3, 0), module 1
result[(0, 2, 3, 0), 1] = ModuleProfileResult(compute_cost=761.868, peak_memory=7.350 GB, invar_size=7.898 GB, outvar_size=2.563 GB, temp_buffer_size=-0.548 GB, available_memory=64.000 GB, comm_cost=1.113)
Using pre computed peak Mem for (0, 2, 3, 1), module 0
result[(0, 2, 3, 1), 0] = ModuleProfileResult(compute_cost=1205.976, peak_memory=6.300 GB, invar_size=2.563 GB, outvar_size=5.375 GB, temp_buffer_size=-1.639 GB, available_memory=64.000 GB, comm_cost=1.175)
Using pre computed peak Mem for (0, 2, 3, 1), module 1
result[(0, 2, 3, 1), 1] = ModuleProfileResult(compute_cost=761.476, peak_memory=7.350 GB, invar_size=7.939 GB, outvar_size=2.563 GB, temp_buffer_size=-0.589 GB, available_memory=64.000 GB, comm_cost=0.715)
Using pre computed peak Mem for (0, 3, 3, 0), module 0
result[(0, 3, 3, 0), 0] = ModuleProfileResult(compute_cost=1516.206, peak_memory=8.400 GB, invar_size=2.985 GB, outvar_size=6.764 GB, temp_buffer_size=-1.350 GB, available_memory=64.000 GB, comm_cost=1.418)
Using pre computed peak Mem for (0, 3, 3, 0), module 1
result[(0, 3, 3, 0), 1] = ModuleProfileResult(compute_cost=989.038, peak_memory=9.800 GB, invar_size=9.750 GB, outvar_size=2.985 GB, temp_buffer_size=0.050 GB, available_memory=64.000 GB, comm_cost=1.387)
Using pre computed peak Mem for (0, 3, 3, 1), module 0
result[(0, 3, 3, 1), 0] = ModuleProfileResult(compute_cost=1516.206, peak_memory=8.400 GB, invar_size=2.985 GB, outvar_size=6.887 GB, temp_buffer_size=-1.473 GB, available_memory=64.000 GB, comm_cost=1.418)
Using pre computed peak Mem for (0, 3, 3, 1), module 1
result[(0, 3, 3, 1), 1] = ModuleProfileResult(compute_cost=988.246, peak_memory=9.800 GB, invar_size=9.873 GB, outvar_size=2.985 GB, temp_buffer_size=-0.073 GB, available_memory=64.000 GB, comm_cost=0.588)
Using pre computed peak Mem for (0, 4, 3, 0), module 0
result[(0, 4, 3, 0), 0] = ModuleProfileResult(compute_cost=1826.436, peak_memory=10.500 GB, invar_size=3.407 GB, outvar_size=8.153 GB, temp_buffer_size=-1.061 GB, available_memory=64.000 GB, comm_cost=1.661)
Using pre computed peak Mem for (0, 4, 3, 0), module 1
result[(0, 4, 3, 0), 1] = ModuleProfileResult(compute_cost=1216.209, peak_memory=12.250 GB, invar_size=11.561 GB, outvar_size=3.407 GB, temp_buffer_size=0.689 GB, available_memory=64.000 GB, comm_cost=1.661)
Using pre computed peak Mem for (0, 4, 3, 1), module 0
result[(0, 4, 3, 1), 0] = ModuleProfileResult(compute_cost=1826.436, peak_memory=10.500 GB, invar_size=3.407 GB, outvar_size=8.481 GB, temp_buffer_size=-1.389 GB, available_memory=64.000 GB, comm_cost=1.661)
Using pre computed peak Mem for (0, 4, 3, 1), module 1
result[(0, 4, 3, 1), 1] = ModuleProfileResult(compute_cost=1215.618, peak_memory=12.250 GB, invar_size=11.889 GB, outvar_size=3.407 GB, temp_buffer_size=0.361 GB, available_memory=64.000 GB, comm_cost=1.062)
Using pre computed peak Mem for (0, 5, 3, 0), module 0
result[(0, 5, 3, 0), 0] = ModuleProfileResult(compute_cost=2136.671, peak_memory=12.600 GB, invar_size=3.829 GB, outvar_size=9.665 GB, temp_buffer_size=-0.895 GB, available_memory=64.000 GB, comm_cost=1.909)
Using pre computed peak Mem for (0, 5, 3, 0), module 1
result[(0, 5, 3, 0), 1] = ModuleProfileResult(compute_cost=1443.379, peak_memory=14.700 GB, invar_size=13.495 GB, outvar_size=3.829 GB, temp_buffer_size=1.205 GB, available_memory=64.000 GB, comm_cost=1.934)
Using pre computed peak Mem for (0, 5, 3, 1), module 0
result[(0, 5, 3, 1), 0] = ModuleProfileResult(compute_cost=2136.667, peak_memory=12.600 GB, invar_size=3.829 GB, outvar_size=9.665 GB, temp_buffer_size=-0.895 GB, available_memory=64.000 GB, comm_cost=1.904)
Using pre computed peak Mem for (0, 5, 3, 1), module 1
result[(0, 5, 3, 1), 1] = ModuleProfileResult(compute_cost=1443.185, peak_memory=14.700 GB, invar_size=13.495 GB, outvar_size=3.829 GB, temp_buffer_size=1.205 GB, available_memory=64.000 GB, comm_cost=1.735)
Using pre computed peak Mem for (0, 6, 3, 0), module 0
result[(0, 6, 3, 0), 0] = ModuleProfileResult(compute_cost=2420.700, peak_memory=14.700 GB, invar_size=4.252 GB, outvar_size=10.972 GB, temp_buffer_size=-0.524 GB, available_memory=64.000 GB, comm_cost=2.327)
Using pre computed peak Mem for (0, 6, 3, 0), module 1
result[(0, 6, 3, 0), 1] = ModuleProfileResult(compute_cost=1652.862, peak_memory=17.150 GB, invar_size=15.306 GB, outvar_size=4.252 GB, temp_buffer_size=1.844 GB, available_memory=64.000 GB, comm_cost=2.215)
Using pre computed peak Mem for (0, 6, 3, 1), module 0
result[(0, 6, 3, 1), 0] = ModuleProfileResult(compute_cost=2425.146, peak_memory=14.700 GB, invar_size=4.498 GB, outvar_size=11.669 GB, temp_buffer_size=-1.467 GB, available_memory=64.000 GB, comm_cost=2.133)
Using pre computed peak Mem for (0, 6, 3, 1), module 1
result[(0, 6, 3, 1), 1] = ModuleProfileResult(compute_cost=1814.717, peak_memory=17.150 GB, invar_size=16.249 GB, outvar_size=4.498 GB, temp_buffer_size=0.901 GB, available_memory=64.000 GB, comm_cost=1.644)
Using pre computed peak Mem for (0, 7, 3, 0), module 0
result[(0, 7, 3, 0), 0] = ModuleProfileResult(compute_cost=2757.127, peak_memory=16.800 GB, invar_size=4.674 GB, outvar_size=12.566 GB, temp_buffer_size=-0.440 GB, available_memory=64.000 GB, comm_cost=2.390)
Using pre computed peak Mem for (0, 7, 3, 0), module 1
result[(0, 7, 3, 0), 1] = ModuleProfileResult(compute_cost=1897.728, peak_memory=19.600 GB, invar_size=17.240 GB, outvar_size=4.674 GB, temp_buffer_size=2.360 GB, available_memory=64.000 GB, comm_cost=2.489)
Using pre computed peak Mem for (0, 7, 3, 1), module 0
result[(0, 7, 3, 1), 0] = ModuleProfileResult(compute_cost=2167.001, peak_memory=16.800 GB, invar_size=6.888 GB, outvar_size=15.027 GB, temp_buffer_size=-5.116 GB, available_memory=64.000 GB, comm_cost=1.807)
Using pre computed peak Mem for (0, 7, 3, 1), module 1
result[(0, 7, 3, 1), 1] = ModuleProfileResult(compute_cost=6183.913, peak_memory=19.600 GB, invar_size=21.916 GB, outvar_size=6.888 GB, temp_buffer_size=-2.316 GB, available_memory=64.000 GB, comm_cost=2.118)
Using pre computed peak Mem for (0, 8, 3, 0), module 0
result[(0, 8, 3, 0), 0] = ModuleProfileResult(compute_cost=3067.358, peak_memory=18.900 GB, invar_size=5.096 GB, outvar_size=13.996 GB, temp_buffer_size=-0.192 GB, available_memory=64.000 GB, comm_cost=2.633)
Using pre computed peak Mem for (0, 8, 3, 0), module 1
result[(0, 8, 3, 0), 1] = ModuleProfileResult(compute_cost=2124.893, peak_memory=22.050 GB, invar_size=19.092 GB, outvar_size=5.096 GB, temp_buffer_size=2.958 GB, available_memory=64.000 GB, comm_cost=2.758)
Using pre computed peak Mem for (0, 8, 3, 1), module 0
result[(0, 8, 3, 1), 0] = ModuleProfileResult(compute_cost=3067.376, peak_memory=18.900 GB, invar_size=5.096 GB, outvar_size=14.488 GB, temp_buffer_size=-0.684 GB, available_memory=64.000 GB, comm_cost=2.645)
Using pre computed peak Mem for (0, 8, 3, 1), module 1
result[(0, 8, 3, 1), 1] = ModuleProfileResult(compute_cost=2123.729, peak_memory=22.050 GB, invar_size=19.584 GB, outvar_size=5.096 GB, temp_buffer_size=2.466 GB, available_memory=64.000 GB, comm_cost=1.576)
Using pre computed peak Mem for (0, 9, 3, 0), module 0
result[(0, 9, 3, 0), 0] = ModuleProfileResult(compute_cost=3377.588, peak_memory=21.000 GB, invar_size=5.518 GB, outvar_size=15.631 GB, temp_buffer_size=-0.149 GB, available_memory=64.000 GB, comm_cost=2.877)
Using pre computed peak Mem for (0, 9, 3, 0), module 1
result[(0, 9, 3, 0), 1] = ModuleProfileResult(compute_cost=2352.061, peak_memory=24.500 GB, invar_size=21.149 GB, outvar_size=5.518 GB, temp_buffer_size=3.351 GB, available_memory=64.000 GB, comm_cost=3.029)
Using pre computed peak Mem for (0, 9, 3, 1), module 0
result[(0, 9, 3, 1), 0] = ModuleProfileResult(compute_cost=3180.886, peak_memory=21.000 GB, invar_size=6.256 GB, outvar_size=16.492 GB, temp_buffer_size=-1.749 GB, available_memory=64.000 GB, comm_cost=2.687)
Using pre computed peak Mem for (0, 9, 3, 1), module 1
result[(0, 9, 3, 1), 1] = ModuleProfileResult(compute_cost=3780.339, peak_memory=24.500 GB, invar_size=22.749 GB, outvar_size=6.256 GB, temp_buffer_size=1.751 GB, available_memory=64.000 GB, comm_cost=2.445)
Using pre computed peak Mem for (0, 10, 3, 0), module 0
result[(0, 10, 3, 0), 0] = ModuleProfileResult(compute_cost=3687.819, peak_memory=23.100 GB, invar_size=5.940 GB, outvar_size=17.266 GB, temp_buffer_size=-0.106 GB, available_memory=64.000 GB, comm_cost=3.120)
Using pre computed peak Mem for (0, 10, 3, 0), module 1
result[(0, 10, 3, 0), 1] = ModuleProfileResult(compute_cost=2579.240, peak_memory=26.950 GB, invar_size=23.206 GB, outvar_size=5.940 GB, temp_buffer_size=3.744 GB, available_memory=64.000 GB, comm_cost=3.310)
Using pre computed peak Mem for (0, 10, 3, 1), module 0
result[(0, 10, 3, 1), 0] = ModuleProfileResult(compute_cost=3687.826, peak_memory=23.100 GB, invar_size=5.940 GB, outvar_size=17.430 GB, temp_buffer_size=-0.270 GB, available_memory=64.000 GB, comm_cost=3.124)
Using pre computed peak Mem for (0, 10, 3, 1), module 1
result[(0, 10, 3, 1), 1] = ModuleProfileResult(compute_cost=2578.453, peak_memory=26.950 GB, invar_size=23.370 GB, outvar_size=5.940 GB, temp_buffer_size=3.580 GB, available_memory=64.000 GB, comm_cost=2.508)
Using pre computed peak Mem for (0, 11, 3, 0), module 0
result[(0, 11, 3, 0), 0] = ModuleProfileResult(compute_cost=3724.072, peak_memory=25.200 GB, invar_size=6.221 GB, outvar_size=19.155 GB, temp_buffer_size=-0.176 GB, available_memory=64.000 GB, comm_cost=3.141)
Using pre computed peak Mem for (0, 11, 3, 0), module 1
result[(0, 11, 3, 0), 1] = ModuleProfileResult(compute_cost=2763.046, peak_memory=29.400 GB, invar_size=26.526 GB, outvar_size=7.372 GB, temp_buffer_size=2.874 GB, available_memory=64.000 GB, comm_cost=3.331)
Using pre computed peak Mem for (0, 11, 3, 1), module 0
result[(0, 11, 3, 1), 0] = ModuleProfileResult(compute_cost=3724.072, peak_memory=25.200 GB, invar_size=6.221 GB, outvar_size=19.237 GB, temp_buffer_size=-0.258 GB, available_memory=64.000 GB, comm_cost=3.141)
Using pre computed peak Mem for (0, 11, 3, 1), module 1
result[(0, 11, 3, 1), 1] = ModuleProfileResult(compute_cost=2762.450, peak_memory=29.400 GB, invar_size=26.608 GB, outvar_size=7.372 GB, temp_buffer_size=2.792 GB, available_memory=64.000 GB, comm_cost=2.726)
Using pre computed peak Mem for (1, 1, 3, 0), module 0
result[(1, 1, 3, 0), 0] = ModuleProfileResult(compute_cost=310.449, peak_memory=2.100 GB, invar_size=0.516 GB, outvar_size=1.658 GB, temp_buffer_size=-0.074 GB, available_memory=64.000 GB, comm_cost=0.243)
Using pre computed peak Mem for (1, 1, 3, 0), module 1
result[(1, 1, 3, 0), 1] = ModuleProfileResult(compute_cost=227.451, peak_memory=2.450 GB, invar_size=2.081 GB, outvar_size=0.516 GB, temp_buffer_size=0.276 GB, available_memory=64.000 GB, comm_cost=0.274)
Using pre computed peak Mem for (1, 1, 3, 1), module 0
result[(1, 1, 3, 1), 0] = ModuleProfileResult(compute_cost=310.449, peak_memory=2.100 GB, invar_size=0.516 GB, outvar_size=1.699 GB, temp_buffer_size=-0.115 GB, available_memory=64.000 GB, comm_cost=0.243)
result[(1, 1, 3, 1), 1] = ModuleProfileResult(compute_cost=227.254, peak_memory=2.620 GB, invar_size=2.122 GB, outvar_size=0.516 GB, temp_buffer_size=0.405 GB, available_memory=64.000 GB, comm_cost=0.074)
Using pre computed peak Mem for (1, 2, 3, 0), module 0
result[(1, 2, 3, 0), 0] = ModuleProfileResult(compute_cost=895.031, peak_memory=4.200 GB, invar_size=1.079 GB, outvar_size=3.921 GB, temp_buffer_size=-0.799 GB, available_memory=64.000 GB, comm_cost=0.708)
Using pre computed peak Mem for (1, 2, 3, 0), module 1
result[(1, 2, 3, 0), 1] = ModuleProfileResult(compute_cost=527.340, peak_memory=4.900 GB, invar_size=4.906 GB, outvar_size=1.079 GB, temp_buffer_size=-0.099 GB, available_memory=64.000 GB, comm_cost=0.800)
Using pre computed peak Mem for (1, 2, 3, 1), module 0
result[(1, 2, 3, 1), 0] = ModuleProfileResult(compute_cost=895.031, peak_memory=4.200 GB, invar_size=1.079 GB, outvar_size=3.839 GB, temp_buffer_size=-0.717 GB, available_memory=64.000 GB, comm_cost=0.708)
Using pre computed peak Mem for (1, 2, 3, 1), module 1
result[(1, 2, 3, 1), 1] = ModuleProfileResult(compute_cost=527.342, peak_memory=4.900 GB, invar_size=4.823 GB, outvar_size=1.079 GB, temp_buffer_size=-0.017 GB, available_memory=64.000 GB, comm_cost=0.800)
Using pre computed peak Mem for (1, 3, 3, 0), module 0
result[(1, 3, 3, 0), 0] = ModuleProfileResult(compute_cost=1205.261, peak_memory=6.300 GB, invar_size=1.501 GB, outvar_size=5.227 GB, temp_buffer_size=-0.428 GB, available_memory=64.000 GB, comm_cost=0.951)
Using pre computed peak Mem for (1, 3, 3, 0), module 1
result[(1, 3, 3, 0), 1] = ModuleProfileResult(compute_cost=754.511, peak_memory=7.350 GB, invar_size=6.635 GB, outvar_size=1.501 GB, temp_buffer_size=0.622 GB, available_memory=64.000 GB, comm_cost=1.074)
Using pre computed peak Mem for (1, 3, 3, 1), module 0
result[(1, 3, 3, 1), 0] = ModuleProfileResult(compute_cost=615.135, peak_memory=6.300 GB, invar_size=3.716 GB, outvar_size=7.360 GB, temp_buffer_size=-4.776 GB, available_memory=64.000 GB, comm_cost=0.368)
Using pre computed peak Mem for (1, 3, 3, 1), module 1
result[(1, 3, 3, 1), 1] = ModuleProfileResult(compute_cost=5041.685, peak_memory=7.350 GB, invar_size=10.982 GB, outvar_size=3.716 GB, temp_buffer_size=-3.726 GB, available_memory=64.000 GB, comm_cost=1.701)
Using pre computed peak Mem for (1, 4, 3, 0), module 0
result[(1, 4, 3, 0), 0] = ModuleProfileResult(compute_cost=1515.491, peak_memory=8.400 GB, invar_size=1.923 GB, outvar_size=6.616 GB, temp_buffer_size=-0.139 GB, available_memory=64.000 GB, comm_cost=1.194)
Using pre computed peak Mem for (1, 4, 3, 0), module 1
result[(1, 4, 3, 0), 1] = ModuleProfileResult(compute_cost=981.681, peak_memory=9.800 GB, invar_size=8.446 GB, outvar_size=1.923 GB, temp_buffer_size=1.261 GB, available_memory=64.000 GB, comm_cost=1.347)
Using pre computed peak Mem for (1, 4, 3, 1), module 0
result[(1, 4, 3, 1), 0] = ModuleProfileResult(compute_cost=1515.491, peak_memory=8.400 GB, invar_size=1.923 GB, outvar_size=6.945 GB, temp_buffer_size=-0.467 GB, available_memory=64.000 GB, comm_cost=1.194)
Using pre computed peak Mem for (1, 4, 3, 1), module 1
result[(1, 4, 3, 1), 1] = ModuleProfileResult(compute_cost=981.090, peak_memory=9.800 GB, invar_size=8.774 GB, outvar_size=1.923 GB, temp_buffer_size=0.933 GB, available_memory=64.000 GB, comm_cost=0.749)
Using pre computed peak Mem for (1, 5, 3, 0), module 0
result[(1, 5, 3, 0), 0] = ModuleProfileResult(compute_cost=1825.722, peak_memory=10.500 GB, invar_size=2.345 GB, outvar_size=8.292 GB, temp_buffer_size=-0.137 GB, available_memory=64.000 GB, comm_cost=1.437)
Using pre computed peak Mem for (1, 5, 3, 0), module 1
result[(1, 5, 3, 0), 1] = ModuleProfileResult(compute_cost=1208.851, peak_memory=12.250 GB, invar_size=10.544 GB, outvar_size=2.345 GB, temp_buffer_size=1.613 GB, available_memory=64.000 GB, comm_cost=1.621)
Using pre computed peak Mem for (1, 5, 3, 1), module 0
result[(1, 5, 3, 1), 0] = ModuleProfileResult(compute_cost=1629.013, peak_memory=10.500 GB, invar_size=3.083 GB, outvar_size=9.113 GB, temp_buffer_size=-1.696 GB, available_memory=64.000 GB, comm_cost=1.243)
Using pre computed peak Mem for (1, 5, 3, 1), module 1
result[(1, 5, 3, 1), 1] = ModuleProfileResult(compute_cost=2637.118, peak_memory=12.250 GB, invar_size=12.102 GB, outvar_size=3.083 GB, temp_buffer_size=0.054 GB, available_memory=64.000 GB, comm_cost=1.032)
Using pre computed peak Mem for (1, 6, 3, 0), module 0
result[(1, 6, 3, 0), 0] = ModuleProfileResult(compute_cost=2135.952, peak_memory=12.600 GB, invar_size=2.767 GB, outvar_size=9.763 GB, temp_buffer_size=0.070 GB, available_memory=64.000 GB, comm_cost=1.680)
Using pre computed peak Mem for (1, 6, 3, 0), module 1
result[(1, 6, 3, 0), 1] = ModuleProfileResult(compute_cost=1436.022, peak_memory=14.700 GB, invar_size=12.437 GB, outvar_size=2.767 GB, temp_buffer_size=2.170 GB, available_memory=64.000 GB, comm_cost=1.895)
Using pre computed peak Mem for (1, 6, 3, 1), module 0
result[(1, 6, 3, 1), 0] = ModuleProfileResult(compute_cost=2135.952, peak_memory=12.600 GB, invar_size=2.767 GB, outvar_size=9.763 GB, temp_buffer_size=0.070 GB, available_memory=64.000 GB, comm_cost=1.680)
Using pre computed peak Mem for (1, 6, 3, 1), module 1
result[(1, 6, 3, 1), 1] = ModuleProfileResult(compute_cost=1435.634, peak_memory=14.700 GB, invar_size=12.437 GB, outvar_size=2.767 GB, temp_buffer_size=2.170 GB, available_memory=64.000 GB, comm_cost=1.498)
Using pre computed peak Mem for (1, 7, 3, 0), module 0
result[(1, 7, 3, 0), 0] = ModuleProfileResult(compute_cost=2446.183, peak_memory=14.700 GB, invar_size=3.189 GB, outvar_size=11.029 GB, temp_buffer_size=0.482 GB, available_memory=64.000 GB, comm_cost=1.923)
Using pre computed peak Mem for (1, 7, 3, 0), module 1
result[(1, 7, 3, 0), 1] = ModuleProfileResult(compute_cost=1663.192, peak_memory=17.150 GB, invar_size=14.125 GB, outvar_size=3.189 GB, temp_buffer_size=2.932 GB, available_memory=64.000 GB, comm_cost=2.168)
Using pre computed peak Mem for (1, 7, 3, 1), module 0
result[(1, 7, 3, 1), 0] = ModuleProfileResult(compute_cost=2446.183, peak_memory=14.700 GB, invar_size=3.189 GB, outvar_size=11.439 GB, temp_buffer_size=0.071 GB, available_memory=64.000 GB, comm_cost=1.923)
Using pre computed peak Mem for (1, 7, 3, 1), module 1
result[(1, 7, 3, 1), 1] = ModuleProfileResult(compute_cost=1662.406, peak_memory=17.150 GB, invar_size=14.535 GB, outvar_size=3.189 GB, temp_buffer_size=2.521 GB, available_memory=64.000 GB, comm_cost=1.371)
Using pre computed peak Mem for (1, 8, 3, 0), module 0
result[(1, 8, 3, 0), 0] = ModuleProfileResult(compute_cost=2756.413, peak_memory=16.800 GB, invar_size=3.611 GB, outvar_size=12.500 GB, temp_buffer_size=0.689 GB, available_memory=64.000 GB, comm_cost=2.166)
Using pre computed peak Mem for (1, 8, 3, 0), module 1
result[(1, 8, 3, 0), 1] = ModuleProfileResult(compute_cost=1890.363, peak_memory=19.600 GB, invar_size=16.018 GB, outvar_size=3.611 GB, temp_buffer_size=3.489 GB, available_memory=64.000 GB, comm_cost=2.442)
Using pre computed peak Mem for (1, 8, 3, 1), module 0
result[(1, 8, 3, 1), 0] = ModuleProfileResult(compute_cost=2756.413, peak_memory=16.800 GB, invar_size=3.611 GB, outvar_size=12.828 GB, temp_buffer_size=0.360 GB, available_memory=64.000 GB, comm_cost=2.166)
Using pre computed peak Mem for (1, 8, 3, 1), module 1
result[(1, 8, 3, 1), 1] = ModuleProfileResult(compute_cost=1890.176, peak_memory=19.600 GB, invar_size=16.346 GB, outvar_size=3.611 GB, temp_buffer_size=3.160 GB, available_memory=64.000 GB, comm_cost=2.245)
Using pre computed peak Mem for (1, 9, 3, 0), module 0
result[(1, 9, 3, 0), 0] = ModuleProfileResult(compute_cost=3066.643, peak_memory=18.900 GB, invar_size=4.033 GB, outvar_size=13.930 GB, temp_buffer_size=0.937 GB, available_memory=64.000 GB, comm_cost=2.409)
Using pre computed peak Mem for (1, 9, 3, 0), module 1
result[(1, 9, 3, 0), 1] = ModuleProfileResult(compute_cost=2117.533, peak_memory=22.050 GB, invar_size=17.870 GB, outvar_size=4.033 GB, temp_buffer_size=4.087 GB, available_memory=64.000 GB, comm_cost=2.716)
Using pre computed peak Mem for (1, 9, 3, 1), module 0
result[(1, 9, 3, 1), 0] = ModuleProfileResult(compute_cost=3066.643, peak_memory=18.900 GB, invar_size=4.033 GB, outvar_size=14.463 GB, temp_buffer_size=0.403 GB, available_memory=64.000 GB, comm_cost=2.409)
Using pre computed peak Mem for (1, 9, 3, 1), module 1
result[(1, 9, 3, 1), 1] = ModuleProfileResult(compute_cost=2116.353, peak_memory=22.050 GB, invar_size=18.403 GB, outvar_size=4.033 GB, temp_buffer_size=3.553 GB, available_memory=64.000 GB, comm_cost=1.520)
Using pre computed peak Mem for (1, 10, 3, 0), module 0
result[(1, 10, 3, 0), 0] = ModuleProfileResult(compute_cost=3376.874, peak_memory=21.000 GB, invar_size=4.455 GB, outvar_size=15.524 GB, temp_buffer_size=1.020 GB, available_memory=64.000 GB, comm_cost=2.653)
Using pre computed peak Mem for (1, 10, 3, 0), module 1
result[(1, 10, 3, 0), 1] = ModuleProfileResult(compute_cost=2344.704, peak_memory=24.500 GB, invar_size=19.886 GB, outvar_size=4.455 GB, temp_buffer_size=4.520 GB, available_memory=64.000 GB, comm_cost=2.990)
Using pre computed peak Mem for (1, 10, 3, 1), module 0
result[(1, 10, 3, 1), 0] = ModuleProfileResult(compute_cost=3376.874, peak_memory=21.000 GB, invar_size=4.455 GB, outvar_size=15.811 GB, temp_buffer_size=0.733 GB, available_memory=64.000 GB, comm_cost=2.653)
Using pre computed peak Mem for (1, 10, 3, 1), module 1
result[(1, 10, 3, 1), 1] = ModuleProfileResult(compute_cost=2344.518, peak_memory=24.500 GB, invar_size=20.173 GB, outvar_size=4.455 GB, temp_buffer_size=4.233 GB, available_memory=64.000 GB, comm_cost=2.793)
Using pre computed peak Mem for (1, 11, 3, 0), module 0
result[(1, 11, 3, 0), 0] = ModuleProfileResult(compute_cost=3413.127, peak_memory=23.100 GB, invar_size=4.881 GB, outvar_size=16.857 GB, temp_buffer_size=1.362 GB, available_memory=64.000 GB, comm_cost=2.674)
Using pre computed peak Mem for (1, 11, 3, 0), module 1
result[(1, 11, 3, 0), 1] = ModuleProfileResult(compute_cost=2526.701, peak_memory=26.950 GB, invar_size=21.644 GB, outvar_size=4.881 GB, temp_buffer_size=5.212 GB, available_memory=64.000 GB, comm_cost=3.212)
Using pre computed peak Mem for (1, 11, 3, 1), module 0
result[(1, 11, 3, 1), 0] = ModuleProfileResult(compute_cost=3413.127, peak_memory=23.100 GB, invar_size=4.881 GB, outvar_size=16.447 GB, temp_buffer_size=1.772 GB, available_memory=64.000 GB, comm_cost=2.674)
Using pre computed peak Mem for (1, 11, 3, 1), module 1
result[(1, 11, 3, 1), 1] = ModuleProfileResult(compute_cost=2526.503, peak_memory=26.950 GB, invar_size=21.234 GB, outvar_size=4.881 GB, temp_buffer_size=5.622 GB, available_memory=64.000 GB, comm_cost=3.012)
Using pre computed peak Mem for (2, 2, 3, 0), module 0
result[(2, 2, 3, 0), 0] = ModuleProfileResult(compute_cost=584.613, peak_memory=2.100 GB, invar_size=0.657 GB, outvar_size=2.192 GB, temp_buffer_size=-0.748 GB, available_memory=64.000 GB, comm_cost=0.465)
Using pre computed peak Mem for (2, 2, 3, 0), module 1
result[(2, 2, 3, 0), 1] = ModuleProfileResult(compute_cost=299.889, peak_memory=2.450 GB, invar_size=2.755 GB, outvar_size=0.657 GB, temp_buffer_size=-0.398 GB, available_memory=64.000 GB, comm_cost=0.526)
Using pre computed peak Mem for (2, 2, 3, 1), module 0
result[(2, 2, 3, 1), 0] = ModuleProfileResult(compute_cost=584.613, peak_memory=2.100 GB, invar_size=0.657 GB, outvar_size=2.315 GB, temp_buffer_size=-0.871 GB, available_memory=64.000 GB, comm_cost=0.465)
Using pre computed peak Mem for (2, 2, 3, 1), module 1
result[(2, 2, 3, 1), 1] = ModuleProfileResult(compute_cost=299.693, peak_memory=2.450 GB, invar_size=2.878 GB, outvar_size=0.657 GB, temp_buffer_size=-0.521 GB, available_memory=64.000 GB, comm_cost=0.327)
Using pre computed peak Mem for (2, 3, 3, 0), module 0
result[(2, 3, 3, 0), 0] = ModuleProfileResult(compute_cost=894.843, peak_memory=4.200 GB, invar_size=1.079 GB, outvar_size=3.704 GB, temp_buffer_size=-0.582 GB, available_memory=64.000 GB, comm_cost=0.708)
Using pre computed peak Mem for (2, 3, 3, 0), module 1
result[(2, 3, 3, 0), 1] = ModuleProfileResult(compute_cost=527.059, peak_memory=4.900 GB, invar_size=4.689 GB, outvar_size=1.079 GB, temp_buffer_size=0.118 GB, available_memory=64.000 GB, comm_cost=0.800)
Using pre computed peak Mem for (2, 3, 3, 1), module 0
result[(2, 3, 3, 1), 0] = ModuleProfileResult(compute_cost=894.843, peak_memory=4.200 GB, invar_size=1.079 GB, outvar_size=3.704 GB, temp_buffer_size=-0.582 GB, available_memory=64.000 GB, comm_cost=0.708)
Using pre computed peak Mem for (2, 3, 3, 1), module 1
result[(2, 3, 3, 1), 1] = ModuleProfileResult(compute_cost=526.664, peak_memory=4.900 GB, invar_size=4.689 GB, outvar_size=1.079 GB, temp_buffer_size=0.118 GB, available_memory=64.000 GB, comm_cost=0.401)
Using pre computed peak Mem for (2, 4, 3, 0), module 0
result[(2, 4, 3, 0), 0] = ModuleProfileResult(compute_cost=1205.074, peak_memory=6.300 GB, invar_size=1.501 GB, outvar_size=5.339 GB, temp_buffer_size=-0.540 GB, available_memory=64.000 GB, comm_cost=0.951)
Using pre computed peak Mem for (2, 4, 3, 0), module 1
result[(2, 4, 3, 0), 1] = ModuleProfileResult(compute_cost=754.230, peak_memory=7.350 GB, invar_size=6.746 GB, outvar_size=1.501 GB, temp_buffer_size=0.510 GB, available_memory=64.000 GB, comm_cost=1.074)
Using pre computed peak Mem for (2, 4, 3, 1), module 0
result[(2, 4, 3, 1), 0] = ModuleProfileResult(compute_cost=1205.074, peak_memory=6.300 GB, invar_size=1.501 GB, outvar_size=5.380 GB, temp_buffer_size=-0.581 GB, available_memory=64.000 GB, comm_cost=0.951)
Using pre computed peak Mem for (2, 4, 3, 1), module 1
result[(2, 4, 3, 1), 1] = ModuleProfileResult(compute_cost=753.635, peak_memory=7.350 GB, invar_size=6.787 GB, outvar_size=1.501 GB, temp_buffer_size=0.469 GB, available_memory=64.000 GB, comm_cost=0.474)
Using pre computed peak Mem for (2, 5, 3, 0), module 0
result[(2, 5, 3, 0), 0] = ModuleProfileResult(compute_cost=1515.304, peak_memory=8.400 GB, invar_size=1.923 GB, outvar_size=6.646 GB, temp_buffer_size=-0.169 GB, available_memory=64.000 GB, comm_cost=1.194)
Using pre computed peak Mem for (2, 5, 3, 0), module 1
result[(2, 5, 3, 0), 1] = ModuleProfileResult(compute_cost=981.400, peak_memory=9.800 GB, invar_size=8.475 GB, outvar_size=1.923 GB, temp_buffer_size=1.231 GB, available_memory=64.000 GB, comm_cost=1.347)
Using pre computed peak Mem for (2, 5, 3, 1), module 0
result[(2, 5, 3, 1), 0] = ModuleProfileResult(compute_cost=1515.304, peak_memory=8.400 GB, invar_size=1.923 GB, outvar_size=6.769 GB, temp_buffer_size=-0.292 GB, available_memory=64.000 GB, comm_cost=1.194)
Using pre computed peak Mem for (2, 5, 3, 1), module 1
result[(2, 5, 3, 1), 1] = ModuleProfileResult(compute_cost=981.008, peak_memory=9.800 GB, invar_size=8.598 GB, outvar_size=1.923 GB, temp_buffer_size=1.108 GB, available_memory=64.000 GB, comm_cost=0.949)
Using pre computed peak Mem for (2, 6, 3, 0), module 0
result[(2, 6, 3, 0), 0] = ModuleProfileResult(compute_cost=1825.534, peak_memory=10.500 GB, invar_size=2.345 GB, outvar_size=8.240 GB, temp_buffer_size=-0.085 GB, available_memory=64.000 GB, comm_cost=1.437)
Using pre computed peak Mem for (2, 6, 3, 0), module 1
result[(2, 6, 3, 0), 1] = ModuleProfileResult(compute_cost=1208.570, peak_memory=12.250 GB, invar_size=10.491 GB, outvar_size=2.345 GB, temp_buffer_size=1.665 GB, available_memory=64.000 GB, comm_cost=1.621)
Using pre computed peak Mem for (2, 6, 3, 1), module 0
result[(2, 6, 3, 1), 0] = ModuleProfileResult(compute_cost=1825.534, peak_memory=10.500 GB, invar_size=2.345 GB, outvar_size=8.199 GB, temp_buffer_size=-0.044 GB, available_memory=64.000 GB, comm_cost=1.437)
Using pre computed peak Mem for (2, 6, 3, 1), module 1
result[(2, 6, 3, 1), 1] = ModuleProfileResult(compute_cost=1207.981, peak_memory=12.250 GB, invar_size=10.450 GB, outvar_size=2.345 GB, temp_buffer_size=1.706 GB, available_memory=64.000 GB, comm_cost=1.023)
Using pre computed peak Mem for (2, 7, 3, 0), module 0
result[(2, 7, 3, 0), 0] = ModuleProfileResult(compute_cost=2135.765, peak_memory=12.600 GB, invar_size=2.767 GB, outvar_size=9.506 GB, temp_buffer_size=0.327 GB, available_memory=64.000 GB, comm_cost=1.680)
Using pre computed peak Mem for (2, 7, 3, 0), module 1
result[(2, 7, 3, 0), 1] = ModuleProfileResult(compute_cost=1435.741, peak_memory=14.700 GB, invar_size=12.179 GB, outvar_size=2.767 GB, temp_buffer_size=2.427 GB, available_memory=64.000 GB, comm_cost=1.895)
Using pre computed peak Mem for (2, 7, 3, 1), module 0
result[(2, 7, 3, 1), 0] = ModuleProfileResult(compute_cost=2135.765, peak_memory=12.600 GB, invar_size=2.767 GB, outvar_size=9.752 GB, temp_buffer_size=0.081 GB, available_memory=64.000 GB, comm_cost=1.680)
Using pre computed peak Mem for (2, 7, 3, 1), module 1
result[(2, 7, 3, 1), 1] = ModuleProfileResult(compute_cost=1435.149, peak_memory=14.700 GB, invar_size=12.425 GB, outvar_size=2.767 GB, temp_buffer_size=2.181 GB, available_memory=64.000 GB, comm_cost=1.296)
Using pre computed peak Mem for (2, 8, 3, 0), module 0
result[(2, 8, 3, 0), 0] = ModuleProfileResult(compute_cost=2445.995, peak_memory=14.700 GB, invar_size=3.189 GB, outvar_size=11.017 GB, temp_buffer_size=0.493 GB, available_memory=64.000 GB, comm_cost=1.923)
Using pre computed peak Mem for (2, 8, 3, 0), module 1
result[(2, 8, 3, 0), 1] = ModuleProfileResult(compute_cost=1662.911, peak_memory=17.150 GB, invar_size=14.113 GB, outvar_size=3.189 GB, temp_buffer_size=2.943 GB, available_memory=64.000 GB, comm_cost=2.168)
Using pre computed peak Mem for (2, 8, 3, 1), module 0
result[(2, 8, 3, 1), 0] = ModuleProfileResult(compute_cost=2445.995, peak_memory=14.700 GB, invar_size=3.189 GB, outvar_size=11.059 GB, temp_buffer_size=0.452 GB, available_memory=64.000 GB, comm_cost=1.923)
Using pre computed peak Mem for (2, 8, 3, 1), module 1
result[(2, 8, 3, 1), 1] = ModuleProfileResult(compute_cost=1662.715, peak_memory=17.150 GB, invar_size=14.154 GB, outvar_size=3.189 GB, temp_buffer_size=2.902 GB, available_memory=64.000 GB, comm_cost=1.969)
Using pre computed peak Mem for (2, 9, 3, 0), module 0
result[(2, 9, 3, 0), 0] = ModuleProfileResult(compute_cost=2756.226, peak_memory=16.800 GB, invar_size=3.611 GB, outvar_size=12.570 GB, temp_buffer_size=0.618 GB, available_memory=64.000 GB, comm_cost=2.166)
Using pre computed peak Mem for (2, 9, 3, 0), module 1
result[(2, 9, 3, 0), 1] = ModuleProfileResult(compute_cost=1890.082, peak_memory=19.600 GB, invar_size=16.088 GB, outvar_size=3.611 GB, temp_buffer_size=3.418 GB, available_memory=64.000 GB, comm_cost=2.442)
Using pre computed peak Mem for (2, 9, 3, 1), module 0
result[(2, 9, 3, 1), 0] = ModuleProfileResult(compute_cost=2756.226, peak_memory=16.800 GB, invar_size=3.611 GB, outvar_size=12.776 GB, temp_buffer_size=0.413 GB, available_memory=64.000 GB, comm_cost=2.166)
Using pre computed peak Mem for (2, 9, 3, 1), module 1
result[(2, 9, 3, 1), 1] = ModuleProfileResult(compute_cost=1889.696, peak_memory=19.600 GB, invar_size=16.293 GB, outvar_size=3.611 GB, temp_buffer_size=3.213 GB, available_memory=64.000 GB, comm_cost=2.045)
Using pre computed peak Mem for (2, 10, 3, 0), module 0
result[(2, 10, 3, 0), 0] = ModuleProfileResult(compute_cost=3066.456, peak_memory=18.900 GB, invar_size=4.033 GB, outvar_size=14.164 GB, temp_buffer_size=0.702 GB, available_memory=64.000 GB, comm_cost=2.409)
Using pre computed peak Mem for (2, 10, 3, 0), module 1
result[(2, 10, 3, 0), 1] = ModuleProfileResult(compute_cost=2117.252, peak_memory=22.050 GB, invar_size=18.104 GB, outvar_size=4.033 GB, temp_buffer_size=3.852 GB, available_memory=64.000 GB, comm_cost=2.716)
Using pre computed peak Mem for (2, 10, 3, 1), module 0
result[(2, 10, 3, 1), 0] = ModuleProfileResult(compute_cost=3066.456, peak_memory=18.900 GB, invar_size=4.033 GB, outvar_size=14.205 GB, temp_buffer_size=0.661 GB, available_memory=64.000 GB, comm_cost=2.409)
Using pre computed peak Mem for (2, 10, 3, 1), module 1
result[(2, 10, 3, 1), 1] = ModuleProfileResult(compute_cost=2116.065, peak_memory=22.050 GB, invar_size=18.145 GB, outvar_size=4.033 GB, temp_buffer_size=3.811 GB, available_memory=64.000 GB, comm_cost=1.518)
Using pre computed peak Mem for (2, 11, 3, 0), module 0
result[(2, 11, 3, 0), 0] = ModuleProfileResult(compute_cost=3102.710, peak_memory=21.000 GB, invar_size=4.459 GB, outvar_size=15.211 GB, temp_buffer_size=1.331 GB, available_memory=64.000 GB, comm_cost=2.430)
Using pre computed peak Mem for (2, 11, 3, 0), module 1
result[(2, 11, 3, 0), 1] = ModuleProfileResult(compute_cost=2299.250, peak_memory=24.500 GB, invar_size=19.575 GB, outvar_size=4.459 GB, temp_buffer_size=4.831 GB, available_memory=64.000 GB, comm_cost=2.938)
Using pre computed peak Mem for (2, 11, 3, 1), module 0
result[(2, 11, 3, 1), 0] = ModuleProfileResult(compute_cost=3102.710, peak_memory=21.000 GB, invar_size=4.459 GB, outvar_size=15.334 GB, temp_buffer_size=1.208 GB, available_memory=64.000 GB, comm_cost=2.430)
Using pre computed peak Mem for (2, 11, 3, 1), module 1
result[(2, 11, 3, 1), 1] = ModuleProfileResult(compute_cost=2298.665, peak_memory=24.500 GB, invar_size=19.699 GB, outvar_size=4.459 GB, temp_buffer_size=4.708 GB, available_memory=64.000 GB, comm_cost=2.341)
Using pre computed peak Mem for (3, 3, 3, 0), module 0
result[(3, 3, 3, 0), 0] = ModuleProfileResult(compute_cost=310.262, peak_memory=2.100 GB, invar_size=0.516 GB, outvar_size=1.647 GB, temp_buffer_size=-0.063 GB, available_memory=64.000 GB, comm_cost=0.243)
Using pre computed peak Mem for (3, 3, 3, 0), module 1
result[(3, 3, 3, 0), 1] = ModuleProfileResult(compute_cost=227.170, peak_memory=2.450 GB, invar_size=2.069 GB, outvar_size=0.516 GB, temp_buffer_size=0.287 GB, available_memory=64.000 GB, comm_cost=0.274)
Using pre computed peak Mem for (3, 3, 3, 1), module 0
result[(3, 3, 3, 1), 0] = ModuleProfileResult(compute_cost=310.262, peak_memory=2.100 GB, invar_size=0.516 GB, outvar_size=1.647 GB, temp_buffer_size=-0.063 GB, available_memory=64.000 GB, comm_cost=0.243)
result[(3, 3, 3, 1), 1] = ModuleProfileResult(compute_cost=226.973, peak_memory=2.450 GB, invar_size=2.069 GB, outvar_size=0.516 GB, temp_buffer_size=0.287 GB, available_memory=64.000 GB, comm_cost=0.074)
Using pre computed peak Mem for (3, 4, 3, 0), module 0
result[(3, 4, 3, 0), 0] = ModuleProfileResult(compute_cost=620.492, peak_memory=4.200 GB, invar_size=0.938 GB, outvar_size=2.995 GB, temp_buffer_size=0.267 GB, available_memory=64.000 GB, comm_cost=0.486)
Using pre computed peak Mem for (3, 4, 3, 0), module 1
result[(3, 4, 3, 0), 1] = ModuleProfileResult(compute_cost=454.341, peak_memory=4.900 GB, invar_size=3.839 GB, outvar_size=0.938 GB, temp_buffer_size=0.967 GB, available_memory=64.000 GB, comm_cost=0.547)
Using pre computed peak Mem for (3, 4, 3, 1), module 0
result[(3, 4, 3, 1), 0] = ModuleProfileResult(compute_cost=620.492, peak_memory=4.200 GB, invar_size=0.938 GB, outvar_size=3.118 GB, temp_buffer_size=0.144 GB, available_memory=64.000 GB, comm_cost=0.486)
Using pre computed peak Mem for (3, 4, 3, 1), module 1
result[(3, 4, 3, 1), 1] = ModuleProfileResult(compute_cost=454.145, peak_memory=4.900 GB, invar_size=3.962 GB, outvar_size=0.938 GB, temp_buffer_size=0.844 GB, available_memory=64.000 GB, comm_cost=0.348)
Using pre computed peak Mem for (3, 5, 3, 0), module 0
result[(3, 5, 3, 0), 0] = ModuleProfileResult(compute_cost=930.722, peak_memory=6.300 GB, invar_size=1.360 GB, outvar_size=4.507 GB, temp_buffer_size=0.433 GB, available_memory=64.000 GB, comm_cost=0.729)
Using pre computed peak Mem for (3, 5, 3, 0), module 1
result[(3, 5, 3, 0), 1] = ModuleProfileResult(compute_cost=681.511, peak_memory=7.350 GB, invar_size=5.773 GB, outvar_size=1.360 GB, temp_buffer_size=1.483 GB, available_memory=64.000 GB, comm_cost=0.821)
Using pre computed peak Mem for (3, 5, 3, 1), module 0
result[(3, 5, 3, 1), 0] = ModuleProfileResult(compute_cost=930.722, peak_memory=6.300 GB, invar_size=1.360 GB, outvar_size=4.630 GB, temp_buffer_size=0.310 GB, available_memory=64.000 GB, comm_cost=0.729)
Using pre computed peak Mem for (3, 5, 3, 1), module 1
result[(3, 5, 3, 1), 1] = ModuleProfileResult(compute_cost=681.315, peak_memory=7.350 GB, invar_size=5.896 GB, outvar_size=1.360 GB, temp_buffer_size=1.360 GB, available_memory=64.000 GB, comm_cost=0.622)
Using pre computed peak Mem for (3, 6, 3, 0), module 0
result[(3, 6, 3, 0), 0] = ModuleProfileResult(compute_cost=1240.953, peak_memory=8.400 GB, invar_size=1.782 GB, outvar_size=6.060 GB, temp_buffer_size=0.558 GB, available_memory=64.000 GB, comm_cost=0.972)
Using pre computed peak Mem for (3, 6, 3, 0), module 1
result[(3, 6, 3, 0), 1] = ModuleProfileResult(compute_cost=908.682, peak_memory=9.800 GB, invar_size=7.748 GB, outvar_size=1.782 GB, temp_buffer_size=1.958 GB, available_memory=64.000 GB, comm_cost=1.095)
Using pre computed peak Mem for (3, 6, 3, 1), module 0
result[(3, 6, 3, 1), 0] = ModuleProfileResult(compute_cost=1240.953, peak_memory=8.400 GB, invar_size=1.782 GB, outvar_size=6.142 GB, temp_buffer_size=0.476 GB, available_memory=64.000 GB, comm_cost=0.972)
Using pre computed peak Mem for (3, 6, 3, 1), module 1
result[(3, 6, 3, 1), 1] = ModuleProfileResult(compute_cost=908.288, peak_memory=9.800 GB, invar_size=7.830 GB, outvar_size=1.782 GB, temp_buffer_size=1.876 GB, available_memory=64.000 GB, comm_cost=0.696)
Using pre computed peak Mem for (3, 7, 3, 0), module 0
result[(3, 7, 3, 0), 0] = ModuleProfileResult(compute_cost=1551.183, peak_memory=10.500 GB, invar_size=2.204 GB, outvar_size=7.613 GB, temp_buffer_size=0.683 GB, available_memory=64.000 GB, comm_cost=1.215)
Using pre computed peak Mem for (3, 7, 3, 0), module 1
result[(3, 7, 3, 0), 1] = ModuleProfileResult(compute_cost=1135.852, peak_memory=12.250 GB, invar_size=9.723 GB, outvar_size=2.204 GB, temp_buffer_size=2.433 GB, available_memory=64.000 GB, comm_cost=1.368)
Using pre computed peak Mem for (3, 7, 3, 1), module 0
result[(3, 7, 3, 1), 0] = ModuleProfileResult(compute_cost=764.348, peak_memory=10.500 GB, invar_size=5.157 GB, outvar_size=10.238 GB, temp_buffer_size=-4.895 GB, available_memory=64.000 GB, comm_cost=0.438)
Using pre computed peak Mem for (3, 7, 3, 1), module 1
result[(3, 7, 3, 1), 1] = ModuleProfileResult(compute_cost=6852.085, peak_memory=12.250 GB, invar_size=15.301 GB, outvar_size=5.157 GB, temp_buffer_size=-3.145 GB, available_memory=64.000 GB, comm_cost=2.205)
Using pre computed peak Mem for (3, 8, 3, 0), module 0
result[(3, 8, 3, 0), 0] = ModuleProfileResult(compute_cost=1861.413, peak_memory=12.600 GB, invar_size=2.626 GB, outvar_size=8.919 GB, temp_buffer_size=1.054 GB, available_memory=64.000 GB, comm_cost=1.458)
Using pre computed peak Mem for (3, 8, 3, 0), module 1
result[(3, 8, 3, 0), 1] = ModuleProfileResult(compute_cost=1363.023, peak_memory=14.700 GB, invar_size=11.452 GB, outvar_size=2.626 GB, temp_buffer_size=3.154 GB, available_memory=64.000 GB, comm_cost=1.642)
Using pre computed peak Mem for (3, 8, 3, 1), module 0
result[(3, 8, 3, 1), 0] = ModuleProfileResult(compute_cost=1861.413, peak_memory=12.600 GB, invar_size=2.626 GB, outvar_size=8.960 GB, temp_buffer_size=1.013 GB, available_memory=64.000 GB, comm_cost=1.458)
Using pre computed peak Mem for (3, 8, 3, 1), module 1
result[(3, 8, 3, 1), 1] = ModuleProfileResult(compute_cost=1362.626, peak_memory=14.700 GB, invar_size=11.493 GB, outvar_size=2.626 GB, temp_buffer_size=3.113 GB, available_memory=64.000 GB, comm_cost=1.243)
Using pre computed peak Mem for (3, 9, 3, 0), module 0
result[(3, 9, 3, 0), 0] = ModuleProfileResult(compute_cost=2171.644, peak_memory=14.700 GB, invar_size=3.048 GB, outvar_size=10.349 GB, temp_buffer_size=1.302 GB, available_memory=64.000 GB, comm_cost=1.701)
Using pre computed peak Mem for (3, 9, 3, 0), module 1
result[(3, 9, 3, 0), 1] = ModuleProfileResult(compute_cost=1590.193, peak_memory=17.150 GB, invar_size=13.304 GB, outvar_size=3.048 GB, temp_buffer_size=3.752 GB, available_memory=64.000 GB, comm_cost=1.916)
Using pre computed peak Mem for (3, 9, 3, 1), module 0
result[(3, 9, 3, 1), 0] = ModuleProfileResult(compute_cost=2171.644, peak_memory=14.700 GB, invar_size=3.048 GB, outvar_size=10.677 GB, temp_buffer_size=0.974 GB, available_memory=64.000 GB, comm_cost=1.701)
Using pre computed peak Mem for (3, 9, 3, 1), module 1
result[(3, 9, 3, 1), 1] = ModuleProfileResult(compute_cost=1589.208, peak_memory=17.150 GB, invar_size=13.632 GB, outvar_size=3.048 GB, temp_buffer_size=3.424 GB, available_memory=64.000 GB, comm_cost=0.918)
Using pre computed peak Mem for (3, 10, 3, 0), module 0
result[(3, 10, 3, 0), 0] = ModuleProfileResult(compute_cost=2481.874, peak_memory=16.800 GB, invar_size=3.470 GB, outvar_size=11.902 GB, temp_buffer_size=1.427 GB, available_memory=64.000 GB, comm_cost=1.944)
Using pre computed peak Mem for (3, 10, 3, 0), module 1
result[(3, 10, 3, 0), 1] = ModuleProfileResult(compute_cost=1817.364, peak_memory=19.600 GB, invar_size=15.279 GB, outvar_size=3.470 GB, temp_buffer_size=4.227 GB, available_memory=64.000 GB, comm_cost=2.189)
Using pre computed peak Mem for (3, 10, 3, 1), module 0
result[(3, 10, 3, 1), 0] = ModuleProfileResult(compute_cost=2481.874, peak_memory=16.800 GB, invar_size=3.470 GB, outvar_size=12.148 GB, temp_buffer_size=1.181 GB, available_memory=64.000 GB, comm_cost=1.944)
Using pre computed peak Mem for (3, 10, 3, 1), module 1
result[(3, 10, 3, 1), 1] = ModuleProfileResult(compute_cost=1816.575, peak_memory=19.600 GB, invar_size=15.525 GB, outvar_size=3.470 GB, temp_buffer_size=3.981 GB, available_memory=64.000 GB, comm_cost=1.392)
Using pre computed peak Mem for (3, 11, 3, 0), module 0
result[(3, 11, 3, 0), 0] = ModuleProfileResult(compute_cost=2518.128, peak_memory=18.900 GB, invar_size=3.896 GB, outvar_size=12.949 GB, temp_buffer_size=2.056 GB, available_memory=64.000 GB, comm_cost=1.965)
Using pre computed peak Mem for (3, 11, 3, 0), module 1
result[(3, 11, 3, 0), 1] = ModuleProfileResult(compute_cost=1999.361, peak_memory=22.050 GB, invar_size=16.751 GB, outvar_size=3.896 GB, temp_buffer_size=5.206 GB, available_memory=64.000 GB, comm_cost=2.412)
Using pre computed peak Mem for (3, 11, 3, 1), module 0
result[(3, 11, 3, 1), 0] = ModuleProfileResult(compute_cost=2518.128, peak_memory=18.900 GB, invar_size=3.896 GB, outvar_size=13.277 GB, temp_buffer_size=1.728 GB, available_memory=64.000 GB, comm_cost=1.965)
Using pre computed peak Mem for (3, 11, 3, 1), module 1
result[(3, 11, 3, 1), 1] = ModuleProfileResult(compute_cost=1998.575, peak_memory=22.050 GB, invar_size=17.079 GB, outvar_size=3.896 GB, temp_buffer_size=4.878 GB, available_memory=64.000 GB, comm_cost=1.614)
Using pre computed peak Mem for (4, 4, 3, 0), module 0
result[(4, 4, 3, 0), 0] = ModuleProfileResult(compute_cost=310.262, peak_memory=2.100 GB, invar_size=0.516 GB, outvar_size=1.647 GB, temp_buffer_size=-0.063 GB, available_memory=64.000 GB, comm_cost=0.243)
Using pre computed peak Mem for (4, 4, 3, 0), module 1
result[(4, 4, 3, 0), 1] = ModuleProfileResult(compute_cost=227.170, peak_memory=2.450 GB, invar_size=2.069 GB, outvar_size=0.516 GB, temp_buffer_size=0.287 GB, available_memory=64.000 GB, comm_cost=0.274)
Using pre computed peak Mem for (4, 4, 3, 1), module 0
result[(4, 4, 3, 1), 0] = ModuleProfileResult(compute_cost=310.262, peak_memory=2.100 GB, invar_size=0.516 GB, outvar_size=1.647 GB, temp_buffer_size=-0.063 GB, available_memory=64.000 GB, comm_cost=0.243)
result[(4, 4, 3, 1), 1] = ModuleProfileResult(compute_cost=226.973, peak_memory=2.450 GB, invar_size=2.069 GB, outvar_size=0.516 GB, temp_buffer_size=0.287 GB, available_memory=64.000 GB, comm_cost=0.074)
Using pre computed peak Mem for (4, 5, 3, 0), module 0
result[(4, 5, 3, 0), 0] = ModuleProfileResult(compute_cost=620.492, peak_memory=4.200 GB, invar_size=0.938 GB, outvar_size=3.036 GB, temp_buffer_size=0.226 GB, available_memory=64.000 GB, comm_cost=0.486)
Using pre computed peak Mem for (4, 5, 3, 0), module 1
result[(4, 5, 3, 0), 1] = ModuleProfileResult(compute_cost=454.341, peak_memory=4.900 GB, invar_size=3.880 GB, outvar_size=0.938 GB, temp_buffer_size=0.926 GB, available_memory=64.000 GB, comm_cost=0.547)
Using pre computed peak Mem for (4, 5, 3, 1), module 0
result[(4, 5, 3, 1), 0] = ModuleProfileResult(compute_cost=620.492, peak_memory=4.200 GB, invar_size=0.938 GB, outvar_size=3.077 GB, temp_buffer_size=0.185 GB, available_memory=64.000 GB, comm_cost=0.486)
Using pre computed peak Mem for (4, 5, 3, 1), module 1
result[(4, 5, 3, 1), 1] = ModuleProfileResult(compute_cost=454.342, peak_memory=4.900 GB, invar_size=3.921 GB, outvar_size=0.938 GB, temp_buffer_size=0.885 GB, available_memory=64.000 GB, comm_cost=0.548)
Using pre computed peak Mem for (4, 6, 3, 0), module 0
result[(4, 6, 3, 0), 0] = ModuleProfileResult(compute_cost=930.722, peak_memory=6.300 GB, invar_size=1.360 GB, outvar_size=4.507 GB, temp_buffer_size=0.433 GB, available_memory=64.000 GB, comm_cost=0.729)
Using pre computed peak Mem for (4, 6, 3, 0), module 1
result[(4, 6, 3, 0), 1] = ModuleProfileResult(compute_cost=681.511, peak_memory=7.350 GB, invar_size=5.773 GB, outvar_size=1.360 GB, temp_buffer_size=1.483 GB, available_memory=64.000 GB, comm_cost=0.821)
Using pre computed peak Mem for (4, 6, 3, 1), module 0
result[(4, 6, 3, 1), 0] = ModuleProfileResult(compute_cost=930.722, peak_memory=6.300 GB, invar_size=1.360 GB, outvar_size=4.671 GB, temp_buffer_size=0.269 GB, available_memory=64.000 GB, comm_cost=0.729)
Using pre computed peak Mem for (4, 6, 3, 1), module 1
result[(4, 6, 3, 1), 1] = ModuleProfileResult(compute_cost=681.317, peak_memory=7.350 GB, invar_size=5.937 GB, outvar_size=1.360 GB, temp_buffer_size=1.319 GB, available_memory=64.000 GB, comm_cost=0.622)
Using pre computed peak Mem for (4, 7, 3, 0), module 0
result[(4, 7, 3, 0), 0] = ModuleProfileResult(compute_cost=1240.953, peak_memory=8.400 GB, invar_size=1.782 GB, outvar_size=5.978 GB, temp_buffer_size=0.640 GB, available_memory=64.000 GB, comm_cost=0.972)
Using pre computed peak Mem for (4, 7, 3, 0), module 1
result[(4, 7, 3, 0), 1] = ModuleProfileResult(compute_cost=908.682, peak_memory=9.800 GB, invar_size=7.666 GB, outvar_size=1.782 GB, temp_buffer_size=2.040 GB, available_memory=64.000 GB, comm_cost=1.095)
Using pre computed peak Mem for (4, 7, 3, 1), module 0
result[(4, 7, 3, 1), 0] = ModuleProfileResult(compute_cost=1240.953, peak_memory=8.400 GB, invar_size=1.782 GB, outvar_size=5.978 GB, temp_buffer_size=0.640 GB, available_memory=64.000 GB, comm_cost=0.972)
Using pre computed peak Mem for (4, 7, 3, 1), module 1
result[(4, 7, 3, 1), 1] = ModuleProfileResult(compute_cost=908.686, peak_memory=9.800 GB, invar_size=7.666 GB, outvar_size=1.782 GB, temp_buffer_size=2.040 GB, available_memory=64.000 GB, comm_cost=1.096)
Using pre computed peak Mem for (4, 8, 3, 0), module 0
result[(4, 8, 3, 0), 0] = ModuleProfileResult(compute_cost=1551.183, peak_memory=10.500 GB, invar_size=2.204 GB, outvar_size=7.531 GB, temp_buffer_size=0.765 GB, available_memory=64.000 GB, comm_cost=1.215)
Using pre computed peak Mem for (4, 8, 3, 0), module 1
result[(4, 8, 3, 0), 1] = ModuleProfileResult(compute_cost=1135.852, peak_memory=12.250 GB, invar_size=9.641 GB, outvar_size=2.204 GB, temp_buffer_size=2.515 GB, available_memory=64.000 GB, comm_cost=1.368)
Using pre computed peak Mem for (4, 8, 3, 1), module 0
result[(4, 8, 3, 1), 0] = ModuleProfileResult(compute_cost=1551.183, peak_memory=10.500 GB, invar_size=2.204 GB, outvar_size=7.654 GB, temp_buffer_size=0.642 GB, available_memory=64.000 GB, comm_cost=1.215)
Using pre computed peak Mem for (4, 8, 3, 1), module 1
result[(4, 8, 3, 1), 1] = ModuleProfileResult(compute_cost=1135.460, peak_memory=12.250 GB, invar_size=9.764 GB, outvar_size=2.204 GB, temp_buffer_size=2.392 GB, available_memory=64.000 GB, comm_cost=0.970)
Using pre computed peak Mem for (4, 9, 3, 0), module 0
result[(4, 9, 3, 0), 0] = ModuleProfileResult(compute_cost=1861.413, peak_memory=12.600 GB, invar_size=2.626 GB, outvar_size=8.960 GB, temp_buffer_size=1.013 GB, available_memory=64.000 GB, comm_cost=1.458)
Using pre computed peak Mem for (4, 9, 3, 0), module 1
result[(4, 9, 3, 0), 1] = ModuleProfileResult(compute_cost=1363.023, peak_memory=14.700 GB, invar_size=11.493 GB, outvar_size=2.626 GB, temp_buffer_size=3.113 GB, available_memory=64.000 GB, comm_cost=1.642)
Using pre computed peak Mem for (4, 9, 3, 1), module 0
result[(4, 9, 3, 1), 0] = ModuleProfileResult(compute_cost=1861.413, peak_memory=12.600 GB, invar_size=2.626 GB, outvar_size=9.001 GB, temp_buffer_size=0.972 GB, available_memory=64.000 GB, comm_cost=1.458)
Using pre computed peak Mem for (4, 9, 3, 1), module 1
result[(4, 9, 3, 1), 1] = ModuleProfileResult(compute_cost=1362.629, peak_memory=14.700 GB, invar_size=11.534 GB, outvar_size=2.626 GB, temp_buffer_size=3.072 GB, available_memory=64.000 GB, comm_cost=1.243)
Using pre computed peak Mem for (4, 10, 3, 0), module 0
result[(4, 10, 3, 0), 0] = ModuleProfileResult(compute_cost=2171.644, peak_memory=14.700 GB, invar_size=3.048 GB, outvar_size=10.390 GB, temp_buffer_size=1.261 GB, available_memory=64.000 GB, comm_cost=1.701)
Using pre computed peak Mem for (4, 10, 3, 0), module 1
result[(4, 10, 3, 0), 1] = ModuleProfileResult(compute_cost=1590.193, peak_memory=17.150 GB, invar_size=13.345 GB, outvar_size=3.048 GB, temp_buffer_size=3.711 GB, available_memory=64.000 GB, comm_cost=1.916)
Using pre computed peak Mem for (4, 10, 3, 1), module 0
result[(4, 10, 3, 1), 0] = ModuleProfileResult(compute_cost=2171.644, peak_memory=14.700 GB, invar_size=3.048 GB, outvar_size=10.513 GB, temp_buffer_size=1.138 GB, available_memory=64.000 GB, comm_cost=1.701)
Using pre computed peak Mem for (4, 10, 3, 1), module 1
result[(4, 10, 3, 1), 1] = ModuleProfileResult(compute_cost=1589.604, peak_memory=17.150 GB, invar_size=13.468 GB, outvar_size=3.048 GB, temp_buffer_size=3.588 GB, available_memory=64.000 GB, comm_cost=1.318)
Using pre computed peak Mem for (4, 11, 3, 0), module 0
result[(4, 11, 3, 0), 0] = ModuleProfileResult(compute_cost=2207.897, peak_memory=16.800 GB, invar_size=3.474 GB, outvar_size=11.560 GB, temp_buffer_size=1.767 GB, available_memory=64.000 GB, comm_cost=1.722)
Using pre computed peak Mem for (4, 11, 3, 0), module 1
result[(4, 11, 3, 0), 1] = ModuleProfileResult(compute_cost=1772.191, peak_memory=19.600 GB, invar_size=14.940 GB, outvar_size=3.474 GB, temp_buffer_size=4.567 GB, available_memory=64.000 GB, comm_cost=2.138)
Using pre computed peak Mem for (4, 11, 3, 1), module 0
result[(4, 11, 3, 1), 0] = ModuleProfileResult(compute_cost=2207.897, peak_memory=16.800 GB, invar_size=3.474 GB, outvar_size=11.642 GB, temp_buffer_size=1.685 GB, available_memory=64.000 GB, comm_cost=1.722)
Using pre computed peak Mem for (4, 11, 3, 1), module 1
result[(4, 11, 3, 1), 1] = ModuleProfileResult(compute_cost=1771.799, peak_memory=19.600 GB, invar_size=15.022 GB, outvar_size=3.474 GB, temp_buffer_size=4.485 GB, available_memory=64.000 GB, comm_cost=1.740)
Using pre computed peak Mem for (5, 5, 3, 0), module 0
result[(5, 5, 3, 0), 0] = ModuleProfileResult(compute_cost=310.262, peak_memory=2.100 GB, invar_size=0.516 GB, outvar_size=1.606 GB, temp_buffer_size=-0.022 GB, available_memory=64.000 GB, comm_cost=0.243)
Using pre computed peak Mem for (5, 5, 3, 0), module 1
result[(5, 5, 3, 0), 1] = ModuleProfileResult(compute_cost=227.170, peak_memory=2.450 GB, invar_size=2.028 GB, outvar_size=0.516 GB, temp_buffer_size=0.328 GB, available_memory=64.000 GB, comm_cost=0.274)
Using pre computed peak Mem for (5, 5, 3, 1), module 0
result[(5, 5, 3, 1), 0] = ModuleProfileResult(compute_cost=310.262, peak_memory=2.100 GB, invar_size=0.516 GB, outvar_size=1.647 GB, temp_buffer_size=-0.063 GB, available_memory=64.000 GB, comm_cost=0.243)
result[(5, 5, 3, 1), 1] = ModuleProfileResult(compute_cost=226.973, peak_memory=2.450 GB, invar_size=2.069 GB, outvar_size=0.516 GB, temp_buffer_size=0.287 GB, available_memory=64.000 GB, comm_cost=0.074)
Using pre computed peak Mem for (5, 6, 3, 0), module 0
result[(5, 6, 3, 0), 0] = ModuleProfileResult(compute_cost=620.492, peak_memory=4.200 GB, invar_size=0.938 GB, outvar_size=3.036 GB, temp_buffer_size=0.226 GB, available_memory=64.000 GB, comm_cost=0.486)
Using pre computed peak Mem for (5, 6, 3, 0), module 1
result[(5, 6, 3, 0), 1] = ModuleProfileResult(compute_cost=454.341, peak_memory=4.900 GB, invar_size=3.880 GB, outvar_size=0.938 GB, temp_buffer_size=0.926 GB, available_memory=64.000 GB, comm_cost=0.547)
Using pre computed peak Mem for (5, 6, 3, 1), module 0
result[(5, 6, 3, 1), 0] = ModuleProfileResult(compute_cost=620.492, peak_memory=4.200 GB, invar_size=0.938 GB, outvar_size=3.159 GB, temp_buffer_size=0.103 GB, available_memory=64.000 GB, comm_cost=0.486)
result[(5, 6, 3, 1), 1] = ModuleProfileResult(compute_cost=453.946, peak_memory=4.571 GB, invar_size=4.003 GB, outvar_size=0.938 GB, temp_buffer_size=0.475 GB, available_memory=64.000 GB, comm_cost=0.148)
Using pre computed peak Mem for (5, 7, 3, 0), module 0
result[(5, 7, 3, 0), 0] = ModuleProfileResult(compute_cost=930.722, peak_memory=6.300 GB, invar_size=1.360 GB, outvar_size=4.548 GB, temp_buffer_size=0.392 GB, available_memory=64.000 GB, comm_cost=0.729)
Using pre computed peak Mem for (5, 7, 3, 0), module 1
result[(5, 7, 3, 0), 1] = ModuleProfileResult(compute_cost=681.511, peak_memory=7.350 GB, invar_size=5.814 GB, outvar_size=1.360 GB, temp_buffer_size=1.442 GB, available_memory=64.000 GB, comm_cost=0.821)
Using pre computed peak Mem for (5, 7, 3, 1), module 0
result[(5, 7, 3, 1), 0] = ModuleProfileResult(compute_cost=930.722, peak_memory=6.300 GB, invar_size=1.360 GB, outvar_size=4.671 GB, temp_buffer_size=0.269 GB, available_memory=64.000 GB, comm_cost=0.729)
result[(5, 7, 3, 1), 1] = ModuleProfileResult(compute_cost=680.916, peak_memory=6.781 GB, invar_size=5.937 GB, outvar_size=1.360 GB, temp_buffer_size=0.750 GB, available_memory=64.000 GB, comm_cost=0.222)
Using pre computed peak Mem for (5, 8, 3, 0), module 0
result[(5, 8, 3, 0), 0] = ModuleProfileResult(compute_cost=1240.953, peak_memory=8.400 GB, invar_size=1.782 GB, outvar_size=5.937 GB, temp_buffer_size=0.681 GB, available_memory=64.000 GB, comm_cost=0.972)
Using pre computed peak Mem for (5, 8, 3, 0), module 1
result[(5, 8, 3, 0), 1] = ModuleProfileResult(compute_cost=908.682, peak_memory=9.800 GB, invar_size=7.625 GB, outvar_size=1.782 GB, temp_buffer_size=2.081 GB, available_memory=64.000 GB, comm_cost=1.095)
Using pre computed peak Mem for (5, 8, 3, 1), module 0
result[(5, 8, 3, 1), 0] = ModuleProfileResult(compute_cost=1240.953, peak_memory=8.400 GB, invar_size=1.782 GB, outvar_size=6.142 GB, temp_buffer_size=0.476 GB, available_memory=64.000 GB, comm_cost=0.972)
Using pre computed peak Mem for (5, 8, 3, 1), module 1
result[(5, 8, 3, 1), 1] = ModuleProfileResult(compute_cost=908.287, peak_memory=9.800 GB, invar_size=7.830 GB, outvar_size=1.782 GB, temp_buffer_size=1.876 GB, available_memory=64.000 GB, comm_cost=0.696)
Using pre computed peak Mem for (5, 9, 3, 0), module 0
result[(5, 9, 3, 0), 0] = ModuleProfileResult(compute_cost=1551.183, peak_memory=10.500 GB, invar_size=2.204 GB, outvar_size=7.448 GB, temp_buffer_size=0.847 GB, available_memory=64.000 GB, comm_cost=1.215)
Using pre computed peak Mem for (5, 9, 3, 0), module 1
result[(5, 9, 3, 0), 1] = ModuleProfileResult(compute_cost=1135.852, peak_memory=12.250 GB, invar_size=9.559 GB, outvar_size=2.204 GB, temp_buffer_size=2.597 GB, available_memory=64.000 GB, comm_cost=1.368)
Using pre computed peak Mem for (5, 9, 3, 1), module 0
result[(5, 9, 3, 1), 0] = ModuleProfileResult(compute_cost=1551.183, peak_memory=10.500 GB, invar_size=2.204 GB, outvar_size=7.695 GB, temp_buffer_size=0.601 GB, available_memory=64.000 GB, comm_cost=1.215)
Using pre computed peak Mem for (5, 9, 3, 1), module 1
result[(5, 9, 3, 1), 1] = ModuleProfileResult(compute_cost=1135.063, peak_memory=12.250 GB, invar_size=9.805 GB, outvar_size=2.204 GB, temp_buffer_size=2.351 GB, available_memory=64.000 GB, comm_cost=0.570)
Using pre computed peak Mem for (5, 10, 3, 0), module 0
result[(5, 10, 3, 0), 0] = ModuleProfileResult(compute_cost=1861.413, peak_memory=12.600 GB, invar_size=2.626 GB, outvar_size=8.878 GB, temp_buffer_size=1.095 GB, available_memory=64.000 GB, comm_cost=1.458)
Using pre computed peak Mem for (5, 10, 3, 0), module 1
result[(5, 10, 3, 0), 1] = ModuleProfileResult(compute_cost=1363.023, peak_memory=14.700 GB, invar_size=11.411 GB, outvar_size=2.626 GB, temp_buffer_size=3.195 GB, available_memory=64.000 GB, comm_cost=1.642)
Using pre computed peak Mem for (5, 10, 3, 1), module 0
result[(5, 10, 3, 1), 0] = ModuleProfileResult(compute_cost=1861.413, peak_memory=12.600 GB, invar_size=2.626 GB, outvar_size=9.042 GB, temp_buffer_size=0.931 GB, available_memory=64.000 GB, comm_cost=1.458)
Using pre computed peak Mem for (5, 10, 3, 1), module 1
result[(5, 10, 3, 1), 1] = ModuleProfileResult(compute_cost=1362.233, peak_memory=14.700 GB, invar_size=11.575 GB, outvar_size=2.626 GB, temp_buffer_size=3.031 GB, available_memory=64.000 GB, comm_cost=0.844)
Using pre computed peak Mem for (5, 11, 3, 0), module 0
result[(5, 11, 3, 0), 0] = ModuleProfileResult(compute_cost=1897.667, peak_memory=14.700 GB, invar_size=3.051 GB, outvar_size=10.048 GB, temp_buffer_size=1.601 GB, available_memory=64.000 GB, comm_cost=1.479)
Using pre computed peak Mem for (5, 11, 3, 0), module 1
result[(5, 11, 3, 0), 1] = ModuleProfileResult(compute_cost=1545.020, peak_memory=17.150 GB, invar_size=13.005 GB, outvar_size=3.051 GB, temp_buffer_size=4.051 GB, available_memory=64.000 GB, comm_cost=1.864)
Using pre computed peak Mem for (5, 11, 3, 1), module 0
result[(5, 11, 3, 1), 0] = ModuleProfileResult(compute_cost=1897.667, peak_memory=14.700 GB, invar_size=3.051 GB, outvar_size=10.089 GB, temp_buffer_size=1.560 GB, available_memory=64.000 GB, comm_cost=1.479)
Using pre computed peak Mem for (5, 11, 3, 1), module 1
result[(5, 11, 3, 1), 1] = ModuleProfileResult(compute_cost=1544.627, peak_memory=17.150 GB, invar_size=13.046 GB, outvar_size=3.051 GB, temp_buffer_size=4.010 GB, available_memory=64.000 GB, comm_cost=1.466)
Using pre computed peak Mem for (6, 6, 3, 0), module 0
result[(6, 6, 3, 0), 0] = ModuleProfileResult(compute_cost=310.262, peak_memory=2.100 GB, invar_size=0.516 GB, outvar_size=1.606 GB, temp_buffer_size=-0.022 GB, available_memory=64.000 GB, comm_cost=0.243)
Using pre computed peak Mem for (6, 6, 3, 0), module 1
result[(6, 6, 3, 0), 1] = ModuleProfileResult(compute_cost=227.170, peak_memory=2.450 GB, invar_size=2.028 GB, outvar_size=0.516 GB, temp_buffer_size=0.328 GB, available_memory=64.000 GB, comm_cost=0.274)
Using pre computed peak Mem for (6, 6, 3, 1), module 0
result[(6, 6, 3, 1), 0] = ModuleProfileResult(compute_cost=310.262, peak_memory=2.100 GB, invar_size=0.516 GB, outvar_size=1.647 GB, temp_buffer_size=-0.063 GB, available_memory=64.000 GB, comm_cost=0.243)
result[(6, 6, 3, 1), 1] = ModuleProfileResult(compute_cost=226.973, peak_memory=2.450 GB, invar_size=2.069 GB, outvar_size=0.516 GB, temp_buffer_size=0.287 GB, available_memory=64.000 GB, comm_cost=0.074)
Using pre computed peak Mem for (6, 7, 3, 0), module 0
result[(6, 7, 3, 0), 0] = ModuleProfileResult(compute_cost=620.492, peak_memory=4.200 GB, invar_size=0.938 GB, outvar_size=2.995 GB, temp_buffer_size=0.267 GB, available_memory=64.000 GB, comm_cost=0.486)
Using pre computed peak Mem for (6, 7, 3, 0), module 1
result[(6, 7, 3, 0), 1] = ModuleProfileResult(compute_cost=454.341, peak_memory=4.900 GB, invar_size=3.839 GB, outvar_size=0.938 GB, temp_buffer_size=0.967 GB, available_memory=64.000 GB, comm_cost=0.547)
Using pre computed peak Mem for (6, 7, 3, 1), module 0
result[(6, 7, 3, 1), 0] = ModuleProfileResult(compute_cost=620.492, peak_memory=4.200 GB, invar_size=0.938 GB, outvar_size=3.200 GB, temp_buffer_size=0.062 GB, available_memory=64.000 GB, comm_cost=0.486)
result[(6, 7, 3, 1), 1] = ModuleProfileResult(compute_cost=453.946, peak_memory=4.612 GB, invar_size=4.044 GB, outvar_size=0.938 GB, temp_buffer_size=0.475 GB, available_memory=64.000 GB, comm_cost=0.148)
Using pre computed peak Mem for (6, 8, 3, 0), module 0
result[(6, 8, 3, 0), 0] = ModuleProfileResult(compute_cost=930.722, peak_memory=6.300 GB, invar_size=1.360 GB, outvar_size=4.630 GB, temp_buffer_size=0.310 GB, available_memory=64.000 GB, comm_cost=0.729)
Using pre computed peak Mem for (6, 8, 3, 0), module 1
result[(6, 8, 3, 0), 1] = ModuleProfileResult(compute_cost=681.511, peak_memory=7.350 GB, invar_size=5.896 GB, outvar_size=1.360 GB, temp_buffer_size=1.360 GB, available_memory=64.000 GB, comm_cost=0.821)
Using pre computed peak Mem for (6, 8, 3, 1), module 0
result[(6, 8, 3, 1), 0] = ModuleProfileResult(compute_cost=930.722, peak_memory=6.300 GB, invar_size=1.360 GB, outvar_size=4.630 GB, temp_buffer_size=0.310 GB, available_memory=64.000 GB, comm_cost=0.729)
Using pre computed peak Mem for (6, 8, 3, 1), module 1
result[(6, 8, 3, 1), 1] = ModuleProfileResult(compute_cost=681.317, peak_memory=7.350 GB, invar_size=5.896 GB, outvar_size=1.360 GB, temp_buffer_size=1.360 GB, available_memory=64.000 GB, comm_cost=0.622)
Using pre computed peak Mem for (6, 9, 3, 0), module 0
result[(6, 9, 3, 0), 0] = ModuleProfileResult(compute_cost=1240.953, peak_memory=8.400 GB, invar_size=1.782 GB, outvar_size=5.937 GB, temp_buffer_size=0.681 GB, available_memory=64.000 GB, comm_cost=0.972)
Using pre computed peak Mem for (6, 9, 3, 0), module 1
result[(6, 9, 3, 0), 1] = ModuleProfileResult(compute_cost=908.682, peak_memory=9.800 GB, invar_size=7.625 GB, outvar_size=1.782 GB, temp_buffer_size=2.081 GB, available_memory=64.000 GB, comm_cost=1.095)
Using pre computed peak Mem for (6, 9, 3, 1), module 0
result[(6, 9, 3, 1), 0] = ModuleProfileResult(compute_cost=1240.953, peak_memory=8.400 GB, invar_size=1.782 GB, outvar_size=6.142 GB, temp_buffer_size=0.476 GB, available_memory=64.000 GB, comm_cost=0.972)
Using pre computed peak Mem for (6, 9, 3, 1), module 1
result[(6, 9, 3, 1), 1] = ModuleProfileResult(compute_cost=908.090, peak_memory=9.800 GB, invar_size=7.830 GB, outvar_size=1.782 GB, temp_buffer_size=1.876 GB, available_memory=64.000 GB, comm_cost=0.496)
Using pre computed peak Mem for (6, 10, 3, 0), module 0
result[(6, 10, 3, 0), 0] = ModuleProfileResult(compute_cost=1551.183, peak_memory=10.500 GB, invar_size=2.204 GB, outvar_size=7.448 GB, temp_buffer_size=0.847 GB, available_memory=64.000 GB, comm_cost=1.215)
Using pre computed peak Mem for (6, 10, 3, 0), module 1
result[(6, 10, 3, 0), 1] = ModuleProfileResult(compute_cost=1135.852, peak_memory=12.250 GB, invar_size=9.559 GB, outvar_size=2.204 GB, temp_buffer_size=2.597 GB, available_memory=64.000 GB, comm_cost=1.368)
Using pre computed peak Mem for (6, 10, 3, 1), module 0
result[(6, 10, 3, 1), 0] = ModuleProfileResult(compute_cost=1551.183, peak_memory=10.500 GB, invar_size=2.204 GB, outvar_size=7.654 GB, temp_buffer_size=0.642 GB, available_memory=64.000 GB, comm_cost=1.215)
Using pre computed peak Mem for (6, 10, 3, 1), module 1
result[(6, 10, 3, 1), 1] = ModuleProfileResult(compute_cost=1135.263, peak_memory=12.250 GB, invar_size=9.764 GB, outvar_size=2.204 GB, temp_buffer_size=2.392 GB, available_memory=64.000 GB, comm_cost=0.770)
Using pre computed peak Mem for (6, 11, 3, 0), module 0
result[(6, 11, 3, 0), 0] = ModuleProfileResult(compute_cost=1587.437, peak_memory=12.600 GB, invar_size=2.629 GB, outvar_size=8.495 GB, temp_buffer_size=1.476 GB, available_memory=64.000 GB, comm_cost=1.236)
Using pre computed peak Mem for (6, 11, 3, 0), module 1
result[(6, 11, 3, 0), 1] = ModuleProfileResult(compute_cost=1317.850, peak_memory=14.700 GB, invar_size=11.030 GB, outvar_size=2.629 GB, temp_buffer_size=3.576 GB, available_memory=64.000 GB, comm_cost=1.591)
Using pre computed peak Mem for (6, 11, 3, 1), module 0
result[(6, 11, 3, 1), 0] = ModuleProfileResult(compute_cost=1587.437, peak_memory=12.600 GB, invar_size=2.629 GB, outvar_size=8.659 GB, temp_buffer_size=1.312 GB, available_memory=64.000 GB, comm_cost=1.236)
Using pre computed peak Mem for (6, 11, 3, 1), module 1
result[(6, 11, 3, 1), 1] = ModuleProfileResult(compute_cost=1317.659, peak_memory=14.700 GB, invar_size=11.194 GB, outvar_size=2.629 GB, temp_buffer_size=3.412 GB, available_memory=64.000 GB, comm_cost=1.393)
Using pre computed peak Mem for (7, 7, 3, 0), module 0
result[(7, 7, 3, 0), 0] = ModuleProfileResult(compute_cost=310.262, peak_memory=2.100 GB, invar_size=0.516 GB, outvar_size=1.606 GB, temp_buffer_size=-0.022 GB, available_memory=64.000 GB, comm_cost=0.243)
Using pre computed peak Mem for (7, 7, 3, 0), module 1
result[(7, 7, 3, 0), 1] = ModuleProfileResult(compute_cost=227.170, peak_memory=2.450 GB, invar_size=2.028 GB, outvar_size=0.516 GB, temp_buffer_size=0.328 GB, available_memory=64.000 GB, comm_cost=0.274)
Using pre computed peak Mem for (7, 7, 3, 1), module 0
result[(7, 7, 3, 1), 0] = ModuleProfileResult(compute_cost=310.262, peak_memory=2.100 GB, invar_size=0.516 GB, outvar_size=1.647 GB, temp_buffer_size=-0.063 GB, available_memory=64.000 GB, comm_cost=0.243)
result[(7, 7, 3, 1), 1] = ModuleProfileResult(compute_cost=226.973, peak_memory=2.450 GB, invar_size=2.069 GB, outvar_size=0.516 GB, temp_buffer_size=0.287 GB, available_memory=64.000 GB, comm_cost=0.074)
Using pre computed peak Mem for (7, 8, 3, 0), module 0
result[(7, 8, 3, 0), 0] = ModuleProfileResult(compute_cost=620.492, peak_memory=4.200 GB, invar_size=0.938 GB, outvar_size=3.036 GB, temp_buffer_size=0.226 GB, available_memory=64.000 GB, comm_cost=0.486)
Using pre computed peak Mem for (7, 8, 3, 0), module 1
result[(7, 8, 3, 0), 1] = ModuleProfileResult(compute_cost=454.341, peak_memory=4.900 GB, invar_size=3.880 GB, outvar_size=0.938 GB, temp_buffer_size=0.926 GB, available_memory=64.000 GB, comm_cost=0.547)
Using pre computed peak Mem for (7, 8, 3, 1), module 0
result[(7, 8, 3, 1), 0] = ModuleProfileResult(compute_cost=620.492, peak_memory=4.200 GB, invar_size=0.938 GB, outvar_size=3.118 GB, temp_buffer_size=0.144 GB, available_memory=64.000 GB, comm_cost=0.486)
result[(7, 8, 3, 1), 1] = ModuleProfileResult(compute_cost=453.945, peak_memory=4.530 GB, invar_size=3.962 GB, outvar_size=0.938 GB, temp_buffer_size=0.475 GB, available_memory=64.000 GB, comm_cost=0.148)
Using pre computed peak Mem for (7, 9, 3, 0), module 0
result[(7, 9, 3, 0), 0] = ModuleProfileResult(compute_cost=930.722, peak_memory=6.300 GB, invar_size=1.360 GB, outvar_size=4.548 GB, temp_buffer_size=0.392 GB, available_memory=64.000 GB, comm_cost=0.729)
Using pre computed peak Mem for (7, 9, 3, 0), module 1
result[(7, 9, 3, 0), 1] = ModuleProfileResult(compute_cost=681.511, peak_memory=7.350 GB, invar_size=5.814 GB, outvar_size=1.360 GB, temp_buffer_size=1.442 GB, available_memory=64.000 GB, comm_cost=0.821)
Using pre computed peak Mem for (7, 9, 3, 1), module 0
result[(7, 9, 3, 1), 0] = ModuleProfileResult(compute_cost=930.722, peak_memory=6.300 GB, invar_size=1.360 GB, outvar_size=4.630 GB, temp_buffer_size=0.310 GB, available_memory=64.000 GB, comm_cost=0.729)
result[(7, 9, 3, 1), 1] = ModuleProfileResult(compute_cost=680.918, peak_memory=6.740 GB, invar_size=5.896 GB, outvar_size=1.360 GB, temp_buffer_size=0.750 GB, available_memory=64.000 GB, comm_cost=0.222)
Using pre computed peak Mem for (7, 10, 3, 0), module 0
result[(7, 10, 3, 0), 0] = ModuleProfileResult(compute_cost=1240.953, peak_memory=8.400 GB, invar_size=1.782 GB, outvar_size=5.978 GB, temp_buffer_size=0.640 GB, available_memory=64.000 GB, comm_cost=0.972)
Using pre computed peak Mem for (7, 10, 3, 0), module 1
result[(7, 10, 3, 0), 1] = ModuleProfileResult(compute_cost=908.682, peak_memory=9.800 GB, invar_size=7.666 GB, outvar_size=1.782 GB, temp_buffer_size=2.040 GB, available_memory=64.000 GB, comm_cost=1.095)
Using pre computed peak Mem for (7, 10, 3, 1), module 0
result[(7, 10, 3, 1), 0] = ModuleProfileResult(compute_cost=1240.953, peak_memory=8.400 GB, invar_size=1.782 GB, outvar_size=5.978 GB, temp_buffer_size=0.640 GB, available_memory=64.000 GB, comm_cost=0.972)
Using pre computed peak Mem for (7, 10, 3, 1), module 1
result[(7, 10, 3, 1), 1] = ModuleProfileResult(compute_cost=908.484, peak_memory=9.800 GB, invar_size=7.666 GB, outvar_size=1.782 GB, temp_buffer_size=2.040 GB, available_memory=64.000 GB, comm_cost=0.895)
Using pre computed peak Mem for (7, 11, 3, 0), module 0
result[(7, 11, 3, 0), 0] = ModuleProfileResult(compute_cost=1277.206, peak_memory=10.500 GB, invar_size=2.207 GB, outvar_size=7.065 GB, temp_buffer_size=1.228 GB, available_memory=64.000 GB, comm_cost=0.993)
Using pre computed peak Mem for (7, 11, 3, 0), module 1
result[(7, 11, 3, 0), 1] = ModuleProfileResult(compute_cost=1090.680, peak_memory=12.250 GB, invar_size=9.178 GB, outvar_size=2.207 GB, temp_buffer_size=2.978 GB, available_memory=64.000 GB, comm_cost=1.317)
Using pre computed peak Mem for (7, 11, 3, 1), module 0
result[(7, 11, 3, 1), 0] = ModuleProfileResult(compute_cost=1277.206, peak_memory=10.500 GB, invar_size=2.207 GB, outvar_size=7.270 GB, temp_buffer_size=1.023 GB, available_memory=64.000 GB, comm_cost=0.993)
Using pre computed peak Mem for (7, 11, 3, 1), module 1
result[(7, 11, 3, 1), 1] = ModuleProfileResult(compute_cost=1090.285, peak_memory=12.250 GB, invar_size=9.383 GB, outvar_size=2.207 GB, temp_buffer_size=2.773 GB, available_memory=64.000 GB, comm_cost=0.918)
Using pre computed peak Mem for (8, 8, 3, 0), module 0
result[(8, 8, 3, 0), 0] = ModuleProfileResult(compute_cost=310.262, peak_memory=2.100 GB, invar_size=0.516 GB, outvar_size=1.606 GB, temp_buffer_size=-0.022 GB, available_memory=64.000 GB, comm_cost=0.243)
Using pre computed peak Mem for (8, 8, 3, 0), module 1
result[(8, 8, 3, 0), 1] = ModuleProfileResult(compute_cost=227.170, peak_memory=2.450 GB, invar_size=2.028 GB, outvar_size=0.516 GB, temp_buffer_size=0.328 GB, available_memory=64.000 GB, comm_cost=0.274)
Using pre computed peak Mem for (8, 8, 3, 1), module 0
result[(8, 8, 3, 1), 0] = ModuleProfileResult(compute_cost=310.262, peak_memory=2.100 GB, invar_size=0.516 GB, outvar_size=1.647 GB, temp_buffer_size=-0.063 GB, available_memory=64.000 GB, comm_cost=0.243)
result[(8, 8, 3, 1), 1] = ModuleProfileResult(compute_cost=226.973, peak_memory=2.450 GB, invar_size=2.069 GB, outvar_size=0.516 GB, temp_buffer_size=0.287 GB, available_memory=64.000 GB, comm_cost=0.074)
Using pre computed peak Mem for (8, 9, 3, 0), module 0
result[(8, 9, 3, 0), 0] = ModuleProfileResult(compute_cost=620.492, peak_memory=4.200 GB, invar_size=0.938 GB, outvar_size=3.036 GB, temp_buffer_size=0.226 GB, available_memory=64.000 GB, comm_cost=0.486)
Using pre computed peak Mem for (8, 9, 3, 0), module 1
result[(8, 9, 3, 0), 1] = ModuleProfileResult(compute_cost=454.341, peak_memory=4.900 GB, invar_size=3.880 GB, outvar_size=0.938 GB, temp_buffer_size=0.926 GB, available_memory=64.000 GB, comm_cost=0.547)
Using pre computed peak Mem for (8, 9, 3, 1), module 0
result[(8, 9, 3, 1), 0] = ModuleProfileResult(compute_cost=620.492, peak_memory=4.200 GB, invar_size=0.938 GB, outvar_size=3.159 GB, temp_buffer_size=0.103 GB, available_memory=64.000 GB, comm_cost=0.486)
Using pre computed peak Mem for (8, 9, 3, 1), module 1
result[(8, 9, 3, 1), 1] = ModuleProfileResult(compute_cost=454.344, peak_memory=4.900 GB, invar_size=4.003 GB, outvar_size=0.938 GB, temp_buffer_size=0.803 GB, available_memory=64.000 GB, comm_cost=0.548)
Using pre computed peak Mem for (8, 10, 3, 0), module 0
result[(8, 10, 3, 0), 0] = ModuleProfileResult(compute_cost=930.722, peak_memory=6.300 GB, invar_size=1.360 GB, outvar_size=4.589 GB, temp_buffer_size=0.351 GB, available_memory=64.000 GB, comm_cost=0.729)
Using pre computed peak Mem for (8, 10, 3, 0), module 1
result[(8, 10, 3, 0), 1] = ModuleProfileResult(compute_cost=681.511, peak_memory=7.350 GB, invar_size=5.855 GB, outvar_size=1.360 GB, temp_buffer_size=1.401 GB, available_memory=64.000 GB, comm_cost=0.821)
Using pre computed peak Mem for (8, 10, 3, 1), module 0
result[(8, 10, 3, 1), 0] = ModuleProfileResult(compute_cost=930.722, peak_memory=6.300 GB, invar_size=1.360 GB, outvar_size=4.671 GB, temp_buffer_size=0.269 GB, available_memory=64.000 GB, comm_cost=0.729)
result[(8, 10, 3, 1), 1] = ModuleProfileResult(compute_cost=680.919, peak_memory=6.781 GB, invar_size=5.937 GB, outvar_size=1.360 GB, temp_buffer_size=0.750 GB, available_memory=64.000 GB, comm_cost=0.222)
Using pre computed peak Mem for (8, 11, 3, 0), module 0
result[(8, 11, 3, 0), 0] = ModuleProfileResult(compute_cost=966.976, peak_memory=8.400 GB, invar_size=1.785 GB, outvar_size=5.635 GB, temp_buffer_size=0.980 GB, available_memory=64.000 GB, comm_cost=0.750)
Using pre computed peak Mem for (8, 11, 3, 0), module 1
result[(8, 11, 3, 0), 1] = ModuleProfileResult(compute_cost=863.509, peak_memory=9.800 GB, invar_size=7.326 GB, outvar_size=1.785 GB, temp_buffer_size=2.380 GB, available_memory=64.000 GB, comm_cost=1.043)
Using pre computed peak Mem for (8, 11, 3, 1), module 0
result[(8, 11, 3, 1), 0] = ModuleProfileResult(compute_cost=966.976, peak_memory=8.400 GB, invar_size=1.785 GB, outvar_size=5.799 GB, temp_buffer_size=0.816 GB, available_memory=64.000 GB, comm_cost=0.750)
Using pre computed peak Mem for (8, 11, 3, 1), module 1
result[(8, 11, 3, 1), 1] = ModuleProfileResult(compute_cost=863.116, peak_memory=9.800 GB, invar_size=7.490 GB, outvar_size=1.785 GB, temp_buffer_size=2.216 GB, available_memory=64.000 GB, comm_cost=0.645)
Using pre computed peak Mem for (9, 9, 3, 0), module 0
result[(9, 9, 3, 0), 0] = ModuleProfileResult(compute_cost=310.262, peak_memory=2.100 GB, invar_size=0.516 GB, outvar_size=1.565 GB, temp_buffer_size=0.019 GB, available_memory=64.000 GB, comm_cost=0.243)
Using pre computed peak Mem for (9, 9, 3, 0), module 1
result[(9, 9, 3, 0), 1] = ModuleProfileResult(compute_cost=227.170, peak_memory=2.450 GB, invar_size=1.987 GB, outvar_size=0.516 GB, temp_buffer_size=0.369 GB, available_memory=64.000 GB, comm_cost=0.274)
Using pre computed peak Mem for (9, 9, 3, 1), module 0
result[(9, 9, 3, 1), 0] = ModuleProfileResult(compute_cost=310.262, peak_memory=2.100 GB, invar_size=0.516 GB, outvar_size=1.647 GB, temp_buffer_size=-0.063 GB, available_memory=64.000 GB, comm_cost=0.243)
result[(9, 9, 3, 1), 1] = ModuleProfileResult(compute_cost=226.973, peak_memory=2.450 GB, invar_size=2.069 GB, outvar_size=0.516 GB, temp_buffer_size=0.287 GB, available_memory=64.000 GB, comm_cost=0.074)
Using pre computed peak Mem for (9, 10, 3, 0), module 0
result[(9, 10, 3, 0), 0] = ModuleProfileResult(compute_cost=620.492, peak_memory=4.200 GB, invar_size=0.938 GB, outvar_size=3.036 GB, temp_buffer_size=0.226 GB, available_memory=64.000 GB, comm_cost=0.486)
Using pre computed peak Mem for (9, 10, 3, 0), module 1
result[(9, 10, 3, 0), 1] = ModuleProfileResult(compute_cost=454.341, peak_memory=4.900 GB, invar_size=3.880 GB, outvar_size=0.938 GB, temp_buffer_size=0.926 GB, available_memory=64.000 GB, comm_cost=0.547)
Using pre computed peak Mem for (9, 10, 3, 1), module 0
result[(9, 10, 3, 1), 0] = ModuleProfileResult(compute_cost=620.492, peak_memory=4.200 GB, invar_size=0.938 GB, outvar_size=3.077 GB, temp_buffer_size=0.185 GB, available_memory=64.000 GB, comm_cost=0.486)
Using pre computed peak Mem for (9, 10, 3, 1), module 1
result[(9, 10, 3, 1), 1] = ModuleProfileResult(compute_cost=454.342, peak_memory=4.900 GB, invar_size=3.921 GB, outvar_size=0.938 GB, temp_buffer_size=0.885 GB, available_memory=64.000 GB, comm_cost=0.548)
Using pre computed peak Mem for (9, 11, 3, 0), module 0
result[(9, 11, 3, 0), 0] = ModuleProfileResult(compute_cost=656.746, peak_memory=6.300 GB, invar_size=1.363 GB, outvar_size=4.164 GB, temp_buffer_size=0.773 GB, available_memory=64.000 GB, comm_cost=0.507)
Using pre computed peak Mem for (9, 11, 3, 0), module 1
result[(9, 11, 3, 0), 1] = ModuleProfileResult(compute_cost=636.339, peak_memory=7.350 GB, invar_size=5.433 GB, outvar_size=1.363 GB, temp_buffer_size=1.823 GB, available_memory=64.000 GB, comm_cost=0.770)
Using pre computed peak Mem for (9, 11, 3, 1), module 0
result[(9, 11, 3, 1), 0] = ModuleProfileResult(compute_cost=656.746, peak_memory=6.300 GB, invar_size=1.363 GB, outvar_size=4.205 GB, temp_buffer_size=0.732 GB, available_memory=64.000 GB, comm_cost=0.507)
Using pre computed peak Mem for (9, 11, 3, 1), module 1
result[(9, 11, 3, 1), 1] = ModuleProfileResult(compute_cost=636.342, peak_memory=7.350 GB, invar_size=5.474 GB, outvar_size=1.363 GB, temp_buffer_size=1.782 GB, available_memory=64.000 GB, comm_cost=0.770)
Using pre computed peak Mem for (10, 10, 3, 0), module 0
result[(10, 10, 3, 0), 0] = ModuleProfileResult(compute_cost=310.262, peak_memory=2.100 GB, invar_size=0.516 GB, outvar_size=1.606 GB, temp_buffer_size=-0.022 GB, available_memory=64.000 GB, comm_cost=0.243)
Using pre computed peak Mem for (10, 10, 3, 0), module 1
result[(10, 10, 3, 0), 1] = ModuleProfileResult(compute_cost=227.170, peak_memory=2.450 GB, invar_size=2.028 GB, outvar_size=0.516 GB, temp_buffer_size=0.328 GB, available_memory=64.000 GB, comm_cost=0.274)
Using pre computed peak Mem for (10, 10, 3, 1), module 0
result[(10, 10, 3, 1), 0] = ModuleProfileResult(compute_cost=310.262, peak_memory=2.100 GB, invar_size=0.516 GB, outvar_size=1.606 GB, temp_buffer_size=-0.022 GB, available_memory=64.000 GB, comm_cost=0.243)
Using pre computed peak Mem for (10, 10, 3, 1), module 1
result[(10, 10, 3, 1), 1] = ModuleProfileResult(compute_cost=227.172, peak_memory=2.450 GB, invar_size=2.028 GB, outvar_size=0.516 GB, temp_buffer_size=0.328 GB, available_memory=64.000 GB, comm_cost=0.274)
Using pre computed peak Mem for (10, 11, 3, 0), module 0
result[(10, 11, 3, 0), 0] = ModuleProfileResult(compute_cost=346.515, peak_memory=4.200 GB, invar_size=0.941 GB, outvar_size=2.734 GB, temp_buffer_size=0.525 GB, available_memory=64.000 GB, comm_cost=0.264)
Using pre computed peak Mem for (10, 11, 3, 0), module 1
result[(10, 11, 3, 0), 1] = ModuleProfileResult(compute_cost=409.168, peak_memory=4.900 GB, invar_size=3.581 GB, outvar_size=0.941 GB, temp_buffer_size=1.225 GB, available_memory=64.000 GB, comm_cost=0.496)
Using pre computed peak Mem for (10, 11, 3, 1), module 0
result[(10, 11, 3, 1), 0] = ModuleProfileResult(compute_cost=346.515, peak_memory=4.200 GB, invar_size=0.941 GB, outvar_size=2.652 GB, temp_buffer_size=0.607 GB, available_memory=64.000 GB, comm_cost=0.264)
Using pre computed peak Mem for (10, 11, 3, 1), module 1
result[(10, 11, 3, 1), 1] = ModuleProfileResult(compute_cost=409.168, peak_memory=4.900 GB, invar_size=3.499 GB, outvar_size=0.941 GB, temp_buffer_size=1.307 GB, available_memory=64.000 GB, comm_cost=0.496)
result[(11, 11, 3, 0), 0] = ModuleProfileResult(compute_cost=36.254, peak_memory=1.741 GB, invar_size=0.519 GB, outvar_size=1.222 GB, temp_buffer_size=0.000 GB, available_memory=64.000 GB, comm_cost=0.021)
Using pre computed peak Mem for (11, 11, 3, 0), module 1
result[(11, 11, 3, 0), 1] = ModuleProfileResult(compute_cost=181.998, peak_memory=2.450 GB, invar_size=1.647 GB, outvar_size=0.519 GB, temp_buffer_size=0.709 GB, available_memory=64.000 GB, comm_cost=0.222)
result[(11, 11, 3, 1), 0] = ModuleProfileResult(compute_cost=36.254, peak_memory=1.741 GB, invar_size=0.519 GB, outvar_size=1.222 GB, temp_buffer_size=0.000 GB, available_memory=64.000 GB, comm_cost=0.021)
Using pre computed peak Mem for (11, 11, 3, 1), module 1
result[(11, 11, 3, 1), 1] = ModuleProfileResult(compute_cost=181.998, peak_memory=2.450 GB, invar_size=1.647 GB, outvar_size=0.519 GB, temp_buffer_size=0.709 GB, available_memory=64.000 GB, comm_cost=0.222)
Profiling for submesh 3 (1, 8) takes 678.25 seconds
--------------------------------------------------
- Profiling for submesh 2 (1, 4):
- Generate all stage infos (Jaxpr -> HLO)
- Compile all stages, get estimations
num of workers:12
[2m[36m(CompileWorker pid=3365733)[0m compiled for stage:0 name: stage_0_0_acc_grad_0 module id: 0
[2m[36m(CompileWorker pid=3365732)[0m compiled for stage:1 name: stage_0_0_acc_grad_0 module id: 0
[2m[36m(CompileWorker pid=3365731)[0m compiled for stage:2 name: stage_0_1_acc_grad_0 module id: 0
[2m[36m(CompileWorker pid=3365730)[0m compiled for stage:3 name: stage_0_1_acc_grad_0 module id: 0
[2m[36m(CompileWorker pid=3365728)[0m compiled for stage:5 name: stage_0_2_acc_grad_0 module id: 0
[2m[36m(CompileWorker pid=3365729)[0m compiled for stage:4 name: stage_0_2_acc_grad_0 module id: 0
[2m[36m(CompileWorker pid=3365726)[0m compiled for stage:7 name: stage_0_3_acc_grad_0 module id: 0
[2m[36m(CompileWorker pid=3365725)[0m compiled for stage:8 name: stage_0_4_acc_grad_0 module id: 0
[2m[36m(CompileWorker pid=3365727)[0m compiled for stage:6 name: stage_0_3_acc_grad_0 module id: 0
[2m[36m(CompileWorker pid=3365723)[0m compiled for stage:10 name: stage_0_5_acc_grad_0 module id: 0
[2m[36m(CompileWorker pid=3365724)[0m compiled for stage:9 name: stage_0_4_acc_grad_0 module id: 0
[2m[36m(CompileWorker pid=3365722)[0m compiled for stage:11 name: stage_0_5_acc_grad_0 module id: 0
[2m[36m(CompileWorker pid=3365731)[0m  tensor (Large latency) dimensions: (1, 2048, 36864, 36864, 1, 1, 1, 1, 1, 1, 0, 0, 'CONV', 1, 1, 0, 0),  latency: 241.54697142857142
[2m[36m(CompileWorker pid=3365732)[0m  tensor (Large latency) dimensions: (1, 2048, 36864, 36864, 1, 1, 1, 1, 1, 1, 0, 0, 'CONV', 1, 1, 0, 0),  latency: 241.54697142857142
[2m[36m(CompileWorker pid=3365730)[0m  tensor (Large latency) dimensions: (1, 2048, 36864, 36864, 1, 1, 1, 1, 1, 1, 0, 0, 'CONV', 1, 1, 0, 0),  latency: 241.54697142857142
[2m[36m(CompileWorker pid=3365729)[0m  tensor (Large latency) dimensions: (1, 2048, 36864, 36864, 1, 1, 1, 1, 1, 1, 0, 0, 'CONV', 1, 1, 0, 0),  latency: 241.54697142857142
[2m[36m(CompileWorker pid=3365733)[0m  tensor (Large latency) dimensions: (1, 2048, 36864, 36864, 1, 1, 1, 1, 1, 1, 0, 0, 'CONV', 1, 1, 0, 0),  latency: 241.54697142857142
[2m[36m(CompileWorker pid=3365728)[0m  tensor (Large latency) dimensions: (1, 2048, 36864, 36864, 1, 1, 1, 1, 1, 1, 0, 0, 'CONV', 1, 1, 0, 0),  latency: 241.54697142857142
[2m[36m(CompileWorker pid=3365727)[0m  tensor (Large latency) dimensions: (1, 2048, 36864, 36864, 1, 1, 1, 1, 1, 1, 0, 0, 'CONV', 1, 1, 0, 0),  latency: 241.54697142857142
[2m[36m(CompileWorker pid=3365726)[0m  tensor (Large latency) dimensions: (1, 2048, 36864, 36864, 1, 1, 1, 1, 1, 1, 0, 0, 'CONV', 1, 1, 0, 0),  latency: 241.54697142857142
[2m[36m(CompileWorker pid=3365725)[0m  tensor (Large latency) dimensions: (1, 2048, 36864, 36864, 1, 1, 1, 1, 1, 1, 0, 0, 'CONV', 1, 1, 0, 0),  latency: 241.54697142857142
[2m[36m(CompileWorker pid=3365723)[0m  tensor (Large latency) dimensions: (1, 2048, 36864, 36864, 1, 1, 1, 1, 1, 1, 0, 0, 'CONV', 1, 1, 0, 0),  latency: 241.54697142857142
[2m[36m(CompileWorker pid=3365732)[0m  tensor (Large latency) dimensions: (1, 2048, 12288, 12288, 1, 1, 1, 1, 1, 1, 0, 0, 'CONV', 1, 1, 0, 0),  latency: 26.58889142857143
[2m[36m(CompileWorker pid=3365731)[0m  tensor (Large latency) dimensions: (1, 2048, 12288, 12288, 1, 1, 1, 1, 1, 1, 0, 0, 'CONV', 1, 1, 0, 0),  latency: 26.58889142857143
[2m[36m(CompileWorker pid=3365730)[0m  tensor (Large latency) dimensions: (1, 2048, 12288, 12288, 1, 1, 1, 1, 1, 1, 0, 0, 'CONV', 1, 1, 0, 0),  latency: 26.58889142857143
[2m[36m(CompileWorker pid=3365733)[0m  tensor (Large latency) dimensions: (1, 2048, 12288, 12288, 1, 1, 1, 1, 1, 1, 0, 0, 'CONV', 1, 1, 0, 0),  latency: 26.58889142857143
[2m[36m(CompileWorker pid=3365729)[0m  tensor (Large latency) dimensions: (1, 2048, 12288, 12288, 1, 1, 1, 1, 1, 1, 0, 0, 'CONV', 1, 1, 0, 0),  latency: 26.58889142857143
[2m[36m(CompileWorker pid=3365728)[0m  tensor (Large latency) dimensions: (1, 2048, 12288, 12288, 1, 1, 1, 1, 1, 1, 0, 0, 'CONV', 1, 1, 0, 0),  latency: 26.58889142857143
[2m[36m(CompileWorker pid=3365726)[0m  tensor (Large latency) dimensions: (1, 2048, 12288, 12288, 1, 1, 1, 1, 1, 1, 0, 0, 'CONV', 1, 1, 0, 0),  latency: 26.58889142857143
[2m[36m(CompileWorker pid=3365727)[0m  tensor (Large latency) dimensions: (1, 2048, 12288, 12288, 1, 1, 1, 1, 1, 1, 0, 0, 'CONV', 1, 1, 0, 0),  latency: 26.58889142857143
[2m[36m(CompileWorker pid=3365725)[0m  tensor (Large latency) dimensions: (1, 2048, 12288, 12288, 1, 1, 1, 1, 1, 1, 0, 0, 'CONV', 1, 1, 0, 0),  latency: 26.58889142857143
[2m[36m(CompileWorker pid=3365732)[0m  tensor (Large latency) dimensions: (1, 2048, 12288, 12288, 1, 1, 1, 1, 1, 1, 0, 0, 'CONV', 1, 1, 0, 0),  latency: 26.58889142857143
[2m[36m(CompileWorker pid=3365732)[0m compiled for stage:1 name: stage_0_0_acc_grad_1 module id: 1
[2m[36m(CompileWorker pid=3365724)[0m  tensor (Large latency) dimensions: (1, 2048, 36864, 36864, 1, 1, 1, 1, 1, 1, 0, 0, 'CONV', 1, 1, 0, 0),  latency: 241.54697142857142
[2m[36m(CompileWorker pid=3365733)[0m  tensor (Large latency) dimensions: (1, 2048, 12288, 12288, 1, 1, 1, 1, 1, 1, 0, 0, 'CONV', 1, 1, 0, 0),  latency: 26.58889142857143
[2m[36m(CompileWorker pid=3365733)[0m compiled for stage:0 name: stage_0_0_acc_grad_1 module id: 1
[2m[36m(CompileWorker pid=3365731)[0m  tensor (Large latency) dimensions: (1, 2048, 12288, 12288, 1, 1, 1, 1, 1, 1, 0, 0, 'CONV', 1, 1, 0, 0),  latency: 26.58889142857143
[2m[36m(CompileWorker pid=3365731)[0m compiled for stage:2 name: stage_0_1_acc_grad_1 module id: 1
[2m[36m(CompileWorker pid=3365728)[0m  tensor (Large latency) dimensions: (1, 2048, 12288, 12288, 1, 1, 1, 1, 1, 1, 0, 0, 'CONV', 1, 1, 0, 0),  latency: 26.58889142857143
[2m[36m(CompileWorker pid=3365730)[0m  tensor (Large latency) dimensions: (1, 2048, 12288, 12288, 1, 1, 1, 1, 1, 1, 0, 0, 'CONV', 1, 1, 0, 0),  latency: 26.58889142857143
[2m[36m(CompileWorker pid=3365728)[0m compiled for stage:5 name: stage_0_2_acc_grad_1 module id: 1
[2m[36m(CompileWorker pid=3365730)[0m compiled for stage:3 name: stage_0_1_acc_grad_1 module id: 1
[2m[36m(CompileWorker pid=3365729)[0m  tensor (Large latency) dimensions: (1, 2048, 12288, 12288, 1, 1, 1, 1, 1, 1, 0, 0, 'CONV', 1, 1, 0, 0),  latency: 26.58889142857143
[2m[36m(CompileWorker pid=3365722)[0m  tensor (Large latency) dimensions: (1, 2048, 36864, 36864, 1, 1, 1, 1, 1, 1, 0, 0, 'CONV', 1, 1, 0, 0),  latency: 241.54697142857142
[2m[36m(CompileWorker pid=3365729)[0m compiled for stage:4 name: stage_0_2_acc_grad_1 module id: 1
[2m[36m(CompileWorker pid=3365723)[0m  tensor (Large latency) dimensions: (1, 2048, 12288, 12288, 1, 1, 1, 1, 1, 1, 0, 0, 'CONV', 1, 1, 0, 0),  latency: 26.58889142857143
[2m[36m(CompileWorker pid=3365726)[0m  tensor (Large latency) dimensions: (1, 2048, 12288, 12288, 1, 1, 1, 1, 1, 1, 0, 0, 'CONV', 1, 1, 0, 0),  latency: 26.58889142857143
[2m[36m(CompileWorker pid=3365726)[0m compiled for stage:7 name: stage_0_3_acc_grad_1 module id: 1
[2m[36m(CompileWorker pid=3365725)[0m  tensor (Large latency) dimensions: (1, 2048, 12288, 12288, 1, 1, 1, 1, 1, 1, 0, 0, 'CONV', 1, 1, 0, 0),  latency: 26.58889142857143
[2m[36m(CompileWorker pid=3365727)[0m  tensor (Large latency) dimensions: (1, 2048, 12288, 12288, 1, 1, 1, 1, 1, 1, 0, 0, 'CONV', 1, 1, 0, 0),  latency: 26.58889142857143
[2m[36m(CompileWorker pid=3365727)[0m compiled for stage:6 name: stage_0_3_acc_grad_1 module id: 1
[2m[36m(CompileWorker pid=3365725)[0m compiled for stage:8 name: stage_0_4_acc_grad_1 module id: 1
[2m[36m(CompileWorker pid=3365723)[0m  tensor (Large latency) dimensions: (1, 2048, 12288, 12288, 1, 1, 1, 1, 1, 1, 0, 0, 'CONV', 1, 1, 0, 0),  latency: 26.58889142857143
[2m[36m(CompileWorker pid=3365723)[0m compiled for stage:10 name: stage_0_5_acc_grad_1 module id: 1
[2m[36m(CompileWorker pid=3365722)[0m  tensor (Large latency) dimensions: (1, 2048, 12288, 12288, 1, 1, 1, 1, 1, 1, 0, 0, 'CONV', 1, 1, 0, 0),  latency: 26.58889142857143
[2m[36m(CompileWorker pid=3365724)[0m  tensor (Large latency) dimensions: (1, 2048, 12288, 12288, 1, 1, 1, 1, 1, 1, 0, 0, 'CONV', 1, 1, 0, 0),  latency: 26.58889142857143
[2m[36m(CompileWorker pid=3365728)[0m  tensor (Large latency) dimensions: (1, 3072, 12288, 12288, 1, 1, 1, 1, 1, 1, 0, 0, 'CONV', 1, 1, 0, 0),  latency: 39.883337142857144
[2m[36m(CompileWorker pid=3365729)[0m  tensor (Large latency) dimensions: (1, 3072, 12288, 12288, 1, 1, 1, 1, 1, 1, 0, 0, 'CONV', 1, 1, 0, 0),  latency: 39.883337142857144
[2m[36m(CompileWorker pid=3365728)[0m  tensor (Large latency) dimensions: (1, 2048, 3072, 3072, 1, 1, 1, 1, 1, 1, 0, 0, 'CONV', 1, 1, 0, 0),  latency: 1.5915885714285714
[2m[36m(CompileWorker pid=3365727)[0m  tensor (Large latency) dimensions: (1, 3072, 12288, 12288, 1, 1, 1, 1, 1, 1, 0, 0, 'CONV', 1, 1, 0, 0),  latency: 39.883337142857144
[2m[36m(CompileWorker pid=3365732)[0m  tensor (Large latency) dimensions: (1, 12288, 12288, 12288, 1, 1, 1, 1, 1, 1, 0, 0, 'CONV', 1, 1, 0, 0),  latency: 159.53334857142858
[2m[36m(CompileWorker pid=3365726)[0m  tensor (Large latency) dimensions: (1, 3072, 12288, 12288, 1, 1, 1, 1, 1, 1, 0, 0, 'CONV', 1, 1, 0, 0),  latency: 39.883337142857144
[2m[36m(CompileWorker pid=3365724)[0m  tensor (Large latency) dimensions: (1, 2048, 12288, 12288, 1, 1, 1, 1, 1, 1, 0, 0, 'CONV', 1, 1, 0, 0),  latency: 26.58889142857143
[2m[36m(CompileWorker pid=3365724)[0m compiled for stage:9 name: stage_0_4_acc_grad_1 module id: 1
[2m[36m(CompileWorker pid=3365729)[0m  tensor (Large latency) dimensions: (1, 2048, 3072, 3072, 1, 1, 1, 1, 1, 1, 0, 0, 'CONV', 1, 1, 0, 0),  latency: 1.5915885714285714
[2m[36m(CompileWorker pid=3365722)[0m  tensor (Large latency) dimensions: (1, 2048, 12288, 12288, 1, 1, 1, 1, 1, 1, 0, 0, 'CONV', 1, 1, 0, 0),  latency: 26.58889142857143
[2m[36m(CompileWorker pid=3365730)[0m  tensor (Large latency) dimensions: (1, 12288, 12288, 12288, 1, 1, 1, 1, 1, 1, 0, 0, 'CONV', 1, 1, 0, 0),  latency: 159.53334857142858
[2m[36m(CompileWorker pid=3365725)[0m  tensor (Large latency) dimensions: (1, 3072, 12288, 12288, 1, 1, 1, 1, 1, 1, 0, 0, 'CONV', 1, 1, 0, 0),  latency: 39.883337142857144
[2m[36m(CompileWorker pid=3365731)[0m  tensor (Large latency) dimensions: (1, 12288, 12288, 12288, 1, 1, 1, 1, 1, 1, 0, 0, 'CONV', 1, 1, 0, 0),  latency: 159.53334857142858
[2m[36m(CompileWorker pid=3365733)[0m  tensor (Large latency) dimensions: (1, 12288, 12288, 12288, 1, 1, 1, 1, 1, 1, 0, 0, 'CONV', 1, 1, 0, 0),  latency: 159.53334857142858
[2m[36m(CompileWorker pid=3365723)[0m  tensor (Large latency) dimensions: (1, 3072, 12288, 12288, 1, 1, 1, 1, 1, 1, 0, 0, 'CONV', 1, 1, 0, 0),  latency: 39.883337142857144
[2m[36m(CompileWorker pid=3365726)[0m  tensor (Large latency) dimensions: (1, 2048, 3072, 3072, 1, 1, 1, 1, 1, 1, 0, 0, 'CONV', 1, 1, 0, 0),  latency: 1.5915885714285714
[2m[36m(CompileWorker pid=3365727)[0m  tensor (Large latency) dimensions: (1, 2048, 3072, 3072, 1, 1, 1, 1, 1, 1, 0, 0, 'CONV', 1, 1, 0, 0),  latency: 1.5915885714285714
[2m[36m(CompileWorker pid=3365725)[0m  tensor (Large latency) dimensions: (1, 2048, 3072, 3072, 1, 1, 1, 1, 1, 1, 0, 0, 'CONV', 1, 1, 0, 0),  latency: 1.5915885714285714
[2m[36m(CompileWorker pid=3365722)[0m  tensor (Large latency) dimensions: (1, 512, 36864, 36864, 1, 1, 1, 1, 1, 1, 0, 0, 'CONV', 1, 1, 0, 0),  latency: 60.386742857142856
[2m[36m(CompileWorker pid=3365722)[0m compiled for stage:11 name: stage_0_5_acc_grad_1 module id: 1
[2m[36m(CompileWorker pid=3365723)[0m  tensor (Large latency) dimensions: (1, 2048, 3072, 3072, 1, 1, 1, 1, 1, 1, 0, 0, 'CONV', 1, 1, 0, 0),  latency: 1.5915885714285714
[2m[36m(CompileWorker pid=3365732)[0m  tensor (Large latency) dimensions: (1, 3072, 12288, 12288, 1, 1, 1, 1, 1, 1, 0, 0, 'CONV', 1, 1, 0, 0),  latency: 39.883337142857144
[2m[36m(CompileWorker pid=3365730)[0m  tensor (Large latency) dimensions: (1, 3072, 12288, 12288, 1, 1, 1, 1, 1, 1, 0, 0, 'CONV', 1, 1, 0, 0),  latency: 39.883337142857144
[2m[36m(CompileWorker pid=3365733)[0m  tensor (Large latency) dimensions: (1, 3072, 12288, 12288, 1, 1, 1, 1, 1, 1, 0, 0, 'CONV', 1, 1, 0, 0),  latency: 39.883337142857144
[2m[36m(CompileWorker pid=3365731)[0m  tensor (Large latency) dimensions: (1, 3072, 12288, 12288, 1, 1, 1, 1, 1, 1, 0, 0, 'CONV', 1, 1, 0, 0),  latency: 39.883337142857144
[2m[36m(CompileWorker pid=3365724)[0m  tensor (Large latency) dimensions: (1, 3072, 12288, 12288, 1, 1, 1, 1, 1, 1, 0, 0, 'CONV', 1, 1, 0, 0),  latency: 39.883337142857144
[2m[36m(CompileWorker pid=3365732)[0m  tensor (Large latency) dimensions: (1, 2048, 3072, 3072, 1, 1, 1, 1, 1, 1, 0, 0, 'CONV', 1, 1, 0, 0),  latency: 1.5915885714285714
[2m[36m(CompileWorker pid=3365730)[0m  tensor (Large latency) dimensions: (1, 2048, 3072, 3072, 1, 1, 1, 1, 1, 1, 0, 0, 'CONV', 1, 1, 0, 0),  latency: 1.5915885714285714
[2m[36m(CompileWorker pid=3365728)[0m  tensor (Large latency) dimensions: (1, 12288, 9216, 9216, 1, 1, 1, 1, 1, 1, 0, 0, 'CONV', 1, 1, 0, 0),  latency: 89.31620571428572
[2m[36m(CompileWorker pid=3365731)[0m  tensor (Large latency) dimensions: (1, 2048, 3072, 3072, 1, 1, 1, 1, 1, 1, 0, 0, 'CONV', 1, 1, 0, 0),  latency: 1.5915885714285714
[2m[36m(CompileWorker pid=3365733)[0m  tensor (Large latency) dimensions: (1, 2048, 3072, 3072, 1, 1, 1, 1, 1, 1, 0, 0, 'CONV', 1, 1, 0, 0),  latency: 1.5915885714285714
[2m[36m(CompileWorker pid=3365729)[0m  tensor (Large latency) dimensions: (1, 12288, 9216, 9216, 1, 1, 1, 1, 1, 1, 0, 0, 'CONV', 1, 1, 0, 0),  latency: 89.31620571428572
[2m[36m(CompileWorker pid=3365724)[0m  tensor (Large latency) dimensions: (1, 2048, 3072, 3072, 1, 1, 1, 1, 1, 1, 0, 0, 'CONV', 1, 1, 0, 0),  latency: 1.5915885714285714
[2m[36m(CompileWorker pid=3365722)[0m  tensor (Large latency) dimensions: (1, 3072, 12288, 12288, 1, 1, 1, 1, 1, 1, 0, 0, 'CONV', 1, 1, 0, 0),  latency: 39.883337142857144
[2m[36m(CompileWorker pid=3365725)[0m  tensor (Large latency) dimensions: (1, 12288, 9216, 9216, 1, 1, 1, 1, 1, 1, 0, 0, 'CONV', 1, 1, 0, 0),  latency: 89.31620571428572
[2m[36m(CompileWorker pid=3365729)[0m  tensor (Large latency) dimensions: (1, 2048, 12288, 12288, 1, 1, 1, 1, 1, 1, 0, 0, 'CONV', 1, 1, 0, 0),  latency: 26.58889142857143
[2m[36m(CompileWorker pid=3365726)[0m  tensor (Large latency) dimensions: (1, 12288, 9216, 9216, 1, 1, 1, 1, 1, 1, 0, 0, 'CONV', 1, 1, 0, 0),  latency: 89.31620571428572
[2m[36m(CompileWorker pid=3365727)[0m  tensor (Large latency) dimensions: (1, 12288, 9216, 9216, 1, 1, 1, 1, 1, 1, 0, 0, 'CONV', 1, 1, 0, 0),  latency: 89.31620571428572
[2m[36m(CompileWorker pid=3365728)[0m  tensor (Large latency) dimensions: (1, 2048, 12288, 12288, 1, 1, 1, 1, 1, 1, 0, 0, 'CONV', 1, 1, 0, 0),  latency: 26.58889142857143
[2m[36m(CompileWorker pid=3365723)[0m  tensor (Large latency) dimensions: (1, 12288, 9216, 9216, 1, 1, 1, 1, 1, 1, 0, 0, 'CONV', 1, 1, 0, 0),  latency: 89.31620571428572
[2m[36m(CompileWorker pid=3365722)[0m  tensor (Large latency) dimensions: (1, 2048, 3072, 3072, 1, 1, 1, 1, 1, 1, 0, 0, 'CONV', 1, 1, 0, 0),  latency: 1.5915885714285714
[2m[36m(CompileWorker pid=3365727)[0m  tensor (Large latency) dimensions: (1, 2048, 12288, 12288, 1, 1, 1, 1, 1, 1, 0, 0, 'CONV', 1, 1, 0, 0),  latency: 26.58889142857143
[2m[36m(CompileWorker pid=3365726)[0m  tensor (Large latency) dimensions: (1, 2048, 12288, 12288, 1, 1, 1, 1, 1, 1, 0, 0, 'CONV', 1, 1, 0, 0),  latency: 26.58889142857143
[2m[36m(CompileWorker pid=3365725)[0m  tensor (Large latency) dimensions: (1, 2048, 12288, 12288, 1, 1, 1, 1, 1, 1, 0, 0, 'CONV', 1, 1, 0, 0),  latency: 26.58889142857143
[2m[36m(CompileWorker pid=3365732)[0m  tensor (Large latency) dimensions: (1, 12288, 9216, 9216, 1, 1, 1, 1, 1, 1, 0, 0, 'CONV', 1, 1, 0, 0),  latency: 89.31620571428572
[2m[36m(CompileWorker pid=3365731)[0m  tensor (Large latency) dimensions: (1, 12288, 9216, 9216, 1, 1, 1, 1, 1, 1, 0, 0, 'CONV', 1, 1, 0, 0),  latency: 89.31620571428572
[2m[36m(CompileWorker pid=3365733)[0m  tensor (Large latency) dimensions: (1, 12288, 9216, 9216, 1, 1, 1, 1, 1, 1, 0, 0, 'CONV', 1, 1, 0, 0),  latency: 89.31620571428572
[2m[36m(CompileWorker pid=3365730)[0m  tensor (Large latency) dimensions: (1, 12288, 9216, 9216, 1, 1, 1, 1, 1, 1, 0, 0, 'CONV', 1, 1, 0, 0),  latency: 89.31620571428572
[2m[36m(CompileWorker pid=3365723)[0m  tensor (Large latency) dimensions: (1, 2048, 12288, 12288, 1, 1, 1, 1, 1, 1, 0, 0, 'CONV', 1, 1, 0, 0),  latency: 26.58889142857143
[2m[36m(CompileWorker pid=3365732)[0m  tensor (Large latency) dimensions: (1, 2048, 12288, 12288, 1, 1, 1, 1, 1, 1, 0, 0, 'CONV', 1, 1, 0, 0),  latency: 26.58889142857143
[2m[36m(CompileWorker pid=3365731)[0m  tensor (Large latency) dimensions: (1, 2048, 12288, 12288, 1, 1, 1, 1, 1, 1, 0, 0, 'CONV', 1, 1, 0, 0),  latency: 26.58889142857143
[2m[36m(CompileWorker pid=3365733)[0m  tensor (Large latency) dimensions: (1, 2048, 12288, 12288, 1, 1, 1, 1, 1, 1, 0, 0, 'CONV', 1, 1, 0, 0),  latency: 26.58889142857143
[2m[36m(CompileWorker pid=3365724)[0m  tensor (Large latency) dimensions: (1, 12288, 9216, 9216, 1, 1, 1, 1, 1, 1, 0, 0, 'CONV', 1, 1, 0, 0),  latency: 89.31620571428572
[2m[36m(CompileWorker pid=3365729)[0m  tensor (Large latency) dimensions: (1, 12288, 12288, 12288, 1, 1, 1, 1, 1, 1, 0, 0, 'CONV', 1, 1, 0, 0),  latency: 159.53334857142858
[2m[36m(CompileWorker pid=3365730)[0m  tensor (Large latency) dimensions: (1, 2048, 12288, 12288, 1, 1, 1, 1, 1, 1, 0, 0, 'CONV', 1, 1, 0, 0),  latency: 26.58889142857143
[2m[36m(CompileWorker pid=3365732)[0m  tensor (Large latency) dimensions: (1, 512, 12288, 12288, 1, 1, 1, 1, 1, 1, 0, 0, 'CONV', 1, 1, 0, 0),  latency: 6.647222857142857
[2m[36m(CompileWorker pid=3365728)[0m  tensor (Large latency) dimensions: (1, 12288, 12288, 12288, 1, 1, 1, 1, 1, 1, 0, 0, 'CONV', 1, 1, 0, 0),  latency: 159.53334857142858
[2m[36m(CompileWorker pid=3365733)[0m  tensor (Large latency) dimensions: (1, 512, 12288, 12288, 1, 1, 1, 1, 1, 1, 0, 0, 'CONV', 1, 1, 0, 0),  latency: 6.647222857142857
[2m[36m(CompileWorker pid=3365731)[0m  tensor (Large latency) dimensions: (1, 512, 12288, 12288, 1, 1, 1, 1, 1, 1, 0, 0, 'CONV', 1, 1, 0, 0),  latency: 6.647222857142857
[2m[36m(CompileWorker pid=3365727)[0m  tensor (Large latency) dimensions: (1, 12288, 12288, 12288, 1, 1, 1, 1, 1, 1, 0, 0, 'CONV', 1, 1, 0, 0),  latency: 159.53334857142858
[2m[36m(CompileWorker pid=3365729)[0m  tensor (Large latency) dimensions: (1, 512, 12288, 12288, 1, 1, 1, 1, 1, 1, 0, 0, 'CONV', 1, 1, 0, 0),  latency: 6.647222857142857
[2m[36m(CompileWorker pid=3365724)[0m  tensor (Large latency) dimensions: (1, 2048, 12288, 12288, 1, 1, 1, 1, 1, 1, 0, 0, 'CONV', 1, 1, 0, 0),  latency: 26.58889142857143
[2m[36m(CompileWorker pid=3365722)[0m  tensor (Large latency) dimensions: (1, 12288, 9216, 9216, 1, 1, 1, 1, 1, 1, 0, 0, 'CONV', 1, 1, 0, 0),  latency: 89.31620571428572
[2m[36m(CompileWorker pid=3365730)[0m  tensor (Large latency) dimensions: (1, 512, 12288, 12288, 1, 1, 1, 1, 1, 1, 0, 0, 'CONV', 1, 1, 0, 0),  latency: 6.647222857142857
[2m[36m(CompileWorker pid=3365725)[0m  tensor (Large latency) dimensions: (1, 12288, 12288, 12288, 1, 1, 1, 1, 1, 1, 0, 0, 'CONV', 1, 1, 0, 0),  latency: 159.53334857142858
[2m[36m(CompileWorker pid=3365726)[0m  tensor (Large latency) dimensions: (1, 12288, 12288, 12288, 1, 1, 1, 1, 1, 1, 0, 0, 'CONV', 1, 1, 0, 0),  latency: 159.53334857142858
[2m[36m(CompileWorker pid=3365727)[0m  tensor (Large latency) dimensions: (1, 512, 12288, 12288, 1, 1, 1, 1, 1, 1, 0, 0, 'CONV', 1, 1, 0, 0),  latency: 6.647222857142857
[2m[36m(CompileWorker pid=3365728)[0m  tensor (Large latency) dimensions: (1, 512, 12288, 12288, 1, 1, 1, 1, 1, 1, 0, 0, 'CONV', 1, 1, 0, 0),  latency: 6.647222857142857
[2m[36m(CompileWorker pid=3365723)[0m  tensor (Large latency) dimensions: (1, 12288, 12288, 12288, 1, 1, 1, 1, 1, 1, 0, 0, 'CONV', 1, 1, 0, 0),  latency: 159.53334857142858
[2m[36m(CompileWorker pid=3365722)[0m  tensor (Large latency) dimensions: (1, 2048, 12288, 12288, 1, 1, 1, 1, 1, 1, 0, 0, 'CONV', 1, 1, 0, 0),  latency: 26.58889142857143
[2m[36m(CompileWorker pid=3365725)[0m  tensor (Large latency) dimensions: (1, 512, 12288, 12288, 1, 1, 1, 1, 1, 1, 0, 0, 'CONV', 1, 1, 0, 0),  latency: 6.647222857142857
[2m[36m(CompileWorker pid=3365726)[0m  tensor (Large latency) dimensions: (1, 512, 12288, 12288, 1, 1, 1, 1, 1, 1, 0, 0, 'CONV', 1, 1, 0, 0),  latency: 6.647222857142857
[2m[36m(CompileWorker pid=3365723)[0m  tensor (Large latency) dimensions: (1, 512, 12288, 12288, 1, 1, 1, 1, 1, 1, 0, 0, 'CONV', 1, 1, 0, 0),  latency: 6.647222857142857
[2m[36m(CompileWorker pid=3365724)[0m  tensor (Large latency) dimensions: (1, 12288, 12288, 12288, 1, 1, 1, 1, 1, 1, 0, 0, 'CONV', 1, 1, 0, 0),  latency: 159.53334857142858
[2m[36m(CompileWorker pid=3365724)[0m  tensor (Large latency) dimensions: (1, 512, 12288, 12288, 1, 1, 1, 1, 1, 1, 0, 0, 'CONV', 1, 1, 0, 0),  latency: 6.647222857142857
[2m[36m(CompileWorker pid=3365733)[0m compiled for stage:14 name: stage_0_7_acc_grad_0 module id: 0
[2m[36m(CompileWorker pid=3365732)[0m compiled for stage:12 name: stage_0_6_acc_grad_0 module id: 0
[2m[36m(CompileWorker pid=3365722)[0m  tensor (Large latency) dimensions: (1, 12288, 12288, 12288, 1, 1, 1, 1, 1, 1, 0, 0, 'CONV', 1, 1, 0, 0),  latency: 159.53334857142858
[2m[36m(CompileWorker pid=3365732)[0m compiled for stage:12 name: stage_0_6_acc_grad_1 module id: 1
[2m[36m(CompileWorker pid=3365733)[0m compiled for stage:14 name: stage_0_7_acc_grad_1 module id: 1
[2m[36m(CompileWorker pid=3365730)[0m compiled for stage:16 name: stage_0_8_acc_grad_0 module id: 0
[2m[36m(CompileWorker pid=3365730)[0m compiled for stage:16 name: stage_0_8_acc_grad_1 module id: 1
[2m[36m(CompileWorker pid=3365732)[0m compiled for stage:24 name: stage_1_1_acc_grad_0 module id: 0
[2m[36m(CompileWorker pid=3365732)[0m compiled for stage:24 name: stage_1_1_acc_grad_1 module id: 1
[2m[36m(CompileWorker pid=3365731)[0m compiled for stage:13 name: stage_0_6_acc_grad_0 module id: 0
[2m[36m(CompileWorker pid=3365731)[0m compiled for stage:13 name: stage_0_6_acc_grad_1 module id: 1
[2m[36m(CompileWorker pid=3365732)[0m compiled for stage:25 name: stage_1_1_acc_grad_0 module id: 0
[2m[36m(CompileWorker pid=3365732)[0m compiled for stage:25 name: stage_1_1_acc_grad_1 module id: 1
[2m[36m(CompileWorker pid=3365722)[0m  tensor (Large latency) dimensions: (1, 12288, 36864, 36864, 1, 1, 1, 1, 1, 1, 0, 0, 'CONV', 1, 1, 0, 0),  latency: 1449.2818285714286
[2m[36m(CompileWorker pid=3365730)[0m compiled for stage:26 name: stage_1_2_acc_grad_0 module id: 0
[2m[36m(CompileWorker pid=3365730)[0m compiled for stage:26 name: stage_1_2_acc_grad_1 module id: 1
[2m[36m(CompileWorker pid=3365732)[0m compiled for stage:27 name: stage_1_2_acc_grad_0 module id: 0
[2m[36m(CompileWorker pid=3365732)[0m compiled for stage:27 name: stage_1_2_acc_grad_1 module id: 1
[2m[36m(CompileWorker pid=3365727)[0m compiled for stage:18 name: stage_0_9_acc_grad_0 module id: 0
[2m[36m(CompileWorker pid=3365729)[0m compiled for stage:15 name: stage_0_7_acc_grad_0 module id: 0
[2m[36m(CompileWorker pid=3365722)[0m  tensor (Large latency) dimensions: (1, 2048, 12288, 12288, 1, 1, 1, 1, 1, 1, 0, 0, 'CONV', 1, 1, 0, 0),  latency: 26.58889142857143
[2m[36m(CompileWorker pid=3365727)[0m compiled for stage:18 name: stage_0_9_acc_grad_1 module id: 1
[2m[36m(CompileWorker pid=3365731)[0m compiled for stage:28 name: stage_1_3_acc_grad_0 module id: 0
[2m[36m(CompileWorker pid=3365728)[0m compiled for stage:17 name: stage_0_8_acc_grad_0 module id: 0
[2m[36m(CompileWorker pid=3365731)[0m compiled for stage:28 name: stage_1_3_acc_grad_1 module id: 1
[2m[36m(CompileWorker pid=3365728)[0m compiled for stage:17 name: stage_0_8_acc_grad_1 module id: 1
[2m[36m(CompileWorker pid=3365722)[0m  tensor (Large latency) dimensions: (1, 512, 12288, 12288, 1, 1, 1, 1, 1, 1, 0, 0, 'CONV', 1, 1, 0, 0),  latency: 6.647222857142857
[2m[36m(CompileWorker pid=3365729)[0m  tensor (Large latency) dimensions: (1, 512, 12288, 12288, 1, 1, 1, 1, 1, 1, 0, 0, 'CONV', 1, 1, 0, 0),  latency: 6.647222857142857
[2m[36m(CompileWorker pid=3365729)[0m compiled for stage:15 name: stage_0_7_acc_grad_1 module id: 1
[2m[36m(CompileWorker pid=3365730)[0m compiled for stage:29 name: stage_1_3_acc_grad_0 module id: 0
[2m[36m(CompileWorker pid=3365730)[0m compiled for stage:29 name: stage_1_3_acc_grad_1 module id: 1
[2m[36m(CompileWorker pid=3365732)[0m compiled for stage:30 name: stage_1_4_acc_grad_0 module id: 0
[2m[36m(CompileWorker pid=3365725)[0m compiled for stage:19 name: stage_0_9_acc_grad_0 module id: 0
[2m[36m(CompileWorker pid=3365732)[0m compiled for stage:30 name: stage_1_4_acc_grad_1 module id: 1
[2m[36m(CompileWorker pid=3365725)[0m compiled for stage:19 name: stage_0_9_acc_grad_1 module id: 1
[2m[36m(CompileWorker pid=3365726)[0m compiled for stage:20 name: stage_0_10_acc_grad_0 module id: 0
[2m[36m(CompileWorker pid=3365726)[0m compiled for stage:20 name: stage_0_10_acc_grad_1 module id: 1
[2m[36m(CompileWorker pid=3365731)[0m compiled for stage:31 name: stage_1_4_acc_grad_0 module id: 0
[2m[36m(CompileWorker pid=3365731)[0m compiled for stage:31 name: stage_1_4_acc_grad_1 module id: 1
[2m[36m(CompileWorker pid=3365722)[0m compiled for stage:32 name: stage_1_5_acc_grad_0 module id: 0
[2m[36m(CompileWorker pid=3365723)[0m compiled for stage:21 name: stage_0_10_acc_grad_0 module id: 0
[2m[36m(CompileWorker pid=3365722)[0m compiled for stage:32 name: stage_1_5_acc_grad_1 module id: 1
[2m[36m(CompileWorker pid=3365723)[0m compiled for stage:21 name: stage_0_10_acc_grad_1 module id: 1
[2m[36m(CompileWorker pid=3365727)[0m  tensor (Large latency) dimensions: (1, 12288, 3072, 3072, 1, 1, 1, 1, 1, 1, 0, 0, 'CONV', 1, 1, 0, 0),  latency: 9.549531428571429
[2m[36m(CompileWorker pid=3365724)[0m compiled for stage:22 name: stage_0_11_acc_grad_0 module id: 0
[2m[36m(CompileWorker pid=3365724)[0m compiled for stage:22 name: stage_0_11_acc_grad_1 module id: 1
[2m[36m(CompileWorker pid=3365730)[0m compiled for stage:34 name: stage_1_6_acc_grad_0 module id: 0
[2m[36m(CompileWorker pid=3365729)[0m  tensor (Large latency) dimensions: (1, 12288, 12288, 12288, 1, 1, 1, 1, 1, 1, 0, 0, 'CONV', 1, 1, 0, 0),  latency: 159.53334857142858
[2m[36m(CompileWorker pid=3365730)[0m compiled for stage:34 name: stage_1_6_acc_grad_1 module id: 1
[2m[36m(CompileWorker pid=3365728)[0m compiled for stage:33 name: stage_1_5_acc_grad_0 module id: 0
[2m[36m(CompileWorker pid=3365733)[0m compiled for stage:23 name: stage_0_11_acc_grad_0 module id: 0
[2m[36m(CompileWorker pid=3365724)[0m  tensor (Large latency) dimensions: (1, 2048, 12288, 12288, 1, 1, 1, 1, 1, 1, 0, 0, 'CONV', 1, 1, 0, 0),  latency: 26.58889142857143
[2m[36m(CompileWorker pid=3365733)[0m compiled for stage:23 name: stage_0_11_acc_grad_1 module id: 1
[2m[36m(CompileWorker pid=3365732)[0m compiled for stage:35 name: stage_1_6_acc_grad_0 module id: 0
[2m[36m(CompileWorker pid=3365732)[0m compiled for stage:35 name: stage_1_6_acc_grad_1 module id: 1
[2m[36m(CompileWorker pid=3365728)[0m  tensor (Large latency) dimensions: (1, 512, 36864, 36864, 1, 1, 1, 1, 1, 1, 0, 0, 'CONV', 1, 1, 0, 0),  latency: 60.386742857142856
[2m[36m(CompileWorker pid=3365728)[0m compiled for stage:33 name: stage_1_5_acc_grad_1 module id: 1
[2m[36m(CompileWorker pid=3365733)[0m  tensor (Large latency) dimensions: (1, 2048, 12288, 12288, 1, 1, 1, 1, 1, 1, 0, 0, 'CONV', 1, 1, 0, 0),  latency: 26.58889142857143
[2m[36m(CompileWorker pid=3365725)[0m compiled for stage:36 name: stage_1_7_acc_grad_0 module id: 0
[2m[36m(CompileWorker pid=3365725)[0m compiled for stage:36 name: stage_1_7_acc_grad_1 module id: 1
[2m[36m(CompileWorker pid=3365733)[0m compiled for stage:46 name: stage_2_2_acc_grad_0 module id: 0
[2m[36m(CompileWorker pid=3365733)[0m compiled for stage:46 name: stage_2_2_acc_grad_1 module id: 1
[2m[36m(CompileWorker pid=3365725)[0m compiled for stage:47 name: stage_2_2_acc_grad_0 module id: 0
[2m[36m(CompileWorker pid=3365725)[0m compiled for stage:47 name: stage_2_2_acc_grad_1 module id: 1
[2m[36m(CompileWorker pid=3365722)[0m compiled for stage:39 name: stage_1_8_acc_grad_0 module id: 0
[2m[36m(CompileWorker pid=3365731)[0m compiled for stage:37 name: stage_1_7_acc_grad_0 module id: 0
[2m[36m(CompileWorker pid=3365733)[0m compiled for stage:48 name: stage_2_3_acc_grad_0 module id: 0
[2m[36m(CompileWorker pid=3365726)[0m compiled for stage:38 name: stage_1_8_acc_grad_0 module id: 0
[2m[36m(CompileWorker pid=3365728)[0m  tensor (Large latency) dimensions: (1, 12288, 36864, 36864, 1, 1, 1, 1, 1, 1, 0, 0, 'CONV', 1, 1, 0, 0),  latency: 1449.2818285714286
[2m[36m(CompileWorker pid=3365733)[0m compiled for stage:48 name: stage_2_3_acc_grad_1 module id: 1
[2m[36m(CompileWorker pid=3365726)[0m compiled for stage:38 name: stage_1_8_acc_grad_1 module id: 1
[2m[36m(CompileWorker pid=3365722)[0m compiled for stage:39 name: stage_1_8_acc_grad_1 module id: 1
[2m[36m(CompileWorker pid=3365731)[0m compiled for stage:37 name: stage_1_7_acc_grad_1 module id: 1
[2m[36m(CompileWorker pid=3365725)[0m compiled for stage:49 name: stage_2_3_acc_grad_0 module id: 0
[2m[36m(CompileWorker pid=3365725)[0m compiled for stage:49 name: stage_2_3_acc_grad_1 module id: 1
[2m[36m(CompileWorker pid=3365727)[0m compiled for stage:40 name: stage_1_9_acc_grad_0 module id: 0
[2m[36m(CompileWorker pid=3365727)[0m compiled for stage:40 name: stage_1_9_acc_grad_1 module id: 1
[2m[36m(CompileWorker pid=3365728)[0m  tensor (Large latency) dimensions: (1, 2048, 12288, 12288, 1, 1, 1, 1, 1, 1, 0, 0, 'CONV', 1, 1, 0, 0),  latency: 26.58889142857143
[2m[36m(CompileWorker pid=3365733)[0m compiled for stage:50 name: stage_2_4_acc_grad_0 module id: 0
[2m[36m(CompileWorker pid=3365733)[0m compiled for stage:50 name: stage_2_4_acc_grad_1 module id: 1
[2m[36m(CompileWorker pid=3365723)[0m compiled for stage:41 name: stage_1_9_acc_grad_0 module id: 0
[2m[36m(CompileWorker pid=3365724)[0m compiled for stage:44 name: stage_1_11_acc_grad_0 module id: 0
[2m[36m(CompileWorker pid=3365722)[0m compiled for stage:52 name: stage_2_5_acc_grad_0 module id: 0
[2m[36m(CompileWorker pid=3365723)[0m compiled for stage:41 name: stage_1_9_acc_grad_1 module id: 1
[2m[36m(CompileWorker pid=3365724)[0m compiled for stage:44 name: stage_1_11_acc_grad_1 module id: 1
[2m[36m(CompileWorker pid=3365726)[0m compiled for stage:51 name: stage_2_4_acc_grad_0 module id: 0
[2m[36m(CompileWorker pid=3365729)[0m compiled for stage:42 name: stage_1_10_acc_grad_0 module id: 0
[2m[36m(CompileWorker pid=3365722)[0m compiled for stage:52 name: stage_2_5_acc_grad_1 module id: 1
[2m[36m(CompileWorker pid=3365726)[0m compiled for stage:51 name: stage_2_4_acc_grad_1 module id: 1
[2m[36m(CompileWorker pid=3365729)[0m compiled for stage:42 name: stage_1_10_acc_grad_1 module id: 1
[2m[36m(CompileWorker pid=3365725)[0m compiled for stage:54 name: stage_2_6_acc_grad_0 module id: 0
[2m[36m(CompileWorker pid=3365725)[0m compiled for stage:54 name: stage_2_6_acc_grad_1 module id: 1
[2m[36m(CompileWorker pid=3365731)[0m compiled for stage:53 name: stage_2_5_acc_grad_0 module id: 0
[2m[36m(CompileWorker pid=3365731)[0m compiled for stage:53 name: stage_2_5_acc_grad_1 module id: 1
[2m[36m(CompileWorker pid=3365728)[0m compiled for stage:55 name: stage_2_6_acc_grad_0 module id: 0
[2m[36m(CompileWorker pid=3365727)[0m compiled for stage:56 name: stage_2_7_acc_grad_0 module id: 0
[2m[36m(CompileWorker pid=3365728)[0m compiled for stage:55 name: stage_2_6_acc_grad_1 module id: 1
[2m[36m(CompileWorker pid=3365727)[0m compiled for stage:56 name: stage_2_7_acc_grad_1 module id: 1
[2m[36m(CompileWorker pid=3365727)[0m compiled for stage:66 name: stage_3_3_acc_grad_0 module id: 0
[2m[36m(CompileWorker pid=3365727)[0m compiled for stage:66 name: stage_3_3_acc_grad_1 module id: 1
[2m[36m(CompileWorker pid=3365730)[0m compiled for stage:43 name: stage_1_10_acc_grad_0 module id: 0
[2m[36m(CompileWorker pid=3365730)[0m compiled for stage:43 name: stage_1_10_acc_grad_1 module id: 1
[2m[36m(CompileWorker pid=3365723)[0m compiled for stage:58 name: stage_2_8_acc_grad_0 module id: 0
[2m[36m(CompileWorker pid=3365723)[0m compiled for stage:58 name: stage_2_8_acc_grad_1 module id: 1
[2m[36m(CompileWorker pid=3365727)[0m compiled for stage:67 name: stage_3_3_acc_grad_0 module id: 0
[2m[36m(CompileWorker pid=3365727)[0m compiled for stage:67 name: stage_3_3_acc_grad_1 module id: 1
[2m[36m(CompileWorker pid=3365733)[0m compiled for stage:57 name: stage_2_7_acc_grad_0 module id: 0
[2m[36m(CompileWorker pid=3365732)[0m compiled for stage:45 name: stage_1_11_acc_grad_0 module id: 0
[2m[36m(CompileWorker pid=3365733)[0m compiled for stage:57 name: stage_2_7_acc_grad_1 module id: 1
[2m[36m(CompileWorker pid=3365732)[0m compiled for stage:45 name: stage_1_11_acc_grad_1 module id: 1
[2m[36m(CompileWorker pid=3365724)[0m compiled for stage:60 name: stage_2_9_acc_grad_0 module id: 0
[2m[36m(CompileWorker pid=3365724)[0m compiled for stage:60 name: stage_2_9_acc_grad_1 module id: 1
[2m[36m(CompileWorker pid=3365730)[0m compiled for stage:68 name: stage_3_4_acc_grad_0 module id: 0
[2m[36m(CompileWorker pid=3365730)[0m compiled for stage:68 name: stage_3_4_acc_grad_1 module id: 1
[2m[36m(CompileWorker pid=3365723)[0m compiled for stage:69 name: stage_3_4_acc_grad_0 module id: 0
[2m[36m(CompileWorker pid=3365723)[0m compiled for stage:69 name: stage_3_4_acc_grad_1 module id: 1
[2m[36m(CompileWorker pid=3365727)[0m compiled for stage:70 name: stage_3_5_acc_grad_0 module id: 0
[2m[36m(CompileWorker pid=3365727)[0m compiled for stage:70 name: stage_3_5_acc_grad_1 module id: 1
[2m[36m(CompileWorker pid=3365722)[0m compiled for stage:61 name: stage_2_9_acc_grad_0 module id: 0
[2m[36m(CompileWorker pid=3365726)[0m compiled for stage:59 name: stage_2_8_acc_grad_0 module id: 0
[2m[36m(CompileWorker pid=3365722)[0m compiled for stage:61 name: stage_2_9_acc_grad_1 module id: 1
[2m[36m(CompileWorker pid=3365726)[0m compiled for stage:59 name: stage_2_8_acc_grad_1 module id: 1
[2m[36m(CompileWorker pid=3365732)[0m  tensor (Large latency) dimensions: (1, 2048, 12288, 12288, 1, 1, 1, 1, 1, 1, 0, 0, 'CONV', 1, 1, 0, 0),  latency: 26.58889142857143
[2m[36m(CompileWorker pid=3365733)[0m compiled for stage:71 name: stage_3_5_acc_grad_0 module id: 0
[2m[36m(CompileWorker pid=3365733)[0m compiled for stage:71 name: stage_3_5_acc_grad_1 module id: 1
[2m[36m(CompileWorker pid=3365729)[0m compiled for stage:62 name: stage_2_10_acc_grad_0 module id: 0
[2m[36m(CompileWorker pid=3365729)[0m compiled for stage:62 name: stage_2_10_acc_grad_1 module id: 1
[2m[36m(CompileWorker pid=3365730)[0m compiled for stage:72 name: stage_3_6_acc_grad_0 module id: 0
[2m[36m(CompileWorker pid=3365730)[0m compiled for stage:72 name: stage_3_6_acc_grad_1 module id: 1
[2m[36m(CompileWorker pid=3365731)[0m compiled for stage:64 name: stage_2_11_acc_grad_0 module id: 0
[2m[36m(CompileWorker pid=3365723)[0m compiled for stage:74 name: stage_3_7_acc_grad_0 module id: 0
[2m[36m(CompileWorker pid=3365724)[0m compiled for stage:73 name: stage_3_6_acc_grad_0 module id: 0
[2m[36m(CompileWorker pid=3365731)[0m compiled for stage:64 name: stage_2_11_acc_grad_1 module id: 1
[2m[36m(CompileWorker pid=3365724)[0m compiled for stage:73 name: stage_3_6_acc_grad_1 module id: 1
[2m[36m(CompileWorker pid=3365723)[0m compiled for stage:74 name: stage_3_7_acc_grad_1 module id: 1
[2m[36m(CompileWorker pid=3365726)[0m compiled for stage:76 name: stage_3_8_acc_grad_0 module id: 0
[2m[36m(CompileWorker pid=3365726)[0m compiled for stage:76 name: stage_3_8_acc_grad_1 module id: 1
[2m[36m(CompileWorker pid=3365727)[0m compiled for stage:75 name: stage_3_7_acc_grad_0 module id: 0
[2m[36m(CompileWorker pid=3365727)[0m compiled for stage:75 name: stage_3_7_acc_grad_1 module id: 1
[2m[36m(CompileWorker pid=3365731)[0m  tensor (Large latency) dimensions: (1, 2048, 12288, 12288, 1, 1, 1, 1, 1, 1, 0, 0, 'CONV', 1, 1, 0, 0),  latency: 26.58889142857143
[2m[36m(CompileWorker pid=3365722)[0m compiled for stage:78 name: stage_3_9_acc_grad_0 module id: 0
[2m[36m(CompileWorker pid=3365725)[0m compiled for stage:63 name: stage_2_10_acc_grad_0 module id: 0
[2m[36m(CompileWorker pid=3365726)[0m compiled for stage:84 name: stage_4_4_acc_grad_0 module id: 0
[2m[36m(CompileWorker pid=3365726)[0m compiled for stage:84 name: stage_4_4_acc_grad_1 module id: 1
[2m[36m(CompileWorker pid=3365722)[0m compiled for stage:78 name: stage_3_9_acc_grad_1 module id: 1
[2m[36m(CompileWorker pid=3365725)[0m compiled for stage:63 name: stage_2_10_acc_grad_1 module id: 1
[2m[36m(CompileWorker pid=3365727)[0m compiled for stage:86 name: stage_4_5_acc_grad_0 module id: 0
[2m[36m(CompileWorker pid=3365731)[0m compiled for stage:85 name: stage_4_4_acc_grad_0 module id: 0
[2m[36m(CompileWorker pid=3365727)[0m compiled for stage:86 name: stage_4_5_acc_grad_1 module id: 1
[2m[36m(CompileWorker pid=3365731)[0m compiled for stage:85 name: stage_4_4_acc_grad_1 module id: 1
[2m[36m(CompileWorker pid=3365728)[0m compiled for stage:65 name: stage_2_11_acc_grad_0 module id: 0
[2m[36m(CompileWorker pid=3365726)[0m compiled for stage:87 name: stage_4_5_acc_grad_0 module id: 0
[2m[36m(CompileWorker pid=3365726)[0m compiled for stage:87 name: stage_4_5_acc_grad_1 module id: 1
[2m[36m(CompileWorker pid=3365728)[0m compiled for stage:65 name: stage_2_11_acc_grad_1 module id: 1
[2m[36m(CompileWorker pid=3365729)[0m compiled for stage:80 name: stage_3_10_acc_grad_0 module id: 0
[2m[36m(CompileWorker pid=3365732)[0m compiled for stage:77 name: stage_3_8_acc_grad_0 module id: 0
[2m[36m(CompileWorker pid=3365729)[0m compiled for stage:80 name: stage_3_10_acc_grad_1 module id: 1
[2m[36m(CompileWorker pid=3365732)[0m compiled for stage:77 name: stage_3_8_acc_grad_1 module id: 1
[2m[36m(CompileWorker pid=3365722)[0m compiled for stage:88 name: stage_4_6_acc_grad_0 module id: 0
[2m[36m(CompileWorker pid=3365722)[0m compiled for stage:88 name: stage_4_6_acc_grad_1 module id: 1
[2m[36m(CompileWorker pid=3365733)[0m compiled for stage:79 name: stage_3_9_acc_grad_0 module id: 0
[2m[36m(CompileWorker pid=3365733)[0m compiled for stage:79 name: stage_3_9_acc_grad_1 module id: 1
[2m[36m(CompileWorker pid=3365727)[0m compiled for stage:90 name: stage_4_7_acc_grad_0 module id: 0
[2m[36m(CompileWorker pid=3365727)[0m compiled for stage:90 name: stage_4_7_acc_grad_1 module id: 1
[2m[36m(CompileWorker pid=3365725)[0m compiled for stage:89 name: stage_4_6_acc_grad_0 module id: 0
[2m[36m(CompileWorker pid=3365728)[0m  tensor (Large latency) dimensions: (1, 2048, 12288, 12288, 1, 1, 1, 1, 1, 1, 0, 0, 'CONV', 1, 1, 0, 0),  latency: 26.58889142857143
[2m[36m(CompileWorker pid=3365725)[0m compiled for stage:89 name: stage_4_6_acc_grad_1 module id: 1
[2m[36m(CompileWorker pid=3365724)[0m compiled for stage:82 name: stage_3_11_acc_grad_0 module id: 0
[2m[36m(CompileWorker pid=3365724)[0m compiled for stage:82 name: stage_3_11_acc_grad_1 module id: 1
[2m[36m(CompileWorker pid=3365731)[0m compiled for stage:91 name: stage_4_7_acc_grad_0 module id: 0
[2m[36m(CompileWorker pid=3365731)[0m compiled for stage:91 name: stage_4_7_acc_grad_1 module id: 1
[2m[36m(CompileWorker pid=3365724)[0m compiled for stage:100 name: stage_5_5_acc_grad_0 module id: 0
[2m[36m(CompileWorker pid=3365724)[0m compiled for stage:100 name: stage_5_5_acc_grad_1 module id: 1
[2m[36m(CompileWorker pid=3365731)[0m compiled for stage:101 name: stage_5_5_acc_grad_0 module id: 0
[2m[36m(CompileWorker pid=3365726)[0m compiled for stage:92 name: stage_4_8_acc_grad_0 module id: 0
[2m[36m(CompileWorker pid=3365731)[0m compiled for stage:101 name: stage_5_5_acc_grad_1 module id: 1
[2m[36m(CompileWorker pid=3365726)[0m compiled for stage:92 name: stage_4_8_acc_grad_1 module id: 1
[2m[36m(CompileWorker pid=3365732)[0m compiled for stage:94 name: stage_4_9_acc_grad_0 module id: 0
[2m[36m(CompileWorker pid=3365732)[0m compiled for stage:94 name: stage_4_9_acc_grad_1 module id: 1
[2m[36m(CompileWorker pid=3365724)[0m compiled for stage:102 name: stage_5_6_acc_grad_0 module id: 0
[2m[36m(CompileWorker pid=3365724)[0m compiled for stage:102 name: stage_5_6_acc_grad_1 module id: 1
[2m[36m(CompileWorker pid=3365730)[0m compiled for stage:81 name: stage_3_10_acc_grad_0 module id: 0
[2m[36m(CompileWorker pid=3365730)[0m compiled for stage:81 name: stage_3_10_acc_grad_1 module id: 1
[2m[36m(CompileWorker pid=3365731)[0m compiled for stage:103 name: stage_5_6_acc_grad_0 module id: 0
[2m[36m(CompileWorker pid=3365731)[0m compiled for stage:103 name: stage_5_6_acc_grad_1 module id: 1
[2m[36m(CompileWorker pid=3365726)[0m compiled for stage:104 name: stage_5_7_acc_grad_0 module id: 0
[2m[36m(CompileWorker pid=3365726)[0m compiled for stage:104 name: stage_5_7_acc_grad_1 module id: 1
[2m[36m(CompileWorker pid=3365729)[0m compiled for stage:93 name: stage_4_8_acc_grad_0 module id: 0
[2m[36m(CompileWorker pid=3365729)[0m compiled for stage:93 name: stage_4_8_acc_grad_1 module id: 1
[2m[36m(CompileWorker pid=3365733)[0m compiled for stage:96 name: stage_4_10_acc_grad_0 module id: 0
[2m[36m(CompileWorker pid=3365723)[0m compiled for stage:83 name: stage_3_11_acc_grad_0 module id: 0
[2m[36m(CompileWorker pid=3365722)[0m compiled for stage:95 name: stage_4_9_acc_grad_0 module id: 0
[2m[36m(CompileWorker pid=3365733)[0m compiled for stage:96 name: stage_4_10_acc_grad_1 module id: 1
[2m[36m(CompileWorker pid=3365732)[0m compiled for stage:105 name: stage_5_7_acc_grad_0 module id: 0
[2m[36m(CompileWorker pid=3365722)[0m compiled for stage:95 name: stage_4_9_acc_grad_1 module id: 1
[2m[36m(CompileWorker pid=3365723)[0m compiled for stage:83 name: stage_3_11_acc_grad_1 module id: 1
[2m[36m(CompileWorker pid=3365732)[0m compiled for stage:105 name: stage_5_7_acc_grad_1 module id: 1
[2m[36m(CompileWorker pid=3365724)[0m compiled for stage:106 name: stage_5_8_acc_grad_0 module id: 0
[2m[36m(CompileWorker pid=3365724)[0m compiled for stage:106 name: stage_5_8_acc_grad_1 module id: 1
[2m[36m(CompileWorker pid=3365727)[0m compiled for stage:97 name: stage_4_10_acc_grad_0 module id: 0
[2m[36m(CompileWorker pid=3365727)[0m compiled for stage:97 name: stage_4_10_acc_grad_1 module id: 1
[2m[36m(CompileWorker pid=3365728)[0m compiled for stage:98 name: stage_4_11_acc_grad_0 module id: 0
[2m[36m(CompileWorker pid=3365724)[0m compiled for stage:114 name: stage_6_6_acc_grad_0 module id: 0
[2m[36m(CompileWorker pid=3365728)[0m compiled for stage:98 name: stage_4_11_acc_grad_1 module id: 1
[2m[36m(CompileWorker pid=3365724)[0m compiled for stage:114 name: stage_6_6_acc_grad_1 module id: 1
[2m[36m(CompileWorker pid=3365730)[0m compiled for stage:108 name: stage_5_9_acc_grad_0 module id: 0
[2m[36m(CompileWorker pid=3365730)[0m compiled for stage:108 name: stage_5_9_acc_grad_1 module id: 1
[2m[36m(CompileWorker pid=3365731)[0m compiled for stage:107 name: stage_5_8_acc_grad_0 module id: 0
[2m[36m(CompileWorker pid=3365723)[0m  tensor (Large latency) dimensions: (1, 2048, 12288, 12288, 1, 1, 1, 1, 1, 1, 0, 0, 'CONV', 1, 1, 0, 0),  latency: 26.58889142857143
[2m[36m(CompileWorker pid=3365731)[0m compiled for stage:107 name: stage_5_8_acc_grad_1 module id: 1
[2m[36m(CompileWorker pid=3365727)[0m compiled for stage:115 name: stage_6_6_acc_grad_0 module id: 0
[2m[36m(CompileWorker pid=3365727)[0m compiled for stage:115 name: stage_6_6_acc_grad_1 module id: 1
[2m[36m(CompileWorker pid=3365724)[0m compiled for stage:116 name: stage_6_7_acc_grad_0 module id: 0
[2m[36m(CompileWorker pid=3365724)[0m compiled for stage:116 name: stage_6_7_acc_grad_1 module id: 1
[2m[36m(CompileWorker pid=3365728)[0m compiled for stage:117 name: stage_6_7_acc_grad_0 module id: 0
[2m[36m(CompileWorker pid=3365726)[0m compiled for stage:109 name: stage_5_9_acc_grad_0 module id: 0
[2m[36m(CompileWorker pid=3365728)[0m compiled for stage:117 name: stage_6_7_acc_grad_1 module id: 1
[2m[36m(CompileWorker pid=3365726)[0m compiled for stage:109 name: stage_5_9_acc_grad_1 module id: 1
[2m[36m(CompileWorker pid=3365725)[0m compiled for stage:99 name: stage_4_11_acc_grad_0 module id: 0
[2m[36m(CompileWorker pid=3365730)[0m compiled for stage:118 name: stage_6_8_acc_grad_0 module id: 0
[2m[36m(CompileWorker pid=3365729)[0m compiled for stage:110 name: stage_5_10_acc_grad_0 module id: 0
[2m[36m(CompileWorker pid=3365725)[0m compiled for stage:99 name: stage_4_11_acc_grad_1 module id: 1
[2m[36m(CompileWorker pid=3365730)[0m compiled for stage:118 name: stage_6_8_acc_grad_1 module id: 1
[2m[36m(CompileWorker pid=3365729)[0m compiled for stage:110 name: stage_5_10_acc_grad_1 module id: 1
[2m[36m(CompileWorker pid=3365727)[0m compiled for stage:120 name: stage_6_9_acc_grad_0 module id: 0
[2m[36m(CompileWorker pid=3365727)[0m compiled for stage:120 name: stage_6_9_acc_grad_1 module id: 1
[2m[36m(CompileWorker pid=3365733)[0m compiled for stage:111 name: stage_5_10_acc_grad_0 module id: 0
[2m[36m(CompileWorker pid=3365733)[0m compiled for stage:111 name: stage_5_10_acc_grad_1 module id: 1
[2m[36m(CompileWorker pid=3365723)[0m compiled for stage:119 name: stage_6_8_acc_grad_0 module id: 0
[2m[36m(CompileWorker pid=3365723)[0m compiled for stage:119 name: stage_6_8_acc_grad_1 module id: 1
[2m[36m(CompileWorker pid=3365732)[0m compiled for stage:112 name: stage_5_11_acc_grad_0 module id: 0
[2m[36m(CompileWorker pid=3365732)[0m compiled for stage:112 name: stage_5_11_acc_grad_1 module id: 1
[2m[36m(CompileWorker pid=3365729)[0m compiled for stage:126 name: stage_7_7_acc_grad_0 module id: 0
[2m[36m(CompileWorker pid=3365729)[0m compiled for stage:126 name: stage_7_7_acc_grad_1 module id: 1
[2m[36m(CompileWorker pid=3365727)[0m compiled for stage:127 name: stage_7_7_acc_grad_0 module id: 0
[2m[36m(CompileWorker pid=3365727)[0m compiled for stage:127 name: stage_7_7_acc_grad_1 module id: 1
[2m[36m(CompileWorker pid=3365731)[0m compiled for stage:121 name: stage_6_9_acc_grad_0 module id: 0
[2m[36m(CompileWorker pid=3365731)[0m compiled for stage:121 name: stage_6_9_acc_grad_1 module id: 1
[2m[36m(CompileWorker pid=3365723)[0m compiled for stage:128 name: stage_7_8_acc_grad_0 module id: 0
[2m[36m(CompileWorker pid=3365724)[0m compiled for stage:122 name: stage_6_10_acc_grad_0 module id: 0
[2m[36m(CompileWorker pid=3365725)[0m  tensor (Large latency) dimensions: (1, 2048, 12288, 12288, 1, 1, 1, 1, 1, 1, 0, 0, 'CONV', 1, 1, 0, 0),  latency: 26.58889142857143
[2m[36m(CompileWorker pid=3365723)[0m compiled for stage:128 name: stage_7_8_acc_grad_1 module id: 1
[2m[36m(CompileWorker pid=3365724)[0m compiled for stage:122 name: stage_6_10_acc_grad_1 module id: 1
[2m[36m(CompileWorker pid=3365733)[0m compiled for stage:129 name: stage_7_8_acc_grad_0 module id: 0
[2m[36m(CompileWorker pid=3365733)[0m compiled for stage:129 name: stage_7_8_acc_grad_1 module id: 1
[2m[36m(CompileWorker pid=3365722)[0m compiled for stage:113 name: stage_5_11_acc_grad_0 module id: 0
[2m[36m(CompileWorker pid=3365722)[0m compiled for stage:113 name: stage_5_11_acc_grad_1 module id: 1
[2m[36m(CompileWorker pid=3365733)[0m compiled for stage:136 name: stage_8_8_acc_grad_0 module id: 0
[2m[36m(CompileWorker pid=3365733)[0m compiled for stage:136 name: stage_8_8_acc_grad_1 module id: 1
[2m[36m(CompileWorker pid=3365724)[0m compiled for stage:137 name: stage_8_8_acc_grad_0 module id: 0
[2m[36m(CompileWorker pid=3365724)[0m compiled for stage:137 name: stage_8_8_acc_grad_1 module id: 1
[2m[36m(CompileWorker pid=3365726)[0m compiled for stage:124 name: stage_6_11_acc_grad_0 module id: 0
[2m[36m(CompileWorker pid=3365729)[0m compiled for stage:130 name: stage_7_9_acc_grad_0 module id: 0
[2m[36m(CompileWorker pid=3365726)[0m compiled for stage:124 name: stage_6_11_acc_grad_1 module id: 1
[2m[36m(CompileWorker pid=3365729)[0m compiled for stage:130 name: stage_7_9_acc_grad_1 module id: 1
[2m[36m(CompileWorker pid=3365732)[0m compiled for stage:132 name: stage_7_10_acc_grad_0 module id: 0
[2m[36m(CompileWorker pid=3365728)[0m compiled for stage:123 name: stage_6_10_acc_grad_0 module id: 0
[2m[36m(CompileWorker pid=3365722)[0m  tensor (Large latency) dimensions: (1, 2048, 12288, 12288, 1, 1, 1, 1, 1, 1, 0, 0, 'CONV', 1, 1, 0, 0),  latency: 26.58889142857143
[2m[36m(CompileWorker pid=3365723)[0m compiled for stage:134 name: stage_7_11_acc_grad_0 module id: 0
[2m[36m(CompileWorker pid=3365732)[0m compiled for stage:132 name: stage_7_10_acc_grad_1 module id: 1
[2m[36m(CompileWorker pid=3365727)[0m compiled for stage:131 name: stage_7_9_acc_grad_0 module id: 0
[2m[36m(CompileWorker pid=3365733)[0m compiled for stage:138 name: stage_8_9_acc_grad_0 module id: 0
[2m[36m(CompileWorker pid=3365728)[0m compiled for stage:123 name: stage_6_10_acc_grad_1 module id: 1
[2m[36m(CompileWorker pid=3365731)[0m compiled for stage:133 name: stage_7_10_acc_grad_0 module id: 0
[2m[36m(CompileWorker pid=3365724)[0m compiled for stage:139 name: stage_8_9_acc_grad_0 module id: 0
[2m[36m(CompileWorker pid=3365727)[0m compiled for stage:131 name: stage_7_9_acc_grad_1 module id: 1
[2m[36m(CompileWorker pid=3365733)[0m compiled for stage:138 name: stage_8_9_acc_grad_1 module id: 1
[2m[36m(CompileWorker pid=3365723)[0m compiled for stage:134 name: stage_7_11_acc_grad_1 module id: 1
[2m[36m(CompileWorker pid=3365724)[0m compiled for stage:139 name: stage_8_9_acc_grad_1 module id: 1
[2m[36m(CompileWorker pid=3365731)[0m compiled for stage:133 name: stage_7_10_acc_grad_1 module id: 1
[2m[36m(CompileWorker pid=3365730)[0m compiled for stage:125 name: stage_6_11_acc_grad_0 module id: 0
[2m[36m(CompileWorker pid=3365730)[0m compiled for stage:125 name: stage_6_11_acc_grad_1 module id: 1
[2m[36m(CompileWorker pid=3365723)[0m compiled for stage:144 name: stage_9_9_acc_grad_0 module id: 0
[2m[36m(CompileWorker pid=3365723)[0m compiled for stage:144 name: stage_9_9_acc_grad_1 module id: 1
[2m[36m(CompileWorker pid=3365727)[0m compiled for stage:145 name: stage_9_9_acc_grad_0 module id: 0
[2m[36m(CompileWorker pid=3365727)[0m compiled for stage:145 name: stage_9_9_acc_grad_1 module id: 1
[2m[36m(CompileWorker pid=3365726)[0m  tensor (Large latency) dimensions: (1, 2048, 12288, 12288, 1, 1, 1, 1, 1, 1, 0, 0, 'CONV', 1, 1, 0, 0),  latency: 26.58889142857143
[2m[36m(CompileWorker pid=3365725)[0m compiled for stage:135 name: stage_7_11_acc_grad_0 module id: 0
[2m[36m(CompileWorker pid=3365729)[0m compiled for stage:140 name: stage_8_10_acc_grad_0 module id: 0
[2m[36m(CompileWorker pid=3365725)[0m compiled for stage:135 name: stage_7_11_acc_grad_1 module id: 1
[2m[36m(CompileWorker pid=3365729)[0m compiled for stage:140 name: stage_8_10_acc_grad_1 module id: 1
[2m[36m(CompileWorker pid=3365724)[0m compiled for stage:146 name: stage_9_10_acc_grad_0 module id: 0
[2m[36m(CompileWorker pid=3365727)[0m compiled for stage:150 name: stage_10_10_acc_grad_0 module id: 0
[2m[36m(CompileWorker pid=3365724)[0m compiled for stage:146 name: stage_9_10_acc_grad_1 module id: 1
[2m[36m(CompileWorker pid=3365727)[0m compiled for stage:150 name: stage_10_10_acc_grad_1 module id: 1
[2m[36m(CompileWorker pid=3365726)[0m compiled for stage:151 name: stage_10_10_acc_grad_0 module id: 0
[2m[36m(CompileWorker pid=3365726)[0m compiled for stage:151 name: stage_10_10_acc_grad_1 module id: 1
[2m[36m(CompileWorker pid=3365732)[0m compiled for stage:147 name: stage_9_10_acc_grad_0 module id: 0
[2m[36m(CompileWorker pid=3365724)[0m compiled for stage:155 name: stage_11_11_acc_grad_0 module id: 0
[2m[36m(CompileWorker pid=3365732)[0m compiled for stage:147 name: stage_9_10_acc_grad_1 module id: 1
[2m[36m(CompileWorker pid=3365724)[0m compiled for stage:155 name: stage_11_11_acc_grad_1 module id: 1
[2m[36m(CompileWorker pid=3365727)[0m compiled for stage:154 name: stage_11_11_acc_grad_0 module id: 0
[2m[36m(CompileWorker pid=3365722)[0m compiled for stage:141 name: stage_8_10_acc_grad_0 module id: 0
[2m[36m(CompileWorker pid=3365727)[0m compiled for stage:154 name: stage_11_11_acc_grad_1 module id: 1
[2m[36m(CompileWorker pid=3365722)[0m compiled for stage:141 name: stage_8_10_acc_grad_1 module id: 1
[2m[36m(CompileWorker pid=3365728)[0m compiled for stage:142 name: stage_8_11_acc_grad_0 module id: 0
[2m[36m(CompileWorker pid=3365731)[0m compiled for stage:148 name: stage_9_11_acc_grad_0 module id: 0
[2m[36m(CompileWorker pid=3365730)[0m  tensor (Large latency) dimensions: (1, 2048, 12288, 12288, 1, 1, 1, 1, 1, 1, 0, 0, 'CONV', 1, 1, 0, 0),  latency: 26.58889142857143
[2m[36m(CompileWorker pid=3365728)[0m compiled for stage:142 name: stage_8_11_acc_grad_1 module id: 1
[2m[36m(CompileWorker pid=3365731)[0m compiled for stage:148 name: stage_9_11_acc_grad_1 module id: 1
[2m[36m(CompileWorker pid=3365729)[0m compiled for stage:152 name: stage_10_11_acc_grad_0 module id: 0
[2m[36m(CompileWorker pid=3365729)[0m compiled for stage:152 name: stage_10_11_acc_grad_1 module id: 1
[2m[36m(CompileWorker pid=3365733)[0m compiled for stage:143 name: stage_8_11_acc_grad_0 module id: 0
[2m[36m(CompileWorker pid=3365733)[0m compiled for stage:143 name: stage_8_11_acc_grad_1 module id: 1
[2m[36m(CompileWorker pid=3365725)[0m compiled for stage:153 name: stage_10_11_acc_grad_0 module id: 0
[2m[36m(CompileWorker pid=3365725)[0m compiled for stage:153 name: stage_10_11_acc_grad_1 module id: 1
[2m[36m(CompileWorker pid=3365723)[0m compiled for stage:149 name: stage_9_11_acc_grad_0 module id: 0
[2m[36m(CompileWorker pid=3365723)[0m compiled for stage:149 name: stage_9_11_acc_grad_1 module id: 1
[2m[36m(CompileWorker pid=3365727)[0m  tensor (Large latency) dimensions: (1, 2048, 12288, 12288, 1, 1, 1, 1, 1, 1, 0, 0, 'CONV', 1, 1, 0, 0),  latency: 26.58889142857143
[2m[36m(CompileWorker pid=3365729)[0m  tensor (Large latency) dimensions: (1, 2048, 12288, 12288, 1, 1, 1, 1, 1, 1, 0, 0, 'CONV', 1, 1, 0, 0),  latency: 26.58889142857143
- parse estimation results for all stages
Using pre computed peak Mem for (0, 0, 2, 0), module 0
result[(0, 0, 2, 0), 0] = ModuleProfileResult(compute_cost=338.278, peak_memory=3.400 GB, invar_size=2.006 GB, outvar_size=2.382 GB, temp_buffer_size=-0.988 GB, available_memory=64.000 GB, comm_cost=0.468)
Using pre computed peak Mem for (0, 0, 2, 0), module 1
result[(0, 0, 2, 0), 1] = ModuleProfileResult(compute_cost=548.930, peak_memory=3.900 GB, invar_size=4.388 GB, outvar_size=2.006 GB, temp_buffer_size=-0.488 GB, available_memory=64.000 GB, comm_cost=0.310)
Using pre computed peak Mem for (0, 0, 2, 1), module 0
result[(0, 0, 2, 1), 0] = ModuleProfileResult(compute_cost=338.278, peak_memory=3.400 GB, invar_size=2.006 GB, outvar_size=2.453 GB, temp_buffer_size=-1.059 GB, available_memory=64.000 GB, comm_cost=0.468)
result[(0, 0, 2, 1), 1] = ModuleProfileResult(compute_cost=548.729, peak_memory=5.713 GB, invar_size=4.459 GB, outvar_size=2.006 GB, temp_buffer_size=1.254 GB, available_memory=64.000 GB, comm_cost=0.111)
Using pre computed peak Mem for (0, 1, 2, 0), module 0
result[(0, 1, 2, 0), 0] = ModuleProfileResult(compute_cost=675.572, peak_memory=6.800 GB, invar_size=2.850 GB, outvar_size=4.679 GB, temp_buffer_size=-0.729 GB, available_memory=64.000 GB, comm_cost=0.713)
Using pre computed peak Mem for (0, 1, 2, 0), module 1
result[(0, 1, 2, 0), 1] = ModuleProfileResult(compute_cost=1089.139, peak_memory=7.800 GB, invar_size=7.529 GB, outvar_size=2.850 GB, temp_buffer_size=0.271 GB, available_memory=64.000 GB, comm_cost=0.586)
Using pre computed peak Mem for (0, 1, 2, 1), module 0
result[(0, 1, 2, 1), 0] = ModuleProfileResult(compute_cost=675.570, peak_memory=6.800 GB, invar_size=2.850 GB, outvar_size=4.855 GB, temp_buffer_size=-0.905 GB, available_memory=64.000 GB, comm_cost=0.711)
Using pre computed peak Mem for (0, 1, 2, 1), module 1
result[(0, 1, 2, 1), 1] = ModuleProfileResult(compute_cost=1088.935, peak_memory=7.800 GB, invar_size=7.705 GB, outvar_size=2.850 GB, temp_buffer_size=0.095 GB, available_memory=64.000 GB, comm_cost=0.386)
Using pre computed peak Mem for (0, 2, 2, 0), module 0
result[(0, 2, 2, 0), 0] = ModuleProfileResult(compute_cost=1292.085, peak_memory=10.200 GB, invar_size=3.975 GB, outvar_size=7.961 GB, temp_buffer_size=-1.737 GB, available_memory=64.000 GB, comm_cost=1.177)
Using pre computed peak Mem for (0, 2, 2, 0), module 1
result[(0, 2, 2, 0), 1] = ModuleProfileResult(compute_cost=1793.445, peak_memory=11.700 GB, invar_size=11.937 GB, outvar_size=3.975 GB, temp_buffer_size=-0.237 GB, available_memory=64.000 GB, comm_cost=1.111)
Using pre computed peak Mem for (0, 2, 2, 1), module 0
result[(0, 2, 2, 1), 0] = ModuleProfileResult(compute_cost=1292.085, peak_memory=10.200 GB, invar_size=3.975 GB, outvar_size=7.891 GB, temp_buffer_size=-1.666 GB, available_memory=64.000 GB, comm_cost=1.177)
Using pre computed peak Mem for (0, 2, 2, 1), module 1
result[(0, 2, 2, 1), 1] = ModuleProfileResult(compute_cost=1793.445, peak_memory=11.700 GB, invar_size=11.866 GB, outvar_size=3.975 GB, temp_buffer_size=-0.166 GB, available_memory=64.000 GB, comm_cost=1.111)
Using pre computed peak Mem for (0, 3, 2, 0), module 0
result[(0, 3, 2, 0), 0] = ModuleProfileResult(compute_cost=1629.189, peak_memory=13.600 GB, invar_size=4.819 GB, outvar_size=10.200 GB, temp_buffer_size=-1.419 GB, available_memory=64.000 GB, comm_cost=1.421)
Using pre computed peak Mem for (0, 3, 2, 0), module 1
result[(0, 3, 2, 0), 1] = ModuleProfileResult(compute_cost=2333.370, peak_memory=15.600 GB, invar_size=15.019 GB, outvar_size=4.819 GB, temp_buffer_size=0.581 GB, available_memory=64.000 GB, comm_cost=1.384)
Using pre computed peak Mem for (0, 3, 2, 1), module 0
result[(0, 3, 2, 1), 0] = ModuleProfileResult(compute_cost=1629.189, peak_memory=13.600 GB, invar_size=4.819 GB, outvar_size=10.165 GB, temp_buffer_size=-1.384 GB, available_memory=64.000 GB, comm_cost=1.421)
Using pre computed peak Mem for (0, 3, 2, 1), module 1
result[(0, 3, 2, 1), 1] = ModuleProfileResult(compute_cost=2333.169, peak_memory=15.600 GB, invar_size=14.984 GB, outvar_size=4.819 GB, temp_buffer_size=0.616 GB, available_memory=64.000 GB, comm_cost=1.186)
Using pre computed peak Mem for (0, 4, 2, 0), module 0
result[(0, 4, 2, 0), 0] = ModuleProfileResult(compute_cost=1966.293, peak_memory=17.000 GB, invar_size=5.663 GB, outvar_size=12.474 GB, temp_buffer_size=-1.137 GB, available_memory=64.000 GB, comm_cost=1.664)
Using pre computed peak Mem for (0, 4, 2, 0), module 1
result[(0, 4, 2, 0), 1] = ModuleProfileResult(compute_cost=2873.296, peak_memory=19.500 GB, invar_size=18.137 GB, outvar_size=5.663 GB, temp_buffer_size=1.363 GB, available_memory=64.000 GB, comm_cost=1.658)
Using pre computed peak Mem for (0, 4, 2, 1), module 0
result[(0, 4, 2, 1), 0] = ModuleProfileResult(compute_cost=1966.293, peak_memory=17.000 GB, invar_size=5.663 GB, outvar_size=12.614 GB, temp_buffer_size=-1.278 GB, available_memory=64.000 GB, comm_cost=1.664)
Using pre computed peak Mem for (0, 4, 2, 1), module 1
result[(0, 4, 2, 1), 1] = ModuleProfileResult(compute_cost=2872.690, peak_memory=19.500 GB, invar_size=18.278 GB, outvar_size=5.663 GB, temp_buffer_size=1.222 GB, available_memory=64.000 GB, comm_cost=1.062)
Using pre computed peak Mem for (0, 5, 2, 0), module 0
result[(0, 5, 2, 0), 0] = ModuleProfileResult(compute_cost=2303.398, peak_memory=20.400 GB, invar_size=6.507 GB, outvar_size=14.642 GB, temp_buffer_size=-0.749 GB, available_memory=64.000 GB, comm_cost=1.908)
Using pre computed peak Mem for (0, 5, 2, 0), module 1
result[(0, 5, 2, 0), 1] = ModuleProfileResult(compute_cost=3413.221, peak_memory=23.400 GB, invar_size=21.149 GB, outvar_size=6.507 GB, temp_buffer_size=2.251 GB, available_memory=64.000 GB, comm_cost=1.932)
Using pre computed peak Mem for (0, 5, 2, 1), module 0
result[(0, 5, 2, 1), 0] = ModuleProfileResult(compute_cost=2121.762, peak_memory=20.400 GB, invar_size=7.140 GB, outvar_size=15.415 GB, temp_buffer_size=-2.156 GB, available_memory=64.000 GB, comm_cost=1.713)
Using pre computed peak Mem for (0, 5, 2, 1), module 1
result[(0, 5, 2, 1), 1] = ModuleProfileResult(compute_cost=4774.053, peak_memory=23.400 GB, invar_size=22.556 GB, outvar_size=7.140 GB, temp_buffer_size=0.844 GB, available_memory=64.000 GB, comm_cost=1.543)
Using pre computed peak Mem for (0, 6, 2, 0), module 0
result[(0, 6, 2, 0), 0] = ModuleProfileResult(compute_cost=2640.502, peak_memory=23.800 GB, invar_size=7.351 GB, outvar_size=16.951 GB, temp_buffer_size=-0.502 GB, available_memory=64.000 GB, comm_cost=2.151)
Using pre computed peak Mem for (0, 6, 2, 0), module 1
result[(0, 6, 2, 0), 1] = ModuleProfileResult(compute_cost=3953.149, peak_memory=27.300 GB, invar_size=24.302 GB, outvar_size=7.351 GB, temp_buffer_size=2.998 GB, available_memory=64.000 GB, comm_cost=2.208)
Using pre computed peak Mem for (0, 6, 2, 1), module 0
result[(0, 6, 2, 1), 0] = ModuleProfileResult(compute_cost=2640.502, peak_memory=23.800 GB, invar_size=7.351 GB, outvar_size=17.092 GB, temp_buffer_size=-0.643 GB, available_memory=64.000 GB, comm_cost=2.151)
Using pre computed peak Mem for (0, 6, 2, 1), module 1
result[(0, 6, 2, 1), 1] = ModuleProfileResult(compute_cost=3952.141, peak_memory=27.300 GB, invar_size=24.443 GB, outvar_size=7.351 GB, temp_buffer_size=2.857 GB, available_memory=64.000 GB, comm_cost=1.209)
Using pre computed peak Mem for (0, 7, 2, 0), module 0
result[(0, 7, 2, 0), 0] = ModuleProfileResult(compute_cost=2977.610, peak_memory=27.200 GB, invar_size=8.195 GB, outvar_size=19.154 GB, temp_buffer_size=-0.150 GB, available_memory=64.000 GB, comm_cost=2.399)
Using pre computed peak Mem for (0, 7, 2, 0), module 1
result[(0, 7, 2, 0), 1] = ModuleProfileResult(compute_cost=4493.072, peak_memory=31.200 GB, invar_size=27.350 GB, outvar_size=8.195 GB, temp_buffer_size=3.850 GB, available_memory=64.000 GB, comm_cost=2.479)
Using pre computed peak Mem for (0, 7, 2, 1), module 0
result[(0, 7, 2, 1), 0] = ModuleProfileResult(compute_cost=2957.512, peak_memory=27.200 GB, invar_size=8.406 GB, outvar_size=19.471 GB, temp_buffer_size=-0.677 GB, available_memory=64.000 GB, comm_cost=2.383)
Using pre computed peak Mem for (0, 7, 2, 1), module 1
result[(0, 7, 2, 1), 1] = ModuleProfileResult(compute_cost=4612.373, peak_memory=31.200 GB, invar_size=27.947 GB, outvar_size=8.406 GB, temp_buffer_size=3.253 GB, available_memory=64.000 GB, comm_cost=1.722)
Using pre computed peak Mem for (0, 8, 2, 0), module 0
result[(0, 8, 2, 0), 0] = ModuleProfileResult(compute_cost=3314.714, peak_memory=30.600 GB, invar_size=9.039 GB, outvar_size=21.182 GB, temp_buffer_size=0.379 GB, available_memory=64.000 GB, comm_cost=2.642)
Using pre computed peak Mem for (0, 8, 2, 0), module 1
result[(0, 8, 2, 0), 1] = ModuleProfileResult(compute_cost=5033.000, peak_memory=35.100 GB, invar_size=30.221 GB, outvar_size=9.039 GB, temp_buffer_size=4.879 GB, available_memory=64.000 GB, comm_cost=2.755)
Using pre computed peak Mem for (0, 8, 2, 1), module 0
result[(0, 8, 2, 1), 0] = ModuleProfileResult(compute_cost=3314.710, peak_memory=30.600 GB, invar_size=9.039 GB, outvar_size=21.569 GB, temp_buffer_size=-0.008 GB, available_memory=64.000 GB, comm_cost=2.638)
Using pre computed peak Mem for (0, 8, 2, 1), module 1
result[(0, 8, 2, 1), 1] = ModuleProfileResult(compute_cost=5031.990, peak_memory=35.100 GB, invar_size=30.608 GB, outvar_size=9.039 GB, temp_buffer_size=4.492 GB, available_memory=64.000 GB, comm_cost=1.758)
Using pre computed peak Mem for (0, 9, 2, 0), module 0
result[(0, 9, 2, 0), 0] = ModuleProfileResult(compute_cost=3626.861, peak_memory=34.000 GB, invar_size=9.883 GB, outvar_size=23.596 GB, temp_buffer_size=0.520 GB, available_memory=64.000 GB, comm_cost=3.064)
Using pre computed peak Mem for (0, 9, 2, 0), module 1
result[(0, 9, 2, 0), 1] = ModuleProfileResult(compute_cost=5542.594, peak_memory=39.000 GB, invar_size=33.550 GB, outvar_size=9.883 GB, temp_buffer_size=5.450 GB, available_memory=64.000 GB, comm_cost=3.031)
Using pre computed peak Mem for (0, 9, 2, 1), module 0
result[(0, 9, 2, 1), 0] = ModuleProfileResult(compute_cost=3651.814, peak_memory=34.000 GB, invar_size=9.883 GB, outvar_size=23.948 GB, temp_buffer_size=0.169 GB, available_memory=64.000 GB, comm_cost=2.881)
Using pre computed peak Mem for (0, 9, 2, 1), module 1
result[(0, 9, 2, 1), 1] = ModuleProfileResult(compute_cost=5572.519, peak_memory=39.000 GB, invar_size=33.831 GB, outvar_size=9.883 GB, temp_buffer_size=5.169 GB, available_memory=64.000 GB, comm_cost=2.631)
Using pre computed peak Mem for (0, 10, 2, 0), module 0
result[(0, 10, 2, 0), 0] = ModuleProfileResult(compute_cost=3988.918, peak_memory=37.400 GB, invar_size=10.727 GB, outvar_size=26.011 GB, temp_buffer_size=0.662 GB, available_memory=64.000 GB, comm_cost=3.125)
Using pre computed peak Mem for (0, 10, 2, 0), module 1
result[(0, 10, 2, 0), 1] = ModuleProfileResult(compute_cost=6112.853, peak_memory=42.900 GB, invar_size=36.738 GB, outvar_size=10.727 GB, temp_buffer_size=6.162 GB, available_memory=64.000 GB, comm_cost=3.305)
Using pre computed peak Mem for (0, 10, 2, 1), module 0
result[(0, 10, 2, 1), 0] = ModuleProfileResult(compute_cost=3988.918, peak_memory=37.400 GB, invar_size=10.727 GB, outvar_size=26.398 GB, temp_buffer_size=0.275 GB, available_memory=64.000 GB, comm_cost=3.125)
Using pre computed peak Mem for (0, 10, 2, 1), module 1
result[(0, 10, 2, 1), 1] = ModuleProfileResult(compute_cost=6111.437, peak_memory=42.900 GB, invar_size=37.125 GB, outvar_size=10.727 GB, temp_buffer_size=5.775 GB, available_memory=64.000 GB, comm_cost=1.909)
Using pre computed peak Mem for (0, 11, 2, 0), module 0
result[(0, 11, 2, 0), 0] = ModuleProfileResult(compute_cost=4046.986, peak_memory=40.800 GB, invar_size=11.290 GB, outvar_size=28.427 GB, temp_buffer_size=1.083 GB, available_memory=64.000 GB, comm_cost=3.146)
Using pre computed peak Mem for (0, 11, 2, 0), module 1
result[(0, 11, 2, 0), 1] = ModuleProfileResult(compute_cost=6517.746, peak_memory=46.800 GB, invar_size=40.867 GB, outvar_size=12.440 GB, temp_buffer_size=5.933 GB, available_memory=64.000 GB, comm_cost=3.321)
Using pre computed peak Mem for (0, 11, 2, 1), module 0
result[(0, 11, 2, 1), 0] = ModuleProfileResult(compute_cost=4046.986, peak_memory=40.800 GB, invar_size=11.290 GB, outvar_size=28.919 GB, temp_buffer_size=0.591 GB, available_memory=64.000 GB, comm_cost=3.146)
Using pre computed peak Mem for (0, 11, 2, 1), module 1
result[(0, 11, 2, 1), 1] = ModuleProfileResult(compute_cost=6516.336, peak_memory=46.800 GB, invar_size=41.359 GB, outvar_size=12.440 GB, temp_buffer_size=5.441 GB, available_memory=64.000 GB, comm_cost=1.927)
Using pre computed peak Mem for (1, 1, 2, 0), module 0
result[(1, 1, 2, 0), 0] = ModuleProfileResult(compute_cost=337.323, peak_memory=3.400 GB, invar_size=0.938 GB, outvar_size=2.426 GB, temp_buffer_size=0.036 GB, available_memory=64.000 GB, comm_cost=0.243)
Using pre computed peak Mem for (1, 1, 2, 0), module 1
result[(1, 1, 2, 0), 1] = ModuleProfileResult(compute_cost=540.206, peak_memory=3.900 GB, invar_size=3.270 GB, outvar_size=0.938 GB, temp_buffer_size=0.536 GB, available_memory=64.000 GB, comm_cost=0.274)
Using pre computed peak Mem for (1, 1, 2, 1), module 0
result[(1, 1, 2, 1), 0] = ModuleProfileResult(compute_cost=337.323, peak_memory=3.400 GB, invar_size=0.938 GB, outvar_size=2.426 GB, temp_buffer_size=0.036 GB, available_memory=64.000 GB, comm_cost=0.243)
Using pre computed peak Mem for (1, 1, 2, 1), module 1
result[(1, 1, 2, 1), 1] = ModuleProfileResult(compute_cost=540.206, peak_memory=3.900 GB, invar_size=3.270 GB, outvar_size=0.938 GB, temp_buffer_size=0.536 GB, available_memory=64.000 GB, comm_cost=0.274)
Using pre computed peak Mem for (1, 2, 2, 0), module 0
result[(1, 2, 2, 0), 0] = ModuleProfileResult(compute_cost=953.838, peak_memory=6.800 GB, invar_size=2.063 GB, outvar_size=5.708 GB, temp_buffer_size=-0.971 GB, available_memory=64.000 GB, comm_cost=0.709)
Using pre computed peak Mem for (1, 2, 2, 0), module 1
result[(1, 2, 2, 0), 1] = ModuleProfileResult(compute_cost=1244.515, peak_memory=7.800 GB, invar_size=7.677 GB, outvar_size=2.063 GB, temp_buffer_size=0.029 GB, available_memory=64.000 GB, comm_cost=0.800)
Using pre computed peak Mem for (1, 2, 2, 1), module 0
result[(1, 2, 2, 1), 0] = ModuleProfileResult(compute_cost=953.838, peak_memory=6.800 GB, invar_size=2.063 GB, outvar_size=5.708 GB, temp_buffer_size=-0.971 GB, available_memory=64.000 GB, comm_cost=0.709)
Using pre computed peak Mem for (1, 2, 2, 1), module 1
result[(1, 2, 2, 1), 1] = ModuleProfileResult(compute_cost=1244.313, peak_memory=7.800 GB, invar_size=7.677 GB, outvar_size=2.063 GB, temp_buffer_size=0.029 GB, available_memory=64.000 GB, comm_cost=0.602)
Using pre computed peak Mem for (1, 3, 2, 0), module 0
result[(1, 3, 2, 0), 0] = ModuleProfileResult(compute_cost=1290.942, peak_memory=10.200 GB, invar_size=2.907 GB, outvar_size=7.911 GB, temp_buffer_size=-0.619 GB, available_memory=64.000 GB, comm_cost=0.953)
Using pre computed peak Mem for (1, 3, 2, 0), module 1
result[(1, 3, 2, 0), 1] = ModuleProfileResult(compute_cost=1784.440, peak_memory=11.700 GB, invar_size=10.725 GB, outvar_size=2.907 GB, temp_buffer_size=0.882 GB, available_memory=64.000 GB, comm_cost=1.074)
Using pre computed peak Mem for (1, 3, 2, 1), module 0
result[(1, 3, 2, 1), 0] = ModuleProfileResult(compute_cost=1290.942, peak_memory=10.200 GB, invar_size=2.907 GB, outvar_size=8.052 GB, temp_buffer_size=-0.759 GB, available_memory=64.000 GB, comm_cost=0.953)
Using pre computed peak Mem for (1, 3, 2, 1), module 1
result[(1, 3, 2, 1), 1] = ModuleProfileResult(compute_cost=1784.237, peak_memory=11.700 GB, invar_size=10.865 GB, outvar_size=2.907 GB, temp_buffer_size=0.741 GB, available_memory=64.000 GB, comm_cost=0.877)
Using pre computed peak Mem for (1, 4, 2, 0), module 0
result[(1, 4, 2, 0), 0] = ModuleProfileResult(compute_cost=1628.046, peak_memory=13.600 GB, invar_size=3.751 GB, outvar_size=10.185 GB, temp_buffer_size=-0.336 GB, available_memory=64.000 GB, comm_cost=1.196)
Using pre computed peak Mem for (1, 4, 2, 0), module 1
result[(1, 4, 2, 0), 1] = ModuleProfileResult(compute_cost=2324.366, peak_memory=15.600 GB, invar_size=13.842 GB, outvar_size=3.751 GB, temp_buffer_size=1.664 GB, available_memory=64.000 GB, comm_cost=1.348)
Using pre computed peak Mem for (1, 4, 2, 1), module 0
result[(1, 4, 2, 1), 0] = ModuleProfileResult(compute_cost=1628.046, peak_memory=13.600 GB, invar_size=3.751 GB, outvar_size=10.361 GB, temp_buffer_size=-0.512 GB, available_memory=64.000 GB, comm_cost=1.196)
Using pre computed peak Mem for (1, 4, 2, 1), module 1
result[(1, 4, 2, 1), 1] = ModuleProfileResult(compute_cost=2323.560, peak_memory=15.600 GB, invar_size=14.018 GB, outvar_size=3.751 GB, temp_buffer_size=1.488 GB, available_memory=64.000 GB, comm_cost=0.551)
Using pre computed peak Mem for (1, 5, 2, 0), module 0
result[(1, 5, 2, 0), 0] = ModuleProfileResult(compute_cost=1965.150, peak_memory=17.000 GB, invar_size=4.595 GB, outvar_size=12.389 GB, temp_buffer_size=0.016 GB, available_memory=64.000 GB, comm_cost=1.440)
Using pre computed peak Mem for (1, 5, 2, 0), module 1
result[(1, 5, 2, 0), 1] = ModuleProfileResult(compute_cost=2864.291, peak_memory=19.500 GB, invar_size=16.890 GB, outvar_size=4.595 GB, temp_buffer_size=2.516 GB, available_memory=64.000 GB, comm_cost=1.621)
Using pre computed peak Mem for (1, 5, 2, 1), module 0
result[(1, 5, 2, 1), 0] = ModuleProfileResult(compute_cost=1056.970, peak_memory=17.000 GB, invar_size=7.759 GB, outvar_size=15.377 GB, temp_buffer_size=-6.136 GB, available_memory=64.000 GB, comm_cost=0.465)
Using pre computed peak Mem for (1, 5, 2, 1), module 1
result[(1, 5, 2, 1), 1] = ModuleProfileResult(compute_cost=9671.276, peak_memory=19.500 GB, invar_size=23.042 GB, outvar_size=7.759 GB, temp_buffer_size=-3.636 GB, available_memory=64.000 GB, comm_cost=2.460)
Using pre computed peak Mem for (1, 6, 2, 0), module 0
result[(1, 6, 2, 0), 0] = ModuleProfileResult(compute_cost=2302.255, peak_memory=20.400 GB, invar_size=5.439 GB, outvar_size=14.698 GB, temp_buffer_size=0.263 GB, available_memory=64.000 GB, comm_cost=1.683)
Using pre computed peak Mem for (1, 6, 2, 0), module 1
result[(1, 6, 2, 0), 1] = ModuleProfileResult(compute_cost=3404.217, peak_memory=23.400 GB, invar_size=20.043 GB, outvar_size=5.439 GB, temp_buffer_size=3.263 GB, available_memory=64.000 GB, comm_cost=1.895)
Using pre computed peak Mem for (1, 6, 2, 1), module 0
result[(1, 6, 2, 1), 0] = ModuleProfileResult(compute_cost=2302.255, peak_memory=20.400 GB, invar_size=5.439 GB, outvar_size=14.873 GB, temp_buffer_size=0.088 GB, available_memory=64.000 GB, comm_cost=1.683)
Using pre computed peak Mem for (1, 6, 2, 1), module 1
result[(1, 6, 2, 1), 1] = ModuleProfileResult(compute_cost=3403.411, peak_memory=23.400 GB, invar_size=20.219 GB, outvar_size=5.439 GB, temp_buffer_size=3.088 GB, available_memory=64.000 GB, comm_cost=1.099)
Using pre computed peak Mem for (1, 7, 2, 0), module 0
result[(1, 7, 2, 0), 0] = ModuleProfileResult(compute_cost=2639.359, peak_memory=23.800 GB, invar_size=6.283 GB, outvar_size=16.936 GB, temp_buffer_size=0.581 GB, available_memory=64.000 GB, comm_cost=1.927)
Using pre computed peak Mem for (1, 7, 2, 0), module 1
result[(1, 7, 2, 0), 1] = ModuleProfileResult(compute_cost=3944.142, peak_memory=27.300 GB, invar_size=23.125 GB, outvar_size=6.283 GB, temp_buffer_size=4.081 GB, available_memory=64.000 GB, comm_cost=2.169)
Using pre computed peak Mem for (1, 7, 2, 1), module 0
result[(1, 7, 2, 1), 0] = ModuleProfileResult(compute_cost=2639.359, peak_memory=23.800 GB, invar_size=6.283 GB, outvar_size=16.971 GB, temp_buffer_size=0.546 GB, available_memory=64.000 GB, comm_cost=1.927)
Using pre computed peak Mem for (1, 7, 2, 1), module 1
result[(1, 7, 2, 1), 1] = ModuleProfileResult(compute_cost=3943.537, peak_memory=27.300 GB, invar_size=23.161 GB, outvar_size=6.283 GB, temp_buffer_size=4.046 GB, available_memory=64.000 GB, comm_cost=1.573)
Using pre computed peak Mem for (1, 8, 2, 0), module 0
result[(1, 8, 2, 0), 0] = ModuleProfileResult(compute_cost=2976.463, peak_memory=27.200 GB, invar_size=7.127 GB, outvar_size=19.034 GB, temp_buffer_size=1.039 GB, available_memory=64.000 GB, comm_cost=2.170)
Using pre computed peak Mem for (1, 8, 2, 0), module 1
result[(1, 8, 2, 0), 1] = ModuleProfileResult(compute_cost=4484.074, peak_memory=31.200 GB, invar_size=26.067 GB, outvar_size=7.127 GB, temp_buffer_size=5.039 GB, available_memory=64.000 GB, comm_cost=2.450)
Using pre computed peak Mem for (1, 8, 2, 1), module 0
result[(1, 8, 2, 1), 0] = ModuleProfileResult(compute_cost=2976.463, peak_memory=27.200 GB, invar_size=7.127 GB, outvar_size=19.386 GB, temp_buffer_size=0.687 GB, available_memory=64.000 GB, comm_cost=2.170)
Using pre computed peak Mem for (1, 8, 2, 1), module 1
result[(1, 8, 2, 1), 1] = ModuleProfileResult(compute_cost=4483.261, peak_memory=31.200 GB, invar_size=26.419 GB, outvar_size=7.127 GB, temp_buffer_size=4.687 GB, available_memory=64.000 GB, comm_cost=1.647)
Using pre computed peak Mem for (1, 9, 2, 0), module 0
result[(1, 9, 2, 0), 0] = ModuleProfileResult(compute_cost=3313.567, peak_memory=30.600 GB, invar_size=7.971 GB, outvar_size=21.273 GB, temp_buffer_size=1.356 GB, available_memory=64.000 GB, comm_cost=2.414)
Using pre computed peak Mem for (1, 9, 2, 0), module 1
result[(1, 9, 2, 0), 1] = ModuleProfileResult(compute_cost=5023.993, peak_memory=35.100 GB, invar_size=29.150 GB, outvar_size=7.971 GB, temp_buffer_size=5.856 GB, available_memory=64.000 GB, comm_cost=2.716)
Using pre computed peak Mem for (1, 9, 2, 1), module 0
result[(1, 9, 2, 1), 0] = ModuleProfileResult(compute_cost=3313.567, peak_memory=30.600 GB, invar_size=7.971 GB, outvar_size=21.589 GB, temp_buffer_size=1.040 GB, available_memory=64.000 GB, comm_cost=2.414)
Using pre computed peak Mem for (1, 9, 2, 1), module 1
result[(1, 9, 2, 1), 1] = ModuleProfileResult(compute_cost=5023.185, peak_memory=35.100 GB, invar_size=29.466 GB, outvar_size=7.971 GB, temp_buffer_size=5.540 GB, available_memory=64.000 GB, comm_cost=1.923)
Using pre computed peak Mem for (1, 10, 2, 0), module 0
result[(1, 10, 2, 0), 0] = ModuleProfileResult(compute_cost=3650.671, peak_memory=34.000 GB, invar_size=8.815 GB, outvar_size=23.547 GB, temp_buffer_size=1.638 GB, available_memory=64.000 GB, comm_cost=2.657)
Using pre computed peak Mem for (1, 10, 2, 0), module 1
result[(1, 10, 2, 0), 1] = ModuleProfileResult(compute_cost=5563.918, peak_memory=39.000 GB, invar_size=32.268 GB, outvar_size=8.815 GB, temp_buffer_size=6.638 GB, available_memory=64.000 GB, comm_cost=2.990)
Using pre computed peak Mem for (1, 10, 2, 1), module 0
result[(1, 10, 2, 1), 0] = ModuleProfileResult(compute_cost=3650.671, peak_memory=34.000 GB, invar_size=8.815 GB, outvar_size=23.793 GB, temp_buffer_size=1.392 GB, available_memory=64.000 GB, comm_cost=2.657)
Using pre computed peak Mem for (1, 10, 2, 1), module 1
result[(1, 10, 2, 1), 1] = ModuleProfileResult(compute_cost=5562.911, peak_memory=39.000 GB, invar_size=32.514 GB, outvar_size=8.815 GB, temp_buffer_size=6.392 GB, available_memory=64.000 GB, comm_cost=1.995)
Using pre computed peak Mem for (1, 11, 2, 0), module 0
result[(1, 11, 2, 0), 0] = ModuleProfileResult(compute_cost=3708.739, peak_memory=37.400 GB, invar_size=9.665 GB, outvar_size=25.205 GB, temp_buffer_size=2.529 GB, available_memory=64.000 GB, comm_cost=2.678)
Using pre computed peak Mem for (1, 11, 2, 0), module 1
result[(1, 11, 2, 0), 1] = ModuleProfileResult(compute_cost=5967.294, peak_memory=42.900 GB, invar_size=34.777 GB, outvar_size=9.665 GB, temp_buffer_size=8.029 GB, available_memory=64.000 GB, comm_cost=3.213)
Using pre computed peak Mem for (1, 11, 2, 1), module 0
result[(1, 11, 2, 1), 0] = ModuleProfileResult(compute_cost=3708.739, peak_memory=37.400 GB, invar_size=9.665 GB, outvar_size=25.487 GB, temp_buffer_size=2.248 GB, available_memory=64.000 GB, comm_cost=2.678)
Using pre computed peak Mem for (1, 11, 2, 1), module 1
result[(1, 11, 2, 1), 1] = ModuleProfileResult(compute_cost=5966.288, peak_memory=42.900 GB, invar_size=35.058 GB, outvar_size=9.665 GB, temp_buffer_size=7.748 GB, available_memory=64.000 GB, comm_cost=2.217)
Using pre computed peak Mem for (2, 2, 2, 0), module 0
result[(2, 2, 2, 0), 0] = ModuleProfileResult(compute_cost=616.546, peak_memory=3.400 GB, invar_size=1.219 GB, outvar_size=3.235 GB, temp_buffer_size=-1.054 GB, available_memory=64.000 GB, comm_cost=0.466)
Using pre computed peak Mem for (2, 2, 2, 0), module 1
result[(2, 2, 2, 0), 1] = ModuleProfileResult(compute_cost=704.308, peak_memory=3.900 GB, invar_size=4.360 GB, outvar_size=1.219 GB, temp_buffer_size=-0.554 GB, available_memory=64.000 GB, comm_cost=0.527)
Using pre computed peak Mem for (2, 2, 2, 1), module 0
result[(2, 2, 2, 1), 0] = ModuleProfileResult(compute_cost=616.546, peak_memory=3.400 GB, invar_size=1.219 GB, outvar_size=3.411 GB, temp_buffer_size=-1.230 GB, available_memory=64.000 GB, comm_cost=0.466)
result[(2, 2, 2, 1), 1] = ModuleProfileResult(compute_cost=703.906, peak_memory=5.439 GB, invar_size=4.536 GB, outvar_size=1.219 GB, temp_buffer_size=0.809 GB, available_memory=64.000 GB, comm_cost=0.128)
Using pre computed peak Mem for (2, 3, 2, 0), module 0
result[(2, 3, 2, 0), 0] = ModuleProfileResult(compute_cost=953.651, peak_memory=6.800 GB, invar_size=2.063 GB, outvar_size=5.544 GB, temp_buffer_size=-0.807 GB, available_memory=64.000 GB, comm_cost=0.709)
Using pre computed peak Mem for (2, 3, 2, 0), module 1
result[(2, 3, 2, 0), 1] = ModuleProfileResult(compute_cost=1244.234, peak_memory=7.800 GB, invar_size=7.513 GB, outvar_size=2.063 GB, temp_buffer_size=0.193 GB, available_memory=64.000 GB, comm_cost=0.800)
Using pre computed peak Mem for (2, 3, 2, 1), module 0
result[(2, 3, 2, 1), 0] = ModuleProfileResult(compute_cost=953.651, peak_memory=6.800 GB, invar_size=2.063 GB, outvar_size=5.579 GB, temp_buffer_size=-0.842 GB, available_memory=64.000 GB, comm_cost=0.709)
Using pre computed peak Mem for (2, 3, 2, 1), module 1
result[(2, 3, 2, 1), 1] = ModuleProfileResult(compute_cost=1244.234, peak_memory=7.800 GB, invar_size=7.548 GB, outvar_size=2.063 GB, temp_buffer_size=0.158 GB, available_memory=64.000 GB, comm_cost=0.800)
Using pre computed peak Mem for (2, 4, 2, 0), module 0
result[(2, 4, 2, 0), 0] = ModuleProfileResult(compute_cost=1290.755, peak_memory=10.200 GB, invar_size=2.907 GB, outvar_size=7.888 GB, temp_buffer_size=-0.595 GB, available_memory=64.000 GB, comm_cost=0.953)
Using pre computed peak Mem for (2, 4, 2, 0), module 1
result[(2, 4, 2, 0), 1] = ModuleProfileResult(compute_cost=1784.159, peak_memory=11.700 GB, invar_size=10.701 GB, outvar_size=2.907 GB, temp_buffer_size=0.905 GB, available_memory=64.000 GB, comm_cost=1.074)
Using pre computed peak Mem for (2, 4, 2, 1), module 0
result[(2, 4, 2, 1), 0] = ModuleProfileResult(compute_cost=1290.755, peak_memory=10.200 GB, invar_size=2.907 GB, outvar_size=7.923 GB, temp_buffer_size=-0.630 GB, available_memory=64.000 GB, comm_cost=0.953)
Using pre computed peak Mem for (2, 4, 2, 1), module 1
result[(2, 4, 2, 1), 1] = ModuleProfileResult(compute_cost=1783.958, peak_memory=11.700 GB, invar_size=10.736 GB, outvar_size=2.907 GB, temp_buffer_size=0.870 GB, available_memory=64.000 GB, comm_cost=0.875)
Using pre computed peak Mem for (2, 5, 2, 0), module 0
result[(2, 5, 2, 0), 0] = ModuleProfileResult(compute_cost=1627.859, peak_memory=13.600 GB, invar_size=3.751 GB, outvar_size=10.056 GB, temp_buffer_size=-0.207 GB, available_memory=64.000 GB, comm_cost=1.196)
Using pre computed peak Mem for (2, 5, 2, 0), module 1
result[(2, 5, 2, 0), 1] = ModuleProfileResult(compute_cost=2324.085, peak_memory=15.600 GB, invar_size=13.714 GB, outvar_size=3.751 GB, temp_buffer_size=1.793 GB, available_memory=64.000 GB, comm_cost=1.348)
Using pre computed peak Mem for (2, 5, 2, 1), module 0
result[(2, 5, 2, 1), 0] = ModuleProfileResult(compute_cost=1627.859, peak_memory=13.600 GB, invar_size=3.751 GB, outvar_size=10.091 GB, temp_buffer_size=-0.243 GB, available_memory=64.000 GB, comm_cost=1.196)
Using pre computed peak Mem for (2, 5, 2, 1), module 1
result[(2, 5, 2, 1), 1] = ModuleProfileResult(compute_cost=2323.682, peak_memory=15.600 GB, invar_size=13.749 GB, outvar_size=3.751 GB, temp_buffer_size=1.758 GB, available_memory=64.000 GB, comm_cost=0.949)
Using pre computed peak Mem for (2, 6, 2, 0), module 0
result[(2, 6, 2, 0), 0] = ModuleProfileResult(compute_cost=1964.963, peak_memory=17.000 GB, invar_size=4.595 GB, outvar_size=12.400 GB, temp_buffer_size=0.005 GB, available_memory=64.000 GB, comm_cost=1.440)
Using pre computed peak Mem for (2, 6, 2, 0), module 1
result[(2, 6, 2, 0), 1] = ModuleProfileResult(compute_cost=2864.010, peak_memory=19.500 GB, invar_size=16.902 GB, outvar_size=4.595 GB, temp_buffer_size=2.505 GB, available_memory=64.000 GB, comm_cost=1.621)
Using pre computed peak Mem for (2, 6, 2, 1), module 0
result[(2, 6, 2, 1), 0] = ModuleProfileResult(compute_cost=1964.963, peak_memory=17.000 GB, invar_size=4.595 GB, outvar_size=12.541 GB, temp_buffer_size=-0.136 GB, available_memory=64.000 GB, comm_cost=1.440)
Using pre computed peak Mem for (2, 6, 2, 1), module 1
result[(2, 6, 2, 1), 1] = ModuleProfileResult(compute_cost=2863.405, peak_memory=19.500 GB, invar_size=17.042 GB, outvar_size=4.595 GB, temp_buffer_size=2.364 GB, available_memory=64.000 GB, comm_cost=1.026)
Using pre computed peak Mem for (2, 7, 2, 0), module 0
result[(2, 7, 2, 0), 0] = ModuleProfileResult(compute_cost=2302.067, peak_memory=20.400 GB, invar_size=5.439 GB, outvar_size=14.604 GB, temp_buffer_size=0.357 GB, available_memory=64.000 GB, comm_cost=1.683)
Using pre computed peak Mem for (2, 7, 2, 0), module 1
result[(2, 7, 2, 0), 1] = ModuleProfileResult(compute_cost=3403.936, peak_memory=23.400 GB, invar_size=19.949 GB, outvar_size=5.439 GB, temp_buffer_size=3.357 GB, available_memory=64.000 GB, comm_cost=1.895)
Using pre computed peak Mem for (2, 7, 2, 1), module 0
result[(2, 7, 2, 1), 0] = ModuleProfileResult(compute_cost=2302.067, peak_memory=20.400 GB, invar_size=5.439 GB, outvar_size=14.674 GB, temp_buffer_size=0.287 GB, available_memory=64.000 GB, comm_cost=1.683)
Using pre computed peak Mem for (2, 7, 2, 1), module 1
result[(2, 7, 2, 1), 1] = ModuleProfileResult(compute_cost=3403.532, peak_memory=23.400 GB, invar_size=20.019 GB, outvar_size=5.439 GB, temp_buffer_size=3.287 GB, available_memory=64.000 GB, comm_cost=1.499)
Using pre computed peak Mem for (2, 8, 2, 0), module 0
result[(2, 8, 2, 0), 0] = ModuleProfileResult(compute_cost=2639.171, peak_memory=23.800 GB, invar_size=6.283 GB, outvar_size=16.702 GB, temp_buffer_size=0.815 GB, available_memory=64.000 GB, comm_cost=1.927)
Using pre computed peak Mem for (2, 8, 2, 0), module 1
result[(2, 8, 2, 0), 1] = ModuleProfileResult(compute_cost=3943.861, peak_memory=27.300 GB, invar_size=22.891 GB, outvar_size=6.283 GB, temp_buffer_size=4.315 GB, available_memory=64.000 GB, comm_cost=2.169)
Using pre computed peak Mem for (2, 8, 2, 1), module 0
result[(2, 8, 2, 1), 0] = ModuleProfileResult(compute_cost=2639.171, peak_memory=23.800 GB, invar_size=6.283 GB, outvar_size=16.948 GB, temp_buffer_size=0.569 GB, available_memory=64.000 GB, comm_cost=1.927)
Using pre computed peak Mem for (2, 8, 2, 1), module 1
result[(2, 8, 2, 1), 1] = ModuleProfileResult(compute_cost=3943.256, peak_memory=27.300 GB, invar_size=23.137 GB, outvar_size=6.283 GB, temp_buffer_size=4.069 GB, available_memory=64.000 GB, comm_cost=1.573)
Using pre computed peak Mem for (2, 9, 2, 0), module 0
result[(2, 9, 2, 0), 0] = ModuleProfileResult(compute_cost=2976.275, peak_memory=27.200 GB, invar_size=7.127 GB, outvar_size=18.976 GB, temp_buffer_size=1.097 GB, available_memory=64.000 GB, comm_cost=2.170)
Using pre computed peak Mem for (2, 9, 2, 0), module 1
result[(2, 9, 2, 0), 1] = ModuleProfileResult(compute_cost=4483.787, peak_memory=31.200 GB, invar_size=26.009 GB, outvar_size=7.127 GB, temp_buffer_size=5.097 GB, available_memory=64.000 GB, comm_cost=2.442)
Using pre computed peak Mem for (2, 9, 2, 1), module 0
result[(2, 9, 2, 1), 0] = ModuleProfileResult(compute_cost=2976.275, peak_memory=27.200 GB, invar_size=7.127 GB, outvar_size=19.046 GB, temp_buffer_size=1.027 GB, available_memory=64.000 GB, comm_cost=2.170)
Using pre computed peak Mem for (2, 9, 2, 1), module 1
result[(2, 9, 2, 1), 1] = ModuleProfileResult(compute_cost=4483.182, peak_memory=31.200 GB, invar_size=26.079 GB, outvar_size=7.127 GB, temp_buffer_size=5.027 GB, available_memory=64.000 GB, comm_cost=1.846)
Using pre computed peak Mem for (2, 10, 2, 0), module 0
result[(2, 10, 2, 0), 0] = ModuleProfileResult(compute_cost=3313.380, peak_memory=30.600 GB, invar_size=7.971 GB, outvar_size=21.355 GB, temp_buffer_size=1.274 GB, available_memory=64.000 GB, comm_cost=2.414)
Using pre computed peak Mem for (2, 10, 2, 0), module 1
result[(2, 10, 2, 0), 1] = ModuleProfileResult(compute_cost=5023.712, peak_memory=35.100 GB, invar_size=29.232 GB, outvar_size=7.971 GB, temp_buffer_size=5.774 GB, available_memory=64.000 GB, comm_cost=2.716)
Using pre computed peak Mem for (2, 10, 2, 1), module 0
result[(2, 10, 2, 1), 0] = ModuleProfileResult(compute_cost=3313.380, peak_memory=30.600 GB, invar_size=7.971 GB, outvar_size=21.566 GB, temp_buffer_size=1.063 GB, available_memory=64.000 GB, comm_cost=2.414)
Using pre computed peak Mem for (2, 10, 2, 1), module 1
result[(2, 10, 2, 1), 1] = ModuleProfileResult(compute_cost=5022.705, peak_memory=35.100 GB, invar_size=29.443 GB, outvar_size=7.971 GB, temp_buffer_size=5.563 GB, available_memory=64.000 GB, comm_cost=1.721)
Using pre computed peak Mem for (2, 11, 2, 0), module 0
result[(2, 11, 2, 0), 0] = ModuleProfileResult(compute_cost=3371.447, peak_memory=34.000 GB, invar_size=8.821 GB, outvar_size=23.014 GB, temp_buffer_size=2.165 GB, available_memory=64.000 GB, comm_cost=2.435)
Using pre computed peak Mem for (2, 11, 2, 0), module 1
result[(2, 11, 2, 0), 1] = ModuleProfileResult(compute_cost=5427.088, peak_memory=39.000 GB, invar_size=31.741 GB, outvar_size=8.821 GB, temp_buffer_size=7.165 GB, available_memory=64.000 GB, comm_cost=2.939)
Using pre computed peak Mem for (2, 11, 2, 1), module 0
result[(2, 11, 2, 1), 0] = ModuleProfileResult(compute_cost=3371.447, peak_memory=34.000 GB, invar_size=8.821 GB, outvar_size=23.189 GB, temp_buffer_size=1.989 GB, available_memory=64.000 GB, comm_cost=2.435)
Using pre computed peak Mem for (2, 11, 2, 1), module 1
result[(2, 11, 2, 1), 1] = ModuleProfileResult(compute_cost=5426.280, peak_memory=39.000 GB, invar_size=31.917 GB, outvar_size=8.821 GB, temp_buffer_size=6.989 GB, available_memory=64.000 GB, comm_cost=2.146)
Using pre computed peak Mem for (3, 3, 2, 0), module 0
result[(3, 3, 2, 0), 0] = ModuleProfileResult(compute_cost=337.135, peak_memory=3.400 GB, invar_size=0.938 GB, outvar_size=2.403 GB, temp_buffer_size=0.060 GB, available_memory=64.000 GB, comm_cost=0.243)
Using pre computed peak Mem for (3, 3, 2, 0), module 1
result[(3, 3, 2, 0), 1] = ModuleProfileResult(compute_cost=539.925, peak_memory=3.900 GB, invar_size=3.247 GB, outvar_size=0.938 GB, temp_buffer_size=0.560 GB, available_memory=64.000 GB, comm_cost=0.274)
Using pre computed peak Mem for (3, 3, 2, 1), module 0
result[(3, 3, 2, 1), 0] = ModuleProfileResult(compute_cost=337.135, peak_memory=3.400 GB, invar_size=0.938 GB, outvar_size=2.403 GB, temp_buffer_size=0.060 GB, available_memory=64.000 GB, comm_cost=0.243)
result[(3, 3, 2, 1), 1] = ModuleProfileResult(compute_cost=539.724, peak_memory=3.915 GB, invar_size=3.247 GB, outvar_size=0.938 GB, temp_buffer_size=0.574 GB, available_memory=64.000 GB, comm_cost=0.075)
Using pre computed peak Mem for (3, 4, 2, 0), module 0
result[(3, 4, 2, 0), 0] = ModuleProfileResult(compute_cost=674.239, peak_memory=6.800 GB, invar_size=1.782 GB, outvar_size=4.571 GB, temp_buffer_size=0.447 GB, available_memory=64.000 GB, comm_cost=0.487)
Using pre computed peak Mem for (3, 4, 2, 0), module 1
result[(3, 4, 2, 0), 1] = ModuleProfileResult(compute_cost=1079.851, peak_memory=7.800 GB, invar_size=6.259 GB, outvar_size=1.782 GB, temp_buffer_size=1.447 GB, available_memory=64.000 GB, comm_cost=0.547)
Using pre computed peak Mem for (3, 4, 2, 1), module 0
result[(3, 4, 2, 1), 0] = ModuleProfileResult(compute_cost=674.239, peak_memory=6.800 GB, invar_size=1.782 GB, outvar_size=4.606 GB, temp_buffer_size=0.412 GB, available_memory=64.000 GB, comm_cost=0.487)
result[(3, 4, 2, 1), 1] = ModuleProfileResult(compute_cost=1079.449, peak_memory=7.196 GB, invar_size=6.294 GB, outvar_size=1.782 GB, temp_buffer_size=0.809 GB, available_memory=64.000 GB, comm_cost=0.149)
Using pre computed peak Mem for (3, 5, 2, 0), module 0
result[(3, 5, 2, 0), 0] = ModuleProfileResult(compute_cost=1011.344, peak_memory=10.200 GB, invar_size=2.626 GB, outvar_size=6.774 GB, temp_buffer_size=0.800 GB, available_memory=64.000 GB, comm_cost=0.730)
Using pre computed peak Mem for (3, 5, 2, 0), module 1
result[(3, 5, 2, 0), 1] = ModuleProfileResult(compute_cost=1619.776, peak_memory=11.700 GB, invar_size=9.306 GB, outvar_size=2.626 GB, temp_buffer_size=2.300 GB, available_memory=64.000 GB, comm_cost=0.821)
Using pre computed peak Mem for (3, 5, 2, 1), module 0
result[(3, 5, 2, 1), 0] = ModuleProfileResult(compute_cost=1011.344, peak_memory=10.200 GB, invar_size=2.626 GB, outvar_size=6.915 GB, temp_buffer_size=0.659 GB, available_memory=64.000 GB, comm_cost=0.730)
Using pre computed peak Mem for (3, 5, 2, 1), module 1
result[(3, 5, 2, 1), 1] = ModuleProfileResult(compute_cost=1619.374, peak_memory=11.700 GB, invar_size=9.447 GB, outvar_size=2.626 GB, temp_buffer_size=2.159 GB, available_memory=64.000 GB, comm_cost=0.423)
Using pre computed peak Mem for (3, 6, 2, 0), module 0
result[(3, 6, 2, 0), 0] = ModuleProfileResult(compute_cost=1348.448, peak_memory=13.600 GB, invar_size=3.470 GB, outvar_size=9.083 GB, temp_buffer_size=1.047 GB, available_memory=64.000 GB, comm_cost=0.974)
Using pre computed peak Mem for (3, 6, 2, 0), module 1
result[(3, 6, 2, 0), 1] = ModuleProfileResult(compute_cost=2159.702, peak_memory=15.600 GB, invar_size=12.459 GB, outvar_size=3.470 GB, temp_buffer_size=3.047 GB, available_memory=64.000 GB, comm_cost=1.095)
Using pre computed peak Mem for (3, 6, 2, 1), module 0
result[(3, 6, 2, 1), 0] = ModuleProfileResult(compute_cost=1348.448, peak_memory=13.600 GB, invar_size=3.470 GB, outvar_size=9.083 GB, temp_buffer_size=1.047 GB, available_memory=64.000 GB, comm_cost=0.974)
Using pre computed peak Mem for (3, 6, 2, 1), module 1
result[(3, 6, 2, 1), 1] = ModuleProfileResult(compute_cost=2159.500, peak_memory=15.600 GB, invar_size=12.459 GB, outvar_size=3.470 GB, temp_buffer_size=3.047 GB, available_memory=64.000 GB, comm_cost=0.896)
Using pre computed peak Mem for (3, 7, 2, 0), module 0
result[(3, 7, 2, 0), 0] = ModuleProfileResult(compute_cost=1685.552, peak_memory=17.000 GB, invar_size=4.314 GB, outvar_size=11.287 GB, temp_buffer_size=1.400 GB, available_memory=64.000 GB, comm_cost=1.217)
Using pre computed peak Mem for (3, 7, 2, 0), module 1
result[(3, 7, 2, 0), 1] = ModuleProfileResult(compute_cost=2699.627, peak_memory=19.500 GB, invar_size=15.507 GB, outvar_size=4.314 GB, temp_buffer_size=3.900 GB, available_memory=64.000 GB, comm_cost=1.368)
Using pre computed peak Mem for (3, 7, 2, 1), module 0
result[(3, 7, 2, 1), 0] = ModuleProfileResult(compute_cost=1685.552, peak_memory=17.000 GB, invar_size=4.314 GB, outvar_size=11.287 GB, temp_buffer_size=1.400 GB, available_memory=64.000 GB, comm_cost=1.217)
Using pre computed peak Mem for (3, 7, 2, 1), module 1
result[(3, 7, 2, 1), 1] = ModuleProfileResult(compute_cost=2699.425, peak_memory=19.500 GB, invar_size=15.507 GB, outvar_size=4.314 GB, temp_buffer_size=3.900 GB, available_memory=64.000 GB, comm_cost=1.170)
Using pre computed peak Mem for (3, 8, 2, 0), module 0
result[(3, 8, 2, 0), 0] = ModuleProfileResult(compute_cost=2022.656, peak_memory=20.400 GB, invar_size=5.158 GB, outvar_size=13.631 GB, temp_buffer_size=1.611 GB, available_memory=64.000 GB, comm_cost=1.461)
Using pre computed peak Mem for (3, 8, 2, 0), module 1
result[(3, 8, 2, 0), 1] = ModuleProfileResult(compute_cost=3239.553, peak_memory=23.400 GB, invar_size=18.695 GB, outvar_size=5.158 GB, temp_buffer_size=4.611 GB, available_memory=64.000 GB, comm_cost=1.642)
Using pre computed peak Mem for (3, 8, 2, 1), module 0
result[(3, 8, 2, 1), 0] = ModuleProfileResult(compute_cost=2022.656, peak_memory=20.400 GB, invar_size=5.158 GB, outvar_size=13.561 GB, temp_buffer_size=1.682 GB, available_memory=64.000 GB, comm_cost=1.461)
Using pre computed peak Mem for (3, 8, 2, 1), module 1
result[(3, 8, 2, 1), 1] = ModuleProfileResult(compute_cost=3239.350, peak_memory=23.400 GB, invar_size=18.624 GB, outvar_size=5.158 GB, temp_buffer_size=4.682 GB, available_memory=64.000 GB, comm_cost=1.444)
Using pre computed peak Mem for (3, 9, 2, 0), module 0
result[(3, 9, 2, 0), 0] = ModuleProfileResult(compute_cost=2359.760, peak_memory=23.800 GB, invar_size=6.002 GB, outvar_size=15.799 GB, temp_buffer_size=1.999 GB, available_memory=64.000 GB, comm_cost=1.704)
Using pre computed peak Mem for (3, 9, 2, 0), module 1
result[(3, 9, 2, 0), 1] = ModuleProfileResult(compute_cost=3779.478, peak_memory=27.300 GB, invar_size=21.707 GB, outvar_size=6.002 GB, temp_buffer_size=5.499 GB, available_memory=64.000 GB, comm_cost=1.916)
Using pre computed peak Mem for (3, 9, 2, 1), module 0
result[(3, 9, 2, 1), 0] = ModuleProfileResult(compute_cost=2359.760, peak_memory=23.800 GB, invar_size=6.002 GB, outvar_size=15.834 GB, temp_buffer_size=1.964 GB, available_memory=64.000 GB, comm_cost=1.704)
Using pre computed peak Mem for (3, 9, 2, 1), module 1
result[(3, 9, 2, 1), 1] = ModuleProfileResult(compute_cost=3778.875, peak_memory=27.300 GB, invar_size=21.742 GB, outvar_size=6.002 GB, temp_buffer_size=5.464 GB, available_memory=64.000 GB, comm_cost=1.318)
Using pre computed peak Mem for (3, 10, 2, 0), module 0
result[(3, 10, 2, 0), 0] = ModuleProfileResult(compute_cost=2696.864, peak_memory=27.200 GB, invar_size=6.846 GB, outvar_size=18.143 GB, temp_buffer_size=2.211 GB, available_memory=64.000 GB, comm_cost=1.948)
Using pre computed peak Mem for (3, 10, 2, 0), module 1
result[(3, 10, 2, 0), 1] = ModuleProfileResult(compute_cost=4319.404, peak_memory=31.200 GB, invar_size=24.895 GB, outvar_size=6.846 GB, temp_buffer_size=6.211 GB, available_memory=64.000 GB, comm_cost=2.190)
Using pre computed peak Mem for (3, 10, 2, 1), module 0
result[(3, 10, 2, 1), 0] = ModuleProfileResult(compute_cost=2696.864, peak_memory=27.200 GB, invar_size=6.846 GB, outvar_size=18.178 GB, temp_buffer_size=2.176 GB, available_memory=64.000 GB, comm_cost=1.948)
Using pre computed peak Mem for (3, 10, 2, 1), module 1
result[(3, 10, 2, 1), 1] = ModuleProfileResult(compute_cost=4318.799, peak_memory=31.200 GB, invar_size=24.930 GB, outvar_size=6.846 GB, temp_buffer_size=6.176 GB, available_memory=64.000 GB, comm_cost=1.593)
Using pre computed peak Mem for (3, 11, 2, 0), module 0
result[(3, 11, 2, 0), 0] = ModuleProfileResult(compute_cost=2754.932, peak_memory=30.600 GB, invar_size=7.696 GB, outvar_size=19.697 GB, temp_buffer_size=3.208 GB, available_memory=64.000 GB, comm_cost=1.968)
Using pre computed peak Mem for (3, 11, 2, 0), module 1
result[(3, 11, 2, 0), 1] = ModuleProfileResult(compute_cost=4722.780, peak_memory=35.100 GB, invar_size=27.299 GB, outvar_size=7.696 GB, temp_buffer_size=7.708 GB, available_memory=64.000 GB, comm_cost=2.413)
Using pre computed peak Mem for (3, 11, 2, 1), module 0
result[(3, 11, 2, 1), 0] = ModuleProfileResult(compute_cost=2754.932, peak_memory=30.600 GB, invar_size=7.696 GB, outvar_size=20.013 GB, temp_buffer_size=2.891 GB, available_memory=64.000 GB, comm_cost=1.968)
Using pre computed peak Mem for (3, 11, 2, 1), module 1
result[(3, 11, 2, 1), 1] = ModuleProfileResult(compute_cost=4722.175, peak_memory=35.100 GB, invar_size=27.615 GB, outvar_size=7.696 GB, temp_buffer_size=7.391 GB, available_memory=64.000 GB, comm_cost=1.816)
Using pre computed peak Mem for (4, 4, 2, 0), module 0
result[(4, 4, 2, 0), 0] = ModuleProfileResult(compute_cost=337.135, peak_memory=3.400 GB, invar_size=0.938 GB, outvar_size=2.368 GB, temp_buffer_size=0.095 GB, available_memory=64.000 GB, comm_cost=0.243)
Using pre computed peak Mem for (4, 4, 2, 0), module 1
result[(4, 4, 2, 0), 1] = ModuleProfileResult(compute_cost=539.925, peak_memory=3.900 GB, invar_size=3.212 GB, outvar_size=0.938 GB, temp_buffer_size=0.595 GB, available_memory=64.000 GB, comm_cost=0.274)
Using pre computed peak Mem for (4, 4, 2, 1), module 0
result[(4, 4, 2, 1), 0] = ModuleProfileResult(compute_cost=337.135, peak_memory=3.400 GB, invar_size=0.938 GB, outvar_size=2.403 GB, temp_buffer_size=0.060 GB, available_memory=64.000 GB, comm_cost=0.243)
result[(4, 4, 2, 1), 1] = ModuleProfileResult(compute_cost=539.724, peak_memory=3.915 GB, invar_size=3.247 GB, outvar_size=0.938 GB, temp_buffer_size=0.574 GB, available_memory=64.000 GB, comm_cost=0.075)
Using pre computed peak Mem for (4, 5, 2, 0), module 0
result[(4, 5, 2, 0), 0] = ModuleProfileResult(compute_cost=674.239, peak_memory=6.800 GB, invar_size=1.782 GB, outvar_size=4.606 GB, temp_buffer_size=0.412 GB, available_memory=64.000 GB, comm_cost=0.487)
Using pre computed peak Mem for (4, 5, 2, 0), module 1
result[(4, 5, 2, 0), 1] = ModuleProfileResult(compute_cost=1079.851, peak_memory=7.800 GB, invar_size=6.294 GB, outvar_size=1.782 GB, temp_buffer_size=1.412 GB, available_memory=64.000 GB, comm_cost=0.547)
Using pre computed peak Mem for (4, 5, 2, 1), module 0
result[(4, 5, 2, 1), 0] = ModuleProfileResult(compute_cost=674.239, peak_memory=6.800 GB, invar_size=1.782 GB, outvar_size=4.606 GB, temp_buffer_size=0.412 GB, available_memory=64.000 GB, comm_cost=0.487)
Using pre computed peak Mem for (4, 5, 2, 1), module 1
result[(4, 5, 2, 1), 1] = ModuleProfileResult(compute_cost=1079.650, peak_memory=7.800 GB, invar_size=6.294 GB, outvar_size=1.782 GB, temp_buffer_size=1.412 GB, available_memory=64.000 GB, comm_cost=0.348)
Using pre computed peak Mem for (4, 6, 2, 0), module 0
result[(4, 6, 2, 0), 0] = ModuleProfileResult(compute_cost=1011.344, peak_memory=10.200 GB, invar_size=2.626 GB, outvar_size=6.845 GB, temp_buffer_size=0.730 GB, available_memory=64.000 GB, comm_cost=0.730)
Using pre computed peak Mem for (4, 6, 2, 0), module 1
result[(4, 6, 2, 0), 1] = ModuleProfileResult(compute_cost=1619.776, peak_memory=11.700 GB, invar_size=9.377 GB, outvar_size=2.626 GB, temp_buffer_size=2.230 GB, available_memory=64.000 GB, comm_cost=0.821)
Using pre computed peak Mem for (4, 6, 2, 1), module 0
result[(4, 6, 2, 1), 0] = ModuleProfileResult(compute_cost=1011.344, peak_memory=10.200 GB, invar_size=2.626 GB, outvar_size=6.880 GB, temp_buffer_size=0.694 GB, available_memory=64.000 GB, comm_cost=0.730)
Using pre computed peak Mem for (4, 6, 2, 1), module 1
result[(4, 6, 2, 1), 1] = ModuleProfileResult(compute_cost=1619.775, peak_memory=11.700 GB, invar_size=9.412 GB, outvar_size=2.626 GB, temp_buffer_size=2.194 GB, available_memory=64.000 GB, comm_cost=0.823)
Using pre computed peak Mem for (4, 7, 2, 0), module 0
result[(4, 7, 2, 0), 0] = ModuleProfileResult(compute_cost=1348.448, peak_memory=13.600 GB, invar_size=3.470 GB, outvar_size=9.083 GB, temp_buffer_size=1.047 GB, available_memory=64.000 GB, comm_cost=0.974)
Using pre computed peak Mem for (4, 7, 2, 0), module 1
result[(4, 7, 2, 0), 1] = ModuleProfileResult(compute_cost=2159.702, peak_memory=15.600 GB, invar_size=12.459 GB, outvar_size=3.470 GB, temp_buffer_size=3.047 GB, available_memory=64.000 GB, comm_cost=1.095)
Using pre computed peak Mem for (4, 7, 2, 1), module 0
result[(4, 7, 2, 1), 0] = ModuleProfileResult(compute_cost=1348.448, peak_memory=13.600 GB, invar_size=3.470 GB, outvar_size=9.119 GB, temp_buffer_size=1.012 GB, available_memory=64.000 GB, comm_cost=0.974)
Using pre computed peak Mem for (4, 7, 2, 1), module 1
result[(4, 7, 2, 1), 1] = ModuleProfileResult(compute_cost=2159.299, peak_memory=15.600 GB, invar_size=12.494 GB, outvar_size=3.470 GB, temp_buffer_size=3.012 GB, available_memory=64.000 GB, comm_cost=0.697)
Using pre computed peak Mem for (4, 8, 2, 0), module 0
result[(4, 8, 2, 0), 0] = ModuleProfileResult(compute_cost=1685.552, peak_memory=17.000 GB, invar_size=4.314 GB, outvar_size=11.392 GB, temp_buffer_size=1.294 GB, available_memory=64.000 GB, comm_cost=1.217)
Using pre computed peak Mem for (4, 8, 2, 0), module 1
result[(4, 8, 2, 0), 1] = ModuleProfileResult(compute_cost=2699.627, peak_memory=19.500 GB, invar_size=15.612 GB, outvar_size=4.314 GB, temp_buffer_size=3.794 GB, available_memory=64.000 GB, comm_cost=1.368)
Using pre computed peak Mem for (4, 8, 2, 1), module 0
result[(4, 8, 2, 1), 0] = ModuleProfileResult(compute_cost=1685.552, peak_memory=17.000 GB, invar_size=4.314 GB, outvar_size=11.392 GB, temp_buffer_size=1.294 GB, available_memory=64.000 GB, comm_cost=1.217)
Using pre computed peak Mem for (4, 8, 2, 1), module 1
result[(4, 8, 2, 1), 1] = ModuleProfileResult(compute_cost=2699.224, peak_memory=19.500 GB, invar_size=15.612 GB, outvar_size=4.314 GB, temp_buffer_size=3.794 GB, available_memory=64.000 GB, comm_cost=0.971)
Using pre computed peak Mem for (4, 9, 2, 0), module 0
result[(4, 9, 2, 0), 0] = ModuleProfileResult(compute_cost=2022.656, peak_memory=20.400 GB, invar_size=5.158 GB, outvar_size=13.490 GB, temp_buffer_size=1.752 GB, available_memory=64.000 GB, comm_cost=1.461)
Using pre computed peak Mem for (4, 9, 2, 0), module 1
result[(4, 9, 2, 0), 1] = ModuleProfileResult(compute_cost=3239.553, peak_memory=23.400 GB, invar_size=18.554 GB, outvar_size=5.158 GB, temp_buffer_size=4.752 GB, available_memory=64.000 GB, comm_cost=1.642)
Using pre computed peak Mem for (4, 9, 2, 1), module 0
result[(4, 9, 2, 1), 0] = ModuleProfileResult(compute_cost=2022.656, peak_memory=20.400 GB, invar_size=5.158 GB, outvar_size=13.701 GB, temp_buffer_size=1.541 GB, available_memory=64.000 GB, comm_cost=1.461)
Using pre computed peak Mem for (4, 9, 2, 1), module 1
result[(4, 9, 2, 1), 1] = ModuleProfileResult(compute_cost=3238.747, peak_memory=23.400 GB, invar_size=18.765 GB, outvar_size=5.158 GB, temp_buffer_size=4.541 GB, available_memory=64.000 GB, comm_cost=0.846)
Using pre computed peak Mem for (4, 10, 2, 0), module 0
result[(4, 10, 2, 0), 0] = ModuleProfileResult(compute_cost=2359.760, peak_memory=23.800 GB, invar_size=6.002 GB, outvar_size=15.799 GB, temp_buffer_size=1.999 GB, available_memory=64.000 GB, comm_cost=1.704)
Using pre computed peak Mem for (4, 10, 2, 0), module 1
result[(4, 10, 2, 0), 1] = ModuleProfileResult(compute_cost=3779.478, peak_memory=27.300 GB, invar_size=21.707 GB, outvar_size=6.002 GB, temp_buffer_size=5.499 GB, available_memory=64.000 GB, comm_cost=1.916)
Using pre computed peak Mem for (4, 10, 2, 1), module 0
result[(4, 10, 2, 1), 0] = ModuleProfileResult(compute_cost=2359.760, peak_memory=23.800 GB, invar_size=6.002 GB, outvar_size=15.905 GB, temp_buffer_size=1.894 GB, available_memory=64.000 GB, comm_cost=1.704)
Using pre computed peak Mem for (4, 10, 2, 1), module 1
result[(4, 10, 2, 1), 1] = ModuleProfileResult(compute_cost=3779.075, peak_memory=27.300 GB, invar_size=21.813 GB, outvar_size=6.002 GB, temp_buffer_size=5.394 GB, available_memory=64.000 GB, comm_cost=1.518)
Using pre computed peak Mem for (4, 11, 2, 0), module 0
result[(4, 11, 2, 0), 0] = ModuleProfileResult(compute_cost=2417.828, peak_memory=27.200 GB, invar_size=6.852 GB, outvar_size=17.423 GB, temp_buffer_size=2.925 GB, available_memory=64.000 GB, comm_cost=1.725)
Using pre computed peak Mem for (4, 11, 2, 0), module 1
result[(4, 11, 2, 0), 1] = ModuleProfileResult(compute_cost=4182.854, peak_memory=31.200 GB, invar_size=24.181 GB, outvar_size=6.852 GB, temp_buffer_size=6.925 GB, available_memory=64.000 GB, comm_cost=2.139)
Using pre computed peak Mem for (4, 11, 2, 1), module 0
result[(4, 11, 2, 1), 0] = ModuleProfileResult(compute_cost=2417.828, peak_memory=27.200 GB, invar_size=6.852 GB, outvar_size=17.634 GB, temp_buffer_size=2.714 GB, available_memory=64.000 GB, comm_cost=1.725)
Using pre computed peak Mem for (4, 11, 2, 1), module 1
result[(4, 11, 2, 1), 1] = ModuleProfileResult(compute_cost=4182.249, peak_memory=31.200 GB, invar_size=24.392 GB, outvar_size=6.852 GB, temp_buffer_size=6.714 GB, available_memory=64.000 GB, comm_cost=1.544)
Using pre computed peak Mem for (5, 5, 2, 0), module 0
result[(5, 5, 2, 0), 0] = ModuleProfileResult(compute_cost=337.135, peak_memory=3.400 GB, invar_size=0.938 GB, outvar_size=2.368 GB, temp_buffer_size=0.095 GB, available_memory=64.000 GB, comm_cost=0.243)
Using pre computed peak Mem for (5, 5, 2, 0), module 1
result[(5, 5, 2, 0), 1] = ModuleProfileResult(compute_cost=539.925, peak_memory=3.900 GB, invar_size=3.212 GB, outvar_size=0.938 GB, temp_buffer_size=0.595 GB, available_memory=64.000 GB, comm_cost=0.274)
Using pre computed peak Mem for (5, 5, 2, 1), module 0
result[(5, 5, 2, 1), 0] = ModuleProfileResult(compute_cost=337.135, peak_memory=3.400 GB, invar_size=0.938 GB, outvar_size=2.403 GB, temp_buffer_size=0.060 GB, available_memory=64.000 GB, comm_cost=0.243)
result[(5, 5, 2, 1), 1] = ModuleProfileResult(compute_cost=539.724, peak_memory=3.915 GB, invar_size=3.247 GB, outvar_size=0.938 GB, temp_buffer_size=0.574 GB, available_memory=64.000 GB, comm_cost=0.075)
Using pre computed peak Mem for (5, 6, 2, 0), module 0
result[(5, 6, 2, 0), 0] = ModuleProfileResult(compute_cost=674.239, peak_memory=6.800 GB, invar_size=1.782 GB, outvar_size=4.536 GB, temp_buffer_size=0.482 GB, available_memory=64.000 GB, comm_cost=0.487)
Using pre computed peak Mem for (5, 6, 2, 0), module 1
result[(5, 6, 2, 0), 1] = ModuleProfileResult(compute_cost=1079.851, peak_memory=7.800 GB, invar_size=6.224 GB, outvar_size=1.782 GB, temp_buffer_size=1.482 GB, available_memory=64.000 GB, comm_cost=0.547)
Using pre computed peak Mem for (5, 6, 2, 1), module 0
result[(5, 6, 2, 1), 0] = ModuleProfileResult(compute_cost=674.239, peak_memory=6.800 GB, invar_size=1.782 GB, outvar_size=4.571 GB, temp_buffer_size=0.447 GB, available_memory=64.000 GB, comm_cost=0.487)
Using pre computed peak Mem for (5, 6, 2, 1), module 1
result[(5, 6, 2, 1), 1] = ModuleProfileResult(compute_cost=1079.850, peak_memory=7.800 GB, invar_size=6.259 GB, outvar_size=1.782 GB, temp_buffer_size=1.447 GB, available_memory=64.000 GB, comm_cost=0.548)
Using pre computed peak Mem for (5, 7, 2, 0), module 0
result[(5, 7, 2, 0), 0] = ModuleProfileResult(compute_cost=1011.344, peak_memory=10.200 GB, invar_size=2.626 GB, outvar_size=6.810 GB, temp_buffer_size=0.765 GB, available_memory=64.000 GB, comm_cost=0.730)
Using pre computed peak Mem for (5, 7, 2, 0), module 1
result[(5, 7, 2, 0), 1] = ModuleProfileResult(compute_cost=1619.776, peak_memory=11.700 GB, invar_size=9.342 GB, outvar_size=2.626 GB, temp_buffer_size=2.265 GB, available_memory=64.000 GB, comm_cost=0.821)
Using pre computed peak Mem for (5, 7, 2, 1), module 0
result[(5, 7, 2, 1), 0] = ModuleProfileResult(compute_cost=1011.344, peak_memory=10.200 GB, invar_size=2.626 GB, outvar_size=6.915 GB, temp_buffer_size=0.659 GB, available_memory=64.000 GB, comm_cost=0.730)
Using pre computed peak Mem for (5, 7, 2, 1), module 1
result[(5, 7, 2, 1), 1] = ModuleProfileResult(compute_cost=1619.574, peak_memory=11.700 GB, invar_size=9.447 GB, outvar_size=2.626 GB, temp_buffer_size=2.159 GB, available_memory=64.000 GB, comm_cost=0.623)
Using pre computed peak Mem for (5, 8, 2, 0), module 0
result[(5, 8, 2, 0), 0] = ModuleProfileResult(compute_cost=1348.448, peak_memory=13.600 GB, invar_size=3.470 GB, outvar_size=9.013 GB, temp_buffer_size=1.117 GB, available_memory=64.000 GB, comm_cost=0.974)
Using pre computed peak Mem for (5, 8, 2, 0), module 1
result[(5, 8, 2, 0), 1] = ModuleProfileResult(compute_cost=2159.702, peak_memory=15.600 GB, invar_size=12.389 GB, outvar_size=3.470 GB, temp_buffer_size=3.117 GB, available_memory=64.000 GB, comm_cost=1.095)
Using pre computed peak Mem for (5, 8, 2, 1), module 0
result[(5, 8, 2, 1), 0] = ModuleProfileResult(compute_cost=1348.448, peak_memory=13.600 GB, invar_size=3.470 GB, outvar_size=9.154 GB, temp_buffer_size=0.977 GB, available_memory=64.000 GB, comm_cost=0.974)
Using pre computed peak Mem for (5, 8, 2, 1), module 1
result[(5, 8, 2, 1), 1] = ModuleProfileResult(compute_cost=2159.098, peak_memory=15.600 GB, invar_size=12.530 GB, outvar_size=3.470 GB, temp_buffer_size=2.977 GB, available_memory=64.000 GB, comm_cost=0.497)
Using pre computed peak Mem for (5, 9, 2, 0), module 0
result[(5, 9, 2, 0), 0] = ModuleProfileResult(compute_cost=1685.552, peak_memory=17.000 GB, invar_size=4.314 GB, outvar_size=11.357 GB, temp_buffer_size=1.329 GB, available_memory=64.000 GB, comm_cost=1.217)
Using pre computed peak Mem for (5, 9, 2, 0), module 1
result[(5, 9, 2, 0), 1] = ModuleProfileResult(compute_cost=2699.627, peak_memory=19.500 GB, invar_size=15.577 GB, outvar_size=4.314 GB, temp_buffer_size=3.829 GB, available_memory=64.000 GB, comm_cost=1.368)
Using pre computed peak Mem for (5, 9, 2, 1), module 0
result[(5, 9, 2, 1), 0] = ModuleProfileResult(compute_cost=1685.552, peak_memory=17.000 GB, invar_size=4.314 GB, outvar_size=11.392 GB, temp_buffer_size=1.294 GB, available_memory=64.000 GB, comm_cost=1.217)
Using pre computed peak Mem for (5, 9, 2, 1), module 1
result[(5, 9, 2, 1), 1] = ModuleProfileResult(compute_cost=2699.224, peak_memory=19.500 GB, invar_size=15.612 GB, outvar_size=4.314 GB, temp_buffer_size=3.794 GB, available_memory=64.000 GB, comm_cost=0.971)
Using pre computed peak Mem for (5, 10, 2, 0), module 0
result[(5, 10, 2, 0), 0] = ModuleProfileResult(compute_cost=2022.656, peak_memory=20.400 GB, invar_size=5.158 GB, outvar_size=13.490 GB, temp_buffer_size=1.752 GB, available_memory=64.000 GB, comm_cost=1.461)
Using pre computed peak Mem for (5, 10, 2, 0), module 1
result[(5, 10, 2, 0), 1] = ModuleProfileResult(compute_cost=3239.553, peak_memory=23.400 GB, invar_size=18.554 GB, outvar_size=5.158 GB, temp_buffer_size=4.752 GB, available_memory=64.000 GB, comm_cost=1.642)
Using pre computed peak Mem for (5, 10, 2, 1), module 0
result[(5, 10, 2, 1), 0] = ModuleProfileResult(compute_cost=2022.656, peak_memory=20.400 GB, invar_size=5.158 GB, outvar_size=13.772 GB, temp_buffer_size=1.471 GB, available_memory=64.000 GB, comm_cost=1.461)
Using pre computed peak Mem for (5, 10, 2, 1), module 1
result[(5, 10, 2, 1), 1] = ModuleProfileResult(compute_cost=3238.748, peak_memory=23.400 GB, invar_size=18.835 GB, outvar_size=5.158 GB, temp_buffer_size=4.471 GB, available_memory=64.000 GB, comm_cost=0.845)
Using pre computed peak Mem for (5, 11, 2, 0), module 0
result[(5, 11, 2, 0), 0] = ModuleProfileResult(compute_cost=2080.724, peak_memory=23.800 GB, invar_size=6.008 GB, outvar_size=15.430 GB, temp_buffer_size=2.362 GB, available_memory=64.000 GB, comm_cost=1.482)
Using pre computed peak Mem for (5, 11, 2, 0), module 1
result[(5, 11, 2, 0), 1] = ModuleProfileResult(compute_cost=3642.929, peak_memory=27.300 GB, invar_size=21.344 GB, outvar_size=6.008 GB, temp_buffer_size=5.862 GB, available_memory=64.000 GB, comm_cost=1.865)
Using pre computed peak Mem for (5, 11, 2, 1), module 0
result[(5, 11, 2, 1), 0] = ModuleProfileResult(compute_cost=2080.724, peak_memory=23.800 GB, invar_size=6.008 GB, outvar_size=15.325 GB, temp_buffer_size=2.467 GB, available_memory=64.000 GB, comm_cost=1.482)
Using pre computed peak Mem for (5, 11, 2, 1), module 1
result[(5, 11, 2, 1), 1] = ModuleProfileResult(compute_cost=3642.124, peak_memory=27.300 GB, invar_size=21.239 GB, outvar_size=6.008 GB, temp_buffer_size=5.967 GB, available_memory=64.000 GB, comm_cost=1.069)
Using pre computed peak Mem for (6, 6, 2, 0), module 0
result[(6, 6, 2, 0), 0] = ModuleProfileResult(compute_cost=337.135, peak_memory=3.400 GB, invar_size=0.938 GB, outvar_size=2.368 GB, temp_buffer_size=0.095 GB, available_memory=64.000 GB, comm_cost=0.243)
Using pre computed peak Mem for (6, 6, 2, 0), module 1
result[(6, 6, 2, 0), 1] = ModuleProfileResult(compute_cost=539.925, peak_memory=3.900 GB, invar_size=3.212 GB, outvar_size=0.938 GB, temp_buffer_size=0.595 GB, available_memory=64.000 GB, comm_cost=0.274)
Using pre computed peak Mem for (6, 6, 2, 1), module 0
result[(6, 6, 2, 1), 0] = ModuleProfileResult(compute_cost=337.135, peak_memory=3.400 GB, invar_size=0.938 GB, outvar_size=2.368 GB, temp_buffer_size=0.095 GB, available_memory=64.000 GB, comm_cost=0.243)
Using pre computed peak Mem for (6, 6, 2, 1), module 1
result[(6, 6, 2, 1), 1] = ModuleProfileResult(compute_cost=539.925, peak_memory=3.900 GB, invar_size=3.212 GB, outvar_size=0.938 GB, temp_buffer_size=0.595 GB, available_memory=64.000 GB, comm_cost=0.274)
Using pre computed peak Mem for (6, 7, 2, 0), module 0
result[(6, 7, 2, 0), 0] = ModuleProfileResult(compute_cost=674.239, peak_memory=6.800 GB, invar_size=1.782 GB, outvar_size=4.606 GB, temp_buffer_size=0.412 GB, available_memory=64.000 GB, comm_cost=0.487)
Using pre computed peak Mem for (6, 7, 2, 0), module 1
result[(6, 7, 2, 0), 1] = ModuleProfileResult(compute_cost=1079.851, peak_memory=7.800 GB, invar_size=6.294 GB, outvar_size=1.782 GB, temp_buffer_size=1.412 GB, available_memory=64.000 GB, comm_cost=0.547)
Using pre computed peak Mem for (6, 7, 2, 1), module 0
result[(6, 7, 2, 1), 0] = ModuleProfileResult(compute_cost=674.239, peak_memory=6.800 GB, invar_size=1.782 GB, outvar_size=4.606 GB, temp_buffer_size=0.412 GB, available_memory=64.000 GB, comm_cost=0.487)
Using pre computed peak Mem for (6, 7, 2, 1), module 1
result[(6, 7, 2, 1), 1] = ModuleProfileResult(compute_cost=1079.649, peak_memory=7.800 GB, invar_size=6.294 GB, outvar_size=1.782 GB, temp_buffer_size=1.412 GB, available_memory=64.000 GB, comm_cost=0.349)
Using pre computed peak Mem for (6, 8, 2, 0), module 0
result[(6, 8, 2, 0), 0] = ModuleProfileResult(compute_cost=1011.344, peak_memory=10.200 GB, invar_size=2.626 GB, outvar_size=6.880 GB, temp_buffer_size=0.694 GB, available_memory=64.000 GB, comm_cost=0.730)
Using pre computed peak Mem for (6, 8, 2, 0), module 1
result[(6, 8, 2, 0), 1] = ModuleProfileResult(compute_cost=1619.776, peak_memory=11.700 GB, invar_size=9.412 GB, outvar_size=2.626 GB, temp_buffer_size=2.194 GB, available_memory=64.000 GB, comm_cost=0.821)
Using pre computed peak Mem for (6, 8, 2, 1), module 0
result[(6, 8, 2, 1), 0] = ModuleProfileResult(compute_cost=1011.344, peak_memory=10.200 GB, invar_size=2.626 GB, outvar_size=6.810 GB, temp_buffer_size=0.765 GB, available_memory=64.000 GB, comm_cost=0.730)
Using pre computed peak Mem for (6, 8, 2, 1), module 1
result[(6, 8, 2, 1), 1] = ModuleProfileResult(compute_cost=1619.775, peak_memory=11.700 GB, invar_size=9.342 GB, outvar_size=2.626 GB, temp_buffer_size=2.265 GB, available_memory=64.000 GB, comm_cost=0.822)
Using pre computed peak Mem for (6, 9, 2, 0), module 0
result[(6, 9, 2, 0), 0] = ModuleProfileResult(compute_cost=1348.448, peak_memory=13.600 GB, invar_size=3.470 GB, outvar_size=9.083 GB, temp_buffer_size=1.047 GB, available_memory=64.000 GB, comm_cost=0.974)
Using pre computed peak Mem for (6, 9, 2, 0), module 1
result[(6, 9, 2, 0), 1] = ModuleProfileResult(compute_cost=2159.702, peak_memory=15.600 GB, invar_size=12.459 GB, outvar_size=3.470 GB, temp_buffer_size=3.047 GB, available_memory=64.000 GB, comm_cost=1.095)
Using pre computed peak Mem for (6, 9, 2, 1), module 0
result[(6, 9, 2, 1), 0] = ModuleProfileResult(compute_cost=1348.448, peak_memory=13.600 GB, invar_size=3.470 GB, outvar_size=9.048 GB, temp_buffer_size=1.082 GB, available_memory=64.000 GB, comm_cost=0.974)
Using pre computed peak Mem for (6, 9, 2, 1), module 1
result[(6, 9, 2, 1), 1] = ModuleProfileResult(compute_cost=2159.700, peak_memory=15.600 GB, invar_size=12.424 GB, outvar_size=3.470 GB, temp_buffer_size=3.082 GB, available_memory=64.000 GB, comm_cost=1.097)
Using pre computed peak Mem for (6, 10, 2, 0), module 0
result[(6, 10, 2, 0), 0] = ModuleProfileResult(compute_cost=1685.552, peak_memory=17.000 GB, invar_size=4.314 GB, outvar_size=11.287 GB, temp_buffer_size=1.400 GB, available_memory=64.000 GB, comm_cost=1.217)
Using pre computed peak Mem for (6, 10, 2, 0), module 1
result[(6, 10, 2, 0), 1] = ModuleProfileResult(compute_cost=2699.627, peak_memory=19.500 GB, invar_size=15.507 GB, outvar_size=4.314 GB, temp_buffer_size=3.900 GB, available_memory=64.000 GB, comm_cost=1.368)
Using pre computed peak Mem for (6, 10, 2, 1), module 0
result[(6, 10, 2, 1), 0] = ModuleProfileResult(compute_cost=1685.552, peak_memory=17.000 GB, invar_size=4.314 GB, outvar_size=11.498 GB, temp_buffer_size=1.189 GB, available_memory=64.000 GB, comm_cost=1.217)
Using pre computed peak Mem for (6, 10, 2, 1), module 1
result[(6, 10, 2, 1), 1] = ModuleProfileResult(compute_cost=2698.822, peak_memory=19.500 GB, invar_size=15.718 GB, outvar_size=4.314 GB, temp_buffer_size=3.689 GB, available_memory=64.000 GB, comm_cost=0.572)
Using pre computed peak Mem for (6, 11, 2, 0), module 0
result[(6, 11, 2, 0), 0] = ModuleProfileResult(compute_cost=1743.620, peak_memory=20.400 GB, invar_size=5.164 GB, outvar_size=13.016 GB, temp_buffer_size=2.220 GB, available_memory=64.000 GB, comm_cost=1.238)
Using pre computed peak Mem for (6, 11, 2, 0), module 1
result[(6, 11, 2, 0), 1] = ModuleProfileResult(compute_cost=3103.003, peak_memory=23.400 GB, invar_size=18.086 GB, outvar_size=5.164 GB, temp_buffer_size=5.220 GB, available_memory=64.000 GB, comm_cost=1.592)
Using pre computed peak Mem for (6, 11, 2, 1), module 0
result[(6, 11, 2, 1), 0] = ModuleProfileResult(compute_cost=1743.620, peak_memory=20.400 GB, invar_size=5.164 GB, outvar_size=13.121 GB, temp_buffer_size=2.115 GB, available_memory=64.000 GB, comm_cost=1.238)
Using pre computed peak Mem for (6, 11, 2, 1), module 1
result[(6, 11, 2, 1), 1] = ModuleProfileResult(compute_cost=3102.398, peak_memory=23.400 GB, invar_size=18.192 GB, outvar_size=5.164 GB, temp_buffer_size=5.115 GB, available_memory=64.000 GB, comm_cost=0.996)
Using pre computed peak Mem for (7, 7, 2, 0), module 0
result[(7, 7, 2, 0), 0] = ModuleProfileResult(compute_cost=337.135, peak_memory=3.400 GB, invar_size=0.938 GB, outvar_size=2.368 GB, temp_buffer_size=0.095 GB, available_memory=64.000 GB, comm_cost=0.243)
Using pre computed peak Mem for (7, 7, 2, 0), module 1
result[(7, 7, 2, 0), 1] = ModuleProfileResult(compute_cost=539.925, peak_memory=3.900 GB, invar_size=3.212 GB, outvar_size=0.938 GB, temp_buffer_size=0.595 GB, available_memory=64.000 GB, comm_cost=0.274)
Using pre computed peak Mem for (7, 7, 2, 1), module 0
result[(7, 7, 2, 1), 0] = ModuleProfileResult(compute_cost=337.135, peak_memory=3.400 GB, invar_size=0.938 GB, outvar_size=2.403 GB, temp_buffer_size=0.060 GB, available_memory=64.000 GB, comm_cost=0.243)
result[(7, 7, 2, 1), 1] = ModuleProfileResult(compute_cost=539.724, peak_memory=3.915 GB, invar_size=3.247 GB, outvar_size=0.938 GB, temp_buffer_size=0.574 GB, available_memory=64.000 GB, comm_cost=0.075)
Using pre computed peak Mem for (7, 8, 2, 0), module 0
result[(7, 8, 2, 0), 0] = ModuleProfileResult(compute_cost=674.239, peak_memory=6.800 GB, invar_size=1.782 GB, outvar_size=4.641 GB, temp_buffer_size=0.377 GB, available_memory=64.000 GB, comm_cost=0.487)
Using pre computed peak Mem for (7, 8, 2, 0), module 1
result[(7, 8, 2, 0), 1] = ModuleProfileResult(compute_cost=1079.851, peak_memory=7.800 GB, invar_size=6.329 GB, outvar_size=1.782 GB, temp_buffer_size=1.377 GB, available_memory=64.000 GB, comm_cost=0.547)
Using pre computed peak Mem for (7, 8, 2, 1), module 0
result[(7, 8, 2, 1), 0] = ModuleProfileResult(compute_cost=674.239, peak_memory=6.800 GB, invar_size=1.782 GB, outvar_size=4.641 GB, temp_buffer_size=0.377 GB, available_memory=64.000 GB, comm_cost=0.487)
Using pre computed peak Mem for (7, 8, 2, 1), module 1
result[(7, 8, 2, 1), 1] = ModuleProfileResult(compute_cost=1079.649, peak_memory=7.800 GB, invar_size=6.329 GB, outvar_size=1.782 GB, temp_buffer_size=1.377 GB, available_memory=64.000 GB, comm_cost=0.349)
Using pre computed peak Mem for (7, 9, 2, 0), module 0
result[(7, 9, 2, 0), 0] = ModuleProfileResult(compute_cost=1011.344, peak_memory=10.200 GB, invar_size=2.626 GB, outvar_size=6.915 GB, temp_buffer_size=0.659 GB, available_memory=64.000 GB, comm_cost=0.730)
Using pre computed peak Mem for (7, 9, 2, 0), module 1
result[(7, 9, 2, 0), 1] = ModuleProfileResult(compute_cost=1619.776, peak_memory=11.700 GB, invar_size=9.447 GB, outvar_size=2.626 GB, temp_buffer_size=2.159 GB, available_memory=64.000 GB, comm_cost=0.821)
Using pre computed peak Mem for (7, 9, 2, 1), module 0
result[(7, 9, 2, 1), 0] = ModuleProfileResult(compute_cost=1011.344, peak_memory=10.200 GB, invar_size=2.626 GB, outvar_size=6.950 GB, temp_buffer_size=0.624 GB, available_memory=64.000 GB, comm_cost=0.730)
result[(7, 9, 2, 1), 1] = ModuleProfileResult(compute_cost=1619.173, peak_memory=10.420 GB, invar_size=9.482 GB, outvar_size=2.626 GB, temp_buffer_size=0.844 GB, available_memory=64.000 GB, comm_cost=0.223)
Using pre computed peak Mem for (7, 10, 2, 0), module 0
result[(7, 10, 2, 0), 0] = ModuleProfileResult(compute_cost=1348.448, peak_memory=13.600 GB, invar_size=3.470 GB, outvar_size=9.154 GB, temp_buffer_size=0.977 GB, available_memory=64.000 GB, comm_cost=0.974)
Using pre computed peak Mem for (7, 10, 2, 0), module 1
result[(7, 10, 2, 0), 1] = ModuleProfileResult(compute_cost=2159.702, peak_memory=15.600 GB, invar_size=12.530 GB, outvar_size=3.470 GB, temp_buffer_size=2.977 GB, available_memory=64.000 GB, comm_cost=1.095)
Using pre computed peak Mem for (7, 10, 2, 1), module 0
result[(7, 10, 2, 1), 0] = ModuleProfileResult(compute_cost=1348.448, peak_memory=13.600 GB, invar_size=3.470 GB, outvar_size=9.189 GB, temp_buffer_size=0.941 GB, available_memory=64.000 GB, comm_cost=0.974)
Using pre computed peak Mem for (7, 10, 2, 1), module 1
result[(7, 10, 2, 1), 1] = ModuleProfileResult(compute_cost=2159.500, peak_memory=15.600 GB, invar_size=12.565 GB, outvar_size=3.470 GB, temp_buffer_size=2.941 GB, available_memory=64.000 GB, comm_cost=0.896)
Using pre computed peak Mem for (7, 11, 2, 0), module 0
result[(7, 11, 2, 0), 0] = ModuleProfileResult(compute_cost=1406.515, peak_memory=17.000 GB, invar_size=4.320 GB, outvar_size=10.813 GB, temp_buffer_size=1.868 GB, available_memory=64.000 GB, comm_cost=0.995)
Using pre computed peak Mem for (7, 11, 2, 0), module 1
result[(7, 11, 2, 0), 1] = ModuleProfileResult(compute_cost=2563.078, peak_memory=19.500 GB, invar_size=15.039 GB, outvar_size=4.320 GB, temp_buffer_size=4.368 GB, available_memory=64.000 GB, comm_cost=1.318)
Using pre computed peak Mem for (7, 11, 2, 1), module 0
result[(7, 11, 2, 1), 0] = ModuleProfileResult(compute_cost=1406.515, peak_memory=17.000 GB, invar_size=4.320 GB, outvar_size=10.777 GB, temp_buffer_size=1.903 GB, available_memory=64.000 GB, comm_cost=0.995)
Using pre computed peak Mem for (7, 11, 2, 1), module 1
result[(7, 11, 2, 1), 1] = ModuleProfileResult(compute_cost=2562.876, peak_memory=19.500 GB, invar_size=15.003 GB, outvar_size=4.320 GB, temp_buffer_size=4.403 GB, available_memory=64.000 GB, comm_cost=1.120)
Using pre computed peak Mem for (8, 8, 2, 0), module 0
result[(8, 8, 2, 0), 0] = ModuleProfileResult(compute_cost=337.135, peak_memory=3.400 GB, invar_size=0.938 GB, outvar_size=2.368 GB, temp_buffer_size=0.095 GB, available_memory=64.000 GB, comm_cost=0.243)
Using pre computed peak Mem for (8, 8, 2, 0), module 1
result[(8, 8, 2, 0), 1] = ModuleProfileResult(compute_cost=539.925, peak_memory=3.900 GB, invar_size=3.212 GB, outvar_size=0.938 GB, temp_buffer_size=0.595 GB, available_memory=64.000 GB, comm_cost=0.274)
Using pre computed peak Mem for (8, 8, 2, 1), module 0
result[(8, 8, 2, 1), 0] = ModuleProfileResult(compute_cost=337.135, peak_memory=3.400 GB, invar_size=0.938 GB, outvar_size=2.403 GB, temp_buffer_size=0.060 GB, available_memory=64.000 GB, comm_cost=0.243)
result[(8, 8, 2, 1), 1] = ModuleProfileResult(compute_cost=539.724, peak_memory=3.915 GB, invar_size=3.247 GB, outvar_size=0.938 GB, temp_buffer_size=0.574 GB, available_memory=64.000 GB, comm_cost=0.075)
Using pre computed peak Mem for (8, 9, 2, 0), module 0
result[(8, 9, 2, 0), 0] = ModuleProfileResult(compute_cost=674.239, peak_memory=6.800 GB, invar_size=1.782 GB, outvar_size=4.571 GB, temp_buffer_size=0.447 GB, available_memory=64.000 GB, comm_cost=0.487)
Using pre computed peak Mem for (8, 9, 2, 0), module 1
result[(8, 9, 2, 0), 1] = ModuleProfileResult(compute_cost=1079.851, peak_memory=7.800 GB, invar_size=6.259 GB, outvar_size=1.782 GB, temp_buffer_size=1.447 GB, available_memory=64.000 GB, comm_cost=0.547)
Using pre computed peak Mem for (8, 9, 2, 1), module 0
result[(8, 9, 2, 1), 0] = ModuleProfileResult(compute_cost=674.239, peak_memory=6.800 GB, invar_size=1.782 GB, outvar_size=4.571 GB, temp_buffer_size=0.447 GB, available_memory=64.000 GB, comm_cost=0.487)
Using pre computed peak Mem for (8, 9, 2, 1), module 1
result[(8, 9, 2, 1), 1] = ModuleProfileResult(compute_cost=1079.850, peak_memory=7.800 GB, invar_size=6.259 GB, outvar_size=1.782 GB, temp_buffer_size=1.447 GB, available_memory=64.000 GB, comm_cost=0.548)
Using pre computed peak Mem for (8, 10, 2, 0), module 0
result[(8, 10, 2, 0), 0] = ModuleProfileResult(compute_cost=1011.344, peak_memory=10.200 GB, invar_size=2.626 GB, outvar_size=6.845 GB, temp_buffer_size=0.730 GB, available_memory=64.000 GB, comm_cost=0.730)
Using pre computed peak Mem for (8, 10, 2, 0), module 1
result[(8, 10, 2, 0), 1] = ModuleProfileResult(compute_cost=1619.776, peak_memory=11.700 GB, invar_size=9.377 GB, outvar_size=2.626 GB, temp_buffer_size=2.230 GB, available_memory=64.000 GB, comm_cost=0.821)
Using pre computed peak Mem for (8, 10, 2, 1), module 0
result[(8, 10, 2, 1), 0] = ModuleProfileResult(compute_cost=1011.344, peak_memory=10.200 GB, invar_size=2.626 GB, outvar_size=6.880 GB, temp_buffer_size=0.694 GB, available_memory=64.000 GB, comm_cost=0.730)
Using pre computed peak Mem for (8, 10, 2, 1), module 1
result[(8, 10, 2, 1), 1] = ModuleProfileResult(compute_cost=1619.574, peak_memory=11.700 GB, invar_size=9.412 GB, outvar_size=2.626 GB, temp_buffer_size=2.194 GB, available_memory=64.000 GB, comm_cost=0.623)
Using pre computed peak Mem for (8, 11, 2, 0), module 0
result[(8, 11, 2, 0), 0] = ModuleProfileResult(compute_cost=1069.411, peak_memory=13.600 GB, invar_size=3.476 GB, outvar_size=8.504 GB, temp_buffer_size=1.621 GB, available_memory=64.000 GB, comm_cost=0.751)
Using pre computed peak Mem for (8, 11, 2, 0), module 1
result[(8, 11, 2, 0), 1] = ModuleProfileResult(compute_cost=2023.152, peak_memory=15.600 GB, invar_size=11.886 GB, outvar_size=3.476 GB, temp_buffer_size=3.621 GB, available_memory=64.000 GB, comm_cost=1.044)
Using pre computed peak Mem for (8, 11, 2, 1), module 0
result[(8, 11, 2, 1), 0] = ModuleProfileResult(compute_cost=1069.411, peak_memory=13.600 GB, invar_size=3.476 GB, outvar_size=8.574 GB, temp_buffer_size=1.550 GB, available_memory=64.000 GB, comm_cost=0.751)
Using pre computed peak Mem for (8, 11, 2, 1), module 1
result[(8, 11, 2, 1), 1] = ModuleProfileResult(compute_cost=2022.951, peak_memory=15.600 GB, invar_size=11.956 GB, outvar_size=3.476 GB, temp_buffer_size=3.550 GB, available_memory=64.000 GB, comm_cost=0.846)
Using pre computed peak Mem for (9, 9, 2, 0), module 0
result[(9, 9, 2, 0), 0] = ModuleProfileResult(compute_cost=337.135, peak_memory=3.400 GB, invar_size=0.938 GB, outvar_size=2.332 GB, temp_buffer_size=0.130 GB, available_memory=64.000 GB, comm_cost=0.243)
Using pre computed peak Mem for (9, 9, 2, 0), module 1
result[(9, 9, 2, 0), 1] = ModuleProfileResult(compute_cost=539.925, peak_memory=3.900 GB, invar_size=3.176 GB, outvar_size=0.938 GB, temp_buffer_size=0.630 GB, available_memory=64.000 GB, comm_cost=0.274)
Using pre computed peak Mem for (9, 9, 2, 1), module 0
result[(9, 9, 2, 1), 0] = ModuleProfileResult(compute_cost=337.135, peak_memory=3.400 GB, invar_size=0.938 GB, outvar_size=2.332 GB, temp_buffer_size=0.130 GB, available_memory=64.000 GB, comm_cost=0.243)
Using pre computed peak Mem for (9, 9, 2, 1), module 1
result[(9, 9, 2, 1), 1] = ModuleProfileResult(compute_cost=539.925, peak_memory=3.900 GB, invar_size=3.176 GB, outvar_size=0.938 GB, temp_buffer_size=0.630 GB, available_memory=64.000 GB, comm_cost=0.274)
Using pre computed peak Mem for (9, 10, 2, 0), module 0
result[(9, 10, 2, 0), 0] = ModuleProfileResult(compute_cost=674.239, peak_memory=6.800 GB, invar_size=1.782 GB, outvar_size=4.571 GB, temp_buffer_size=0.447 GB, available_memory=64.000 GB, comm_cost=0.487)
Using pre computed peak Mem for (9, 10, 2, 0), module 1
result[(9, 10, 2, 0), 1] = ModuleProfileResult(compute_cost=1079.851, peak_memory=7.800 GB, invar_size=6.259 GB, outvar_size=1.782 GB, temp_buffer_size=1.447 GB, available_memory=64.000 GB, comm_cost=0.547)
Using pre computed peak Mem for (9, 10, 2, 1), module 0
result[(9, 10, 2, 1), 0] = ModuleProfileResult(compute_cost=674.239, peak_memory=6.800 GB, invar_size=1.782 GB, outvar_size=4.571 GB, temp_buffer_size=0.447 GB, available_memory=64.000 GB, comm_cost=0.487)
Using pre computed peak Mem for (9, 10, 2, 1), module 1
result[(9, 10, 2, 1), 1] = ModuleProfileResult(compute_cost=1079.850, peak_memory=7.800 GB, invar_size=6.259 GB, outvar_size=1.782 GB, temp_buffer_size=1.447 GB, available_memory=64.000 GB, comm_cost=0.549)
Using pre computed peak Mem for (9, 11, 2, 0), module 0
result[(9, 11, 2, 0), 0] = ModuleProfileResult(compute_cost=732.307, peak_memory=10.200 GB, invar_size=2.632 GB, outvar_size=6.265 GB, temp_buffer_size=1.303 GB, available_memory=64.000 GB, comm_cost=0.508)
Using pre computed peak Mem for (9, 11, 2, 0), module 1
result[(9, 11, 2, 0), 1] = ModuleProfileResult(compute_cost=1483.227, peak_memory=11.700 GB, invar_size=8.803 GB, outvar_size=2.632 GB, temp_buffer_size=2.803 GB, available_memory=64.000 GB, comm_cost=0.771)
Using pre computed peak Mem for (9, 11, 2, 1), module 0
result[(9, 11, 2, 1), 0] = ModuleProfileResult(compute_cost=732.307, peak_memory=10.200 GB, invar_size=2.632 GB, outvar_size=6.300 GB, temp_buffer_size=1.268 GB, available_memory=64.000 GB, comm_cost=0.508)
Using pre computed peak Mem for (9, 11, 2, 1), module 1
result[(9, 11, 2, 1), 1] = ModuleProfileResult(compute_cost=1483.026, peak_memory=11.700 GB, invar_size=8.838 GB, outvar_size=2.632 GB, temp_buffer_size=2.768 GB, available_memory=64.000 GB, comm_cost=0.571)
Using pre computed peak Mem for (10, 10, 2, 0), module 0
result[(10, 10, 2, 0), 0] = ModuleProfileResult(compute_cost=337.135, peak_memory=3.400 GB, invar_size=0.938 GB, outvar_size=2.368 GB, temp_buffer_size=0.095 GB, available_memory=64.000 GB, comm_cost=0.243)
Using pre computed peak Mem for (10, 10, 2, 0), module 1
result[(10, 10, 2, 0), 1] = ModuleProfileResult(compute_cost=539.925, peak_memory=3.900 GB, invar_size=3.212 GB, outvar_size=0.938 GB, temp_buffer_size=0.595 GB, available_memory=64.000 GB, comm_cost=0.274)
Using pre computed peak Mem for (10, 10, 2, 1), module 0
result[(10, 10, 2, 1), 0] = ModuleProfileResult(compute_cost=337.135, peak_memory=3.400 GB, invar_size=0.938 GB, outvar_size=2.403 GB, temp_buffer_size=0.060 GB, available_memory=64.000 GB, comm_cost=0.243)
result[(10, 10, 2, 1), 1] = ModuleProfileResult(compute_cost=539.724, peak_memory=3.915 GB, invar_size=3.247 GB, outvar_size=0.938 GB, temp_buffer_size=0.574 GB, available_memory=64.000 GB, comm_cost=0.075)
Using pre computed peak Mem for (10, 11, 2, 0), module 0
result[(10, 11, 2, 0), 0] = ModuleProfileResult(compute_cost=395.203, peak_memory=6.800 GB, invar_size=1.788 GB, outvar_size=4.061 GB, temp_buffer_size=0.951 GB, available_memory=64.000 GB, comm_cost=0.264)
Using pre computed peak Mem for (10, 11, 2, 0), module 1
result[(10, 11, 2, 0), 1] = ModuleProfileResult(compute_cost=943.302, peak_memory=7.800 GB, invar_size=5.756 GB, outvar_size=1.788 GB, temp_buffer_size=1.951 GB, available_memory=64.000 GB, comm_cost=0.497)
Using pre computed peak Mem for (10, 11, 2, 1), module 0
result[(10, 11, 2, 1), 0] = ModuleProfileResult(compute_cost=395.203, peak_memory=6.800 GB, invar_size=1.788 GB, outvar_size=4.026 GB, temp_buffer_size=0.986 GB, available_memory=64.000 GB, comm_cost=0.264)
Using pre computed peak Mem for (10, 11, 2, 1), module 1
result[(10, 11, 2, 1), 1] = ModuleProfileResult(compute_cost=943.301, peak_memory=7.800 GB, invar_size=5.721 GB, outvar_size=1.788 GB, temp_buffer_size=1.986 GB, available_memory=64.000 GB, comm_cost=0.497)
result[(11, 11, 2, 0), 0] = ModuleProfileResult(compute_cost=58.068, peak_memory=2.732 GB, invar_size=0.944 GB, outvar_size=1.788 GB, temp_buffer_size=0.000 GB, available_memory=64.000 GB, comm_cost=0.021)
Using pre computed peak Mem for (11, 11, 2, 0), module 1
result[(11, 11, 2, 0), 1] = ModuleProfileResult(compute_cost=403.376, peak_memory=3.900 GB, invar_size=2.638 GB, outvar_size=0.944 GB, temp_buffer_size=1.168 GB, available_memory=64.000 GB, comm_cost=0.223)
result[(11, 11, 2, 1), 0] = ModuleProfileResult(compute_cost=58.068, peak_memory=2.732 GB, invar_size=0.944 GB, outvar_size=1.788 GB, temp_buffer_size=0.000 GB, available_memory=64.000 GB, comm_cost=0.021)
Using pre computed peak Mem for (11, 11, 2, 1), module 1
result[(11, 11, 2, 1), 1] = ModuleProfileResult(compute_cost=403.376, peak_memory=3.900 GB, invar_size=2.638 GB, outvar_size=0.944 GB, temp_buffer_size=1.168 GB, available_memory=64.000 GB, comm_cost=0.223)
Profiling for submesh 2 (1, 4) takes 623.13 seconds
--------------------------------------------------
- Profiling for submesh 1 (1, 2):
- Generate all stage infos (Jaxpr -> HLO)
- Compile all stages, get estimations
num of workers:12
[2m[36m(CompileWorker pid=3400215)[0m compiled for stage:0 name: stage_0_0_acc_grad_0 module id: 0
[2m[36m(CompileWorker pid=3400213)[0m compiled for stage:2 name: stage_0_1_acc_grad_0 module id: 0
[2m[36m(CompileWorker pid=3400214)[0m compiled for stage:1 name: stage_0_0_acc_grad_0 module id: 0
[2m[36m(CompileWorker pid=3400212)[0m compiled for stage:3 name: stage_0_1_acc_grad_0 module id: 0
[2m[36m(CompileWorker pid=3400209)[0m compiled for stage:6 name: stage_0_3_acc_grad_0 module id: 0
[2m[36m(CompileWorker pid=3400205)[0m compiled for stage:10 name: stage_0_5_acc_grad_0 module id: 0
[2m[36m(CompileWorker pid=3400211)[0m compiled for stage:4 name: stage_0_2_acc_grad_0 module id: 0
[2m[36m(CompileWorker pid=3400210)[0m compiled for stage:5 name: stage_0_2_acc_grad_0 module id: 0
[2m[36m(CompileWorker pid=3400208)[0m compiled for stage:7 name: stage_0_3_acc_grad_0 module id: 0
[2m[36m(CompileWorker pid=3400206)[0m compiled for stage:9 name: stage_0_4_acc_grad_0 module id: 0
[2m[36m(CompileWorker pid=3400207)[0m compiled for stage:8 name: stage_0_4_acc_grad_0 module id: 0
[2m[36m(CompileWorker pid=3400212)[0m  tensor (Large latency) dimensions: (1, 2048, 12288, 1024, 1, 1, 1, 1, 1, 1, 0, 0, 'CONV', 1, 1, 0, 0),  latency: 1.8724571428571428
[2m[36m(CompileWorker pid=3400214)[0m  tensor (Large latency) dimensions: (1, 2048, 12288, 1024, 1, 1, 1, 1, 1, 1, 0, 0, 'CONV', 1, 1, 0, 0),  latency: 1.8724571428571428
[2m[36m(CompileWorker pid=3400213)[0m  tensor (Large latency) dimensions: (1, 2048, 12288, 1024, 1, 1, 1, 1, 1, 1, 0, 0, 'CONV', 1, 1, 0, 0),  latency: 1.8724571428571428
[2m[36m(CompileWorker pid=3400215)[0m  tensor (Large latency) dimensions: (1, 2048, 12288, 1024, 1, 1, 1, 1, 1, 1, 0, 0, 'CONV', 1, 1, 0, 0),  latency: 1.8724571428571428
[2m[36m(CompileWorker pid=3400207)[0m  tensor (Large latency) dimensions: (1, 2048, 12288, 1024, 1, 1, 1, 1, 1, 1, 0, 0, 'CONV', 1, 1, 0, 0),  latency: 1.8724571428571428
[2m[36m(CompileWorker pid=3400210)[0m  tensor (Large latency) dimensions: (1, 2048, 12288, 1024, 1, 1, 1, 1, 1, 1, 0, 0, 'CONV', 1, 1, 0, 0),  latency: 1.8724571428571428
[2m[36m(CompileWorker pid=3400205)[0m  tensor (Large latency) dimensions: (1, 2048, 12288, 1024, 1, 1, 1, 1, 1, 1, 0, 0, 'CONV', 1, 1, 0, 0),  latency: 1.8724571428571428
[2m[36m(CompileWorker pid=3400211)[0m  tensor (Large latency) dimensions: (1, 2048, 12288, 1024, 1, 1, 1, 1, 1, 1, 0, 0, 'CONV', 1, 1, 0, 0),  latency: 1.8724571428571428
[2m[36m(CompileWorker pid=3400204)[0m compiled for stage:11 name: stage_0_5_acc_grad_0 module id: 0
[2m[36m(CompileWorker pid=3400208)[0m  tensor (Large latency) dimensions: (1, 2048, 12288, 1024, 1, 1, 1, 1, 1, 1, 0, 0, 'CONV', 1, 1, 0, 0),  latency: 1.8724571428571428
[2m[36m(CompileWorker pid=3400209)[0m  tensor (Large latency) dimensions: (1, 2048, 12288, 1024, 1, 1, 1, 1, 1, 1, 0, 0, 'CONV', 1, 1, 0, 0),  latency: 1.8724571428571428
[2m[36m(CompileWorker pid=3400206)[0m  tensor (Large latency) dimensions: (1, 2048, 12288, 1024, 1, 1, 1, 1, 1, 1, 0, 0, 'CONV', 1, 1, 0, 0),  latency: 1.8724571428571428
[2m[36m(CompileWorker pid=3400212)[0m  tensor (Large latency) dimensions: (1, 2048, 36864, 36864, 1, 1, 1, 1, 1, 1, 0, 0, 'CONV', 1, 1, 0, 0),  latency: 241.54697142857142
[2m[36m(CompileWorker pid=3400213)[0m  tensor (Large latency) dimensions: (1, 2048, 36864, 36864, 1, 1, 1, 1, 1, 1, 0, 0, 'CONV', 1, 1, 0, 0),  latency: 241.54697142857142
[2m[36m(CompileWorker pid=3400207)[0m  tensor (Large latency) dimensions: (1, 2048, 36864, 36864, 1, 1, 1, 1, 1, 1, 0, 0, 'CONV', 1, 1, 0, 0),  latency: 241.54697142857142
[2m[36m(CompileWorker pid=3400211)[0m  tensor (Large latency) dimensions: (1, 2048, 36864, 36864, 1, 1, 1, 1, 1, 1, 0, 0, 'CONV', 1, 1, 0, 0),  latency: 241.54697142857142
[2m[36m(CompileWorker pid=3400209)[0m  tensor (Large latency) dimensions: (1, 2048, 36864, 36864, 1, 1, 1, 1, 1, 1, 0, 0, 'CONV', 1, 1, 0, 0),  latency: 241.54697142857142
[2m[36m(CompileWorker pid=3400214)[0m  tensor (Large latency) dimensions: (1, 2048, 36864, 36864, 1, 1, 1, 1, 1, 1, 0, 0, 'CONV', 1, 1, 0, 0),  latency: 241.54697142857142
[2m[36m(CompileWorker pid=3400205)[0m  tensor (Large latency) dimensions: (1, 2048, 36864, 36864, 1, 1, 1, 1, 1, 1, 0, 0, 'CONV', 1, 1, 0, 0),  latency: 241.54697142857142
[2m[36m(CompileWorker pid=3400204)[0m  tensor (Large latency) dimensions: (1, 2048, 12288, 1024, 1, 1, 1, 1, 1, 1, 0, 0, 'CONV', 1, 1, 0, 0),  latency: 1.8724571428571428
[2m[36m(CompileWorker pid=3400215)[0m  tensor (Large latency) dimensions: (1, 2048, 36864, 36864, 1, 1, 1, 1, 1, 1, 0, 0, 'CONV', 1, 1, 0, 0),  latency: 241.54697142857142
[2m[36m(CompileWorker pid=3400208)[0m  tensor (Large latency) dimensions: (1, 2048, 36864, 36864, 1, 1, 1, 1, 1, 1, 0, 0, 'CONV', 1, 1, 0, 0),  latency: 241.54697142857142
[2m[36m(CompileWorker pid=3400210)[0m  tensor (Large latency) dimensions: (1, 2048, 36864, 36864, 1, 1, 1, 1, 1, 1, 0, 0, 'CONV', 1, 1, 0, 0),  latency: 241.54697142857142
[2m[36m(CompileWorker pid=3400206)[0m  tensor (Large latency) dimensions: (1, 2048, 36864, 36864, 1, 1, 1, 1, 1, 1, 0, 0, 'CONV', 1, 1, 0, 0),  latency: 241.54697142857142
[2m[36m(CompileWorker pid=3400212)[0m  tensor (Large latency) dimensions: (1, 2048, 12288, 12288, 1, 1, 1, 1, 1, 1, 0, 0, 'CONV', 1, 1, 0, 0),  latency: 26.58889142857143
[2m[36m(CompileWorker pid=3400213)[0m  tensor (Large latency) dimensions: (1, 2048, 12288, 12288, 1, 1, 1, 1, 1, 1, 0, 0, 'CONV', 1, 1, 0, 0),  latency: 26.58889142857143
[2m[36m(CompileWorker pid=3400214)[0m  tensor (Large latency) dimensions: (1, 2048, 12288, 12288, 1, 1, 1, 1, 1, 1, 0, 0, 'CONV', 1, 1, 0, 0),  latency: 26.58889142857143
[2m[36m(CompileWorker pid=3400204)[0m  tensor (Large latency) dimensions: (1, 2048, 36864, 36864, 1, 1, 1, 1, 1, 1, 0, 0, 'CONV', 1, 1, 0, 0),  latency: 241.54697142857142
[2m[36m(CompileWorker pid=3400211)[0m  tensor (Large latency) dimensions: (1, 2048, 12288, 12288, 1, 1, 1, 1, 1, 1, 0, 0, 'CONV', 1, 1, 0, 0),  latency: 26.58889142857143
[2m[36m(CompileWorker pid=3400209)[0m  tensor (Large latency) dimensions: (1, 2048, 12288, 12288, 1, 1, 1, 1, 1, 1, 0, 0, 'CONV', 1, 1, 0, 0),  latency: 26.58889142857143
[2m[36m(CompileWorker pid=3400215)[0m  tensor (Large latency) dimensions: (1, 2048, 12288, 12288, 1, 1, 1, 1, 1, 1, 0, 0, 'CONV', 1, 1, 0, 0),  latency: 26.58889142857143
[2m[36m(CompileWorker pid=3400210)[0m  tensor (Large latency) dimensions: (1, 2048, 12288, 12288, 1, 1, 1, 1, 1, 1, 0, 0, 'CONV', 1, 1, 0, 0),  latency: 26.58889142857143
[2m[36m(CompileWorker pid=3400207)[0m  tensor (Large latency) dimensions: (1, 2048, 12288, 12288, 1, 1, 1, 1, 1, 1, 0, 0, 'CONV', 1, 1, 0, 0),  latency: 26.58889142857143
[2m[36m(CompileWorker pid=3400205)[0m  tensor (Large latency) dimensions: (1, 2048, 12288, 12288, 1, 1, 1, 1, 1, 1, 0, 0, 'CONV', 1, 1, 0, 0),  latency: 26.58889142857143
[2m[36m(CompileWorker pid=3400208)[0m  tensor (Large latency) dimensions: (1, 2048, 12288, 12288, 1, 1, 1, 1, 1, 1, 0, 0, 'CONV', 1, 1, 0, 0),  latency: 26.58889142857143
[2m[36m(CompileWorker pid=3400206)[0m  tensor (Large latency) dimensions: (1, 2048, 12288, 12288, 1, 1, 1, 1, 1, 1, 0, 0, 'CONV', 1, 1, 0, 0),  latency: 26.58889142857143
[2m[36m(CompileWorker pid=3400214)[0m  tensor (Large latency) dimensions: (1, 2048, 24576, 24576, 1, 1, 1, 1, 1, 1, 0, 0, 'CONV', 1, 1, 0, 0),  latency: 107.10454857142857
[2m[36m(CompileWorker pid=3400212)[0m  tensor (Large latency) dimensions: (1, 2048, 24576, 24576, 1, 1, 1, 1, 1, 1, 0, 0, 'CONV', 1, 1, 0, 0),  latency: 107.10454857142857
[2m[36m(CompileWorker pid=3400213)[0m  tensor (Large latency) dimensions: (1, 2048, 24576, 24576, 1, 1, 1, 1, 1, 1, 0, 0, 'CONV', 1, 1, 0, 0),  latency: 107.10454857142857
[2m[36m(CompileWorker pid=3400211)[0m  tensor (Large latency) dimensions: (1, 2048, 24576, 24576, 1, 1, 1, 1, 1, 1, 0, 0, 'CONV', 1, 1, 0, 0),  latency: 107.10454857142857
[2m[36m(CompileWorker pid=3400215)[0m  tensor (Large latency) dimensions: (1, 2048, 24576, 24576, 1, 1, 1, 1, 1, 1, 0, 0, 'CONV', 1, 1, 0, 0),  latency: 107.10454857142857
[2m[36m(CompileWorker pid=3400210)[0m  tensor (Large latency) dimensions: (1, 2048, 24576, 24576, 1, 1, 1, 1, 1, 1, 0, 0, 'CONV', 1, 1, 0, 0),  latency: 107.10454857142857
[2m[36m(CompileWorker pid=3400205)[0m  tensor (Large latency) dimensions: (1, 2048, 24576, 24576, 1, 1, 1, 1, 1, 1, 0, 0, 'CONV', 1, 1, 0, 0),  latency: 107.10454857142857
[2m[36m(CompileWorker pid=3400204)[0m  tensor (Large latency) dimensions: (1, 2048, 12288, 12288, 1, 1, 1, 1, 1, 1, 0, 0, 'CONV', 1, 1, 0, 0),  latency: 26.58889142857143
[2m[36m(CompileWorker pid=3400208)[0m  tensor (Large latency) dimensions: (1, 2048, 24576, 24576, 1, 1, 1, 1, 1, 1, 0, 0, 'CONV', 1, 1, 0, 0),  latency: 107.10454857142857
[2m[36m(CompileWorker pid=3400209)[0m  tensor (Large latency) dimensions: (1, 2048, 24576, 24576, 1, 1, 1, 1, 1, 1, 0, 0, 'CONV', 1, 1, 0, 0),  latency: 107.10454857142857
[2m[36m(CompileWorker pid=3400207)[0m  tensor (Large latency) dimensions: (1, 2048, 24576, 24576, 1, 1, 1, 1, 1, 1, 0, 0, 'CONV', 1, 1, 0, 0),  latency: 107.10454857142857
[2m[36m(CompileWorker pid=3400214)[0m  tensor (Large latency) dimensions: (1, 2048, 12288, 12288, 1, 1, 1, 1, 1, 1, 0, 0, 'CONV', 1, 1, 0, 0),  latency: 26.58889142857143
[2m[36m(CompileWorker pid=3400214)[0m compiled for stage:1 name: stage_0_0_acc_grad_1 module id: 1
[2m[36m(CompileWorker pid=3400206)[0m  tensor (Large latency) dimensions: (1, 2048, 24576, 24576, 1, 1, 1, 1, 1, 1, 0, 0, 'CONV', 1, 1, 0, 0),  latency: 107.10454857142857
[2m[36m(CompileWorker pid=3400212)[0m  tensor (Large latency) dimensions: (1, 2048, 12288, 12288, 1, 1, 1, 1, 1, 1, 0, 0, 'CONV', 1, 1, 0, 0),  latency: 26.58889142857143
[2m[36m(CompileWorker pid=3400212)[0m compiled for stage:3 name: stage_0_1_acc_grad_1 module id: 1
[2m[36m(CompileWorker pid=3400213)[0m  tensor (Large latency) dimensions: (1, 2048, 12288, 12288, 1, 1, 1, 1, 1, 1, 0, 0, 'CONV', 1, 1, 0, 0),  latency: 26.58889142857143
[2m[36m(CompileWorker pid=3400213)[0m compiled for stage:2 name: stage_0_1_acc_grad_1 module id: 1
[2m[36m(CompileWorker pid=3400215)[0m  tensor (Large latency) dimensions: (1, 2048, 12288, 12288, 1, 1, 1, 1, 1, 1, 0, 0, 'CONV', 1, 1, 0, 0),  latency: 26.58889142857143
[2m[36m(CompileWorker pid=3400210)[0m  tensor (Large latency) dimensions: (1, 2048, 12288, 12288, 1, 1, 1, 1, 1, 1, 0, 0, 'CONV', 1, 1, 0, 0),  latency: 26.58889142857143
[2m[36m(CompileWorker pid=3400205)[0m  tensor (Large latency) dimensions: (1, 2048, 12288, 12288, 1, 1, 1, 1, 1, 1, 0, 0, 'CONV', 1, 1, 0, 0),  latency: 26.58889142857143
[2m[36m(CompileWorker pid=3400215)[0m compiled for stage:0 name: stage_0_0_acc_grad_1 module id: 1
[2m[36m(CompileWorker pid=3400211)[0m  tensor (Large latency) dimensions: (1, 2048, 12288, 12288, 1, 1, 1, 1, 1, 1, 0, 0, 'CONV', 1, 1, 0, 0),  latency: 26.58889142857143
[2m[36m(CompileWorker pid=3400205)[0m compiled for stage:10 name: stage_0_5_acc_grad_1 module id: 1
[2m[36m(CompileWorker pid=3400208)[0m  tensor (Large latency) dimensions: (1, 2048, 12288, 12288, 1, 1, 1, 1, 1, 1, 0, 0, 'CONV', 1, 1, 0, 0),  latency: 26.58889142857143
[2m[36m(CompileWorker pid=3400211)[0m compiled for stage:4 name: stage_0_2_acc_grad_1 module id: 1
[2m[36m(CompileWorker pid=3400208)[0m compiled for stage:7 name: stage_0_3_acc_grad_1 module id: 1
[2m[36m(CompileWorker pid=3400209)[0m  tensor (Large latency) dimensions: (1, 2048, 12288, 12288, 1, 1, 1, 1, 1, 1, 0, 0, 'CONV', 1, 1, 0, 0),  latency: 26.58889142857143
[2m[36m(CompileWorker pid=3400209)[0m compiled for stage:6 name: stage_0_3_acc_grad_1 module id: 1
[2m[36m(CompileWorker pid=3400207)[0m  tensor (Large latency) dimensions: (1, 2048, 12288, 12288, 1, 1, 1, 1, 1, 1, 0, 0, 'CONV', 1, 1, 0, 0),  latency: 26.58889142857143
[2m[36m(CompileWorker pid=3400204)[0m  tensor (Large latency) dimensions: (1, 2048, 24576, 24576, 1, 1, 1, 1, 1, 1, 0, 0, 'CONV', 1, 1, 0, 0),  latency: 107.10454857142857
[2m[36m(CompileWorker pid=3400206)[0m  tensor (Large latency) dimensions: (1, 2048, 12288, 12288, 1, 1, 1, 1, 1, 1, 0, 0, 'CONV', 1, 1, 0, 0),  latency: 26.58889142857143
[2m[36m(CompileWorker pid=3400206)[0m compiled for stage:9 name: stage_0_4_acc_grad_1 module id: 1
[2m[36m(CompileWorker pid=3400210)[0m  tensor (Large latency) dimensions: (1, 1024, 36864, 36864, 1, 1, 1, 1, 1, 1, 0, 0, 'CONV', 1, 1, 0, 0),  latency: 120.77348571428571
[2m[36m(CompileWorker pid=3400210)[0m compiled for stage:5 name: stage_0_2_acc_grad_1 module id: 1
[2m[36m(CompileWorker pid=3400204)[0m  tensor (Large latency) dimensions: (1, 2048, 12288, 12288, 1, 1, 1, 1, 1, 1, 0, 0, 'CONV', 1, 1, 0, 0),  latency: 26.58889142857143
[2m[36m(CompileWorker pid=3400207)[0m  tensor (Large latency) dimensions: (1, 2048, 6144, 6144, 1, 1, 1, 1, 1, 1, 0, 0, 'CONV', 1, 1, 0, 0),  latency: 6.5536
[2m[36m(CompileWorker pid=3400207)[0m compiled for stage:8 name: stage_0_4_acc_grad_1 module id: 1
[2m[36m(CompileWorker pid=3400209)[0m  tensor (Large latency) dimensions: (1, 6144, 12288, 12288, 1, 1, 1, 1, 1, 1, 0, 0, 'CONV', 1, 1, 0, 0),  latency: 79.76667428571429
[2m[36m(CompileWorker pid=3400205)[0m  tensor (Large latency) dimensions: (1, 6144, 12288, 12288, 1, 1, 1, 1, 1, 1, 0, 0, 'CONV', 1, 1, 0, 0),  latency: 79.76667428571429
[2m[36m(CompileWorker pid=3400208)[0m  tensor (Large latency) dimensions: (1, 6144, 12288, 12288, 1, 1, 1, 1, 1, 1, 0, 0, 'CONV', 1, 1, 0, 0),  latency: 79.76667428571429
[2m[36m(CompileWorker pid=3400211)[0m  tensor (Large latency) dimensions: (1, 6144, 12288, 12288, 1, 1, 1, 1, 1, 1, 0, 0, 'CONV', 1, 1, 0, 0),  latency: 79.76667428571429
[2m[36m(CompileWorker pid=3400213)[0m  tensor (Large latency) dimensions: (1, 24576, 12288, 12288, 1, 1, 1, 1, 1, 1, 0, 0, 'CONV', 1, 1, 0, 0),  latency: 319.06669714285715
[2m[36m(CompileWorker pid=3400212)[0m  tensor (Large latency) dimensions: (1, 24576, 12288, 12288, 1, 1, 1, 1, 1, 1, 0, 0, 'CONV', 1, 1, 0, 0),  latency: 319.06669714285715
[2m[36m(CompileWorker pid=3400214)[0m  tensor (Large latency) dimensions: (1, 24576, 12288, 12288, 1, 1, 1, 1, 1, 1, 0, 0, 'CONV', 1, 1, 0, 0),  latency: 319.06669714285715
[2m[36m(CompileWorker pid=3400215)[0m  tensor (Large latency) dimensions: (1, 24576, 12288, 12288, 1, 1, 1, 1, 1, 1, 0, 0, 'CONV', 1, 1, 0, 0),  latency: 319.06669714285715
[2m[36m(CompileWorker pid=3400208)[0m  tensor (Large latency) dimensions: (1, 2048, 6144, 6144, 1, 1, 1, 1, 1, 1, 0, 0, 'CONV', 1, 1, 0, 0),  latency: 6.5536
[2m[36m(CompileWorker pid=3400209)[0m  tensor (Large latency) dimensions: (1, 2048, 6144, 6144, 1, 1, 1, 1, 1, 1, 0, 0, 'CONV', 1, 1, 0, 0),  latency: 6.5536
[2m[36m(CompileWorker pid=3400211)[0m  tensor (Large latency) dimensions: (1, 2048, 6144, 6144, 1, 1, 1, 1, 1, 1, 0, 0, 'CONV', 1, 1, 0, 0),  latency: 6.5536
[2m[36m(CompileWorker pid=3400205)[0m  tensor (Large latency) dimensions: (1, 2048, 6144, 6144, 1, 1, 1, 1, 1, 1, 0, 0, 'CONV', 1, 1, 0, 0),  latency: 6.5536
[2m[36m(CompileWorker pid=3400210)[0m  tensor (Large latency) dimensions: (1, 6144, 12288, 12288, 1, 1, 1, 1, 1, 1, 0, 0, 'CONV', 1, 1, 0, 0),  latency: 79.76667428571429
[2m[36m(CompileWorker pid=3400204)[0m  tensor (Large latency) dimensions: (1, 1024, 36864, 36864, 1, 1, 1, 1, 1, 1, 0, 0, 'CONV', 1, 1, 0, 0),  latency: 120.77348571428571
[2m[36m(CompileWorker pid=3400204)[0m compiled for stage:11 name: stage_0_5_acc_grad_1 module id: 1
[2m[36m(CompileWorker pid=3400207)[0m  tensor (Large latency) dimensions: (1, 6144, 12288, 12288, 1, 1, 1, 1, 1, 1, 0, 0, 'CONV', 1, 1, 0, 0),  latency: 79.76667428571429
[2m[36m(CompileWorker pid=3400206)[0m  tensor (Large latency) dimensions: (1, 6144, 12288, 12288, 1, 1, 1, 1, 1, 1, 0, 0, 'CONV', 1, 1, 0, 0),  latency: 79.76667428571429
[2m[36m(CompileWorker pid=3400210)[0m  tensor (Large latency) dimensions: (1, 2048, 6144, 6144, 1, 1, 1, 1, 1, 1, 0, 0, 'CONV', 1, 1, 0, 0),  latency: 6.5536
[2m[36m(CompileWorker pid=3400206)[0m  tensor (Large latency) dimensions: (1, 2048, 6144, 6144, 1, 1, 1, 1, 1, 1, 0, 0, 'CONV', 1, 1, 0, 0),  latency: 6.5536
[2m[36m(CompileWorker pid=3400213)[0m  tensor (Large latency) dimensions: (1, 12288, 24576, 24576, 1, 1, 1, 1, 1, 1, 0, 0, 'CONV', 1, 1, 0, 0),  latency: 642.6272914285714
[2m[36m(CompileWorker pid=3400215)[0m  tensor (Large latency) dimensions: (1, 12288, 24576, 24576, 1, 1, 1, 1, 1, 1, 0, 0, 'CONV', 1, 1, 0, 0),  latency: 642.6272914285714
[2m[36m(CompileWorker pid=3400214)[0m  tensor (Large latency) dimensions: (1, 12288, 24576, 24576, 1, 1, 1, 1, 1, 1, 0, 0, 'CONV', 1, 1, 0, 0),  latency: 642.6272914285714
[2m[36m(CompileWorker pid=3400212)[0m  tensor (Large latency) dimensions: (1, 12288, 24576, 24576, 1, 1, 1, 1, 1, 1, 0, 0, 'CONV', 1, 1, 0, 0),  latency: 642.6272914285714
[2m[36m(CompileWorker pid=3400209)[0m  tensor (Large latency) dimensions: (1, 12288, 18432, 18432, 1, 1, 1, 1, 1, 1, 0, 0, 'CONV', 1, 1, 0, 0),  latency: 360.6352457142857
[2m[36m(CompileWorker pid=3400208)[0m  tensor (Large latency) dimensions: (1, 12288, 18432, 18432, 1, 1, 1, 1, 1, 1, 0, 0, 'CONV', 1, 1, 0, 0),  latency: 360.6352457142857
[2m[36m(CompileWorker pid=3400211)[0m  tensor (Large latency) dimensions: (1, 12288, 18432, 18432, 1, 1, 1, 1, 1, 1, 0, 0, 'CONV', 1, 1, 0, 0),  latency: 360.6352457142857
[2m[36m(CompileWorker pid=3400204)[0m  tensor (Large latency) dimensions: (1, 6144, 12288, 12288, 1, 1, 1, 1, 1, 1, 0, 0, 'CONV', 1, 1, 0, 0),  latency: 79.76667428571429
[2m[36m(CompileWorker pid=3400205)[0m  tensor (Large latency) dimensions: (1, 12288, 18432, 18432, 1, 1, 1, 1, 1, 1, 0, 0, 'CONV', 1, 1, 0, 0),  latency: 360.6352457142857
[2m[36m(CompileWorker pid=3400207)[0m  tensor (Large latency) dimensions: (1, 12288, 18432, 18432, 1, 1, 1, 1, 1, 1, 0, 0, 'CONV', 1, 1, 0, 0),  latency: 360.6352457142857
[2m[36m(CompileWorker pid=3400213)[0m  tensor (Large latency) dimensions: (1, 6144, 12288, 12288, 1, 1, 1, 1, 1, 1, 0, 0, 'CONV', 1, 1, 0, 0),  latency: 79.76667428571429
[2m[36m(CompileWorker pid=3400209)[0m  tensor (Large latency) dimensions: (1, 2048, 12288, 12288, 1, 1, 1, 1, 1, 1, 0, 0, 'CONV', 1, 1, 0, 0),  latency: 26.58889142857143
[2m[36m(CompileWorker pid=3400214)[0m  tensor (Large latency) dimensions: (1, 6144, 12288, 12288, 1, 1, 1, 1, 1, 1, 0, 0, 'CONV', 1, 1, 0, 0),  latency: 79.76667428571429
[2m[36m(CompileWorker pid=3400212)[0m  tensor (Large latency) dimensions: (1, 6144, 12288, 12288, 1, 1, 1, 1, 1, 1, 0, 0, 'CONV', 1, 1, 0, 0),  latency: 79.76667428571429
[2m[36m(CompileWorker pid=3400215)[0m  tensor (Large latency) dimensions: (1, 6144, 12288, 12288, 1, 1, 1, 1, 1, 1, 0, 0, 'CONV', 1, 1, 0, 0),  latency: 79.76667428571429
[2m[36m(CompileWorker pid=3400211)[0m  tensor (Large latency) dimensions: (1, 2048, 12288, 12288, 1, 1, 1, 1, 1, 1, 0, 0, 'CONV', 1, 1, 0, 0),  latency: 26.58889142857143
[2m[36m(CompileWorker pid=3400204)[0m  tensor (Large latency) dimensions: (1, 2048, 6144, 6144, 1, 1, 1, 1, 1, 1, 0, 0, 'CONV', 1, 1, 0, 0),  latency: 6.5536
[2m[36m(CompileWorker pid=3400208)[0m  tensor (Large latency) dimensions: (1, 2048, 12288, 12288, 1, 1, 1, 1, 1, 1, 0, 0, 'CONV', 1, 1, 0, 0),  latency: 26.58889142857143
[2m[36m(CompileWorker pid=3400205)[0m  tensor (Large latency) dimensions: (1, 2048, 12288, 12288, 1, 1, 1, 1, 1, 1, 0, 0, 'CONV', 1, 1, 0, 0),  latency: 26.58889142857143
[2m[36m(CompileWorker pid=3400210)[0m  tensor (Large latency) dimensions: (1, 12288, 36864, 36864, 1, 1, 1, 1, 1, 1, 0, 0, 'CONV', 1, 1, 0, 0),  latency: 1449.2818285714286
[2m[36m(CompileWorker pid=3400207)[0m  tensor (Large latency) dimensions: (1, 2048, 12288, 12288, 1, 1, 1, 1, 1, 1, 0, 0, 'CONV', 1, 1, 0, 0),  latency: 26.58889142857143
[2m[36m(CompileWorker pid=3400215)[0m  tensor (Large latency) dimensions: (1, 2048, 6144, 6144, 1, 1, 1, 1, 1, 1, 0, 0, 'CONV', 1, 1, 0, 0),  latency: 6.5536
[2m[36m(CompileWorker pid=3400213)[0m  tensor (Large latency) dimensions: (1, 2048, 6144, 6144, 1, 1, 1, 1, 1, 1, 0, 0, 'CONV', 1, 1, 0, 0),  latency: 6.5536
[2m[36m(CompileWorker pid=3400214)[0m  tensor (Large latency) dimensions: (1, 2048, 6144, 6144, 1, 1, 1, 1, 1, 1, 0, 0, 'CONV', 1, 1, 0, 0),  latency: 6.5536
[2m[36m(CompileWorker pid=3400206)[0m  tensor (Large latency) dimensions: (1, 12288, 18432, 18432, 1, 1, 1, 1, 1, 1, 0, 0, 'CONV', 1, 1, 0, 0),  latency: 360.6352457142857
[2m[36m(CompileWorker pid=3400212)[0m  tensor (Large latency) dimensions: (1, 2048, 6144, 6144, 1, 1, 1, 1, 1, 1, 0, 0, 'CONV', 1, 1, 0, 0),  latency: 6.5536
[2m[36m(CompileWorker pid=3400210)[0m  tensor (Large latency) dimensions: (1, 2048, 12288, 12288, 1, 1, 1, 1, 1, 1, 0, 0, 'CONV', 1, 1, 0, 0),  latency: 26.58889142857143
[2m[36m(CompileWorker pid=3400206)[0m  tensor (Large latency) dimensions: (1, 2048, 12288, 12288, 1, 1, 1, 1, 1, 1, 0, 0, 'CONV', 1, 1, 0, 0),  latency: 26.58889142857143
[2m[36m(CompileWorker pid=3400204)[0m  tensor (Large latency) dimensions: (1, 12288, 18432, 18432, 1, 1, 1, 1, 1, 1, 0, 0, 'CONV', 1, 1, 0, 0),  latency: 360.6352457142857
[2m[36m(CompileWorker pid=3400213)[0m  tensor (Large latency) dimensions: (1, 12288, 18432, 18432, 1, 1, 1, 1, 1, 1, 0, 0, 'CONV', 1, 1, 0, 0),  latency: 360.6352457142857
[2m[36m(CompileWorker pid=3400215)[0m  tensor (Large latency) dimensions: (1, 12288, 18432, 18432, 1, 1, 1, 1, 1, 1, 0, 0, 'CONV', 1, 1, 0, 0),  latency: 360.6352457142857
[2m[36m(CompileWorker pid=3400214)[0m  tensor (Large latency) dimensions: (1, 12288, 18432, 18432, 1, 1, 1, 1, 1, 1, 0, 0, 'CONV', 1, 1, 0, 0),  latency: 360.6352457142857
[2m[36m(CompileWorker pid=3400209)[0m  tensor (Large latency) dimensions: (1, 24576, 12288, 12288, 1, 1, 1, 1, 1, 1, 0, 0, 'CONV', 1, 1, 0, 0),  latency: 319.06669714285715
[2m[36m(CompileWorker pid=3400208)[0m  tensor (Large latency) dimensions: (1, 24576, 12288, 12288, 1, 1, 1, 1, 1, 1, 0, 0, 'CONV', 1, 1, 0, 0),  latency: 319.06669714285715
[2m[36m(CompileWorker pid=3400212)[0m  tensor (Large latency) dimensions: (1, 12288, 18432, 18432, 1, 1, 1, 1, 1, 1, 0, 0, 'CONV', 1, 1, 0, 0),  latency: 360.6352457142857
[2m[36m(CompileWorker pid=3400211)[0m  tensor (Large latency) dimensions: (1, 24576, 12288, 12288, 1, 1, 1, 1, 1, 1, 0, 0, 'CONV', 1, 1, 0, 0),  latency: 319.06669714285715
[2m[36m(CompileWorker pid=3400207)[0m  tensor (Large latency) dimensions: (1, 24576, 12288, 12288, 1, 1, 1, 1, 1, 1, 0, 0, 'CONV', 1, 1, 0, 0),  latency: 319.06669714285715
[2m[36m(CompileWorker pid=3400205)[0m  tensor (Large latency) dimensions: (1, 24576, 12288, 12288, 1, 1, 1, 1, 1, 1, 0, 0, 'CONV', 1, 1, 0, 0),  latency: 319.06669714285715
[2m[36m(CompileWorker pid=3400215)[0m  tensor (Large latency) dimensions: (1, 2048, 12288, 12288, 1, 1, 1, 1, 1, 1, 0, 0, 'CONV', 1, 1, 0, 0),  latency: 26.58889142857143
[2m[36m(CompileWorker pid=3400213)[0m  tensor (Large latency) dimensions: (1, 2048, 12288, 12288, 1, 1, 1, 1, 1, 1, 0, 0, 'CONV', 1, 1, 0, 0),  latency: 26.58889142857143
[2m[36m(CompileWorker pid=3400214)[0m  tensor (Large latency) dimensions: (1, 2048, 12288, 12288, 1, 1, 1, 1, 1, 1, 0, 0, 'CONV', 1, 1, 0, 0),  latency: 26.58889142857143
[2m[36m(CompileWorker pid=3400204)[0m  tensor (Large latency) dimensions: (1, 2048, 12288, 12288, 1, 1, 1, 1, 1, 1, 0, 0, 'CONV', 1, 1, 0, 0),  latency: 26.58889142857143
[2m[36m(CompileWorker pid=3400212)[0m  tensor (Large latency) dimensions: (1, 2048, 12288, 12288, 1, 1, 1, 1, 1, 1, 0, 0, 'CONV', 1, 1, 0, 0),  latency: 26.58889142857143
[2m[36m(CompileWorker pid=3400210)[0m  tensor (Large latency) dimensions: (1, 24576, 12288, 12288, 1, 1, 1, 1, 1, 1, 0, 0, 'CONV', 1, 1, 0, 0),  latency: 319.06669714285715
[2m[36m(CompileWorker pid=3400215)[0m  tensor (Large latency) dimensions: (1, 1024, 12288, 12288, 1, 1, 1, 1, 1, 1, 0, 0, 'CONV', 1, 1, 0, 0),  latency: 13.294445714285715
[2m[36m(CompileWorker pid=3400214)[0m  tensor (Large latency) dimensions: (1, 1024, 12288, 12288, 1, 1, 1, 1, 1, 1, 0, 0, 'CONV', 1, 1, 0, 0),  latency: 13.294445714285715
[2m[36m(CompileWorker pid=3400206)[0m  tensor (Large latency) dimensions: (1, 24576, 12288, 12288, 1, 1, 1, 1, 1, 1, 0, 0, 'CONV', 1, 1, 0, 0),  latency: 319.06669714285715
[2m[36m(CompileWorker pid=3400213)[0m  tensor (Large latency) dimensions: (1, 1024, 12288, 12288, 1, 1, 1, 1, 1, 1, 0, 0, 'CONV', 1, 1, 0, 0),  latency: 13.294445714285715
[2m[36m(CompileWorker pid=3400212)[0m  tensor (Large latency) dimensions: (1, 1024, 12288, 12288, 1, 1, 1, 1, 1, 1, 0, 0, 'CONV', 1, 1, 0, 0),  latency: 13.294445714285715
[2m[36m(CompileWorker pid=3400209)[0m  tensor (Large latency) dimensions: (1, 12288, 24576, 24576, 1, 1, 1, 1, 1, 1, 0, 0, 'CONV', 1, 1, 0, 0),  latency: 642.6272914285714
[2m[36m(CompileWorker pid=3400208)[0m  tensor (Large latency) dimensions: (1, 12288, 24576, 24576, 1, 1, 1, 1, 1, 1, 0, 0, 'CONV', 1, 1, 0, 0),  latency: 642.6272914285714
[2m[36m(CompileWorker pid=3400211)[0m  tensor (Large latency) dimensions: (1, 12288, 24576, 24576, 1, 1, 1, 1, 1, 1, 0, 0, 'CONV', 1, 1, 0, 0),  latency: 642.6272914285714
[2m[36m(CompileWorker pid=3400207)[0m  tensor (Large latency) dimensions: (1, 12288, 24576, 24576, 1, 1, 1, 1, 1, 1, 0, 0, 'CONV', 1, 1, 0, 0),  latency: 642.6272914285714
[2m[36m(CompileWorker pid=3400205)[0m  tensor (Large latency) dimensions: (1, 12288, 24576, 24576, 1, 1, 1, 1, 1, 1, 0, 0, 'CONV', 1, 1, 0, 0),  latency: 642.6272914285714
[2m[36m(CompileWorker pid=3400209)[0m  tensor (Large latency) dimensions: (1, 1024, 12288, 12288, 1, 1, 1, 1, 1, 1, 0, 0, 'CONV', 1, 1, 0, 0),  latency: 13.294445714285715
[2m[36m(CompileWorker pid=3400208)[0m  tensor (Large latency) dimensions: (1, 1024, 12288, 12288, 1, 1, 1, 1, 1, 1, 0, 0, 'CONV', 1, 1, 0, 0),  latency: 13.294445714285715
[2m[36m(CompileWorker pid=3400211)[0m  tensor (Large latency) dimensions: (1, 1024, 12288, 12288, 1, 1, 1, 1, 1, 1, 0, 0, 'CONV', 1, 1, 0, 0),  latency: 13.294445714285715
[2m[36m(CompileWorker pid=3400204)[0m  tensor (Large latency) dimensions: (1, 24576, 12288, 12288, 1, 1, 1, 1, 1, 1, 0, 0, 'CONV', 1, 1, 0, 0),  latency: 319.06669714285715
[2m[36m(CompileWorker pid=3400210)[0m  tensor (Large latency) dimensions: (1, 12288, 24576, 24576, 1, 1, 1, 1, 1, 1, 0, 0, 'CONV', 1, 1, 0, 0),  latency: 642.6272914285714
[2m[36m(CompileWorker pid=3400207)[0m  tensor (Large latency) dimensions: (1, 1024, 12288, 12288, 1, 1, 1, 1, 1, 1, 0, 0, 'CONV', 1, 1, 0, 0),  latency: 13.294445714285715
[2m[36m(CompileWorker pid=3400205)[0m  tensor (Large latency) dimensions: (1, 1024, 12288, 12288, 1, 1, 1, 1, 1, 1, 0, 0, 'CONV', 1, 1, 0, 0),  latency: 13.294445714285715
[2m[36m(CompileWorker pid=3400206)[0m  tensor (Large latency) dimensions: (1, 12288, 24576, 24576, 1, 1, 1, 1, 1, 1, 0, 0, 'CONV', 1, 1, 0, 0),  latency: 642.6272914285714
[2m[36m(CompileWorker pid=3400206)[0m  tensor (Large latency) dimensions: (1, 1024, 12288, 12288, 1, 1, 1, 1, 1, 1, 0, 0, 'CONV', 1, 1, 0, 0),  latency: 13.294445714285715
[2m[36m(CompileWorker pid=3400213)[0m compiled for stage:14 name: stage_0_7_acc_grad_0 module id: 0
[2m[36m(CompileWorker pid=3400204)[0m  tensor (Large latency) dimensions: (1, 12288, 24576, 24576, 1, 1, 1, 1, 1, 1, 0, 0, 'CONV', 1, 1, 0, 0),  latency: 642.6272914285714
[2m[36m(CompileWorker pid=3400210)[0m  tensor (Large latency) dimensions: (1, 12288, 18432, 18432, 1, 1, 1, 1, 1, 1, 0, 0, 'CONV', 1, 1, 0, 0),  latency: 360.6352457142857
[2m[36m(CompileWorker pid=3400215)[0m compiled for stage:12 name: stage_0_6_acc_grad_0 module id: 0
[2m[36m(CompileWorker pid=3400213)[0m compiled for stage:14 name: stage_0_7_acc_grad_1 module id: 1
[2m[36m(CompileWorker pid=3400210)[0m  tensor (Large latency) dimensions: (1, 2048, 12288, 12288, 1, 1, 1, 1, 1, 1, 0, 0, 'CONV', 1, 1, 0, 0),  latency: 26.58889142857143
[2m[36m(CompileWorker pid=3400215)[0m compiled for stage:12 name: stage_0_6_acc_grad_1 module id: 1
[2m[36m(CompileWorker pid=3400214)[0m compiled for stage:13 name: stage_0_6_acc_grad_0 module id: 0
[2m[36m(CompileWorker pid=3400210)[0m  tensor (Large latency) dimensions: (1, 1024, 12288, 12288, 1, 1, 1, 1, 1, 1, 0, 0, 'CONV', 1, 1, 0, 0),  latency: 13.294445714285715
[2m[36m(CompileWorker pid=3400209)[0m compiled for stage:16 name: stage_0_8_acc_grad_0 module id: 0
[2m[36m(CompileWorker pid=3400209)[0m compiled for stage:16 name: stage_0_8_acc_grad_1 module id: 1
[2m[36m(CompileWorker pid=3400204)[0m  tensor (Large latency) dimensions: (1, 12288, 36864, 36864, 1, 1, 1, 1, 1, 1, 0, 0, 'CONV', 1, 1, 0, 0),  latency: 1449.2818285714286
[2m[36m(CompileWorker pid=3400209)[0m compiled for stage:24 name: stage_1_1_acc_grad_0 module id: 0
[2m[36m(CompileWorker pid=3400209)[0m compiled for stage:24 name: stage_1_1_acc_grad_1 module id: 1
[2m[36m(CompileWorker pid=3400214)[0m  tensor (Large latency) dimensions: (1, 1024, 12288, 12288, 1, 1, 1, 1, 1, 1, 0, 0, 'CONV', 1, 1, 0, 0),  latency: 13.294445714285715
[2m[36m(CompileWorker pid=3400214)[0m compiled for stage:13 name: stage_0_6_acc_grad_1 module id: 1
[2m[36m(CompileWorker pid=3400215)[0m  tensor (Large latency) dimensions: (1, 12288, 6144, 6144, 1, 1, 1, 1, 1, 1, 0, 0, 'CONV', 1, 1, 0, 0),  latency: 39.3216
[2m[36m(CompileWorker pid=3400209)[0m compiled for stage:25 name: stage_1_1_acc_grad_0 module id: 0
[2m[36m(CompileWorker pid=3400209)[0m compiled for stage:25 name: stage_1_1_acc_grad_1 module id: 1
[2m[36m(CompileWorker pid=3400211)[0m compiled for stage:18 name: stage_0_9_acc_grad_0 module id: 0
[2m[36m(CompileWorker pid=3400208)[0m compiled for stage:17 name: stage_0_8_acc_grad_0 module id: 0
[2m[36m(CompileWorker pid=3400212)[0m compiled for stage:15 name: stage_0_7_acc_grad_0 module id: 0
[2m[36m(CompileWorker pid=3400211)[0m compiled for stage:18 name: stage_0_9_acc_grad_1 module id: 1
[2m[36m(CompileWorker pid=3400204)[0m  tensor (Large latency) dimensions: (1, 2048, 12288, 12288, 1, 1, 1, 1, 1, 1, 0, 0, 'CONV', 1, 1, 0, 0),  latency: 26.58889142857143
[2m[36m(CompileWorker pid=3400212)[0m compiled for stage:15 name: stage_0_7_acc_grad_1 module id: 1
[2m[36m(CompileWorker pid=3400215)[0m compiled for stage:26 name: stage_1_2_acc_grad_0 module id: 0
[2m[36m(CompileWorker pid=3400215)[0m compiled for stage:26 name: stage_1_2_acc_grad_1 module id: 1
[2m[36m(CompileWorker pid=3400204)[0m  tensor (Large latency) dimensions: (1, 1024, 12288, 12288, 1, 1, 1, 1, 1, 1, 0, 0, 'CONV', 1, 1, 0, 0),  latency: 13.294445714285715
[2m[36m(CompileWorker pid=3400208)[0m  tensor (Large latency) dimensions: (1, 1024, 36864, 36864, 1, 1, 1, 1, 1, 1, 0, 0, 'CONV', 1, 1, 0, 0),  latency: 120.77348571428571
[2m[36m(CompileWorker pid=3400208)[0m compiled for stage:17 name: stage_0_8_acc_grad_1 module id: 1
[2m[36m(CompileWorker pid=3400209)[0m compiled for stage:27 name: stage_1_2_acc_grad_0 module id: 0
[2m[36m(CompileWorker pid=3400209)[0m compiled for stage:27 name: stage_1_2_acc_grad_1 module id: 1
[2m[36m(CompileWorker pid=3400205)[0m compiled for stage:20 name: stage_0_10_acc_grad_0 module id: 0
[2m[36m(CompileWorker pid=3400211)[0m compiled for stage:28 name: stage_1_3_acc_grad_0 module id: 0
[2m[36m(CompileWorker pid=3400211)[0m compiled for stage:28 name: stage_1_3_acc_grad_1 module id: 1
[2m[36m(CompileWorker pid=3400205)[0m compiled for stage:20 name: stage_0_10_acc_grad_1 module id: 1
[2m[36m(CompileWorker pid=3400214)[0m  tensor (Large latency) dimensions: (1, 12288, 12288, 12288, 1, 1, 1, 1, 1, 1, 0, 0, 'CONV', 1, 1, 0, 0),  latency: 159.53334857142858
[2m[36m(CompileWorker pid=3400212)[0m compiled for stage:29 name: stage_1_3_acc_grad_0 module id: 0
[2m[36m(CompileWorker pid=3400212)[0m compiled for stage:29 name: stage_1_3_acc_grad_1 module id: 1
[2m[36m(CompileWorker pid=3400207)[0m compiled for stage:19 name: stage_0_9_acc_grad_0 module id: 0
[2m[36m(CompileWorker pid=3400204)[0m compiled for stage:30 name: stage_1_4_acc_grad_0 module id: 0
[2m[36m(CompileWorker pid=3400204)[0m compiled for stage:30 name: stage_1_4_acc_grad_1 module id: 1
[2m[36m(CompileWorker pid=3400215)[0m compiled for stage:31 name: stage_1_4_acc_grad_0 module id: 0
[2m[36m(CompileWorker pid=3400215)[0m compiled for stage:31 name: stage_1_4_acc_grad_1 module id: 1
[2m[36m(CompileWorker pid=3400206)[0m compiled for stage:21 name: stage_0_10_acc_grad_0 module id: 0
[2m[36m(CompileWorker pid=3400207)[0m  tensor (Large latency) dimensions: (1, 1024, 36864, 36864, 1, 1, 1, 1, 1, 1, 0, 0, 'CONV', 1, 1, 0, 0),  latency: 120.77348571428571
[2m[36m(CompileWorker pid=3400206)[0m compiled for stage:21 name: stage_0_10_acc_grad_1 module id: 1
[2m[36m(CompileWorker pid=3400207)[0m compiled for stage:19 name: stage_0_9_acc_grad_1 module id: 1
[2m[36m(CompileWorker pid=3400208)[0m  tensor (Large latency) dimensions: (1, 12288, 36864, 36864, 1, 1, 1, 1, 1, 1, 0, 0, 'CONV', 1, 1, 0, 0),  latency: 1449.2818285714286
[2m[36m(CompileWorker pid=3400209)[0m compiled for stage:32 name: stage_1_5_acc_grad_0 module id: 0
[2m[36m(CompileWorker pid=3400209)[0m compiled for stage:32 name: stage_1_5_acc_grad_1 module id: 1
[2m[36m(CompileWorker pid=3400205)[0m compiled for stage:34 name: stage_1_6_acc_grad_0 module id: 0
[2m[36m(CompileWorker pid=3400213)[0m compiled for stage:22 name: stage_0_11_acc_grad_0 module id: 0
[2m[36m(CompileWorker pid=3400205)[0m compiled for stage:34 name: stage_1_6_acc_grad_1 module id: 1
[2m[36m(CompileWorker pid=3400213)[0m compiled for stage:22 name: stage_0_11_acc_grad_1 module id: 1
[2m[36m(CompileWorker pid=3400211)[0m compiled for stage:33 name: stage_1_5_acc_grad_0 module id: 0
[2m[36m(CompileWorker pid=3400211)[0m compiled for stage:33 name: stage_1_5_acc_grad_1 module id: 1
[2m[36m(CompileWorker pid=3400208)[0m  tensor (Large latency) dimensions: (1, 2048, 12288, 12288, 1, 1, 1, 1, 1, 1, 0, 0, 'CONV', 1, 1, 0, 0),  latency: 26.58889142857143
[2m[36m(CompileWorker pid=3400213)[0m  tensor (Large latency) dimensions: (1, 2048, 12288, 12288, 1, 1, 1, 1, 1, 1, 0, 0, 'CONV', 1, 1, 0, 0),  latency: 26.58889142857143
[2m[36m(CompileWorker pid=3400212)[0m compiled for stage:36 name: stage_1_7_acc_grad_0 module id: 0
[2m[36m(CompileWorker pid=3400212)[0m compiled for stage:36 name: stage_1_7_acc_grad_1 module id: 1
[2m[36m(CompileWorker pid=3400214)[0m compiled for stage:35 name: stage_1_6_acc_grad_0 module id: 0
[2m[36m(CompileWorker pid=3400214)[0m compiled for stage:35 name: stage_1_6_acc_grad_1 module id: 1
[2m[36m(CompileWorker pid=3400207)[0m  tensor (Large latency) dimensions: (1, 12288, 36864, 36864, 1, 1, 1, 1, 1, 1, 0, 0, 'CONV', 1, 1, 0, 0),  latency: 1449.2818285714286
[2m[36m(CompileWorker pid=3400214)[0m compiled for stage:46 name: stage_2_2_acc_grad_0 module id: 0
[2m[36m(CompileWorker pid=3400215)[0m compiled for stage:38 name: stage_1_8_acc_grad_0 module id: 0
[2m[36m(CompileWorker pid=3400214)[0m compiled for stage:46 name: stage_2_2_acc_grad_1 module id: 1
[2m[36m(CompileWorker pid=3400215)[0m compiled for stage:38 name: stage_1_8_acc_grad_1 module id: 1
[2m[36m(CompileWorker pid=3400204)[0m compiled for stage:37 name: stage_1_7_acc_grad_0 module id: 0
[2m[36m(CompileWorker pid=3400204)[0m compiled for stage:37 name: stage_1_7_acc_grad_1 module id: 1
[2m[36m(CompileWorker pid=3400210)[0m compiled for stage:23 name: stage_0_11_acc_grad_0 module id: 0
[2m[36m(CompileWorker pid=3400214)[0m compiled for stage:47 name: stage_2_2_acc_grad_0 module id: 0
[2m[36m(CompileWorker pid=3400214)[0m compiled for stage:47 name: stage_2_2_acc_grad_1 module id: 1
[2m[36m(CompileWorker pid=3400207)[0m  tensor (Large latency) dimensions: (1, 2048, 12288, 12288, 1, 1, 1, 1, 1, 1, 0, 0, 'CONV', 1, 1, 0, 0),  latency: 26.58889142857143
[2m[36m(CompileWorker pid=3400210)[0m compiled for stage:23 name: stage_0_11_acc_grad_1 module id: 1
[2m[36m(CompileWorker pid=3400215)[0m compiled for stage:48 name: stage_2_3_acc_grad_0 module id: 0
[2m[36m(CompileWorker pid=3400215)[0m compiled for stage:48 name: stage_2_3_acc_grad_1 module id: 1
[2m[36m(CompileWorker pid=3400209)[0m compiled for stage:40 name: stage_1_9_acc_grad_0 module id: 0
[2m[36m(CompileWorker pid=3400209)[0m compiled for stage:40 name: stage_1_9_acc_grad_1 module id: 1
[2m[36m(CompileWorker pid=3400214)[0m compiled for stage:50 name: stage_2_4_acc_grad_0 module id: 0
[2m[36m(CompileWorker pid=3400214)[0m compiled for stage:50 name: stage_2_4_acc_grad_1 module id: 1
[2m[36m(CompileWorker pid=3400206)[0m compiled for stage:39 name: stage_1_8_acc_grad_0 module id: 0
[2m[36m(CompileWorker pid=3400204)[0m compiled for stage:49 name: stage_2_3_acc_grad_0 module id: 0
[2m[36m(CompileWorker pid=3400204)[0m compiled for stage:49 name: stage_2_3_acc_grad_1 module id: 1
[2m[36m(CompileWorker pid=3400206)[0m compiled for stage:39 name: stage_1_8_acc_grad_1 module id: 1
[2m[36m(CompileWorker pid=3400210)[0m  tensor (Large latency) dimensions: (1, 2048, 12288, 12288, 1, 1, 1, 1, 1, 1, 0, 0, 'CONV', 1, 1, 0, 0),  latency: 26.58889142857143
[2m[36m(CompileWorker pid=3400207)[0m compiled for stage:51 name: stage_2_4_acc_grad_0 module id: 0
[2m[36m(CompileWorker pid=3400207)[0m compiled for stage:51 name: stage_2_4_acc_grad_1 module id: 1
[2m[36m(CompileWorker pid=3400205)[0m compiled for stage:41 name: stage_1_9_acc_grad_0 module id: 0
[2m[36m(CompileWorker pid=3400205)[0m compiled for stage:41 name: stage_1_9_acc_grad_1 module id: 1
[2m[36m(CompileWorker pid=3400215)[0m compiled for stage:52 name: stage_2_5_acc_grad_0 module id: 0
[2m[36m(CompileWorker pid=3400215)[0m compiled for stage:52 name: stage_2_5_acc_grad_1 module id: 1
[2m[36m(CompileWorker pid=3400211)[0m compiled for stage:43 name: stage_1_10_acc_grad_0 module id: 0
[2m[36m(CompileWorker pid=3400214)[0m compiled for stage:53 name: stage_2_5_acc_grad_0 module id: 0
[2m[36m(CompileWorker pid=3400211)[0m compiled for stage:43 name: stage_1_10_acc_grad_1 module id: 1
[2m[36m(CompileWorker pid=3400214)[0m compiled for stage:53 name: stage_2_5_acc_grad_1 module id: 1
[2m[36m(CompileWorker pid=3400209)[0m compiled for stage:54 name: stage_2_6_acc_grad_0 module id: 0
[2m[36m(CompileWorker pid=3400209)[0m compiled for stage:54 name: stage_2_6_acc_grad_1 module id: 1
[2m[36m(CompileWorker pid=3400206)[0m compiled for stage:56 name: stage_2_7_acc_grad_0 module id: 0
[2m[36m(CompileWorker pid=3400206)[0m compiled for stage:56 name: stage_2_7_acc_grad_1 module id: 1
[2m[36m(CompileWorker pid=3400208)[0m compiled for stage:42 name: stage_1_10_acc_grad_0 module id: 0
[2m[36m(CompileWorker pid=3400208)[0m compiled for stage:42 name: stage_1_10_acc_grad_1 module id: 1
[2m[36m(CompileWorker pid=3400204)[0m compiled for stage:55 name: stage_2_6_acc_grad_0 module id: 0
[2m[36m(CompileWorker pid=3400204)[0m compiled for stage:55 name: stage_2_6_acc_grad_1 module id: 1
[2m[36m(CompileWorker pid=3400213)[0m compiled for stage:44 name: stage_1_11_acc_grad_0 module id: 0
[2m[36m(CompileWorker pid=3400210)[0m compiled for stage:57 name: stage_2_7_acc_grad_0 module id: 0
[2m[36m(CompileWorker pid=3400213)[0m compiled for stage:44 name: stage_1_11_acc_grad_1 module id: 1
[2m[36m(CompileWorker pid=3400210)[0m compiled for stage:57 name: stage_2_7_acc_grad_1 module id: 1
[2m[36m(CompileWorker pid=3400207)[0m compiled for stage:58 name: stage_2_8_acc_grad_0 module id: 0
[2m[36m(CompileWorker pid=3400207)[0m compiled for stage:58 name: stage_2_8_acc_grad_1 module id: 1
[2m[36m(CompileWorker pid=3400204)[0m compiled for stage:66 name: stage_3_3_acc_grad_0 module id: 0
[2m[36m(CompileWorker pid=3400204)[0m compiled for stage:66 name: stage_3_3_acc_grad_1 module id: 1
[2m[36m(CompileWorker pid=3400210)[0m compiled for stage:67 name: stage_3_3_acc_grad_0 module id: 0
[2m[36m(CompileWorker pid=3400210)[0m compiled for stage:67 name: stage_3_3_acc_grad_1 module id: 1
[2m[36m(CompileWorker pid=3400212)[0m compiled for stage:45 name: stage_1_11_acc_grad_0 module id: 0
[2m[36m(CompileWorker pid=3400212)[0m compiled for stage:45 name: stage_1_11_acc_grad_1 module id: 1
[2m[36m(CompileWorker pid=3400213)[0m compiled for stage:68 name: stage_3_4_acc_grad_0 module id: 0
[2m[36m(CompileWorker pid=3400213)[0m compiled for stage:68 name: stage_3_4_acc_grad_1 module id: 1
[2m[36m(CompileWorker pid=3400204)[0m compiled for stage:69 name: stage_3_4_acc_grad_0 module id: 0
[2m[36m(CompileWorker pid=3400204)[0m compiled for stage:69 name: stage_3_4_acc_grad_1 module id: 1
[2m[36m(CompileWorker pid=3400207)[0m compiled for stage:70 name: stage_3_5_acc_grad_0 module id: 0
[2m[36m(CompileWorker pid=3400207)[0m compiled for stage:70 name: stage_3_5_acc_grad_1 module id: 1
[2m[36m(CompileWorker pid=3400215)[0m compiled for stage:60 name: stage_2_9_acc_grad_0 module id: 0
[2m[36m(CompileWorker pid=3400215)[0m compiled for stage:60 name: stage_2_9_acc_grad_1 module id: 1
[2m[36m(CompileWorker pid=3400210)[0m compiled for stage:71 name: stage_3_5_acc_grad_0 module id: 0
[2m[36m(CompileWorker pid=3400210)[0m compiled for stage:71 name: stage_3_5_acc_grad_1 module id: 1
[2m[36m(CompileWorker pid=3400212)[0m  tensor (Large latency) dimensions: (1, 2048, 12288, 12288, 1, 1, 1, 1, 1, 1, 0, 0, 'CONV', 1, 1, 0, 0),  latency: 26.58889142857143
[2m[36m(CompileWorker pid=3400205)[0m compiled for stage:59 name: stage_2_8_acc_grad_0 module id: 0
[2m[36m(CompileWorker pid=3400205)[0m compiled for stage:59 name: stage_2_8_acc_grad_1 module id: 1
[2m[36m(CompileWorker pid=3400211)[0m compiled for stage:62 name: stage_2_10_acc_grad_0 module id: 0
[2m[36m(CompileWorker pid=3400211)[0m compiled for stage:62 name: stage_2_10_acc_grad_1 module id: 1
[2m[36m(CompileWorker pid=3400213)[0m compiled for stage:72 name: stage_3_6_acc_grad_0 module id: 0
[2m[36m(CompileWorker pid=3400213)[0m compiled for stage:72 name: stage_3_6_acc_grad_1 module id: 1
[2m[36m(CompileWorker pid=3400206)[0m compiled for stage:64 name: stage_2_11_acc_grad_0 module id: 0
[2m[36m(CompileWorker pid=3400204)[0m compiled for stage:73 name: stage_3_6_acc_grad_0 module id: 0
[2m[36m(CompileWorker pid=3400209)[0m compiled for stage:63 name: stage_2_10_acc_grad_0 module id: 0
[2m[36m(CompileWorker pid=3400207)[0m compiled for stage:74 name: stage_3_7_acc_grad_0 module id: 0
[2m[36m(CompileWorker pid=3400206)[0m compiled for stage:64 name: stage_2_11_acc_grad_1 module id: 1
[2m[36m(CompileWorker pid=3400204)[0m compiled for stage:73 name: stage_3_6_acc_grad_1 module id: 1
[2m[36m(CompileWorker pid=3400209)[0m compiled for stage:63 name: stage_2_10_acc_grad_1 module id: 1
[2m[36m(CompileWorker pid=3400207)[0m compiled for stage:74 name: stage_3_7_acc_grad_1 module id: 1
[2m[36m(CompileWorker pid=3400214)[0m compiled for stage:61 name: stage_2_9_acc_grad_0 module id: 0
[2m[36m(CompileWorker pid=3400214)[0m compiled for stage:61 name: stage_2_9_acc_grad_1 module id: 1
[2m[36m(CompileWorker pid=3400205)[0m compiled for stage:78 name: stage_3_9_acc_grad_0 module id: 0
[2m[36m(CompileWorker pid=3400205)[0m compiled for stage:78 name: stage_3_9_acc_grad_1 module id: 1
[2m[36m(CompileWorker pid=3400214)[0m compiled for stage:84 name: stage_4_4_acc_grad_0 module id: 0
[2m[36m(CompileWorker pid=3400214)[0m compiled for stage:84 name: stage_4_4_acc_grad_1 module id: 1
[2m[36m(CompileWorker pid=3400215)[0m compiled for stage:75 name: stage_3_7_acc_grad_0 module id: 0
[2m[36m(CompileWorker pid=3400215)[0m compiled for stage:75 name: stage_3_7_acc_grad_1 module id: 1
[2m[36m(CompileWorker pid=3400214)[0m compiled for stage:85 name: stage_4_4_acc_grad_0 module id: 0
[2m[36m(CompileWorker pid=3400214)[0m compiled for stage:85 name: stage_4_4_acc_grad_1 module id: 1
[2m[36m(CompileWorker pid=3400206)[0m  tensor (Large latency) dimensions: (1, 2048, 12288, 12288, 1, 1, 1, 1, 1, 1, 0, 0, 'CONV', 1, 1, 0, 0),  latency: 26.58889142857143
[2m[36m(CompileWorker pid=3400205)[0m compiled for stage:86 name: stage_4_5_acc_grad_0 module id: 0
[2m[36m(CompileWorker pid=3400205)[0m compiled for stage:86 name: stage_4_5_acc_grad_1 module id: 1
[2m[36m(CompileWorker pid=3400210)[0m compiled for stage:76 name: stage_3_8_acc_grad_0 module id: 0
[2m[36m(CompileWorker pid=3400210)[0m compiled for stage:76 name: stage_3_8_acc_grad_1 module id: 1
[2m[36m(CompileWorker pid=3400212)[0m compiled for stage:77 name: stage_3_8_acc_grad_0 module id: 0
[2m[36m(CompileWorker pid=3400212)[0m compiled for stage:77 name: stage_3_8_acc_grad_1 module id: 1
[2m[36m(CompileWorker pid=3400214)[0m compiled for stage:87 name: stage_4_5_acc_grad_0 module id: 0
[2m[36m(CompileWorker pid=3400214)[0m compiled for stage:87 name: stage_4_5_acc_grad_1 module id: 1
[2m[36m(CompileWorker pid=3400215)[0m compiled for stage:88 name: stage_4_6_acc_grad_0 module id: 0
[2m[36m(CompileWorker pid=3400215)[0m compiled for stage:88 name: stage_4_6_acc_grad_1 module id: 1
[2m[36m(CompileWorker pid=3400213)[0m compiled for stage:80 name: stage_3_10_acc_grad_0 module id: 0
[2m[36m(CompileWorker pid=3400213)[0m compiled for stage:80 name: stage_3_10_acc_grad_1 module id: 1
[2m[36m(CompileWorker pid=3400208)[0m compiled for stage:65 name: stage_2_11_acc_grad_0 module id: 0
[2m[36m(CompileWorker pid=3400205)[0m compiled for stage:90 name: stage_4_7_acc_grad_0 module id: 0
[2m[36m(CompileWorker pid=3400208)[0m compiled for stage:65 name: stage_2_11_acc_grad_1 module id: 1
[2m[36m(CompileWorker pid=3400205)[0m compiled for stage:90 name: stage_4_7_acc_grad_1 module id: 1
[2m[36m(CompileWorker pid=3400206)[0m compiled for stage:89 name: stage_4_6_acc_grad_0 module id: 0
[2m[36m(CompileWorker pid=3400206)[0m compiled for stage:89 name: stage_4_6_acc_grad_1 module id: 1
[2m[36m(CompileWorker pid=3400210)[0m compiled for stage:91 name: stage_4_7_acc_grad_0 module id: 0
[2m[36m(CompileWorker pid=3400210)[0m compiled for stage:91 name: stage_4_7_acc_grad_1 module id: 1
[2m[36m(CompileWorker pid=3400207)[0m compiled for stage:82 name: stage_3_11_acc_grad_0 module id: 0
[2m[36m(CompileWorker pid=3400207)[0m compiled for stage:82 name: stage_3_11_acc_grad_1 module id: 1
[2m[36m(CompileWorker pid=3400208)[0m  tensor (Large latency) dimensions: (1, 2048, 12288, 12288, 1, 1, 1, 1, 1, 1, 0, 0, 'CONV', 1, 1, 0, 0),  latency: 26.58889142857143
[2m[36m(CompileWorker pid=3400215)[0m compiled for stage:94 name: stage_4_9_acc_grad_0 module id: 0
[2m[36m(CompileWorker pid=3400211)[0m compiled for stage:79 name: stage_3_9_acc_grad_0 module id: 0
[2m[36m(CompileWorker pid=3400215)[0m compiled for stage:94 name: stage_4_9_acc_grad_1 module id: 1
[2m[36m(CompileWorker pid=3400211)[0m compiled for stage:79 name: stage_3_9_acc_grad_1 module id: 1
[2m[36m(CompileWorker pid=3400209)[0m compiled for stage:83 name: stage_3_11_acc_grad_0 module id: 0
[2m[36m(CompileWorker pid=3400212)[0m compiled for stage:92 name: stage_4_8_acc_grad_0 module id: 0
[2m[36m(CompileWorker pid=3400214)[0m compiled for stage:93 name: stage_4_8_acc_grad_0 module id: 0
[2m[36m(CompileWorker pid=3400214)[0m compiled for stage:93 name: stage_4_8_acc_grad_1 module id: 1
[2m[36m(CompileWorker pid=3400209)[0m compiled for stage:83 name: stage_3_11_acc_grad_1 module id: 1
[2m[36m(CompileWorker pid=3400212)[0m compiled for stage:92 name: stage_4_8_acc_grad_1 module id: 1
[2m[36m(CompileWorker pid=3400204)[0m compiled for stage:81 name: stage_3_10_acc_grad_0 module id: 0
[2m[36m(CompileWorker pid=3400215)[0m compiled for stage:100 name: stage_5_5_acc_grad_0 module id: 0
[2m[36m(CompileWorker pid=3400215)[0m compiled for stage:100 name: stage_5_5_acc_grad_1 module id: 1
[2m[36m(CompileWorker pid=3400204)[0m compiled for stage:81 name: stage_3_10_acc_grad_1 module id: 1
[2m[36m(CompileWorker pid=3400207)[0m  tensor (Large latency) dimensions: (1, 2048, 12288, 12288, 1, 1, 1, 1, 1, 1, 0, 0, 'CONV', 1, 1, 0, 0),  latency: 26.58889142857143
[2m[36m(CompileWorker pid=3400211)[0m compiled for stage:101 name: stage_5_5_acc_grad_0 module id: 0
[2m[36m(CompileWorker pid=3400211)[0m compiled for stage:101 name: stage_5_5_acc_grad_1 module id: 1
[2m[36m(CompileWorker pid=3400212)[0m compiled for stage:103 name: stage_5_6_acc_grad_0 module id: 0
[2m[36m(CompileWorker pid=3400212)[0m compiled for stage:103 name: stage_5_6_acc_grad_1 module id: 1
[2m[36m(CompileWorker pid=3400214)[0m compiled for stage:102 name: stage_5_6_acc_grad_0 module id: 0
[2m[36m(CompileWorker pid=3400214)[0m compiled for stage:102 name: stage_5_6_acc_grad_1 module id: 1
[2m[36m(CompileWorker pid=3400215)[0m compiled for stage:104 name: stage_5_7_acc_grad_0 module id: 0
[2m[36m(CompileWorker pid=3400215)[0m compiled for stage:104 name: stage_5_7_acc_grad_1 module id: 1
[2m[36m(CompileWorker pid=3400205)[0m compiled for stage:96 name: stage_4_10_acc_grad_0 module id: 0
[2m[36m(CompileWorker pid=3400209)[0m  tensor (Large latency) dimensions: (1, 2048, 12288, 12288, 1, 1, 1, 1, 1, 1, 0, 0, 'CONV', 1, 1, 0, 0),  latency: 26.58889142857143
[2m[36m(CompileWorker pid=3400205)[0m compiled for stage:96 name: stage_4_10_acc_grad_1 module id: 1
[2m[36m(CompileWorker pid=3400207)[0m compiled for stage:106 name: stage_5_8_acc_grad_0 module id: 0
[2m[36m(CompileWorker pid=3400207)[0m compiled for stage:106 name: stage_5_8_acc_grad_1 module id: 1
[2m[36m(CompileWorker pid=3400204)[0m compiled for stage:105 name: stage_5_7_acc_grad_0 module id: 0
[2m[36m(CompileWorker pid=3400204)[0m compiled for stage:105 name: stage_5_7_acc_grad_1 module id: 1
[2m[36m(CompileWorker pid=3400211)[0m compiled for stage:107 name: stage_5_8_acc_grad_0 module id: 0
[2m[36m(CompileWorker pid=3400206)[0m compiled for stage:97 name: stage_4_10_acc_grad_0 module id: 0
[2m[36m(CompileWorker pid=3400213)[0m compiled for stage:95 name: stage_4_9_acc_grad_0 module id: 0
[2m[36m(CompileWorker pid=3400210)[0m compiled for stage:98 name: stage_4_11_acc_grad_0 module id: 0
[2m[36m(CompileWorker pid=3400212)[0m compiled for stage:108 name: stage_5_9_acc_grad_0 module id: 0
[2m[36m(CompileWorker pid=3400211)[0m compiled for stage:107 name: stage_5_8_acc_grad_1 module id: 1
[2m[36m(CompileWorker pid=3400212)[0m compiled for stage:108 name: stage_5_9_acc_grad_1 module id: 1
[2m[36m(CompileWorker pid=3400213)[0m compiled for stage:95 name: stage_4_9_acc_grad_1 module id: 1
[2m[36m(CompileWorker pid=3400206)[0m compiled for stage:97 name: stage_4_10_acc_grad_1 module id: 1
[2m[36m(CompileWorker pid=3400210)[0m compiled for stage:98 name: stage_4_11_acc_grad_1 module id: 1
[2m[36m(CompileWorker pid=3400204)[0m compiled for stage:114 name: stage_6_6_acc_grad_0 module id: 0
[2m[36m(CompileWorker pid=3400204)[0m compiled for stage:114 name: stage_6_6_acc_grad_1 module id: 1
[2m[36m(CompileWorker pid=3400204)[0m compiled for stage:116 name: stage_6_7_acc_grad_0 module id: 0
[2m[36m(CompileWorker pid=3400211)[0m compiled for stage:115 name: stage_6_6_acc_grad_0 module id: 0
[2m[36m(CompileWorker pid=3400211)[0m compiled for stage:115 name: stage_6_6_acc_grad_1 module id: 1
[2m[36m(CompileWorker pid=3400204)[0m compiled for stage:116 name: stage_6_7_acc_grad_1 module id: 1
[2m[36m(CompileWorker pid=3400214)[0m compiled for stage:109 name: stage_5_9_acc_grad_0 module id: 0
[2m[36m(CompileWorker pid=3400214)[0m compiled for stage:109 name: stage_5_9_acc_grad_1 module id: 1
[2m[36m(CompileWorker pid=3400212)[0m compiled for stage:117 name: stage_6_7_acc_grad_0 module id: 0
[2m[36m(CompileWorker pid=3400212)[0m compiled for stage:117 name: stage_6_7_acc_grad_1 module id: 1
[2m[36m(CompileWorker pid=3400210)[0m compiled for stage:118 name: stage_6_8_acc_grad_0 module id: 0
[2m[36m(CompileWorker pid=3400210)[0m compiled for stage:118 name: stage_6_8_acc_grad_1 module id: 1
[2m[36m(CompileWorker pid=3400215)[0m compiled for stage:110 name: stage_5_10_acc_grad_0 module id: 0
[2m[36m(CompileWorker pid=3400209)[0m compiled for stage:111 name: stage_5_10_acc_grad_0 module id: 0
[2m[36m(CompileWorker pid=3400215)[0m compiled for stage:110 name: stage_5_10_acc_grad_1 module id: 1
[2m[36m(CompileWorker pid=3400209)[0m compiled for stage:111 name: stage_5_10_acc_grad_1 module id: 1
[2m[36m(CompileWorker pid=3400211)[0m compiled for stage:120 name: stage_6_9_acc_grad_0 module id: 0
[2m[36m(CompileWorker pid=3400208)[0m compiled for stage:99 name: stage_4_11_acc_grad_0 module id: 0
[2m[36m(CompileWorker pid=3400205)[0m compiled for stage:112 name: stage_5_11_acc_grad_0 module id: 0
[2m[36m(CompileWorker pid=3400215)[0m compiled for stage:126 name: stage_7_7_acc_grad_0 module id: 0
[2m[36m(CompileWorker pid=3400215)[0m compiled for stage:126 name: stage_7_7_acc_grad_1 module id: 1
[2m[36m(CompileWorker pid=3400205)[0m compiled for stage:112 name: stage_5_11_acc_grad_1 module id: 1
[2m[36m(CompileWorker pid=3400211)[0m compiled for stage:120 name: stage_6_9_acc_grad_1 module id: 1
[2m[36m(CompileWorker pid=3400208)[0m compiled for stage:99 name: stage_4_11_acc_grad_1 module id: 1
[2m[36m(CompileWorker pid=3400206)[0m compiled for stage:119 name: stage_6_8_acc_grad_0 module id: 0
[2m[36m(CompileWorker pid=3400204)[0m compiled for stage:122 name: stage_6_10_acc_grad_0 module id: 0
[2m[36m(CompileWorker pid=3400206)[0m compiled for stage:119 name: stage_6_8_acc_grad_1 module id: 1
[2m[36m(CompileWorker pid=3400204)[0m compiled for stage:122 name: stage_6_10_acc_grad_1 module id: 1
[2m[36m(CompileWorker pid=3400215)[0m compiled for stage:127 name: stage_7_7_acc_grad_0 module id: 0
[2m[36m(CompileWorker pid=3400215)[0m compiled for stage:127 name: stage_7_7_acc_grad_1 module id: 1
[2m[36m(CompileWorker pid=3400213)[0m compiled for stage:121 name: stage_6_9_acc_grad_0 module id: 0
[2m[36m(CompileWorker pid=3400213)[0m compiled for stage:121 name: stage_6_9_acc_grad_1 module id: 1
[2m[36m(CompileWorker pid=3400207)[0m compiled for stage:113 name: stage_5_11_acc_grad_0 module id: 0
[2m[36m(CompileWorker pid=3400209)[0m compiled for stage:128 name: stage_7_8_acc_grad_0 module id: 0
[2m[36m(CompileWorker pid=3400209)[0m compiled for stage:128 name: stage_7_8_acc_grad_1 module id: 1
[2m[36m(CompileWorker pid=3400207)[0m compiled for stage:113 name: stage_5_11_acc_grad_1 module id: 1
[2m[36m(CompileWorker pid=3400211)[0m compiled for stage:129 name: stage_7_8_acc_grad_0 module id: 0
[2m[36m(CompileWorker pid=3400211)[0m compiled for stage:129 name: stage_7_8_acc_grad_1 module id: 1
[2m[36m(CompileWorker pid=3400212)[0m compiled for stage:123 name: stage_6_10_acc_grad_0 module id: 0
[2m[36m(CompileWorker pid=3400205)[0m  tensor (Large latency) dimensions: (1, 2048, 12288, 12288, 1, 1, 1, 1, 1, 1, 0, 0, 'CONV', 1, 1, 0, 0),  latency: 26.58889142857143
[2m[36m(CompileWorker pid=3400212)[0m compiled for stage:123 name: stage_6_10_acc_grad_1 module id: 1
[2m[36m(CompileWorker pid=3400208)[0m compiled for stage:130 name: stage_7_9_acc_grad_0 module id: 0
[2m[36m(CompileWorker pid=3400208)[0m compiled for stage:130 name: stage_7_9_acc_grad_1 module id: 1
[2m[36m(CompileWorker pid=3400207)[0m compiled for stage:136 name: stage_8_8_acc_grad_0 module id: 0
[2m[36m(CompileWorker pid=3400207)[0m compiled for stage:136 name: stage_8_8_acc_grad_1 module id: 1
[2m[36m(CompileWorker pid=3400211)[0m compiled for stage:137 name: stage_8_8_acc_grad_0 module id: 0
[2m[36m(CompileWorker pid=3400206)[0m compiled for stage:131 name: stage_7_9_acc_grad_0 module id: 0
[2m[36m(CompileWorker pid=3400211)[0m compiled for stage:137 name: stage_8_8_acc_grad_1 module id: 1
[2m[36m(CompileWorker pid=3400206)[0m compiled for stage:131 name: stage_7_9_acc_grad_1 module id: 1
[2m[36m(CompileWorker pid=3400214)[0m compiled for stage:124 name: stage_6_11_acc_grad_0 module id: 0
[2m[36m(CompileWorker pid=3400214)[0m compiled for stage:124 name: stage_6_11_acc_grad_1 module id: 1
[2m[36m(CompileWorker pid=3400205)[0m compiled for stage:138 name: stage_8_9_acc_grad_0 module id: 0
[2m[36m(CompileWorker pid=3400204)[0m compiled for stage:132 name: stage_7_10_acc_grad_0 module id: 0
[2m[36m(CompileWorker pid=3400205)[0m compiled for stage:138 name: stage_8_9_acc_grad_1 module id: 1
[2m[36m(CompileWorker pid=3400204)[0m compiled for stage:132 name: stage_7_10_acc_grad_1 module id: 1
[2m[36m(CompileWorker pid=3400212)[0m compiled for stage:139 name: stage_8_9_acc_grad_0 module id: 0
[2m[36m(CompileWorker pid=3400205)[0m compiled for stage:144 name: stage_9_9_acc_grad_0 module id: 0
[2m[36m(CompileWorker pid=3400212)[0m compiled for stage:139 name: stage_8_9_acc_grad_1 module id: 1
[2m[36m(CompileWorker pid=3400215)[0m compiled for stage:133 name: stage_7_10_acc_grad_0 module id: 0
[2m[36m(CompileWorker pid=3400210)[0m compiled for stage:125 name: stage_6_11_acc_grad_0 module id: 0
[2m[36m(CompileWorker pid=3400205)[0m compiled for stage:144 name: stage_9_9_acc_grad_1 module id: 1
[2m[36m(CompileWorker pid=3400215)[0m compiled for stage:133 name: stage_7_10_acc_grad_1 module id: 1
[2m[36m(CompileWorker pid=3400208)[0m compiled for stage:140 name: stage_8_10_acc_grad_0 module id: 0
[2m[36m(CompileWorker pid=3400208)[0m compiled for stage:140 name: stage_8_10_acc_grad_1 module id: 1
[2m[36m(CompileWorker pid=3400210)[0m compiled for stage:125 name: stage_6_11_acc_grad_1 module id: 1
[2m[36m(CompileWorker pid=3400204)[0m compiled for stage:145 name: stage_9_9_acc_grad_0 module id: 0
[2m[36m(CompileWorker pid=3400211)[0m compiled for stage:142 name: stage_8_11_acc_grad_0 module id: 0
[2m[36m(CompileWorker pid=3400204)[0m compiled for stage:145 name: stage_9_9_acc_grad_1 module id: 1
[2m[36m(CompileWorker pid=3400211)[0m compiled for stage:142 name: stage_8_11_acc_grad_1 module id: 1
[2m[36m(CompileWorker pid=3400214)[0m  tensor (Large latency) dimensions: (1, 2048, 12288, 12288, 1, 1, 1, 1, 1, 1, 0, 0, 'CONV', 1, 1, 0, 0),  latency: 26.58889142857143
[2m[36m(CompileWorker pid=3400213)[0m compiled for stage:134 name: stage_7_11_acc_grad_0 module id: 0
[2m[36m(CompileWorker pid=3400207)[0m compiled for stage:141 name: stage_8_10_acc_grad_0 module id: 0
[2m[36m(CompileWorker pid=3400207)[0m compiled for stage:141 name: stage_8_10_acc_grad_1 module id: 1
[2m[36m(CompileWorker pid=3400213)[0m compiled for stage:134 name: stage_7_11_acc_grad_1 module id: 1
[2m[36m(CompileWorker pid=3400204)[0m compiled for stage:151 name: stage_10_10_acc_grad_0 module id: 0
[2m[36m(CompileWorker pid=3400210)[0m compiled for stage:150 name: stage_10_10_acc_grad_0 module id: 0
[2m[36m(CompileWorker pid=3400204)[0m compiled for stage:151 name: stage_10_10_acc_grad_1 module id: 1
[2m[36m(CompileWorker pid=3400210)[0m compiled for stage:150 name: stage_10_10_acc_grad_1 module id: 1
[2m[36m(CompileWorker pid=3400212)[0m compiled for stage:146 name: stage_9_10_acc_grad_0 module id: 0
[2m[36m(CompileWorker pid=3400215)[0m compiled for stage:148 name: stage_9_11_acc_grad_0 module id: 0
[2m[36m(CompileWorker pid=3400212)[0m compiled for stage:146 name: stage_9_10_acc_grad_1 module id: 1
[2m[36m(CompileWorker pid=3400215)[0m compiled for stage:148 name: stage_9_11_acc_grad_1 module id: 1
[2m[36m(CompileWorker pid=3400204)[0m compiled for stage:154 name: stage_11_11_acc_grad_0 module id: 0
[2m[36m(CompileWorker pid=3400204)[0m compiled for stage:154 name: stage_11_11_acc_grad_1 module id: 1
[2m[36m(CompileWorker pid=3400206)[0m compiled for stage:143 name: stage_8_11_acc_grad_0 module id: 0
[2m[36m(CompileWorker pid=3400209)[0m compiled for stage:135 name: stage_7_11_acc_grad_0 module id: 0
[2m[36m(CompileWorker pid=3400210)[0m compiled for stage:155 name: stage_11_11_acc_grad_0 module id: 0
[2m[36m(CompileWorker pid=3400206)[0m compiled for stage:143 name: stage_8_11_acc_grad_1 module id: 1
[2m[36m(CompileWorker pid=3400210)[0m compiled for stage:155 name: stage_11_11_acc_grad_1 module id: 1
[2m[36m(CompileWorker pid=3400209)[0m compiled for stage:135 name: stage_7_11_acc_grad_1 module id: 1
[2m[36m(CompileWorker pid=3400205)[0m compiled for stage:147 name: stage_9_10_acc_grad_0 module id: 0
[2m[36m(CompileWorker pid=3400205)[0m compiled for stage:147 name: stage_9_10_acc_grad_1 module id: 1
[2m[36m(CompileWorker pid=3400214)[0m compiled for stage:152 name: stage_10_11_acc_grad_0 module id: 0
[2m[36m(CompileWorker pid=3400214)[0m compiled for stage:152 name: stage_10_11_acc_grad_1 module id: 1
[2m[36m(CompileWorker pid=3400207)[0m compiled for stage:153 name: stage_10_11_acc_grad_0 module id: 0
[2m[36m(CompileWorker pid=3400207)[0m compiled for stage:153 name: stage_10_11_acc_grad_1 module id: 1
[2m[36m(CompileWorker pid=3400208)[0m compiled for stage:149 name: stage_9_11_acc_grad_0 module id: 0
[2m[36m(CompileWorker pid=3400208)[0m compiled for stage:149 name: stage_9_11_acc_grad_1 module id: 1
[2m[36m(CompileWorker pid=3400211)[0m  tensor (Large latency) dimensions: (1, 2048, 12288, 12288, 1, 1, 1, 1, 1, 1, 0, 0, 'CONV', 1, 1, 0, 0),  latency: 26.58889142857143
[2m[36m(CompileWorker pid=3400215)[0m  tensor (Large latency) dimensions: (1, 2048, 12288, 12288, 1, 1, 1, 1, 1, 1, 0, 0, 'CONV', 1, 1, 0, 0),  latency: 26.58889142857143
[2m[36m(CompileWorker pid=3400204)[0m  tensor (Large latency) dimensions: (1, 2048, 12288, 12288, 1, 1, 1, 1, 1, 1, 0, 0, 'CONV', 1, 1, 0, 0),  latency: 26.58889142857143
- parse estimation results for all stages
Using pre computed peak Mem for (0, 0, 1, 0), module 0
result[(0, 0, 1, 0), 0] = ModuleProfileResult(compute_cost=433.695, peak_memory=5.600 GB, invar_size=2.861 GB, outvar_size=3.967 GB, temp_buffer_size=-1.229 GB, available_memory=64.000 GB, comm_cost=0.468)
result[(0, 0, 1, 0), 1] = ModuleProfileResult(compute_cost=1603.034, peak_memory=8.181 GB, invar_size=6.829 GB, outvar_size=2.861 GB, temp_buffer_size=1.352 GB, available_memory=64.000 GB, comm_cost=0.107)
Using pre computed peak Mem for (0, 0, 1, 1), module 0
result[(0, 0, 1, 1), 0] = ModuleProfileResult(compute_cost=433.695, peak_memory=5.600 GB, invar_size=2.861 GB, outvar_size=3.991 GB, temp_buffer_size=-1.252 GB, available_memory=64.000 GB, comm_cost=0.468)
result[(0, 0, 1, 1), 1] = ModuleProfileResult(compute_cost=1603.035, peak_memory=8.404 GB, invar_size=6.852 GB, outvar_size=2.861 GB, temp_buffer_size=1.551 GB, available_memory=64.000 GB, comm_cost=0.106)
Using pre computed peak Mem for (0, 1, 1, 0), module 0
result[(0, 1, 1, 0), 0] = ModuleProfileResult(compute_cost=865.173, peak_memory=11.200 GB, invar_size=4.549 GB, outvar_size=7.812 GB, temp_buffer_size=-1.161 GB, available_memory=64.000 GB, comm_cost=0.711)
result[(0, 1, 1, 0), 1] = ModuleProfileResult(compute_cost=3190.678, peak_memory=13.982 GB, invar_size=12.361 GB, outvar_size=4.549 GB, temp_buffer_size=1.621 GB, available_memory=64.000 GB, comm_cost=0.182)
Using pre computed peak Mem for (0, 1, 1, 1), module 0
result[(0, 1, 1, 1), 0] = ModuleProfileResult(compute_cost=865.175, peak_memory=11.200 GB, invar_size=4.549 GB, outvar_size=7.835 GB, temp_buffer_size=-1.184 GB, available_memory=64.000 GB, comm_cost=0.714)
result[(0, 1, 1, 1), 1] = ModuleProfileResult(compute_cost=3190.681, peak_memory=13.975 GB, invar_size=12.384 GB, outvar_size=4.549 GB, temp_buffer_size=1.590 GB, available_memory=64.000 GB, comm_cost=0.184)
Using pre computed peak Mem for (0, 2, 1, 0), module 0
result[(0, 2, 1, 0), 0] = ModuleProfileResult(compute_cost=1585.986, peak_memory=16.800 GB, invar_size=6.800 GB, outvar_size=13.274 GB, temp_buffer_size=-3.273 GB, available_memory=64.000 GB, comm_cost=1.178)
result[(0, 2, 1, 0), 1] = ModuleProfileResult(compute_cost=5264.568, peak_memory=22.187 GB, invar_size=20.073 GB, outvar_size=6.800 GB, temp_buffer_size=2.114 GB, available_memory=64.000 GB, comm_cost=0.312)
Using pre computed peak Mem for (0, 2, 1, 1), module 0
result[(0, 2, 1, 1), 0] = ModuleProfileResult(compute_cost=1464.830, peak_memory=16.800 GB, invar_size=7.222 GB, outvar_size=13.766 GB, temp_buffer_size=-4.187 GB, available_memory=64.000 GB, comm_cost=0.982)
Using pre computed peak Mem for (0, 2, 1, 1), module 1
result[(0, 2, 1, 1), 1] = ModuleProfileResult(compute_cost=6354.263, peak_memory=19.500 GB, invar_size=20.987 GB, outvar_size=7.221 GB, temp_buffer_size=-1.487 GB, available_memory=64.000 GB, comm_cost=0.516)
Using pre computed peak Mem for (0, 3, 1, 0), module 0
result[(0, 3, 1, 0), 0] = ModuleProfileResult(compute_cost=2017.276, peak_memory=22.400 GB, invar_size=8.487 GB, outvar_size=17.048 GB, temp_buffer_size=-3.135 GB, available_memory=64.000 GB, comm_cost=1.421)
result[(0, 3, 1, 0), 1] = ModuleProfileResult(compute_cost=6851.931, peak_memory=27.999 GB, invar_size=25.535 GB, outvar_size=8.487 GB, temp_buffer_size=2.464 GB, available_memory=64.000 GB, comm_cost=0.387)
Using pre computed peak Mem for (0, 3, 1, 1), module 0
result[(0, 3, 1, 1), 0] = ModuleProfileResult(compute_cost=2017.276, peak_memory=22.400 GB, invar_size=8.487 GB, outvar_size=17.188 GB, temp_buffer_size=-3.276 GB, available_memory=64.000 GB, comm_cost=1.421)
result[(0, 3, 1, 1), 1] = ModuleProfileResult(compute_cost=6851.936, peak_memory=28.515 GB, invar_size=25.676 GB, outvar_size=8.487 GB, temp_buffer_size=2.839 GB, available_memory=64.000 GB, comm_cost=0.386)
Using pre computed peak Mem for (0, 4, 1, 0), module 0
result[(0, 4, 1, 0), 0] = ModuleProfileResult(compute_cost=2428.622, peak_memory=28.000 GB, invar_size=10.175 GB, outvar_size=20.845 GB, temp_buffer_size=-3.020 GB, available_memory=64.000 GB, comm_cost=1.849)
result[(0, 4, 1, 0), 1] = ModuleProfileResult(compute_cost=8439.295, peak_memory=33.789 GB, invar_size=31.067 GB, outvar_size=10.175 GB, temp_buffer_size=2.722 GB, available_memory=64.000 GB, comm_cost=0.463)
Using pre computed peak Mem for (0, 4, 1, 1), module 0
result[(0, 4, 1, 1), 0] = ModuleProfileResult(compute_cost=2448.573, peak_memory=28.000 GB, invar_size=10.175 GB, outvar_size=21.032 GB, temp_buffer_size=-3.208 GB, available_memory=64.000 GB, comm_cost=1.670)
result[(0, 4, 1, 1), 1] = ModuleProfileResult(compute_cost=8439.300, peak_memory=34.140 GB, invar_size=31.208 GB, outvar_size=10.175 GB, temp_buffer_size=2.932 GB, available_memory=64.000 GB, comm_cost=0.460)
Using pre computed peak Mem for (0, 5, 1, 0), module 0
result[(0, 5, 1, 0), 0] = ModuleProfileResult(compute_cost=2879.856, peak_memory=33.600 GB, invar_size=11.863 GB, outvar_size=24.642 GB, temp_buffer_size=-2.905 GB, available_memory=64.000 GB, comm_cost=1.908)
result[(0, 5, 1, 0), 1] = ModuleProfileResult(compute_cost=10026.659, peak_memory=39.649 GB, invar_size=36.505 GB, outvar_size=11.863 GB, temp_buffer_size=3.144 GB, available_memory=64.000 GB, comm_cost=0.538)
Using pre computed peak Mem for (0, 5, 1, 1), module 0
result[(0, 5, 1, 1), 0] = ModuleProfileResult(compute_cost=2758.708, peak_memory=33.600 GB, invar_size=12.285 GB, outvar_size=25.181 GB, temp_buffer_size=-3.866 GB, available_memory=64.000 GB, comm_cost=1.720)
Using pre computed peak Mem for (0, 5, 1, 1), module 1
result[(0, 5, 1, 1), 1] = ModuleProfileResult(compute_cost=11116.362, peak_memory=39.000 GB, invar_size=37.466 GB, outvar_size=12.285 GB, temp_buffer_size=1.534 GB, available_memory=64.000 GB, comm_cost=0.743)
Using pre computed peak Mem for (0, 6, 1, 0), module 0
result[(0, 6, 1, 0), 0] = ModuleProfileResult(compute_cost=3291.021, peak_memory=39.200 GB, invar_size=13.551 GB, outvar_size=28.299 GB, temp_buffer_size=-2.650 GB, available_memory=64.000 GB, comm_cost=2.155)
result[(0, 6, 1, 0), 1] = ModuleProfileResult(compute_cost=11573.585, peak_memory=45.415 GB, invar_size=41.897 GB, outvar_size=13.551 GB, temp_buffer_size=3.519 GB, available_memory=64.000 GB, comm_cost=0.621)
Using pre computed peak Mem for (0, 6, 1, 1), module 0
result[(0, 6, 1, 1), 0] = ModuleProfileResult(compute_cost=3297.751, peak_memory=39.200 GB, invar_size=13.691 GB, outvar_size=28.674 GB, temp_buffer_size=-3.165 GB, available_memory=64.000 GB, comm_cost=2.141)
result[(0, 6, 1, 1), 1] = ModuleProfileResult(compute_cost=11700.853, peak_memory=46.305 GB, invar_size=42.412 GB, outvar_size=13.691 GB, temp_buffer_size=3.893 GB, available_memory=64.000 GB, comm_cost=0.642)
Using pre computed peak Mem for (0, 7, 1, 0), module 0
result[(0, 7, 1, 0), 0] = ModuleProfileResult(compute_cost=3742.436, peak_memory=44.800 GB, invar_size=15.238 GB, outvar_size=32.143 GB, temp_buffer_size=-2.582 GB, available_memory=64.000 GB, comm_cost=2.395)
result[(0, 7, 1, 0), 1] = ModuleProfileResult(compute_cost=13201.389, peak_memory=51.018 GB, invar_size=47.382 GB, outvar_size=15.238 GB, temp_buffer_size=3.636 GB, available_memory=64.000 GB, comm_cost=0.691)
Using pre computed peak Mem for (0, 7, 1, 1), module 0
result[(0, 7, 1, 1), 0] = ModuleProfileResult(compute_cost=3742.436, peak_memory=44.800 GB, invar_size=15.238 GB, outvar_size=32.237 GB, temp_buffer_size=-2.676 GB, available_memory=64.000 GB, comm_cost=2.395)
result[(0, 7, 1, 1), 1] = ModuleProfileResult(compute_cost=13201.395, peak_memory=51.510 GB, invar_size=47.476 GB, outvar_size=15.238 GB, temp_buffer_size=4.034 GB, available_memory=64.000 GB, comm_cost=0.689)
Using pre computed peak Mem for (0, 8, 1, 0), module 0
result[(0, 8, 1, 0), 0] = ModuleProfileResult(compute_cost=4173.726, peak_memory=50.400 GB, invar_size=16.926 GB, outvar_size=35.824 GB, temp_buffer_size=-2.350 GB, available_memory=64.000 GB, comm_cost=2.639)
result[(0, 8, 1, 0), 1] = ModuleProfileResult(compute_cost=14788.751, peak_memory=56.270 GB, invar_size=52.750 GB, outvar_size=16.926 GB, temp_buffer_size=3.521 GB, available_memory=64.000 GB, comm_cost=0.764)
Using pre computed peak Mem for (0, 8, 1, 1), module 0
result[(0, 8, 1, 1), 0] = ModuleProfileResult(compute_cost=3446.789, peak_memory=50.400 GB, invar_size=19.457 GB, outvar_size=38.331 GB, temp_buffer_size=-7.389 GB, available_memory=64.000 GB, comm_cost=1.466)
Using pre computed peak Mem for (0, 8, 1, 1), module 1
result[(0, 8, 1, 1), 1] = ModuleProfileResult(compute_cost=21326.918, peak_memory=58.500 GB, invar_size=57.789 GB, outvar_size=19.457 GB, temp_buffer_size=0.711 GB, available_memory=64.000 GB, comm_cost=1.994)
Using pre computed peak Mem for (0, 9, 1, 0), module 0
result[(0, 9, 1, 0), 0] = ModuleProfileResult(compute_cost=4605.016, peak_memory=56.000 GB, invar_size=18.614 GB, outvar_size=39.691 GB, temp_buffer_size=-2.305 GB, available_memory=64.000 GB, comm_cost=2.882)
result[(0, 9, 1, 0), 1] = ModuleProfileResult(compute_cost=16376.123, peak_memory=63.582 GB, invar_size=58.305 GB, outvar_size=18.614 GB, temp_buffer_size=5.276 GB, available_memory=64.000 GB, comm_cost=0.847)
Using pre computed peak Mem for (0, 9, 1, 1), module 0
result[(0, 9, 1, 1), 0] = ModuleProfileResult(compute_cost=4362.703, peak_memory=56.000 GB, invar_size=19.458 GB, outvar_size=40.582 GB, temp_buffer_size=-4.040 GB, available_memory=64.000 GB, comm_cost=2.491)
Using pre computed peak Mem for (0, 9, 1, 1), module 1
result[(0, 9, 1, 1), 1] = ModuleProfileResult(compute_cost=18555.509, peak_memory=65.000 GB, invar_size=60.040 GB, outvar_size=19.458 GB, temp_buffer_size=4.960 GB, available_memory=64.000 GB, comm_cost=1.246)
Using pre computed peak Mem for (0, 10, 1, 0), module 0
result[(0, 10, 1, 0), 0] = ModuleProfileResult(compute_cost=5036.308, peak_memory=61.600 GB, invar_size=20.302 GB, outvar_size=43.418 GB, temp_buffer_size=-2.120 GB, available_memory=64.000 GB, comm_cost=3.128)
result[(0, 10, 1, 0), 1] = ModuleProfileResult(compute_cost=17963.481, peak_memory=68.531 GB, invar_size=63.720 GB, outvar_size=20.302 GB, temp_buffer_size=4.811 GB, available_memory=64.000 GB, comm_cost=0.917)
Using pre computed peak Mem for (0, 10, 1, 1), module 0
result[(0, 10, 1, 1), 0] = ModuleProfileResult(compute_cost=5036.306, peak_memory=61.600 GB, invar_size=20.302 GB, outvar_size=43.629 GB, temp_buffer_size=-2.331 GB, available_memory=64.000 GB, comm_cost=3.126)
result[(0, 10, 1, 1), 1] = ModuleProfileResult(compute_cost=17963.494, peak_memory=68.786 GB, invar_size=63.931 GB, outvar_size=20.302 GB, temp_buffer_size=4.855 GB, available_memory=64.000 GB, comm_cost=0.920)
Using pre computed peak Mem for (0, 11, 1, 0), module 0
result[(0, 11, 1, 0), 0] = ModuleProfileResult(compute_cost=5178.446, peak_memory=67.200 GB, invar_size=21.427 GB, outvar_size=46.913 GB, temp_buffer_size=-1.139 GB, available_memory=64.000 GB, comm_cost=3.146)
result[(0, 11, 1, 0), 1] = ModuleProfileResult(compute_cost=19093.678, peak_memory=74.654 GB, invar_size=69.490 GB, outvar_size=22.577 GB, temp_buffer_size=5.165 GB, available_memory=64.000 GB, comm_cost=0.941)
Using pre computed peak Mem for (0, 11, 1, 1), module 0
result[(0, 11, 1, 1), 0] = ModuleProfileResult(compute_cost=5178.446, peak_memory=67.200 GB, invar_size=21.427 GB, outvar_size=47.053 GB, temp_buffer_size=-1.280 GB, available_memory=64.000 GB, comm_cost=3.146)
result[(0, 11, 1, 1), 1] = ModuleProfileResult(compute_cost=19093.676, peak_memory=74.970 GB, invar_size=69.630 GB, outvar_size=22.577 GB, temp_buffer_size=5.339 GB, available_memory=64.000 GB, comm_cost=0.928)
Using pre computed peak Mem for (1, 1, 1, 0), module 0
result[(1, 1, 1, 0), 0] = ModuleProfileResult(compute_cost=431.508, peak_memory=5.600 GB, invar_size=1.782 GB, outvar_size=3.985 GB, temp_buffer_size=-0.166 GB, available_memory=64.000 GB, comm_cost=0.244)
result[(1, 1, 1, 0), 1] = ModuleProfileResult(compute_cost=1587.645, peak_memory=6.821 GB, invar_size=5.673 GB, outvar_size=1.782 GB, temp_buffer_size=1.055 GB, available_memory=64.000 GB, comm_cost=0.075)
Using pre computed peak Mem for (1, 1, 1, 1), module 0
result[(1, 1, 1, 1), 0] = ModuleProfileResult(compute_cost=431.508, peak_memory=5.600 GB, invar_size=1.782 GB, outvar_size=3.961 GB, temp_buffer_size=-0.143 GB, available_memory=64.000 GB, comm_cost=0.244)
result[(1, 1, 1, 1), 1] = ModuleProfileResult(compute_cost=1587.644, peak_memory=6.775 GB, invar_size=5.649 GB, outvar_size=1.782 GB, temp_buffer_size=1.032 GB, available_memory=64.000 GB, comm_cost=0.074)
Using pre computed peak Mem for (1, 2, 1, 0), module 0
result[(1, 2, 1, 0), 0] = ModuleProfileResult(compute_cost=1152.322, peak_memory=11.200 GB, invar_size=4.032 GB, outvar_size=9.400 GB, temp_buffer_size=-2.232 GB, available_memory=64.000 GB, comm_cost=0.710)
result[(1, 2, 1, 0), 1] = ModuleProfileResult(compute_cost=3661.534, peak_memory=14.921 GB, invar_size=13.338 GB, outvar_size=4.032 GB, temp_buffer_size=1.489 GB, available_memory=64.000 GB, comm_cost=0.205)
Using pre computed peak Mem for (1, 2, 1, 1), module 0
result[(1, 2, 1, 1), 0] = ModuleProfileResult(compute_cost=1152.322, peak_memory=11.200 GB, invar_size=4.032 GB, outvar_size=9.400 GB, temp_buffer_size=-2.232 GB, available_memory=64.000 GB, comm_cost=0.710)
result[(1, 2, 1, 1), 1] = ModuleProfileResult(compute_cost=3661.537, peak_memory=14.979 GB, invar_size=13.338 GB, outvar_size=4.032 GB, temp_buffer_size=1.547 GB, available_memory=64.000 GB, comm_cost=0.206)
Using pre computed peak Mem for (1, 3, 1, 0), module 0
result[(1, 3, 1, 0), 0] = ModuleProfileResult(compute_cost=1583.612, peak_memory=16.800 GB, invar_size=5.720 GB, outvar_size=13.174 GB, temp_buffer_size=-2.094 GB, available_memory=64.000 GB, comm_cost=0.953)
result[(1, 3, 1, 0), 1] = ModuleProfileResult(compute_cost=5248.898, peak_memory=20.816 GB, invar_size=18.800 GB, outvar_size=5.720 GB, temp_buffer_size=1.922 GB, available_memory=64.000 GB, comm_cost=0.281)
Using pre computed peak Mem for (1, 3, 1, 1), module 0
result[(1, 3, 1, 1), 0] = ModuleProfileResult(compute_cost=1583.612, peak_memory=16.800 GB, invar_size=5.720 GB, outvar_size=13.244 GB, temp_buffer_size=-2.164 GB, available_memory=64.000 GB, comm_cost=0.953)
result[(1, 3, 1, 1), 1] = ModuleProfileResult(compute_cost=5248.904, peak_memory=20.874 GB, invar_size=18.870 GB, outvar_size=5.720 GB, temp_buffer_size=1.911 GB, available_memory=64.000 GB, comm_cost=0.283)
Using pre computed peak Mem for (1, 4, 1, 0), module 0
result[(1, 4, 1, 0), 0] = ModuleProfileResult(compute_cost=2014.902, peak_memory=22.400 GB, invar_size=7.407 GB, outvar_size=17.018 GB, temp_buffer_size=-2.026 GB, available_memory=64.000 GB, comm_cost=1.197)
result[(1, 4, 1, 0), 1] = ModuleProfileResult(compute_cost=6836.262, peak_memory=26.700 GB, invar_size=24.332 GB, outvar_size=7.407 GB, temp_buffer_size=2.275 GB, available_memory=64.000 GB, comm_cost=0.356)
Using pre computed peak Mem for (1, 4, 1, 1), module 0
result[(1, 4, 1, 1), 0] = ModuleProfileResult(compute_cost=2014.902, peak_memory=22.400 GB, invar_size=7.407 GB, outvar_size=17.042 GB, temp_buffer_size=-2.049 GB, available_memory=64.000 GB, comm_cost=1.197)
result[(1, 4, 1, 1), 1] = ModuleProfileResult(compute_cost=6836.267, peak_memory=26.911 GB, invar_size=24.355 GB, outvar_size=7.407 GB, temp_buffer_size=2.462 GB, available_memory=64.000 GB, comm_cost=0.356)
Using pre computed peak Mem for (1, 5, 1, 0), module 0
result[(1, 5, 1, 0), 0] = ModuleProfileResult(compute_cost=2446.192, peak_memory=28.000 GB, invar_size=9.095 GB, outvar_size=20.745 GB, temp_buffer_size=-1.840 GB, available_memory=64.000 GB, comm_cost=1.440)
result[(1, 5, 1, 0), 1] = ModuleProfileResult(compute_cost=8423.625, peak_memory=32.349 GB, invar_size=29.747 GB, outvar_size=9.095 GB, temp_buffer_size=2.509 GB, available_memory=64.000 GB, comm_cost=0.432)
Using pre computed peak Mem for (1, 5, 1, 1), module 0
result[(1, 5, 1, 1), 0] = ModuleProfileResult(compute_cost=2446.192, peak_memory=28.000 GB, invar_size=9.095 GB, outvar_size=20.722 GB, temp_buffer_size=-1.817 GB, available_memory=64.000 GB, comm_cost=1.440)
result[(1, 5, 1, 1), 1] = ModuleProfileResult(compute_cost=8423.631, peak_memory=32.349 GB, invar_size=29.723 GB, outvar_size=9.095 GB, temp_buffer_size=2.532 GB, available_memory=64.000 GB, comm_cost=0.433)
Using pre computed peak Mem for (1, 6, 1, 0), module 0
result[(1, 6, 1, 0), 0] = ModuleProfileResult(compute_cost=2877.482, peak_memory=33.600 GB, invar_size=10.783 GB, outvar_size=24.543 GB, temp_buffer_size=-1.726 GB, available_memory=64.000 GB, comm_cost=1.684)
result[(1, 6, 1, 0), 1] = ModuleProfileResult(compute_cost=10010.989, peak_memory=38.280 GB, invar_size=35.232 GB, outvar_size=10.783 GB, temp_buffer_size=2.954 GB, available_memory=64.000 GB, comm_cost=0.507)
Using pre computed peak Mem for (1, 6, 1, 1), module 0
result[(1, 6, 1, 1), 0] = ModuleProfileResult(compute_cost=2877.482, peak_memory=33.600 GB, invar_size=10.783 GB, outvar_size=24.683 GB, temp_buffer_size=-1.866 GB, available_memory=64.000 GB, comm_cost=1.684)
result[(1, 6, 1, 1), 1] = ModuleProfileResult(compute_cost=10010.996, peak_memory=38.865 GB, invar_size=35.372 GB, outvar_size=10.783 GB, temp_buffer_size=3.399 GB, available_memory=64.000 GB, comm_cost=0.506)
Using pre computed peak Mem for (1, 7, 1, 0), module 0
result[(1, 7, 1, 0), 0] = ModuleProfileResult(compute_cost=3308.772, peak_memory=39.200 GB, invar_size=12.471 GB, outvar_size=28.363 GB, temp_buffer_size=-1.634 GB, available_memory=64.000 GB, comm_cost=1.927)
result[(1, 7, 1, 0), 1] = ModuleProfileResult(compute_cost=11598.353, peak_memory=44.187 GB, invar_size=40.740 GB, outvar_size=12.471 GB, temp_buffer_size=3.353 GB, available_memory=64.000 GB, comm_cost=0.582)
Using pre computed peak Mem for (1, 7, 1, 1), module 0
result[(1, 7, 1, 1), 0] = ModuleProfileResult(compute_cost=3308.772, peak_memory=39.200 GB, invar_size=12.471 GB, outvar_size=28.410 GB, temp_buffer_size=-1.681 GB, available_memory=64.000 GB, comm_cost=1.927)
result[(1, 7, 1, 1), 1] = ModuleProfileResult(compute_cost=11598.359, peak_memory=44.280 GB, invar_size=40.787 GB, outvar_size=12.471 GB, temp_buffer_size=3.399 GB, available_memory=64.000 GB, comm_cost=0.582)
Using pre computed peak Mem for (1, 8, 1, 0), module 0
result[(1, 8, 1, 0), 0] = ModuleProfileResult(compute_cost=3740.062, peak_memory=44.800 GB, invar_size=14.158 GB, outvar_size=32.020 GB, temp_buffer_size=-1.379 GB, available_memory=64.000 GB, comm_cost=2.171)
result[(1, 8, 1, 0), 1] = ModuleProfileResult(compute_cost=13185.717, peak_memory=49.625 GB, invar_size=46.085 GB, outvar_size=14.158 GB, temp_buffer_size=3.446 GB, available_memory=64.000 GB, comm_cost=0.658)
Using pre computed peak Mem for (1, 8, 1, 1), module 0
result[(1, 8, 1, 1), 0] = ModuleProfileResult(compute_cost=3740.062, peak_memory=44.800 GB, invar_size=14.158 GB, outvar_size=32.208 GB, temp_buffer_size=-1.566 GB, available_memory=64.000 GB, comm_cost=2.171)
result[(1, 8, 1, 1), 1] = ModuleProfileResult(compute_cost=13185.729, peak_memory=49.977 GB, invar_size=46.272 GB, outvar_size=14.158 GB, temp_buffer_size=3.610 GB, available_memory=64.000 GB, comm_cost=0.659)
Using pre computed peak Mem for (1, 9, 1, 0), module 0
result[(1, 9, 1, 0), 0] = ModuleProfileResult(compute_cost=4171.352, peak_memory=50.400 GB, invar_size=15.846 GB, outvar_size=35.771 GB, temp_buffer_size=-1.217 GB, available_memory=64.000 GB, comm_cost=2.414)
result[(1, 9, 1, 0), 1] = ModuleProfileResult(compute_cost=14773.081, peak_memory=54.924 GB, invar_size=51.523 GB, outvar_size=15.846 GB, temp_buffer_size=3.308 GB, available_memory=64.000 GB, comm_cost=0.733)
Using pre computed peak Mem for (1, 9, 1, 1), module 0
result[(1, 9, 1, 1), 0] = ModuleProfileResult(compute_cost=4171.352, peak_memory=50.400 GB, invar_size=15.846 GB, outvar_size=35.935 GB, temp_buffer_size=-1.381 GB, available_memory=64.000 GB, comm_cost=2.414)
result[(1, 9, 1, 1), 1] = ModuleProfileResult(compute_cost=14773.091, peak_memory=55.124 GB, invar_size=51.687 GB, outvar_size=15.846 GB, temp_buffer_size=3.343 GB, available_memory=64.000 GB, comm_cost=0.732)
Using pre computed peak Mem for (1, 10, 1, 0), module 0
result[(1, 10, 1, 0), 0] = ModuleProfileResult(compute_cost=4602.641, peak_memory=56.000 GB, invar_size=17.534 GB, outvar_size=39.732 GB, temp_buffer_size=-1.266 GB, available_memory=64.000 GB, comm_cost=2.658)
result[(1, 10, 1, 0), 1] = ModuleProfileResult(compute_cost=16360.453, peak_memory=62.400 GB, invar_size=57.172 GB, outvar_size=17.534 GB, temp_buffer_size=5.134 GB, available_memory=64.000 GB, comm_cost=0.816)
Using pre computed peak Mem for (1, 10, 1, 1), module 0
result[(1, 10, 1, 1), 0] = ModuleProfileResult(compute_cost=4602.641, peak_memory=56.000 GB, invar_size=17.534 GB, outvar_size=39.685 GB, temp_buffer_size=-1.219 GB, available_memory=64.000 GB, comm_cost=2.658)
result[(1, 10, 1, 1), 1] = ModuleProfileResult(compute_cost=16360.453, peak_memory=62.213 GB, invar_size=57.125 GB, outvar_size=17.534 GB, temp_buffer_size=4.993 GB, available_memory=64.000 GB, comm_cost=0.810)
Using pre computed peak Mem for (1, 11, 1, 0), module 0
result[(1, 11, 1, 0), 0] = ModuleProfileResult(compute_cost=4744.782, peak_memory=61.600 GB, invar_size=19.234 GB, outvar_size=42.440 GB, temp_buffer_size=-0.075 GB, available_memory=64.000 GB, comm_cost=2.679)
Using pre computed peak Mem for (1, 11, 1, 0), module 1
result[(1, 11, 1, 0), 1] = ModuleProfileResult(compute_cost=17489.692, peak_memory=71.500 GB, invar_size=61.581 GB, outvar_size=19.234 GB, temp_buffer_size=9.825 GB, available_memory=64.000 GB, comm_cost=1.032)
Using pre computed peak Mem for (1, 11, 1, 1), module 0
result[(1, 11, 1, 1), 0] = ModuleProfileResult(compute_cost=4744.782, peak_memory=61.600 GB, invar_size=19.234 GB, outvar_size=42.511 GB, temp_buffer_size=-0.145 GB, available_memory=64.000 GB, comm_cost=2.679)
Using pre computed peak Mem for (1, 11, 1, 1), module 1
result[(1, 11, 1, 1), 1] = ModuleProfileResult(compute_cost=17489.703, peak_memory=71.500 GB, invar_size=61.651 GB, outvar_size=19.234 GB, temp_buffer_size=9.755 GB, available_memory=64.000 GB, comm_cost=1.034)
Using pre computed peak Mem for (2, 2, 1, 0), module 0
result[(2, 2, 1, 0), 0] = ModuleProfileResult(compute_cost=720.845, peak_memory=5.600 GB, invar_size=2.344 GB, outvar_size=5.485 GB, temp_buffer_size=-2.229 GB, available_memory=64.000 GB, comm_cost=0.466)
result[(2, 2, 1, 0), 1] = ModuleProfileResult(compute_cost=2073.889, peak_memory=8.955 GB, invar_size=7.736 GB, outvar_size=2.344 GB, temp_buffer_size=1.125 GB, available_memory=64.000 GB, comm_cost=0.130)
Using pre computed peak Mem for (2, 2, 1, 1), module 0
result[(2, 2, 1, 1), 0] = ModuleProfileResult(compute_cost=720.845, peak_memory=5.600 GB, invar_size=2.344 GB, outvar_size=5.603 GB, temp_buffer_size=-2.347 GB, available_memory=64.000 GB, comm_cost=0.466)
result[(2, 2, 1, 1), 1] = ModuleProfileResult(compute_cost=2073.892, peak_memory=9.166 GB, invar_size=7.853 GB, outvar_size=2.344 GB, temp_buffer_size=1.219 GB, available_memory=64.000 GB, comm_cost=0.130)
Using pre computed peak Mem for (2, 3, 1, 0), module 0
result[(2, 3, 1, 0), 0] = ModuleProfileResult(compute_cost=1152.135, peak_memory=11.200 GB, invar_size=4.032 GB, outvar_size=9.330 GB, temp_buffer_size=-2.162 GB, available_memory=64.000 GB, comm_cost=0.710)
result[(2, 3, 1, 0), 1] = ModuleProfileResult(compute_cost=3661.253, peak_memory=14.815 GB, invar_size=13.268 GB, outvar_size=4.032 GB, temp_buffer_size=1.454 GB, available_memory=64.000 GB, comm_cost=0.205)
Using pre computed peak Mem for (2, 3, 1, 1), module 0
result[(2, 3, 1, 1), 0] = ModuleProfileResult(compute_cost=1152.135, peak_memory=11.200 GB, invar_size=4.032 GB, outvar_size=9.283 GB, temp_buffer_size=-2.115 GB, available_memory=64.000 GB, comm_cost=0.710)
result[(2, 3, 1, 1), 1] = ModuleProfileResult(compute_cost=3661.255, peak_memory=14.745 GB, invar_size=13.221 GB, outvar_size=4.032 GB, temp_buffer_size=1.430 GB, available_memory=64.000 GB, comm_cost=0.206)
Using pre computed peak Mem for (2, 4, 1, 0), module 0
result[(2, 4, 1, 0), 0] = ModuleProfileResult(compute_cost=1583.425, peak_memory=16.800 GB, invar_size=5.720 GB, outvar_size=13.104 GB, temp_buffer_size=-2.023 GB, available_memory=64.000 GB, comm_cost=0.953)
result[(2, 4, 1, 0), 1] = ModuleProfileResult(compute_cost=5248.617, peak_memory=20.699 GB, invar_size=18.729 GB, outvar_size=5.720 GB, temp_buffer_size=1.876 GB, available_memory=64.000 GB, comm_cost=0.281)
Using pre computed peak Mem for (2, 4, 1, 1), module 0
result[(2, 4, 1, 1), 0] = ModuleProfileResult(compute_cost=1583.425, peak_memory=16.800 GB, invar_size=5.720 GB, outvar_size=13.127 GB, temp_buffer_size=-2.047 GB, available_memory=64.000 GB, comm_cost=0.953)
result[(2, 4, 1, 1), 1] = ModuleProfileResult(compute_cost=5248.620, peak_memory=21.074 GB, invar_size=18.753 GB, outvar_size=5.720 GB, temp_buffer_size=2.227 GB, available_memory=64.000 GB, comm_cost=0.279)
Using pre computed peak Mem for (2, 5, 1, 0), module 0
result[(2, 5, 1, 0), 0] = ModuleProfileResult(compute_cost=1994.768, peak_memory=22.400 GB, invar_size=7.407 GB, outvar_size=16.948 GB, temp_buffer_size=-1.955 GB, available_memory=64.000 GB, comm_cost=1.378)
result[(2, 5, 1, 0), 1] = ModuleProfileResult(compute_cost=6795.538, peak_memory=26.641 GB, invar_size=24.308 GB, outvar_size=7.407 GB, temp_buffer_size=2.239 GB, available_memory=64.000 GB, comm_cost=0.359)
Using pre computed peak Mem for (2, 5, 1, 1), module 0
result[(2, 5, 1, 1), 0] = ModuleProfileResult(compute_cost=2014.715, peak_memory=22.400 GB, invar_size=7.407 GB, outvar_size=16.878 GB, temp_buffer_size=-1.885 GB, available_memory=64.000 GB, comm_cost=1.197)
result[(2, 5, 1, 1), 1] = ModuleProfileResult(compute_cost=6835.987, peak_memory=27.028 GB, invar_size=24.191 GB, outvar_size=7.407 GB, temp_buffer_size=2.743 GB, available_memory=64.000 GB, comm_cost=0.358)
Using pre computed peak Mem for (2, 6, 1, 0), module 0
result[(2, 6, 1, 0), 0] = ModuleProfileResult(compute_cost=2446.005, peak_memory=28.000 GB, invar_size=9.095 GB, outvar_size=20.698 GB, temp_buffer_size=-1.794 GB, available_memory=64.000 GB, comm_cost=1.440)
result[(2, 6, 1, 0), 1] = ModuleProfileResult(compute_cost=8423.345, peak_memory=32.513 GB, invar_size=29.700 GB, outvar_size=9.095 GB, temp_buffer_size=2.720 GB, available_memory=64.000 GB, comm_cost=0.432)
Using pre computed peak Mem for (2, 6, 1, 1), module 0
result[(2, 6, 1, 1), 0] = ModuleProfileResult(compute_cost=2446.005, peak_memory=28.000 GB, invar_size=9.095 GB, outvar_size=20.605 GB, temp_buffer_size=-1.700 GB, available_memory=64.000 GB, comm_cost=1.440)
result[(2, 6, 1, 1), 1] = ModuleProfileResult(compute_cost=8423.349, peak_memory=32.396 GB, invar_size=29.606 GB, outvar_size=9.095 GB, temp_buffer_size=2.696 GB, available_memory=64.000 GB, comm_cost=0.434)
Using pre computed peak Mem for (2, 7, 1, 0), module 0
result[(2, 7, 1, 0), 0] = ModuleProfileResult(compute_cost=2877.294, peak_memory=33.600 GB, invar_size=10.783 GB, outvar_size=24.472 GB, temp_buffer_size=-1.655 GB, available_memory=64.000 GB, comm_cost=1.684)
result[(2, 7, 1, 0), 1] = ModuleProfileResult(compute_cost=10010.708, peak_memory=38.514 GB, invar_size=35.161 GB, outvar_size=10.783 GB, temp_buffer_size=3.259 GB, available_memory=64.000 GB, comm_cost=0.507)
Using pre computed peak Mem for (2, 7, 1, 1), module 0
result[(2, 7, 1, 1), 0] = ModuleProfileResult(compute_cost=2877.294, peak_memory=33.600 GB, invar_size=10.783 GB, outvar_size=24.519 GB, temp_buffer_size=-1.702 GB, available_memory=64.000 GB, comm_cost=1.684)
result[(2, 7, 1, 1), 1] = ModuleProfileResult(compute_cost=10010.715, peak_memory=38.982 GB, invar_size=35.208 GB, outvar_size=10.783 GB, temp_buffer_size=3.680 GB, available_memory=64.000 GB, comm_cost=0.508)
Using pre computed peak Mem for (2, 8, 1, 0), module 0
result[(2, 8, 1, 0), 0] = ModuleProfileResult(compute_cost=3308.584, peak_memory=39.200 GB, invar_size=12.471 GB, outvar_size=28.106 GB, temp_buffer_size=-1.376 GB, available_memory=64.000 GB, comm_cost=1.927)
result[(2, 8, 1, 0), 1] = ModuleProfileResult(compute_cost=11598.072, peak_memory=43.800 GB, invar_size=40.483 GB, outvar_size=12.471 GB, temp_buffer_size=3.224 GB, available_memory=64.000 GB, comm_cost=0.582)
Using pre computed peak Mem for (2, 8, 1, 1), module 0
result[(2, 8, 1, 1), 0] = ModuleProfileResult(compute_cost=3308.584, peak_memory=39.200 GB, invar_size=12.471 GB, outvar_size=28.246 GB, temp_buffer_size=-1.517 GB, available_memory=64.000 GB, comm_cost=1.927)
result[(2, 8, 1, 1), 1] = ModuleProfileResult(compute_cost=11598.077, peak_memory=43.952 GB, invar_size=40.623 GB, outvar_size=12.471 GB, temp_buffer_size=3.235 GB, available_memory=64.000 GB, comm_cost=0.583)
Using pre computed peak Mem for (2, 9, 1, 0), module 0
result[(2, 9, 1, 0), 0] = ModuleProfileResult(compute_cost=3739.874, peak_memory=44.800 GB, invar_size=14.158 GB, outvar_size=31.997 GB, temp_buffer_size=-1.355 GB, available_memory=64.000 GB, comm_cost=2.171)
result[(2, 9, 1, 0), 1] = ModuleProfileResult(compute_cost=13185.436, peak_memory=49.578 GB, invar_size=46.061 GB, outvar_size=14.158 GB, temp_buffer_size=3.422 GB, available_memory=64.000 GB, comm_cost=0.658)
Using pre computed peak Mem for (2, 9, 1, 1), module 0
result[(2, 9, 1, 1), 0] = ModuleProfileResult(compute_cost=3739.874, peak_memory=44.800 GB, invar_size=14.158 GB, outvar_size=32.091 GB, temp_buffer_size=-1.449 GB, available_memory=64.000 GB, comm_cost=2.171)
result[(2, 9, 1, 1), 1] = ModuleProfileResult(compute_cost=13185.446, peak_memory=49.882 GB, invar_size=46.155 GB, outvar_size=14.158 GB, temp_buffer_size=3.633 GB, available_memory=64.000 GB, comm_cost=0.659)
Using pre computed peak Mem for (2, 10, 1, 0), module 0
result[(2, 10, 1, 0), 0] = ModuleProfileResult(compute_cost=4171.164, peak_memory=50.400 GB, invar_size=15.846 GB, outvar_size=35.771 GB, temp_buffer_size=-1.217 GB, available_memory=64.000 GB, comm_cost=2.414)
result[(2, 10, 1, 0), 1] = ModuleProfileResult(compute_cost=14772.800, peak_memory=55.042 GB, invar_size=51.523 GB, outvar_size=15.846 GB, temp_buffer_size=3.425 GB, available_memory=64.000 GB, comm_cost=0.733)
Using pre computed peak Mem for (2, 10, 1, 1), module 0
result[(2, 10, 1, 1), 0] = ModuleProfileResult(compute_cost=4171.164, peak_memory=50.400 GB, invar_size=15.846 GB, outvar_size=35.935 GB, temp_buffer_size=-1.381 GB, available_memory=64.000 GB, comm_cost=2.414)
result[(2, 10, 1, 1), 1] = ModuleProfileResult(compute_cost=14772.811, peak_memory=55.580 GB, invar_size=51.687 GB, outvar_size=15.846 GB, temp_buffer_size=3.799 GB, available_memory=64.000 GB, comm_cost=0.735)
Using pre computed peak Mem for (2, 11, 1, 0), module 0
result[(2, 11, 1, 0), 0] = ModuleProfileResult(compute_cost=4313.305, peak_memory=56.000 GB, invar_size=17.546 GB, outvar_size=38.526 GB, temp_buffer_size=-0.072 GB, available_memory=64.000 GB, comm_cost=2.435)
Using pre computed peak Mem for (2, 11, 1, 0), module 1
result[(2, 11, 1, 0), 1] = ModuleProfileResult(compute_cost=15902.047, peak_memory=65.000 GB, invar_size=55.978 GB, outvar_size=17.546 GB, temp_buffer_size=8.928 GB, available_memory=64.000 GB, comm_cost=0.957)
Using pre computed peak Mem for (2, 11, 1, 1), module 0
result[(2, 11, 1, 1), 0] = ModuleProfileResult(compute_cost=4313.305, peak_memory=56.000 GB, invar_size=17.546 GB, outvar_size=38.573 GB, temp_buffer_size=-0.119 GB, available_memory=64.000 GB, comm_cost=2.435)
Using pre computed peak Mem for (2, 11, 1, 1), module 1
result[(2, 11, 1, 1), 1] = ModuleProfileResult(compute_cost=15902.056, peak_memory=65.000 GB, invar_size=56.025 GB, outvar_size=17.546 GB, temp_buffer_size=8.881 GB, available_memory=64.000 GB, comm_cost=0.959)
Using pre computed peak Mem for (3, 3, 1, 0), module 0
result[(3, 3, 1, 0), 0] = ModuleProfileResult(compute_cost=431.321, peak_memory=5.600 GB, invar_size=1.782 GB, outvar_size=3.891 GB, temp_buffer_size=-0.073 GB, available_memory=64.000 GB, comm_cost=0.244)
result[(3, 3, 1, 0), 1] = ModuleProfileResult(compute_cost=1587.364, peak_memory=6.493 GB, invar_size=5.579 GB, outvar_size=1.782 GB, temp_buffer_size=0.820 GB, available_memory=64.000 GB, comm_cost=0.075)
Using pre computed peak Mem for (3, 3, 1, 1), module 0
result[(3, 3, 1, 1), 0] = ModuleProfileResult(compute_cost=431.321, peak_memory=5.600 GB, invar_size=1.782 GB, outvar_size=3.915 GB, temp_buffer_size=-0.096 GB, available_memory=64.000 GB, comm_cost=0.244)
result[(3, 3, 1, 1), 1] = ModuleProfileResult(compute_cost=1587.365, peak_memory=6.845 GB, invar_size=5.602 GB, outvar_size=1.782 GB, temp_buffer_size=1.148 GB, available_memory=64.000 GB, comm_cost=0.075)
Using pre computed peak Mem for (3, 4, 1, 0), module 0
result[(3, 4, 1, 0), 0] = ModuleProfileResult(compute_cost=862.611, peak_memory=11.200 GB, invar_size=3.469 GB, outvar_size=7.665 GB, temp_buffer_size=0.066 GB, available_memory=64.000 GB, comm_cost=0.487)
result[(3, 4, 1, 0), 1] = ModuleProfileResult(compute_cost=3174.728, peak_memory=12.424 GB, invar_size=11.041 GB, outvar_size=3.469 GB, temp_buffer_size=1.290 GB, available_memory=64.000 GB, comm_cost=0.151)
Using pre computed peak Mem for (3, 4, 1, 1), module 0
result[(3, 4, 1, 1), 0] = ModuleProfileResult(compute_cost=862.611, peak_memory=11.200 GB, invar_size=3.469 GB, outvar_size=7.689 GB, temp_buffer_size=0.042 GB, available_memory=64.000 GB, comm_cost=0.487)
result[(3, 4, 1, 1), 1] = ModuleProfileResult(compute_cost=3174.731, peak_memory=12.517 GB, invar_size=11.064 GB, outvar_size=3.469 GB, temp_buffer_size=1.360 GB, available_memory=64.000 GB, comm_cost=0.152)
Using pre computed peak Mem for (3, 5, 1, 0), module 0
result[(3, 5, 1, 0), 0] = ModuleProfileResult(compute_cost=1293.901, peak_memory=16.800 GB, invar_size=5.157 GB, outvar_size=11.439 GB, temp_buffer_size=0.204 GB, available_memory=64.000 GB, comm_cost=0.731)
result[(3, 5, 1, 0), 1] = ModuleProfileResult(compute_cost=4762.092, peak_memory=18.472 GB, invar_size=16.502 GB, outvar_size=5.157 GB, temp_buffer_size=1.876 GB, available_memory=64.000 GB, comm_cost=0.226)
Using pre computed peak Mem for (3, 5, 1, 1), module 0
result[(3, 5, 1, 1), 0] = ModuleProfileResult(compute_cost=1293.901, peak_memory=16.800 GB, invar_size=5.157 GB, outvar_size=11.533 GB, temp_buffer_size=0.110 GB, available_memory=64.000 GB, comm_cost=0.731)
result[(3, 5, 1, 1), 1] = ModuleProfileResult(compute_cost=4762.095, peak_memory=18.940 GB, invar_size=16.596 GB, outvar_size=5.157 GB, temp_buffer_size=2.250 GB, available_memory=64.000 GB, comm_cost=0.226)
Using pre computed peak Mem for (3, 6, 1, 0), module 0
result[(3, 6, 1, 0), 0] = ModuleProfileResult(compute_cost=1725.191, peak_memory=22.400 GB, invar_size=6.845 GB, outvar_size=15.166 GB, temp_buffer_size=0.389 GB, available_memory=64.000 GB, comm_cost=0.974)
result[(3, 6, 1, 0), 1] = ModuleProfileResult(compute_cost=6349.455, peak_memory=24.309 GB, invar_size=21.917 GB, outvar_size=6.845 GB, temp_buffer_size=2.298 GB, available_memory=64.000 GB, comm_cost=0.301)
Using pre computed peak Mem for (3, 6, 1, 1), module 0
result[(3, 6, 1, 1), 0] = ModuleProfileResult(compute_cost=1725.191, peak_memory=22.400 GB, invar_size=6.845 GB, outvar_size=15.307 GB, temp_buffer_size=0.248 GB, available_memory=64.000 GB, comm_cost=0.974)
result[(3, 6, 1, 1), 1] = ModuleProfileResult(compute_cost=6349.461, peak_memory=24.543 GB, invar_size=22.058 GB, outvar_size=6.845 GB, temp_buffer_size=2.391 GB, available_memory=64.000 GB, comm_cost=0.302)
Using pre computed peak Mem for (3, 7, 1, 0), module 0
result[(3, 7, 1, 0), 0] = ModuleProfileResult(compute_cost=2156.481, peak_memory=28.000 GB, invar_size=8.533 GB, outvar_size=18.940 GB, temp_buffer_size=0.527 GB, available_memory=64.000 GB, comm_cost=1.218)
result[(3, 7, 1, 0), 1] = ModuleProfileResult(compute_cost=7936.819, peak_memory=30.286 GB, invar_size=27.379 GB, outvar_size=8.533 GB, temp_buffer_size=2.813 GB, available_memory=64.000 GB, comm_cost=0.377)
Using pre computed peak Mem for (3, 7, 1, 1), module 0
result[(3, 7, 1, 1), 0] = ModuleProfileResult(compute_cost=2156.481, peak_memory=28.000 GB, invar_size=8.533 GB, outvar_size=19.034 GB, temp_buffer_size=0.434 GB, available_memory=64.000 GB, comm_cost=1.218)
result[(3, 7, 1, 1), 1] = ModuleProfileResult(compute_cost=7936.825, peak_memory=30.544 GB, invar_size=27.473 GB, outvar_size=8.533 GB, temp_buffer_size=2.977 GB, available_memory=64.000 GB, comm_cost=0.379)
Using pre computed peak Mem for (3, 8, 1, 0), module 0
result[(3, 8, 1, 0), 0] = ModuleProfileResult(compute_cost=2587.771, peak_memory=33.600 GB, invar_size=10.220 GB, outvar_size=22.808 GB, temp_buffer_size=0.572 GB, available_memory=64.000 GB, comm_cost=1.461)
result[(3, 8, 1, 0), 1] = ModuleProfileResult(compute_cost=9524.183, peak_memory=35.912 GB, invar_size=32.934 GB, outvar_size=10.220 GB, temp_buffer_size=2.884 GB, available_memory=64.000 GB, comm_cost=0.452)
Using pre computed peak Mem for (3, 8, 1, 1), module 0
result[(3, 8, 1, 1), 0] = ModuleProfileResult(compute_cost=2587.771, peak_memory=33.600 GB, invar_size=10.220 GB, outvar_size=22.902 GB, temp_buffer_size=0.478 GB, available_memory=64.000 GB, comm_cost=1.461)
result[(3, 8, 1, 1), 1] = ModuleProfileResult(compute_cost=9524.186, peak_memory=36.017 GB, invar_size=33.028 GB, outvar_size=10.220 GB, temp_buffer_size=2.895 GB, available_memory=64.000 GB, comm_cost=0.452)
Using pre computed peak Mem for (3, 9, 1, 0), module 0
result[(3, 9, 1, 0), 0] = ModuleProfileResult(compute_cost=3019.061, peak_memory=39.200 GB, invar_size=11.908 GB, outvar_size=26.488 GB, temp_buffer_size=0.804 GB, available_memory=64.000 GB, comm_cost=1.705)
result[(3, 9, 1, 0), 1] = ModuleProfileResult(compute_cost=11111.547, peak_memory=41.491 GB, invar_size=38.302 GB, outvar_size=11.908 GB, temp_buffer_size=3.095 GB, available_memory=64.000 GB, comm_cost=0.528)
Using pre computed peak Mem for (3, 9, 1, 1), module 0
result[(3, 9, 1, 1), 0] = ModuleProfileResult(compute_cost=3019.061, peak_memory=39.200 GB, invar_size=11.908 GB, outvar_size=26.582 GB, temp_buffer_size=0.710 GB, available_memory=64.000 GB, comm_cost=1.705)
result[(3, 9, 1, 1), 1] = ModuleProfileResult(compute_cost=11111.553, peak_memory=41.596 GB, invar_size=38.396 GB, outvar_size=11.908 GB, temp_buffer_size=3.106 GB, available_memory=64.000 GB, comm_cost=0.527)
Using pre computed peak Mem for (3, 10, 1, 0), module 0
result[(3, 10, 1, 0), 0] = ModuleProfileResult(compute_cost=3450.350, peak_memory=44.800 GB, invar_size=13.596 GB, outvar_size=30.379 GB, temp_buffer_size=0.825 GB, available_memory=64.000 GB, comm_cost=1.948)
result[(3, 10, 1, 0), 1] = ModuleProfileResult(compute_cost=12698.911, peak_memory=47.093 GB, invar_size=43.881 GB, outvar_size=13.596 GB, temp_buffer_size=3.118 GB, available_memory=64.000 GB, comm_cost=0.603)
Using pre computed peak Mem for (3, 10, 1, 1), module 0
result[(3, 10, 1, 1), 0] = ModuleProfileResult(compute_cost=3450.350, peak_memory=44.800 GB, invar_size=13.596 GB, outvar_size=30.496 GB, temp_buffer_size=0.708 GB, available_memory=64.000 GB, comm_cost=1.948)
result[(3, 10, 1, 1), 1] = ModuleProfileResult(compute_cost=12698.914, peak_memory=47.714 GB, invar_size=43.998 GB, outvar_size=13.596 GB, temp_buffer_size=3.622 GB, available_memory=64.000 GB, comm_cost=0.596)
Using pre computed peak Mem for (3, 11, 1, 0), module 0
result[(3, 11, 1, 0), 0] = ModuleProfileResult(compute_cost=3592.491, peak_memory=50.400 GB, invar_size=15.296 GB, outvar_size=33.017 GB, temp_buffer_size=2.087 GB, available_memory=64.000 GB, comm_cost=1.969)
Using pre computed peak Mem for (3, 11, 1, 0), module 1
result[(3, 11, 1, 0), 1] = ModuleProfileResult(compute_cost=13828.158, peak_memory=58.500 GB, invar_size=48.219 GB, outvar_size=15.296 GB, temp_buffer_size=10.187 GB, available_memory=64.000 GB, comm_cost=0.827)
Using pre computed peak Mem for (3, 11, 1, 1), module 0
result[(3, 11, 1, 1), 0] = ModuleProfileResult(compute_cost=3592.491, peak_memory=50.400 GB, invar_size=15.296 GB, outvar_size=33.298 GB, temp_buffer_size=1.806 GB, available_memory=64.000 GB, comm_cost=1.969)
Using pre computed peak Mem for (3, 11, 1, 1), module 1
result[(3, 11, 1, 1), 1] = ModuleProfileResult(compute_cost=13828.167, peak_memory=58.500 GB, invar_size=48.501 GB, outvar_size=15.296 GB, temp_buffer_size=9.906 GB, available_memory=64.000 GB, comm_cost=0.826)
Using pre computed peak Mem for (4, 4, 1, 0), module 0
result[(4, 4, 1, 0), 0] = ModuleProfileResult(compute_cost=431.321, peak_memory=5.600 GB, invar_size=1.782 GB, outvar_size=3.891 GB, temp_buffer_size=-0.073 GB, available_memory=64.000 GB, comm_cost=0.244)
result[(4, 4, 1, 0), 1] = ModuleProfileResult(compute_cost=1587.364, peak_memory=6.493 GB, invar_size=5.579 GB, outvar_size=1.782 GB, temp_buffer_size=0.820 GB, available_memory=64.000 GB, comm_cost=0.075)
Using pre computed peak Mem for (4, 4, 1, 1), module 0
result[(4, 4, 1, 1), 0] = ModuleProfileResult(compute_cost=431.321, peak_memory=5.600 GB, invar_size=1.782 GB, outvar_size=3.915 GB, temp_buffer_size=-0.096 GB, available_memory=64.000 GB, comm_cost=0.244)
result[(4, 4, 1, 1), 1] = ModuleProfileResult(compute_cost=1587.365, peak_memory=6.845 GB, invar_size=5.602 GB, outvar_size=1.782 GB, temp_buffer_size=1.148 GB, available_memory=64.000 GB, comm_cost=0.075)
Using pre computed peak Mem for (4, 5, 1, 0), module 0
result[(4, 5, 1, 0), 0] = ModuleProfileResult(compute_cost=862.611, peak_memory=11.200 GB, invar_size=3.469 GB, outvar_size=7.665 GB, temp_buffer_size=0.066 GB, available_memory=64.000 GB, comm_cost=0.487)
result[(4, 5, 1, 0), 1] = ModuleProfileResult(compute_cost=3174.728, peak_memory=12.447 GB, invar_size=11.041 GB, outvar_size=3.469 GB, temp_buffer_size=1.313 GB, available_memory=64.000 GB, comm_cost=0.151)
Using pre computed peak Mem for (4, 5, 1, 1), module 0
result[(4, 5, 1, 1), 0] = ModuleProfileResult(compute_cost=862.611, peak_memory=11.200 GB, invar_size=3.469 GB, outvar_size=7.735 GB, temp_buffer_size=-0.005 GB, available_memory=64.000 GB, comm_cost=0.487)
result[(4, 5, 1, 1), 1] = ModuleProfileResult(compute_cost=3174.729, peak_memory=12.553 GB, invar_size=11.111 GB, outvar_size=3.469 GB, temp_buffer_size=1.348 GB, available_memory=64.000 GB, comm_cost=0.152)
Using pre computed peak Mem for (4, 6, 1, 0), module 0
result[(4, 6, 1, 0), 0] = ModuleProfileResult(compute_cost=1293.901, peak_memory=16.800 GB, invar_size=5.157 GB, outvar_size=11.416 GB, temp_buffer_size=0.227 GB, available_memory=64.000 GB, comm_cost=0.731)
result[(4, 6, 1, 0), 1] = ModuleProfileResult(compute_cost=4762.092, peak_memory=18.425 GB, invar_size=16.479 GB, outvar_size=5.157 GB, temp_buffer_size=1.852 GB, available_memory=64.000 GB, comm_cost=0.226)
Using pre computed peak Mem for (4, 6, 1, 1), module 0
result[(4, 6, 1, 1), 0] = ModuleProfileResult(compute_cost=1293.901, peak_memory=16.800 GB, invar_size=5.157 GB, outvar_size=11.439 GB, temp_buffer_size=0.204 GB, available_memory=64.000 GB, comm_cost=0.731)
result[(4, 6, 1, 1), 1] = ModuleProfileResult(compute_cost=4762.092, peak_memory=18.448 GB, invar_size=16.502 GB, outvar_size=5.157 GB, temp_buffer_size=1.852 GB, available_memory=64.000 GB, comm_cost=0.225)
Using pre computed peak Mem for (4, 7, 1, 0), module 0
result[(4, 7, 1, 0), 0] = ModuleProfileResult(compute_cost=1725.191, peak_memory=22.400 GB, invar_size=6.845 GB, outvar_size=15.213 GB, temp_buffer_size=0.342 GB, available_memory=64.000 GB, comm_cost=0.974)
result[(4, 7, 1, 0), 1] = ModuleProfileResult(compute_cost=6349.455, peak_memory=24.356 GB, invar_size=21.964 GB, outvar_size=6.845 GB, temp_buffer_size=2.298 GB, available_memory=64.000 GB, comm_cost=0.301)
Using pre computed peak Mem for (4, 7, 1, 1), module 0
result[(4, 7, 1, 1), 0] = ModuleProfileResult(compute_cost=1725.191, peak_memory=22.400 GB, invar_size=6.845 GB, outvar_size=15.260 GB, temp_buffer_size=0.295 GB, available_memory=64.000 GB, comm_cost=0.974)
result[(4, 7, 1, 1), 1] = ModuleProfileResult(compute_cost=6349.459, peak_memory=24.484 GB, invar_size=22.011 GB, outvar_size=6.845 GB, temp_buffer_size=2.379 GB, available_memory=64.000 GB, comm_cost=0.301)
Using pre computed peak Mem for (4, 8, 1, 0), module 0
result[(4, 8, 1, 0), 0] = ModuleProfileResult(compute_cost=2156.481, peak_memory=28.000 GB, invar_size=8.533 GB, outvar_size=18.940 GB, temp_buffer_size=0.527 GB, available_memory=64.000 GB, comm_cost=1.218)
result[(4, 8, 1, 0), 1] = ModuleProfileResult(compute_cost=7936.819, peak_memory=30.286 GB, invar_size=27.379 GB, outvar_size=8.533 GB, temp_buffer_size=2.813 GB, available_memory=64.000 GB, comm_cost=0.377)
Using pre computed peak Mem for (4, 8, 1, 1), module 0
result[(4, 8, 1, 1), 0] = ModuleProfileResult(compute_cost=2156.481, peak_memory=28.000 GB, invar_size=8.533 GB, outvar_size=18.940 GB, temp_buffer_size=0.527 GB, available_memory=64.000 GB, comm_cost=1.218)
result[(4, 8, 1, 1), 1] = ModuleProfileResult(compute_cost=7936.823, peak_memory=30.286 GB, invar_size=27.379 GB, outvar_size=8.533 GB, temp_buffer_size=2.813 GB, available_memory=64.000 GB, comm_cost=0.378)
Using pre computed peak Mem for (4, 9, 1, 0), module 0
result[(4, 9, 1, 0), 0] = ModuleProfileResult(compute_cost=2587.771, peak_memory=33.600 GB, invar_size=10.220 GB, outvar_size=22.761 GB, temp_buffer_size=0.619 GB, available_memory=64.000 GB, comm_cost=1.461)
result[(4, 9, 1, 0), 1] = ModuleProfileResult(compute_cost=9524.183, peak_memory=35.865 GB, invar_size=32.887 GB, outvar_size=10.220 GB, temp_buffer_size=2.884 GB, available_memory=64.000 GB, comm_cost=0.452)
Using pre computed peak Mem for (4, 9, 1, 1), module 0
result[(4, 9, 1, 1), 0] = ModuleProfileResult(compute_cost=2587.771, peak_memory=33.600 GB, invar_size=10.220 GB, outvar_size=22.948 GB, temp_buffer_size=0.431 GB, available_memory=64.000 GB, comm_cost=1.461)
result[(4, 9, 1, 1), 1] = ModuleProfileResult(compute_cost=9524.189, peak_memory=36.439 GB, invar_size=33.075 GB, outvar_size=10.220 GB, temp_buffer_size=3.270 GB, available_memory=64.000 GB, comm_cost=0.450)
Using pre computed peak Mem for (4, 10, 1, 0), module 0
result[(4, 10, 1, 0), 0] = ModuleProfileResult(compute_cost=3019.061, peak_memory=39.200 GB, invar_size=11.908 GB, outvar_size=26.558 GB, temp_buffer_size=0.734 GB, available_memory=64.000 GB, comm_cost=1.705)
result[(4, 10, 1, 0), 1] = ModuleProfileResult(compute_cost=11111.547, peak_memory=41.584 GB, invar_size=38.373 GB, outvar_size=11.908 GB, temp_buffer_size=3.118 GB, available_memory=64.000 GB, comm_cost=0.528)
Using pre computed peak Mem for (4, 10, 1, 1), module 0
result[(4, 10, 1, 1), 0] = ModuleProfileResult(compute_cost=3019.061, peak_memory=39.200 GB, invar_size=11.908 GB, outvar_size=26.582 GB, temp_buffer_size=0.710 GB, available_memory=64.000 GB, comm_cost=1.705)
result[(4, 10, 1, 1), 1] = ModuleProfileResult(compute_cost=11111.553, peak_memory=41.959 GB, invar_size=38.396 GB, outvar_size=11.908 GB, temp_buffer_size=3.470 GB, available_memory=64.000 GB, comm_cost=0.527)
Using pre computed peak Mem for (4, 11, 1, 0), module 0
result[(4, 11, 1, 0), 0] = ModuleProfileResult(compute_cost=3161.201, peak_memory=44.800 GB, invar_size=13.608 GB, outvar_size=29.266 GB, temp_buffer_size=1.925 GB, available_memory=64.000 GB, comm_cost=1.725)
Using pre computed peak Mem for (4, 11, 1, 0), module 1
result[(4, 11, 1, 0), 1] = ModuleProfileResult(compute_cost=12240.794, peak_memory=52.000 GB, invar_size=42.781 GB, outvar_size=13.608 GB, temp_buffer_size=9.125 GB, available_memory=64.000 GB, comm_cost=0.751)
Using pre computed peak Mem for (4, 11, 1, 1), module 0
result[(4, 11, 1, 1), 0] = ModuleProfileResult(compute_cost=3161.201, peak_memory=44.800 GB, invar_size=13.608 GB, outvar_size=29.524 GB, temp_buffer_size=1.667 GB, available_memory=64.000 GB, comm_cost=1.725)
Using pre computed peak Mem for (4, 11, 1, 1), module 1
result[(4, 11, 1, 1), 1] = ModuleProfileResult(compute_cost=12240.803, peak_memory=52.000 GB, invar_size=43.039 GB, outvar_size=13.608 GB, temp_buffer_size=8.867 GB, available_memory=64.000 GB, comm_cost=0.751)
Using pre computed peak Mem for (5, 5, 1, 0), module 0
result[(5, 5, 1, 0), 0] = ModuleProfileResult(compute_cost=431.321, peak_memory=5.600 GB, invar_size=1.782 GB, outvar_size=3.891 GB, temp_buffer_size=-0.073 GB, available_memory=64.000 GB, comm_cost=0.244)
result[(5, 5, 1, 0), 1] = ModuleProfileResult(compute_cost=1587.364, peak_memory=6.493 GB, invar_size=5.579 GB, outvar_size=1.782 GB, temp_buffer_size=0.820 GB, available_memory=64.000 GB, comm_cost=0.075)
Using pre computed peak Mem for (5, 5, 1, 1), module 0
result[(5, 5, 1, 1), 0] = ModuleProfileResult(compute_cost=431.321, peak_memory=5.600 GB, invar_size=1.782 GB, outvar_size=3.915 GB, temp_buffer_size=-0.096 GB, available_memory=64.000 GB, comm_cost=0.244)
result[(5, 5, 1, 1), 1] = ModuleProfileResult(compute_cost=1587.365, peak_memory=6.845 GB, invar_size=5.602 GB, outvar_size=1.782 GB, temp_buffer_size=1.148 GB, available_memory=64.000 GB, comm_cost=0.075)
Using pre computed peak Mem for (5, 6, 1, 0), module 0
result[(5, 6, 1, 0), 0] = ModuleProfileResult(compute_cost=862.611, peak_memory=11.200 GB, invar_size=3.469 GB, outvar_size=7.665 GB, temp_buffer_size=0.066 GB, available_memory=64.000 GB, comm_cost=0.487)
result[(5, 6, 1, 0), 1] = ModuleProfileResult(compute_cost=3174.728, peak_memory=12.424 GB, invar_size=11.041 GB, outvar_size=3.469 GB, temp_buffer_size=1.289 GB, available_memory=64.000 GB, comm_cost=0.151)
Using pre computed peak Mem for (5, 6, 1, 1), module 0
result[(5, 6, 1, 1), 0] = ModuleProfileResult(compute_cost=862.611, peak_memory=11.200 GB, invar_size=3.469 GB, outvar_size=7.665 GB, temp_buffer_size=0.066 GB, available_memory=64.000 GB, comm_cost=0.487)
result[(5, 6, 1, 1), 1] = ModuleProfileResult(compute_cost=3174.728, peak_memory=12.424 GB, invar_size=11.041 GB, outvar_size=3.469 GB, temp_buffer_size=1.289 GB, available_memory=64.000 GB, comm_cost=0.149)
Using pre computed peak Mem for (5, 7, 1, 0), module 0
result[(5, 7, 1, 0), 0] = ModuleProfileResult(compute_cost=1293.901, peak_memory=16.800 GB, invar_size=5.157 GB, outvar_size=11.416 GB, temp_buffer_size=0.227 GB, available_memory=64.000 GB, comm_cost=0.731)
result[(5, 7, 1, 0), 1] = ModuleProfileResult(compute_cost=4762.092, peak_memory=18.448 GB, invar_size=16.479 GB, outvar_size=5.157 GB, temp_buffer_size=1.876 GB, available_memory=64.000 GB, comm_cost=0.226)
Using pre computed peak Mem for (5, 7, 1, 1), module 0
result[(5, 7, 1, 1), 0] = ModuleProfileResult(compute_cost=1293.901, peak_memory=16.800 GB, invar_size=5.157 GB, outvar_size=11.509 GB, temp_buffer_size=0.134 GB, available_memory=64.000 GB, comm_cost=0.731)
result[(5, 7, 1, 1), 1] = ModuleProfileResult(compute_cost=4762.095, peak_memory=18.917 GB, invar_size=16.573 GB, outvar_size=5.157 GB, temp_buffer_size=2.250 GB, available_memory=64.000 GB, comm_cost=0.226)
Using pre computed peak Mem for (5, 8, 1, 0), module 0
result[(5, 8, 1, 0), 0] = ModuleProfileResult(compute_cost=1725.191, peak_memory=22.400 GB, invar_size=6.845 GB, outvar_size=15.213 GB, temp_buffer_size=0.342 GB, available_memory=64.000 GB, comm_cost=0.974)
result[(5, 8, 1, 0), 1] = ModuleProfileResult(compute_cost=6349.455, peak_memory=24.379 GB, invar_size=21.964 GB, outvar_size=6.845 GB, temp_buffer_size=2.321 GB, available_memory=64.000 GB, comm_cost=0.301)
Using pre computed peak Mem for (5, 8, 1, 1), module 0
result[(5, 8, 1, 1), 0] = ModuleProfileResult(compute_cost=1725.191, peak_memory=22.400 GB, invar_size=6.845 GB, outvar_size=15.307 GB, temp_buffer_size=0.248 GB, available_memory=64.000 GB, comm_cost=0.974)
result[(5, 8, 1, 1), 1] = ModuleProfileResult(compute_cost=6349.460, peak_memory=24.543 GB, invar_size=22.058 GB, outvar_size=6.845 GB, temp_buffer_size=2.391 GB, available_memory=64.000 GB, comm_cost=0.300)
Using pre computed peak Mem for (5, 9, 1, 0), module 0
result[(5, 9, 1, 0), 0] = ModuleProfileResult(compute_cost=2156.481, peak_memory=28.000 GB, invar_size=8.533 GB, outvar_size=19.057 GB, temp_buffer_size=0.410 GB, available_memory=64.000 GB, comm_cost=1.218)
result[(5, 9, 1, 0), 1] = ModuleProfileResult(compute_cost=7936.819, peak_memory=30.450 GB, invar_size=27.496 GB, outvar_size=8.533 GB, temp_buffer_size=2.860 GB, available_memory=64.000 GB, comm_cost=0.377)
Using pre computed peak Mem for (5, 9, 1, 1), module 0
result[(5, 9, 1, 1), 0] = ModuleProfileResult(compute_cost=2156.481, peak_memory=28.000 GB, invar_size=8.533 GB, outvar_size=19.057 GB, temp_buffer_size=0.410 GB, available_memory=64.000 GB, comm_cost=1.218)
result[(5, 9, 1, 1), 1] = ModuleProfileResult(compute_cost=7936.824, peak_memory=30.801 GB, invar_size=27.496 GB, outvar_size=8.533 GB, temp_buffer_size=3.212 GB, available_memory=64.000 GB, comm_cost=0.377)
Using pre computed peak Mem for (5, 10, 1, 0), module 0
result[(5, 10, 1, 0), 0] = ModuleProfileResult(compute_cost=2587.771, peak_memory=33.600 GB, invar_size=10.220 GB, outvar_size=22.808 GB, temp_buffer_size=0.572 GB, available_memory=64.000 GB, comm_cost=1.461)
result[(5, 10, 1, 0), 1] = ModuleProfileResult(compute_cost=9524.183, peak_memory=35.912 GB, invar_size=32.934 GB, outvar_size=10.220 GB, temp_buffer_size=2.884 GB, available_memory=64.000 GB, comm_cost=0.452)
Using pre computed peak Mem for (5, 10, 1, 1), module 0
result[(5, 10, 1, 1), 0] = ModuleProfileResult(compute_cost=2587.771, peak_memory=33.600 GB, invar_size=10.220 GB, outvar_size=22.808 GB, temp_buffer_size=0.572 GB, available_memory=64.000 GB, comm_cost=1.461)
result[(5, 10, 1, 1), 1] = ModuleProfileResult(compute_cost=9524.186, peak_memory=36.287 GB, invar_size=32.934 GB, outvar_size=10.220 GB, temp_buffer_size=3.259 GB, available_memory=64.000 GB, comm_cost=0.450)
Using pre computed peak Mem for (5, 11, 1, 0), module 0
result[(5, 11, 1, 0), 0] = ModuleProfileResult(compute_cost=2729.911, peak_memory=39.200 GB, invar_size=11.921 GB, outvar_size=25.539 GB, temp_buffer_size=1.740 GB, available_memory=64.000 GB, comm_cost=1.482)
Using pre computed peak Mem for (5, 11, 1, 0), module 1
result[(5, 11, 1, 0), 1] = ModuleProfileResult(compute_cost=10653.430, peak_memory=45.500 GB, invar_size=37.366 GB, outvar_size=11.921 GB, temp_buffer_size=8.040 GB, available_memory=64.000 GB, comm_cost=0.676)
Using pre computed peak Mem for (5, 11, 1, 1), module 0
result[(5, 11, 1, 1), 0] = ModuleProfileResult(compute_cost=2729.911, peak_memory=39.200 GB, invar_size=11.921 GB, outvar_size=25.703 GB, temp_buffer_size=1.576 GB, available_memory=64.000 GB, comm_cost=1.482)
Using pre computed peak Mem for (5, 11, 1, 1), module 1
result[(5, 11, 1, 1), 1] = ModuleProfileResult(compute_cost=10653.436, peak_memory=45.500 GB, invar_size=37.530 GB, outvar_size=11.921 GB, temp_buffer_size=7.876 GB, available_memory=64.000 GB, comm_cost=0.676)
Using pre computed peak Mem for (6, 6, 1, 0), module 0
result[(6, 6, 1, 0), 0] = ModuleProfileResult(compute_cost=431.321, peak_memory=5.600 GB, invar_size=1.782 GB, outvar_size=3.915 GB, temp_buffer_size=-0.096 GB, available_memory=64.000 GB, comm_cost=0.244)
result[(6, 6, 1, 0), 1] = ModuleProfileResult(compute_cost=1587.364, peak_memory=6.516 GB, invar_size=5.602 GB, outvar_size=1.782 GB, temp_buffer_size=0.820 GB, available_memory=64.000 GB, comm_cost=0.075)
Using pre computed peak Mem for (6, 6, 1, 1), module 0
result[(6, 6, 1, 1), 0] = ModuleProfileResult(compute_cost=431.321, peak_memory=5.600 GB, invar_size=1.782 GB, outvar_size=3.915 GB, temp_buffer_size=-0.096 GB, available_memory=64.000 GB, comm_cost=0.244)
result[(6, 6, 1, 1), 1] = ModuleProfileResult(compute_cost=1587.365, peak_memory=6.845 GB, invar_size=5.602 GB, outvar_size=1.782 GB, temp_buffer_size=1.148 GB, available_memory=64.000 GB, comm_cost=0.075)
Using pre computed peak Mem for (6, 7, 1, 0), module 0
result[(6, 7, 1, 0), 0] = ModuleProfileResult(compute_cost=862.611, peak_memory=11.200 GB, invar_size=3.469 GB, outvar_size=7.689 GB, temp_buffer_size=0.042 GB, available_memory=64.000 GB, comm_cost=0.487)
result[(6, 7, 1, 0), 1] = ModuleProfileResult(compute_cost=3174.728, peak_memory=12.447 GB, invar_size=11.064 GB, outvar_size=3.469 GB, temp_buffer_size=1.290 GB, available_memory=64.000 GB, comm_cost=0.151)
Using pre computed peak Mem for (6, 7, 1, 1), module 0
result[(6, 7, 1, 1), 0] = ModuleProfileResult(compute_cost=862.611, peak_memory=11.200 GB, invar_size=3.469 GB, outvar_size=7.665 GB, temp_buffer_size=0.066 GB, available_memory=64.000 GB, comm_cost=0.487)
result[(6, 7, 1, 1), 1] = ModuleProfileResult(compute_cost=3174.729, peak_memory=12.401 GB, invar_size=11.041 GB, outvar_size=3.469 GB, temp_buffer_size=1.266 GB, available_memory=64.000 GB, comm_cost=0.152)
Using pre computed peak Mem for (6, 8, 1, 0), module 0
result[(6, 8, 1, 0), 0] = ModuleProfileResult(compute_cost=1293.901, peak_memory=16.800 GB, invar_size=5.157 GB, outvar_size=11.462 GB, temp_buffer_size=0.180 GB, available_memory=64.000 GB, comm_cost=0.731)
result[(6, 8, 1, 0), 1] = ModuleProfileResult(compute_cost=4762.092, peak_memory=18.495 GB, invar_size=16.526 GB, outvar_size=5.157 GB, temp_buffer_size=1.876 GB, available_memory=64.000 GB, comm_cost=0.226)
Using pre computed peak Mem for (6, 8, 1, 1), module 0
result[(6, 8, 1, 1), 0] = ModuleProfileResult(compute_cost=1293.901, peak_memory=16.800 GB, invar_size=5.157 GB, outvar_size=11.486 GB, temp_buffer_size=0.157 GB, available_memory=64.000 GB, comm_cost=0.731)
result[(6, 8, 1, 1), 1] = ModuleProfileResult(compute_cost=4762.093, peak_memory=18.893 GB, invar_size=16.549 GB, outvar_size=5.157 GB, temp_buffer_size=2.250 GB, available_memory=64.000 GB, comm_cost=0.225)
Using pre computed peak Mem for (6, 9, 1, 0), module 0
result[(6, 9, 1, 0), 0] = ModuleProfileResult(compute_cost=1725.191, peak_memory=22.400 GB, invar_size=6.845 GB, outvar_size=15.166 GB, temp_buffer_size=0.389 GB, available_memory=64.000 GB, comm_cost=0.974)
result[(6, 9, 1, 0), 1] = ModuleProfileResult(compute_cost=6349.455, peak_memory=24.309 GB, invar_size=21.917 GB, outvar_size=6.845 GB, temp_buffer_size=2.298 GB, available_memory=64.000 GB, comm_cost=0.301)
Using pre computed peak Mem for (6, 9, 1, 1), module 0
result[(6, 9, 1, 1), 0] = ModuleProfileResult(compute_cost=1725.191, peak_memory=22.400 GB, invar_size=6.845 GB, outvar_size=15.283 GB, temp_buffer_size=0.272 GB, available_memory=64.000 GB, comm_cost=0.974)
result[(6, 9, 1, 1), 1] = ModuleProfileResult(compute_cost=6349.457, peak_memory=24.519 GB, invar_size=22.034 GB, outvar_size=6.845 GB, temp_buffer_size=2.391 GB, available_memory=64.000 GB, comm_cost=0.299)
Using pre computed peak Mem for (6, 10, 1, 0), module 0
result[(6, 10, 1, 0), 0] = ModuleProfileResult(compute_cost=2156.481, peak_memory=28.000 GB, invar_size=8.533 GB, outvar_size=19.057 GB, temp_buffer_size=0.410 GB, available_memory=64.000 GB, comm_cost=1.218)
result[(6, 10, 1, 0), 1] = ModuleProfileResult(compute_cost=7936.819, peak_memory=30.450 GB, invar_size=27.496 GB, outvar_size=8.533 GB, temp_buffer_size=2.860 GB, available_memory=64.000 GB, comm_cost=0.377)
Using pre computed peak Mem for (6, 10, 1, 1), module 0
result[(6, 10, 1, 1), 0] = ModuleProfileResult(compute_cost=2156.481, peak_memory=28.000 GB, invar_size=8.533 GB, outvar_size=18.964 GB, temp_buffer_size=0.504 GB, available_memory=64.000 GB, comm_cost=1.218)
result[(6, 10, 1, 1), 1] = ModuleProfileResult(compute_cost=7936.823, peak_memory=30.333 GB, invar_size=27.402 GB, outvar_size=8.533 GB, temp_buffer_size=2.837 GB, available_memory=64.000 GB, comm_cost=0.379)
Using pre computed peak Mem for (6, 11, 1, 0), module 0
result[(6, 11, 1, 0), 0] = ModuleProfileResult(compute_cost=2298.622, peak_memory=33.600 GB, invar_size=10.233 GB, outvar_size=21.742 GB, temp_buffer_size=1.625 GB, available_memory=64.000 GB, comm_cost=1.238)
Using pre computed peak Mem for (6, 11, 1, 0), module 1
result[(6, 11, 1, 0), 1] = ModuleProfileResult(compute_cost=9066.067, peak_memory=39.000 GB, invar_size=31.881 GB, outvar_size=10.233 GB, temp_buffer_size=7.025 GB, available_memory=64.000 GB, comm_cost=0.600)
Using pre computed peak Mem for (6, 11, 1, 1), module 0
result[(6, 11, 1, 1), 0] = ModuleProfileResult(compute_cost=2298.622, peak_memory=33.600 GB, invar_size=10.233 GB, outvar_size=21.929 GB, temp_buffer_size=1.438 GB, available_memory=64.000 GB, comm_cost=1.238)
Using pre computed peak Mem for (6, 11, 1, 1), module 1
result[(6, 11, 1, 1), 1] = ModuleProfileResult(compute_cost=9066.068, peak_memory=39.000 GB, invar_size=32.069 GB, outvar_size=10.233 GB, temp_buffer_size=6.838 GB, available_memory=64.000 GB, comm_cost=0.595)
Using pre computed peak Mem for (7, 7, 1, 0), module 0
result[(7, 7, 1, 0), 0] = ModuleProfileResult(compute_cost=431.321, peak_memory=5.600 GB, invar_size=1.782 GB, outvar_size=3.891 GB, temp_buffer_size=-0.073 GB, available_memory=64.000 GB, comm_cost=0.244)
result[(7, 7, 1, 0), 1] = ModuleProfileResult(compute_cost=1587.364, peak_memory=6.493 GB, invar_size=5.579 GB, outvar_size=1.782 GB, temp_buffer_size=0.820 GB, available_memory=64.000 GB, comm_cost=0.075)
Using pre computed peak Mem for (7, 7, 1, 1), module 0
result[(7, 7, 1, 1), 0] = ModuleProfileResult(compute_cost=431.321, peak_memory=5.600 GB, invar_size=1.782 GB, outvar_size=3.915 GB, temp_buffer_size=-0.096 GB, available_memory=64.000 GB, comm_cost=0.244)
result[(7, 7, 1, 1), 1] = ModuleProfileResult(compute_cost=1587.365, peak_memory=6.845 GB, invar_size=5.602 GB, outvar_size=1.782 GB, temp_buffer_size=1.148 GB, available_memory=64.000 GB, comm_cost=0.075)
Using pre computed peak Mem for (7, 8, 1, 0), module 0
result[(7, 8, 1, 0), 0] = ModuleProfileResult(compute_cost=862.611, peak_memory=11.200 GB, invar_size=3.469 GB, outvar_size=7.642 GB, temp_buffer_size=0.089 GB, available_memory=64.000 GB, comm_cost=0.487)
result[(7, 8, 1, 0), 1] = ModuleProfileResult(compute_cost=3174.728, peak_memory=12.424 GB, invar_size=11.017 GB, outvar_size=3.469 GB, temp_buffer_size=1.313 GB, available_memory=64.000 GB, comm_cost=0.151)
Using pre computed peak Mem for (7, 8, 1, 1), module 0
result[(7, 8, 1, 1), 0] = ModuleProfileResult(compute_cost=862.611, peak_memory=11.200 GB, invar_size=3.469 GB, outvar_size=7.642 GB, temp_buffer_size=0.089 GB, available_memory=64.000 GB, comm_cost=0.487)
result[(7, 8, 1, 1), 1] = ModuleProfileResult(compute_cost=3174.729, peak_memory=12.401 GB, invar_size=11.017 GB, outvar_size=3.469 GB, temp_buffer_size=1.290 GB, available_memory=64.000 GB, comm_cost=0.152)
Using pre computed peak Mem for (7, 9, 1, 0), module 0
result[(7, 9, 1, 0), 0] = ModuleProfileResult(compute_cost=1293.901, peak_memory=16.800 GB, invar_size=5.157 GB, outvar_size=11.462 GB, temp_buffer_size=0.180 GB, available_memory=64.000 GB, comm_cost=0.731)
result[(7, 9, 1, 0), 1] = ModuleProfileResult(compute_cost=4762.092, peak_memory=18.495 GB, invar_size=16.526 GB, outvar_size=5.157 GB, temp_buffer_size=1.876 GB, available_memory=64.000 GB, comm_cost=0.226)
Using pre computed peak Mem for (7, 9, 1, 1), module 0
result[(7, 9, 1, 1), 0] = ModuleProfileResult(compute_cost=1293.901, peak_memory=16.800 GB, invar_size=5.157 GB, outvar_size=11.486 GB, temp_buffer_size=0.157 GB, available_memory=64.000 GB, comm_cost=0.731)
result[(7, 9, 1, 1), 1] = ModuleProfileResult(compute_cost=4762.094, peak_memory=18.542 GB, invar_size=16.549 GB, outvar_size=5.157 GB, temp_buffer_size=1.899 GB, available_memory=64.000 GB, comm_cost=0.226)
Using pre computed peak Mem for (7, 10, 1, 0), module 0
result[(7, 10, 1, 0), 0] = ModuleProfileResult(compute_cost=1725.191, peak_memory=22.400 GB, invar_size=6.845 GB, outvar_size=15.213 GB, temp_buffer_size=0.342 GB, available_memory=64.000 GB, comm_cost=0.974)
result[(7, 10, 1, 0), 1] = ModuleProfileResult(compute_cost=6349.455, peak_memory=24.379 GB, invar_size=21.964 GB, outvar_size=6.845 GB, temp_buffer_size=2.321 GB, available_memory=64.000 GB, comm_cost=0.301)
Using pre computed peak Mem for (7, 10, 1, 1), module 0
result[(7, 10, 1, 1), 0] = ModuleProfileResult(compute_cost=1725.191, peak_memory=22.400 GB, invar_size=6.845 GB, outvar_size=15.190 GB, temp_buffer_size=0.366 GB, available_memory=64.000 GB, comm_cost=0.974)
result[(7, 10, 1, 1), 1] = ModuleProfileResult(compute_cost=6349.462, peak_memory=24.402 GB, invar_size=21.941 GB, outvar_size=6.845 GB, temp_buffer_size=2.368 GB, available_memory=64.000 GB, comm_cost=0.305)
Using pre computed peak Mem for (7, 11, 1, 0), module 0
result[(7, 11, 1, 0), 0] = ModuleProfileResult(compute_cost=1867.332, peak_memory=28.000 GB, invar_size=8.545 GB, outvar_size=17.968 GB, temp_buffer_size=1.487 GB, available_memory=64.000 GB, comm_cost=0.995)
Using pre computed peak Mem for (7, 11, 1, 0), module 1
result[(7, 11, 1, 0), 1] = ModuleProfileResult(compute_cost=7478.703, peak_memory=32.500 GB, invar_size=26.419 GB, outvar_size=8.545 GB, temp_buffer_size=5.987 GB, available_memory=64.000 GB, comm_cost=0.525)
Using pre computed peak Mem for (7, 11, 1, 1), module 0
result[(7, 11, 1, 1), 0] = ModuleProfileResult(compute_cost=1867.332, peak_memory=28.000 GB, invar_size=8.545 GB, outvar_size=18.015 GB, temp_buffer_size=1.440 GB, available_memory=64.000 GB, comm_cost=0.995)
Using pre computed peak Mem for (7, 11, 1, 1), module 1
result[(7, 11, 1, 1), 1] = ModuleProfileResult(compute_cost=7478.707, peak_memory=32.500 GB, invar_size=26.466 GB, outvar_size=8.545 GB, temp_buffer_size=5.940 GB, available_memory=64.000 GB, comm_cost=0.526)
Using pre computed peak Mem for (8, 8, 1, 0), module 0
result[(8, 8, 1, 0), 0] = ModuleProfileResult(compute_cost=431.321, peak_memory=5.600 GB, invar_size=1.782 GB, outvar_size=3.891 GB, temp_buffer_size=-0.073 GB, available_memory=64.000 GB, comm_cost=0.244)
result[(8, 8, 1, 0), 1] = ModuleProfileResult(compute_cost=1587.364, peak_memory=6.493 GB, invar_size=5.579 GB, outvar_size=1.782 GB, temp_buffer_size=0.820 GB, available_memory=64.000 GB, comm_cost=0.075)
Using pre computed peak Mem for (8, 8, 1, 1), module 0
result[(8, 8, 1, 1), 0] = ModuleProfileResult(compute_cost=431.321, peak_memory=5.600 GB, invar_size=1.782 GB, outvar_size=3.915 GB, temp_buffer_size=-0.096 GB, available_memory=64.000 GB, comm_cost=0.244)
result[(8, 8, 1, 1), 1] = ModuleProfileResult(compute_cost=1587.365, peak_memory=6.845 GB, invar_size=5.602 GB, outvar_size=1.782 GB, temp_buffer_size=1.148 GB, available_memory=64.000 GB, comm_cost=0.075)
Using pre computed peak Mem for (8, 9, 1, 0), module 0
result[(8, 9, 1, 0), 0] = ModuleProfileResult(compute_cost=862.611, peak_memory=11.200 GB, invar_size=3.469 GB, outvar_size=7.642 GB, temp_buffer_size=0.089 GB, available_memory=64.000 GB, comm_cost=0.487)
result[(8, 9, 1, 0), 1] = ModuleProfileResult(compute_cost=3174.728, peak_memory=12.424 GB, invar_size=11.017 GB, outvar_size=3.469 GB, temp_buffer_size=1.313 GB, available_memory=64.000 GB, comm_cost=0.151)
Using pre computed peak Mem for (8, 9, 1, 1), module 0
result[(8, 9, 1, 1), 0] = ModuleProfileResult(compute_cost=862.611, peak_memory=11.200 GB, invar_size=3.469 GB, outvar_size=7.712 GB, temp_buffer_size=0.019 GB, available_memory=64.000 GB, comm_cost=0.487)
result[(8, 9, 1, 1), 1] = ModuleProfileResult(compute_cost=3174.728, peak_memory=12.564 GB, invar_size=11.087 GB, outvar_size=3.469 GB, temp_buffer_size=1.383 GB, available_memory=64.000 GB, comm_cost=0.149)
Using pre computed peak Mem for (8, 10, 1, 0), module 0
result[(8, 10, 1, 0), 0] = ModuleProfileResult(compute_cost=1293.901, peak_memory=16.800 GB, invar_size=5.157 GB, outvar_size=11.392 GB, temp_buffer_size=0.251 GB, available_memory=64.000 GB, comm_cost=0.731)
result[(8, 10, 1, 0), 1] = ModuleProfileResult(compute_cost=4762.092, peak_memory=18.425 GB, invar_size=16.455 GB, outvar_size=5.157 GB, temp_buffer_size=1.876 GB, available_memory=64.000 GB, comm_cost=0.226)
Using pre computed peak Mem for (8, 10, 1, 1), module 0
result[(8, 10, 1, 1), 0] = ModuleProfileResult(compute_cost=1293.901, peak_memory=16.800 GB, invar_size=5.157 GB, outvar_size=11.439 GB, temp_buffer_size=0.204 GB, available_memory=64.000 GB, comm_cost=0.731)
result[(8, 10, 1, 1), 1] = ModuleProfileResult(compute_cost=4762.095, peak_memory=18.472 GB, invar_size=16.502 GB, outvar_size=5.157 GB, temp_buffer_size=1.876 GB, available_memory=64.000 GB, comm_cost=0.228)
Using pre computed peak Mem for (8, 11, 1, 0), module 0
result[(8, 11, 1, 0), 0] = ModuleProfileResult(compute_cost=1436.042, peak_memory=22.400 GB, invar_size=6.857 GB, outvar_size=14.288 GB, temp_buffer_size=1.255 GB, available_memory=64.000 GB, comm_cost=0.751)
Using pre computed peak Mem for (8, 11, 1, 0), module 1
result[(8, 11, 1, 0), 1] = ModuleProfileResult(compute_cost=5891.339, peak_memory=26.000 GB, invar_size=21.051 GB, outvar_size=6.857 GB, temp_buffer_size=4.855 GB, available_memory=64.000 GB, comm_cost=0.450)
Using pre computed peak Mem for (8, 11, 1, 1), module 0
result[(8, 11, 1, 1), 0] = ModuleProfileResult(compute_cost=1436.042, peak_memory=22.400 GB, invar_size=6.857 GB, outvar_size=14.264 GB, temp_buffer_size=1.278 GB, available_memory=64.000 GB, comm_cost=0.751)
Using pre computed peak Mem for (8, 11, 1, 1), module 1
result[(8, 11, 1, 1), 1] = ModuleProfileResult(compute_cost=5891.342, peak_memory=26.000 GB, invar_size=21.028 GB, outvar_size=6.857 GB, temp_buffer_size=4.878 GB, available_memory=64.000 GB, comm_cost=0.451)
Using pre computed peak Mem for (9, 9, 1, 0), module 0
result[(9, 9, 1, 0), 0] = ModuleProfileResult(compute_cost=431.321, peak_memory=5.600 GB, invar_size=1.782 GB, outvar_size=3.868 GB, temp_buffer_size=-0.049 GB, available_memory=64.000 GB, comm_cost=0.244)
result[(9, 9, 1, 0), 1] = ModuleProfileResult(compute_cost=1587.364, peak_memory=6.446 GB, invar_size=5.555 GB, outvar_size=1.782 GB, temp_buffer_size=0.797 GB, available_memory=64.000 GB, comm_cost=0.075)
Using pre computed peak Mem for (9, 9, 1, 1), module 0
result[(9, 9, 1, 1), 0] = ModuleProfileResult(compute_cost=431.321, peak_memory=5.600 GB, invar_size=1.782 GB, outvar_size=3.915 GB, temp_buffer_size=-0.096 GB, available_memory=64.000 GB, comm_cost=0.244)
result[(9, 9, 1, 1), 1] = ModuleProfileResult(compute_cost=1587.365, peak_memory=6.845 GB, invar_size=5.602 GB, outvar_size=1.782 GB, temp_buffer_size=1.148 GB, available_memory=64.000 GB, comm_cost=0.075)
Using pre computed peak Mem for (9, 10, 1, 0), module 0
result[(9, 10, 1, 0), 0] = ModuleProfileResult(compute_cost=862.611, peak_memory=11.200 GB, invar_size=3.469 GB, outvar_size=7.665 GB, temp_buffer_size=0.066 GB, available_memory=64.000 GB, comm_cost=0.487)
result[(9, 10, 1, 0), 1] = ModuleProfileResult(compute_cost=3174.728, peak_memory=12.447 GB, invar_size=11.041 GB, outvar_size=3.469 GB, temp_buffer_size=1.313 GB, available_memory=64.000 GB, comm_cost=0.151)
Using pre computed peak Mem for (9, 10, 1, 1), module 0
result[(9, 10, 1, 1), 0] = ModuleProfileResult(compute_cost=862.611, peak_memory=11.200 GB, invar_size=3.469 GB, outvar_size=7.712 GB, temp_buffer_size=0.019 GB, available_memory=64.000 GB, comm_cost=0.487)
result[(9, 10, 1, 1), 1] = ModuleProfileResult(compute_cost=3174.731, peak_memory=12.541 GB, invar_size=11.087 GB, outvar_size=3.469 GB, temp_buffer_size=1.360 GB, available_memory=64.000 GB, comm_cost=0.152)
Using pre computed peak Mem for (9, 11, 1, 0), module 0
result[(9, 11, 1, 0), 0] = ModuleProfileResult(compute_cost=1004.752, peak_memory=16.800 GB, invar_size=5.170 GB, outvar_size=10.444 GB, temp_buffer_size=1.187 GB, available_memory=64.000 GB, comm_cost=0.508)
Using pre computed peak Mem for (9, 11, 1, 0), module 1
result[(9, 11, 1, 0), 1] = ModuleProfileResult(compute_cost=4303.975, peak_memory=19.500 GB, invar_size=15.519 GB, outvar_size=5.170 GB, temp_buffer_size=3.887 GB, available_memory=64.000 GB, comm_cost=0.374)
Using pre computed peak Mem for (9, 11, 1, 1), module 0
result[(9, 11, 1, 1), 0] = ModuleProfileResult(compute_cost=1004.752, peak_memory=16.800 GB, invar_size=5.170 GB, outvar_size=10.467 GB, temp_buffer_size=1.163 GB, available_memory=64.000 GB, comm_cost=0.508)
Using pre computed peak Mem for (9, 11, 1, 1), module 1
result[(9, 11, 1, 1), 1] = ModuleProfileResult(compute_cost=4303.977, peak_memory=19.500 GB, invar_size=15.543 GB, outvar_size=5.170 GB, temp_buffer_size=3.863 GB, available_memory=64.000 GB, comm_cost=0.375)
Using pre computed peak Mem for (10, 10, 1, 0), module 0
result[(10, 10, 1, 0), 0] = ModuleProfileResult(compute_cost=431.321, peak_memory=5.600 GB, invar_size=1.782 GB, outvar_size=3.891 GB, temp_buffer_size=-0.073 GB, available_memory=64.000 GB, comm_cost=0.244)
result[(10, 10, 1, 0), 1] = ModuleProfileResult(compute_cost=1587.364, peak_memory=6.493 GB, invar_size=5.579 GB, outvar_size=1.782 GB, temp_buffer_size=0.820 GB, available_memory=64.000 GB, comm_cost=0.075)
Using pre computed peak Mem for (10, 10, 1, 1), module 0
result[(10, 10, 1, 1), 0] = ModuleProfileResult(compute_cost=431.321, peak_memory=5.600 GB, invar_size=1.782 GB, outvar_size=3.915 GB, temp_buffer_size=-0.096 GB, available_memory=64.000 GB, comm_cost=0.244)
result[(10, 10, 1, 1), 1] = ModuleProfileResult(compute_cost=1587.365, peak_memory=6.845 GB, invar_size=5.602 GB, outvar_size=1.782 GB, temp_buffer_size=1.148 GB, available_memory=64.000 GB, comm_cost=0.075)
Using pre computed peak Mem for (10, 11, 1, 0), module 0
result[(10, 11, 1, 0), 0] = ModuleProfileResult(compute_cost=573.462, peak_memory=11.200 GB, invar_size=3.482 GB, outvar_size=6.716 GB, temp_buffer_size=1.002 GB, available_memory=64.000 GB, comm_cost=0.264)
Using pre computed peak Mem for (10, 11, 1, 0), module 1
result[(10, 11, 1, 0), 1] = ModuleProfileResult(compute_cost=2716.611, peak_memory=13.000 GB, invar_size=10.104 GB, outvar_size=3.482 GB, temp_buffer_size=2.802 GB, available_memory=64.000 GB, comm_cost=0.299)
Using pre computed peak Mem for (10, 11, 1, 1), module 0
result[(10, 11, 1, 1), 0] = ModuleProfileResult(compute_cost=573.462, peak_memory=11.200 GB, invar_size=3.482 GB, outvar_size=6.716 GB, temp_buffer_size=1.002 GB, available_memory=64.000 GB, comm_cost=0.264)
Using pre computed peak Mem for (10, 11, 1, 1), module 1
result[(10, 11, 1, 1), 1] = ModuleProfileResult(compute_cost=2716.611, peak_memory=13.000 GB, invar_size=10.104 GB, outvar_size=3.482 GB, temp_buffer_size=2.802 GB, available_memory=64.000 GB, comm_cost=0.299)
result[(11, 11, 1, 0), 0] = ModuleProfileResult(compute_cost=142.141, peak_memory=4.713 GB, invar_size=1.794 GB, outvar_size=2.919 GB, temp_buffer_size=0.000 GB, available_memory=64.000 GB, comm_cost=0.021)
Using pre computed peak Mem for (11, 11, 1, 0), module 1
result[(11, 11, 1, 0), 1] = ModuleProfileResult(compute_cost=1129.247, peak_memory=6.500 GB, invar_size=4.619 GB, outvar_size=1.794 GB, temp_buffer_size=1.787 GB, available_memory=64.000 GB, comm_cost=0.224)
result[(11, 11, 1, 1), 0] = ModuleProfileResult(compute_cost=142.141, peak_memory=4.713 GB, invar_size=1.794 GB, outvar_size=2.919 GB, temp_buffer_size=0.000 GB, available_memory=64.000 GB, comm_cost=0.021)
Using pre computed peak Mem for (11, 11, 1, 1), module 1
result[(11, 11, 1, 1), 1] = ModuleProfileResult(compute_cost=1129.247, peak_memory=6.500 GB, invar_size=4.619 GB, outvar_size=1.794 GB, temp_buffer_size=1.787 GB, available_memory=64.000 GB, comm_cost=0.224)
Profiling for submesh 1 (1, 2) takes 817.40 seconds
--------------------------------------------------
- Profiling for submesh 0 (1, 1):
- Generate all stage infos (Jaxpr -> HLO)
- Compile all stages, get estimations
num of workers:12
[2m[36m(CompileWorker pid=3439295)[0m compiled for stage:0 name: stage_0_0_acc_grad_0 module id: 0
[2m[36m(CompileWorker pid=3439292)[0m compiled for stage:3 name: stage_0_1_acc_grad_0 module id: 0
[2m[36m(CompileWorker pid=3439285)[0m compiled for stage:10 name: stage_0_5_acc_grad_0 module id: 0
[2m[36m(CompileWorker pid=3439293)[0m compiled for stage:2 name: stage_0_1_acc_grad_0 module id: 0
[2m[36m(CompileWorker pid=3439290)[0m compiled for stage:5 name: stage_0_2_acc_grad_0 module id: 0
[2m[36m(CompileWorker pid=3439286)[0m compiled for stage:9 name: stage_0_4_acc_grad_0 module id: 0
[2m[36m(CompileWorker pid=3439294)[0m compiled for stage:1 name: stage_0_0_acc_grad_0 module id: 0
[2m[36m(CompileWorker pid=3439289)[0m compiled for stage:6 name: stage_0_3_acc_grad_0 module id: 0
[2m[36m(CompileWorker pid=3439288)[0m compiled for stage:7 name: stage_0_3_acc_grad_0 module id: 0
[2m[36m(CompileWorker pid=3439291)[0m compiled for stage:4 name: stage_0_2_acc_grad_0 module id: 0
[2m[36m(CompileWorker pid=3439287)[0m compiled for stage:8 name: stage_0_4_acc_grad_0 module id: 0
[2m[36m(CompileWorker pid=3439284)[0m compiled for stage:11 name: stage_0_5_acc_grad_0 module id: 0
[2m[36m(CompileWorker pid=3439294)[0m  tensor (Large latency) dimensions: (1, 1, 2048, 49152, 1, 1, 1, 1, 1, 1, 0, 0, 'CONV', 1, 1, 0, 0),  latency: 1.8724571428571428
[2m[36m(CompileWorker pid=3439294)[0m compiled for stage:1 name: stage_0_0_acc_grad_1 module id: 1
[2m[36m(CompileWorker pid=3439292)[0m  tensor (Large latency) dimensions: (1, 1, 2048, 49152, 1, 1, 1, 1, 1, 1, 0, 0, 'CONV', 1, 1, 0, 0),  latency: 1.8724571428571428
[2m[36m(CompileWorker pid=3439292)[0m compiled for stage:3 name: stage_0_1_acc_grad_1 module id: 1
[2m[36m(CompileWorker pid=3439293)[0m  tensor (Large latency) dimensions: (1, 1, 2048, 49152, 1, 1, 1, 1, 1, 1, 0, 0, 'CONV', 1, 1, 0, 0),  latency: 1.8724571428571428
[2m[36m(CompileWorker pid=3439293)[0m compiled for stage:2 name: stage_0_1_acc_grad_1 module id: 1
[2m[36m(CompileWorker pid=3439291)[0m  tensor (Large latency) dimensions: (1, 1, 2048, 49152, 1, 1, 1, 1, 1, 1, 0, 0, 'CONV', 1, 1, 0, 0),  latency: 1.8724571428571428
[2m[36m(CompileWorker pid=3439291)[0m compiled for stage:4 name: stage_0_2_acc_grad_1 module id: 1
[2m[36m(CompileWorker pid=3439294)[0m  tensor (Large latency) dimensions: (1, 12288, 49152, 1, 1, 1, 1, 1, 1, 1, 0, 0, 'CONV', 1, 1, 0, 0),  latency: 8.987794285714285
[2m[36m(CompileWorker pid=3439295)[0m  tensor (Large latency) dimensions: (1, 1, 2048, 49152, 1, 1, 1, 1, 1, 1, 0, 0, 'CONV', 1, 1, 0, 0),  latency: 1.8724571428571428
[2m[36m(CompileWorker pid=3439295)[0m compiled for stage:0 name: stage_0_0_acc_grad_1 module id: 1
[2m[36m(CompileWorker pid=3439290)[0m  tensor (Large latency) dimensions: (1, 1, 2048, 49152, 1, 1, 1, 1, 1, 1, 0, 0, 'CONV', 1, 1, 0, 0),  latency: 1.8724571428571428
[2m[36m(CompileWorker pid=3439290)[0m compiled for stage:5 name: stage_0_2_acc_grad_1 module id: 1
[2m[36m(CompileWorker pid=3439288)[0m  tensor (Large latency) dimensions: (1, 1, 2048, 49152, 1, 1, 1, 1, 1, 1, 0, 0, 'CONV', 1, 1, 0, 0),  latency: 1.8724571428571428
[2m[36m(CompileWorker pid=3439288)[0m compiled for stage:7 name: stage_0_3_acc_grad_1 module id: 1
[2m[36m(CompileWorker pid=3439286)[0m  tensor (Large latency) dimensions: (1, 1, 2048, 49152, 1, 1, 1, 1, 1, 1, 0, 0, 'CONV', 1, 1, 0, 0),  latency: 1.8724571428571428
[2m[36m(CompileWorker pid=3439286)[0m compiled for stage:9 name: stage_0_4_acc_grad_1 module id: 1
[2m[36m(CompileWorker pid=3439289)[0m  tensor (Large latency) dimensions: (1, 1, 2048, 49152, 1, 1, 1, 1, 1, 1, 0, 0, 'CONV', 1, 1, 0, 0),  latency: 1.8724571428571428
[2m[36m(CompileWorker pid=3439289)[0m compiled for stage:6 name: stage_0_3_acc_grad_1 module id: 1
[2m[36m(CompileWorker pid=3439292)[0m  tensor (Large latency) dimensions: (1, 12288, 49152, 1, 1, 1, 1, 1, 1, 1, 0, 0, 'CONV', 1, 1, 0, 0),  latency: 8.987794285714285
[2m[36m(CompileWorker pid=3439285)[0m  tensor (Large latency) dimensions: (1, 1, 2048, 49152, 1, 1, 1, 1, 1, 1, 0, 0, 'CONV', 1, 1, 0, 0),  latency: 1.8724571428571428
[2m[36m(CompileWorker pid=3439285)[0m compiled for stage:10 name: stage_0_5_acc_grad_1 module id: 1
[2m[36m(CompileWorker pid=3439287)[0m  tensor (Large latency) dimensions: (1, 1, 2048, 49152, 1, 1, 1, 1, 1, 1, 0, 0, 'CONV', 1, 1, 0, 0),  latency: 1.8724571428571428
[2m[36m(CompileWorker pid=3439287)[0m compiled for stage:8 name: stage_0_4_acc_grad_1 module id: 1
[2m[36m(CompileWorker pid=3439294)[0m  tensor (Large latency) dimensions: (1, 1, 2048, 49152, 1, 1, 1, 1, 1, 1, 0, 0, 'CONV', 1, 1, 0, 0),  latency: 1.8724571428571428
[2m[36m(CompileWorker pid=3439293)[0m  tensor (Large latency) dimensions: (1, 12288, 49152, 1, 1, 1, 1, 1, 1, 1, 0, 0, 'CONV', 1, 1, 0, 0),  latency: 8.987794285714285
[2m[36m(CompileWorker pid=3439284)[0m  tensor (Large latency) dimensions: (1, 1, 2048, 49152, 1, 1, 1, 1, 1, 1, 0, 0, 'CONV', 1, 1, 0, 0),  latency: 1.8724571428571428
[2m[36m(CompileWorker pid=3439284)[0m compiled for stage:11 name: stage_0_5_acc_grad_1 module id: 1
[2m[36m(CompileWorker pid=3439290)[0m  tensor (Large latency) dimensions: (1, 12288, 12288, 1, 1, 1, 1, 1, 1, 1, 0, 0, 'CONV', 1, 1, 0, 0),  latency: 2.2469485714285713
[2m[36m(CompileWorker pid=3439291)[0m  tensor (Large latency) dimensions: (1, 12288, 12288, 1, 1, 1, 1, 1, 1, 1, 0, 0, 'CONV', 1, 1, 0, 0),  latency: 2.2469485714285713
[2m[36m(CompileWorker pid=3439292)[0m  tensor (Large latency) dimensions: (1, 1, 2048, 49152, 1, 1, 1, 1, 1, 1, 0, 0, 'CONV', 1, 1, 0, 0),  latency: 1.8724571428571428
[2m[36m(CompileWorker pid=3439286)[0m  tensor (Large latency) dimensions: (1, 12288, 12288, 1, 1, 1, 1, 1, 1, 1, 0, 0, 'CONV', 1, 1, 0, 0),  latency: 2.2469485714285713
[2m[36m(CompileWorker pid=3439289)[0m  tensor (Large latency) dimensions: (1, 12288, 12288, 1, 1, 1, 1, 1, 1, 1, 0, 0, 'CONV', 1, 1, 0, 0),  latency: 2.2469485714285713
[2m[36m(CompileWorker pid=3439288)[0m  tensor (Large latency) dimensions: (1, 12288, 12288, 1, 1, 1, 1, 1, 1, 1, 0, 0, 'CONV', 1, 1, 0, 0),  latency: 2.2469485714285713
[2m[36m(CompileWorker pid=3439293)[0m  tensor (Large latency) dimensions: (1, 1, 2048, 49152, 1, 1, 1, 1, 1, 1, 0, 0, 'CONV', 1, 1, 0, 0),  latency: 1.8724571428571428
[2m[36m(CompileWorker pid=3439295)[0m  tensor (Large latency) dimensions: (1, 12288, 49152, 1, 1, 1, 1, 1, 1, 1, 0, 0, 'CONV', 1, 1, 0, 0),  latency: 8.987794285714285
[2m[36m(CompileWorker pid=3439287)[0m  tensor (Large latency) dimensions: (1, 12288, 12288, 1, 1, 1, 1, 1, 1, 1, 0, 0, 'CONV', 1, 1, 0, 0),  latency: 2.2469485714285713
[2m[36m(CompileWorker pid=3439294)[0m  tensor (Large latency) dimensions: (1, 49152, 12288, 1, 1, 1, 1, 1, 1, 1, 0, 0, 'CONV', 1, 1, 0, 0),  latency: 8.987794285714285
[2m[36m(CompileWorker pid=3439285)[0m  tensor (Large latency) dimensions: (1, 12288, 12288, 1, 1, 1, 1, 1, 1, 1, 0, 0, 'CONV', 1, 1, 0, 0),  latency: 2.2469485714285713
[2m[36m(CompileWorker pid=3439284)[0m  tensor (Large latency) dimensions: (1, 12288, 12288, 1, 1, 1, 1, 1, 1, 1, 0, 0, 'CONV', 1, 1, 0, 0),  latency: 2.2469485714285713
[2m[36m(CompileWorker pid=3439293)[0m  tensor (Large latency) dimensions: (1, 49152, 12288, 1, 1, 1, 1, 1, 1, 1, 0, 0, 'CONV', 1, 1, 0, 0),  latency: 8.987794285714285
[2m[36m(CompileWorker pid=3439292)[0m  tensor (Large latency) dimensions: (1, 49152, 12288, 1, 1, 1, 1, 1, 1, 1, 0, 0, 'CONV', 1, 1, 0, 0),  latency: 8.987794285714285
[2m[36m(CompileWorker pid=3439295)[0m  tensor (Large latency) dimensions: (1, 1, 2048, 49152, 1, 1, 1, 1, 1, 1, 0, 0, 'CONV', 1, 1, 0, 0),  latency: 1.8724571428571428
[2m[36m(CompileWorker pid=3439294)[0m  tensor (Large latency) dimensions: (1, 12288, 12288, 1, 1, 1, 1, 1, 1, 1, 0, 0, 'CONV', 1, 1, 0, 0),  latency: 2.2469485714285713
[2m[36m(CompileWorker pid=3439293)[0m  tensor (Large latency) dimensions: (1, 12288, 12288, 1, 1, 1, 1, 1, 1, 1, 0, 0, 'CONV', 1, 1, 0, 0),  latency: 2.2469485714285713
[2m[36m(CompileWorker pid=3439295)[0m  tensor (Large latency) dimensions: (1, 49152, 12288, 1, 1, 1, 1, 1, 1, 1, 0, 0, 'CONV', 1, 1, 0, 0),  latency: 8.987794285714285
[2m[36m(CompileWorker pid=3439292)[0m  tensor (Large latency) dimensions: (1, 12288, 12288, 1, 1, 1, 1, 1, 1, 1, 0, 0, 'CONV', 1, 1, 0, 0),  latency: 2.2469485714285713
[2m[36m(CompileWorker pid=3439295)[0m  tensor (Large latency) dimensions: (1, 12288, 12288, 1, 1, 1, 1, 1, 1, 1, 0, 0, 'CONV', 1, 1, 0, 0),  latency: 2.2469485714285713
[2m[36m(CompileWorker pid=3439288)[0m  tensor (Large latency) dimensions: (1, 36864, 12288, 1, 1, 1, 1, 1, 1, 1, 0, 0, 'CONV', 1, 1, 0, 0),  latency: 6.740845714285714
[2m[36m(CompileWorker pid=3439290)[0m  tensor (Large latency) dimensions: (1, 36864, 12288, 1, 1, 1, 1, 1, 1, 1, 0, 0, 'CONV', 1, 1, 0, 0),  latency: 6.740845714285714
[2m[36m(CompileWorker pid=3439291)[0m  tensor (Large latency) dimensions: (1, 36864, 12288, 1, 1, 1, 1, 1, 1, 1, 0, 0, 'CONV', 1, 1, 0, 0),  latency: 6.740845714285714
[2m[36m(CompileWorker pid=3439286)[0m  tensor (Large latency) dimensions: (1, 36864, 12288, 1, 1, 1, 1, 1, 1, 1, 0, 0, 'CONV', 1, 1, 0, 0),  latency: 6.740845714285714
[2m[36m(CompileWorker pid=3439285)[0m  tensor (Large latency) dimensions: (1, 36864, 12288, 1, 1, 1, 1, 1, 1, 1, 0, 0, 'CONV', 1, 1, 0, 0),  latency: 6.740845714285714
[2m[36m(CompileWorker pid=3439289)[0m  tensor (Large latency) dimensions: (1, 36864, 12288, 1, 1, 1, 1, 1, 1, 1, 0, 0, 'CONV', 1, 1, 0, 0),  latency: 6.740845714285714
[2m[36m(CompileWorker pid=3439287)[0m  tensor (Large latency) dimensions: (1, 36864, 12288, 1, 1, 1, 1, 1, 1, 1, 0, 0, 'CONV', 1, 1, 0, 0),  latency: 6.740845714285714
[2m[36m(CompileWorker pid=3439284)[0m  tensor (Large latency) dimensions: (1, 36864, 12288, 1, 1, 1, 1, 1, 1, 1, 0, 0, 'CONV', 1, 1, 0, 0),  latency: 6.740845714285714
[2m[36m(CompileWorker pid=3439294)[0m  tensor (Large latency) dimensions: (1, 36864, 12288, 1, 1, 1, 1, 1, 1, 1, 0, 0, 'CONV', 1, 1, 0, 0),  latency: 6.740845714285714
[2m[36m(CompileWorker pid=3439290)[0m  tensor (Large latency) dimensions: (1, 12288, 49152, 1, 1, 1, 1, 1, 1, 1, 0, 0, 'CONV', 1, 1, 0, 0),  latency: 8.987794285714285
[2m[36m(CompileWorker pid=3439286)[0m  tensor (Large latency) dimensions: (1, 12288, 49152, 1, 1, 1, 1, 1, 1, 1, 0, 0, 'CONV', 1, 1, 0, 0),  latency: 8.987794285714285
[2m[36m(CompileWorker pid=3439288)[0m  tensor (Large latency) dimensions: (1, 12288, 49152, 1, 1, 1, 1, 1, 1, 1, 0, 0, 'CONV', 1, 1, 0, 0),  latency: 8.987794285714285
[2m[36m(CompileWorker pid=3439293)[0m  tensor (Large latency) dimensions: (1, 36864, 12288, 1, 1, 1, 1, 1, 1, 1, 0, 0, 'CONV', 1, 1, 0, 0),  latency: 6.740845714285714
[2m[36m(CompileWorker pid=3439289)[0m  tensor (Large latency) dimensions: (1, 12288, 49152, 1, 1, 1, 1, 1, 1, 1, 0, 0, 'CONV', 1, 1, 0, 0),  latency: 8.987794285714285
[2m[36m(CompileWorker pid=3439285)[0m  tensor (Large latency) dimensions: (1, 12288, 49152, 1, 1, 1, 1, 1, 1, 1, 0, 0, 'CONV', 1, 1, 0, 0),  latency: 8.987794285714285
[2m[36m(CompileWorker pid=3439291)[0m  tensor (Large latency) dimensions: (1, 12288, 49152, 1, 1, 1, 1, 1, 1, 1, 0, 0, 'CONV', 1, 1, 0, 0),  latency: 8.987794285714285
[2m[36m(CompileWorker pid=3439290)[0m  tensor (Large latency) dimensions: (1, 1, 2048, 49152, 1, 1, 1, 1, 1, 1, 0, 0, 'CONV', 1, 1, 0, 0),  latency: 1.8724571428571428
[2m[36m(CompileWorker pid=3439292)[0m  tensor (Large latency) dimensions: (1, 36864, 12288, 1, 1, 1, 1, 1, 1, 1, 0, 0, 'CONV', 1, 1, 0, 0),  latency: 6.740845714285714
[2m[36m(CompileWorker pid=3439287)[0m  tensor (Large latency) dimensions: (1, 12288, 49152, 1, 1, 1, 1, 1, 1, 1, 0, 0, 'CONV', 1, 1, 0, 0),  latency: 8.987794285714285
[2m[36m(CompileWorker pid=3439286)[0m  tensor (Large latency) dimensions: (1, 1, 2048, 49152, 1, 1, 1, 1, 1, 1, 0, 0, 'CONV', 1, 1, 0, 0),  latency: 1.8724571428571428
[2m[36m(CompileWorker pid=3439288)[0m  tensor (Large latency) dimensions: (1, 1, 2048, 49152, 1, 1, 1, 1, 1, 1, 0, 0, 'CONV', 1, 1, 0, 0),  latency: 1.8724571428571428
[2m[36m(CompileWorker pid=3439284)[0m  tensor (Large latency) dimensions: (1, 12288, 49152, 1, 1, 1, 1, 1, 1, 1, 0, 0, 'CONV', 1, 1, 0, 0),  latency: 8.987794285714285
[2m[36m(CompileWorker pid=3439285)[0m  tensor (Large latency) dimensions: (1, 1, 2048, 49152, 1, 1, 1, 1, 1, 1, 0, 0, 'CONV', 1, 1, 0, 0),  latency: 1.8724571428571428
[2m[36m(CompileWorker pid=3439289)[0m  tensor (Large latency) dimensions: (1, 1, 2048, 49152, 1, 1, 1, 1, 1, 1, 0, 0, 'CONV', 1, 1, 0, 0),  latency: 1.8724571428571428
[2m[36m(CompileWorker pid=3439291)[0m  tensor (Large latency) dimensions: (1, 1, 2048, 49152, 1, 1, 1, 1, 1, 1, 0, 0, 'CONV', 1, 1, 0, 0),  latency: 1.8724571428571428
[2m[36m(CompileWorker pid=3439287)[0m  tensor (Large latency) dimensions: (1, 1, 2048, 49152, 1, 1, 1, 1, 1, 1, 0, 0, 'CONV', 1, 1, 0, 0),  latency: 1.8724571428571428
[2m[36m(CompileWorker pid=3439284)[0m  tensor (Large latency) dimensions: (1, 1, 2048, 49152, 1, 1, 1, 1, 1, 1, 0, 0, 'CONV', 1, 1, 0, 0),  latency: 1.8724571428571428
[2m[36m(CompileWorker pid=3439290)[0m  tensor (Large latency) dimensions: (1, 49152, 12288, 1, 1, 1, 1, 1, 1, 1, 0, 0, 'CONV', 1, 1, 0, 0),  latency: 8.987794285714285
[2m[36m(CompileWorker pid=3439286)[0m  tensor (Large latency) dimensions: (1, 49152, 12288, 1, 1, 1, 1, 1, 1, 1, 0, 0, 'CONV', 1, 1, 0, 0),  latency: 8.987794285714285
[2m[36m(CompileWorker pid=3439289)[0m  tensor (Large latency) dimensions: (1, 49152, 12288, 1, 1, 1, 1, 1, 1, 1, 0, 0, 'CONV', 1, 1, 0, 0),  latency: 8.987794285714285
[2m[36m(CompileWorker pid=3439291)[0m  tensor (Large latency) dimensions: (1, 49152, 12288, 1, 1, 1, 1, 1, 1, 1, 0, 0, 'CONV', 1, 1, 0, 0),  latency: 8.987794285714285
[2m[36m(CompileWorker pid=3439288)[0m  tensor (Large latency) dimensions: (1, 49152, 12288, 1, 1, 1, 1, 1, 1, 1, 0, 0, 'CONV', 1, 1, 0, 0),  latency: 8.987794285714285
[2m[36m(CompileWorker pid=3439285)[0m  tensor (Large latency) dimensions: (1, 49152, 12288, 1, 1, 1, 1, 1, 1, 1, 0, 0, 'CONV', 1, 1, 0, 0),  latency: 8.987794285714285
[2m[36m(CompileWorker pid=3439287)[0m  tensor (Large latency) dimensions: (1, 49152, 12288, 1, 1, 1, 1, 1, 1, 1, 0, 0, 'CONV', 1, 1, 0, 0),  latency: 8.987794285714285
[2m[36m(CompileWorker pid=3439294)[0m compiled for stage:12 name: stage_0_6_acc_grad_0 module id: 0
[2m[36m(CompileWorker pid=3439295)[0m  tensor (Large latency) dimensions: (1, 36864, 12288, 1, 1, 1, 1, 1, 1, 1, 0, 0, 'CONV', 1, 1, 0, 0),  latency: 6.740845714285714
[2m[36m(CompileWorker pid=3439294)[0m compiled for stage:12 name: stage_0_6_acc_grad_1 module id: 1
[2m[36m(CompileWorker pid=3439293)[0m compiled for stage:13 name: stage_0_6_acc_grad_0 module id: 0
[2m[36m(CompileWorker pid=3439284)[0m  tensor (Large latency) dimensions: (1, 49152, 12288, 1, 1, 1, 1, 1, 1, 1, 0, 0, 'CONV', 1, 1, 0, 0),  latency: 8.987794285714285
[2m[36m(CompileWorker pid=3439293)[0m compiled for stage:13 name: stage_0_6_acc_grad_1 module id: 1
[2m[36m(CompileWorker pid=3439292)[0m compiled for stage:14 name: stage_0_7_acc_grad_0 module id: 0
[2m[36m(CompileWorker pid=3439292)[0m compiled for stage:14 name: stage_0_7_acc_grad_1 module id: 1
[2m[36m(CompileWorker pid=3439294)[0m compiled for stage:15 name: stage_0_7_acc_grad_0 module id: 0
[2m[36m(CompileWorker pid=3439294)[0m compiled for stage:15 name: stage_0_7_acc_grad_1 module id: 1
[2m[36m(CompileWorker pid=3439289)[0m compiled for stage:16 name: stage_0_8_acc_grad_0 module id: 0
[2m[36m(CompileWorker pid=3439290)[0m compiled for stage:17 name: stage_0_8_acc_grad_0 module id: 0
[2m[36m(CompileWorker pid=3439289)[0m compiled for stage:16 name: stage_0_8_acc_grad_1 module id: 1
[2m[36m(CompileWorker pid=3439290)[0m compiled for stage:17 name: stage_0_8_acc_grad_1 module id: 1
[2m[36m(CompileWorker pid=3439288)[0m compiled for stage:18 name: stage_0_9_acc_grad_0 module id: 0
[2m[36m(CompileWorker pid=3439288)[0m compiled for stage:18 name: stage_0_9_acc_grad_1 module id: 1
[2m[36m(CompileWorker pid=3439295)[0m compiled for stage:19 name: stage_0_9_acc_grad_0 module id: 0
[2m[36m(CompileWorker pid=3439295)[0m compiled for stage:19 name: stage_0_9_acc_grad_1 module id: 1
[2m[36m(CompileWorker pid=3439284)[0m compiled for stage:20 name: stage_0_10_acc_grad_0 module id: 0
[2m[36m(CompileWorker pid=3439284)[0m compiled for stage:20 name: stage_0_10_acc_grad_1 module id: 1
[2m[36m(CompileWorker pid=3439286)[0m compiled for stage:21 name: stage_0_10_acc_grad_0 module id: 0
[2m[36m(CompileWorker pid=3439286)[0m compiled for stage:21 name: stage_0_10_acc_grad_1 module id: 1
[2m[36m(CompileWorker pid=3439287)[0m compiled for stage:24 name: stage_1_1_acc_grad_0 module id: 0
[2m[36m(CompileWorker pid=3439287)[0m compiled for stage:24 name: stage_1_1_acc_grad_1 module id: 1
[2m[36m(CompileWorker pid=3439294)[0m compiled for stage:22 name: stage_0_11_acc_grad_0 module id: 0
[2m[36m(CompileWorker pid=3439292)[0m compiled for stage:25 name: stage_1_1_acc_grad_0 module id: 0
[2m[36m(CompileWorker pid=3439292)[0m compiled for stage:25 name: stage_1_1_acc_grad_1 module id: 1
[2m[36m(CompileWorker pid=3439294)[0m compiled for stage:22 name: stage_0_11_acc_grad_1 module id: 1
[2m[36m(CompileWorker pid=3439286)[0m compiled for stage:26 name: stage_1_2_acc_grad_0 module id: 0
[2m[36m(CompileWorker pid=3439286)[0m compiled for stage:26 name: stage_1_2_acc_grad_1 module id: 1
[2m[36m(CompileWorker pid=3439291)[0m compiled for stage:23 name: stage_0_11_acc_grad_0 module id: 0
[2m[36m(CompileWorker pid=3439287)[0m compiled for stage:27 name: stage_1_2_acc_grad_0 module id: 0
[2m[36m(CompileWorker pid=3439291)[0m compiled for stage:23 name: stage_0_11_acc_grad_1 module id: 1
[2m[36m(CompileWorker pid=3439287)[0m compiled for stage:27 name: stage_1_2_acc_grad_1 module id: 1
[2m[36m(CompileWorker pid=3439285)[0m compiled for stage:28 name: stage_1_3_acc_grad_0 module id: 0
[2m[36m(CompileWorker pid=3439285)[0m compiled for stage:28 name: stage_1_3_acc_grad_1 module id: 1
[2m[36m(CompileWorker pid=3439289)[0m compiled for stage:29 name: stage_1_3_acc_grad_0 module id: 0
[2m[36m(CompileWorker pid=3439289)[0m compiled for stage:29 name: stage_1_3_acc_grad_1 module id: 1
[2m[36m(CompileWorker pid=3439287)[0m compiled for stage:30 name: stage_1_4_acc_grad_0 module id: 0
[2m[36m(CompileWorker pid=3439287)[0m compiled for stage:30 name: stage_1_4_acc_grad_1 module id: 1
[2m[36m(CompileWorker pid=3439295)[0m compiled for stage:31 name: stage_1_4_acc_grad_0 module id: 0
[2m[36m(CompileWorker pid=3439295)[0m compiled for stage:31 name: stage_1_4_acc_grad_1 module id: 1
[2m[36m(CompileWorker pid=3439290)[0m compiled for stage:32 name: stage_1_5_acc_grad_0 module id: 0
[2m[36m(CompileWorker pid=3439290)[0m compiled for stage:32 name: stage_1_5_acc_grad_1 module id: 1
[2m[36m(CompileWorker pid=3439294)[0m compiled for stage:33 name: stage_1_5_acc_grad_0 module id: 0
[2m[36m(CompileWorker pid=3439294)[0m compiled for stage:33 name: stage_1_5_acc_grad_1 module id: 1
[2m[36m(CompileWorker pid=3439293)[0m compiled for stage:34 name: stage_1_6_acc_grad_0 module id: 0
[2m[36m(CompileWorker pid=3439293)[0m compiled for stage:34 name: stage_1_6_acc_grad_1 module id: 1
[2m[36m(CompileWorker pid=3439284)[0m compiled for stage:35 name: stage_1_6_acc_grad_0 module id: 0
[2m[36m(CompileWorker pid=3439284)[0m compiled for stage:35 name: stage_1_6_acc_grad_1 module id: 1
[2m[36m(CompileWorker pid=3439291)[0m compiled for stage:36 name: stage_1_7_acc_grad_0 module id: 0
[2m[36m(CompileWorker pid=3439291)[0m compiled for stage:36 name: stage_1_7_acc_grad_1 module id: 1
[2m[36m(CompileWorker pid=3439285)[0m compiled for stage:37 name: stage_1_7_acc_grad_0 module id: 0
[2m[36m(CompileWorker pid=3439285)[0m compiled for stage:37 name: stage_1_7_acc_grad_1 module id: 1
[2m[36m(CompileWorker pid=3439292)[0m compiled for stage:38 name: stage_1_8_acc_grad_0 module id: 0
[2m[36m(CompileWorker pid=3439292)[0m compiled for stage:38 name: stage_1_8_acc_grad_1 module id: 1
[2m[36m(CompileWorker pid=3439295)[0m compiled for stage:39 name: stage_1_8_acc_grad_0 module id: 0
[2m[36m(CompileWorker pid=3439295)[0m compiled for stage:39 name: stage_1_8_acc_grad_1 module id: 1
[2m[36m(CompileWorker pid=3439286)[0m compiled for stage:40 name: stage_1_9_acc_grad_0 module id: 0
[2m[36m(CompileWorker pid=3439286)[0m compiled for stage:40 name: stage_1_9_acc_grad_1 module id: 1
[2m[36m(CompileWorker pid=3439288)[0m compiled for stage:41 name: stage_1_9_acc_grad_0 module id: 0
[2m[36m(CompileWorker pid=3439288)[0m compiled for stage:41 name: stage_1_9_acc_grad_1 module id: 1
[2m[36m(CompileWorker pid=3439284)[0m compiled for stage:42 name: stage_1_10_acc_grad_0 module id: 0
[2m[36m(CompileWorker pid=3439284)[0m compiled for stage:42 name: stage_1_10_acc_grad_1 module id: 1
[2m[36m(CompileWorker pid=3439289)[0m compiled for stage:43 name: stage_1_10_acc_grad_0 module id: 0
[2m[36m(CompileWorker pid=3439289)[0m compiled for stage:43 name: stage_1_10_acc_grad_1 module id: 1
[2m[36m(CompileWorker pid=3439285)[0m compiled for stage:46 name: stage_2_2_acc_grad_0 module id: 0
[2m[36m(CompileWorker pid=3439285)[0m compiled for stage:46 name: stage_2_2_acc_grad_1 module id: 1
[2m[36m(CompileWorker pid=3439292)[0m compiled for stage:47 name: stage_2_2_acc_grad_0 module id: 0
[2m[36m(CompileWorker pid=3439287)[0m compiled for stage:44 name: stage_1_11_acc_grad_0 module id: 0
[2m[36m(CompileWorker pid=3439292)[0m compiled for stage:47 name: stage_2_2_acc_grad_1 module id: 1
[2m[36m(CompileWorker pid=3439287)[0m compiled for stage:44 name: stage_1_11_acc_grad_1 module id: 1
[2m[36m(CompileWorker pid=3439290)[0m compiled for stage:45 name: stage_1_11_acc_grad_0 module id: 0
[2m[36m(CompileWorker pid=3439295)[0m compiled for stage:48 name: stage_2_3_acc_grad_0 module id: 0
[2m[36m(CompileWorker pid=3439295)[0m compiled for stage:48 name: stage_2_3_acc_grad_1 module id: 1
[2m[36m(CompileWorker pid=3439290)[0m compiled for stage:45 name: stage_1_11_acc_grad_1 module id: 1
[2m[36m(CompileWorker pid=3439293)[0m compiled for stage:49 name: stage_2_3_acc_grad_0 module id: 0
[2m[36m(CompileWorker pid=3439293)[0m compiled for stage:49 name: stage_2_3_acc_grad_1 module id: 1
[2m[36m(CompileWorker pid=3439291)[0m compiled for stage:50 name: stage_2_4_acc_grad_0 module id: 0
[2m[36m(CompileWorker pid=3439291)[0m compiled for stage:50 name: stage_2_4_acc_grad_1 module id: 1
[2m[36m(CompileWorker pid=3439284)[0m compiled for stage:51 name: stage_2_4_acc_grad_0 module id: 0
[2m[36m(CompileWorker pid=3439284)[0m compiled for stage:51 name: stage_2_4_acc_grad_1 module id: 1
[2m[36m(CompileWorker pid=3439293)[0m compiled for stage:52 name: stage_2_5_acc_grad_0 module id: 0
[2m[36m(CompileWorker pid=3439293)[0m compiled for stage:52 name: stage_2_5_acc_grad_1 module id: 1
[2m[36m(CompileWorker pid=3439285)[0m compiled for stage:53 name: stage_2_5_acc_grad_0 module id: 0
[2m[36m(CompileWorker pid=3439285)[0m compiled for stage:53 name: stage_2_5_acc_grad_1 module id: 1
[2m[36m(CompileWorker pid=3439291)[0m compiled for stage:54 name: stage_2_6_acc_grad_0 module id: 0
[2m[36m(CompileWorker pid=3439291)[0m compiled for stage:54 name: stage_2_6_acc_grad_1 module id: 1
[2m[36m(CompileWorker pid=3439288)[0m compiled for stage:55 name: stage_2_6_acc_grad_0 module id: 0
[2m[36m(CompileWorker pid=3439288)[0m compiled for stage:55 name: stage_2_6_acc_grad_1 module id: 1
[2m[36m(CompileWorker pid=3439285)[0m compiled for stage:56 name: stage_2_7_acc_grad_0 module id: 0
[2m[36m(CompileWorker pid=3439285)[0m compiled for stage:56 name: stage_2_7_acc_grad_1 module id: 1
[2m[36m(CompileWorker pid=3439294)[0m compiled for stage:57 name: stage_2_7_acc_grad_0 module id: 0
[2m[36m(CompileWorker pid=3439294)[0m compiled for stage:57 name: stage_2_7_acc_grad_1 module id: 1
[2m[36m(CompileWorker pid=3439289)[0m compiled for stage:58 name: stage_2_8_acc_grad_0 module id: 0
[2m[36m(CompileWorker pid=3439289)[0m compiled for stage:58 name: stage_2_8_acc_grad_1 module id: 1
[2m[36m(CompileWorker pid=3439284)[0m compiled for stage:59 name: stage_2_8_acc_grad_0 module id: 0
[2m[36m(CompileWorker pid=3439284)[0m compiled for stage:59 name: stage_2_8_acc_grad_1 module id: 1
[2m[36m(CompileWorker pid=3439295)[0m compiled for stage:60 name: stage_2_9_acc_grad_0 module id: 0
[2m[36m(CompileWorker pid=3439295)[0m compiled for stage:60 name: stage_2_9_acc_grad_1 module id: 1
[2m[36m(CompileWorker pid=3439294)[0m compiled for stage:61 name: stage_2_9_acc_grad_0 module id: 0
[2m[36m(CompileWorker pid=3439294)[0m compiled for stage:61 name: stage_2_9_acc_grad_1 module id: 1
[2m[36m(CompileWorker pid=3439293)[0m compiled for stage:62 name: stage_2_10_acc_grad_0 module id: 0
[2m[36m(CompileWorker pid=3439293)[0m compiled for stage:62 name: stage_2_10_acc_grad_1 module id: 1
[2m[36m(CompileWorker pid=3439289)[0m compiled for stage:63 name: stage_2_10_acc_grad_0 module id: 0
[2m[36m(CompileWorker pid=3439290)[0m compiled for stage:66 name: stage_3_3_acc_grad_0 module id: 0
[2m[36m(CompileWorker pid=3439289)[0m compiled for stage:63 name: stage_2_10_acc_grad_1 module id: 1
[2m[36m(CompileWorker pid=3439290)[0m compiled for stage:66 name: stage_3_3_acc_grad_1 module id: 1
[2m[36m(CompileWorker pid=3439287)[0m compiled for stage:64 name: stage_2_11_acc_grad_0 module id: 0
[2m[36m(CompileWorker pid=3439285)[0m compiled for stage:67 name: stage_3_3_acc_grad_0 module id: 0
[2m[36m(CompileWorker pid=3439285)[0m compiled for stage:67 name: stage_3_3_acc_grad_1 module id: 1
[2m[36m(CompileWorker pid=3439287)[0m compiled for stage:64 name: stage_2_11_acc_grad_1 module id: 1
[2m[36m(CompileWorker pid=3439288)[0m compiled for stage:65 name: stage_2_11_acc_grad_0 module id: 0
[2m[36m(CompileWorker pid=3439293)[0m compiled for stage:68 name: stage_3_4_acc_grad_0 module id: 0
[2m[36m(CompileWorker pid=3439293)[0m compiled for stage:68 name: stage_3_4_acc_grad_1 module id: 1
[2m[36m(CompileWorker pid=3439292)[0m compiled for stage:69 name: stage_3_4_acc_grad_0 module id: 0
[2m[36m(CompileWorker pid=3439292)[0m compiled for stage:69 name: stage_3_4_acc_grad_1 module id: 1
[2m[36m(CompileWorker pid=3439288)[0m compiled for stage:65 name: stage_2_11_acc_grad_1 module id: 1
[2m[36m(CompileWorker pid=3439290)[0m compiled for stage:70 name: stage_3_5_acc_grad_0 module id: 0
[2m[36m(CompileWorker pid=3439290)[0m compiled for stage:70 name: stage_3_5_acc_grad_1 module id: 1
[2m[36m(CompileWorker pid=3439291)[0m compiled for stage:71 name: stage_3_5_acc_grad_0 module id: 0
[2m[36m(CompileWorker pid=3439291)[0m compiled for stage:71 name: stage_3_5_acc_grad_1 module id: 1
[2m[36m(CompileWorker pid=3439292)[0m compiled for stage:72 name: stage_3_6_acc_grad_0 module id: 0
[2m[36m(CompileWorker pid=3439292)[0m compiled for stage:72 name: stage_3_6_acc_grad_1 module id: 1
[2m[36m(CompileWorker pid=3439286)[0m compiled for stage:73 name: stage_3_6_acc_grad_0 module id: 0
[2m[36m(CompileWorker pid=3439286)[0m compiled for stage:73 name: stage_3_6_acc_grad_1 module id: 1
[2m[36m(CompileWorker pid=3439293)[0m compiled for stage:74 name: stage_3_7_acc_grad_0 module id: 0
[2m[36m(CompileWorker pid=3439293)[0m compiled for stage:74 name: stage_3_7_acc_grad_1 module id: 1
[2m[36m(CompileWorker pid=3439290)[0m compiled for stage:75 name: stage_3_7_acc_grad_0 module id: 0
[2m[36m(CompileWorker pid=3439290)[0m compiled for stage:75 name: stage_3_7_acc_grad_1 module id: 1
[2m[36m(CompileWorker pid=3439285)[0m compiled for stage:76 name: stage_3_8_acc_grad_0 module id: 0
[2m[36m(CompileWorker pid=3439285)[0m compiled for stage:76 name: stage_3_8_acc_grad_1 module id: 1
[2m[36m(CompileWorker pid=3439291)[0m compiled for stage:77 name: stage_3_8_acc_grad_0 module id: 0
[2m[36m(CompileWorker pid=3439291)[0m compiled for stage:77 name: stage_3_8_acc_grad_1 module id: 1
[2m[36m(CompileWorker pid=3439289)[0m compiled for stage:78 name: stage_3_9_acc_grad_0 module id: 0
[2m[36m(CompileWorker pid=3439289)[0m compiled for stage:78 name: stage_3_9_acc_grad_1 module id: 1
[2m[36m(CompileWorker pid=3439284)[0m compiled for stage:79 name: stage_3_9_acc_grad_0 module id: 0
[2m[36m(CompileWorker pid=3439284)[0m compiled for stage:79 name: stage_3_9_acc_grad_1 module id: 1
[2m[36m(CompileWorker pid=3439294)[0m compiled for stage:80 name: stage_3_10_acc_grad_0 module id: 0
[2m[36m(CompileWorker pid=3439294)[0m compiled for stage:80 name: stage_3_10_acc_grad_1 module id: 1
[2m[36m(CompileWorker pid=3439295)[0m compiled for stage:81 name: stage_3_10_acc_grad_0 module id: 0
[2m[36m(CompileWorker pid=3439295)[0m compiled for stage:81 name: stage_3_10_acc_grad_1 module id: 1
[2m[36m(CompileWorker pid=3439292)[0m compiled for stage:84 name: stage_4_4_acc_grad_0 module id: 0
[2m[36m(CompileWorker pid=3439292)[0m compiled for stage:84 name: stage_4_4_acc_grad_1 module id: 1
[2m[36m(CompileWorker pid=3439288)[0m compiled for stage:85 name: stage_4_4_acc_grad_0 module id: 0
[2m[36m(CompileWorker pid=3439288)[0m compiled for stage:85 name: stage_4_4_acc_grad_1 module id: 1
[2m[36m(CompileWorker pid=3439289)[0m compiled for stage:82 name: stage_3_11_acc_grad_0 module id: 0
[2m[36m(CompileWorker pid=3439289)[0m compiled for stage:82 name: stage_3_11_acc_grad_1 module id: 1
[2m[36m(CompileWorker pid=3439293)[0m compiled for stage:83 name: stage_3_11_acc_grad_0 module id: 0
[2m[36m(CompileWorker pid=3439294)[0m compiled for stage:86 name: stage_4_5_acc_grad_0 module id: 0
[2m[36m(CompileWorker pid=3439294)[0m compiled for stage:86 name: stage_4_5_acc_grad_1 module id: 1
[2m[36m(CompileWorker pid=3439293)[0m compiled for stage:83 name: stage_3_11_acc_grad_1 module id: 1
[2m[36m(CompileWorker pid=3439290)[0m compiled for stage:87 name: stage_4_5_acc_grad_0 module id: 0
[2m[36m(CompileWorker pid=3439290)[0m compiled for stage:87 name: stage_4_5_acc_grad_1 module id: 1
[2m[36m(CompileWorker pid=3439287)[0m compiled for stage:88 name: stage_4_6_acc_grad_0 module id: 0
[2m[36m(CompileWorker pid=3439287)[0m compiled for stage:88 name: stage_4_6_acc_grad_1 module id: 1
[2m[36m(CompileWorker pid=3439286)[0m compiled for stage:89 name: stage_4_6_acc_grad_0 module id: 0
[2m[36m(CompileWorker pid=3439286)[0m compiled for stage:89 name: stage_4_6_acc_grad_1 module id: 1
[2m[36m(CompileWorker pid=3439290)[0m compiled for stage:90 name: stage_4_7_acc_grad_0 module id: 0
[2m[36m(CompileWorker pid=3439290)[0m compiled for stage:90 name: stage_4_7_acc_grad_1 module id: 1
[2m[36m(CompileWorker pid=3439291)[0m compiled for stage:91 name: stage_4_7_acc_grad_0 module id: 0
[2m[36m(CompileWorker pid=3439291)[0m compiled for stage:91 name: stage_4_7_acc_grad_1 module id: 1
[2m[36m(CompileWorker pid=3439285)[0m compiled for stage:92 name: stage_4_8_acc_grad_0 module id: 0
[2m[36m(CompileWorker pid=3439285)[0m compiled for stage:92 name: stage_4_8_acc_grad_1 module id: 1
[2m[36m(CompileWorker pid=3439289)[0m compiled for stage:93 name: stage_4_8_acc_grad_0 module id: 0
[2m[36m(CompileWorker pid=3439288)[0m compiled for stage:94 name: stage_4_9_acc_grad_0 module id: 0
[2m[36m(CompileWorker pid=3439289)[0m compiled for stage:93 name: stage_4_8_acc_grad_1 module id: 1
[2m[36m(CompileWorker pid=3439288)[0m compiled for stage:94 name: stage_4_9_acc_grad_1 module id: 1
[2m[36m(CompileWorker pid=3439284)[0m compiled for stage:95 name: stage_4_9_acc_grad_0 module id: 0
[2m[36m(CompileWorker pid=3439284)[0m compiled for stage:95 name: stage_4_9_acc_grad_1 module id: 1
[2m[36m(CompileWorker pid=3439286)[0m compiled for stage:96 name: stage_4_10_acc_grad_0 module id: 0
[2m[36m(CompileWorker pid=3439286)[0m compiled for stage:96 name: stage_4_10_acc_grad_1 module id: 1
[2m[36m(CompileWorker pid=3439293)[0m compiled for stage:97 name: stage_4_10_acc_grad_0 module id: 0
[2m[36m(CompileWorker pid=3439293)[0m compiled for stage:97 name: stage_4_10_acc_grad_1 module id: 1
[2m[36m(CompileWorker pid=3439290)[0m compiled for stage:101 name: stage_5_5_acc_grad_0 module id: 0
[2m[36m(CompileWorker pid=3439291)[0m compiled for stage:100 name: stage_5_5_acc_grad_0 module id: 0
[2m[36m(CompileWorker pid=3439291)[0m compiled for stage:100 name: stage_5_5_acc_grad_1 module id: 1
[2m[36m(CompileWorker pid=3439290)[0m compiled for stage:101 name: stage_5_5_acc_grad_1 module id: 1
[2m[36m(CompileWorker pid=3439294)[0m compiled for stage:98 name: stage_4_11_acc_grad_0 module id: 0
[2m[36m(CompileWorker pid=3439292)[0m compiled for stage:99 name: stage_4_11_acc_grad_0 module id: 0
[2m[36m(CompileWorker pid=3439285)[0m compiled for stage:102 name: stage_5_6_acc_grad_0 module id: 0
[2m[36m(CompileWorker pid=3439285)[0m compiled for stage:102 name: stage_5_6_acc_grad_1 module id: 1
[2m[36m(CompileWorker pid=3439288)[0m compiled for stage:103 name: stage_5_6_acc_grad_0 module id: 0
[2m[36m(CompileWorker pid=3439288)[0m compiled for stage:103 name: stage_5_6_acc_grad_1 module id: 1
[2m[36m(CompileWorker pid=3439294)[0m compiled for stage:98 name: stage_4_11_acc_grad_1 module id: 1
[2m[36m(CompileWorker pid=3439292)[0m compiled for stage:99 name: stage_4_11_acc_grad_1 module id: 1
[2m[36m(CompileWorker pid=3439291)[0m compiled for stage:104 name: stage_5_7_acc_grad_0 module id: 0
[2m[36m(CompileWorker pid=3439295)[0m compiled for stage:105 name: stage_5_7_acc_grad_0 module id: 0
[2m[36m(CompileWorker pid=3439291)[0m compiled for stage:104 name: stage_5_7_acc_grad_1 module id: 1
[2m[36m(CompileWorker pid=3439295)[0m compiled for stage:105 name: stage_5_7_acc_grad_1 module id: 1
[2m[36m(CompileWorker pid=3439287)[0m compiled for stage:106 name: stage_5_8_acc_grad_0 module id: 0
[2m[36m(CompileWorker pid=3439287)[0m compiled for stage:106 name: stage_5_8_acc_grad_1 module id: 1
[2m[36m(CompileWorker pid=3439284)[0m compiled for stage:107 name: stage_5_8_acc_grad_0 module id: 0
[2m[36m(CompileWorker pid=3439284)[0m compiled for stage:107 name: stage_5_8_acc_grad_1 module id: 1
[2m[36m(CompileWorker pid=3439294)[0m compiled for stage:108 name: stage_5_9_acc_grad_0 module id: 0
[2m[36m(CompileWorker pid=3439293)[0m compiled for stage:109 name: stage_5_9_acc_grad_0 module id: 0
[2m[36m(CompileWorker pid=3439294)[0m compiled for stage:108 name: stage_5_9_acc_grad_1 module id: 1
[2m[36m(CompileWorker pid=3439293)[0m compiled for stage:109 name: stage_5_9_acc_grad_1 module id: 1
[2m[36m(CompileWorker pid=3439286)[0m compiled for stage:110 name: stage_5_10_acc_grad_0 module id: 0
[2m[36m(CompileWorker pid=3439286)[0m compiled for stage:110 name: stage_5_10_acc_grad_1 module id: 1
[2m[36m(CompileWorker pid=3439292)[0m compiled for stage:111 name: stage_5_10_acc_grad_0 module id: 0
[2m[36m(CompileWorker pid=3439292)[0m compiled for stage:111 name: stage_5_10_acc_grad_1 module id: 1
[2m[36m(CompileWorker pid=3439293)[0m compiled for stage:114 name: stage_6_6_acc_grad_0 module id: 0
[2m[36m(CompileWorker pid=3439293)[0m compiled for stage:114 name: stage_6_6_acc_grad_1 module id: 1
[2m[36m(CompileWorker pid=3439285)[0m compiled for stage:112 name: stage_5_11_acc_grad_0 module id: 0
[2m[36m(CompileWorker pid=3439291)[0m compiled for stage:115 name: stage_6_6_acc_grad_0 module id: 0
[2m[36m(CompileWorker pid=3439291)[0m compiled for stage:115 name: stage_6_6_acc_grad_1 module id: 1
[2m[36m(CompileWorker pid=3439288)[0m compiled for stage:116 name: stage_6_7_acc_grad_0 module id: 0
[2m[36m(CompileWorker pid=3439288)[0m compiled for stage:116 name: stage_6_7_acc_grad_1 module id: 1
[2m[36m(CompileWorker pid=3439285)[0m compiled for stage:112 name: stage_5_11_acc_grad_1 module id: 1
[2m[36m(CompileWorker pid=3439290)[0m compiled for stage:113 name: stage_5_11_acc_grad_0 module id: 0
[2m[36m(CompileWorker pid=3439290)[0m compiled for stage:113 name: stage_5_11_acc_grad_1 module id: 1
[2m[36m(CompileWorker pid=3439286)[0m compiled for stage:117 name: stage_6_7_acc_grad_0 module id: 0
[2m[36m(CompileWorker pid=3439286)[0m compiled for stage:117 name: stage_6_7_acc_grad_1 module id: 1
[2m[36m(CompileWorker pid=3439289)[0m compiled for stage:118 name: stage_6_8_acc_grad_0 module id: 0
[2m[36m(CompileWorker pid=3439284)[0m compiled for stage:119 name: stage_6_8_acc_grad_0 module id: 0
[2m[36m(CompileWorker pid=3439289)[0m compiled for stage:118 name: stage_6_8_acc_grad_1 module id: 1
[2m[36m(CompileWorker pid=3439284)[0m compiled for stage:119 name: stage_6_8_acc_grad_1 module id: 1
[2m[36m(CompileWorker pid=3439286)[0m compiled for stage:120 name: stage_6_9_acc_grad_0 module id: 0
[2m[36m(CompileWorker pid=3439292)[0m compiled for stage:121 name: stage_6_9_acc_grad_0 module id: 0
[2m[36m(CompileWorker pid=3439286)[0m compiled for stage:120 name: stage_6_9_acc_grad_1 module id: 1
[2m[36m(CompileWorker pid=3439292)[0m compiled for stage:121 name: stage_6_9_acc_grad_1 module id: 1
[2m[36m(CompileWorker pid=3439295)[0m compiled for stage:122 name: stage_6_10_acc_grad_0 module id: 0
[2m[36m(CompileWorker pid=3439295)[0m compiled for stage:122 name: stage_6_10_acc_grad_1 module id: 1
[2m[36m(CompileWorker pid=3439287)[0m compiled for stage:123 name: stage_6_10_acc_grad_0 module id: 0
[2m[36m(CompileWorker pid=3439288)[0m compiled for stage:124 name: stage_6_11_acc_grad_0 module id: 0
[2m[36m(CompileWorker pid=3439287)[0m compiled for stage:123 name: stage_6_10_acc_grad_1 module id: 1
[2m[36m(CompileWorker pid=3439286)[0m compiled for stage:126 name: stage_7_7_acc_grad_0 module id: 0
[2m[36m(CompileWorker pid=3439286)[0m compiled for stage:126 name: stage_7_7_acc_grad_1 module id: 1
[2m[36m(CompileWorker pid=3439288)[0m compiled for stage:124 name: stage_6_11_acc_grad_1 module id: 1
[2m[36m(CompileWorker pid=3439294)[0m compiled for stage:127 name: stage_7_7_acc_grad_0 module id: 0
[2m[36m(CompileWorker pid=3439294)[0m compiled for stage:127 name: stage_7_7_acc_grad_1 module id: 1
[2m[36m(CompileWorker pid=3439290)[0m compiled for stage:125 name: stage_6_11_acc_grad_0 module id: 0
[2m[36m(CompileWorker pid=3439291)[0m compiled for stage:128 name: stage_7_8_acc_grad_0 module id: 0
[2m[36m(CompileWorker pid=3439291)[0m compiled for stage:128 name: stage_7_8_acc_grad_1 module id: 1
[2m[36m(CompileWorker pid=3439286)[0m compiled for stage:129 name: stage_7_8_acc_grad_0 module id: 0
[2m[36m(CompileWorker pid=3439290)[0m compiled for stage:125 name: stage_6_11_acc_grad_1 module id: 1
[2m[36m(CompileWorker pid=3439286)[0m compiled for stage:129 name: stage_7_8_acc_grad_1 module id: 1
[2m[36m(CompileWorker pid=3439292)[0m compiled for stage:130 name: stage_7_9_acc_grad_0 module id: 0
[2m[36m(CompileWorker pid=3439292)[0m compiled for stage:130 name: stage_7_9_acc_grad_1 module id: 1
[2m[36m(CompileWorker pid=3439289)[0m compiled for stage:131 name: stage_7_9_acc_grad_0 module id: 0
[2m[36m(CompileWorker pid=3439289)[0m compiled for stage:131 name: stage_7_9_acc_grad_1 module id: 1
[2m[36m(CompileWorker pid=3439293)[0m compiled for stage:132 name: stage_7_10_acc_grad_0 module id: 0
[2m[36m(CompileWorker pid=3439288)[0m compiled for stage:133 name: stage_7_10_acc_grad_0 module id: 0
[2m[36m(CompileWorker pid=3439288)[0m compiled for stage:133 name: stage_7_10_acc_grad_1 module id: 1
[2m[36m(CompileWorker pid=3439293)[0m compiled for stage:132 name: stage_7_10_acc_grad_1 module id: 1
[2m[36m(CompileWorker pid=3439292)[0m compiled for stage:137 name: stage_8_8_acc_grad_0 module id: 0
[2m[36m(CompileWorker pid=3439286)[0m compiled for stage:134 name: stage_7_11_acc_grad_0 module id: 0
[2m[36m(CompileWorker pid=3439294)[0m compiled for stage:136 name: stage_8_8_acc_grad_0 module id: 0
[2m[36m(CompileWorker pid=3439294)[0m compiled for stage:136 name: stage_8_8_acc_grad_1 module id: 1
[2m[36m(CompileWorker pid=3439292)[0m compiled for stage:137 name: stage_8_8_acc_grad_1 module id: 1
[2m[36m(CompileWorker pid=3439286)[0m compiled for stage:134 name: stage_7_11_acc_grad_1 module id: 1
[2m[36m(CompileWorker pid=3439284)[0m compiled for stage:135 name: stage_7_11_acc_grad_0 module id: 0
[2m[36m(CompileWorker pid=3439295)[0m compiled for stage:139 name: stage_8_9_acc_grad_0 module id: 0
[2m[36m(CompileWorker pid=3439285)[0m compiled for stage:138 name: stage_8_9_acc_grad_0 module id: 0
[2m[36m(CompileWorker pid=3439285)[0m compiled for stage:138 name: stage_8_9_acc_grad_1 module id: 1
[2m[36m(CompileWorker pid=3439284)[0m compiled for stage:135 name: stage_7_11_acc_grad_1 module id: 1
[2m[36m(CompileWorker pid=3439295)[0m compiled for stage:139 name: stage_8_9_acc_grad_1 module id: 1
[2m[36m(CompileWorker pid=3439290)[0m compiled for stage:140 name: stage_8_10_acc_grad_0 module id: 0
[2m[36m(CompileWorker pid=3439290)[0m compiled for stage:140 name: stage_8_10_acc_grad_1 module id: 1
[2m[36m(CompileWorker pid=3439289)[0m compiled for stage:141 name: stage_8_10_acc_grad_0 module id: 0
[2m[36m(CompileWorker pid=3439289)[0m compiled for stage:141 name: stage_8_10_acc_grad_1 module id: 1
[2m[36m(CompileWorker pid=3439288)[0m compiled for stage:145 name: stage_9_9_acc_grad_0 module id: 0
[2m[36m(CompileWorker pid=3439288)[0m compiled for stage:145 name: stage_9_9_acc_grad_1 module id: 1
[2m[36m(CompileWorker pid=3439285)[0m compiled for stage:144 name: stage_9_9_acc_grad_0 module id: 0
[2m[36m(CompileWorker pid=3439285)[0m compiled for stage:144 name: stage_9_9_acc_grad_1 module id: 1
[2m[36m(CompileWorker pid=3439287)[0m compiled for stage:142 name: stage_8_11_acc_grad_0 module id: 0
[2m[36m(CompileWorker pid=3439293)[0m compiled for stage:146 name: stage_9_10_acc_grad_0 module id: 0
[2m[36m(CompileWorker pid=3439287)[0m compiled for stage:142 name: stage_8_11_acc_grad_1 module id: 1
[2m[36m(CompileWorker pid=3439294)[0m compiled for stage:143 name: stage_8_11_acc_grad_0 module id: 0
[2m[36m(CompileWorker pid=3439294)[0m compiled for stage:143 name: stage_8_11_acc_grad_1 module id: 1
[2m[36m(CompileWorker pid=3439295)[0m compiled for stage:147 name: stage_9_10_acc_grad_0 module id: 0
[2m[36m(CompileWorker pid=3439295)[0m compiled for stage:147 name: stage_9_10_acc_grad_1 module id: 1
[2m[36m(CompileWorker pid=3439293)[0m compiled for stage:146 name: stage_9_10_acc_grad_1 module id: 1
[2m[36m(CompileWorker pid=3439291)[0m compiled for stage:148 name: stage_9_11_acc_grad_0 module id: 0
[2m[36m(CompileWorker pid=3439292)[0m compiled for stage:150 name: stage_10_10_acc_grad_0 module id: 0
[2m[36m(CompileWorker pid=3439287)[0m compiled for stage:151 name: stage_10_10_acc_grad_0 module id: 0
[2m[36m(CompileWorker pid=3439284)[0m compiled for stage:149 name: stage_9_11_acc_grad_0 module id: 0
[2m[36m(CompileWorker pid=3439295)[0m compiled for stage:153 name: stage_10_11_acc_grad_0 module id: 0
[2m[36m(CompileWorker pid=3439292)[0m compiled for stage:150 name: stage_10_10_acc_grad_1 module id: 1
[2m[36m(CompileWorker pid=3439285)[0m compiled for stage:154 name: stage_11_11_acc_grad_0 module id: 0
[2m[36m(CompileWorker pid=3439291)[0m compiled for stage:148 name: stage_9_11_acc_grad_1 module id: 1
[2m[36m(CompileWorker pid=3439287)[0m compiled for stage:151 name: stage_10_10_acc_grad_1 module id: 1
[2m[36m(CompileWorker pid=3439286)[0m compiled for stage:152 name: stage_10_11_acc_grad_0 module id: 0
[2m[36m(CompileWorker pid=3439286)[0m compiled for stage:152 name: stage_10_11_acc_grad_1 module id: 1
[2m[36m(CompileWorker pid=3439284)[0m compiled for stage:149 name: stage_9_11_acc_grad_1 module id: 1
[2m[36m(CompileWorker pid=3439295)[0m compiled for stage:153 name: stage_10_11_acc_grad_1 module id: 1
[2m[36m(CompileWorker pid=3439285)[0m compiled for stage:154 name: stage_11_11_acc_grad_1 module id: 1
[2m[36m(CompileWorker pid=3439290)[0m compiled for stage:155 name: stage_11_11_acc_grad_0 module id: 0
[2m[36m(CompileWorker pid=3439290)[0m compiled for stage:155 name: stage_11_11_acc_grad_1 module id: 1
- parse estimation results for all stages
result[(0, 0, 0, 0), 0] = ModuleProfileResult(compute_cost=60.997, peak_memory=12.861 GB, invar_size=4.572 GB, outvar_size=7.138 GB, temp_buffer_size=1.150 GB, available_memory=64.000 GB, comm_cost=0.000)
result[(0, 0, 0, 0), 1] = ModuleProfileResult(compute_cost=67.812, peak_memory=13.778 GB, invar_size=11.710 GB, outvar_size=4.572 GB, temp_buffer_size=2.068 GB, available_memory=64.000 GB, comm_cost=0.000)
result[(0, 0, 0, 1), 0] = ModuleProfileResult(compute_cost=60.997, peak_memory=12.861 GB, invar_size=4.572 GB, outvar_size=7.138 GB, temp_buffer_size=1.150 GB, available_memory=64.000 GB, comm_cost=0.000)
result[(0, 0, 0, 1), 1] = ModuleProfileResult(compute_cost=67.812, peak_memory=13.778 GB, invar_size=11.710 GB, outvar_size=4.572 GB, temp_buffer_size=2.068 GB, available_memory=64.000 GB, comm_cost=0.000)
result[(0, 1, 0, 0), 0] = ModuleProfileResult(compute_cost=122.025, peak_memory=23.175 GB, invar_size=7.948 GB, outvar_size=14.076 GB, temp_buffer_size=1.150 GB, available_memory=64.000 GB, comm_cost=0.000)
result[(0, 1, 0, 0), 1] = ModuleProfileResult(compute_cost=133.139, peak_memory=24.842 GB, invar_size=22.024 GB, outvar_size=7.948 GB, temp_buffer_size=2.817 GB, available_memory=64.000 GB, comm_cost=0.000)
result[(0, 1, 0, 1), 0] = ModuleProfileResult(compute_cost=122.025, peak_memory=23.175 GB, invar_size=7.948 GB, outvar_size=14.076 GB, temp_buffer_size=1.150 GB, available_memory=64.000 GB, comm_cost=0.000)
result[(0, 1, 0, 1), 1] = ModuleProfileResult(compute_cost=133.139, peak_memory=24.842 GB, invar_size=22.024 GB, outvar_size=7.948 GB, temp_buffer_size=2.817 GB, available_memory=64.000 GB, comm_cost=0.000)
result[(0, 2, 0, 0), 0] = ModuleProfileResult(compute_cost=225.893, peak_memory=37.682 GB, invar_size=12.448 GB, outvar_size=23.969 GB, temp_buffer_size=1.266 GB, available_memory=64.000 GB, comm_cost=0.000)
result[(0, 2, 0, 0), 1] = ModuleProfileResult(compute_cost=233.248, peak_memory=40.219 GB, invar_size=36.417 GB, outvar_size=12.448 GB, temp_buffer_size=3.802 GB, available_memory=64.000 GB, comm_cost=0.000)
result[(0, 2, 0, 1), 0] = ModuleProfileResult(compute_cost=225.893, peak_memory=37.682 GB, invar_size=12.448 GB, outvar_size=23.969 GB, temp_buffer_size=1.266 GB, available_memory=64.000 GB, comm_cost=0.000)
result[(0, 2, 0, 1), 1] = ModuleProfileResult(compute_cost=233.248, peak_memory=40.219 GB, invar_size=36.417 GB, outvar_size=12.448 GB, temp_buffer_size=3.802 GB, available_memory=64.000 GB, comm_cost=0.000)
result[(0, 3, 0, 0), 0] = ModuleProfileResult(compute_cost=286.734, peak_memory=48.043 GB, invar_size=15.824 GB, outvar_size=30.813 GB, temp_buffer_size=1.406 GB, available_memory=64.000 GB, comm_cost=0.000)
result[(0, 3, 0, 0), 1] = ModuleProfileResult(compute_cost=298.294, peak_memory=50.955 GB, invar_size=46.637 GB, outvar_size=15.823 GB, temp_buffer_size=4.318 GB, available_memory=64.000 GB, comm_cost=0.000)
result[(0, 3, 0, 1), 0] = ModuleProfileResult(compute_cost=286.734, peak_memory=48.043 GB, invar_size=15.824 GB, outvar_size=30.813 GB, temp_buffer_size=1.406 GB, available_memory=64.000 GB, comm_cost=0.000)
result[(0, 3, 0, 1), 1] = ModuleProfileResult(compute_cost=298.294, peak_memory=50.955 GB, invar_size=46.637 GB, outvar_size=15.823 GB, temp_buffer_size=4.318 GB, available_memory=64.000 GB, comm_cost=0.000)
result[(0, 4, 0, 0), 0] = ModuleProfileResult(compute_cost=347.574, peak_memory=58.263 GB, invar_size=19.199 GB, outvar_size=37.658 GB, temp_buffer_size=1.406 GB, available_memory=64.000 GB, comm_cost=0.000)
result[(0, 4, 0, 0), 1] = ModuleProfileResult(compute_cost=363.340, peak_memory=61.409 GB, invar_size=56.857 GB, outvar_size=19.199 GB, temp_buffer_size=4.552 GB, available_memory=64.000 GB, comm_cost=0.000)
result[(0, 4, 0, 1), 0] = ModuleProfileResult(compute_cost=347.574, peak_memory=58.263 GB, invar_size=19.199 GB, outvar_size=37.658 GB, temp_buffer_size=1.406 GB, available_memory=64.000 GB, comm_cost=0.000)
result[(0, 4, 0, 1), 1] = ModuleProfileResult(compute_cost=363.340, peak_memory=61.409 GB, invar_size=56.857 GB, outvar_size=19.199 GB, temp_buffer_size=4.552 GB, available_memory=64.000 GB, comm_cost=0.000)
result[(0, 5, 0, 0), 0] = ModuleProfileResult(compute_cost=408.415, peak_memory=68.624 GB, invar_size=22.574 GB, outvar_size=44.503 GB, temp_buffer_size=1.547 GB, available_memory=64.000 GB, comm_cost=0.000)
result[(0, 5, 0, 0), 1] = ModuleProfileResult(compute_cost=428.387, peak_memory=72.520 GB, invar_size=67.077 GB, outvar_size=22.574 GB, temp_buffer_size=5.443 GB, available_memory=64.000 GB, comm_cost=0.000)
result[(0, 5, 0, 1), 0] = ModuleProfileResult(compute_cost=408.415, peak_memory=68.624 GB, invar_size=22.574 GB, outvar_size=44.503 GB, temp_buffer_size=1.547 GB, available_memory=64.000 GB, comm_cost=0.000)
result[(0, 5, 0, 1), 1] = ModuleProfileResult(compute_cost=428.387, peak_memory=72.520 GB, invar_size=67.077 GB, outvar_size=22.574 GB, temp_buffer_size=5.443 GB, available_memory=64.000 GB, comm_cost=0.000)
result[(0, 6, 0, 0), 0] = ModuleProfileResult(compute_cost=469.255, peak_memory=78.984 GB, invar_size=25.949 GB, outvar_size=51.347 GB, temp_buffer_size=1.688 GB, available_memory=64.000 GB, comm_cost=0.000)
result[(0, 6, 0, 0), 1] = ModuleProfileResult(compute_cost=493.433, peak_memory=82.176 GB, invar_size=77.297 GB, outvar_size=25.949 GB, temp_buffer_size=4.880 GB, available_memory=64.000 GB, comm_cost=0.000)
result[(0, 6, 0, 1), 0] = ModuleProfileResult(compute_cost=469.255, peak_memory=78.984 GB, invar_size=25.949 GB, outvar_size=51.347 GB, temp_buffer_size=1.688 GB, available_memory=64.000 GB, comm_cost=0.000)
result[(0, 6, 0, 1), 1] = ModuleProfileResult(compute_cost=493.433, peak_memory=82.176 GB, invar_size=77.297 GB, outvar_size=25.949 GB, temp_buffer_size=4.880 GB, available_memory=64.000 GB, comm_cost=0.000)
result[(0, 7, 0, 0), 0] = ModuleProfileResult(compute_cost=530.096, peak_memory=89.392 GB, invar_size=29.325 GB, outvar_size=58.192 GB, temp_buffer_size=1.875 GB, available_memory=64.000 GB, comm_cost=0.000)
result[(0, 7, 0, 0), 1] = ModuleProfileResult(compute_cost=558.479, peak_memory=93.569 GB, invar_size=87.516 GB, outvar_size=29.325 GB, temp_buffer_size=6.053 GB, available_memory=64.000 GB, comm_cost=0.000)
result[(0, 7, 0, 1), 0] = ModuleProfileResult(compute_cost=530.096, peak_memory=89.392 GB, invar_size=29.325 GB, outvar_size=58.192 GB, temp_buffer_size=1.875 GB, available_memory=64.000 GB, comm_cost=0.000)
result[(0, 7, 0, 1), 1] = ModuleProfileResult(compute_cost=558.479, peak_memory=93.569 GB, invar_size=87.516 GB, outvar_size=29.325 GB, temp_buffer_size=6.053 GB, available_memory=64.000 GB, comm_cost=0.000)
result[(0, 8, 0, 0), 0] = ModuleProfileResult(compute_cost=590.936, peak_memory=99.752 GB, invar_size=32.700 GB, outvar_size=65.036 GB, temp_buffer_size=2.016 GB, available_memory=64.000 GB, comm_cost=0.000)
result[(0, 8, 0, 0), 1] = ModuleProfileResult(compute_cost=623.525, peak_memory=104.211 GB, invar_size=97.736 GB, outvar_size=32.700 GB, temp_buffer_size=6.475 GB, available_memory=64.000 GB, comm_cost=0.000)
result[(0, 8, 0, 1), 0] = ModuleProfileResult(compute_cost=590.936, peak_memory=99.752 GB, invar_size=32.700 GB, outvar_size=65.036 GB, temp_buffer_size=2.016 GB, available_memory=64.000 GB, comm_cost=0.000)
result[(0, 8, 0, 1), 1] = ModuleProfileResult(compute_cost=623.525, peak_memory=104.211 GB, invar_size=97.736 GB, outvar_size=32.700 GB, temp_buffer_size=6.475 GB, available_memory=64.000 GB, comm_cost=0.000)
result[(0, 9, 0, 0), 0] = ModuleProfileResult(compute_cost=651.776, peak_memory=110.113 GB, invar_size=36.075 GB, outvar_size=71.881 GB, temp_buffer_size=2.156 GB, available_memory=64.000 GB, comm_cost=0.000)
result[(0, 9, 0, 0), 1] = ModuleProfileResult(compute_cost=688.571, peak_memory=115.649 GB, invar_size=107.956 GB, outvar_size=36.075 GB, temp_buffer_size=7.693 GB, available_memory=64.000 GB, comm_cost=0.000)
result[(0, 9, 0, 1), 0] = ModuleProfileResult(compute_cost=651.776, peak_memory=110.113 GB, invar_size=36.075 GB, outvar_size=71.881 GB, temp_buffer_size=2.156 GB, available_memory=64.000 GB, comm_cost=0.000)
result[(0, 9, 0, 1), 1] = ModuleProfileResult(compute_cost=688.571, peak_memory=115.649 GB, invar_size=107.956 GB, outvar_size=36.075 GB, temp_buffer_size=7.693 GB, available_memory=64.000 GB, comm_cost=0.000)
result[(0, 10, 0, 0), 0] = ModuleProfileResult(compute_cost=712.617, peak_memory=120.473 GB, invar_size=39.451 GB, outvar_size=78.726 GB, temp_buffer_size=2.297 GB, available_memory=64.000 GB, comm_cost=0.000)
result[(0, 10, 0, 0), 1] = ModuleProfileResult(compute_cost=753.618, peak_memory=125.401 GB, invar_size=118.176 GB, outvar_size=39.451 GB, temp_buffer_size=7.224 GB, available_memory=64.000 GB, comm_cost=0.000)
result[(0, 10, 0, 1), 0] = ModuleProfileResult(compute_cost=712.617, peak_memory=120.473 GB, invar_size=39.451 GB, outvar_size=78.726 GB, temp_buffer_size=2.297 GB, available_memory=64.000 GB, comm_cost=0.000)
result[(0, 10, 0, 1), 1] = ModuleProfileResult(compute_cost=753.618, peak_memory=125.401 GB, invar_size=118.176 GB, outvar_size=39.451 GB, temp_buffer_size=7.224 GB, available_memory=64.000 GB, comm_cost=0.000)
result[(0, 11, 0, 0), 0] = ModuleProfileResult(compute_cost=730.804, peak_memory=127.155 GB, invar_size=41.701 GB, outvar_size=83.814 GB, temp_buffer_size=1.641 GB, available_memory=64.000 GB, comm_cost=0.000)
result[(0, 11, 0, 0), 1] = ModuleProfileResult(compute_cost=786.765, peak_memory=134.456 GB, invar_size=126.665 GB, outvar_size=42.851 GB, temp_buffer_size=7.791 GB, available_memory=64.000 GB, comm_cost=0.000)
result[(0, 11, 0, 1), 0] = ModuleProfileResult(compute_cost=730.804, peak_memory=127.155 GB, invar_size=41.701 GB, outvar_size=83.814 GB, temp_buffer_size=1.641 GB, available_memory=64.000 GB, comm_cost=0.000)
result[(0, 11, 0, 1), 1] = ModuleProfileResult(compute_cost=786.765, peak_memory=134.456 GB, invar_size=126.665 GB, outvar_size=42.851 GB, temp_buffer_size=7.791 GB, available_memory=64.000 GB, comm_cost=0.000)
result[(1, 1, 0, 0), 0] = ModuleProfileResult(compute_cost=61.028, peak_memory=10.595 GB, invar_size=3.469 GB, outvar_size=7.032 GB, temp_buffer_size=0.094 GB, available_memory=64.000 GB, comm_cost=0.000)
result[(1, 1, 0, 0), 1] = ModuleProfileResult(compute_cost=65.327, peak_memory=12.330 GB, invar_size=10.407 GB, outvar_size=3.469 GB, temp_buffer_size=1.829 GB, available_memory=64.000 GB, comm_cost=0.000)
result[(1, 1, 0, 1), 0] = ModuleProfileResult(compute_cost=61.028, peak_memory=10.595 GB, invar_size=3.469 GB, outvar_size=7.032 GB, temp_buffer_size=0.094 GB, available_memory=64.000 GB, comm_cost=0.000)
result[(1, 1, 0, 1), 1] = ModuleProfileResult(compute_cost=65.327, peak_memory=12.330 GB, invar_size=10.407 GB, outvar_size=3.469 GB, temp_buffer_size=1.829 GB, available_memory=64.000 GB, comm_cost=0.000)
result[(1, 2, 0, 0), 0] = ModuleProfileResult(compute_cost=164.896, peak_memory=26.066 GB, invar_size=7.969 GB, outvar_size=16.924 GB, temp_buffer_size=1.172 GB, available_memory=64.000 GB, comm_cost=0.000)
result[(1, 2, 0, 0), 1] = ModuleProfileResult(compute_cost=165.436, peak_memory=27.567 GB, invar_size=24.800 GB, outvar_size=7.969 GB, temp_buffer_size=2.673 GB, available_memory=64.000 GB, comm_cost=0.000)
result[(1, 2, 0, 1), 0] = ModuleProfileResult(compute_cost=164.896, peak_memory=26.066 GB, invar_size=7.969 GB, outvar_size=16.924 GB, temp_buffer_size=1.172 GB, available_memory=64.000 GB, comm_cost=0.000)
result[(1, 2, 0, 1), 1] = ModuleProfileResult(compute_cost=165.436, peak_memory=27.567 GB, invar_size=24.800 GB, outvar_size=7.969 GB, temp_buffer_size=2.673 GB, available_memory=64.000 GB, comm_cost=0.000)
result[(1, 3, 0, 0), 0] = ModuleProfileResult(compute_cost=225.737, peak_memory=36.426 GB, invar_size=11.345 GB, outvar_size=23.769 GB, temp_buffer_size=1.313 GB, available_memory=64.000 GB, comm_cost=0.000)
result[(1, 3, 0, 0), 1] = ModuleProfileResult(compute_cost=230.482, peak_memory=38.630 GB, invar_size=35.020 GB, outvar_size=11.345 GB, temp_buffer_size=3.517 GB, available_memory=64.000 GB, comm_cost=0.000)
result[(1, 3, 0, 1), 0] = ModuleProfileResult(compute_cost=225.737, peak_memory=36.426 GB, invar_size=11.345 GB, outvar_size=23.769 GB, temp_buffer_size=1.313 GB, available_memory=64.000 GB, comm_cost=0.000)
result[(1, 3, 0, 1), 1] = ModuleProfileResult(compute_cost=230.482, peak_memory=38.630 GB, invar_size=35.020 GB, outvar_size=11.345 GB, temp_buffer_size=3.517 GB, available_memory=64.000 GB, comm_cost=0.000)
result[(1, 4, 0, 0), 0] = ModuleProfileResult(compute_cost=286.577, peak_memory=46.787 GB, invar_size=14.720 GB, outvar_size=30.614 GB, temp_buffer_size=1.453 GB, available_memory=64.000 GB, comm_cost=0.000)
result[(1, 4, 0, 0), 1] = ModuleProfileResult(compute_cost=295.529, peak_memory=49.366 GB, invar_size=45.240 GB, outvar_size=14.720 GB, temp_buffer_size=4.032 GB, available_memory=64.000 GB, comm_cost=0.000)
result[(1, 4, 0, 1), 0] = ModuleProfileResult(compute_cost=286.577, peak_memory=46.787 GB, invar_size=14.720 GB, outvar_size=30.614 GB, temp_buffer_size=1.453 GB, available_memory=64.000 GB, comm_cost=0.000)
result[(1, 4, 0, 1), 1] = ModuleProfileResult(compute_cost=295.529, peak_memory=49.366 GB, invar_size=45.240 GB, outvar_size=14.720 GB, temp_buffer_size=4.032 GB, available_memory=64.000 GB, comm_cost=0.000)
result[(1, 5, 0, 0), 0] = ModuleProfileResult(compute_cost=347.418, peak_memory=57.147 GB, invar_size=18.095 GB, outvar_size=37.458 GB, temp_buffer_size=1.594 GB, available_memory=64.000 GB, comm_cost=0.000)
result[(1, 5, 0, 0), 1] = ModuleProfileResult(compute_cost=360.575, peak_memory=59.821 GB, invar_size=55.460 GB, outvar_size=18.095 GB, temp_buffer_size=4.267 GB, available_memory=64.000 GB, comm_cost=0.000)
result[(1, 5, 0, 1), 0] = ModuleProfileResult(compute_cost=347.418, peak_memory=57.147 GB, invar_size=18.095 GB, outvar_size=37.458 GB, temp_buffer_size=1.594 GB, available_memory=64.000 GB, comm_cost=0.000)
result[(1, 5, 0, 1), 1] = ModuleProfileResult(compute_cost=360.575, peak_memory=59.821 GB, invar_size=55.460 GB, outvar_size=18.095 GB, temp_buffer_size=4.267 GB, available_memory=64.000 GB, comm_cost=0.000)
result[(1, 6, 0, 0), 0] = ModuleProfileResult(compute_cost=408.258, peak_memory=67.508 GB, invar_size=21.471 GB, outvar_size=44.303 GB, temp_buffer_size=1.734 GB, available_memory=64.000 GB, comm_cost=0.000)
result[(1, 6, 0, 0), 1] = ModuleProfileResult(compute_cost=425.621, peak_memory=70.931 GB, invar_size=65.680 GB, outvar_size=21.471 GB, temp_buffer_size=5.158 GB, available_memory=64.000 GB, comm_cost=0.000)
result[(1, 6, 0, 1), 0] = ModuleProfileResult(compute_cost=408.258, peak_memory=67.508 GB, invar_size=21.471 GB, outvar_size=44.303 GB, temp_buffer_size=1.734 GB, available_memory=64.000 GB, comm_cost=0.000)
result[(1, 6, 0, 1), 1] = ModuleProfileResult(compute_cost=425.621, peak_memory=70.931 GB, invar_size=65.680 GB, outvar_size=21.471 GB, temp_buffer_size=5.158 GB, available_memory=64.000 GB, comm_cost=0.000)
result[(1, 7, 0, 0), 0] = ModuleProfileResult(compute_cost=469.098, peak_memory=77.869 GB, invar_size=24.846 GB, outvar_size=51.148 GB, temp_buffer_size=1.875 GB, available_memory=64.000 GB, comm_cost=0.000)
result[(1, 7, 0, 0), 1] = ModuleProfileResult(compute_cost=490.667, peak_memory=80.542 GB, invar_size=75.900 GB, outvar_size=24.846 GB, temp_buffer_size=4.548 GB, available_memory=64.000 GB, comm_cost=0.000)
result[(1, 7, 0, 1), 0] = ModuleProfileResult(compute_cost=469.098, peak_memory=77.869 GB, invar_size=24.846 GB, outvar_size=51.148 GB, temp_buffer_size=1.875 GB, available_memory=64.000 GB, comm_cost=0.000)
result[(1, 7, 0, 1), 1] = ModuleProfileResult(compute_cost=490.667, peak_memory=80.542 GB, invar_size=75.900 GB, outvar_size=24.846 GB, temp_buffer_size=4.548 GB, available_memory=64.000 GB, comm_cost=0.000)
result[(1, 8, 0, 0), 0] = ModuleProfileResult(compute_cost=529.939, peak_memory=88.229 GB, invar_size=28.221 GB, outvar_size=57.992 GB, temp_buffer_size=2.016 GB, available_memory=64.000 GB, comm_cost=0.000)
result[(1, 8, 0, 0), 1] = ModuleProfileResult(compute_cost=555.713, peak_memory=91.934 GB, invar_size=86.120 GB, outvar_size=28.221 GB, temp_buffer_size=5.721 GB, available_memory=64.000 GB, comm_cost=0.000)
result[(1, 8, 0, 1), 0] = ModuleProfileResult(compute_cost=529.939, peak_memory=88.229 GB, invar_size=28.221 GB, outvar_size=57.992 GB, temp_buffer_size=2.016 GB, available_memory=64.000 GB, comm_cost=0.000)
result[(1, 8, 0, 1), 1] = ModuleProfileResult(compute_cost=555.713, peak_memory=91.934 GB, invar_size=86.120 GB, outvar_size=28.221 GB, temp_buffer_size=5.721 GB, available_memory=64.000 GB, comm_cost=0.000)
result[(1, 9, 0, 0), 0] = ModuleProfileResult(compute_cost=590.779, peak_memory=98.637 GB, invar_size=31.597 GB, outvar_size=64.837 GB, temp_buffer_size=2.203 GB, available_memory=64.000 GB, comm_cost=0.000)
result[(1, 9, 0, 0), 1] = ModuleProfileResult(compute_cost=620.760, peak_memory=102.623 GB, invar_size=96.340 GB, outvar_size=31.597 GB, temp_buffer_size=6.189 GB, available_memory=64.000 GB, comm_cost=0.000)
result[(1, 9, 0, 1), 0] = ModuleProfileResult(compute_cost=590.779, peak_memory=98.637 GB, invar_size=31.597 GB, outvar_size=64.837 GB, temp_buffer_size=2.203 GB, available_memory=64.000 GB, comm_cost=0.000)
result[(1, 9, 0, 1), 1] = ModuleProfileResult(compute_cost=620.760, peak_memory=102.623 GB, invar_size=96.340 GB, outvar_size=31.597 GB, temp_buffer_size=6.189 GB, available_memory=64.000 GB, comm_cost=0.000)
result[(1, 10, 0, 0), 0] = ModuleProfileResult(compute_cost=651.620, peak_memory=108.950 GB, invar_size=34.972 GB, outvar_size=71.682 GB, temp_buffer_size=2.297 GB, available_memory=64.000 GB, comm_cost=0.000)
result[(1, 10, 0, 0), 1] = ModuleProfileResult(compute_cost=685.806, peak_memory=114.061 GB, invar_size=106.560 GB, outvar_size=34.972 GB, temp_buffer_size=7.407 GB, available_memory=64.000 GB, comm_cost=0.000)
result[(1, 10, 0, 1), 0] = ModuleProfileResult(compute_cost=651.620, peak_memory=108.950 GB, invar_size=34.972 GB, outvar_size=71.682 GB, temp_buffer_size=2.297 GB, available_memory=64.000 GB, comm_cost=0.000)
result[(1, 10, 0, 1), 1] = ModuleProfileResult(compute_cost=685.806, peak_memory=114.061 GB, invar_size=106.560 GB, outvar_size=34.972 GB, temp_buffer_size=7.407 GB, available_memory=64.000 GB, comm_cost=0.000)
result[(1, 11, 0, 0), 0] = ModuleProfileResult(compute_cost=669.807, peak_memory=115.236 GB, invar_size=38.372 GB, outvar_size=76.769 GB, temp_buffer_size=0.094 GB, available_memory=64.000 GB, comm_cost=0.000)
result[(1, 11, 0, 0), 1] = ModuleProfileResult(compute_cost=718.953, peak_memory=123.022 GB, invar_size=115.048 GB, outvar_size=38.372 GB, temp_buffer_size=7.880 GB, available_memory=64.000 GB, comm_cost=0.000)
result[(1, 11, 0, 1), 0] = ModuleProfileResult(compute_cost=669.807, peak_memory=115.236 GB, invar_size=38.372 GB, outvar_size=76.769 GB, temp_buffer_size=0.094 GB, available_memory=64.000 GB, comm_cost=0.000)
result[(1, 11, 0, 1), 1] = ModuleProfileResult(compute_cost=718.953, peak_memory=123.022 GB, invar_size=115.048 GB, outvar_size=38.372 GB, temp_buffer_size=7.880 GB, available_memory=64.000 GB, comm_cost=0.000)
result[(2, 2, 0, 0), 0] = ModuleProfileResult(compute_cost=103.868, peak_memory=15.612 GB, invar_size=4.594 GB, outvar_size=9.986 GB, temp_buffer_size=1.031 GB, available_memory=64.000 GB, comm_cost=0.000)
result[(2, 2, 0, 0), 1] = ModuleProfileResult(compute_cost=100.109, peak_memory=16.643 GB, invar_size=14.486 GB, outvar_size=4.594 GB, temp_buffer_size=2.063 GB, available_memory=64.000 GB, comm_cost=0.000)
result[(2, 2, 0, 1), 0] = ModuleProfileResult(compute_cost=103.868, peak_memory=15.612 GB, invar_size=4.594 GB, outvar_size=9.986 GB, temp_buffer_size=1.031 GB, available_memory=64.000 GB, comm_cost=0.000)
result[(2, 2, 0, 1), 1] = ModuleProfileResult(compute_cost=100.109, peak_memory=16.643 GB, invar_size=14.486 GB, outvar_size=4.594 GB, temp_buffer_size=2.063 GB, available_memory=64.000 GB, comm_cost=0.000)
result[(2, 3, 0, 0), 0] = ModuleProfileResult(compute_cost=164.709, peak_memory=25.785 GB, invar_size=7.970 GB, outvar_size=16.831 GB, temp_buffer_size=0.984 GB, available_memory=64.000 GB, comm_cost=0.000)
result[(2, 3, 0, 0), 1] = ModuleProfileResult(compute_cost=165.155, peak_memory=27.473 GB, invar_size=24.706 GB, outvar_size=7.969 GB, temp_buffer_size=2.673 GB, available_memory=64.000 GB, comm_cost=0.000)
result[(2, 3, 0, 1), 0] = ModuleProfileResult(compute_cost=164.709, peak_memory=25.785 GB, invar_size=7.970 GB, outvar_size=16.831 GB, temp_buffer_size=0.984 GB, available_memory=64.000 GB, comm_cost=0.000)
result[(2, 3, 0, 1), 1] = ModuleProfileResult(compute_cost=165.155, peak_memory=27.473 GB, invar_size=24.706 GB, outvar_size=7.969 GB, temp_buffer_size=2.673 GB, available_memory=64.000 GB, comm_cost=0.000)
result[(2, 4, 0, 0), 0] = ModuleProfileResult(compute_cost=225.549, peak_memory=36.192 GB, invar_size=11.345 GB, outvar_size=23.675 GB, temp_buffer_size=1.172 GB, available_memory=64.000 GB, comm_cost=0.000)
result[(2, 4, 0, 0), 1] = ModuleProfileResult(compute_cost=230.201, peak_memory=38.396 GB, invar_size=34.926 GB, outvar_size=11.345 GB, temp_buffer_size=3.376 GB, available_memory=64.000 GB, comm_cost=0.000)
result[(2, 4, 0, 1), 0] = ModuleProfileResult(compute_cost=225.549, peak_memory=36.192 GB, invar_size=11.345 GB, outvar_size=23.675 GB, temp_buffer_size=1.172 GB, available_memory=64.000 GB, comm_cost=0.000)
result[(2, 4, 0, 1), 1] = ModuleProfileResult(compute_cost=230.201, peak_memory=38.396 GB, invar_size=34.926 GB, outvar_size=11.345 GB, temp_buffer_size=3.376 GB, available_memory=64.000 GB, comm_cost=0.000)
result[(2, 5, 0, 0), 0] = ModuleProfileResult(compute_cost=286.390, peak_memory=46.553 GB, invar_size=14.720 GB, outvar_size=30.520 GB, temp_buffer_size=1.313 GB, available_memory=64.000 GB, comm_cost=0.000)
result[(2, 5, 0, 0), 1] = ModuleProfileResult(compute_cost=295.248, peak_memory=49.647 GB, invar_size=45.146 GB, outvar_size=14.720 GB, temp_buffer_size=4.407 GB, available_memory=64.000 GB, comm_cost=0.000)
result[(2, 5, 0, 1), 0] = ModuleProfileResult(compute_cost=286.390, peak_memory=46.553 GB, invar_size=14.720 GB, outvar_size=30.520 GB, temp_buffer_size=1.313 GB, available_memory=64.000 GB, comm_cost=0.000)
result[(2, 5, 0, 1), 1] = ModuleProfileResult(compute_cost=295.248, peak_memory=49.647 GB, invar_size=45.146 GB, outvar_size=14.720 GB, temp_buffer_size=4.407 GB, available_memory=64.000 GB, comm_cost=0.000)
result[(2, 6, 0, 0), 0] = ModuleProfileResult(compute_cost=347.230, peak_memory=56.913 GB, invar_size=18.095 GB, outvar_size=37.365 GB, temp_buffer_size=1.453 GB, available_memory=64.000 GB, comm_cost=0.000)
result[(2, 6, 0, 0), 1] = ModuleProfileResult(compute_cost=360.294, peak_memory=59.727 GB, invar_size=55.366 GB, outvar_size=18.095 GB, temp_buffer_size=4.267 GB, available_memory=64.000 GB, comm_cost=0.000)
result[(2, 6, 0, 1), 0] = ModuleProfileResult(compute_cost=347.230, peak_memory=56.913 GB, invar_size=18.095 GB, outvar_size=37.365 GB, temp_buffer_size=1.453 GB, available_memory=64.000 GB, comm_cost=0.000)
result[(2, 6, 0, 1), 1] = ModuleProfileResult(compute_cost=360.294, peak_memory=59.727 GB, invar_size=55.366 GB, outvar_size=18.095 GB, temp_buffer_size=4.267 GB, available_memory=64.000 GB, comm_cost=0.000)
result[(2, 7, 0, 0), 0] = ModuleProfileResult(compute_cost=408.070, peak_memory=67.274 GB, invar_size=21.471 GB, outvar_size=44.209 GB, temp_buffer_size=1.595 GB, available_memory=64.000 GB, comm_cost=0.000)
result[(2, 7, 0, 0), 1] = ModuleProfileResult(compute_cost=425.340, peak_memory=70.181 GB, invar_size=65.586 GB, outvar_size=21.471 GB, temp_buffer_size=4.501 GB, available_memory=64.000 GB, comm_cost=0.000)
result[(2, 7, 0, 1), 0] = ModuleProfileResult(compute_cost=408.070, peak_memory=67.274 GB, invar_size=21.471 GB, outvar_size=44.209 GB, temp_buffer_size=1.595 GB, available_memory=64.000 GB, comm_cost=0.000)
result[(2, 7, 0, 1), 1] = ModuleProfileResult(compute_cost=425.340, peak_memory=70.181 GB, invar_size=65.586 GB, outvar_size=21.471 GB, temp_buffer_size=4.501 GB, available_memory=64.000 GB, comm_cost=0.000)
result[(2, 8, 0, 0), 0] = ModuleProfileResult(compute_cost=468.911, peak_memory=77.635 GB, invar_size=24.846 GB, outvar_size=51.054 GB, temp_buffer_size=1.735 GB, available_memory=64.000 GB, comm_cost=0.000)
result[(2, 8, 0, 0), 1] = ModuleProfileResult(compute_cost=490.386, peak_memory=80.729 GB, invar_size=75.806 GB, outvar_size=24.846 GB, temp_buffer_size=4.829 GB, available_memory=64.000 GB, comm_cost=0.000)
result[(2, 8, 0, 1), 0] = ModuleProfileResult(compute_cost=468.911, peak_memory=77.635 GB, invar_size=24.846 GB, outvar_size=51.054 GB, temp_buffer_size=1.735 GB, available_memory=64.000 GB, comm_cost=0.000)
result[(2, 8, 0, 1), 1] = ModuleProfileResult(compute_cost=490.386, peak_memory=80.729 GB, invar_size=75.806 GB, outvar_size=24.846 GB, temp_buffer_size=4.829 GB, available_memory=64.000 GB, comm_cost=0.000)
result[(2, 9, 0, 0), 0] = ModuleProfileResult(compute_cost=529.751, peak_memory=87.996 GB, invar_size=28.221 GB, outvar_size=57.898 GB, temp_buffer_size=1.876 GB, available_memory=64.000 GB, comm_cost=0.000)
result[(2, 9, 0, 0), 1] = ModuleProfileResult(compute_cost=555.432, peak_memory=92.028 GB, invar_size=86.026 GB, outvar_size=28.221 GB, temp_buffer_size=5.908 GB, available_memory=64.000 GB, comm_cost=0.000)
result[(2, 9, 0, 1), 0] = ModuleProfileResult(compute_cost=529.751, peak_memory=87.996 GB, invar_size=28.221 GB, outvar_size=57.898 GB, temp_buffer_size=1.876 GB, available_memory=64.000 GB, comm_cost=0.000)
result[(2, 9, 0, 1), 1] = ModuleProfileResult(compute_cost=555.432, peak_memory=92.028 GB, invar_size=86.026 GB, outvar_size=28.221 GB, temp_buffer_size=5.908 GB, available_memory=64.000 GB, comm_cost=0.000)
result[(2, 10, 0, 0), 0] = ModuleProfileResult(compute_cost=590.592, peak_memory=98.356 GB, invar_size=31.597 GB, outvar_size=64.743 GB, temp_buffer_size=2.016 GB, available_memory=64.000 GB, comm_cost=0.000)
result[(2, 10, 0, 0), 1] = ModuleProfileResult(compute_cost=620.479, peak_memory=102.669 GB, invar_size=96.246 GB, outvar_size=31.597 GB, temp_buffer_size=6.330 GB, available_memory=64.000 GB, comm_cost=0.000)
result[(2, 10, 0, 1), 0] = ModuleProfileResult(compute_cost=590.592, peak_memory=98.356 GB, invar_size=31.597 GB, outvar_size=64.743 GB, temp_buffer_size=2.016 GB, available_memory=64.000 GB, comm_cost=0.000)
result[(2, 10, 0, 1), 1] = ModuleProfileResult(compute_cost=620.479, peak_memory=102.669 GB, invar_size=96.246 GB, outvar_size=31.597 GB, temp_buffer_size=6.330 GB, available_memory=64.000 GB, comm_cost=0.000)
result[(2, 11, 0, 0), 0] = ModuleProfileResult(compute_cost=608.779, peak_memory=104.922 GB, invar_size=34.997 GB, outvar_size=69.831 GB, temp_buffer_size=0.094 GB, available_memory=64.000 GB, comm_cost=0.000)
result[(2, 11, 0, 0), 1] = ModuleProfileResult(compute_cost=653.625, peak_memory=112.287 GB, invar_size=104.734 GB, outvar_size=34.997 GB, temp_buffer_size=7.459 GB, available_memory=64.000 GB, comm_cost=0.000)
result[(2, 11, 0, 1), 0] = ModuleProfileResult(compute_cost=608.779, peak_memory=104.922 GB, invar_size=34.997 GB, outvar_size=69.831 GB, temp_buffer_size=0.094 GB, available_memory=64.000 GB, comm_cost=0.000)
result[(2, 11, 0, 1), 1] = ModuleProfileResult(compute_cost=653.625, peak_memory=112.287 GB, invar_size=104.734 GB, outvar_size=34.997 GB, temp_buffer_size=7.459 GB, available_memory=64.000 GB, comm_cost=0.000)
result[(3, 3, 0, 0), 0] = ModuleProfileResult(compute_cost=60.840, peak_memory=11.298 GB, invar_size=3.469 GB, outvar_size=6.938 GB, temp_buffer_size=0.891 GB, available_memory=64.000 GB, comm_cost=0.000)
result[(3, 3, 0, 0), 1] = ModuleProfileResult(compute_cost=65.046, peak_memory=11.908 GB, invar_size=10.314 GB, outvar_size=3.469 GB, temp_buffer_size=1.501 GB, available_memory=64.000 GB, comm_cost=0.000)
result[(3, 3, 0, 1), 0] = ModuleProfileResult(compute_cost=60.840, peak_memory=11.298 GB, invar_size=3.469 GB, outvar_size=6.938 GB, temp_buffer_size=0.891 GB, available_memory=64.000 GB, comm_cost=0.000)
result[(3, 3, 0, 1), 1] = ModuleProfileResult(compute_cost=65.046, peak_memory=11.908 GB, invar_size=10.314 GB, outvar_size=3.469 GB, temp_buffer_size=1.501 GB, available_memory=64.000 GB, comm_cost=0.000)
result[(3, 4, 0, 0), 0] = ModuleProfileResult(compute_cost=121.681, peak_memory=21.612 GB, invar_size=6.844 GB, outvar_size=13.783 GB, temp_buffer_size=0.984 GB, available_memory=64.000 GB, comm_cost=0.000)
result[(3, 4, 0, 0), 1] = ModuleProfileResult(compute_cost=130.092, peak_memory=23.065 GB, invar_size=20.534 GB, outvar_size=6.844 GB, temp_buffer_size=2.438 GB, available_memory=64.000 GB, comm_cost=0.000)
result[(3, 4, 0, 1), 0] = ModuleProfileResult(compute_cost=121.681, peak_memory=21.612 GB, invar_size=6.844 GB, outvar_size=13.783 GB, temp_buffer_size=0.984 GB, available_memory=64.000 GB, comm_cost=0.000)
result[(3, 4, 0, 1), 1] = ModuleProfileResult(compute_cost=130.092, peak_memory=23.065 GB, invar_size=20.534 GB, outvar_size=6.844 GB, temp_buffer_size=2.438 GB, available_memory=64.000 GB, comm_cost=0.000)
result[(3, 5, 0, 0), 0] = ModuleProfileResult(compute_cost=182.521, peak_memory=31.832 GB, invar_size=10.220 GB, outvar_size=20.628 GB, temp_buffer_size=0.984 GB, available_memory=64.000 GB, comm_cost=0.000)
result[(3, 5, 0, 0), 1] = ModuleProfileResult(compute_cost=195.139, peak_memory=34.316 GB, invar_size=30.754 GB, outvar_size=10.220 GB, temp_buffer_size=3.469 GB, available_memory=64.000 GB, comm_cost=0.000)
result[(3, 5, 0, 1), 0] = ModuleProfileResult(compute_cost=182.521, peak_memory=31.832 GB, invar_size=10.220 GB, outvar_size=20.628 GB, temp_buffer_size=0.984 GB, available_memory=64.000 GB, comm_cost=0.000)
result[(3, 5, 0, 1), 1] = ModuleProfileResult(compute_cost=195.139, peak_memory=34.316 GB, invar_size=30.754 GB, outvar_size=10.220 GB, temp_buffer_size=3.469 GB, available_memory=64.000 GB, comm_cost=0.000)
result[(3, 6, 0, 0), 0] = ModuleProfileResult(compute_cost=243.362, peak_memory=42.192 GB, invar_size=13.595 GB, outvar_size=27.472 GB, temp_buffer_size=1.125 GB, available_memory=64.000 GB, comm_cost=0.000)
result[(3, 6, 0, 0), 1] = ModuleProfileResult(compute_cost=260.185, peak_memory=45.380 GB, invar_size=40.973 GB, outvar_size=13.595 GB, temp_buffer_size=4.313 GB, available_memory=64.000 GB, comm_cost=0.000)
result[(3, 6, 0, 1), 0] = ModuleProfileResult(compute_cost=243.362, peak_memory=42.192 GB, invar_size=13.595 GB, outvar_size=27.472 GB, temp_buffer_size=1.125 GB, available_memory=64.000 GB, comm_cost=0.000)
result[(3, 6, 0, 1), 1] = ModuleProfileResult(compute_cost=260.185, peak_memory=45.380 GB, invar_size=40.973 GB, outvar_size=13.595 GB, temp_buffer_size=4.313 GB, available_memory=64.000 GB, comm_cost=0.000)
result[(3, 7, 0, 0), 0] = ModuleProfileResult(compute_cost=304.202, peak_memory=52.553 GB, invar_size=16.970 GB, outvar_size=34.317 GB, temp_buffer_size=1.266 GB, available_memory=64.000 GB, comm_cost=0.000)
result[(3, 7, 0, 0), 1] = ModuleProfileResult(compute_cost=325.231, peak_memory=55.647 GB, invar_size=51.193 GB, outvar_size=16.970 GB, temp_buffer_size=4.360 GB, available_memory=64.000 GB, comm_cost=0.000)
result[(3, 7, 0, 1), 0] = ModuleProfileResult(compute_cost=304.202, peak_memory=52.553 GB, invar_size=16.970 GB, outvar_size=34.317 GB, temp_buffer_size=1.266 GB, available_memory=64.000 GB, comm_cost=0.000)
result[(3, 7, 0, 1), 1] = ModuleProfileResult(compute_cost=325.231, peak_memory=55.647 GB, invar_size=51.193 GB, outvar_size=16.970 GB, temp_buffer_size=4.360 GB, available_memory=64.000 GB, comm_cost=0.000)
result[(3, 8, 0, 0), 0] = ModuleProfileResult(compute_cost=365.043, peak_memory=62.913 GB, invar_size=20.346 GB, outvar_size=41.162 GB, temp_buffer_size=1.406 GB, available_memory=64.000 GB, comm_cost=0.000)
result[(3, 8, 0, 0), 1] = ModuleProfileResult(compute_cost=390.277, peak_memory=66.054 GB, invar_size=61.413 GB, outvar_size=20.346 GB, temp_buffer_size=4.547 GB, available_memory=64.000 GB, comm_cost=0.000)
result[(3, 8, 0, 1), 0] = ModuleProfileResult(compute_cost=365.043, peak_memory=62.913 GB, invar_size=20.346 GB, outvar_size=41.162 GB, temp_buffer_size=1.406 GB, available_memory=64.000 GB, comm_cost=0.000)
result[(3, 8, 0, 1), 1] = ModuleProfileResult(compute_cost=390.277, peak_memory=66.054 GB, invar_size=61.413 GB, outvar_size=20.346 GB, temp_buffer_size=4.547 GB, available_memory=64.000 GB, comm_cost=0.000)
result[(3, 9, 0, 0), 0] = ModuleProfileResult(compute_cost=425.883, peak_memory=73.274 GB, invar_size=23.721 GB, outvar_size=48.006 GB, temp_buffer_size=1.547 GB, available_memory=64.000 GB, comm_cost=0.000)
result[(3, 9, 0, 0), 1] = ModuleProfileResult(compute_cost=455.323, peak_memory=76.649 GB, invar_size=71.633 GB, outvar_size=23.721 GB, temp_buffer_size=4.922 GB, available_memory=64.000 GB, comm_cost=0.000)
result[(3, 9, 0, 1), 0] = ModuleProfileResult(compute_cost=425.883, peak_memory=73.274 GB, invar_size=23.721 GB, outvar_size=48.006 GB, temp_buffer_size=1.547 GB, available_memory=64.000 GB, comm_cost=0.000)
result[(3, 9, 0, 1), 1] = ModuleProfileResult(compute_cost=455.323, peak_memory=76.649 GB, invar_size=71.633 GB, outvar_size=23.721 GB, temp_buffer_size=4.922 GB, available_memory=64.000 GB, comm_cost=0.000)
result[(3, 10, 0, 0), 0] = ModuleProfileResult(compute_cost=486.723, peak_memory=83.635 GB, invar_size=27.096 GB, outvar_size=54.851 GB, temp_buffer_size=1.688 GB, available_memory=64.000 GB, comm_cost=0.000)
result[(3, 10, 0, 0), 1] = ModuleProfileResult(compute_cost=520.370, peak_memory=86.072 GB, invar_size=81.853 GB, outvar_size=27.096 GB, temp_buffer_size=4.125 GB, available_memory=64.000 GB, comm_cost=0.000)
result[(3, 10, 0, 1), 0] = ModuleProfileResult(compute_cost=486.723, peak_memory=83.635 GB, invar_size=27.096 GB, outvar_size=54.851 GB, temp_buffer_size=1.688 GB, available_memory=64.000 GB, comm_cost=0.000)
result[(3, 10, 0, 1), 1] = ModuleProfileResult(compute_cost=520.370, peak_memory=86.072 GB, invar_size=81.853 GB, outvar_size=27.096 GB, temp_buffer_size=4.125 GB, available_memory=64.000 GB, comm_cost=0.000)
result[(3, 11, 0, 0), 0] = ModuleProfileResult(compute_cost=504.911, peak_memory=90.483 GB, invar_size=30.497 GB, outvar_size=59.939 GB, temp_buffer_size=0.047 GB, available_memory=64.000 GB, comm_cost=0.000)
result[(3, 11, 0, 0), 1] = ModuleProfileResult(compute_cost=553.517, peak_memory=96.582 GB, invar_size=90.342 GB, outvar_size=30.497 GB, temp_buffer_size=6.147 GB, available_memory=64.000 GB, comm_cost=0.000)
result[(3, 11, 0, 1), 0] = ModuleProfileResult(compute_cost=504.911, peak_memory=90.483 GB, invar_size=30.497 GB, outvar_size=59.939 GB, temp_buffer_size=0.047 GB, available_memory=64.000 GB, comm_cost=0.000)
result[(3, 11, 0, 1), 1] = ModuleProfileResult(compute_cost=553.517, peak_memory=96.582 GB, invar_size=90.342 GB, outvar_size=30.497 GB, temp_buffer_size=6.147 GB, available_memory=64.000 GB, comm_cost=0.000)
result[(4, 4, 0, 0), 0] = ModuleProfileResult(compute_cost=60.840, peak_memory=11.298 GB, invar_size=3.469 GB, outvar_size=6.938 GB, temp_buffer_size=0.891 GB, available_memory=64.000 GB, comm_cost=0.000)
result[(4, 4, 0, 0), 1] = ModuleProfileResult(compute_cost=65.046, peak_memory=11.908 GB, invar_size=10.314 GB, outvar_size=3.469 GB, temp_buffer_size=1.501 GB, available_memory=64.000 GB, comm_cost=0.000)
result[(4, 4, 0, 1), 0] = ModuleProfileResult(compute_cost=60.840, peak_memory=11.298 GB, invar_size=3.469 GB, outvar_size=6.938 GB, temp_buffer_size=0.891 GB, available_memory=64.000 GB, comm_cost=0.000)
result[(4, 4, 0, 1), 1] = ModuleProfileResult(compute_cost=65.046, peak_memory=11.908 GB, invar_size=10.314 GB, outvar_size=3.469 GB, temp_buffer_size=1.501 GB, available_memory=64.000 GB, comm_cost=0.000)
result[(4, 5, 0, 0), 0] = ModuleProfileResult(compute_cost=121.681, peak_memory=21.612 GB, invar_size=6.844 GB, outvar_size=13.783 GB, temp_buffer_size=0.984 GB, available_memory=64.000 GB, comm_cost=0.000)
result[(4, 5, 0, 0), 1] = ModuleProfileResult(compute_cost=130.092, peak_memory=23.065 GB, invar_size=20.534 GB, outvar_size=6.844 GB, temp_buffer_size=2.438 GB, available_memory=64.000 GB, comm_cost=0.000)
result[(4, 5, 0, 1), 0] = ModuleProfileResult(compute_cost=121.681, peak_memory=21.612 GB, invar_size=6.844 GB, outvar_size=13.783 GB, temp_buffer_size=0.984 GB, available_memory=64.000 GB, comm_cost=0.000)
result[(4, 5, 0, 1), 1] = ModuleProfileResult(compute_cost=130.092, peak_memory=23.065 GB, invar_size=20.534 GB, outvar_size=6.844 GB, temp_buffer_size=2.438 GB, available_memory=64.000 GB, comm_cost=0.000)
result[(4, 6, 0, 0), 0] = ModuleProfileResult(compute_cost=182.521, peak_memory=31.832 GB, invar_size=10.220 GB, outvar_size=20.628 GB, temp_buffer_size=0.984 GB, available_memory=64.000 GB, comm_cost=0.000)
result[(4, 6, 0, 0), 1] = ModuleProfileResult(compute_cost=195.139, peak_memory=34.316 GB, invar_size=30.754 GB, outvar_size=10.220 GB, temp_buffer_size=3.469 GB, available_memory=64.000 GB, comm_cost=0.000)
result[(4, 6, 0, 1), 0] = ModuleProfileResult(compute_cost=182.521, peak_memory=31.832 GB, invar_size=10.220 GB, outvar_size=20.628 GB, temp_buffer_size=0.984 GB, available_memory=64.000 GB, comm_cost=0.000)
result[(4, 6, 0, 1), 1] = ModuleProfileResult(compute_cost=195.139, peak_memory=34.316 GB, invar_size=30.754 GB, outvar_size=10.220 GB, temp_buffer_size=3.469 GB, available_memory=64.000 GB, comm_cost=0.000)
result[(4, 7, 0, 0), 0] = ModuleProfileResult(compute_cost=243.362, peak_memory=42.192 GB, invar_size=13.595 GB, outvar_size=27.472 GB, temp_buffer_size=1.125 GB, available_memory=64.000 GB, comm_cost=0.000)
result[(4, 7, 0, 0), 1] = ModuleProfileResult(compute_cost=260.185, peak_memory=45.380 GB, invar_size=40.973 GB, outvar_size=13.595 GB, temp_buffer_size=4.313 GB, available_memory=64.000 GB, comm_cost=0.000)
result[(4, 7, 0, 1), 0] = ModuleProfileResult(compute_cost=243.362, peak_memory=42.192 GB, invar_size=13.595 GB, outvar_size=27.472 GB, temp_buffer_size=1.125 GB, available_memory=64.000 GB, comm_cost=0.000)
result[(4, 7, 0, 1), 1] = ModuleProfileResult(compute_cost=260.185, peak_memory=45.380 GB, invar_size=40.973 GB, outvar_size=13.595 GB, temp_buffer_size=4.313 GB, available_memory=64.000 GB, comm_cost=0.000)
result[(4, 8, 0, 0), 0] = ModuleProfileResult(compute_cost=304.202, peak_memory=52.553 GB, invar_size=16.970 GB, outvar_size=34.317 GB, temp_buffer_size=1.266 GB, available_memory=64.000 GB, comm_cost=0.000)
result[(4, 8, 0, 0), 1] = ModuleProfileResult(compute_cost=325.231, peak_memory=55.647 GB, invar_size=51.193 GB, outvar_size=16.970 GB, temp_buffer_size=4.360 GB, available_memory=64.000 GB, comm_cost=0.000)
result[(4, 8, 0, 1), 0] = ModuleProfileResult(compute_cost=304.202, peak_memory=52.553 GB, invar_size=16.970 GB, outvar_size=34.317 GB, temp_buffer_size=1.266 GB, available_memory=64.000 GB, comm_cost=0.000)
result[(4, 8, 0, 1), 1] = ModuleProfileResult(compute_cost=325.231, peak_memory=55.647 GB, invar_size=51.193 GB, outvar_size=16.970 GB, temp_buffer_size=4.360 GB, available_memory=64.000 GB, comm_cost=0.000)
result[(4, 9, 0, 0), 0] = ModuleProfileResult(compute_cost=365.043, peak_memory=62.913 GB, invar_size=20.346 GB, outvar_size=41.162 GB, temp_buffer_size=1.406 GB, available_memory=64.000 GB, comm_cost=0.000)
result[(4, 9, 0, 0), 1] = ModuleProfileResult(compute_cost=390.277, peak_memory=66.054 GB, invar_size=61.413 GB, outvar_size=20.346 GB, temp_buffer_size=4.547 GB, available_memory=64.000 GB, comm_cost=0.000)
result[(4, 9, 0, 1), 0] = ModuleProfileResult(compute_cost=365.043, peak_memory=62.913 GB, invar_size=20.346 GB, outvar_size=41.162 GB, temp_buffer_size=1.406 GB, available_memory=64.000 GB, comm_cost=0.000)
result[(4, 9, 0, 1), 1] = ModuleProfileResult(compute_cost=390.277, peak_memory=66.054 GB, invar_size=61.413 GB, outvar_size=20.346 GB, temp_buffer_size=4.547 GB, available_memory=64.000 GB, comm_cost=0.000)
result[(4, 10, 0, 0), 0] = ModuleProfileResult(compute_cost=425.883, peak_memory=73.274 GB, invar_size=23.721 GB, outvar_size=48.006 GB, temp_buffer_size=1.547 GB, available_memory=64.000 GB, comm_cost=0.000)
result[(4, 10, 0, 0), 1] = ModuleProfileResult(compute_cost=455.323, peak_memory=76.649 GB, invar_size=71.633 GB, outvar_size=23.721 GB, temp_buffer_size=4.922 GB, available_memory=64.000 GB, comm_cost=0.000)
result[(4, 10, 0, 1), 0] = ModuleProfileResult(compute_cost=425.883, peak_memory=73.274 GB, invar_size=23.721 GB, outvar_size=48.006 GB, temp_buffer_size=1.547 GB, available_memory=64.000 GB, comm_cost=0.000)
result[(4, 10, 0, 1), 1] = ModuleProfileResult(compute_cost=455.323, peak_memory=76.649 GB, invar_size=71.633 GB, outvar_size=23.721 GB, temp_buffer_size=4.922 GB, available_memory=64.000 GB, comm_cost=0.000)
result[(4, 11, 0, 0), 0] = ModuleProfileResult(compute_cost=444.070, peak_memory=80.263 GB, invar_size=27.121 GB, outvar_size=53.094 GB, temp_buffer_size=0.047 GB, available_memory=64.000 GB, comm_cost=0.000)
result[(4, 11, 0, 0), 1] = ModuleProfileResult(compute_cost=488.470, peak_memory=85.705 GB, invar_size=80.122 GB, outvar_size=27.121 GB, temp_buffer_size=5.489 GB, available_memory=64.000 GB, comm_cost=0.000)
result[(4, 11, 0, 1), 0] = ModuleProfileResult(compute_cost=444.070, peak_memory=80.263 GB, invar_size=27.121 GB, outvar_size=53.094 GB, temp_buffer_size=0.047 GB, available_memory=64.000 GB, comm_cost=0.000)
result[(4, 11, 0, 1), 1] = ModuleProfileResult(compute_cost=488.470, peak_memory=85.705 GB, invar_size=80.122 GB, outvar_size=27.121 GB, temp_buffer_size=5.489 GB, available_memory=64.000 GB, comm_cost=0.000)
result[(5, 5, 0, 0), 0] = ModuleProfileResult(compute_cost=60.840, peak_memory=11.298 GB, invar_size=3.469 GB, outvar_size=6.938 GB, temp_buffer_size=0.891 GB, available_memory=64.000 GB, comm_cost=0.000)
result[(5, 5, 0, 0), 1] = ModuleProfileResult(compute_cost=65.046, peak_memory=11.908 GB, invar_size=10.314 GB, outvar_size=3.469 GB, temp_buffer_size=1.501 GB, available_memory=64.000 GB, comm_cost=0.000)
result[(5, 5, 0, 1), 0] = ModuleProfileResult(compute_cost=60.840, peak_memory=11.298 GB, invar_size=3.469 GB, outvar_size=6.938 GB, temp_buffer_size=0.891 GB, available_memory=64.000 GB, comm_cost=0.000)
result[(5, 5, 0, 1), 1] = ModuleProfileResult(compute_cost=65.046, peak_memory=11.908 GB, invar_size=10.314 GB, outvar_size=3.469 GB, temp_buffer_size=1.501 GB, available_memory=64.000 GB, comm_cost=0.000)
result[(5, 6, 0, 0), 0] = ModuleProfileResult(compute_cost=121.681, peak_memory=21.612 GB, invar_size=6.844 GB, outvar_size=13.783 GB, temp_buffer_size=0.984 GB, available_memory=64.000 GB, comm_cost=0.000)
result[(5, 6, 0, 0), 1] = ModuleProfileResult(compute_cost=130.092, peak_memory=23.065 GB, invar_size=20.534 GB, outvar_size=6.844 GB, temp_buffer_size=2.438 GB, available_memory=64.000 GB, comm_cost=0.000)
result[(5, 6, 0, 1), 0] = ModuleProfileResult(compute_cost=121.681, peak_memory=21.612 GB, invar_size=6.844 GB, outvar_size=13.783 GB, temp_buffer_size=0.984 GB, available_memory=64.000 GB, comm_cost=0.000)
result[(5, 6, 0, 1), 1] = ModuleProfileResult(compute_cost=130.092, peak_memory=23.065 GB, invar_size=20.534 GB, outvar_size=6.844 GB, temp_buffer_size=2.438 GB, available_memory=64.000 GB, comm_cost=0.000)
result[(5, 7, 0, 0), 0] = ModuleProfileResult(compute_cost=182.521, peak_memory=31.832 GB, invar_size=10.220 GB, outvar_size=20.628 GB, temp_buffer_size=0.984 GB, available_memory=64.000 GB, comm_cost=0.000)
result[(5, 7, 0, 0), 1] = ModuleProfileResult(compute_cost=195.139, peak_memory=34.316 GB, invar_size=30.754 GB, outvar_size=10.220 GB, temp_buffer_size=3.469 GB, available_memory=64.000 GB, comm_cost=0.000)
result[(5, 7, 0, 1), 0] = ModuleProfileResult(compute_cost=182.521, peak_memory=31.832 GB, invar_size=10.220 GB, outvar_size=20.628 GB, temp_buffer_size=0.984 GB, available_memory=64.000 GB, comm_cost=0.000)
result[(5, 7, 0, 1), 1] = ModuleProfileResult(compute_cost=195.139, peak_memory=34.316 GB, invar_size=30.754 GB, outvar_size=10.220 GB, temp_buffer_size=3.469 GB, available_memory=64.000 GB, comm_cost=0.000)
result[(5, 8, 0, 0), 0] = ModuleProfileResult(compute_cost=243.362, peak_memory=42.192 GB, invar_size=13.595 GB, outvar_size=27.472 GB, temp_buffer_size=1.125 GB, available_memory=64.000 GB, comm_cost=0.000)
result[(5, 8, 0, 0), 1] = ModuleProfileResult(compute_cost=260.185, peak_memory=45.380 GB, invar_size=40.973 GB, outvar_size=13.595 GB, temp_buffer_size=4.313 GB, available_memory=64.000 GB, comm_cost=0.000)
result[(5, 8, 0, 1), 0] = ModuleProfileResult(compute_cost=243.362, peak_memory=42.192 GB, invar_size=13.595 GB, outvar_size=27.472 GB, temp_buffer_size=1.125 GB, available_memory=64.000 GB, comm_cost=0.000)
result[(5, 8, 0, 1), 1] = ModuleProfileResult(compute_cost=260.185, peak_memory=45.380 GB, invar_size=40.973 GB, outvar_size=13.595 GB, temp_buffer_size=4.313 GB, available_memory=64.000 GB, comm_cost=0.000)
result[(5, 9, 0, 0), 0] = ModuleProfileResult(compute_cost=304.202, peak_memory=52.553 GB, invar_size=16.970 GB, outvar_size=34.317 GB, temp_buffer_size=1.266 GB, available_memory=64.000 GB, comm_cost=0.000)
result[(5, 9, 0, 0), 1] = ModuleProfileResult(compute_cost=325.231, peak_memory=55.647 GB, invar_size=51.193 GB, outvar_size=16.970 GB, temp_buffer_size=4.360 GB, available_memory=64.000 GB, comm_cost=0.000)
result[(5, 9, 0, 1), 0] = ModuleProfileResult(compute_cost=304.202, peak_memory=52.553 GB, invar_size=16.970 GB, outvar_size=34.317 GB, temp_buffer_size=1.266 GB, available_memory=64.000 GB, comm_cost=0.000)
result[(5, 9, 0, 1), 1] = ModuleProfileResult(compute_cost=325.231, peak_memory=55.647 GB, invar_size=51.193 GB, outvar_size=16.970 GB, temp_buffer_size=4.360 GB, available_memory=64.000 GB, comm_cost=0.000)
result[(5, 10, 0, 0), 0] = ModuleProfileResult(compute_cost=365.043, peak_memory=62.913 GB, invar_size=20.346 GB, outvar_size=41.162 GB, temp_buffer_size=1.406 GB, available_memory=64.000 GB, comm_cost=0.000)
result[(5, 10, 0, 0), 1] = ModuleProfileResult(compute_cost=390.277, peak_memory=66.054 GB, invar_size=61.413 GB, outvar_size=20.346 GB, temp_buffer_size=4.547 GB, available_memory=64.000 GB, comm_cost=0.000)
result[(5, 10, 0, 1), 0] = ModuleProfileResult(compute_cost=365.043, peak_memory=62.913 GB, invar_size=20.346 GB, outvar_size=41.162 GB, temp_buffer_size=1.406 GB, available_memory=64.000 GB, comm_cost=0.000)
result[(5, 10, 0, 1), 1] = ModuleProfileResult(compute_cost=390.277, peak_memory=66.054 GB, invar_size=61.413 GB, outvar_size=20.346 GB, temp_buffer_size=4.547 GB, available_memory=64.000 GB, comm_cost=0.000)
result[(5, 11, 0, 0), 0] = ModuleProfileResult(compute_cost=383.230, peak_memory=70.043 GB, invar_size=23.746 GB, outvar_size=46.250 GB, temp_buffer_size=0.047 GB, available_memory=64.000 GB, comm_cost=0.000)
result[(5, 11, 0, 0), 1] = ModuleProfileResult(compute_cost=423.424, peak_memory=75.344 GB, invar_size=69.902 GB, outvar_size=23.746 GB, temp_buffer_size=5.349 GB, available_memory=64.000 GB, comm_cost=0.000)
result[(5, 11, 0, 1), 0] = ModuleProfileResult(compute_cost=383.230, peak_memory=70.043 GB, invar_size=23.746 GB, outvar_size=46.250 GB, temp_buffer_size=0.047 GB, available_memory=64.000 GB, comm_cost=0.000)
result[(5, 11, 0, 1), 1] = ModuleProfileResult(compute_cost=423.424, peak_memory=75.344 GB, invar_size=69.902 GB, outvar_size=23.746 GB, temp_buffer_size=5.349 GB, available_memory=64.000 GB, comm_cost=0.000)
result[(6, 6, 0, 0), 0] = ModuleProfileResult(compute_cost=60.840, peak_memory=11.298 GB, invar_size=3.469 GB, outvar_size=6.938 GB, temp_buffer_size=0.891 GB, available_memory=64.000 GB, comm_cost=0.000)
result[(6, 6, 0, 0), 1] = ModuleProfileResult(compute_cost=65.046, peak_memory=11.908 GB, invar_size=10.314 GB, outvar_size=3.469 GB, temp_buffer_size=1.501 GB, available_memory=64.000 GB, comm_cost=0.000)
result[(6, 6, 0, 1), 0] = ModuleProfileResult(compute_cost=60.840, peak_memory=11.298 GB, invar_size=3.469 GB, outvar_size=6.938 GB, temp_buffer_size=0.891 GB, available_memory=64.000 GB, comm_cost=0.000)
result[(6, 6, 0, 1), 1] = ModuleProfileResult(compute_cost=65.046, peak_memory=11.908 GB, invar_size=10.314 GB, outvar_size=3.469 GB, temp_buffer_size=1.501 GB, available_memory=64.000 GB, comm_cost=0.000)
result[(6, 7, 0, 0), 0] = ModuleProfileResult(compute_cost=121.681, peak_memory=21.612 GB, invar_size=6.844 GB, outvar_size=13.783 GB, temp_buffer_size=0.984 GB, available_memory=64.000 GB, comm_cost=0.000)
result[(6, 7, 0, 0), 1] = ModuleProfileResult(compute_cost=130.092, peak_memory=23.065 GB, invar_size=20.534 GB, outvar_size=6.844 GB, temp_buffer_size=2.438 GB, available_memory=64.000 GB, comm_cost=0.000)
result[(6, 7, 0, 1), 0] = ModuleProfileResult(compute_cost=121.681, peak_memory=21.612 GB, invar_size=6.844 GB, outvar_size=13.783 GB, temp_buffer_size=0.984 GB, available_memory=64.000 GB, comm_cost=0.000)
result[(6, 7, 0, 1), 1] = ModuleProfileResult(compute_cost=130.092, peak_memory=23.065 GB, invar_size=20.534 GB, outvar_size=6.844 GB, temp_buffer_size=2.438 GB, available_memory=64.000 GB, comm_cost=0.000)
result[(6, 8, 0, 0), 0] = ModuleProfileResult(compute_cost=182.521, peak_memory=31.832 GB, invar_size=10.220 GB, outvar_size=20.628 GB, temp_buffer_size=0.984 GB, available_memory=64.000 GB, comm_cost=0.000)
result[(6, 8, 0, 0), 1] = ModuleProfileResult(compute_cost=195.139, peak_memory=34.316 GB, invar_size=30.754 GB, outvar_size=10.220 GB, temp_buffer_size=3.469 GB, available_memory=64.000 GB, comm_cost=0.000)
result[(6, 8, 0, 1), 0] = ModuleProfileResult(compute_cost=182.521, peak_memory=31.832 GB, invar_size=10.220 GB, outvar_size=20.628 GB, temp_buffer_size=0.984 GB, available_memory=64.000 GB, comm_cost=0.000)
result[(6, 8, 0, 1), 1] = ModuleProfileResult(compute_cost=195.139, peak_memory=34.316 GB, invar_size=30.754 GB, outvar_size=10.220 GB, temp_buffer_size=3.469 GB, available_memory=64.000 GB, comm_cost=0.000)
result[(6, 9, 0, 0), 0] = ModuleProfileResult(compute_cost=243.362, peak_memory=42.192 GB, invar_size=13.595 GB, outvar_size=27.472 GB, temp_buffer_size=1.125 GB, available_memory=64.000 GB, comm_cost=0.000)
result[(6, 9, 0, 0), 1] = ModuleProfileResult(compute_cost=260.185, peak_memory=45.380 GB, invar_size=40.973 GB, outvar_size=13.595 GB, temp_buffer_size=4.313 GB, available_memory=64.000 GB, comm_cost=0.000)
result[(6, 9, 0, 1), 0] = ModuleProfileResult(compute_cost=243.362, peak_memory=42.192 GB, invar_size=13.595 GB, outvar_size=27.472 GB, temp_buffer_size=1.125 GB, available_memory=64.000 GB, comm_cost=0.000)
result[(6, 9, 0, 1), 1] = ModuleProfileResult(compute_cost=260.185, peak_memory=45.380 GB, invar_size=40.973 GB, outvar_size=13.595 GB, temp_buffer_size=4.313 GB, available_memory=64.000 GB, comm_cost=0.000)
result[(6, 10, 0, 0), 0] = ModuleProfileResult(compute_cost=304.202, peak_memory=52.553 GB, invar_size=16.970 GB, outvar_size=34.317 GB, temp_buffer_size=1.266 GB, available_memory=64.000 GB, comm_cost=0.000)
result[(6, 10, 0, 0), 1] = ModuleProfileResult(compute_cost=325.231, peak_memory=55.647 GB, invar_size=51.193 GB, outvar_size=16.970 GB, temp_buffer_size=4.360 GB, available_memory=64.000 GB, comm_cost=0.000)
result[(6, 10, 0, 1), 0] = ModuleProfileResult(compute_cost=304.202, peak_memory=52.553 GB, invar_size=16.970 GB, outvar_size=34.317 GB, temp_buffer_size=1.266 GB, available_memory=64.000 GB, comm_cost=0.000)
result[(6, 10, 0, 1), 1] = ModuleProfileResult(compute_cost=325.231, peak_memory=55.647 GB, invar_size=51.193 GB, outvar_size=16.970 GB, temp_buffer_size=4.360 GB, available_memory=64.000 GB, comm_cost=0.000)
result[(6, 11, 0, 0), 0] = ModuleProfileResult(compute_cost=322.389, peak_memory=59.823 GB, invar_size=20.371 GB, outvar_size=39.405 GB, temp_buffer_size=0.047 GB, available_memory=64.000 GB, comm_cost=0.000)
result[(6, 11, 0, 0), 1] = ModuleProfileResult(compute_cost=358.378, peak_memory=64.749 GB, invar_size=59.682 GB, outvar_size=20.371 GB, temp_buffer_size=4.973 GB, available_memory=64.000 GB, comm_cost=0.000)
result[(6, 11, 0, 1), 0] = ModuleProfileResult(compute_cost=322.389, peak_memory=59.823 GB, invar_size=20.371 GB, outvar_size=39.405 GB, temp_buffer_size=0.047 GB, available_memory=64.000 GB, comm_cost=0.000)
result[(6, 11, 0, 1), 1] = ModuleProfileResult(compute_cost=358.378, peak_memory=64.749 GB, invar_size=59.682 GB, outvar_size=20.371 GB, temp_buffer_size=4.973 GB, available_memory=64.000 GB, comm_cost=0.000)
result[(7, 7, 0, 0), 0] = ModuleProfileResult(compute_cost=60.840, peak_memory=11.298 GB, invar_size=3.469 GB, outvar_size=6.938 GB, temp_buffer_size=0.891 GB, available_memory=64.000 GB, comm_cost=0.000)
result[(7, 7, 0, 0), 1] = ModuleProfileResult(compute_cost=65.046, peak_memory=11.908 GB, invar_size=10.314 GB, outvar_size=3.469 GB, temp_buffer_size=1.501 GB, available_memory=64.000 GB, comm_cost=0.000)
result[(7, 7, 0, 1), 0] = ModuleProfileResult(compute_cost=60.840, peak_memory=11.298 GB, invar_size=3.469 GB, outvar_size=6.938 GB, temp_buffer_size=0.891 GB, available_memory=64.000 GB, comm_cost=0.000)
result[(7, 7, 0, 1), 1] = ModuleProfileResult(compute_cost=65.046, peak_memory=11.908 GB, invar_size=10.314 GB, outvar_size=3.469 GB, temp_buffer_size=1.501 GB, available_memory=64.000 GB, comm_cost=0.000)
result[(7, 8, 0, 0), 0] = ModuleProfileResult(compute_cost=121.681, peak_memory=21.612 GB, invar_size=6.844 GB, outvar_size=13.783 GB, temp_buffer_size=0.984 GB, available_memory=64.000 GB, comm_cost=0.000)
result[(7, 8, 0, 0), 1] = ModuleProfileResult(compute_cost=130.092, peak_memory=23.065 GB, invar_size=20.534 GB, outvar_size=6.844 GB, temp_buffer_size=2.438 GB, available_memory=64.000 GB, comm_cost=0.000)
result[(7, 8, 0, 1), 0] = ModuleProfileResult(compute_cost=121.681, peak_memory=21.612 GB, invar_size=6.844 GB, outvar_size=13.783 GB, temp_buffer_size=0.984 GB, available_memory=64.000 GB, comm_cost=0.000)
result[(7, 8, 0, 1), 1] = ModuleProfileResult(compute_cost=130.092, peak_memory=23.065 GB, invar_size=20.534 GB, outvar_size=6.844 GB, temp_buffer_size=2.438 GB, available_memory=64.000 GB, comm_cost=0.000)
result[(7, 9, 0, 0), 0] = ModuleProfileResult(compute_cost=182.521, peak_memory=31.832 GB, invar_size=10.220 GB, outvar_size=20.628 GB, temp_buffer_size=0.984 GB, available_memory=64.000 GB, comm_cost=0.000)
result[(7, 9, 0, 0), 1] = ModuleProfileResult(compute_cost=195.139, peak_memory=34.316 GB, invar_size=30.754 GB, outvar_size=10.220 GB, temp_buffer_size=3.469 GB, available_memory=64.000 GB, comm_cost=0.000)
result[(7, 9, 0, 1), 0] = ModuleProfileResult(compute_cost=182.521, peak_memory=31.832 GB, invar_size=10.220 GB, outvar_size=20.628 GB, temp_buffer_size=0.984 GB, available_memory=64.000 GB, comm_cost=0.000)
result[(7, 9, 0, 1), 1] = ModuleProfileResult(compute_cost=195.139, peak_memory=34.316 GB, invar_size=30.754 GB, outvar_size=10.220 GB, temp_buffer_size=3.469 GB, available_memory=64.000 GB, comm_cost=0.000)
result[(7, 10, 0, 0), 0] = ModuleProfileResult(compute_cost=243.362, peak_memory=42.192 GB, invar_size=13.595 GB, outvar_size=27.472 GB, temp_buffer_size=1.125 GB, available_memory=64.000 GB, comm_cost=0.000)
result[(7, 10, 0, 0), 1] = ModuleProfileResult(compute_cost=260.185, peak_memory=45.380 GB, invar_size=40.973 GB, outvar_size=13.595 GB, temp_buffer_size=4.313 GB, available_memory=64.000 GB, comm_cost=0.000)
result[(7, 10, 0, 1), 0] = ModuleProfileResult(compute_cost=243.362, peak_memory=42.192 GB, invar_size=13.595 GB, outvar_size=27.472 GB, temp_buffer_size=1.125 GB, available_memory=64.000 GB, comm_cost=0.000)
result[(7, 10, 0, 1), 1] = ModuleProfileResult(compute_cost=260.185, peak_memory=45.380 GB, invar_size=40.973 GB, outvar_size=13.595 GB, temp_buffer_size=4.313 GB, available_memory=64.000 GB, comm_cost=0.000)
result[(7, 11, 0, 0), 0] = ModuleProfileResult(compute_cost=261.549, peak_memory=49.603 GB, invar_size=16.995 GB, outvar_size=32.560 GB, temp_buffer_size=0.047 GB, available_memory=64.000 GB, comm_cost=0.000)
result[(7, 11, 0, 0), 1] = ModuleProfileResult(compute_cost=293.332, peak_memory=54.389 GB, invar_size=49.462 GB, outvar_size=16.995 GB, temp_buffer_size=4.833 GB, available_memory=64.000 GB, comm_cost=0.000)
result[(7, 11, 0, 1), 0] = ModuleProfileResult(compute_cost=261.549, peak_memory=49.603 GB, invar_size=16.995 GB, outvar_size=32.560 GB, temp_buffer_size=0.047 GB, available_memory=64.000 GB, comm_cost=0.000)
result[(7, 11, 0, 1), 1] = ModuleProfileResult(compute_cost=293.332, peak_memory=54.389 GB, invar_size=49.462 GB, outvar_size=16.995 GB, temp_buffer_size=4.833 GB, available_memory=64.000 GB, comm_cost=0.000)
result[(8, 8, 0, 0), 0] = ModuleProfileResult(compute_cost=60.840, peak_memory=11.298 GB, invar_size=3.469 GB, outvar_size=6.938 GB, temp_buffer_size=0.891 GB, available_memory=64.000 GB, comm_cost=0.000)
result[(8, 8, 0, 0), 1] = ModuleProfileResult(compute_cost=65.046, peak_memory=11.908 GB, invar_size=10.314 GB, outvar_size=3.469 GB, temp_buffer_size=1.501 GB, available_memory=64.000 GB, comm_cost=0.000)
result[(8, 8, 0, 1), 0] = ModuleProfileResult(compute_cost=60.840, peak_memory=11.298 GB, invar_size=3.469 GB, outvar_size=6.938 GB, temp_buffer_size=0.891 GB, available_memory=64.000 GB, comm_cost=0.000)
result[(8, 8, 0, 1), 1] = ModuleProfileResult(compute_cost=65.046, peak_memory=11.908 GB, invar_size=10.314 GB, outvar_size=3.469 GB, temp_buffer_size=1.501 GB, available_memory=64.000 GB, comm_cost=0.000)
result[(8, 9, 0, 0), 0] = ModuleProfileResult(compute_cost=121.681, peak_memory=21.612 GB, invar_size=6.844 GB, outvar_size=13.783 GB, temp_buffer_size=0.984 GB, available_memory=64.000 GB, comm_cost=0.000)
result[(8, 9, 0, 0), 1] = ModuleProfileResult(compute_cost=130.092, peak_memory=23.065 GB, invar_size=20.534 GB, outvar_size=6.844 GB, temp_buffer_size=2.438 GB, available_memory=64.000 GB, comm_cost=0.000)
result[(8, 9, 0, 1), 0] = ModuleProfileResult(compute_cost=121.681, peak_memory=21.612 GB, invar_size=6.844 GB, outvar_size=13.783 GB, temp_buffer_size=0.984 GB, available_memory=64.000 GB, comm_cost=0.000)
result[(8, 9, 0, 1), 1] = ModuleProfileResult(compute_cost=130.092, peak_memory=23.065 GB, invar_size=20.534 GB, outvar_size=6.844 GB, temp_buffer_size=2.438 GB, available_memory=64.000 GB, comm_cost=0.000)
result[(8, 10, 0, 0), 0] = ModuleProfileResult(compute_cost=182.521, peak_memory=31.832 GB, invar_size=10.220 GB, outvar_size=20.628 GB, temp_buffer_size=0.984 GB, available_memory=64.000 GB, comm_cost=0.000)
result[(8, 10, 0, 0), 1] = ModuleProfileResult(compute_cost=195.139, peak_memory=34.316 GB, invar_size=30.754 GB, outvar_size=10.220 GB, temp_buffer_size=3.469 GB, available_memory=64.000 GB, comm_cost=0.000)
result[(8, 10, 0, 1), 0] = ModuleProfileResult(compute_cost=182.521, peak_memory=31.832 GB, invar_size=10.220 GB, outvar_size=20.628 GB, temp_buffer_size=0.984 GB, available_memory=64.000 GB, comm_cost=0.000)
result[(8, 10, 0, 1), 1] = ModuleProfileResult(compute_cost=195.139, peak_memory=34.316 GB, invar_size=30.754 GB, outvar_size=10.220 GB, temp_buffer_size=3.469 GB, available_memory=64.000 GB, comm_cost=0.000)
result[(8, 11, 0, 0), 0] = ModuleProfileResult(compute_cost=200.708, peak_memory=39.383 GB, invar_size=13.620 GB, outvar_size=25.716 GB, temp_buffer_size=0.047 GB, available_memory=64.000 GB, comm_cost=0.000)
result[(8, 11, 0, 0), 1] = ModuleProfileResult(compute_cost=228.286, peak_memory=43.559 GB, invar_size=39.242 GB, outvar_size=13.620 GB, temp_buffer_size=4.224 GB, available_memory=64.000 GB, comm_cost=0.000)
[2m[33m(raylet)[0m [2026-02-22 22:16:05,139 E 3368862 3368862] (raylet) worker_pool.cc:524: Some workers of the worker process(3266501) have not registered within the timeout. The process is still alive, probably it's hanging during start.
[2m[33m(raylet)[0m [2026-02-22 22:16:05,180 E 3368862 3368862] (raylet) worker_pool.cc:524: Some workers of the worker process(3266502) have not registered within the timeout. The process is still alive, probably it's hanging during start.
[2m[33m(raylet)[0m [2026-02-22 22:16:05,183 E 3368862 3368862] (raylet) worker_pool.cc:524: Some workers of the worker process(3266503) have not registered within the timeout. The process is still alive, probably it's hanging during start.
[2m[33m(raylet)[0m [2026-02-22 22:16:05,186 E 3368862 3368862] (raylet) worker_pool.cc:524: Some workers of the worker process(3266504) have not registered within the timeout. The process is still alive, probably it's hanging during start.
[2m[33m(raylet)[0m [2026-02-22 22:16:05,188 E 3368862 3368862] (raylet) worker_pool.cc:524: Some workers of the worker process(3266505) have not registered within the timeout. The process is still alive, probably it's hanging during start.
[2m[33m(raylet)[0m [2026-02-22 22:16:05,191 E 3368862 3368862] (raylet) worker_pool.cc:524: Some workers of the worker process(3266506) have not registered within the timeout. The process is still alive, probably it's hanging during start.
[2m[33m(raylet)[0m [2026-02-22 22:16:05,194 E 3368862 3368862] (raylet) worker_pool.cc:524: Some workers of the worker process(3266507) have not registered within the timeout. The process is still alive, probably it's hanging during start.
[2m[33m(raylet)[0m [2026-02-22 22:16:05,196 E 3368862 3368862] (raylet) worker_pool.cc:524: Some workers of the worker process(3266508) have not registered within the timeout. The process is still alive, probably it's hanging during start.
[2m[33m(raylet)[0m [2026-02-22 22:16:05,199 E 3368862 3368862] (raylet) worker_pool.cc:524: Some workers of the worker process(3266509) have not registered within the timeout. The process is still alive, probably it's hanging during start.
[2m[33m(raylet)[0m [2026-02-22 22:16:05,201 E 3368862 3368862] (raylet) worker_pool.cc:524: Some workers of the worker process(3266510) have not registered within the timeout. The process is still alive, probably it's hanging during start.
[2m[33m(raylet)[0m [2026-02-22 22:16:05,204 E 3368862 3368862] (raylet) worker_pool.cc:524: Some workers of the worker process(3266511) have not registered within the timeout. The process is still alive, probably it's hanging during start.
[2m[33m(raylet)[0m [2026-02-22 22:16:05,207 E 3368862 3368862] (raylet) worker_pool.cc:524: Some workers of the worker process(3266512) have not registered within the timeout. The process is still alive, probably it's hanging during start.
[2m[33m(raylet)[0m [2026-02-22 23:13:07,136 E 3368862 3368862] (raylet) worker_pool.cc:524: Some workers of the worker process(3439184) have not registered within the timeout. The process is still alive, probably it's hanging during start.
[2m[33m(raylet)[0m [2026-02-22 23:13:07,190 E 3368862 3368862] (raylet) worker_pool.cc:524: Some workers of the worker process(3439185) have not registered within the timeout. The process is still alive, probably it's hanging during start.
[2m[33m(raylet)[0m [2026-02-22 23:13:07,193 E 3368862 3368862] (raylet) worker_pool.cc:524: Some workers of the worker process(3439186) have not registered within the timeout. The process is still alive, probably it's hanging during start.
[2m[33m(raylet)[0m [2026-02-22 23:13:07,195 E 3368862 3368862] (raylet) worker_pool.cc:524: Some workers of the worker process(3439187) have not registered within the timeout. The process is still alive, probably it's hanging during start.
[2m[33m(raylet)[0m [2026-02-22 23:13:07,198 E 3368862 3368862] (raylet) worker_pool.cc:524: Some workers of the worker process(3439188) have not registered within the timeout. The process is still alive, probably it's hanging during start.
[2m[33m(raylet)[0m [2026-02-22 23:13:07,201 E 3368862 3368862] (raylet) worker_pool.cc:524: Some workers of the worker process(3439189) have not registered within the timeout. The process is still alive, probably it's hanging during start.
[2m[33m(raylet)[0m [2026-02-22 23:13:07,203 E 3368862 3368862] (raylet) worker_pool.cc:524: Some workers of the worker process(3439190) have not registered within the timeout. The process is still alive, probably it's hanging during start.
[2m[33m(raylet)[0m [2026-02-22 23:13:07,206 E 3368862 3368862] (raylet) worker_pool.cc:524: Some workers of the worker process(3439191) have not registered within the timeout. The process is still alive, probably it's hanging during start.
[2m[33m(raylet)[0m [2026-02-22 23:13:07,209 E 3368862 3368862] (raylet) worker_pool.cc:524: Some workers of the worker process(3439192) have not registered within the timeout. The process is still alive, probably it's hanging during start.
[2m[33m(raylet)[0m [2026-02-22 23:13:07,212 E 3368862 3368862] (raylet) worker_pool.cc:524: Some workers of the worker process(3439193) have not registered within the timeout. The process is still alive, probably it's hanging during start.
[2m[33m(raylet)[0m [2026-02-22 23:13:07,214 E 3368862 3368862] (raylet) worker_pool.cc:524: Some workers of the worker process(3439194) have not registered within the timeout. The process is still alive, probably it's hanging during start.
[2m[33m(raylet)[0m [2026-02-22 23:13:07,217 E 3368862 3368862] (raylet) worker_pool.cc:524: Some workers of the worker process(3439195) have not registered within the timeout. The process is still alive, probably it's hanging during start.
result[(8, 11, 0, 1), 0] = ModuleProfileResult(compute_cost=200.708, peak_memory=39.383 GB, invar_size=13.620 GB, outvar_size=25.716 GB, temp_buffer_size=0.047 GB, available_memory=64.000 GB, comm_cost=0.000)
result[(8, 11, 0, 1), 1] = ModuleProfileResult(compute_cost=228.286, peak_memory=43.559 GB, invar_size=39.242 GB, outvar_size=13.620 GB, temp_buffer_size=4.224 GB, available_memory=64.000 GB, comm_cost=0.000)
result[(9, 9, 0, 0), 0] = ModuleProfileResult(compute_cost=60.840, peak_memory=11.298 GB, invar_size=3.469 GB, outvar_size=6.938 GB, temp_buffer_size=0.891 GB, available_memory=64.000 GB, comm_cost=0.000)
result[(9, 9, 0, 0), 1] = ModuleProfileResult(compute_cost=65.046, peak_memory=11.908 GB, invar_size=10.314 GB, outvar_size=3.469 GB, temp_buffer_size=1.501 GB, available_memory=64.000 GB, comm_cost=0.000)
result[(9, 9, 0, 1), 0] = ModuleProfileResult(compute_cost=60.840, peak_memory=11.298 GB, invar_size=3.469 GB, outvar_size=6.938 GB, temp_buffer_size=0.891 GB, available_memory=64.000 GB, comm_cost=0.000)
result[(9, 9, 0, 1), 1] = ModuleProfileResult(compute_cost=65.046, peak_memory=11.908 GB, invar_size=10.314 GB, outvar_size=3.469 GB, temp_buffer_size=1.501 GB, available_memory=64.000 GB, comm_cost=0.000)
result[(9, 10, 0, 0), 0] = ModuleProfileResult(compute_cost=121.681, peak_memory=21.612 GB, invar_size=6.844 GB, outvar_size=13.783 GB, temp_buffer_size=0.984 GB, available_memory=64.000 GB, comm_cost=0.000)
result[(9, 10, 0, 0), 1] = ModuleProfileResult(compute_cost=130.092, peak_memory=23.065 GB, invar_size=20.534 GB, outvar_size=6.844 GB, temp_buffer_size=2.438 GB, available_memory=64.000 GB, comm_cost=0.000)
result[(9, 10, 0, 1), 0] = ModuleProfileResult(compute_cost=121.681, peak_memory=21.612 GB, invar_size=6.844 GB, outvar_size=13.783 GB, temp_buffer_size=0.984 GB, available_memory=64.000 GB, comm_cost=0.000)
result[(9, 10, 0, 1), 1] = ModuleProfileResult(compute_cost=130.092, peak_memory=23.065 GB, invar_size=20.534 GB, outvar_size=6.844 GB, temp_buffer_size=2.438 GB, available_memory=64.000 GB, comm_cost=0.000)
result[(9, 11, 0, 0), 0] = ModuleProfileResult(compute_cost=139.868, peak_memory=29.163 GB, invar_size=10.245 GB, outvar_size=18.871 GB, temp_buffer_size=0.047 GB, available_memory=64.000 GB, comm_cost=0.000)
result[(9, 11, 0, 0), 1] = ModuleProfileResult(compute_cost=163.239, peak_memory=32.542 GB, invar_size=29.022 GB, outvar_size=10.245 GB, temp_buffer_size=3.426 GB, available_memory=64.000 GB, comm_cost=0.000)
result[(9, 11, 0, 1), 0] = ModuleProfileResult(compute_cost=139.868, peak_memory=29.163 GB, invar_size=10.245 GB, outvar_size=18.871 GB, temp_buffer_size=0.047 GB, available_memory=64.000 GB, comm_cost=0.000)
result[(9, 11, 0, 1), 1] = ModuleProfileResult(compute_cost=163.239, peak_memory=32.542 GB, invar_size=29.022 GB, outvar_size=10.245 GB, temp_buffer_size=3.426 GB, available_memory=64.000 GB, comm_cost=0.000)
result[(10, 10, 0, 0), 0] = ModuleProfileResult(compute_cost=60.840, peak_memory=11.298 GB, invar_size=3.469 GB, outvar_size=6.938 GB, temp_buffer_size=0.891 GB, available_memory=64.000 GB, comm_cost=0.000)
result[(10, 10, 0, 0), 1] = ModuleProfileResult(compute_cost=65.046, peak_memory=11.908 GB, invar_size=10.314 GB, outvar_size=3.469 GB, temp_buffer_size=1.501 GB, available_memory=64.000 GB, comm_cost=0.000)
result[(10, 10, 0, 1), 0] = ModuleProfileResult(compute_cost=60.840, peak_memory=11.298 GB, invar_size=3.469 GB, outvar_size=6.938 GB, temp_buffer_size=0.891 GB, available_memory=64.000 GB, comm_cost=0.000)
result[(10, 10, 0, 1), 1] = ModuleProfileResult(compute_cost=65.046, peak_memory=11.908 GB, invar_size=10.314 GB, outvar_size=3.469 GB, temp_buffer_size=1.501 GB, available_memory=64.000 GB, comm_cost=0.000)
result[(10, 11, 0, 0), 0] = ModuleProfileResult(compute_cost=79.028, peak_memory=18.943 GB, invar_size=6.870 GB, outvar_size=12.026 GB, temp_buffer_size=0.047 GB, available_memory=64.000 GB, comm_cost=0.000)
result[(10, 11, 0, 0), 1] = ModuleProfileResult(compute_cost=98.193, peak_memory=21.432 GB, invar_size=18.802 GB, outvar_size=6.870 GB, temp_buffer_size=2.536 GB, available_memory=64.000 GB, comm_cost=0.000)
result[(10, 11, 0, 1), 0] = ModuleProfileResult(compute_cost=79.028, peak_memory=18.943 GB, invar_size=6.870 GB, outvar_size=12.026 GB, temp_buffer_size=0.047 GB, available_memory=64.000 GB, comm_cost=0.000)
result[(10, 11, 0, 1), 1] = ModuleProfileResult(compute_cost=98.193, peak_memory=21.432 GB, invar_size=18.802 GB, outvar_size=6.870 GB, temp_buffer_size=2.536 GB, available_memory=64.000 GB, comm_cost=0.000)
result[(11, 11, 0, 0), 0] = ModuleProfileResult(compute_cost=18.187, peak_memory=8.676 GB, invar_size=3.494 GB, outvar_size=5.182 GB, temp_buffer_size=0.000 GB, available_memory=64.000 GB, comm_cost=0.000)
result[(11, 11, 0, 0), 1] = ModuleProfileResult(compute_cost=33.147, peak_memory=10.082 GB, invar_size=8.582 GB, outvar_size=3.494 GB, temp_buffer_size=1.406 GB, available_memory=64.000 GB, comm_cost=0.000)
result[(11, 11, 0, 1), 0] = ModuleProfileResult(compute_cost=18.187, peak_memory=8.676 GB, invar_size=3.494 GB, outvar_size=5.182 GB, temp_buffer_size=0.000 GB, available_memory=64.000 GB, comm_cost=0.000)
result[(11, 11, 0, 1), 1] = ModuleProfileResult(compute_cost=33.147, peak_memory=10.082 GB, invar_size=8.582 GB, outvar_size=3.494 GB, temp_buffer_size=1.406 GB, available_memory=64.000 GB, comm_cost=0.000)
Profiling for submesh 0 (1, 1) takes 986.13 seconds
--------------------------------------------------
Profile result saved to: profile-results-2026-02-22-23-26-28.npy
----------------------------------------------------------------------
Best solution cost: 3595174.425720215
Result forward_stage_layer_ids: [[0, 1], [2], [3], [4], [5, 6], [7], [8], [9], [10, 11]]
Result mesh_shapes: [(2, 8), (2, 8), (1, 4), (1, 8), (2, 8), (1, 1), (1, 1), (1, 1), (1, 1)]
Result logical_mesh_shapes: [(16, 1), (16, 1), (4, 1), (8, 1), (16, 1), (1, 1), (1, 1), (1, 1), (1, 1)]
Result autosharding_option_dicts: [{}, {}, {}, {}, {}, {}, {}, {'force_batch_dim_to_mesh_dim': 0}, {'force_batch_dim_to_mesh_dim': 0}]
Elapsed time: 4838.84s
--------------------------------------------------
