2026-02-21 10:37:57,947	INFO worker.py:1352 -- Connecting to existing Ray cluster at address: 172.27.149.210:6379...
2026-02-21 10:37:58,144	INFO worker.py:1538 -- Connected to Ray cluster.
Running with: num_nodes=2, total_devices=16, num_layers=12, num_microbatch=4096
Compiling and running parallelized training step...
-------------------- Automatic stage clustering --------------------
submesh_choices: ((1, 1), (1, 2), (1, 4), (1, 8), (2, 8))
- Profiling for submesh 4 (2, 8):
- Generate all stage infos (Jaxpr -> HLO)
- Compile all stages, get estimations
num of workers:1
[2m[36m(CompileWorker pid=3710626)[0m compiled for stage:0 name: stage_0_11_acc_grad_0 module id: 0
[2m[36m(CompileWorker pid=3710626)[0m  tensor (Large latency) dimensions: (1, 2048, 12288, 50257, 1, 1, 1, 1, 1, 1, 0, 0, 'CONV', 1, 1, 0, 0),  latency: 722.1379657142858
[2m[36m(CompileWorker pid=3710626)[0m  tensor (Large latency) dimensions: (1, 2048, 36864, 36864, 1, 1, 1, 1, 1, 1, 0, 0, 'CONV', 1, 1, 0, 0),  latency: 241.54697142857142
[2m[36m(CompileWorker pid=3710626)[0m  tensor (Large latency) dimensions: (1, 2048, 12288, 12288, 1, 1, 1, 1, 1, 1, 0, 0, 'CONV', 1, 1, 0, 0),  latency: 26.58889142857143
[2m[36m(CompileWorker pid=3710626)[0m  tensor (Large latency) dimensions: (1, 2048, 3072, 3072, 1, 1, 1, 1, 1, 1, 0, 0, 'CONV', 1, 1, 0, 0),  latency: 1.5915885714285714
[2m[36m(CompileWorker pid=3710626)[0m  tensor (Large latency) dimensions: (1, 2048, 12288, 12288, 1, 1, 1, 1, 1, 1, 0, 0, 'CONV', 1, 1, 0, 0),  latency: 26.58889142857143
[2m[36m(CompileWorker pid=3710626)[0m compiled for stage:0 name: stage_0_11_acc_grad_1 module id: 1
[2m[36m(CompileWorker pid=3710626)[0m  tensor (Large latency) dimensions: (1, 12288, 50257, 50257, 1, 1, 1, 1, 1, 1, 0, 0, 'CONV', 1, 1, 0, 0),  latency: 31918.00680860119
[2m[36m(CompileWorker pid=3710626)[0m  tensor (Large latency) dimensions: (1, 2048, 12288, 12288, 1, 1, 1, 1, 1, 1, 0, 0, 'CONV', 1, 1, 0, 0),  latency: 26.58889142857143
[2m[36m(CompileWorker pid=3710626)[0m  tensor (Large latency) dimensions: (1, 3072, 12288, 12288, 1, 1, 1, 1, 1, 1, 0, 0, 'CONV', 1, 1, 0, 0),  latency: 39.883337142857144
[2m[36m(CompileWorker pid=3710626)[0m  tensor (Large latency) dimensions: (1, 12288, 3072, 3072, 1, 1, 1, 1, 1, 1, 0, 0, 'CONV', 1, 1, 0, 0),  latency: 9.549531428571429
[2m[36m(CompileWorker pid=3710626)[0m  tensor (Large latency) dimensions: (1, 768, 12288, 12288, 1, 1, 1, 1, 1, 1, 0, 0, 'CONV', 1, 1, 0, 0),  latency: 11.094308571428572
[2m[36m(CompileWorker pid=3710626)[0m  tensor (Large latency) dimensions: (1, 12288, 2304, 2304, 1, 1, 1, 1, 1, 1, 0, 0, 'CONV', 1, 1, 0, 0),  latency: 6.530194285714286
[2m[36m(CompileWorker pid=3710626)[0m  tensor (Large latency) dimensions: (1, 2048, 12288, 12288, 1, 1, 1, 1, 1, 1, 0, 0, 'CONV', 1, 1, 0, 0),  latency: 26.58889142857143
[2m[36m(CompileWorker pid=3710626)[0m  tensor (Large latency) dimensions: (1, 128, 12288, 12288, 1, 1, 1, 1, 1, 1, 0, 0, 'CONV', 1, 1, 0, 0),  latency: 4.610925714285714
[2m[36m(CompileWorker pid=3710626)[0m  tensor (Large latency) dimensions: (1, 50257, 12288, 12288, 1, 1, 1, 1, 1, 1, 0, 0, 'CONV', 1, 1, 0, 0),  latency: 4325.884891428572
- parse estimation results for all stages
Using pre computed peak Mem for (0, 11, 4, 0), module 0
result[(0, 11, 4, 0), 0] = ModuleProfileResult(compute_cost=4345.875, peak_memory=18.600 GB, invar_size=3.687 GB, outvar_size=14.712 GB, temp_buffer_size=0.201 GB, available_memory=64.000 GB, comm_cost=3.368)
Using pre computed peak Mem for (0, 11, 4, 0), module 1
result[(0, 11, 4, 0), 1] = ModuleProfileResult(compute_cost=37792.609, peak_memory=24.000 GB, invar_size=19.549 GB, outvar_size=4.837 GB, temp_buffer_size=4.451 GB, available_memory=64.000 GB, comm_cost=3.321)
Profiling for submesh 4 (2, 8) takes 102.36 seconds
--------------------------------------------------
- Profiling for submesh 3 (1, 8):
- Generate all stage infos (Jaxpr -> HLO)
- Compile all stages, get estimations
num of workers:12
[2m[36m(CompileWorker pid=3729396)[0m compiled for stage:0 name: stage_0_0_acc_grad_0 module id: 0
[2m[36m(CompileWorker pid=3729395)[0m compiled for stage:1 name: stage_0_0_acc_grad_0 module id: 0
[2m[36m(CompileWorker pid=3729391)[0m compiled for stage:2 name: stage_0_1_acc_grad_0 module id: 0
[2m[36m(CompileWorker pid=3729390)[0m compiled for stage:3 name: stage_0_1_acc_grad_0 module id: 0
[2m[36m(CompileWorker pid=3729389)[0m compiled for stage:4 name: stage_0_2_acc_grad_0 module id: 0
[2m[36m(CompileWorker pid=3729388)[0m compiled for stage:5 name: stage_0_2_acc_grad_0 module id: 0
[2m[36m(CompileWorker pid=3729387)[0m compiled for stage:6 name: stage_0_3_acc_grad_0 module id: 0
[2m[36m(CompileWorker pid=3729385)[0m compiled for stage:8 name: stage_0_4_acc_grad_0 module id: 0
[2m[36m(CompileWorker pid=3729386)[0m compiled for stage:7 name: stage_0_3_acc_grad_0 module id: 0
[2m[36m(CompileWorker pid=3729390)[0m  tensor (Large latency) dimensions: (1, 2048, 12288, 50257, 1, 1, 1, 1, 1, 1, 0, 0, 'CONV', 1, 1, 0, 0),  latency: 722.1379657142858
[2m[36m(CompileWorker pid=3729391)[0m  tensor (Large latency) dimensions: (1, 2048, 12288, 50257, 1, 1, 1, 1, 1, 1, 0, 0, 'CONV', 1, 1, 0, 0),  latency: 722.1379657142858
[2m[36m(CompileWorker pid=3729395)[0m  tensor (Large latency) dimensions: (1, 2048, 12288, 50257, 1, 1, 1, 1, 1, 1, 0, 0, 'CONV', 1, 1, 0, 0),  latency: 722.1379657142858
[2m[36m(CompileWorker pid=3729388)[0m  tensor (Large latency) dimensions: (1, 2048, 12288, 50257, 1, 1, 1, 1, 1, 1, 0, 0, 'CONV', 1, 1, 0, 0),  latency: 722.1379657142858
[2m[36m(CompileWorker pid=3729389)[0m  tensor (Large latency) dimensions: (1, 2048, 12288, 50257, 1, 1, 1, 1, 1, 1, 0, 0, 'CONV', 1, 1, 0, 0),  latency: 722.1379657142858
[2m[36m(CompileWorker pid=3729396)[0m  tensor (Large latency) dimensions: (1, 2048, 12288, 50257, 1, 1, 1, 1, 1, 1, 0, 0, 'CONV', 1, 1, 0, 0),  latency: 722.1379657142858
[2m[36m(CompileWorker pid=3729387)[0m  tensor (Large latency) dimensions: (1, 2048, 12288, 50257, 1, 1, 1, 1, 1, 1, 0, 0, 'CONV', 1, 1, 0, 0),  latency: 722.1379657142858
[2m[36m(CompileWorker pid=3729385)[0m  tensor (Large latency) dimensions: (1, 2048, 12288, 50257, 1, 1, 1, 1, 1, 1, 0, 0, 'CONV', 1, 1, 0, 0),  latency: 722.1379657142858
[2m[36m(CompileWorker pid=3729386)[0m  tensor (Large latency) dimensions: (1, 2048, 12288, 50257, 1, 1, 1, 1, 1, 1, 0, 0, 'CONV', 1, 1, 0, 0),  latency: 722.1379657142858
[2m[36m(CompileWorker pid=3729383)[0m compiled for stage:10 name: stage_0_5_acc_grad_0 module id: 0
[2m[36m(CompileWorker pid=3729384)[0m compiled for stage:9 name: stage_0_4_acc_grad_0 module id: 0
[2m[36m(CompileWorker pid=3729383)[0m  tensor (Large latency) dimensions: (1, 2048, 12288, 50257, 1, 1, 1, 1, 1, 1, 0, 0, 'CONV', 1, 1, 0, 0),  latency: 722.1379657142858
[2m[36m(CompileWorker pid=3729384)[0m  tensor (Large latency) dimensions: (1, 2048, 12288, 50257, 1, 1, 1, 1, 1, 1, 0, 0, 'CONV', 1, 1, 0, 0),  latency: 722.1379657142858
[2m[36m(CompileWorker pid=3729364)[0m compiled for stage:11 name: stage_0_5_acc_grad_0 module id: 0
[2m[36m(CompileWorker pid=3729391)[0m  tensor (Large latency) dimensions: (1, 2048, 36864, 36864, 1, 1, 1, 1, 1, 1, 0, 0, 'CONV', 1, 1, 0, 0),  latency: 241.54697142857142
[2m[36m(CompileWorker pid=3729390)[0m  tensor (Large latency) dimensions: (1, 2048, 36864, 36864, 1, 1, 1, 1, 1, 1, 0, 0, 'CONV', 1, 1, 0, 0),  latency: 241.54697142857142
[2m[36m(CompileWorker pid=3729395)[0m  tensor (Large latency) dimensions: (1, 2048, 36864, 36864, 1, 1, 1, 1, 1, 1, 0, 0, 'CONV', 1, 1, 0, 0),  latency: 241.54697142857142
[2m[36m(CompileWorker pid=3729364)[0m  tensor (Large latency) dimensions: (1, 2048, 12288, 50257, 1, 1, 1, 1, 1, 1, 0, 0, 'CONV', 1, 1, 0, 0),  latency: 722.1379657142858
[2m[36m(CompileWorker pid=3729396)[0m  tensor (Large latency) dimensions: (1, 2048, 36864, 36864, 1, 1, 1, 1, 1, 1, 0, 0, 'CONV', 1, 1, 0, 0),  latency: 241.54697142857142
[2m[36m(CompileWorker pid=3729389)[0m  tensor (Large latency) dimensions: (1, 2048, 36864, 36864, 1, 1, 1, 1, 1, 1, 0, 0, 'CONV', 1, 1, 0, 0),  latency: 241.54697142857142
[2m[36m(CompileWorker pid=3729386)[0m  tensor (Large latency) dimensions: (1, 2048, 36864, 36864, 1, 1, 1, 1, 1, 1, 0, 0, 'CONV', 1, 1, 0, 0),  latency: 241.54697142857142
[2m[36m(CompileWorker pid=3729388)[0m  tensor (Large latency) dimensions: (1, 2048, 36864, 36864, 1, 1, 1, 1, 1, 1, 0, 0, 'CONV', 1, 1, 0, 0),  latency: 241.54697142857142
[2m[36m(CompileWorker pid=3729387)[0m  tensor (Large latency) dimensions: (1, 2048, 36864, 36864, 1, 1, 1, 1, 1, 1, 0, 0, 'CONV', 1, 1, 0, 0),  latency: 241.54697142857142
[2m[36m(CompileWorker pid=3729385)[0m  tensor (Large latency) dimensions: (1, 2048, 36864, 36864, 1, 1, 1, 1, 1, 1, 0, 0, 'CONV', 1, 1, 0, 0),  latency: 241.54697142857142
[2m[36m(CompileWorker pid=3729384)[0m  tensor (Large latency) dimensions: (1, 256, 36864, 36864, 1, 1, 1, 1, 1, 1, 0, 0, 'CONV', 1, 1, 0, 0),  latency: 45.36027428571428
[2m[36m(CompileWorker pid=3729396)[0m  tensor (Large latency) dimensions: (1, 2048, 12288, 12288, 1, 1, 1, 1, 1, 1, 0, 0, 'CONV', 1, 1, 0, 0),  latency: 26.58889142857143
[2m[36m(CompileWorker pid=3729383)[0m  tensor (Large latency) dimensions: (1, 2048, 36864, 36864, 1, 1, 1, 1, 1, 1, 0, 0, 'CONV', 1, 1, 0, 0),  latency: 241.54697142857142
[2m[36m(CompileWorker pid=3729391)[0m  tensor (Large latency) dimensions: (1, 2048, 12288, 12288, 1, 1, 1, 1, 1, 1, 0, 0, 'CONV', 1, 1, 0, 0),  latency: 26.58889142857143
[2m[36m(CompileWorker pid=3729390)[0m  tensor (Large latency) dimensions: (1, 2048, 12288, 12288, 1, 1, 1, 1, 1, 1, 0, 0, 'CONV', 1, 1, 0, 0),  latency: 26.58889142857143
[2m[36m(CompileWorker pid=3729395)[0m  tensor (Large latency) dimensions: (1, 2048, 12288, 12288, 1, 1, 1, 1, 1, 1, 0, 0, 'CONV', 1, 1, 0, 0),  latency: 26.58889142857143
[2m[36m(CompileWorker pid=3729389)[0m  tensor (Large latency) dimensions: (1, 2048, 12288, 12288, 1, 1, 1, 1, 1, 1, 0, 0, 'CONV', 1, 1, 0, 0),  latency: 26.58889142857143
[2m[36m(CompileWorker pid=3729386)[0m  tensor (Large latency) dimensions: (1, 2048, 12288, 12288, 1, 1, 1, 1, 1, 1, 0, 0, 'CONV', 1, 1, 0, 0),  latency: 26.58889142857143
[2m[36m(CompileWorker pid=3729388)[0m  tensor (Large latency) dimensions: (1, 2048, 12288, 12288, 1, 1, 1, 1, 1, 1, 0, 0, 'CONV', 1, 1, 0, 0),  latency: 26.58889142857143
[2m[36m(CompileWorker pid=3729396)[0m  tensor (Large latency) dimensions: (1, 2048, 6144, 6144, 1, 1, 1, 1, 1, 1, 0, 0, 'CONV', 1, 1, 0, 0),  latency: 6.5536
[2m[36m(CompileWorker pid=3729387)[0m  tensor (Large latency) dimensions: (1, 2048, 12288, 12288, 1, 1, 1, 1, 1, 1, 0, 0, 'CONV', 1, 1, 0, 0),  latency: 26.58889142857143
[2m[36m(CompileWorker pid=3729391)[0m  tensor (Large latency) dimensions: (1, 2048, 6144, 6144, 1, 1, 1, 1, 1, 1, 0, 0, 'CONV', 1, 1, 0, 0),  latency: 6.5536
[2m[36m(CompileWorker pid=3729390)[0m  tensor (Large latency) dimensions: (1, 2048, 6144, 6144, 1, 1, 1, 1, 1, 1, 0, 0, 'CONV', 1, 1, 0, 0),  latency: 6.5536
[2m[36m(CompileWorker pid=3729385)[0m  tensor (Large latency) dimensions: (1, 2048, 12288, 12288, 1, 1, 1, 1, 1, 1, 0, 0, 'CONV', 1, 1, 0, 0),  latency: 26.58889142857143
[2m[36m(CompileWorker pid=3729395)[0m  tensor (Large latency) dimensions: (1, 2048, 6144, 6144, 1, 1, 1, 1, 1, 1, 0, 0, 'CONV', 1, 1, 0, 0),  latency: 6.5536
[2m[36m(CompileWorker pid=3729389)[0m  tensor (Large latency) dimensions: (1, 2048, 6144, 6144, 1, 1, 1, 1, 1, 1, 0, 0, 'CONV', 1, 1, 0, 0),  latency: 6.5536
[2m[36m(CompileWorker pid=3729364)[0m  tensor (Large latency) dimensions: (1, 2048, 36864, 36864, 1, 1, 1, 1, 1, 1, 0, 0, 'CONV', 1, 1, 0, 0),  latency: 241.54697142857142
[2m[36m(CompileWorker pid=3729386)[0m  tensor (Large latency) dimensions: (1, 2048, 6144, 6144, 1, 1, 1, 1, 1, 1, 0, 0, 'CONV', 1, 1, 0, 0),  latency: 6.5536
[2m[36m(CompileWorker pid=3729384)[0m  tensor (Large latency) dimensions: (1, 2048, 12288, 12288, 1, 1, 1, 1, 1, 1, 0, 0, 'CONV', 1, 1, 0, 0),  latency: 26.58889142857143
[2m[36m(CompileWorker pid=3729388)[0m  tensor (Large latency) dimensions: (1, 2048, 6144, 6144, 1, 1, 1, 1, 1, 1, 0, 0, 'CONV', 1, 1, 0, 0),  latency: 6.5536
[2m[36m(CompileWorker pid=3729387)[0m  tensor (Large latency) dimensions: (1, 2048, 6144, 6144, 1, 1, 1, 1, 1, 1, 0, 0, 'CONV', 1, 1, 0, 0),  latency: 6.5536
[2m[36m(CompileWorker pid=3729396)[0m  tensor (Large latency) dimensions: (1, 2048, 12288, 12288, 1, 1, 1, 1, 1, 1, 0, 0, 'CONV', 1, 1, 0, 0),  latency: 26.58889142857143
[2m[36m(CompileWorker pid=3729396)[0m compiled for stage:0 name: stage_0_0_acc_grad_1 module id: 1
[2m[36m(CompileWorker pid=3729383)[0m  tensor (Large latency) dimensions: (1, 2048, 12288, 12288, 1, 1, 1, 1, 1, 1, 0, 0, 'CONV', 1, 1, 0, 0),  latency: 26.58889142857143
[2m[36m(CompileWorker pid=3729391)[0m  tensor (Large latency) dimensions: (1, 2048, 12288, 12288, 1, 1, 1, 1, 1, 1, 0, 0, 'CONV', 1, 1, 0, 0),  latency: 26.58889142857143
[2m[36m(CompileWorker pid=3729391)[0m compiled for stage:2 name: stage_0_1_acc_grad_1 module id: 1
[2m[36m(CompileWorker pid=3729386)[0m  tensor (Large latency) dimensions: (1, 2048, 12288, 12288, 1, 1, 1, 1, 1, 1, 0, 0, 'CONV', 1, 1, 0, 0),  latency: 26.58889142857143
[2m[36m(CompileWorker pid=3729385)[0m  tensor (Large latency) dimensions: (1, 2048, 6144, 6144, 1, 1, 1, 1, 1, 1, 0, 0, 'CONV', 1, 1, 0, 0),  latency: 6.5536
[2m[36m(CompileWorker pid=3729386)[0m compiled for stage:7 name: stage_0_3_acc_grad_1 module id: 1
[2m[36m(CompileWorker pid=3729390)[0m  tensor (Large latency) dimensions: (1, 2048, 12288, 12288, 1, 1, 1, 1, 1, 1, 0, 0, 'CONV', 1, 1, 0, 0),  latency: 26.58889142857143
[2m[36m(CompileWorker pid=3729390)[0m compiled for stage:3 name: stage_0_1_acc_grad_1 module id: 1
[2m[36m(CompileWorker pid=3729384)[0m  tensor (Large latency) dimensions: (1, 2048, 6144, 6144, 1, 1, 1, 1, 1, 1, 0, 0, 'CONV', 1, 1, 0, 0),  latency: 6.5536
[2m[36m(CompileWorker pid=3729395)[0m  tensor (Large latency) dimensions: (1, 2048, 12288, 12288, 1, 1, 1, 1, 1, 1, 0, 0, 'CONV', 1, 1, 0, 0),  latency: 26.58889142857143
[2m[36m(CompileWorker pid=3729395)[0m compiled for stage:1 name: stage_0_0_acc_grad_1 module id: 1
[2m[36m(CompileWorker pid=3729389)[0m  tensor (Large latency) dimensions: (1, 2048, 12288, 12288, 1, 1, 1, 1, 1, 1, 0, 0, 'CONV', 1, 1, 0, 0),  latency: 26.58889142857143
[2m[36m(CompileWorker pid=3729388)[0m  tensor (Large latency) dimensions: (1, 2048, 12288, 12288, 1, 1, 1, 1, 1, 1, 0, 0, 'CONV', 1, 1, 0, 0),  latency: 26.58889142857143
[2m[36m(CompileWorker pid=3729388)[0m compiled for stage:5 name: stage_0_2_acc_grad_1 module id: 1
[2m[36m(CompileWorker pid=3729387)[0m  tensor (Large latency) dimensions: (1, 2048, 12288, 12288, 1, 1, 1, 1, 1, 1, 0, 0, 'CONV', 1, 1, 0, 0),  latency: 26.58889142857143
[2m[36m(CompileWorker pid=3729383)[0m  tensor (Large latency) dimensions: (1, 2048, 6144, 6144, 1, 1, 1, 1, 1, 1, 0, 0, 'CONV', 1, 1, 0, 0),  latency: 6.5536
[2m[36m(CompileWorker pid=3729364)[0m  tensor (Large latency) dimensions: (1, 2048, 12288, 12288, 1, 1, 1, 1, 1, 1, 0, 0, 'CONV', 1, 1, 0, 0),  latency: 26.58889142857143
[2m[36m(CompileWorker pid=3729385)[0m  tensor (Large latency) dimensions: (1, 2048, 12288, 12288, 1, 1, 1, 1, 1, 1, 0, 0, 'CONV', 1, 1, 0, 0),  latency: 26.58889142857143
[2m[36m(CompileWorker pid=3729385)[0m compiled for stage:8 name: stage_0_4_acc_grad_1 module id: 1
[2m[36m(CompileWorker pid=3729384)[0m  tensor (Large latency) dimensions: (1, 2048, 12288, 12288, 1, 1, 1, 1, 1, 1, 0, 0, 'CONV', 1, 1, 0, 0),  latency: 26.58889142857143
[2m[36m(CompileWorker pid=3729383)[0m  tensor (Large latency) dimensions: (1, 2048, 12288, 12288, 1, 1, 1, 1, 1, 1, 0, 0, 'CONV', 1, 1, 0, 0),  latency: 26.58889142857143
[2m[36m(CompileWorker pid=3729386)[0m  tensor (Large latency) dimensions: (1, 1536, 12288, 12288, 1, 1, 1, 1, 1, 1, 0, 0, 'CONV', 1, 1, 0, 0),  latency: 19.941668571428572
[2m[36m(CompileWorker pid=3729396)[0m  tensor (Large latency) dimensions: (1, 6144, 12288, 12288, 1, 1, 1, 1, 1, 1, 0, 0, 'CONV', 1, 1, 0, 0),  latency: 79.76667428571429
[2m[36m(CompileWorker pid=3729383)[0m compiled for stage:10 name: stage_0_5_acc_grad_1 module id: 1
[2m[36m(CompileWorker pid=3729364)[0m  tensor (Large latency) dimensions: (1, 2048, 6144, 6144, 1, 1, 1, 1, 1, 1, 0, 0, 'CONV', 1, 1, 0, 0),  latency: 6.5536
[2m[36m(CompileWorker pid=3729391)[0m  tensor (Large latency) dimensions: (1, 6144, 12288, 12288, 1, 1, 1, 1, 1, 1, 0, 0, 'CONV', 1, 1, 0, 0),  latency: 79.76667428571429
[2m[36m(CompileWorker pid=3729389)[0m compiled for stage:4 name: stage_0_2_acc_grad_1 module id: 1
[2m[36m(CompileWorker pid=3729395)[0m  tensor (Large latency) dimensions: (1, 6144, 12288, 12288, 1, 1, 1, 1, 1, 1, 0, 0, 'CONV', 1, 1, 0, 0),  latency: 79.76667428571429
[2m[36m(CompileWorker pid=3729390)[0m  tensor (Large latency) dimensions: (1, 6144, 12288, 12288, 1, 1, 1, 1, 1, 1, 0, 0, 'CONV', 1, 1, 0, 0),  latency: 79.76667428571429
[2m[36m(CompileWorker pid=3729387)[0m compiled for stage:6 name: stage_0_3_acc_grad_1 module id: 1
[2m[36m(CompileWorker pid=3729388)[0m  tensor (Large latency) dimensions: (1, 1536, 12288, 12288, 1, 1, 1, 1, 1, 1, 0, 0, 'CONV', 1, 1, 0, 0),  latency: 19.941668571428572
[2m[36m(CompileWorker pid=3729384)[0m  tensor (Large latency) dimensions: (1, 2048, 36864, 36864, 1, 1, 1, 1, 1, 1, 0, 0, 'CONV', 1, 1, 0, 0),  latency: 241.54697142857142
[2m[36m(CompileWorker pid=3729385)[0m  tensor (Large latency) dimensions: (1, 1536, 12288, 12288, 1, 1, 1, 1, 1, 1, 0, 0, 'CONV', 1, 1, 0, 0),  latency: 19.941668571428572
[2m[36m(CompileWorker pid=3729364)[0m  tensor (Large latency) dimensions: (1, 2048, 12288, 12288, 1, 1, 1, 1, 1, 1, 0, 0, 'CONV', 1, 1, 0, 0),  latency: 26.58889142857143
[2m[36m(CompileWorker pid=3729384)[0m compiled for stage:9 name: stage_0_4_acc_grad_1 module id: 1
[2m[36m(CompileWorker pid=3729364)[0m  tensor (Large latency) dimensions: (1, 256, 36864, 36864, 1, 1, 1, 1, 1, 1, 0, 0, 'CONV', 1, 1, 0, 0),  latency: 45.36027428571428
[2m[36m(CompileWorker pid=3729364)[0m compiled for stage:11 name: stage_0_5_acc_grad_1 module id: 1
[2m[36m(CompileWorker pid=3729383)[0m  tensor (Large latency) dimensions: (1, 1536, 12288, 12288, 1, 1, 1, 1, 1, 1, 0, 0, 'CONV', 1, 1, 0, 0),  latency: 19.941668571428572
[2m[36m(CompileWorker pid=3729389)[0m  tensor (Large latency) dimensions: (1, 1536, 12288, 12288, 1, 1, 1, 1, 1, 1, 0, 0, 'CONV', 1, 1, 0, 0),  latency: 19.941668571428572
[2m[36m(CompileWorker pid=3729387)[0m  tensor (Large latency) dimensions: (1, 1536, 12288, 12288, 1, 1, 1, 1, 1, 1, 0, 0, 'CONV', 1, 1, 0, 0),  latency: 19.941668571428572
[2m[36m(CompileWorker pid=3729396)[0m  tensor (Large latency) dimensions: (1, 12288, 6144, 6144, 1, 1, 1, 1, 1, 1, 0, 0, 'CONV', 1, 1, 0, 0),  latency: 39.3216
[2m[36m(CompileWorker pid=3729391)[0m  tensor (Large latency) dimensions: (1, 12288, 6144, 6144, 1, 1, 1, 1, 1, 1, 0, 0, 'CONV', 1, 1, 0, 0),  latency: 39.3216
[2m[36m(CompileWorker pid=3729395)[0m  tensor (Large latency) dimensions: (1, 12288, 6144, 6144, 1, 1, 1, 1, 1, 1, 0, 0, 'CONV', 1, 1, 0, 0),  latency: 39.3216
[2m[36m(CompileWorker pid=3729390)[0m  tensor (Large latency) dimensions: (1, 12288, 6144, 6144, 1, 1, 1, 1, 1, 1, 0, 0, 'CONV', 1, 1, 0, 0),  latency: 39.3216
[2m[36m(CompileWorker pid=3729384)[0m  tensor (Large latency) dimensions: (1, 1536, 12288, 12288, 1, 1, 1, 1, 1, 1, 0, 0, 'CONV', 1, 1, 0, 0),  latency: 19.941668571428572
[2m[36m(CompileWorker pid=3729386)[0m  tensor (Large latency) dimensions: (1, 12288, 4608, 4608, 1, 1, 1, 1, 1, 1, 0, 0, 'CONV', 1, 1, 0, 0),  latency: 21.90774857142857
[2m[36m(CompileWorker pid=3729364)[0m  tensor (Large latency) dimensions: (1, 1536, 12288, 12288, 1, 1, 1, 1, 1, 1, 0, 0, 'CONV', 1, 1, 0, 0),  latency: 19.941668571428572
[2m[36m(CompileWorker pid=3729396)[0m  tensor (Large latency) dimensions: (1, 1536, 12288, 12288, 1, 1, 1, 1, 1, 1, 0, 0, 'CONV', 1, 1, 0, 0),  latency: 19.941668571428572
[2m[36m(CompileWorker pid=3729391)[0m  tensor (Large latency) dimensions: (1, 1536, 12288, 12288, 1, 1, 1, 1, 1, 1, 0, 0, 'CONV', 1, 1, 0, 0),  latency: 19.941668571428572
[2m[36m(CompileWorker pid=3729395)[0m  tensor (Large latency) dimensions: (1, 1536, 12288, 12288, 1, 1, 1, 1, 1, 1, 0, 0, 'CONV', 1, 1, 0, 0),  latency: 19.941668571428572
[2m[36m(CompileWorker pid=3729389)[0m  tensor (Large latency) dimensions: (1, 12288, 4608, 4608, 1, 1, 1, 1, 1, 1, 0, 0, 'CONV', 1, 1, 0, 0),  latency: 21.90774857142857
[2m[36m(CompileWorker pid=3729386)[0m  tensor (Large latency) dimensions: (1, 2048, 12288, 12288, 1, 1, 1, 1, 1, 1, 0, 0, 'CONV', 1, 1, 0, 0),  latency: 26.58889142857143
[2m[36m(CompileWorker pid=3729390)[0m  tensor (Large latency) dimensions: (1, 1536, 12288, 12288, 1, 1, 1, 1, 1, 1, 0, 0, 'CONV', 1, 1, 0, 0),  latency: 19.941668571428572
[2m[36m(CompileWorker pid=3729387)[0m  tensor (Large latency) dimensions: (1, 12288, 4608, 4608, 1, 1, 1, 1, 1, 1, 0, 0, 'CONV', 1, 1, 0, 0),  latency: 21.90774857142857
[2m[36m(CompileWorker pid=3729385)[0m  tensor (Large latency) dimensions: (1, 12288, 4608, 4608, 1, 1, 1, 1, 1, 1, 0, 0, 'CONV', 1, 1, 0, 0),  latency: 21.90774857142857
[2m[36m(CompileWorker pid=3729388)[0m  tensor (Large latency) dimensions: (1, 12288, 4608, 4608, 1, 1, 1, 1, 1, 1, 0, 0, 'CONV', 1, 1, 0, 0),  latency: 21.90774857142857
[2m[36m(CompileWorker pid=3729389)[0m  tensor (Large latency) dimensions: (1, 2048, 12288, 12288, 1, 1, 1, 1, 1, 1, 0, 0, 'CONV', 1, 1, 0, 0),  latency: 26.58889142857143
[2m[36m(CompileWorker pid=3729387)[0m  tensor (Large latency) dimensions: (1, 2048, 12288, 12288, 1, 1, 1, 1, 1, 1, 0, 0, 'CONV', 1, 1, 0, 0),  latency: 26.58889142857143
[2m[36m(CompileWorker pid=3729388)[0m  tensor (Large latency) dimensions: (1, 2048, 12288, 12288, 1, 1, 1, 1, 1, 1, 0, 0, 'CONV', 1, 1, 0, 0),  latency: 26.58889142857143
[2m[36m(CompileWorker pid=3729385)[0m  tensor (Large latency) dimensions: (1, 2048, 12288, 12288, 1, 1, 1, 1, 1, 1, 0, 0, 'CONV', 1, 1, 0, 0),  latency: 26.58889142857143
[2m[36m(CompileWorker pid=3729383)[0m  tensor (Large latency) dimensions: (1, 12288, 4608, 4608, 1, 1, 1, 1, 1, 1, 0, 0, 'CONV', 1, 1, 0, 0),  latency: 21.90774857142857
[2m[36m(CompileWorker pid=3729386)[0m  tensor (Large latency) dimensions: (1, 6144, 12288, 12288, 1, 1, 1, 1, 1, 1, 0, 0, 'CONV', 1, 1, 0, 0),  latency: 79.76667428571429
[2m[36m(CompileWorker pid=3729389)[0m  tensor (Large latency) dimensions: (1, 6144, 12288, 12288, 1, 1, 1, 1, 1, 1, 0, 0, 'CONV', 1, 1, 0, 0),  latency: 79.76667428571429
[2m[36m(CompileWorker pid=3729383)[0m  tensor (Large latency) dimensions: (1, 2048, 12288, 12288, 1, 1, 1, 1, 1, 1, 0, 0, 'CONV', 1, 1, 0, 0),  latency: 26.58889142857143
[2m[36m(CompileWorker pid=3729384)[0m  tensor (Large latency) dimensions: (1, 12288, 4608, 4608, 1, 1, 1, 1, 1, 1, 0, 0, 'CONV', 1, 1, 0, 0),  latency: 21.90774857142857
[2m[36m(CompileWorker pid=3729396)[0m  tensor (Large latency) dimensions: (1, 12288, 4608, 4608, 1, 1, 1, 1, 1, 1, 0, 0, 'CONV', 1, 1, 0, 0),  latency: 21.90774857142857
[2m[36m(CompileWorker pid=3729387)[0m  tensor (Large latency) dimensions: (1, 6144, 12288, 12288, 1, 1, 1, 1, 1, 1, 0, 0, 'CONV', 1, 1, 0, 0),  latency: 79.76667428571429
[2m[36m(CompileWorker pid=3729395)[0m  tensor (Large latency) dimensions: (1, 12288, 4608, 4608, 1, 1, 1, 1, 1, 1, 0, 0, 'CONV', 1, 1, 0, 0),  latency: 21.90774857142857
[2m[36m(CompileWorker pid=3729391)[0m  tensor (Large latency) dimensions: (1, 12288, 4608, 4608, 1, 1, 1, 1, 1, 1, 0, 0, 'CONV', 1, 1, 0, 0),  latency: 21.90774857142857
[2m[36m(CompileWorker pid=3729385)[0m  tensor (Large latency) dimensions: (1, 6144, 12288, 12288, 1, 1, 1, 1, 1, 1, 0, 0, 'CONV', 1, 1, 0, 0),  latency: 79.76667428571429
[2m[36m(CompileWorker pid=3729364)[0m  tensor (Large latency) dimensions: (1, 12288, 4608, 4608, 1, 1, 1, 1, 1, 1, 0, 0, 'CONV', 1, 1, 0, 0),  latency: 21.90774857142857
[2m[36m(CompileWorker pid=3729388)[0m  tensor (Large latency) dimensions: (1, 6144, 12288, 12288, 1, 1, 1, 1, 1, 1, 0, 0, 'CONV', 1, 1, 0, 0),  latency: 79.76667428571429
[2m[36m(CompileWorker pid=3729390)[0m  tensor (Large latency) dimensions: (1, 12288, 4608, 4608, 1, 1, 1, 1, 1, 1, 0, 0, 'CONV', 1, 1, 0, 0),  latency: 21.90774857142857
[2m[36m(CompileWorker pid=3729396)[0m  tensor (Large latency) dimensions: (1, 2048, 12288, 12288, 1, 1, 1, 1, 1, 1, 0, 0, 'CONV', 1, 1, 0, 0),  latency: 26.58889142857143
[2m[36m(CompileWorker pid=3729395)[0m  tensor (Large latency) dimensions: (1, 2048, 12288, 12288, 1, 1, 1, 1, 1, 1, 0, 0, 'CONV', 1, 1, 0, 0),  latency: 26.58889142857143
[2m[36m(CompileWorker pid=3729384)[0m  tensor (Large latency) dimensions: (1, 2048, 12288, 12288, 1, 1, 1, 1, 1, 1, 0, 0, 'CONV', 1, 1, 0, 0),  latency: 26.58889142857143
[2m[36m(CompileWorker pid=3729391)[0m  tensor (Large latency) dimensions: (1, 2048, 12288, 12288, 1, 1, 1, 1, 1, 1, 0, 0, 'CONV', 1, 1, 0, 0),  latency: 26.58889142857143
[2m[36m(CompileWorker pid=3729396)[0m  tensor (Large latency) dimensions: (1, 256, 12288, 12288, 1, 1, 1, 1, 1, 1, 0, 0, 'CONV', 1, 1, 0, 0),  latency: 5.0088228571428575
[2m[36m(CompileWorker pid=3729395)[0m  tensor (Large latency) dimensions: (1, 256, 12288, 12288, 1, 1, 1, 1, 1, 1, 0, 0, 'CONV', 1, 1, 0, 0),  latency: 5.0088228571428575
[2m[36m(CompileWorker pid=3729383)[0m  tensor (Large latency) dimensions: (1, 6144, 12288, 12288, 1, 1, 1, 1, 1, 1, 0, 0, 'CONV', 1, 1, 0, 0),  latency: 79.76667428571429
[2m[36m(CompileWorker pid=3729364)[0m  tensor (Large latency) dimensions: (1, 2048, 12288, 12288, 1, 1, 1, 1, 1, 1, 0, 0, 'CONV', 1, 1, 0, 0),  latency: 26.58889142857143
[2m[36m(CompileWorker pid=3729391)[0m  tensor (Large latency) dimensions: (1, 256, 12288, 12288, 1, 1, 1, 1, 1, 1, 0, 0, 'CONV', 1, 1, 0, 0),  latency: 5.0088228571428575
[2m[36m(CompileWorker pid=3729386)[0m  tensor (Large latency) dimensions: (1, 12288, 6144, 6144, 1, 1, 1, 1, 1, 1, 0, 0, 'CONV', 1, 1, 0, 0),  latency: 39.3216
[2m[36m(CompileWorker pid=3729390)[0m  tensor (Large latency) dimensions: (1, 2048, 12288, 12288, 1, 1, 1, 1, 1, 1, 0, 0, 'CONV', 1, 1, 0, 0),  latency: 26.58889142857143
[2m[36m(CompileWorker pid=3729386)[0m  tensor (Large latency) dimensions: (1, 256, 12288, 12288, 1, 1, 1, 1, 1, 1, 0, 0, 'CONV', 1, 1, 0, 0),  latency: 5.0088228571428575
[2m[36m(CompileWorker pid=3729389)[0m  tensor (Large latency) dimensions: (1, 12288, 6144, 6144, 1, 1, 1, 1, 1, 1, 0, 0, 'CONV', 1, 1, 0, 0),  latency: 39.3216
[2m[36m(CompileWorker pid=3729396)[0m  tensor (Large latency) dimensions: (1, 50257, 12288, 12288, 1, 1, 1, 1, 1, 1, 0, 0, 'CONV', 1, 1, 0, 0),  latency: 4325.884891428572
[2m[36m(CompileWorker pid=3729390)[0m  tensor (Large latency) dimensions: (1, 256, 12288, 12288, 1, 1, 1, 1, 1, 1, 0, 0, 'CONV', 1, 1, 0, 0),  latency: 5.0088228571428575
[2m[36m(CompileWorker pid=3729395)[0m  tensor (Large latency) dimensions: (1, 50257, 12288, 12288, 1, 1, 1, 1, 1, 1, 0, 0, 'CONV', 1, 1, 0, 0),  latency: 4325.884891428572
[2m[36m(CompileWorker pid=3729389)[0m  tensor (Large latency) dimensions: (1, 256, 12288, 12288, 1, 1, 1, 1, 1, 1, 0, 0, 'CONV', 1, 1, 0, 0),  latency: 5.0088228571428575
[2m[36m(CompileWorker pid=3729391)[0m  tensor (Large latency) dimensions: (1, 50257, 12288, 12288, 1, 1, 1, 1, 1, 1, 0, 0, 'CONV', 1, 1, 0, 0),  latency: 4325.884891428572
[2m[36m(CompileWorker pid=3729387)[0m  tensor (Large latency) dimensions: (1, 12288, 6144, 6144, 1, 1, 1, 1, 1, 1, 0, 0, 'CONV', 1, 1, 0, 0),  latency: 39.3216
[2m[36m(CompileWorker pid=3729388)[0m  tensor (Large latency) dimensions: (1, 12288, 6144, 6144, 1, 1, 1, 1, 1, 1, 0, 0, 'CONV', 1, 1, 0, 0),  latency: 39.3216
[2m[36m(CompileWorker pid=3729385)[0m  tensor (Large latency) dimensions: (1, 12288, 6144, 6144, 1, 1, 1, 1, 1, 1, 0, 0, 'CONV', 1, 1, 0, 0),  latency: 39.3216
[2m[36m(CompileWorker pid=3729384)[0m  tensor (Large latency) dimensions: (1, 6144, 12288, 12288, 1, 1, 1, 1, 1, 1, 0, 0, 'CONV', 1, 1, 0, 0),  latency: 79.76667428571429
[2m[36m(CompileWorker pid=3729387)[0m  tensor (Large latency) dimensions: (1, 256, 12288, 12288, 1, 1, 1, 1, 1, 1, 0, 0, 'CONV', 1, 1, 0, 0),  latency: 5.0088228571428575
[2m[36m(CompileWorker pid=3729385)[0m  tensor (Large latency) dimensions: (1, 256, 12288, 12288, 1, 1, 1, 1, 1, 1, 0, 0, 'CONV', 1, 1, 0, 0),  latency: 5.0088228571428575
[2m[36m(CompileWorker pid=3729388)[0m  tensor (Large latency) dimensions: (1, 256, 12288, 12288, 1, 1, 1, 1, 1, 1, 0, 0, 'CONV', 1, 1, 0, 0),  latency: 5.0088228571428575
[2m[36m(CompileWorker pid=3729364)[0m  tensor (Large latency) dimensions: (1, 6144, 12288, 12288, 1, 1, 1, 1, 1, 1, 0, 0, 'CONV', 1, 1, 0, 0),  latency: 79.76667428571429
[2m[36m(CompileWorker pid=3729386)[0m  tensor (Large latency) dimensions: (1, 50257, 12288, 12288, 1, 1, 1, 1, 1, 1, 0, 0, 'CONV', 1, 1, 0, 0),  latency: 4325.884891428572
[2m[36m(CompileWorker pid=3729389)[0m  tensor (Large latency) dimensions: (1, 50257, 12288, 12288, 1, 1, 1, 1, 1, 1, 0, 0, 'CONV', 1, 1, 0, 0),  latency: 4325.884891428572
[2m[36m(CompileWorker pid=3729390)[0m  tensor (Large latency) dimensions: (1, 50257, 12288, 12288, 1, 1, 1, 1, 1, 1, 0, 0, 'CONV', 1, 1, 0, 0),  latency: 4325.884891428572
[2m[36m(CompileWorker pid=3729383)[0m  tensor (Large latency) dimensions: (1, 12288, 6144, 6144, 1, 1, 1, 1, 1, 1, 0, 0, 'CONV', 1, 1, 0, 0),  latency: 39.3216
[2m[36m(CompileWorker pid=3729385)[0m  tensor (Large latency) dimensions: (1, 50257, 12288, 12288, 1, 1, 1, 1, 1, 1, 0, 0, 'CONV', 1, 1, 0, 0),  latency: 4325.884891428572
[2m[36m(CompileWorker pid=3729387)[0m  tensor (Large latency) dimensions: (1, 50257, 12288, 12288, 1, 1, 1, 1, 1, 1, 0, 0, 'CONV', 1, 1, 0, 0),  latency: 4325.884891428572
[2m[36m(CompileWorker pid=3729383)[0m  tensor (Large latency) dimensions: (1, 256, 12288, 12288, 1, 1, 1, 1, 1, 1, 0, 0, 'CONV', 1, 1, 0, 0),  latency: 5.0088228571428575
[2m[36m(CompileWorker pid=3729388)[0m  tensor (Large latency) dimensions: (1, 50257, 12288, 12288, 1, 1, 1, 1, 1, 1, 0, 0, 'CONV', 1, 1, 0, 0),  latency: 4325.884891428572
[2m[36m(CompileWorker pid=3729384)[0m  tensor (Large latency) dimensions: (1, 12288, 6144, 6144, 1, 1, 1, 1, 1, 1, 0, 0, 'CONV', 1, 1, 0, 0),  latency: 39.3216
[2m[36m(CompileWorker pid=3729383)[0m  tensor (Large latency) dimensions: (1, 50257, 12288, 12288, 1, 1, 1, 1, 1, 1, 0, 0, 'CONV', 1, 1, 0, 0),  latency: 4325.884891428572
[2m[36m(CompileWorker pid=3729364)[0m  tensor (Large latency) dimensions: (1, 12288, 6144, 6144, 1, 1, 1, 1, 1, 1, 0, 0, 'CONV', 1, 1, 0, 0),  latency: 39.3216
[2m[36m(CompileWorker pid=3729396)[0m compiled for stage:12 name: stage_0_6_acc_grad_0 module id: 0
[2m[36m(CompileWorker pid=3729391)[0m compiled for stage:14 name: stage_0_7_acc_grad_0 module id: 0
[2m[36m(CompileWorker pid=3729396)[0m compiled for stage:12 name: stage_0_6_acc_grad_1 module id: 1
[2m[36m(CompileWorker pid=3729391)[0m compiled for stage:14 name: stage_0_7_acc_grad_1 module id: 1
[2m[36m(CompileWorker pid=3729395)[0m compiled for stage:13 name: stage_0_6_acc_grad_0 module id: 0
[2m[36m(CompileWorker pid=3729364)[0m  tensor (Large latency) dimensions: (1, 12288, 36864, 36864, 1, 1, 1, 1, 1, 1, 0, 0, 'CONV', 1, 1, 0, 0),  latency: 1449.2818285714286
[2m[36m(CompileWorker pid=3729395)[0m  tensor (Large latency) dimensions: (1, 256, 36864, 36864, 1, 1, 1, 1, 1, 1, 0, 0, 'CONV', 1, 1, 0, 0),  latency: 45.36027428571428
[2m[36m(CompileWorker pid=3729384)[0m  tensor (Large latency) dimensions: (1, 12288, 36864, 36864, 1, 1, 1, 1, 1, 1, 0, 0, 'CONV', 1, 1, 0, 0),  latency: 1449.2818285714286
[2m[36m(CompileWorker pid=3729395)[0m compiled for stage:13 name: stage_0_6_acc_grad_1 module id: 1
[2m[36m(CompileWorker pid=3729389)[0m compiled for stage:16 name: stage_0_8_acc_grad_0 module id: 0
[2m[36m(CompileWorker pid=3729364)[0m  tensor (Large latency) dimensions: (1, 2048, 12288, 12288, 1, 1, 1, 1, 1, 1, 0, 0, 'CONV', 1, 1, 0, 0),  latency: 26.58889142857143
[2m[36m(CompileWorker pid=3729384)[0m  tensor (Large latency) dimensions: (1, 2048, 12288, 12288, 1, 1, 1, 1, 1, 1, 0, 0, 'CONV', 1, 1, 0, 0),  latency: 26.58889142857143
[2m[36m(CompileWorker pid=3729389)[0m compiled for stage:16 name: stage_0_8_acc_grad_1 module id: 1
[2m[36m(CompileWorker pid=3729384)[0m  tensor (Large latency) dimensions: (1, 256, 12288, 12288, 1, 1, 1, 1, 1, 1, 0, 0, 'CONV', 1, 1, 0, 0),  latency: 5.0088228571428575
[2m[36m(CompileWorker pid=3729386)[0m compiled for stage:15 name: stage_0_7_acc_grad_0 module id: 0
[2m[36m(CompileWorker pid=3729364)[0m  tensor (Large latency) dimensions: (1, 256, 12288, 12288, 1, 1, 1, 1, 1, 1, 0, 0, 'CONV', 1, 1, 0, 0),  latency: 5.0088228571428575
[2m[36m(CompileWorker pid=3729389)[0m compiled for stage:24 name: stage_1_1_acc_grad_0 module id: 0
[2m[36m(CompileWorker pid=3729389)[0m compiled for stage:24 name: stage_1_1_acc_grad_1 module id: 1
[2m[36m(CompileWorker pid=3729384)[0m  tensor (Large latency) dimensions: (1, 50257, 12288, 12288, 1, 1, 1, 1, 1, 1, 0, 0, 'CONV', 1, 1, 0, 0),  latency: 4325.884891428572
[2m[36m(CompileWorker pid=3729386)[0m  tensor (Large latency) dimensions: (1, 256, 12288, 12288, 1, 1, 1, 1, 1, 1, 0, 0, 'CONV', 1, 1, 0, 0),  latency: 5.0088228571428575
[2m[36m(CompileWorker pid=3729386)[0m compiled for stage:15 name: stage_0_7_acc_grad_1 module id: 1
[2m[36m(CompileWorker pid=3729385)[0m compiled for stage:18 name: stage_0_9_acc_grad_0 module id: 0
[2m[36m(CompileWorker pid=3729390)[0m compiled for stage:17 name: stage_0_8_acc_grad_0 module id: 0
[2m[36m(CompileWorker pid=3729389)[0m compiled for stage:25 name: stage_1_1_acc_grad_0 module id: 0
[2m[36m(CompileWorker pid=3729389)[0m compiled for stage:25 name: stage_1_1_acc_grad_1 module id: 1
[2m[36m(CompileWorker pid=3729385)[0m compiled for stage:18 name: stage_0_9_acc_grad_1 module id: 1
[2m[36m(CompileWorker pid=3729388)[0m compiled for stage:20 name: stage_0_10_acc_grad_0 module id: 0
[2m[36m(CompileWorker pid=3729364)[0m  tensor (Large latency) dimensions: (1, 50257, 12288, 12288, 1, 1, 1, 1, 1, 1, 0, 0, 'CONV', 1, 1, 0, 0),  latency: 4325.884891428572
[2m[36m(CompileWorker pid=3729388)[0m compiled for stage:20 name: stage_0_10_acc_grad_1 module id: 1
[2m[36m(CompileWorker pid=3729395)[0m  tensor (Large latency) dimensions: (1, 12288, 36864, 36864, 1, 1, 1, 1, 1, 1, 0, 0, 'CONV', 1, 1, 0, 0),  latency: 1449.2818285714286
[2m[36m(CompileWorker pid=3729390)[0m  tensor (Large latency) dimensions: (1, 256, 36864, 36864, 1, 1, 1, 1, 1, 1, 0, 0, 'CONV', 1, 1, 0, 0),  latency: 45.36027428571428
[2m[36m(CompileWorker pid=3729390)[0m compiled for stage:17 name: stage_0_8_acc_grad_1 module id: 1
[2m[36m(CompileWorker pid=3729384)[0m compiled for stage:26 name: stage_1_2_acc_grad_0 module id: 0
[2m[36m(CompileWorker pid=3729384)[0m compiled for stage:26 name: stage_1_2_acc_grad_1 module id: 1
[2m[36m(CompileWorker pid=3729387)[0m compiled for stage:19 name: stage_0_9_acc_grad_0 module id: 0
[2m[36m(CompileWorker pid=3729395)[0m  tensor (Large latency) dimensions: (1, 2048, 12288, 12288, 1, 1, 1, 1, 1, 1, 0, 0, 'CONV', 1, 1, 0, 0),  latency: 26.58889142857143
[2m[36m(CompileWorker pid=3729364)[0m compiled for stage:27 name: stage_1_2_acc_grad_0 module id: 0
[2m[36m(CompileWorker pid=3729387)[0m compiled for stage:19 name: stage_0_9_acc_grad_1 module id: 1
[2m[36m(CompileWorker pid=3729364)[0m compiled for stage:27 name: stage_1_2_acc_grad_1 module id: 1
[2m[36m(CompileWorker pid=3729389)[0m compiled for stage:28 name: stage_1_3_acc_grad_0 module id: 0
[2m[36m(CompileWorker pid=3729389)[0m compiled for stage:28 name: stage_1_3_acc_grad_1 module id: 1
[2m[36m(CompileWorker pid=3729388)[0m compiled for stage:29 name: stage_1_3_acc_grad_0 module id: 0
[2m[36m(CompileWorker pid=3729388)[0m compiled for stage:29 name: stage_1_3_acc_grad_1 module id: 1
[2m[36m(CompileWorker pid=3729385)[0m compiled for stage:30 name: stage_1_4_acc_grad_0 module id: 0
[2m[36m(CompileWorker pid=3729385)[0m compiled for stage:30 name: stage_1_4_acc_grad_1 module id: 1
[2m[36m(CompileWorker pid=3729386)[0m  tensor (Large latency) dimensions: (1, 12288, 12288, 12288, 1, 1, 1, 1, 1, 1, 0, 0, 'CONV', 1, 1, 0, 0),  latency: 159.53334857142858
[2m[36m(CompileWorker pid=3729384)[0m compiled for stage:31 name: stage_1_4_acc_grad_0 module id: 0
[2m[36m(CompileWorker pid=3729384)[0m compiled for stage:31 name: stage_1_4_acc_grad_1 module id: 1
[2m[36m(CompileWorker pid=3729390)[0m  tensor (Large latency) dimensions: (1, 12288, 36864, 36864, 1, 1, 1, 1, 1, 1, 0, 0, 'CONV', 1, 1, 0, 0),  latency: 1449.2818285714286
[2m[36m(CompileWorker pid=3729395)[0m compiled for stage:32 name: stage_1_5_acc_grad_0 module id: 0
[2m[36m(CompileWorker pid=3729395)[0m compiled for stage:32 name: stage_1_5_acc_grad_1 module id: 1
[2m[36m(CompileWorker pid=3729390)[0m  tensor (Large latency) dimensions: (1, 2048, 12288, 12288, 1, 1, 1, 1, 1, 1, 0, 0, 'CONV', 1, 1, 0, 0),  latency: 26.58889142857143
[2m[36m(CompileWorker pid=3729391)[0m compiled for stage:22 name: stage_0_11_acc_grad_0 module id: 0
[2m[36m(CompileWorker pid=3729364)[0m compiled for stage:33 name: stage_1_5_acc_grad_0 module id: 0
[2m[36m(CompileWorker pid=3729389)[0m compiled for stage:34 name: stage_1_6_acc_grad_0 module id: 0
[2m[36m(CompileWorker pid=3729364)[0m compiled for stage:33 name: stage_1_5_acc_grad_1 module id: 1
[2m[36m(CompileWorker pid=3729391)[0m compiled for stage:22 name: stage_0_11_acc_grad_1 module id: 1
[2m[36m(CompileWorker pid=3729389)[0m compiled for stage:34 name: stage_1_6_acc_grad_1 module id: 1
[2m[36m(CompileWorker pid=3729383)[0m compiled for stage:21 name: stage_0_10_acc_grad_0 module id: 0
[2m[36m(CompileWorker pid=3729383)[0m compiled for stage:21 name: stage_0_10_acc_grad_1 module id: 1
[2m[36m(CompileWorker pid=3729388)[0m compiled for stage:35 name: stage_1_6_acc_grad_0 module id: 0
[2m[36m(CompileWorker pid=3729387)[0m compiled for stage:36 name: stage_1_7_acc_grad_0 module id: 0
[2m[36m(CompileWorker pid=3729391)[0m  tensor (Large latency) dimensions: (1, 12288, 50257, 50257, 1, 1, 1, 1, 1, 1, 0, 0, 'CONV', 1, 1, 0, 0),  latency: 31918.00680860119
[2m[36m(CompileWorker pid=3729388)[0m compiled for stage:35 name: stage_1_6_acc_grad_1 module id: 1
[2m[36m(CompileWorker pid=3729387)[0m compiled for stage:36 name: stage_1_7_acc_grad_1 module id: 1
[2m[36m(CompileWorker pid=3729387)[0m compiled for stage:46 name: stage_2_2_acc_grad_0 module id: 0
[2m[36m(CompileWorker pid=3729387)[0m compiled for stage:46 name: stage_2_2_acc_grad_1 module id: 1
[2m[36m(CompileWorker pid=3729385)[0m compiled for stage:37 name: stage_1_7_acc_grad_0 module id: 0
[2m[36m(CompileWorker pid=3729385)[0m compiled for stage:37 name: stage_1_7_acc_grad_1 module id: 1
[2m[36m(CompileWorker pid=3729391)[0m  tensor (Large latency) dimensions: (1, 2048, 12288, 12288, 1, 1, 1, 1, 1, 1, 0, 0, 'CONV', 1, 1, 0, 0),  latency: 26.58889142857143
[2m[36m(CompileWorker pid=3729386)[0m compiled for stage:38 name: stage_1_8_acc_grad_0 module id: 0
[2m[36m(CompileWorker pid=3729396)[0m compiled for stage:23 name: stage_0_11_acc_grad_0 module id: 0
[2m[36m(CompileWorker pid=3729387)[0m compiled for stage:47 name: stage_2_2_acc_grad_0 module id: 0
[2m[36m(CompileWorker pid=3729387)[0m compiled for stage:47 name: stage_2_2_acc_grad_1 module id: 1
[2m[36m(CompileWorker pid=3729386)[0m compiled for stage:38 name: stage_1_8_acc_grad_1 module id: 1
[2m[36m(CompileWorker pid=3729396)[0m compiled for stage:23 name: stage_0_11_acc_grad_1 module id: 1
[2m[36m(CompileWorker pid=3729385)[0m compiled for stage:48 name: stage_2_3_acc_grad_0 module id: 0
[2m[36m(CompileWorker pid=3729385)[0m compiled for stage:48 name: stage_2_3_acc_grad_1 module id: 1
[2m[36m(CompileWorker pid=3729391)[0m compiled for stage:49 name: stage_2_3_acc_grad_0 module id: 0
[2m[36m(CompileWorker pid=3729391)[0m compiled for stage:49 name: stage_2_3_acc_grad_1 module id: 1
[2m[36m(CompileWorker pid=3729384)[0m compiled for stage:39 name: stage_1_8_acc_grad_0 module id: 0
[2m[36m(CompileWorker pid=3729384)[0m compiled for stage:39 name: stage_1_8_acc_grad_1 module id: 1
[2m[36m(CompileWorker pid=3729396)[0m  tensor (Large latency) dimensions: (1, 12288, 50257, 50257, 1, 1, 1, 1, 1, 1, 0, 0, 'CONV', 1, 1, 0, 0),  latency: 31918.00680860119
[2m[36m(CompileWorker pid=3729395)[0m compiled for stage:40 name: stage_1_9_acc_grad_0 module id: 0
[2m[36m(CompileWorker pid=3729387)[0m compiled for stage:50 name: stage_2_4_acc_grad_0 module id: 0
[2m[36m(CompileWorker pid=3729395)[0m compiled for stage:40 name: stage_1_9_acc_grad_1 module id: 1
[2m[36m(CompileWorker pid=3729387)[0m compiled for stage:50 name: stage_2_4_acc_grad_1 module id: 1
[2m[36m(CompileWorker pid=3729386)[0m compiled for stage:51 name: stage_2_4_acc_grad_0 module id: 0
[2m[36m(CompileWorker pid=3729386)[0m compiled for stage:51 name: stage_2_4_acc_grad_1 module id: 1
[2m[36m(CompileWorker pid=3729396)[0m  tensor (Large latency) dimensions: (1, 2048, 12288, 12288, 1, 1, 1, 1, 1, 1, 0, 0, 'CONV', 1, 1, 0, 0),  latency: 26.58889142857143
[2m[36m(CompileWorker pid=3729364)[0m compiled for stage:42 name: stage_1_10_acc_grad_0 module id: 0
[2m[36m(CompileWorker pid=3729364)[0m compiled for stage:42 name: stage_1_10_acc_grad_1 module id: 1
[2m[36m(CompileWorker pid=3729385)[0m compiled for stage:52 name: stage_2_5_acc_grad_0 module id: 0
[2m[36m(CompileWorker pid=3729385)[0m compiled for stage:52 name: stage_2_5_acc_grad_1 module id: 1
[2m[36m(CompileWorker pid=3729390)[0m compiled for stage:41 name: stage_1_9_acc_grad_0 module id: 0
[2m[36m(CompileWorker pid=3729390)[0m compiled for stage:41 name: stage_1_9_acc_grad_1 module id: 1
[2m[36m(CompileWorker pid=3729384)[0m compiled for stage:54 name: stage_2_6_acc_grad_0 module id: 0
[2m[36m(CompileWorker pid=3729384)[0m compiled for stage:54 name: stage_2_6_acc_grad_1 module id: 1
[2m[36m(CompileWorker pid=3729391)[0m compiled for stage:53 name: stage_2_5_acc_grad_0 module id: 0
[2m[36m(CompileWorker pid=3729391)[0m compiled for stage:53 name: stage_2_5_acc_grad_1 module id: 1
[2m[36m(CompileWorker pid=3729387)[0m compiled for stage:55 name: stage_2_6_acc_grad_0 module id: 0
[2m[36m(CompileWorker pid=3729387)[0m compiled for stage:55 name: stage_2_6_acc_grad_1 module id: 1
[2m[36m(CompileWorker pid=3729383)[0m compiled for stage:44 name: stage_1_11_acc_grad_0 module id: 0
[2m[36m(CompileWorker pid=3729383)[0m compiled for stage:44 name: stage_1_11_acc_grad_1 module id: 1
[2m[36m(CompileWorker pid=3729395)[0m compiled for stage:56 name: stage_2_7_acc_grad_0 module id: 0
[2m[36m(CompileWorker pid=3729389)[0m compiled for stage:43 name: stage_1_10_acc_grad_0 module id: 0
[2m[36m(CompileWorker pid=3729395)[0m compiled for stage:56 name: stage_2_7_acc_grad_1 module id: 1
[2m[36m(CompileWorker pid=3729389)[0m compiled for stage:43 name: stage_1_10_acc_grad_1 module id: 1
[2m[36m(CompileWorker pid=3729364)[0m compiled for stage:58 name: stage_2_8_acc_grad_0 module id: 0
[2m[36m(CompileWorker pid=3729383)[0m  tensor (Large latency) dimensions: (1, 1536, 50257, 50257, 1, 1, 1, 1, 1, 1, 0, 0, 'CONV', 1, 1, 0, 0),  latency: 4017.9402043005953
[2m[36m(CompileWorker pid=3729364)[0m compiled for stage:58 name: stage_2_8_acc_grad_1 module id: 1
[2m[36m(CompileWorker pid=3729386)[0m compiled for stage:57 name: stage_2_7_acc_grad_0 module id: 0
[2m[36m(CompileWorker pid=3729389)[0m compiled for stage:66 name: stage_3_3_acc_grad_0 module id: 0
[2m[36m(CompileWorker pid=3729364)[0m compiled for stage:67 name: stage_3_3_acc_grad_0 module id: 0
[2m[36m(CompileWorker pid=3729364)[0m compiled for stage:67 name: stage_3_3_acc_grad_1 module id: 1
[2m[36m(CompileWorker pid=3729389)[0m compiled for stage:66 name: stage_3_3_acc_grad_1 module id: 1
[2m[36m(CompileWorker pid=3729386)[0m compiled for stage:57 name: stage_2_7_acc_grad_1 module id: 1
[2m[36m(CompileWorker pid=3729385)[0m compiled for stage:60 name: stage_2_9_acc_grad_0 module id: 0
[2m[36m(CompileWorker pid=3729383)[0m  tensor (Large latency) dimensions: (1, 2048, 12288, 12288, 1, 1, 1, 1, 1, 1, 0, 0, 'CONV', 1, 1, 0, 0),  latency: 26.58889142857143
[2m[36m(CompileWorker pid=3729389)[0m compiled for stage:68 name: stage_3_4_acc_grad_0 module id: 0
[2m[36m(CompileWorker pid=3729389)[0m compiled for stage:68 name: stage_3_4_acc_grad_1 module id: 1
[2m[36m(CompileWorker pid=3729385)[0m compiled for stage:60 name: stage_2_9_acc_grad_1 module id: 1
[2m[36m(CompileWorker pid=3729396)[0m compiled for stage:59 name: stage_2_8_acc_grad_0 module id: 0
[2m[36m(CompileWorker pid=3729396)[0m compiled for stage:59 name: stage_2_8_acc_grad_1 module id: 1
[2m[36m(CompileWorker pid=3729364)[0m compiled for stage:69 name: stage_3_4_acc_grad_0 module id: 0
[2m[36m(CompileWorker pid=3729364)[0m compiled for stage:69 name: stage_3_4_acc_grad_1 module id: 1
[2m[36m(CompileWorker pid=3729386)[0m compiled for stage:70 name: stage_3_5_acc_grad_0 module id: 0
[2m[36m(CompileWorker pid=3729386)[0m compiled for stage:70 name: stage_3_5_acc_grad_1 module id: 1
[2m[36m(CompileWorker pid=3729389)[0m compiled for stage:72 name: stage_3_6_acc_grad_0 module id: 0
[2m[36m(CompileWorker pid=3729389)[0m compiled for stage:72 name: stage_3_6_acc_grad_1 module id: 1
[2m[36m(CompileWorker pid=3729388)[0m compiled for stage:45 name: stage_1_11_acc_grad_0 module id: 0
[2m[36m(CompileWorker pid=3729383)[0m compiled for stage:71 name: stage_3_5_acc_grad_0 module id: 0
[2m[36m(CompileWorker pid=3729384)[0m compiled for stage:61 name: stage_2_9_acc_grad_0 module id: 0
[2m[36m(CompileWorker pid=3729388)[0m compiled for stage:45 name: stage_1_11_acc_grad_1 module id: 1
[2m[36m(CompileWorker pid=3729384)[0m compiled for stage:61 name: stage_2_9_acc_grad_1 module id: 1
[2m[36m(CompileWorker pid=3729385)[0m compiled for stage:73 name: stage_3_6_acc_grad_0 module id: 0
[2m[36m(CompileWorker pid=3729390)[0m compiled for stage:62 name: stage_2_10_acc_grad_0 module id: 0
[2m[36m(CompileWorker pid=3729396)[0m compiled for stage:74 name: stage_3_7_acc_grad_0 module id: 0
[2m[36m(CompileWorker pid=3729396)[0m compiled for stage:74 name: stage_3_7_acc_grad_1 module id: 1
[2m[36m(CompileWorker pid=3729388)[0m  tensor (Large latency) dimensions: (1, 1536, 50257, 50257, 1, 1, 1, 1, 1, 1, 0, 0, 'CONV', 1, 1, 0, 0),  latency: 4017.9402043005953
[2m[36m(CompileWorker pid=3729383)[0m compiled for stage:71 name: stage_3_5_acc_grad_1 module id: 1
[2m[36m(CompileWorker pid=3729385)[0m  tensor (Large latency) dimensions: (1, 256, 36864, 36864, 1, 1, 1, 1, 1, 1, 0, 0, 'CONV', 1, 1, 0, 0),  latency: 45.36027428571428
[2m[36m(CompileWorker pid=3729385)[0m compiled for stage:73 name: stage_3_6_acc_grad_1 module id: 1
[2m[36m(CompileWorker pid=3729364)[0m compiled for stage:75 name: stage_3_7_acc_grad_0 module id: 0
[2m[36m(CompileWorker pid=3729390)[0m  tensor (Large latency) dimensions: (1, 256, 12288, 12288, 1, 1, 1, 1, 1, 1, 0, 0, 'CONV', 1, 1, 0, 0),  latency: 5.0088228571428575
[2m[36m(CompileWorker pid=3729390)[0m compiled for stage:62 name: stage_2_10_acc_grad_1 module id: 1
[2m[36m(CompileWorker pid=3729364)[0m compiled for stage:75 name: stage_3_7_acc_grad_1 module id: 1
[2m[36m(CompileWorker pid=3729386)[0m compiled for stage:76 name: stage_3_8_acc_grad_0 module id: 0
[2m[36m(CompileWorker pid=3729386)[0m compiled for stage:76 name: stage_3_8_acc_grad_1 module id: 1
[2m[36m(CompileWorker pid=3729387)[0m compiled for stage:64 name: stage_2_11_acc_grad_0 module id: 0
[2m[36m(CompileWorker pid=3729387)[0m compiled for stage:64 name: stage_2_11_acc_grad_1 module id: 1
[2m[36m(CompileWorker pid=3729388)[0m  tensor (Large latency) dimensions: (1, 2048, 12288, 12288, 1, 1, 1, 1, 1, 1, 0, 0, 'CONV', 1, 1, 0, 0),  latency: 26.58889142857143
[2m[36m(CompileWorker pid=3729391)[0m compiled for stage:63 name: stage_2_10_acc_grad_0 module id: 0
[2m[36m(CompileWorker pid=3729391)[0m compiled for stage:63 name: stage_2_10_acc_grad_1 module id: 1
[2m[36m(CompileWorker pid=3729387)[0m  tensor (Large latency) dimensions: (1, 1536, 50257, 50257, 1, 1, 1, 1, 1, 1, 0, 0, 'CONV', 1, 1, 0, 0),  latency: 4017.9402043005953
[2m[36m(CompileWorker pid=3729384)[0m compiled for stage:78 name: stage_3_9_acc_grad_0 module id: 0
[2m[36m(CompileWorker pid=3729391)[0m compiled for stage:84 name: stage_4_4_acc_grad_0 module id: 0
[2m[36m(CompileWorker pid=3729391)[0m compiled for stage:84 name: stage_4_4_acc_grad_1 module id: 1
[2m[36m(CompileWorker pid=3729384)[0m compiled for stage:78 name: stage_3_9_acc_grad_1 module id: 1
[2m[36m(CompileWorker pid=3729389)[0m compiled for stage:77 name: stage_3_8_acc_grad_0 module id: 0
[2m[36m(CompileWorker pid=3729389)[0m compiled for stage:77 name: stage_3_8_acc_grad_1 module id: 1
[2m[36m(CompileWorker pid=3729391)[0m compiled for stage:85 name: stage_4_4_acc_grad_0 module id: 0
[2m[36m(CompileWorker pid=3729391)[0m compiled for stage:85 name: stage_4_4_acc_grad_1 module id: 1
[2m[36m(CompileWorker pid=3729395)[0m compiled for stage:65 name: stage_2_11_acc_grad_0 module id: 0
[2m[36m(CompileWorker pid=3729387)[0m  tensor (Large latency) dimensions: (1, 2048, 12288, 12288, 1, 1, 1, 1, 1, 1, 0, 0, 'CONV', 1, 1, 0, 0),  latency: 26.58889142857143
[2m[36m(CompileWorker pid=3729395)[0m compiled for stage:65 name: stage_2_11_acc_grad_1 module id: 1
[2m[36m(CompileWorker pid=3729390)[0m  tensor (Large latency) dimensions: (1, 12288, 12288, 12288, 1, 1, 1, 1, 1, 1, 0, 0, 'CONV', 1, 1, 0, 0),  latency: 159.53334857142858
[2m[36m(CompileWorker pid=3729389)[0m compiled for stage:87 name: stage_4_5_acc_grad_0 module id: 0
[2m[36m(CompileWorker pid=3729389)[0m compiled for stage:87 name: stage_4_5_acc_grad_1 module id: 1
[2m[36m(CompileWorker pid=3729384)[0m compiled for stage:86 name: stage_4_5_acc_grad_0 module id: 0
[2m[36m(CompileWorker pid=3729384)[0m compiled for stage:86 name: stage_4_5_acc_grad_1 module id: 1
[2m[36m(CompileWorker pid=3729385)[0m  tensor (Large latency) dimensions: (1, 12288, 36864, 36864, 1, 1, 1, 1, 1, 1, 0, 0, 'CONV', 1, 1, 0, 0),  latency: 1449.2818285714286
[2m[36m(CompileWorker pid=3729383)[0m compiled for stage:80 name: stage_3_10_acc_grad_0 module id: 0
[2m[36m(CompileWorker pid=3729395)[0m  tensor (Large latency) dimensions: (1, 1536, 50257, 50257, 1, 1, 1, 1, 1, 1, 0, 0, 'CONV', 1, 1, 0, 0),  latency: 4017.9402043005953
[2m[36m(CompileWorker pid=3729383)[0m compiled for stage:80 name: stage_3_10_acc_grad_1 module id: 1
[2m[36m(CompileWorker pid=3729391)[0m compiled for stage:88 name: stage_4_6_acc_grad_0 module id: 0
[2m[36m(CompileWorker pid=3729391)[0m compiled for stage:88 name: stage_4_6_acc_grad_1 module id: 1
[2m[36m(CompileWorker pid=3729387)[0m compiled for stage:89 name: stage_4_6_acc_grad_0 module id: 0
[2m[36m(CompileWorker pid=3729387)[0m compiled for stage:89 name: stage_4_6_acc_grad_1 module id: 1
[2m[36m(CompileWorker pid=3729386)[0m compiled for stage:82 name: stage_3_11_acc_grad_0 module id: 0
[2m[36m(CompileWorker pid=3729385)[0m  tensor (Large latency) dimensions: (1, 2048, 12288, 12288, 1, 1, 1, 1, 1, 1, 0, 0, 'CONV', 1, 1, 0, 0),  latency: 26.58889142857143
[2m[36m(CompileWorker pid=3729395)[0m  tensor (Large latency) dimensions: (1, 2048, 12288, 12288, 1, 1, 1, 1, 1, 1, 0, 0, 'CONV', 1, 1, 0, 0),  latency: 26.58889142857143
[2m[36m(CompileWorker pid=3729396)[0m compiled for stage:79 name: stage_3_9_acc_grad_0 module id: 0
[2m[36m(CompileWorker pid=3729386)[0m compiled for stage:82 name: stage_3_11_acc_grad_1 module id: 1
[2m[36m(CompileWorker pid=3729396)[0m compiled for stage:79 name: stage_3_9_acc_grad_1 module id: 1
[2m[36m(CompileWorker pid=3729390)[0m compiled for stage:90 name: stage_4_7_acc_grad_0 module id: 0
[2m[36m(CompileWorker pid=3729390)[0m compiled for stage:90 name: stage_4_7_acc_grad_1 module id: 1
[2m[36m(CompileWorker pid=3729388)[0m compiled for stage:83 name: stage_3_11_acc_grad_0 module id: 0
[2m[36m(CompileWorker pid=3729389)[0m compiled for stage:91 name: stage_4_7_acc_grad_0 module id: 0
[2m[36m(CompileWorker pid=3729386)[0m  tensor (Large latency) dimensions: (1, 1536, 50257, 50257, 1, 1, 1, 1, 1, 1, 0, 0, 'CONV', 1, 1, 0, 0),  latency: 4017.9402043005953
[2m[36m(CompileWorker pid=3729388)[0m compiled for stage:83 name: stage_3_11_acc_grad_1 module id: 1
[2m[36m(CompileWorker pid=3729389)[0m compiled for stage:91 name: stage_4_7_acc_grad_1 module id: 1
[2m[36m(CompileWorker pid=3729384)[0m compiled for stage:92 name: stage_4_8_acc_grad_0 module id: 0
[2m[36m(CompileWorker pid=3729389)[0m compiled for stage:100 name: stage_5_5_acc_grad_0 module id: 0
[2m[36m(CompileWorker pid=3729384)[0m compiled for stage:92 name: stage_4_8_acc_grad_1 module id: 1
[2m[36m(CompileWorker pid=3729389)[0m compiled for stage:100 name: stage_5_5_acc_grad_1 module id: 1
[2m[36m(CompileWorker pid=3729388)[0m compiled for stage:101 name: stage_5_5_acc_grad_0 module id: 0
[2m[36m(CompileWorker pid=3729388)[0m compiled for stage:101 name: stage_5_5_acc_grad_1 module id: 1
[2m[36m(CompileWorker pid=3729391)[0m compiled for stage:94 name: stage_4_9_acc_grad_0 module id: 0
[2m[36m(CompileWorker pid=3729391)[0m compiled for stage:94 name: stage_4_9_acc_grad_1 module id: 1
[2m[36m(CompileWorker pid=3729364)[0m compiled for stage:81 name: stage_3_10_acc_grad_0 module id: 0
[2m[36m(CompileWorker pid=3729386)[0m  tensor (Large latency) dimensions: (1, 2048, 12288, 12288, 1, 1, 1, 1, 1, 1, 0, 0, 'CONV', 1, 1, 0, 0),  latency: 26.58889142857143
[2m[36m(CompileWorker pid=3729364)[0m compiled for stage:81 name: stage_3_10_acc_grad_1 module id: 1
[2m[36m(CompileWorker pid=3729389)[0m compiled for stage:102 name: stage_5_6_acc_grad_0 module id: 0
[2m[36m(CompileWorker pid=3729389)[0m compiled for stage:102 name: stage_5_6_acc_grad_1 module id: 1
[2m[36m(CompileWorker pid=3729384)[0m compiled for stage:103 name: stage_5_6_acc_grad_0 module id: 0
[2m[36m(CompileWorker pid=3729388)[0m compiled for stage:104 name: stage_5_7_acc_grad_0 module id: 0
[2m[36m(CompileWorker pid=3729384)[0m compiled for stage:103 name: stage_5_6_acc_grad_1 module id: 1
[2m[36m(CompileWorker pid=3729388)[0m compiled for stage:104 name: stage_5_7_acc_grad_1 module id: 1
[2m[36m(CompileWorker pid=3729383)[0m compiled for stage:93 name: stage_4_8_acc_grad_0 module id: 0
[2m[36m(CompileWorker pid=3729383)[0m compiled for stage:93 name: stage_4_8_acc_grad_1 module id: 1
[2m[36m(CompileWorker pid=3729391)[0m compiled for stage:105 name: stage_5_7_acc_grad_0 module id: 0
[2m[36m(CompileWorker pid=3729391)[0m compiled for stage:105 name: stage_5_7_acc_grad_1 module id: 1
[2m[36m(CompileWorker pid=3729387)[0m compiled for stage:95 name: stage_4_9_acc_grad_0 module id: 0
[2m[36m(CompileWorker pid=3729385)[0m compiled for stage:96 name: stage_4_10_acc_grad_0 module id: 0
[2m[36m(CompileWorker pid=3729387)[0m compiled for stage:95 name: stage_4_9_acc_grad_1 module id: 1
[2m[36m(CompileWorker pid=3729385)[0m compiled for stage:96 name: stage_4_10_acc_grad_1 module id: 1
[2m[36m(CompileWorker pid=3729386)[0m compiled for stage:106 name: stage_5_8_acc_grad_0 module id: 0
[2m[36m(CompileWorker pid=3729396)[0m compiled for stage:98 name: stage_4_11_acc_grad_0 module id: 0
[2m[36m(CompileWorker pid=3729395)[0m compiled for stage:97 name: stage_4_10_acc_grad_0 module id: 0
[2m[36m(CompileWorker pid=3729386)[0m compiled for stage:106 name: stage_5_8_acc_grad_1 module id: 1
[2m[36m(CompileWorker pid=3729396)[0m compiled for stage:98 name: stage_4_11_acc_grad_1 module id: 1
[2m[36m(CompileWorker pid=3729395)[0m compiled for stage:97 name: stage_4_10_acc_grad_1 module id: 1
[2m[36m(CompileWorker pid=3729385)[0m compiled for stage:114 name: stage_6_6_acc_grad_0 module id: 0
[2m[36m(CompileWorker pid=3729385)[0m compiled for stage:114 name: stage_6_6_acc_grad_1 module id: 1
[2m[36m(CompileWorker pid=3729396)[0m  tensor (Large latency) dimensions: (1, 1536, 50257, 50257, 1, 1, 1, 1, 1, 1, 0, 0, 'CONV', 1, 1, 0, 0),  latency: 4017.9402043005953
[2m[36m(CompileWorker pid=3729386)[0m compiled for stage:115 name: stage_6_6_acc_grad_0 module id: 0
[2m[36m(CompileWorker pid=3729386)[0m compiled for stage:115 name: stage_6_6_acc_grad_1 module id: 1
[2m[36m(CompileWorker pid=3729389)[0m compiled for stage:107 name: stage_5_8_acc_grad_0 module id: 0
[2m[36m(CompileWorker pid=3729364)[0m compiled for stage:108 name: stage_5_9_acc_grad_0 module id: 0
[2m[36m(CompileWorker pid=3729389)[0m compiled for stage:107 name: stage_5_8_acc_grad_1 module id: 1
[2m[36m(CompileWorker pid=3729364)[0m compiled for stage:108 name: stage_5_9_acc_grad_1 module id: 1
[2m[36m(CompileWorker pid=3729388)[0m compiled for stage:110 name: stage_5_10_acc_grad_0 module id: 0
[2m[36m(CompileWorker pid=3729395)[0m compiled for stage:116 name: stage_6_7_acc_grad_0 module id: 0
[2m[36m(CompileWorker pid=3729388)[0m compiled for stage:110 name: stage_5_10_acc_grad_1 module id: 1
[2m[36m(CompileWorker pid=3729395)[0m compiled for stage:116 name: stage_6_7_acc_grad_1 module id: 1
[2m[36m(CompileWorker pid=3729385)[0m compiled for stage:117 name: stage_6_7_acc_grad_0 module id: 0
[2m[36m(CompileWorker pid=3729385)[0m compiled for stage:117 name: stage_6_7_acc_grad_1 module id: 1
[2m[36m(CompileWorker pid=3729384)[0m compiled for stage:109 name: stage_5_9_acc_grad_0 module id: 0
[2m[36m(CompileWorker pid=3729384)[0m compiled for stage:109 name: stage_5_9_acc_grad_1 module id: 1
[2m[36m(CompileWorker pid=3729390)[0m compiled for stage:99 name: stage_4_11_acc_grad_0 module id: 0
[2m[36m(CompileWorker pid=3729390)[0m compiled for stage:99 name: stage_4_11_acc_grad_1 module id: 1
[2m[36m(CompileWorker pid=3729386)[0m compiled for stage:119 name: stage_6_8_acc_grad_0 module id: 0
[2m[36m(CompileWorker pid=3729396)[0m compiled for stage:118 name: stage_6_8_acc_grad_0 module id: 0
[2m[36m(CompileWorker pid=3729386)[0m compiled for stage:119 name: stage_6_8_acc_grad_1 module id: 1
[2m[36m(CompileWorker pid=3729396)[0m compiled for stage:118 name: stage_6_8_acc_grad_1 module id: 1
[2m[36m(CompileWorker pid=3729389)[0m compiled for stage:120 name: stage_6_9_acc_grad_0 module id: 0
[2m[36m(CompileWorker pid=3729389)[0m compiled for stage:120 name: stage_6_9_acc_grad_1 module id: 1
[2m[36m(CompileWorker pid=3729391)[0m compiled for stage:112 name: stage_5_11_acc_grad_0 module id: 0
[2m[36m(CompileWorker pid=3729390)[0m  tensor (Large latency) dimensions: (1, 1536, 50257, 50257, 1, 1, 1, 1, 1, 1, 0, 0, 'CONV', 1, 1, 0, 0),  latency: 4017.9402043005953
[2m[36m(CompileWorker pid=3729391)[0m compiled for stage:112 name: stage_5_11_acc_grad_1 module id: 1
[2m[36m(CompileWorker pid=3729386)[0m compiled for stage:126 name: stage_7_7_acc_grad_0 module id: 0
[2m[36m(CompileWorker pid=3729386)[0m compiled for stage:126 name: stage_7_7_acc_grad_1 module id: 1
[2m[36m(CompileWorker pid=3729396)[0m compiled for stage:127 name: stage_7_7_acc_grad_0 module id: 0
[2m[36m(CompileWorker pid=3729383)[0m compiled for stage:111 name: stage_5_10_acc_grad_0 module id: 0
[2m[36m(CompileWorker pid=3729396)[0m compiled for stage:127 name: stage_7_7_acc_grad_1 module id: 1
[2m[36m(CompileWorker pid=3729383)[0m compiled for stage:111 name: stage_5_10_acc_grad_1 module id: 1
[2m[36m(CompileWorker pid=3729364)[0m compiled for stage:121 name: stage_6_9_acc_grad_0 module id: 0
[2m[36m(CompileWorker pid=3729364)[0m compiled for stage:121 name: stage_6_9_acc_grad_1 module id: 1
[2m[36m(CompileWorker pid=3729391)[0m  tensor (Large latency) dimensions: (1, 1536, 50257, 50257, 1, 1, 1, 1, 1, 1, 0, 0, 'CONV', 1, 1, 0, 0),  latency: 4017.9402043005953
[2m[36m(CompileWorker pid=3729389)[0m compiled for stage:128 name: stage_7_8_acc_grad_0 module id: 0
[2m[36m(CompileWorker pid=3729389)[0m compiled for stage:128 name: stage_7_8_acc_grad_1 module id: 1
[2m[36m(CompileWorker pid=3729386)[0m compiled for stage:129 name: stage_7_8_acc_grad_0 module id: 0
[2m[36m(CompileWorker pid=3729386)[0m compiled for stage:129 name: stage_7_8_acc_grad_1 module id: 1
[2m[36m(CompileWorker pid=3729395)[0m compiled for stage:122 name: stage_6_10_acc_grad_0 module id: 0
[2m[36m(CompileWorker pid=3729388)[0m compiled for stage:123 name: stage_6_10_acc_grad_0 module id: 0
[2m[36m(CompileWorker pid=3729390)[0m  tensor (Large latency) dimensions: (1, 2048, 12288, 12288, 1, 1, 1, 1, 1, 1, 0, 0, 'CONV', 1, 1, 0, 0),  latency: 26.58889142857143
[2m[36m(CompileWorker pid=3729395)[0m compiled for stage:122 name: stage_6_10_acc_grad_1 module id: 1
[2m[36m(CompileWorker pid=3729388)[0m compiled for stage:123 name: stage_6_10_acc_grad_1 module id: 1
[2m[36m(CompileWorker pid=3729396)[0m compiled for stage:130 name: stage_7_9_acc_grad_0 module id: 0
[2m[36m(CompileWorker pid=3729396)[0m compiled for stage:130 name: stage_7_9_acc_grad_1 module id: 1
[2m[36m(CompileWorker pid=3729387)[0m compiled for stage:113 name: stage_5_11_acc_grad_0 module id: 0
[2m[36m(CompileWorker pid=3729390)[0m compiled for stage:136 name: stage_8_8_acc_grad_0 module id: 0
[2m[36m(CompileWorker pid=3729390)[0m compiled for stage:136 name: stage_8_8_acc_grad_1 module id: 1
[2m[36m(CompileWorker pid=3729387)[0m compiled for stage:113 name: stage_5_11_acc_grad_1 module id: 1
[2m[36m(CompileWorker pid=3729384)[0m compiled for stage:125 name: stage_6_11_acc_grad_0 module id: 0
[2m[36m(CompileWorker pid=3729385)[0m compiled for stage:124 name: stage_6_11_acc_grad_0 module id: 0
[2m[36m(CompileWorker pid=3729384)[0m compiled for stage:125 name: stage_6_11_acc_grad_1 module id: 1
[2m[36m(CompileWorker pid=3729385)[0m compiled for stage:124 name: stage_6_11_acc_grad_1 module id: 1
[2m[36m(CompileWorker pid=3729395)[0m compiled for stage:137 name: stage_8_8_acc_grad_0 module id: 0
[2m[36m(CompileWorker pid=3729395)[0m compiled for stage:137 name: stage_8_8_acc_grad_1 module id: 1
[2m[36m(CompileWorker pid=3729383)[0m compiled for stage:131 name: stage_7_9_acc_grad_0 module id: 0
[2m[36m(CompileWorker pid=3729383)[0m compiled for stage:131 name: stage_7_9_acc_grad_1 module id: 1
[2m[36m(CompileWorker pid=3729388)[0m compiled for stage:138 name: stage_8_9_acc_grad_0 module id: 0
[2m[36m(CompileWorker pid=3729388)[0m compiled for stage:138 name: stage_8_9_acc_grad_1 module id: 1
[2m[36m(CompileWorker pid=3729385)[0m  tensor (Large latency) dimensions: (1, 1536, 50257, 50257, 1, 1, 1, 1, 1, 1, 0, 0, 'CONV', 1, 1, 0, 0),  latency: 4017.9402043005953
[2m[36m(CompileWorker pid=3729364)[0m compiled for stage:132 name: stage_7_10_acc_grad_0 module id: 0
[2m[36m(CompileWorker pid=3729364)[0m compiled for stage:132 name: stage_7_10_acc_grad_1 module id: 1
[2m[36m(CompileWorker pid=3729396)[0m compiled for stage:139 name: stage_8_9_acc_grad_0 module id: 0
[2m[36m(CompileWorker pid=3729396)[0m compiled for stage:139 name: stage_8_9_acc_grad_1 module id: 1
[2m[36m(CompileWorker pid=3729384)[0m  tensor (Large latency) dimensions: (1, 1536, 50257, 50257, 1, 1, 1, 1, 1, 1, 0, 0, 'CONV', 1, 1, 0, 0),  latency: 4017.9402043005953
[2m[36m(CompileWorker pid=3729388)[0m compiled for stage:144 name: stage_9_9_acc_grad_0 module id: 0
[2m[36m(CompileWorker pid=3729388)[0m compiled for stage:144 name: stage_9_9_acc_grad_1 module id: 1
[2m[36m(CompileWorker pid=3729390)[0m compiled for stage:140 name: stage_8_10_acc_grad_0 module id: 0
[2m[36m(CompileWorker pid=3729390)[0m compiled for stage:140 name: stage_8_10_acc_grad_1 module id: 1
[2m[36m(CompileWorker pid=3729364)[0m compiled for stage:145 name: stage_9_9_acc_grad_0 module id: 0
[2m[36m(CompileWorker pid=3729364)[0m compiled for stage:145 name: stage_9_9_acc_grad_1 module id: 1
[2m[36m(CompileWorker pid=3729389)[0m compiled for stage:134 name: stage_7_11_acc_grad_0 module id: 0
[2m[36m(CompileWorker pid=3729389)[0m compiled for stage:134 name: stage_7_11_acc_grad_1 module id: 1
[2m[36m(CompileWorker pid=3729396)[0m compiled for stage:146 name: stage_9_10_acc_grad_0 module id: 0
[2m[36m(CompileWorker pid=3729396)[0m compiled for stage:146 name: stage_9_10_acc_grad_1 module id: 1
[2m[36m(CompileWorker pid=3729387)[0m compiled for stage:141 name: stage_8_10_acc_grad_0 module id: 0
[2m[36m(CompileWorker pid=3729387)[0m compiled for stage:141 name: stage_8_10_acc_grad_1 module id: 1
[2m[36m(CompileWorker pid=3729391)[0m compiled for stage:133 name: stage_7_10_acc_grad_0 module id: 0
[2m[36m(CompileWorker pid=3729391)[0m compiled for stage:133 name: stage_7_10_acc_grad_1 module id: 1
[2m[36m(CompileWorker pid=3729389)[0m  tensor (Large latency) dimensions: (1, 1536, 50257, 50257, 1, 1, 1, 1, 1, 1, 0, 0, 'CONV', 1, 1, 0, 0),  latency: 4017.9402043005953
[2m[36m(CompileWorker pid=3729384)[0m  tensor (Large latency) dimensions: (1, 2048, 12288, 12288, 1, 1, 1, 1, 1, 1, 0, 0, 'CONV', 1, 1, 0, 0),  latency: 26.58889142857143
[2m[36m(CompileWorker pid=3729396)[0m compiled for stage:150 name: stage_10_10_acc_grad_0 module id: 0
[2m[36m(CompileWorker pid=3729395)[0m compiled for stage:142 name: stage_8_11_acc_grad_0 module id: 0
[2m[36m(CompileWorker pid=3729385)[0m  tensor (Large latency) dimensions: (1, 2048, 12288, 12288, 1, 1, 1, 1, 1, 1, 0, 0, 'CONV', 1, 1, 0, 0),  latency: 26.58889142857143
[2m[36m(CompileWorker pid=3729396)[0m compiled for stage:150 name: stage_10_10_acc_grad_1 module id: 1
[2m[36m(CompileWorker pid=3729395)[0m compiled for stage:142 name: stage_8_11_acc_grad_1 module id: 1
[2m[36m(CompileWorker pid=3729388)[0m compiled for stage:147 name: stage_9_10_acc_grad_0 module id: 0
[2m[36m(CompileWorker pid=3729390)[0m compiled for stage:148 name: stage_9_11_acc_grad_0 module id: 0
[2m[36m(CompileWorker pid=3729387)[0m compiled for stage:151 name: stage_10_10_acc_grad_0 module id: 0
[2m[36m(CompileWorker pid=3729396)[0m compiled for stage:154 name: stage_11_11_acc_grad_0 module id: 0
[2m[36m(CompileWorker pid=3729396)[0m compiled for stage:154 name: stage_11_11_acc_grad_1 module id: 1
[2m[36m(CompileWorker pid=3729388)[0m compiled for stage:147 name: stage_9_10_acc_grad_1 module id: 1
[2m[36m(CompileWorker pid=3729385)[0m compiled for stage:155 name: stage_11_11_acc_grad_0 module id: 0
[2m[36m(CompileWorker pid=3729385)[0m compiled for stage:155 name: stage_11_11_acc_grad_1 module id: 1
[2m[36m(CompileWorker pid=3729390)[0m compiled for stage:148 name: stage_9_11_acc_grad_1 module id: 1
[2m[36m(CompileWorker pid=3729387)[0m compiled for stage:151 name: stage_10_10_acc_grad_1 module id: 1
[2m[36m(CompileWorker pid=3729383)[0m compiled for stage:143 name: stage_8_11_acc_grad_0 module id: 0
[2m[36m(CompileWorker pid=3729383)[0m compiled for stage:143 name: stage_8_11_acc_grad_1 module id: 1
[2m[36m(CompileWorker pid=3729364)[0m compiled for stage:149 name: stage_9_11_acc_grad_0 module id: 0
[2m[36m(CompileWorker pid=3729364)[0m compiled for stage:149 name: stage_9_11_acc_grad_1 module id: 1
[2m[36m(CompileWorker pid=3729391)[0m compiled for stage:152 name: stage_10_11_acc_grad_0 module id: 0
[2m[36m(CompileWorker pid=3729391)[0m compiled for stage:152 name: stage_10_11_acc_grad_1 module id: 1
[2m[36m(CompileWorker pid=3729386)[0m compiled for stage:135 name: stage_7_11_acc_grad_0 module id: 0
[2m[36m(CompileWorker pid=3729386)[0m compiled for stage:135 name: stage_7_11_acc_grad_1 module id: 1
[2m[36m(CompileWorker pid=3729384)[0m compiled for stage:153 name: stage_10_11_acc_grad_0 module id: 0
[2m[36m(CompileWorker pid=3729384)[0m compiled for stage:153 name: stage_10_11_acc_grad_1 module id: 1
[2m[36m(CompileWorker pid=3729389)[0m  tensor (Large latency) dimensions: (1, 2048, 12288, 12288, 1, 1, 1, 1, 1, 1, 0, 0, 'CONV', 1, 1, 0, 0),  latency: 26.58889142857143
[2m[36m(CompileWorker pid=3729364)[0m  tensor (Large latency) dimensions: (1, 1536, 50257, 50257, 1, 1, 1, 1, 1, 1, 0, 0, 'CONV', 1, 1, 0, 0),  latency: 4017.9402043005953
[2m[36m(CompileWorker pid=3729364)[0m  tensor (Large latency) dimensions: (1, 2048, 12288, 12288, 1, 1, 1, 1, 1, 1, 0, 0, 'CONV', 1, 1, 0, 0),  latency: 26.58889142857143
- parse estimation results for all stages
Using pre computed peak Mem for (0, 0, 3, 0), module 0
result[(0, 0, 3, 0), 0] = ModuleProfileResult(compute_cost=1033.114, peak_memory=2.100 GB, invar_size=1.578 GB, outvar_size=1.590 GB, temp_buffer_size=-1.068 GB, available_memory=64.000 GB, comm_cost=0.467)
Using pre computed peak Mem for (0, 0, 3, 0), module 1
result[(0, 0, 3, 0), 1] = ModuleProfileResult(compute_cost=4560.413, peak_memory=2.450 GB, invar_size=3.168 GB, outvar_size=1.578 GB, temp_buffer_size=-0.718 GB, available_memory=64.000 GB, comm_cost=0.313)
Using pre computed peak Mem for (0, 0, 3, 1), module 0
result[(0, 0, 3, 1), 0] = ModuleProfileResult(compute_cost=1033.114, peak_memory=2.100 GB, invar_size=1.578 GB, outvar_size=1.672 GB, temp_buffer_size=-1.150 GB, available_memory=64.000 GB, comm_cost=0.467)
result[(0, 0, 3, 1), 1] = ModuleProfileResult(compute_cost=4560.215, peak_memory=4.452 GB, invar_size=3.250 GB, outvar_size=1.578 GB, temp_buffer_size=1.202 GB, available_memory=64.000 GB, comm_cost=0.114)
Using pre computed peak Mem for (0, 1, 3, 0), module 0
result[(0, 1, 3, 0), 0] = ModuleProfileResult(compute_cost=1343.532, peak_memory=4.200 GB, invar_size=2.000 GB, outvar_size=3.236 GB, temp_buffer_size=-1.037 GB, available_memory=64.000 GB, comm_cost=0.710)
Using pre computed peak Mem for (0, 1, 3, 0), module 1
result[(0, 1, 3, 0), 1] = ModuleProfileResult(compute_cost=4787.864, peak_memory=4.900 GB, invar_size=5.237 GB, outvar_size=2.000 GB, temp_buffer_size=-0.337 GB, available_memory=64.000 GB, comm_cost=0.587)
Using pre computed peak Mem for (0, 1, 3, 1), module 0
result[(0, 1, 3, 1), 0] = ModuleProfileResult(compute_cost=1343.532, peak_memory=4.200 GB, invar_size=2.000 GB, outvar_size=3.236 GB, temp_buffer_size=-1.037 GB, available_memory=64.000 GB, comm_cost=0.710)
Using pre computed peak Mem for (0, 1, 3, 1), module 1
result[(0, 1, 3, 1), 1] = ModuleProfileResult(compute_cost=4787.866, peak_memory=4.900 GB, invar_size=5.237 GB, outvar_size=2.000 GB, temp_buffer_size=-0.337 GB, available_memory=64.000 GB, comm_cost=0.587)
Using pre computed peak Mem for (0, 2, 3, 0), module 0
result[(0, 2, 3, 0), 0] = ModuleProfileResult(compute_cost=1901.742, peak_memory=6.300 GB, invar_size=2.563 GB, outvar_size=5.211 GB, temp_buffer_size=-1.475 GB, available_memory=64.000 GB, comm_cost=1.180)
Using pre computed peak Mem for (0, 2, 3, 0), module 1
result[(0, 2, 3, 0), 1] = ModuleProfileResult(compute_cost=5087.755, peak_memory=7.350 GB, invar_size=7.857 GB, outvar_size=2.563 GB, temp_buffer_size=-0.507 GB, available_memory=64.000 GB, comm_cost=1.115)
Using pre computed peak Mem for (0, 2, 3, 1), module 0
result[(0, 2, 3, 1), 0] = ModuleProfileResult(compute_cost=1928.114, peak_memory=6.300 GB, invar_size=2.563 GB, outvar_size=5.334 GB, temp_buffer_size=-1.598 GB, available_memory=64.000 GB, comm_cost=1.175)
Using pre computed peak Mem for (0, 2, 3, 1), module 1
result[(0, 2, 3, 1), 1] = ModuleProfileResult(compute_cost=5087.558, peak_memory=7.350 GB, invar_size=7.898 GB, outvar_size=2.563 GB, temp_buffer_size=-0.548 GB, available_memory=64.000 GB, comm_cost=0.914)
Using pre computed peak Mem for (0, 3, 3, 0), module 0
result[(0, 3, 3, 0), 0] = ModuleProfileResult(compute_cost=2211.974, peak_memory=8.400 GB, invar_size=2.985 GB, outvar_size=6.641 GB, temp_buffer_size=-1.227 GB, available_memory=64.000 GB, comm_cost=1.425)
Using pre computed peak Mem for (0, 3, 3, 0), module 1
result[(0, 3, 3, 0), 1] = ModuleProfileResult(compute_cost=5314.928, peak_memory=9.800 GB, invar_size=9.709 GB, outvar_size=2.985 GB, temp_buffer_size=0.091 GB, available_memory=64.000 GB, comm_cost=1.391)
Using pre computed peak Mem for (0, 3, 3, 1), module 0
result[(0, 3, 3, 1), 0] = ModuleProfileResult(compute_cost=2238.344, peak_memory=8.400 GB, invar_size=2.985 GB, outvar_size=6.723 GB, temp_buffer_size=-1.309 GB, available_memory=64.000 GB, comm_cost=1.418)
Using pre computed peak Mem for (0, 3, 3, 1), module 1
result[(0, 3, 3, 1), 1] = ModuleProfileResult(compute_cost=5314.923, peak_memory=9.800 GB, invar_size=9.709 GB, outvar_size=2.985 GB, temp_buffer_size=0.091 GB, available_memory=64.000 GB, comm_cost=1.387)
Using pre computed peak Mem for (0, 4, 3, 0), module 0
result[(0, 4, 3, 0), 0] = ModuleProfileResult(compute_cost=2548.574, peak_memory=10.500 GB, invar_size=3.407 GB, outvar_size=8.194 GB, temp_buffer_size=-1.102 GB, available_memory=64.000 GB, comm_cost=1.661)
Using pre computed peak Mem for (0, 4, 3, 0), module 1
result[(0, 4, 3, 0), 1] = ModuleProfileResult(compute_cost=5542.096, peak_memory=12.250 GB, invar_size=11.602 GB, outvar_size=3.407 GB, temp_buffer_size=0.648 GB, available_memory=64.000 GB, comm_cost=1.663)
Using pre computed peak Mem for (0, 4, 3, 1), module 0
result[(0, 4, 3, 1), 0] = ModuleProfileResult(compute_cost=1958.462, peak_memory=10.500 GB, invar_size=5.622 GB, outvar_size=10.409 GB, temp_buffer_size=-5.531 GB, available_memory=64.000 GB, comm_cost=1.087)
Using pre computed peak Mem for (0, 4, 3, 1), module 1
result[(0, 4, 3, 1), 1] = ModuleProfileResult(compute_cost=9828.878, peak_memory=12.250 GB, invar_size=16.031 GB, outvar_size=5.622 GB, temp_buffer_size=-3.781 GB, available_memory=64.000 GB, comm_cost=1.894)
Using pre computed peak Mem for (0, 5, 3, 0), module 0
result[(0, 5, 3, 0), 0] = ModuleProfileResult(compute_cost=2858.805, peak_memory=12.600 GB, invar_size=3.829 GB, outvar_size=9.624 GB, temp_buffer_size=-0.854 GB, available_memory=64.000 GB, comm_cost=1.904)
Using pre computed peak Mem for (0, 5, 3, 0), module 1
result[(0, 5, 3, 0), 1] = ModuleProfileResult(compute_cost=5769.264, peak_memory=14.700 GB, invar_size=13.454 GB, outvar_size=3.829 GB, temp_buffer_size=1.246 GB, available_memory=64.000 GB, comm_cost=1.934)
Using pre computed peak Mem for (0, 5, 3, 1), module 0
result[(0, 5, 3, 1), 0] = ModuleProfileResult(compute_cost=2465.387, peak_memory=12.600 GB, invar_size=5.306 GB, outvar_size=11.347 GB, temp_buffer_size=-4.053 GB, available_memory=64.000 GB, comm_cost=1.516)
Using pre computed peak Mem for (0, 5, 3, 1), module 1
result[(0, 5, 3, 1), 1] = ModuleProfileResult(compute_cost=8627.191, peak_memory=14.700 GB, invar_size=16.653 GB, outvar_size=5.306 GB, temp_buffer_size=-1.953 GB, available_memory=64.000 GB, comm_cost=2.158)
Using pre computed peak Mem for (0, 6, 3, 0), module 0
result[(0, 6, 3, 0), 0] = ModuleProfileResult(compute_cost=3169.037, peak_memory=14.700 GB, invar_size=4.252 GB, outvar_size=11.177 GB, temp_buffer_size=-0.729 GB, available_memory=64.000 GB, comm_cost=2.150)
Using pre computed peak Mem for (0, 6, 3, 0), module 1
result[(0, 6, 3, 0), 1] = ModuleProfileResult(compute_cost=5996.445, peak_memory=17.150 GB, invar_size=15.429 GB, outvar_size=4.252 GB, temp_buffer_size=1.721 GB, available_memory=64.000 GB, comm_cost=2.217)
Using pre computed peak Mem for (0, 6, 3, 1), module 0
result[(0, 6, 3, 1), 0] = ModuleProfileResult(compute_cost=2578.909, peak_memory=14.700 GB, invar_size=6.466 GB, outvar_size=13.433 GB, temp_buffer_size=-5.199 GB, available_memory=64.000 GB, comm_cost=1.564)
Using pre computed peak Mem for (0, 6, 3, 1), module 1
result[(0, 6, 3, 1), 1] = ModuleProfileResult(compute_cost=10283.014, peak_memory=17.150 GB, invar_size=19.899 GB, outvar_size=6.466 GB, temp_buffer_size=-2.749 GB, available_memory=64.000 GB, comm_cost=2.236)
Using pre computed peak Mem for (0, 7, 3, 0), module 0
result[(0, 7, 3, 0), 0] = ModuleProfileResult(compute_cost=3479.270, peak_memory=16.800 GB, invar_size=4.674 GB, outvar_size=12.689 GB, temp_buffer_size=-0.563 GB, available_memory=64.000 GB, comm_cost=2.395)
Using pre computed peak Mem for (0, 7, 3, 0), module 1
result[(0, 7, 3, 0), 1] = ModuleProfileResult(compute_cost=6223.605, peak_memory=19.600 GB, invar_size=17.363 GB, outvar_size=4.674 GB, temp_buffer_size=2.237 GB, available_memory=64.000 GB, comm_cost=2.482)
Using pre computed peak Mem for (0, 7, 3, 1), module 0
result[(0, 7, 3, 1), 0] = ModuleProfileResult(compute_cost=3457.539, peak_memory=16.800 GB, invar_size=4.920 GB, outvar_size=13.427 GB, temp_buffer_size=-1.547 GB, available_memory=64.000 GB, comm_cost=2.389)
Using pre computed peak Mem for (0, 7, 3, 1), module 1
result[(0, 7, 3, 1), 1] = ModuleProfileResult(compute_cost=6366.804, peak_memory=19.600 GB, invar_size=18.429 GB, outvar_size=4.920 GB, temp_buffer_size=1.171 GB, available_memory=64.000 GB, comm_cost=0.937)
Using pre computed peak Mem for (0, 8, 3, 0), module 0
result[(0, 8, 3, 0), 0] = ModuleProfileResult(compute_cost=3789.496, peak_memory=18.900 GB, invar_size=5.096 GB, outvar_size=13.914 GB, temp_buffer_size=-0.110 GB, available_memory=64.000 GB, comm_cost=2.633)
Using pre computed peak Mem for (0, 8, 3, 0), module 1
result[(0, 8, 3, 0), 1] = ModuleProfileResult(compute_cost=6450.781, peak_memory=22.050 GB, invar_size=19.010 GB, outvar_size=5.096 GB, temp_buffer_size=3.040 GB, available_memory=64.000 GB, comm_cost=2.760)
Using pre computed peak Mem for (0, 8, 3, 1), module 0
result[(0, 8, 3, 1), 0] = ModuleProfileResult(compute_cost=3396.078, peak_memory=18.900 GB, invar_size=6.572 GB, outvar_size=15.801 GB, temp_buffer_size=-3.473 GB, available_memory=64.000 GB, comm_cost=2.245)
Using pre computed peak Mem for (0, 8, 3, 1), module 1
result[(0, 8, 3, 1), 1] = ModuleProfileResult(compute_cost=9307.903, peak_memory=22.050 GB, invar_size=22.373 GB, outvar_size=6.572 GB, temp_buffer_size=-0.323 GB, available_memory=64.000 GB, comm_cost=2.175)
Using pre computed peak Mem for (0, 9, 3, 0), module 0
result[(0, 9, 3, 0), 0] = ModuleProfileResult(compute_cost=4099.726, peak_memory=21.000 GB, invar_size=5.518 GB, outvar_size=15.672 GB, temp_buffer_size=-0.190 GB, available_memory=64.000 GB, comm_cost=2.877)
Using pre computed peak Mem for (0, 9, 3, 0), module 1
result[(0, 9, 3, 0), 1] = ModuleProfileResult(compute_cost=6677.952, peak_memory=24.500 GB, invar_size=21.190 GB, outvar_size=5.518 GB, temp_buffer_size=3.310 GB, available_memory=64.000 GB, comm_cost=3.034)
Using pre computed peak Mem for (0, 9, 3, 1), module 0
result[(0, 9, 3, 1), 0] = ModuleProfileResult(compute_cost=4099.726, peak_memory=21.000 GB, invar_size=5.518 GB, outvar_size=15.959 GB, temp_buffer_size=-0.477 GB, available_memory=64.000 GB, comm_cost=2.877)
Using pre computed peak Mem for (0, 9, 3, 1), module 1
result[(0, 9, 3, 1), 1] = ModuleProfileResult(compute_cost=6677.361, peak_memory=24.500 GB, invar_size=21.477 GB, outvar_size=5.518 GB, temp_buffer_size=3.023 GB, available_memory=64.000 GB, comm_cost=2.432)
Using pre computed peak Mem for (0, 10, 3, 0), module 0
result[(0, 10, 3, 0), 0] = ModuleProfileResult(compute_cost=4409.961, peak_memory=23.100 GB, invar_size=5.940 GB, outvar_size=16.979 GB, temp_buffer_size=0.181 GB, available_memory=64.000 GB, comm_cost=3.124)
Using pre computed peak Mem for (0, 10, 3, 0), module 1
result[(0, 10, 3, 0), 1] = ModuleProfileResult(compute_cost=6905.116, peak_memory=26.950 GB, invar_size=22.919 GB, outvar_size=5.940 GB, temp_buffer_size=4.031 GB, available_memory=64.000 GB, comm_cost=3.303)
Using pre computed peak Mem for (0, 10, 3, 1), module 0
result[(0, 10, 3, 1), 0] = ModuleProfileResult(compute_cost=4409.957, peak_memory=23.100 GB, invar_size=5.940 GB, outvar_size=17.471 GB, temp_buffer_size=-0.311 GB, available_memory=64.000 GB, comm_cost=3.120)
Using pre computed peak Mem for (0, 10, 3, 1), module 1
result[(0, 10, 3, 1), 1] = ModuleProfileResult(compute_cost=6904.135, peak_memory=26.950 GB, invar_size=23.411 GB, outvar_size=5.940 GB, temp_buffer_size=3.539 GB, available_memory=64.000 GB, comm_cost=2.306)
Using pre computed peak Mem for (0, 11, 3, 0), module 0
result[(0, 11, 3, 0), 0] = ModuleProfileResult(compute_cost=4446.210, peak_memory=25.200 GB, invar_size=6.221 GB, outvar_size=18.991 GB, temp_buffer_size=-0.012 GB, available_memory=64.000 GB, comm_cost=3.141)
Using pre computed peak Mem for (0, 11, 3, 0), module 1
result[(0, 11, 3, 0), 1] = ModuleProfileResult(compute_cost=39006.936, peak_memory=29.400 GB, invar_size=26.362 GB, outvar_size=7.372 GB, temp_buffer_size=3.038 GB, available_memory=64.000 GB, comm_cost=3.328)
Using pre computed peak Mem for (0, 11, 3, 1), module 0
result[(0, 11, 3, 1), 0] = ModuleProfileResult(compute_cost=4446.210, peak_memory=25.200 GB, invar_size=6.221 GB, outvar_size=19.319 GB, temp_buffer_size=-0.340 GB, available_memory=64.000 GB, comm_cost=3.141)
Using pre computed peak Mem for (0, 11, 3, 1), module 1
result[(0, 11, 3, 1), 1] = ModuleProfileResult(compute_cost=39006.342, peak_memory=29.400 GB, invar_size=26.690 GB, outvar_size=7.372 GB, temp_buffer_size=2.710 GB, available_memory=64.000 GB, comm_cost=2.726)
Using pre computed peak Mem for (1, 1, 3, 0), module 0
result[(1, 1, 3, 0), 0] = ModuleProfileResult(compute_cost=310.449, peak_memory=2.100 GB, invar_size=0.516 GB, outvar_size=1.658 GB, temp_buffer_size=-0.074 GB, available_memory=64.000 GB, comm_cost=0.243)
Using pre computed peak Mem for (1, 1, 3, 0), module 1
result[(1, 1, 3, 0), 1] = ModuleProfileResult(compute_cost=227.451, peak_memory=2.450 GB, invar_size=2.081 GB, outvar_size=0.516 GB, temp_buffer_size=0.276 GB, available_memory=64.000 GB, comm_cost=0.274)
Using pre computed peak Mem for (1, 1, 3, 1), module 0
result[(1, 1, 3, 1), 0] = ModuleProfileResult(compute_cost=310.449, peak_memory=2.100 GB, invar_size=0.516 GB, outvar_size=1.658 GB, temp_buffer_size=-0.074 GB, available_memory=64.000 GB, comm_cost=0.243)
Using pre computed peak Mem for (1, 1, 3, 1), module 1
result[(1, 1, 3, 1), 1] = ModuleProfileResult(compute_cost=227.453, peak_memory=2.450 GB, invar_size=2.081 GB, outvar_size=0.516 GB, temp_buffer_size=0.276 GB, available_memory=64.000 GB, comm_cost=0.274)
Using pre computed peak Mem for (1, 2, 3, 0), module 0
result[(1, 2, 3, 0), 0] = ModuleProfileResult(compute_cost=895.031, peak_memory=4.200 GB, invar_size=1.079 GB, outvar_size=3.798 GB, temp_buffer_size=-0.676 GB, available_memory=64.000 GB, comm_cost=0.708)
Using pre computed peak Mem for (1, 2, 3, 0), module 1
result[(1, 2, 3, 0), 1] = ModuleProfileResult(compute_cost=527.340, peak_memory=4.900 GB, invar_size=4.782 GB, outvar_size=1.079 GB, temp_buffer_size=0.024 GB, available_memory=64.000 GB, comm_cost=0.800)
Using pre computed peak Mem for (1, 2, 3, 1), module 0
result[(1, 2, 3, 1), 0] = ModuleProfileResult(compute_cost=895.031, peak_memory=4.200 GB, invar_size=1.079 GB, outvar_size=3.757 GB, temp_buffer_size=-0.635 GB, available_memory=64.000 GB, comm_cost=0.708)
Using pre computed peak Mem for (1, 2, 3, 1), module 1
result[(1, 2, 3, 1), 1] = ModuleProfileResult(compute_cost=527.143, peak_memory=4.900 GB, invar_size=4.741 GB, outvar_size=1.079 GB, temp_buffer_size=0.065 GB, available_memory=64.000 GB, comm_cost=0.601)
Using pre computed peak Mem for (1, 3, 3, 0), module 0
result[(1, 3, 3, 0), 0] = ModuleProfileResult(compute_cost=1205.261, peak_memory=6.300 GB, invar_size=1.501 GB, outvar_size=5.309 GB, temp_buffer_size=-0.510 GB, available_memory=64.000 GB, comm_cost=0.951)
Using pre computed peak Mem for (1, 3, 3, 0), module 1
result[(1, 3, 3, 0), 1] = ModuleProfileResult(compute_cost=754.511, peak_memory=7.350 GB, invar_size=6.717 GB, outvar_size=1.501 GB, temp_buffer_size=0.540 GB, available_memory=64.000 GB, comm_cost=1.074)
Using pre computed peak Mem for (1, 3, 3, 1), module 0
result[(1, 3, 3, 1), 0] = ModuleProfileResult(compute_cost=1205.261, peak_memory=6.300 GB, invar_size=1.501 GB, outvar_size=5.268 GB, temp_buffer_size=-0.469 GB, available_memory=64.000 GB, comm_cost=0.951)
Using pre computed peak Mem for (1, 3, 3, 1), module 1
result[(1, 3, 3, 1), 1] = ModuleProfileResult(compute_cost=754.316, peak_memory=7.350 GB, invar_size=6.676 GB, outvar_size=1.501 GB, temp_buffer_size=0.581 GB, available_memory=64.000 GB, comm_cost=0.875)
Using pre computed peak Mem for (1, 4, 3, 0), module 0
result[(1, 4, 3, 0), 0] = ModuleProfileResult(compute_cost=1515.491, peak_memory=8.400 GB, invar_size=1.923 GB, outvar_size=6.903 GB, temp_buffer_size=-0.426 GB, available_memory=64.000 GB, comm_cost=1.194)
Using pre computed peak Mem for (1, 4, 3, 0), module 1
result[(1, 4, 3, 0), 1] = ModuleProfileResult(compute_cost=981.681, peak_memory=9.800 GB, invar_size=8.733 GB, outvar_size=1.923 GB, temp_buffer_size=0.974 GB, available_memory=64.000 GB, comm_cost=1.347)
Using pre computed peak Mem for (1, 4, 3, 1), module 0
result[(1, 4, 3, 1), 0] = ModuleProfileResult(compute_cost=1515.491, peak_memory=8.400 GB, invar_size=1.923 GB, outvar_size=6.739 GB, temp_buffer_size=-0.262 GB, available_memory=64.000 GB, comm_cost=1.194)
Using pre computed peak Mem for (1, 4, 3, 1), module 1
result[(1, 4, 3, 1), 1] = ModuleProfileResult(compute_cost=981.687, peak_memory=9.800 GB, invar_size=8.569 GB, outvar_size=1.923 GB, temp_buffer_size=1.138 GB, available_memory=64.000 GB, comm_cost=1.349)
Using pre computed peak Mem for (1, 5, 3, 0), module 0
result[(1, 5, 3, 0), 0] = ModuleProfileResult(compute_cost=1825.722, peak_memory=10.500 GB, invar_size=2.345 GB, outvar_size=8.292 GB, temp_buffer_size=-0.137 GB, available_memory=64.000 GB, comm_cost=1.437)
Using pre computed peak Mem for (1, 5, 3, 0), module 1
result[(1, 5, 3, 0), 1] = ModuleProfileResult(compute_cost=1208.851, peak_memory=12.250 GB, invar_size=10.544 GB, outvar_size=2.345 GB, temp_buffer_size=1.613 GB, available_memory=64.000 GB, comm_cost=1.621)
Using pre computed peak Mem for (1, 5, 3, 1), module 0
result[(1, 5, 3, 1), 0] = ModuleProfileResult(compute_cost=1825.722, peak_memory=10.500 GB, invar_size=2.345 GB, outvar_size=8.333 GB, temp_buffer_size=-0.178 GB, available_memory=64.000 GB, comm_cost=1.437)
Using pre computed peak Mem for (1, 5, 3, 1), module 1
result[(1, 5, 3, 1), 1] = ModuleProfileResult(compute_cost=1208.262, peak_memory=12.250 GB, invar_size=10.585 GB, outvar_size=2.345 GB, temp_buffer_size=1.572 GB, available_memory=64.000 GB, comm_cost=1.023)
Using pre computed peak Mem for (1, 6, 3, 0), module 0
result[(1, 6, 3, 0), 0] = ModuleProfileResult(compute_cost=2135.952, peak_memory=12.600 GB, invar_size=2.767 GB, outvar_size=9.722 GB, temp_buffer_size=0.111 GB, available_memory=64.000 GB, comm_cost=1.680)
Using pre computed peak Mem for (1, 6, 3, 0), module 1
result[(1, 6, 3, 0), 1] = ModuleProfileResult(compute_cost=1436.022, peak_memory=14.700 GB, invar_size=12.396 GB, outvar_size=2.767 GB, temp_buffer_size=2.211 GB, available_memory=64.000 GB, comm_cost=1.895)
Using pre computed peak Mem for (1, 6, 3, 1), module 0
result[(1, 6, 3, 1), 0] = ModuleProfileResult(compute_cost=2135.952, peak_memory=12.600 GB, invar_size=2.767 GB, outvar_size=9.804 GB, temp_buffer_size=0.029 GB, available_memory=64.000 GB, comm_cost=1.680)
Using pre computed peak Mem for (1, 6, 3, 1), module 1
result[(1, 6, 3, 1), 1] = ModuleProfileResult(compute_cost=1435.629, peak_memory=14.700 GB, invar_size=12.478 GB, outvar_size=2.767 GB, temp_buffer_size=2.129 GB, available_memory=64.000 GB, comm_cost=1.496)
Using pre computed peak Mem for (1, 7, 3, 0), module 0
result[(1, 7, 3, 0), 0] = ModuleProfileResult(compute_cost=2446.183, peak_memory=14.700 GB, invar_size=3.189 GB, outvar_size=11.193 GB, temp_buffer_size=0.318 GB, available_memory=64.000 GB, comm_cost=1.923)
Using pre computed peak Mem for (1, 7, 3, 0), module 1
result[(1, 7, 3, 0), 1] = ModuleProfileResult(compute_cost=1663.192, peak_memory=17.150 GB, invar_size=14.289 GB, outvar_size=3.189 GB, temp_buffer_size=2.768 GB, available_memory=64.000 GB, comm_cost=2.168)
Using pre computed peak Mem for (1, 7, 3, 1), module 0
result[(1, 7, 3, 1), 0] = ModuleProfileResult(compute_cost=2446.183, peak_memory=14.700 GB, invar_size=3.189 GB, outvar_size=11.234 GB, temp_buffer_size=0.277 GB, available_memory=64.000 GB, comm_cost=1.923)
Using pre computed peak Mem for (1, 7, 3, 1), module 1
result[(1, 7, 3, 1), 1] = ModuleProfileResult(compute_cost=1663.004, peak_memory=17.150 GB, invar_size=14.330 GB, outvar_size=3.189 GB, temp_buffer_size=2.727 GB, available_memory=64.000 GB, comm_cost=1.971)
Using pre computed peak Mem for (1, 8, 3, 0), module 0
result[(1, 8, 3, 0), 0] = ModuleProfileResult(compute_cost=2756.413, peak_memory=16.800 GB, invar_size=3.611 GB, outvar_size=12.623 GB, temp_buffer_size=0.566 GB, available_memory=64.000 GB, comm_cost=2.166)
Using pre computed peak Mem for (1, 8, 3, 0), module 1
result[(1, 8, 3, 0), 1] = ModuleProfileResult(compute_cost=1890.363, peak_memory=19.600 GB, invar_size=16.141 GB, outvar_size=3.611 GB, temp_buffer_size=3.366 GB, available_memory=64.000 GB, comm_cost=2.442)
Using pre computed peak Mem for (1, 8, 3, 1), module 0
result[(1, 8, 3, 1), 0] = ModuleProfileResult(compute_cost=2756.413, peak_memory=16.800 GB, invar_size=3.611 GB, outvar_size=12.910 GB, temp_buffer_size=0.278 GB, available_memory=64.000 GB, comm_cost=2.166)
Using pre computed peak Mem for (1, 8, 3, 1), module 1
result[(1, 8, 3, 1), 1] = ModuleProfileResult(compute_cost=1889.775, peak_memory=19.600 GB, invar_size=16.428 GB, outvar_size=3.611 GB, temp_buffer_size=3.078 GB, available_memory=64.000 GB, comm_cost=1.845)
Using pre computed peak Mem for (1, 9, 3, 0), module 0
result[(1, 9, 3, 0), 0] = ModuleProfileResult(compute_cost=3066.643, peak_memory=18.900 GB, invar_size=4.033 GB, outvar_size=13.971 GB, temp_buffer_size=0.896 GB, available_memory=64.000 GB, comm_cost=2.409)
Using pre computed peak Mem for (1, 9, 3, 0), module 1
result[(1, 9, 3, 0), 1] = ModuleProfileResult(compute_cost=2117.533, peak_memory=22.050 GB, invar_size=17.911 GB, outvar_size=4.033 GB, temp_buffer_size=4.046 GB, available_memory=64.000 GB, comm_cost=2.716)
Using pre computed peak Mem for (1, 9, 3, 1), module 0
result[(1, 9, 3, 1), 0] = ModuleProfileResult(compute_cost=3066.643, peak_memory=18.900 GB, invar_size=4.033 GB, outvar_size=14.299 GB, temp_buffer_size=0.567 GB, available_memory=64.000 GB, comm_cost=2.409)
Using pre computed peak Mem for (1, 9, 3, 1), module 1
result[(1, 9, 3, 1), 1] = ModuleProfileResult(compute_cost=2116.750, peak_memory=22.050 GB, invar_size=18.239 GB, outvar_size=4.033 GB, temp_buffer_size=3.717 GB, available_memory=64.000 GB, comm_cost=1.919)
Using pre computed peak Mem for (1, 10, 3, 0), module 0
result[(1, 10, 3, 0), 0] = ModuleProfileResult(compute_cost=3376.874, peak_memory=21.000 GB, invar_size=4.455 GB, outvar_size=15.442 GB, temp_buffer_size=1.102 GB, available_memory=64.000 GB, comm_cost=2.653)
Using pre computed peak Mem for (1, 10, 3, 0), module 1
result[(1, 10, 3, 0), 1] = ModuleProfileResult(compute_cost=2344.704, peak_memory=24.500 GB, invar_size=19.804 GB, outvar_size=4.455 GB, temp_buffer_size=4.603 GB, available_memory=64.000 GB, comm_cost=2.990)
Using pre computed peak Mem for (1, 10, 3, 1), module 0
result[(1, 10, 3, 1), 0] = ModuleProfileResult(compute_cost=3376.874, peak_memory=21.000 GB, invar_size=4.455 GB, outvar_size=15.770 GB, temp_buffer_size=0.774 GB, available_memory=64.000 GB, comm_cost=2.653)
Using pre computed peak Mem for (1, 10, 3, 1), module 1
result[(1, 10, 3, 1), 1] = ModuleProfileResult(compute_cost=2344.117, peak_memory=24.500 GB, invar_size=20.132 GB, outvar_size=4.455 GB, temp_buffer_size=4.274 GB, available_memory=64.000 GB, comm_cost=2.392)
Using pre computed peak Mem for (1, 11, 3, 0), module 0
result[(1, 11, 3, 0), 0] = ModuleProfileResult(compute_cost=3413.127, peak_memory=23.100 GB, invar_size=4.881 GB, outvar_size=16.775 GB, temp_buffer_size=1.444 GB, available_memory=64.000 GB, comm_cost=2.674)
Using pre computed peak Mem for (1, 11, 3, 0), module 1
result[(1, 11, 3, 0), 1] = ModuleProfileResult(compute_cost=6544.642, peak_memory=26.950 GB, invar_size=21.562 GB, outvar_size=4.881 GB, temp_buffer_size=5.294 GB, available_memory=64.000 GB, comm_cost=3.212)
Using pre computed peak Mem for (1, 11, 3, 1), module 0
result[(1, 11, 3, 1), 0] = ModuleProfileResult(compute_cost=3413.127, peak_memory=23.100 GB, invar_size=4.881 GB, outvar_size=16.734 GB, temp_buffer_size=1.485 GB, available_memory=64.000 GB, comm_cost=2.674)
Using pre computed peak Mem for (1, 11, 3, 1), module 1
result[(1, 11, 3, 1), 1] = ModuleProfileResult(compute_cost=6544.052, peak_memory=26.950 GB, invar_size=21.521 GB, outvar_size=4.881 GB, temp_buffer_size=5.335 GB, available_memory=64.000 GB, comm_cost=2.614)
Using pre computed peak Mem for (2, 2, 3, 0), module 0
result[(2, 2, 3, 0), 0] = ModuleProfileResult(compute_cost=584.613, peak_memory=2.100 GB, invar_size=0.657 GB, outvar_size=2.192 GB, temp_buffer_size=-0.748 GB, available_memory=64.000 GB, comm_cost=0.465)
Using pre computed peak Mem for (2, 2, 3, 0), module 1
result[(2, 2, 3, 0), 1] = ModuleProfileResult(compute_cost=299.889, peak_memory=2.450 GB, invar_size=2.755 GB, outvar_size=0.657 GB, temp_buffer_size=-0.398 GB, available_memory=64.000 GB, comm_cost=0.526)
Using pre computed peak Mem for (2, 2, 3, 1), module 0
result[(2, 2, 3, 1), 0] = ModuleProfileResult(compute_cost=584.613, peak_memory=2.100 GB, invar_size=0.657 GB, outvar_size=2.315 GB, temp_buffer_size=-0.871 GB, available_memory=64.000 GB, comm_cost=0.465)
Using pre computed peak Mem for (2, 2, 3, 1), module 1
result[(2, 2, 3, 1), 1] = ModuleProfileResult(compute_cost=299.691, peak_memory=2.450 GB, invar_size=2.878 GB, outvar_size=0.657 GB, temp_buffer_size=-0.521 GB, available_memory=64.000 GB, comm_cost=0.327)
Using pre computed peak Mem for (2, 3, 3, 0), module 0
result[(2, 3, 3, 0), 0] = ModuleProfileResult(compute_cost=894.843, peak_memory=4.200 GB, invar_size=1.079 GB, outvar_size=3.622 GB, temp_buffer_size=-0.500 GB, available_memory=64.000 GB, comm_cost=0.708)
Using pre computed peak Mem for (2, 3, 3, 0), module 1
result[(2, 3, 3, 0), 1] = ModuleProfileResult(compute_cost=527.059, peak_memory=4.900 GB, invar_size=4.607 GB, outvar_size=1.079 GB, temp_buffer_size=0.200 GB, available_memory=64.000 GB, comm_cost=0.800)
Using pre computed peak Mem for (2, 3, 3, 1), module 0
result[(2, 3, 3, 1), 0] = ModuleProfileResult(compute_cost=894.843, peak_memory=4.200 GB, invar_size=1.079 GB, outvar_size=3.827 GB, temp_buffer_size=-0.706 GB, available_memory=64.000 GB, comm_cost=0.708)
Using pre computed peak Mem for (2, 3, 3, 1), module 1
result[(2, 3, 3, 1), 1] = ModuleProfileResult(compute_cost=526.666, peak_memory=4.900 GB, invar_size=4.812 GB, outvar_size=1.079 GB, temp_buffer_size=-0.006 GB, available_memory=64.000 GB, comm_cost=0.401)
Using pre computed peak Mem for (2, 4, 3, 0), module 0
result[(2, 4, 3, 0), 0] = ModuleProfileResult(compute_cost=1205.074, peak_memory=6.300 GB, invar_size=1.501 GB, outvar_size=5.257 GB, temp_buffer_size=-0.458 GB, available_memory=64.000 GB, comm_cost=0.951)
Using pre computed peak Mem for (2, 4, 3, 0), module 1
result[(2, 4, 3, 0), 1] = ModuleProfileResult(compute_cost=754.230, peak_memory=7.350 GB, invar_size=6.664 GB, outvar_size=1.501 GB, temp_buffer_size=0.592 GB, available_memory=64.000 GB, comm_cost=1.074)
Using pre computed peak Mem for (2, 4, 3, 1), module 0
result[(2, 4, 3, 1), 0] = ModuleProfileResult(compute_cost=1205.074, peak_memory=6.300 GB, invar_size=1.501 GB, outvar_size=5.216 GB, temp_buffer_size=-0.417 GB, available_memory=64.000 GB, comm_cost=0.951)
Using pre computed peak Mem for (2, 4, 3, 1), module 1
result[(2, 4, 3, 1), 1] = ModuleProfileResult(compute_cost=754.034, peak_memory=7.350 GB, invar_size=6.623 GB, outvar_size=1.501 GB, temp_buffer_size=0.633 GB, available_memory=64.000 GB, comm_cost=0.875)
Using pre computed peak Mem for (2, 5, 3, 0), module 0
result[(2, 5, 3, 0), 0] = ModuleProfileResult(compute_cost=1515.304, peak_memory=8.400 GB, invar_size=1.923 GB, outvar_size=6.646 GB, temp_buffer_size=-0.169 GB, available_memory=64.000 GB, comm_cost=1.194)
Using pre computed peak Mem for (2, 5, 3, 0), module 1
result[(2, 5, 3, 0), 1] = ModuleProfileResult(compute_cost=981.400, peak_memory=9.800 GB, invar_size=8.475 GB, outvar_size=1.923 GB, temp_buffer_size=1.231 GB, available_memory=64.000 GB, comm_cost=1.347)
Using pre computed peak Mem for (2, 5, 3, 1), module 0
result[(2, 5, 3, 1), 0] = ModuleProfileResult(compute_cost=1515.304, peak_memory=8.400 GB, invar_size=1.923 GB, outvar_size=6.769 GB, temp_buffer_size=-0.292 GB, available_memory=64.000 GB, comm_cost=1.194)
Using pre computed peak Mem for (2, 5, 3, 1), module 1
result[(2, 5, 3, 1), 1] = ModuleProfileResult(compute_cost=980.811, peak_memory=9.800 GB, invar_size=8.598 GB, outvar_size=1.923 GB, temp_buffer_size=1.108 GB, available_memory=64.000 GB, comm_cost=0.749)
Using pre computed peak Mem for (2, 6, 3, 0), module 0
result[(2, 6, 3, 0), 0] = ModuleProfileResult(compute_cost=1825.534, peak_memory=10.500 GB, invar_size=2.345 GB, outvar_size=8.281 GB, temp_buffer_size=-0.126 GB, available_memory=64.000 GB, comm_cost=1.437)
Using pre computed peak Mem for (2, 6, 3, 0), module 1
result[(2, 6, 3, 0), 1] = ModuleProfileResult(compute_cost=1208.570, peak_memory=12.250 GB, invar_size=10.532 GB, outvar_size=2.345 GB, temp_buffer_size=1.624 GB, available_memory=64.000 GB, comm_cost=1.621)
Using pre computed peak Mem for (2, 6, 3, 1), module 0
result[(2, 6, 3, 1), 0] = ModuleProfileResult(compute_cost=1825.534, peak_memory=10.500 GB, invar_size=2.345 GB, outvar_size=8.322 GB, temp_buffer_size=-0.167 GB, available_memory=64.000 GB, comm_cost=1.437)
Using pre computed peak Mem for (2, 6, 3, 1), module 1
result[(2, 6, 3, 1), 1] = ModuleProfileResult(compute_cost=1208.180, peak_memory=12.250 GB, invar_size=10.573 GB, outvar_size=2.345 GB, temp_buffer_size=1.583 GB, available_memory=64.000 GB, comm_cost=1.223)
Using pre computed peak Mem for (2, 7, 3, 0), module 0
result[(2, 7, 3, 0), 0] = ModuleProfileResult(compute_cost=2135.765, peak_memory=12.600 GB, invar_size=2.767 GB, outvar_size=9.670 GB, temp_buffer_size=0.163 GB, available_memory=64.000 GB, comm_cost=1.680)
Using pre computed peak Mem for (2, 7, 3, 0), module 1
result[(2, 7, 3, 0), 1] = ModuleProfileResult(compute_cost=1435.741, peak_memory=14.700 GB, invar_size=12.343 GB, outvar_size=2.767 GB, temp_buffer_size=2.263 GB, available_memory=64.000 GB, comm_cost=1.895)
Using pre computed peak Mem for (2, 7, 3, 1), module 0
result[(2, 7, 3, 1), 0] = ModuleProfileResult(compute_cost=2135.765, peak_memory=12.600 GB, invar_size=2.767 GB, outvar_size=9.711 GB, temp_buffer_size=0.122 GB, available_memory=64.000 GB, comm_cost=1.680)
Using pre computed peak Mem for (2, 7, 3, 1), module 1
result[(2, 7, 3, 1), 1] = ModuleProfileResult(compute_cost=1435.351, peak_memory=14.700 GB, invar_size=12.384 GB, outvar_size=2.767 GB, temp_buffer_size=2.222 GB, available_memory=64.000 GB, comm_cost=1.497)
Using pre computed peak Mem for (2, 8, 3, 0), module 0
result[(2, 8, 3, 0), 0] = ModuleProfileResult(compute_cost=2445.995, peak_memory=14.700 GB, invar_size=3.189 GB, outvar_size=11.141 GB, temp_buffer_size=0.370 GB, available_memory=64.000 GB, comm_cost=1.923)
Using pre computed peak Mem for (2, 8, 3, 0), module 1
result[(2, 8, 3, 0), 1] = ModuleProfileResult(compute_cost=1662.911, peak_memory=17.150 GB, invar_size=14.236 GB, outvar_size=3.189 GB, temp_buffer_size=2.820 GB, available_memory=64.000 GB, comm_cost=2.168)
Using pre computed peak Mem for (2, 8, 3, 1), module 0
result[(2, 8, 3, 1), 0] = ModuleProfileResult(compute_cost=2445.995, peak_memory=14.700 GB, invar_size=3.189 GB, outvar_size=11.346 GB, temp_buffer_size=0.165 GB, available_memory=64.000 GB, comm_cost=1.923)
Using pre computed peak Mem for (2, 8, 3, 1), module 1
result[(2, 8, 3, 1), 1] = ModuleProfileResult(compute_cost=1662.125, peak_memory=17.150 GB, invar_size=14.441 GB, outvar_size=3.189 GB, temp_buffer_size=2.615 GB, available_memory=64.000 GB, comm_cost=1.371)
Using pre computed peak Mem for (2, 9, 3, 0), module 0
result[(2, 9, 3, 0), 0] = ModuleProfileResult(compute_cost=2756.226, peak_memory=16.800 GB, invar_size=3.611 GB, outvar_size=12.365 GB, temp_buffer_size=0.823 GB, available_memory=64.000 GB, comm_cost=2.166)
Using pre computed peak Mem for (2, 9, 3, 0), module 1
result[(2, 9, 3, 0), 1] = ModuleProfileResult(compute_cost=1890.082, peak_memory=19.600 GB, invar_size=15.883 GB, outvar_size=3.611 GB, temp_buffer_size=3.623 GB, available_memory=64.000 GB, comm_cost=2.442)
Using pre computed peak Mem for (2, 9, 3, 1), module 0
result[(2, 9, 3, 1), 0] = ModuleProfileResult(compute_cost=2756.226, peak_memory=16.800 GB, invar_size=3.611 GB, outvar_size=12.940 GB, temp_buffer_size=0.249 GB, available_memory=64.000 GB, comm_cost=2.166)
Using pre computed peak Mem for (2, 9, 3, 1), module 1
result[(2, 9, 3, 1), 1] = ModuleProfileResult(compute_cost=1889.098, peak_memory=19.600 GB, invar_size=16.457 GB, outvar_size=3.611 GB, temp_buffer_size=3.049 GB, available_memory=64.000 GB, comm_cost=1.445)
Using pre computed peak Mem for (2, 10, 3, 0), module 0
result[(2, 10, 3, 0), 0] = ModuleProfileResult(compute_cost=3044.695, peak_memory=18.900 GB, invar_size=4.279 GB, outvar_size=14.123 GB, temp_buffer_size=0.497 GB, available_memory=64.000 GB, comm_cost=2.391)
Using pre computed peak Mem for (2, 10, 3, 0), module 1
result[(2, 10, 3, 0), 1] = ModuleProfileResult(compute_cost=2257.360, peak_memory=22.050 GB, invar_size=18.391 GB, outvar_size=4.279 GB, temp_buffer_size=3.565 GB, available_memory=64.000 GB, comm_cost=2.741)
Using pre computed peak Mem for (2, 10, 3, 1), module 0
result[(2, 10, 3, 1), 0] = ModuleProfileResult(compute_cost=3066.456, peak_memory=18.900 GB, invar_size=4.033 GB, outvar_size=14.082 GB, temp_buffer_size=0.784 GB, available_memory=64.000 GB, comm_cost=2.409)
Using pre computed peak Mem for (2, 10, 3, 1), module 1
result[(2, 10, 3, 1), 1] = ModuleProfileResult(compute_cost=2116.862, peak_memory=22.050 GB, invar_size=18.022 GB, outvar_size=4.033 GB, temp_buffer_size=3.934 GB, available_memory=64.000 GB, comm_cost=2.318)
Using pre computed peak Mem for (2, 11, 3, 0), module 0
result[(2, 11, 3, 0), 0] = ModuleProfileResult(compute_cost=3102.710, peak_memory=21.000 GB, invar_size=4.459 GB, outvar_size=15.129 GB, temp_buffer_size=1.413 GB, available_memory=64.000 GB, comm_cost=2.430)
Using pre computed peak Mem for (2, 11, 3, 0), module 1
result[(2, 11, 3, 0), 1] = ModuleProfileResult(compute_cost=6317.190, peak_memory=24.500 GB, invar_size=19.493 GB, outvar_size=4.459 GB, temp_buffer_size=4.913 GB, available_memory=64.000 GB, comm_cost=2.938)
Using pre computed peak Mem for (2, 11, 3, 1), module 0
result[(2, 11, 3, 1), 0] = ModuleProfileResult(compute_cost=3102.710, peak_memory=21.000 GB, invar_size=4.459 GB, outvar_size=15.375 GB, temp_buffer_size=1.167 GB, available_memory=64.000 GB, comm_cost=2.430)
Using pre computed peak Mem for (2, 11, 3, 1), module 1
result[(2, 11, 3, 1), 1] = ModuleProfileResult(compute_cost=6316.407, peak_memory=24.500 GB, invar_size=19.740 GB, outvar_size=4.459 GB, temp_buffer_size=4.667 GB, available_memory=64.000 GB, comm_cost=2.141)
Using pre computed peak Mem for (3, 3, 3, 0), module 0
result[(3, 3, 3, 0), 0] = ModuleProfileResult(compute_cost=310.262, peak_memory=2.100 GB, invar_size=0.516 GB, outvar_size=1.606 GB, temp_buffer_size=-0.022 GB, available_memory=64.000 GB, comm_cost=0.243)
Using pre computed peak Mem for (3, 3, 3, 0), module 1
result[(3, 3, 3, 0), 1] = ModuleProfileResult(compute_cost=227.170, peak_memory=2.450 GB, invar_size=2.028 GB, outvar_size=0.516 GB, temp_buffer_size=0.328 GB, available_memory=64.000 GB, comm_cost=0.274)
Using pre computed peak Mem for (3, 3, 3, 1), module 0
result[(3, 3, 3, 1), 0] = ModuleProfileResult(compute_cost=310.262, peak_memory=2.100 GB, invar_size=0.516 GB, outvar_size=1.647 GB, temp_buffer_size=-0.063 GB, available_memory=64.000 GB, comm_cost=0.243)
result[(3, 3, 3, 1), 1] = ModuleProfileResult(compute_cost=226.973, peak_memory=2.450 GB, invar_size=2.069 GB, outvar_size=0.516 GB, temp_buffer_size=0.287 GB, available_memory=64.000 GB, comm_cost=0.074)
Using pre computed peak Mem for (3, 4, 3, 0), module 0
result[(3, 4, 3, 0), 0] = ModuleProfileResult(compute_cost=620.492, peak_memory=4.200 GB, invar_size=0.938 GB, outvar_size=2.995 GB, temp_buffer_size=0.267 GB, available_memory=64.000 GB, comm_cost=0.486)
Using pre computed peak Mem for (3, 4, 3, 0), module 1
result[(3, 4, 3, 0), 1] = ModuleProfileResult(compute_cost=454.341, peak_memory=4.900 GB, invar_size=3.839 GB, outvar_size=0.938 GB, temp_buffer_size=0.967 GB, available_memory=64.000 GB, comm_cost=0.547)
Using pre computed peak Mem for (3, 4, 3, 1), module 0
result[(3, 4, 3, 1), 0] = ModuleProfileResult(compute_cost=620.492, peak_memory=4.200 GB, invar_size=0.938 GB, outvar_size=3.036 GB, temp_buffer_size=0.226 GB, available_memory=64.000 GB, comm_cost=0.486)
Using pre computed peak Mem for (3, 4, 3, 1), module 1
result[(3, 4, 3, 1), 1] = ModuleProfileResult(compute_cost=454.144, peak_memory=4.900 GB, invar_size=3.880 GB, outvar_size=0.938 GB, temp_buffer_size=0.926 GB, available_memory=64.000 GB, comm_cost=0.348)
Using pre computed peak Mem for (3, 5, 3, 0), module 0
result[(3, 5, 3, 0), 0] = ModuleProfileResult(compute_cost=930.722, peak_memory=6.300 GB, invar_size=1.360 GB, outvar_size=4.630 GB, temp_buffer_size=0.310 GB, available_memory=64.000 GB, comm_cost=0.729)
Using pre computed peak Mem for (3, 5, 3, 0), module 1
result[(3, 5, 3, 0), 1] = ModuleProfileResult(compute_cost=681.511, peak_memory=7.350 GB, invar_size=5.896 GB, outvar_size=1.360 GB, temp_buffer_size=1.360 GB, available_memory=64.000 GB, comm_cost=0.821)
Using pre computed peak Mem for (3, 5, 3, 1), module 0
result[(3, 5, 3, 1), 0] = ModuleProfileResult(compute_cost=930.727, peak_memory=6.300 GB, invar_size=1.360 GB, outvar_size=4.671 GB, temp_buffer_size=0.269 GB, available_memory=64.000 GB, comm_cost=0.731)
Using pre computed peak Mem for (3, 5, 3, 1), module 1
result[(3, 5, 3, 1), 1] = ModuleProfileResult(compute_cost=681.320, peak_memory=7.350 GB, invar_size=5.937 GB, outvar_size=1.360 GB, temp_buffer_size=1.319 GB, available_memory=64.000 GB, comm_cost=0.624)
Using pre computed peak Mem for (3, 6, 3, 0), module 0
result[(3, 6, 3, 0), 0] = ModuleProfileResult(compute_cost=1240.953, peak_memory=8.400 GB, invar_size=1.782 GB, outvar_size=5.937 GB, temp_buffer_size=0.681 GB, available_memory=64.000 GB, comm_cost=0.972)
Using pre computed peak Mem for (3, 6, 3, 0), module 1
result[(3, 6, 3, 0), 1] = ModuleProfileResult(compute_cost=908.682, peak_memory=9.800 GB, invar_size=7.625 GB, outvar_size=1.782 GB, temp_buffer_size=2.081 GB, available_memory=64.000 GB, comm_cost=1.095)
result[(3, 6, 3, 1), 0] = ModuleProfileResult(compute_cost=454.118, peak_memory=13.744 GB, invar_size=4.735 GB, outvar_size=8.767 GB, temp_buffer_size=0.242 GB, available_memory=64.000 GB, comm_cost=0.195)
Using pre computed peak Mem for (3, 6, 3, 1), module 1
result[(3, 6, 3, 1), 1] = ModuleProfileResult(compute_cost=6624.913, peak_memory=9.800 GB, invar_size=13.408 GB, outvar_size=4.735 GB, temp_buffer_size=-3.702 GB, available_memory=64.000 GB, comm_cost=1.931)
Using pre computed peak Mem for (3, 7, 3, 0), module 0
result[(3, 7, 3, 0), 0] = ModuleProfileResult(compute_cost=1551.183, peak_memory=10.500 GB, invar_size=2.204 GB, outvar_size=7.490 GB, temp_buffer_size=0.806 GB, available_memory=64.000 GB, comm_cost=1.215)
Using pre computed peak Mem for (3, 7, 3, 0), module 1
result[(3, 7, 3, 0), 1] = ModuleProfileResult(compute_cost=1135.852, peak_memory=12.250 GB, invar_size=9.600 GB, outvar_size=2.204 GB, temp_buffer_size=2.556 GB, available_memory=64.000 GB, comm_cost=1.368)
Using pre computed peak Mem for (3, 7, 3, 1), module 0
result[(3, 7, 3, 1), 0] = ModuleProfileResult(compute_cost=1551.183, peak_memory=10.500 GB, invar_size=2.204 GB, outvar_size=7.613 GB, temp_buffer_size=0.683 GB, available_memory=64.000 GB, comm_cost=1.215)
Using pre computed peak Mem for (3, 7, 3, 1), module 1
result[(3, 7, 3, 1), 1] = ModuleProfileResult(compute_cost=1135.262, peak_memory=12.250 GB, invar_size=9.723 GB, outvar_size=2.204 GB, temp_buffer_size=2.433 GB, available_memory=64.000 GB, comm_cost=0.770)
Using pre computed peak Mem for (3, 8, 3, 0), module 0
result[(3, 8, 3, 0), 0] = ModuleProfileResult(compute_cost=1861.413, peak_memory=12.600 GB, invar_size=2.626 GB, outvar_size=8.919 GB, temp_buffer_size=1.054 GB, available_memory=64.000 GB, comm_cost=1.458)
Using pre computed peak Mem for (3, 8, 3, 0), module 1
result[(3, 8, 3, 0), 1] = ModuleProfileResult(compute_cost=1363.023, peak_memory=14.700 GB, invar_size=11.452 GB, outvar_size=2.626 GB, temp_buffer_size=3.154 GB, available_memory=64.000 GB, comm_cost=1.642)
Using pre computed peak Mem for (3, 8, 3, 1), module 0
result[(3, 8, 3, 1), 0] = ModuleProfileResult(compute_cost=1861.413, peak_memory=12.600 GB, invar_size=2.626 GB, outvar_size=8.960 GB, temp_buffer_size=1.013 GB, available_memory=64.000 GB, comm_cost=1.458)
Using pre computed peak Mem for (3, 8, 3, 1), module 1
result[(3, 8, 3, 1), 1] = ModuleProfileResult(compute_cost=1362.827, peak_memory=14.700 GB, invar_size=11.493 GB, outvar_size=2.626 GB, temp_buffer_size=3.113 GB, available_memory=64.000 GB, comm_cost=1.443)
Using pre computed peak Mem for (3, 9, 3, 0), module 0
result[(3, 9, 3, 0), 0] = ModuleProfileResult(compute_cost=2171.644, peak_memory=14.700 GB, invar_size=3.048 GB, outvar_size=10.472 GB, temp_buffer_size=1.179 GB, available_memory=64.000 GB, comm_cost=1.701)
Using pre computed peak Mem for (3, 9, 3, 0), module 1
result[(3, 9, 3, 0), 1] = ModuleProfileResult(compute_cost=1590.193, peak_memory=17.150 GB, invar_size=13.427 GB, outvar_size=3.048 GB, temp_buffer_size=3.629 GB, available_memory=64.000 GB, comm_cost=1.916)
Using pre computed peak Mem for (3, 9, 3, 1), module 0
result[(3, 9, 3, 1), 0] = ModuleProfileResult(compute_cost=2171.644, peak_memory=14.700 GB, invar_size=3.048 GB, outvar_size=10.760 GB, temp_buffer_size=0.892 GB, available_memory=64.000 GB, comm_cost=1.701)
Using pre computed peak Mem for (3, 9, 3, 1), module 1
result[(3, 9, 3, 1), 1] = ModuleProfileResult(compute_cost=1589.208, peak_memory=17.150 GB, invar_size=13.714 GB, outvar_size=3.048 GB, temp_buffer_size=3.342 GB, available_memory=64.000 GB, comm_cost=0.918)
Using pre computed peak Mem for (3, 10, 3, 0), module 0
result[(3, 10, 3, 0), 0] = ModuleProfileResult(compute_cost=2481.874, peak_memory=16.800 GB, invar_size=3.470 GB, outvar_size=12.025 GB, temp_buffer_size=1.304 GB, available_memory=64.000 GB, comm_cost=1.944)
Using pre computed peak Mem for (3, 10, 3, 0), module 1
result[(3, 10, 3, 0), 1] = ModuleProfileResult(compute_cost=1817.364, peak_memory=19.600 GB, invar_size=15.402 GB, outvar_size=3.470 GB, temp_buffer_size=4.104 GB, available_memory=64.000 GB, comm_cost=2.189)
Using pre computed peak Mem for (3, 10, 3, 1), module 0
result[(3, 10, 3, 1), 0] = ModuleProfileResult(compute_cost=2481.874, peak_memory=16.800 GB, invar_size=3.470 GB, outvar_size=12.107 GB, temp_buffer_size=1.222 GB, available_memory=64.000 GB, comm_cost=1.944)
Using pre computed peak Mem for (3, 10, 3, 1), module 1
result[(3, 10, 3, 1), 1] = ModuleProfileResult(compute_cost=1816.378, peak_memory=19.600 GB, invar_size=15.484 GB, outvar_size=3.470 GB, temp_buffer_size=4.022 GB, available_memory=64.000 GB, comm_cost=1.192)
Using pre computed peak Mem for (3, 11, 3, 0), module 0
result[(3, 11, 3, 0), 0] = ModuleProfileResult(compute_cost=2518.128, peak_memory=18.900 GB, invar_size=3.896 GB, outvar_size=12.867 GB, temp_buffer_size=2.138 GB, available_memory=64.000 GB, comm_cost=1.965)
Using pre computed peak Mem for (3, 11, 3, 0), module 1
result[(3, 11, 3, 0), 1] = ModuleProfileResult(compute_cost=6017.302, peak_memory=22.050 GB, invar_size=16.668 GB, outvar_size=3.896 GB, temp_buffer_size=5.288 GB, available_memory=64.000 GB, comm_cost=2.412)
Using pre computed peak Mem for (3, 11, 3, 1), module 0
result[(3, 11, 3, 1), 0] = ModuleProfileResult(compute_cost=2518.128, peak_memory=18.900 GB, invar_size=3.896 GB, outvar_size=13.318 GB, temp_buffer_size=1.687 GB, available_memory=64.000 GB, comm_cost=1.965)
Using pre computed peak Mem for (3, 11, 3, 1), module 1
result[(3, 11, 3, 1), 1] = ModuleProfileResult(compute_cost=6016.516, peak_memory=22.050 GB, invar_size=17.120 GB, outvar_size=3.896 GB, temp_buffer_size=4.837 GB, available_memory=64.000 GB, comm_cost=1.615)
Using pre computed peak Mem for (4, 4, 3, 0), module 0
result[(4, 4, 3, 0), 0] = ModuleProfileResult(compute_cost=310.262, peak_memory=2.100 GB, invar_size=0.516 GB, outvar_size=1.606 GB, temp_buffer_size=-0.022 GB, available_memory=64.000 GB, comm_cost=0.243)
Using pre computed peak Mem for (4, 4, 3, 0), module 1
result[(4, 4, 3, 0), 1] = ModuleProfileResult(compute_cost=227.170, peak_memory=2.450 GB, invar_size=2.028 GB, outvar_size=0.516 GB, temp_buffer_size=0.328 GB, available_memory=64.000 GB, comm_cost=0.274)
Using pre computed peak Mem for (4, 4, 3, 1), module 0
result[(4, 4, 3, 1), 0] = ModuleProfileResult(compute_cost=310.262, peak_memory=2.100 GB, invar_size=0.516 GB, outvar_size=1.647 GB, temp_buffer_size=-0.063 GB, available_memory=64.000 GB, comm_cost=0.243)
result[(4, 4, 3, 1), 1] = ModuleProfileResult(compute_cost=226.973, peak_memory=2.450 GB, invar_size=2.069 GB, outvar_size=0.516 GB, temp_buffer_size=0.287 GB, available_memory=64.000 GB, comm_cost=0.074)
Using pre computed peak Mem for (4, 5, 3, 0), module 0
result[(4, 5, 3, 0), 0] = ModuleProfileResult(compute_cost=620.492, peak_memory=4.200 GB, invar_size=0.938 GB, outvar_size=3.036 GB, temp_buffer_size=0.226 GB, available_memory=64.000 GB, comm_cost=0.486)
Using pre computed peak Mem for (4, 5, 3, 0), module 1
result[(4, 5, 3, 0), 1] = ModuleProfileResult(compute_cost=454.341, peak_memory=4.900 GB, invar_size=3.880 GB, outvar_size=0.938 GB, temp_buffer_size=0.926 GB, available_memory=64.000 GB, comm_cost=0.547)
Using pre computed peak Mem for (4, 5, 3, 1), module 0
result[(4, 5, 3, 1), 0] = ModuleProfileResult(compute_cost=620.492, peak_memory=4.200 GB, invar_size=0.938 GB, outvar_size=3.159 GB, temp_buffer_size=0.103 GB, available_memory=64.000 GB, comm_cost=0.486)
Using pre computed peak Mem for (4, 5, 3, 1), module 1
result[(4, 5, 3, 1), 1] = ModuleProfileResult(compute_cost=454.145, peak_memory=4.900 GB, invar_size=4.003 GB, outvar_size=0.938 GB, temp_buffer_size=0.803 GB, available_memory=64.000 GB, comm_cost=0.348)
Using pre computed peak Mem for (4, 6, 3, 0), module 0
result[(4, 6, 3, 0), 0] = ModuleProfileResult(compute_cost=930.722, peak_memory=6.300 GB, invar_size=1.360 GB, outvar_size=4.507 GB, temp_buffer_size=0.433 GB, available_memory=64.000 GB, comm_cost=0.729)
Using pre computed peak Mem for (4, 6, 3, 0), module 1
result[(4, 6, 3, 0), 1] = ModuleProfileResult(compute_cost=681.511, peak_memory=7.350 GB, invar_size=5.773 GB, outvar_size=1.360 GB, temp_buffer_size=1.483 GB, available_memory=64.000 GB, comm_cost=0.821)
Using pre computed peak Mem for (4, 6, 3, 1), module 0
result[(4, 6, 3, 1), 0] = ModuleProfileResult(compute_cost=930.722, peak_memory=6.300 GB, invar_size=1.360 GB, outvar_size=4.630 GB, temp_buffer_size=0.310 GB, available_memory=64.000 GB, comm_cost=0.729)
Using pre computed peak Mem for (4, 6, 3, 1), module 1
result[(4, 6, 3, 1), 1] = ModuleProfileResult(compute_cost=681.118, peak_memory=7.350 GB, invar_size=5.896 GB, outvar_size=1.360 GB, temp_buffer_size=1.360 GB, available_memory=64.000 GB, comm_cost=0.422)
Using pre computed peak Mem for (4, 7, 3, 0), module 0
result[(4, 7, 3, 0), 0] = ModuleProfileResult(compute_cost=1240.953, peak_memory=8.400 GB, invar_size=1.782 GB, outvar_size=5.978 GB, temp_buffer_size=0.640 GB, available_memory=64.000 GB, comm_cost=0.972)
Using pre computed peak Mem for (4, 7, 3, 0), module 1
result[(4, 7, 3, 0), 1] = ModuleProfileResult(compute_cost=908.682, peak_memory=9.800 GB, invar_size=7.666 GB, outvar_size=1.782 GB, temp_buffer_size=2.040 GB, available_memory=64.000 GB, comm_cost=1.095)
Using pre computed peak Mem for (4, 7, 3, 1), module 0
result[(4, 7, 3, 1), 0] = ModuleProfileResult(compute_cost=1240.953, peak_memory=8.400 GB, invar_size=1.782 GB, outvar_size=6.101 GB, temp_buffer_size=0.517 GB, available_memory=64.000 GB, comm_cost=0.972)
Using pre computed peak Mem for (4, 7, 3, 1), module 1
result[(4, 7, 3, 1), 1] = ModuleProfileResult(compute_cost=908.288, peak_memory=9.800 GB, invar_size=7.789 GB, outvar_size=1.782 GB, temp_buffer_size=1.917 GB, available_memory=64.000 GB, comm_cost=0.696)
Using pre computed peak Mem for (4, 8, 3, 0), module 0
result[(4, 8, 3, 0), 0] = ModuleProfileResult(compute_cost=1551.183, peak_memory=10.500 GB, invar_size=2.204 GB, outvar_size=7.531 GB, temp_buffer_size=0.765 GB, available_memory=64.000 GB, comm_cost=1.215)
Using pre computed peak Mem for (4, 8, 3, 0), module 1
result[(4, 8, 3, 0), 1] = ModuleProfileResult(compute_cost=1135.852, peak_memory=12.250 GB, invar_size=9.641 GB, outvar_size=2.204 GB, temp_buffer_size=2.515 GB, available_memory=64.000 GB, comm_cost=1.368)
Using pre computed peak Mem for (4, 8, 3, 1), module 0
result[(4, 8, 3, 1), 0] = ModuleProfileResult(compute_cost=1551.183, peak_memory=10.500 GB, invar_size=2.204 GB, outvar_size=7.572 GB, temp_buffer_size=0.724 GB, available_memory=64.000 GB, comm_cost=1.215)
Using pre computed peak Mem for (4, 8, 3, 1), module 1
result[(4, 8, 3, 1), 1] = ModuleProfileResult(compute_cost=1135.459, peak_memory=12.250 GB, invar_size=9.682 GB, outvar_size=2.204 GB, temp_buffer_size=2.474 GB, available_memory=64.000 GB, comm_cost=0.970)
Using pre computed peak Mem for (4, 9, 3, 0), module 0
result[(4, 9, 3, 0), 0] = ModuleProfileResult(compute_cost=1861.413, peak_memory=12.600 GB, invar_size=2.626 GB, outvar_size=9.042 GB, temp_buffer_size=0.931 GB, available_memory=64.000 GB, comm_cost=1.458)
Using pre computed peak Mem for (4, 9, 3, 0), module 1
result[(4, 9, 3, 0), 1] = ModuleProfileResult(compute_cost=1363.023, peak_memory=14.700 GB, invar_size=11.575 GB, outvar_size=2.626 GB, temp_buffer_size=3.031 GB, available_memory=64.000 GB, comm_cost=1.642)
Using pre computed peak Mem for (4, 9, 3, 1), module 0
result[(4, 9, 3, 1), 0] = ModuleProfileResult(compute_cost=1861.413, peak_memory=12.600 GB, invar_size=2.626 GB, outvar_size=8.960 GB, temp_buffer_size=1.013 GB, available_memory=64.000 GB, comm_cost=1.458)
Using pre computed peak Mem for (4, 9, 3, 1), module 1
result[(4, 9, 3, 1), 1] = ModuleProfileResult(compute_cost=1362.831, peak_memory=14.700 GB, invar_size=11.493 GB, outvar_size=2.626 GB, temp_buffer_size=3.113 GB, available_memory=64.000 GB, comm_cost=1.444)
Using pre computed peak Mem for (4, 10, 3, 0), module 0
result[(4, 10, 3, 0), 0] = ModuleProfileResult(compute_cost=2171.644, peak_memory=14.700 GB, invar_size=3.048 GB, outvar_size=10.431 GB, temp_buffer_size=1.220 GB, available_memory=64.000 GB, comm_cost=1.701)
Using pre computed peak Mem for (4, 10, 3, 0), module 1
result[(4, 10, 3, 0), 1] = ModuleProfileResult(compute_cost=1590.193, peak_memory=17.150 GB, invar_size=13.386 GB, outvar_size=3.048 GB, temp_buffer_size=3.670 GB, available_memory=64.000 GB, comm_cost=1.916)
Using pre computed peak Mem for (4, 10, 3, 1), module 0
result[(4, 10, 3, 1), 0] = ModuleProfileResult(compute_cost=2171.644, peak_memory=14.700 GB, invar_size=3.048 GB, outvar_size=10.554 GB, temp_buffer_size=1.097 GB, available_memory=64.000 GB, comm_cost=1.701)
Using pre computed peak Mem for (4, 10, 3, 1), module 1
result[(4, 10, 3, 1), 1] = ModuleProfileResult(compute_cost=1589.404, peak_memory=17.150 GB, invar_size=13.509 GB, outvar_size=3.048 GB, temp_buffer_size=3.547 GB, available_memory=64.000 GB, comm_cost=1.118)
Using pre computed peak Mem for (4, 11, 3, 0), module 0
result[(4, 11, 3, 0), 0] = ModuleProfileResult(compute_cost=2207.897, peak_memory=16.800 GB, invar_size=3.474 GB, outvar_size=11.683 GB, temp_buffer_size=1.644 GB, available_memory=64.000 GB, comm_cost=1.722)
Using pre computed peak Mem for (4, 11, 3, 0), module 1
result[(4, 11, 3, 0), 1] = ModuleProfileResult(compute_cost=5790.131, peak_memory=19.600 GB, invar_size=15.063 GB, outvar_size=3.474 GB, temp_buffer_size=4.444 GB, available_memory=64.000 GB, comm_cost=2.138)
Using pre computed peak Mem for (4, 11, 3, 1), module 0
result[(4, 11, 3, 1), 0] = ModuleProfileResult(compute_cost=2207.897, peak_memory=16.800 GB, invar_size=3.474 GB, outvar_size=11.765 GB, temp_buffer_size=1.562 GB, available_memory=64.000 GB, comm_cost=1.722)
Using pre computed peak Mem for (4, 11, 3, 1), module 1
result[(4, 11, 3, 1), 1] = ModuleProfileResult(compute_cost=5789.739, peak_memory=19.600 GB, invar_size=15.145 GB, outvar_size=3.474 GB, temp_buffer_size=4.362 GB, available_memory=64.000 GB, comm_cost=1.740)
Using pre computed peak Mem for (5, 5, 3, 0), module 0
result[(5, 5, 3, 0), 0] = ModuleProfileResult(compute_cost=310.262, peak_memory=2.100 GB, invar_size=0.516 GB, outvar_size=1.606 GB, temp_buffer_size=-0.022 GB, available_memory=64.000 GB, comm_cost=0.243)
Using pre computed peak Mem for (5, 5, 3, 0), module 1
result[(5, 5, 3, 0), 1] = ModuleProfileResult(compute_cost=227.170, peak_memory=2.450 GB, invar_size=2.028 GB, outvar_size=0.516 GB, temp_buffer_size=0.328 GB, available_memory=64.000 GB, comm_cost=0.274)
Using pre computed peak Mem for (5, 5, 3, 1), module 0
result[(5, 5, 3, 1), 0] = ModuleProfileResult(compute_cost=310.262, peak_memory=2.100 GB, invar_size=0.516 GB, outvar_size=1.647 GB, temp_buffer_size=-0.063 GB, available_memory=64.000 GB, comm_cost=0.243)
result[(5, 5, 3, 1), 1] = ModuleProfileResult(compute_cost=226.973, peak_memory=2.450 GB, invar_size=2.069 GB, outvar_size=0.516 GB, temp_buffer_size=0.287 GB, available_memory=64.000 GB, comm_cost=0.074)
Using pre computed peak Mem for (5, 6, 3, 0), module 0
result[(5, 6, 3, 0), 0] = ModuleProfileResult(compute_cost=620.492, peak_memory=4.200 GB, invar_size=0.938 GB, outvar_size=3.036 GB, temp_buffer_size=0.226 GB, available_memory=64.000 GB, comm_cost=0.486)
Using pre computed peak Mem for (5, 6, 3, 0), module 1
result[(5, 6, 3, 0), 1] = ModuleProfileResult(compute_cost=454.341, peak_memory=4.900 GB, invar_size=3.880 GB, outvar_size=0.938 GB, temp_buffer_size=0.926 GB, available_memory=64.000 GB, comm_cost=0.547)
Using pre computed peak Mem for (5, 6, 3, 1), module 0
result[(5, 6, 3, 1), 0] = ModuleProfileResult(compute_cost=620.492, peak_memory=4.200 GB, invar_size=0.938 GB, outvar_size=3.118 GB, temp_buffer_size=0.144 GB, available_memory=64.000 GB, comm_cost=0.486)
result[(5, 6, 3, 1), 1] = ModuleProfileResult(compute_cost=453.946, peak_memory=4.530 GB, invar_size=3.962 GB, outvar_size=0.938 GB, temp_buffer_size=0.475 GB, available_memory=64.000 GB, comm_cost=0.148)
Using pre computed peak Mem for (5, 7, 3, 0), module 0
result[(5, 7, 3, 0), 0] = ModuleProfileResult(compute_cost=930.722, peak_memory=6.300 GB, invar_size=1.360 GB, outvar_size=4.589 GB, temp_buffer_size=0.351 GB, available_memory=64.000 GB, comm_cost=0.729)
Using pre computed peak Mem for (5, 7, 3, 0), module 1
result[(5, 7, 3, 0), 1] = ModuleProfileResult(compute_cost=681.511, peak_memory=7.350 GB, invar_size=5.855 GB, outvar_size=1.360 GB, temp_buffer_size=1.401 GB, available_memory=64.000 GB, comm_cost=0.821)
Using pre computed peak Mem for (5, 7, 3, 1), module 0
result[(5, 7, 3, 1), 0] = ModuleProfileResult(compute_cost=930.722, peak_memory=6.300 GB, invar_size=1.360 GB, outvar_size=4.589 GB, temp_buffer_size=0.351 GB, available_memory=64.000 GB, comm_cost=0.729)
Using pre computed peak Mem for (5, 7, 3, 1), module 1
result[(5, 7, 3, 1), 1] = ModuleProfileResult(compute_cost=681.115, peak_memory=7.350 GB, invar_size=5.855 GB, outvar_size=1.360 GB, temp_buffer_size=1.401 GB, available_memory=64.000 GB, comm_cost=0.422)
Using pre computed peak Mem for (5, 8, 3, 0), module 0
result[(5, 8, 3, 0), 0] = ModuleProfileResult(compute_cost=1240.953, peak_memory=8.400 GB, invar_size=1.782 GB, outvar_size=6.101 GB, temp_buffer_size=0.517 GB, available_memory=64.000 GB, comm_cost=0.972)
Using pre computed peak Mem for (5, 8, 3, 0), module 1
result[(5, 8, 3, 0), 1] = ModuleProfileResult(compute_cost=908.682, peak_memory=9.800 GB, invar_size=7.789 GB, outvar_size=1.782 GB, temp_buffer_size=1.917 GB, available_memory=64.000 GB, comm_cost=1.095)
Using pre computed peak Mem for (5, 8, 3, 1), module 0
result[(5, 8, 3, 1), 0] = ModuleProfileResult(compute_cost=1240.953, peak_memory=8.400 GB, invar_size=1.782 GB, outvar_size=6.060 GB, temp_buffer_size=0.558 GB, available_memory=64.000 GB, comm_cost=0.972)
Using pre computed peak Mem for (5, 8, 3, 1), module 1
result[(5, 8, 3, 1), 1] = ModuleProfileResult(compute_cost=908.487, peak_memory=9.800 GB, invar_size=7.748 GB, outvar_size=1.782 GB, temp_buffer_size=1.958 GB, available_memory=64.000 GB, comm_cost=0.896)
Using pre computed peak Mem for (5, 9, 3, 0), module 0
result[(5, 9, 3, 0), 0] = ModuleProfileResult(compute_cost=1551.183, peak_memory=10.500 GB, invar_size=2.204 GB, outvar_size=7.572 GB, temp_buffer_size=0.724 GB, available_memory=64.000 GB, comm_cost=1.215)
Using pre computed peak Mem for (5, 9, 3, 0), module 1
result[(5, 9, 3, 0), 1] = ModuleProfileResult(compute_cost=1135.852, peak_memory=12.250 GB, invar_size=9.682 GB, outvar_size=2.204 GB, temp_buffer_size=2.474 GB, available_memory=64.000 GB, comm_cost=1.368)
Using pre computed peak Mem for (5, 9, 3, 1), module 0
result[(5, 9, 3, 1), 0] = ModuleProfileResult(compute_cost=1551.183, peak_memory=10.500 GB, invar_size=2.204 GB, outvar_size=7.613 GB, temp_buffer_size=0.683 GB, available_memory=64.000 GB, comm_cost=1.215)
Using pre computed peak Mem for (5, 9, 3, 1), module 1
result[(5, 9, 3, 1), 1] = ModuleProfileResult(compute_cost=1135.462, peak_memory=12.250 GB, invar_size=9.723 GB, outvar_size=2.204 GB, temp_buffer_size=2.433 GB, available_memory=64.000 GB, comm_cost=0.970)
Using pre computed peak Mem for (5, 10, 3, 0), module 0
result[(5, 10, 3, 0), 0] = ModuleProfileResult(compute_cost=1861.413, peak_memory=12.600 GB, invar_size=2.626 GB, outvar_size=8.878 GB, temp_buffer_size=1.095 GB, available_memory=64.000 GB, comm_cost=1.458)
Using pre computed peak Mem for (5, 10, 3, 0), module 1
result[(5, 10, 3, 0), 1] = ModuleProfileResult(compute_cost=1363.023, peak_memory=14.700 GB, invar_size=11.411 GB, outvar_size=2.626 GB, temp_buffer_size=3.195 GB, available_memory=64.000 GB, comm_cost=1.642)
Using pre computed peak Mem for (5, 10, 3, 1), module 0
result[(5, 10, 3, 1), 0] = ModuleProfileResult(compute_cost=1861.413, peak_memory=12.600 GB, invar_size=2.626 GB, outvar_size=9.083 GB, temp_buffer_size=0.890 GB, available_memory=64.000 GB, comm_cost=1.458)
Using pre computed peak Mem for (5, 10, 3, 1), module 1
result[(5, 10, 3, 1), 1] = ModuleProfileResult(compute_cost=1362.830, peak_memory=14.700 GB, invar_size=11.616 GB, outvar_size=2.626 GB, temp_buffer_size=2.990 GB, available_memory=64.000 GB, comm_cost=1.444)
Using pre computed peak Mem for (5, 11, 3, 0), module 0
result[(5, 11, 3, 0), 0] = ModuleProfileResult(compute_cost=1897.667, peak_memory=14.700 GB, invar_size=3.051 GB, outvar_size=10.089 GB, temp_buffer_size=1.560 GB, available_memory=64.000 GB, comm_cost=1.479)
Using pre computed peak Mem for (5, 11, 3, 0), module 1
result[(5, 11, 3, 0), 1] = ModuleProfileResult(compute_cost=5562.961, peak_memory=17.150 GB, invar_size=13.046 GB, outvar_size=3.051 GB, temp_buffer_size=4.010 GB, available_memory=64.000 GB, comm_cost=1.864)
Using pre computed peak Mem for (5, 11, 3, 1), module 0
result[(5, 11, 3, 1), 0] = ModuleProfileResult(compute_cost=1897.667, peak_memory=14.700 GB, invar_size=3.051 GB, outvar_size=10.212 GB, temp_buffer_size=1.437 GB, available_memory=64.000 GB, comm_cost=1.479)
Using pre computed peak Mem for (5, 11, 3, 1), module 1
result[(5, 11, 3, 1), 1] = ModuleProfileResult(compute_cost=5562.371, peak_memory=17.150 GB, invar_size=13.170 GB, outvar_size=3.051 GB, temp_buffer_size=3.887 GB, available_memory=64.000 GB, comm_cost=1.267)
Using pre computed peak Mem for (6, 6, 3, 0), module 0
result[(6, 6, 3, 0), 0] = ModuleProfileResult(compute_cost=310.262, peak_memory=2.100 GB, invar_size=0.516 GB, outvar_size=1.606 GB, temp_buffer_size=-0.022 GB, available_memory=64.000 GB, comm_cost=0.243)
Using pre computed peak Mem for (6, 6, 3, 0), module 1
result[(6, 6, 3, 0), 1] = ModuleProfileResult(compute_cost=227.170, peak_memory=2.450 GB, invar_size=2.028 GB, outvar_size=0.516 GB, temp_buffer_size=0.328 GB, available_memory=64.000 GB, comm_cost=0.274)
Using pre computed peak Mem for (6, 6, 3, 1), module 0
result[(6, 6, 3, 1), 0] = ModuleProfileResult(compute_cost=310.262, peak_memory=2.100 GB, invar_size=0.516 GB, outvar_size=1.606 GB, temp_buffer_size=-0.022 GB, available_memory=64.000 GB, comm_cost=0.243)
result[(6, 6, 3, 1), 1] = ModuleProfileResult(compute_cost=226.973, peak_memory=2.409 GB, invar_size=2.028 GB, outvar_size=0.516 GB, temp_buffer_size=0.287 GB, available_memory=64.000 GB, comm_cost=0.074)
Using pre computed peak Mem for (6, 7, 3, 0), module 0
result[(6, 7, 3, 0), 0] = ModuleProfileResult(compute_cost=620.492, peak_memory=4.200 GB, invar_size=0.938 GB, outvar_size=2.995 GB, temp_buffer_size=0.267 GB, available_memory=64.000 GB, comm_cost=0.486)
Using pre computed peak Mem for (6, 7, 3, 0), module 1
result[(6, 7, 3, 0), 1] = ModuleProfileResult(compute_cost=454.341, peak_memory=4.900 GB, invar_size=3.839 GB, outvar_size=0.938 GB, temp_buffer_size=0.967 GB, available_memory=64.000 GB, comm_cost=0.547)
Using pre computed peak Mem for (6, 7, 3, 1), module 0
result[(6, 7, 3, 1), 0] = ModuleProfileResult(compute_cost=620.492, peak_memory=4.200 GB, invar_size=0.938 GB, outvar_size=3.118 GB, temp_buffer_size=0.144 GB, available_memory=64.000 GB, comm_cost=0.486)
result[(6, 7, 3, 1), 1] = ModuleProfileResult(compute_cost=453.946, peak_memory=4.530 GB, invar_size=3.962 GB, outvar_size=0.938 GB, temp_buffer_size=0.475 GB, available_memory=64.000 GB, comm_cost=0.148)
Using pre computed peak Mem for (6, 8, 3, 0), module 0
result[(6, 8, 3, 0), 0] = ModuleProfileResult(compute_cost=930.722, peak_memory=6.300 GB, invar_size=1.360 GB, outvar_size=4.548 GB, temp_buffer_size=0.392 GB, available_memory=64.000 GB, comm_cost=0.729)
Using pre computed peak Mem for (6, 8, 3, 0), module 1
result[(6, 8, 3, 0), 1] = ModuleProfileResult(compute_cost=681.511, peak_memory=7.350 GB, invar_size=5.814 GB, outvar_size=1.360 GB, temp_buffer_size=1.442 GB, available_memory=64.000 GB, comm_cost=0.821)
Using pre computed peak Mem for (6, 8, 3, 1), module 0
result[(6, 8, 3, 1), 0] = ModuleProfileResult(compute_cost=930.722, peak_memory=6.300 GB, invar_size=1.360 GB, outvar_size=4.671 GB, temp_buffer_size=0.269 GB, available_memory=64.000 GB, comm_cost=0.729)
Using pre computed peak Mem for (6, 8, 3, 1), module 1
result[(6, 8, 3, 1), 1] = ModuleProfileResult(compute_cost=681.118, peak_memory=7.350 GB, invar_size=5.937 GB, outvar_size=1.360 GB, temp_buffer_size=1.319 GB, available_memory=64.000 GB, comm_cost=0.422)
Using pre computed peak Mem for (6, 9, 3, 0), module 0
result[(6, 9, 3, 0), 0] = ModuleProfileResult(compute_cost=1240.953, peak_memory=8.400 GB, invar_size=1.782 GB, outvar_size=5.937 GB, temp_buffer_size=0.681 GB, available_memory=64.000 GB, comm_cost=0.972)
Using pre computed peak Mem for (6, 9, 3, 0), module 1
result[(6, 9, 3, 0), 1] = ModuleProfileResult(compute_cost=908.682, peak_memory=9.800 GB, invar_size=7.625 GB, outvar_size=1.782 GB, temp_buffer_size=2.081 GB, available_memory=64.000 GB, comm_cost=1.095)
Using pre computed peak Mem for (6, 9, 3, 1), module 0
result[(6, 9, 3, 1), 0] = ModuleProfileResult(compute_cost=1240.953, peak_memory=8.400 GB, invar_size=1.782 GB, outvar_size=6.224 GB, temp_buffer_size=0.394 GB, available_memory=64.000 GB, comm_cost=0.972)
Using pre computed peak Mem for (6, 9, 3, 1), module 1
result[(6, 9, 3, 1), 1] = ModuleProfileResult(compute_cost=908.290, peak_memory=9.800 GB, invar_size=7.912 GB, outvar_size=1.782 GB, temp_buffer_size=1.794 GB, available_memory=64.000 GB, comm_cost=0.696)
Using pre computed peak Mem for (6, 10, 3, 0), module 0
result[(6, 10, 3, 0), 0] = ModuleProfileResult(compute_cost=1551.183, peak_memory=10.500 GB, invar_size=2.204 GB, outvar_size=7.531 GB, temp_buffer_size=0.765 GB, available_memory=64.000 GB, comm_cost=1.215)
Using pre computed peak Mem for (6, 10, 3, 0), module 1
result[(6, 10, 3, 0), 1] = ModuleProfileResult(compute_cost=1135.852, peak_memory=12.250 GB, invar_size=9.641 GB, outvar_size=2.204 GB, temp_buffer_size=2.515 GB, available_memory=64.000 GB, comm_cost=1.368)
Using pre computed peak Mem for (6, 10, 3, 1), module 0
result[(6, 10, 3, 1), 0] = ModuleProfileResult(compute_cost=1551.183, peak_memory=10.500 GB, invar_size=2.204 GB, outvar_size=7.736 GB, temp_buffer_size=0.560 GB, available_memory=64.000 GB, comm_cost=1.215)
Using pre computed peak Mem for (6, 10, 3, 1), module 1
result[(6, 10, 3, 1), 1] = ModuleProfileResult(compute_cost=1135.064, peak_memory=12.250 GB, invar_size=9.846 GB, outvar_size=2.204 GB, temp_buffer_size=2.310 GB, available_memory=64.000 GB, comm_cost=0.571)
Using pre computed peak Mem for (6, 11, 3, 0), module 0
result[(6, 11, 3, 0), 0] = ModuleProfileResult(compute_cost=1587.437, peak_memory=12.600 GB, invar_size=2.629 GB, outvar_size=8.577 GB, temp_buffer_size=1.394 GB, available_memory=64.000 GB, comm_cost=1.236)
Using pre computed peak Mem for (6, 11, 3, 0), module 1
result[(6, 11, 3, 0), 1] = ModuleProfileResult(compute_cost=5335.790, peak_memory=14.700 GB, invar_size=11.112 GB, outvar_size=2.629 GB, temp_buffer_size=3.494 GB, available_memory=64.000 GB, comm_cost=1.591)
Using pre computed peak Mem for (6, 11, 3, 1), module 0
result[(6, 11, 3, 1), 0] = ModuleProfileResult(compute_cost=1587.437, peak_memory=12.600 GB, invar_size=2.629 GB, outvar_size=8.782 GB, temp_buffer_size=1.189 GB, available_memory=64.000 GB, comm_cost=1.236)
Using pre computed peak Mem for (6, 11, 3, 1), module 1
result[(6, 11, 3, 1), 1] = ModuleProfileResult(compute_cost=5335.201, peak_memory=14.700 GB, invar_size=11.318 GB, outvar_size=2.629 GB, temp_buffer_size=3.289 GB, available_memory=64.000 GB, comm_cost=0.993)
Using pre computed peak Mem for (7, 7, 3, 0), module 0
result[(7, 7, 3, 0), 0] = ModuleProfileResult(compute_cost=310.262, peak_memory=2.100 GB, invar_size=0.516 GB, outvar_size=1.606 GB, temp_buffer_size=-0.022 GB, available_memory=64.000 GB, comm_cost=0.243)
Using pre computed peak Mem for (7, 7, 3, 0), module 1
result[(7, 7, 3, 0), 1] = ModuleProfileResult(compute_cost=227.170, peak_memory=2.450 GB, invar_size=2.028 GB, outvar_size=0.516 GB, temp_buffer_size=0.328 GB, available_memory=64.000 GB, comm_cost=0.274)
Using pre computed peak Mem for (7, 7, 3, 1), module 0
result[(7, 7, 3, 1), 0] = ModuleProfileResult(compute_cost=310.262, peak_memory=2.100 GB, invar_size=0.516 GB, outvar_size=1.606 GB, temp_buffer_size=-0.022 GB, available_memory=64.000 GB, comm_cost=0.243)
Using pre computed peak Mem for (7, 7, 3, 1), module 1
result[(7, 7, 3, 1), 1] = ModuleProfileResult(compute_cost=227.172, peak_memory=2.450 GB, invar_size=2.028 GB, outvar_size=0.516 GB, temp_buffer_size=0.328 GB, available_memory=64.000 GB, comm_cost=0.274)
Using pre computed peak Mem for (7, 8, 3, 0), module 0
result[(7, 8, 3, 0), 0] = ModuleProfileResult(compute_cost=620.492, peak_memory=4.200 GB, invar_size=0.938 GB, outvar_size=3.118 GB, temp_buffer_size=0.144 GB, available_memory=64.000 GB, comm_cost=0.486)
Using pre computed peak Mem for (7, 8, 3, 0), module 1
result[(7, 8, 3, 0), 1] = ModuleProfileResult(compute_cost=454.341, peak_memory=4.900 GB, invar_size=3.962 GB, outvar_size=0.938 GB, temp_buffer_size=0.844 GB, available_memory=64.000 GB, comm_cost=0.547)
Using pre computed peak Mem for (7, 8, 3, 1), module 0
result[(7, 8, 3, 1), 0] = ModuleProfileResult(compute_cost=620.492, peak_memory=4.200 GB, invar_size=0.938 GB, outvar_size=3.159 GB, temp_buffer_size=0.103 GB, available_memory=64.000 GB, comm_cost=0.486)
result[(7, 8, 3, 1), 1] = ModuleProfileResult(compute_cost=453.946, peak_memory=4.571 GB, invar_size=4.003 GB, outvar_size=0.938 GB, temp_buffer_size=0.475 GB, available_memory=64.000 GB, comm_cost=0.148)
Using pre computed peak Mem for (7, 9, 3, 0), module 0
result[(7, 9, 3, 0), 0] = ModuleProfileResult(compute_cost=930.722, peak_memory=6.300 GB, invar_size=1.360 GB, outvar_size=4.507 GB, temp_buffer_size=0.433 GB, available_memory=64.000 GB, comm_cost=0.729)
Using pre computed peak Mem for (7, 9, 3, 0), module 1
result[(7, 9, 3, 0), 1] = ModuleProfileResult(compute_cost=681.511, peak_memory=7.350 GB, invar_size=5.773 GB, outvar_size=1.360 GB, temp_buffer_size=1.483 GB, available_memory=64.000 GB, comm_cost=0.821)
Using pre computed peak Mem for (7, 9, 3, 1), module 0
result[(7, 9, 3, 1), 0] = ModuleProfileResult(compute_cost=930.722, peak_memory=6.300 GB, invar_size=1.360 GB, outvar_size=4.589 GB, temp_buffer_size=0.351 GB, available_memory=64.000 GB, comm_cost=0.729)
Using pre computed peak Mem for (7, 9, 3, 1), module 1
result[(7, 9, 3, 1), 1] = ModuleProfileResult(compute_cost=681.516, peak_memory=7.350 GB, invar_size=5.855 GB, outvar_size=1.360 GB, temp_buffer_size=1.401 GB, available_memory=64.000 GB, comm_cost=0.822)
Using pre computed peak Mem for (7, 10, 3, 0), module 0
result[(7, 10, 3, 0), 0] = ModuleProfileResult(compute_cost=1240.953, peak_memory=8.400 GB, invar_size=1.782 GB, outvar_size=6.060 GB, temp_buffer_size=0.558 GB, available_memory=64.000 GB, comm_cost=0.972)
Using pre computed peak Mem for (7, 10, 3, 0), module 1
result[(7, 10, 3, 0), 1] = ModuleProfileResult(compute_cost=908.682, peak_memory=9.800 GB, invar_size=7.748 GB, outvar_size=1.782 GB, temp_buffer_size=1.958 GB, available_memory=64.000 GB, comm_cost=1.095)
Using pre computed peak Mem for (7, 10, 3, 1), module 0
result[(7, 10, 3, 1), 0] = ModuleProfileResult(compute_cost=1240.953, peak_memory=8.400 GB, invar_size=1.782 GB, outvar_size=6.183 GB, temp_buffer_size=0.435 GB, available_memory=64.000 GB, comm_cost=0.972)
Using pre computed peak Mem for (7, 10, 3, 1), module 1
result[(7, 10, 3, 1), 1] = ModuleProfileResult(compute_cost=908.091, peak_memory=9.800 GB, invar_size=7.871 GB, outvar_size=1.782 GB, temp_buffer_size=1.835 GB, available_memory=64.000 GB, comm_cost=0.496)
Using pre computed peak Mem for (7, 11, 3, 0), module 0
result[(7, 11, 3, 0), 0] = ModuleProfileResult(compute_cost=1277.211, peak_memory=10.500 GB, invar_size=2.207 GB, outvar_size=7.147 GB, temp_buffer_size=1.146 GB, available_memory=64.000 GB, comm_cost=0.998)
Using pre computed peak Mem for (7, 11, 3, 0), module 1
result[(7, 11, 3, 0), 1] = ModuleProfileResult(compute_cost=5108.622, peak_memory=12.250 GB, invar_size=9.260 GB, outvar_size=2.207 GB, temp_buffer_size=2.896 GB, available_memory=64.000 GB, comm_cost=1.319)
Using pre computed peak Mem for (7, 11, 3, 1), module 0
result[(7, 11, 3, 1), 0] = ModuleProfileResult(compute_cost=1277.206, peak_memory=10.500 GB, invar_size=2.207 GB, outvar_size=7.311 GB, temp_buffer_size=0.982 GB, available_memory=64.000 GB, comm_cost=0.993)
Using pre computed peak Mem for (7, 11, 3, 1), module 1
result[(7, 11, 3, 1), 1] = ModuleProfileResult(compute_cost=5107.830, peak_memory=12.250 GB, invar_size=9.424 GB, outvar_size=2.207 GB, temp_buffer_size=2.732 GB, available_memory=64.000 GB, comm_cost=0.519)
Using pre computed peak Mem for (8, 8, 3, 0), module 0
result[(8, 8, 3, 0), 0] = ModuleProfileResult(compute_cost=310.262, peak_memory=2.100 GB, invar_size=0.516 GB, outvar_size=1.606 GB, temp_buffer_size=-0.022 GB, available_memory=64.000 GB, comm_cost=0.243)
Using pre computed peak Mem for (8, 8, 3, 0), module 1
result[(8, 8, 3, 0), 1] = ModuleProfileResult(compute_cost=227.170, peak_memory=2.450 GB, invar_size=2.028 GB, outvar_size=0.516 GB, temp_buffer_size=0.328 GB, available_memory=64.000 GB, comm_cost=0.274)
Using pre computed peak Mem for (8, 8, 3, 1), module 0
result[(8, 8, 3, 1), 0] = ModuleProfileResult(compute_cost=310.262, peak_memory=2.100 GB, invar_size=0.516 GB, outvar_size=1.647 GB, temp_buffer_size=-0.063 GB, available_memory=64.000 GB, comm_cost=0.243)
result[(8, 8, 3, 1), 1] = ModuleProfileResult(compute_cost=226.973, peak_memory=2.450 GB, invar_size=2.069 GB, outvar_size=0.516 GB, temp_buffer_size=0.287 GB, available_memory=64.000 GB, comm_cost=0.074)
Using pre computed peak Mem for (8, 9, 3, 0), module 0
result[(8, 9, 3, 0), 0] = ModuleProfileResult(compute_cost=620.492, peak_memory=4.200 GB, invar_size=0.938 GB, outvar_size=2.995 GB, temp_buffer_size=0.267 GB, available_memory=64.000 GB, comm_cost=0.486)
Using pre computed peak Mem for (8, 9, 3, 0), module 1
result[(8, 9, 3, 0), 1] = ModuleProfileResult(compute_cost=454.341, peak_memory=4.900 GB, invar_size=3.839 GB, outvar_size=0.938 GB, temp_buffer_size=0.967 GB, available_memory=64.000 GB, comm_cost=0.547)
Using pre computed peak Mem for (8, 9, 3, 1), module 0
result[(8, 9, 3, 1), 0] = ModuleProfileResult(compute_cost=620.492, peak_memory=4.200 GB, invar_size=0.938 GB, outvar_size=3.118 GB, temp_buffer_size=0.144 GB, available_memory=64.000 GB, comm_cost=0.486)
Using pre computed peak Mem for (8, 9, 3, 1), module 1
result[(8, 9, 3, 1), 1] = ModuleProfileResult(compute_cost=454.145, peak_memory=4.900 GB, invar_size=3.962 GB, outvar_size=0.938 GB, temp_buffer_size=0.844 GB, available_memory=64.000 GB, comm_cost=0.348)
Using pre computed peak Mem for (8, 10, 3, 0), module 0
result[(8, 10, 3, 0), 0] = ModuleProfileResult(compute_cost=930.722, peak_memory=6.300 GB, invar_size=1.360 GB, outvar_size=4.589 GB, temp_buffer_size=0.351 GB, available_memory=64.000 GB, comm_cost=0.729)
Using pre computed peak Mem for (8, 10, 3, 0), module 1
result[(8, 10, 3, 0), 1] = ModuleProfileResult(compute_cost=681.511, peak_memory=7.350 GB, invar_size=5.855 GB, outvar_size=1.360 GB, temp_buffer_size=1.401 GB, available_memory=64.000 GB, comm_cost=0.821)
Using pre computed peak Mem for (8, 10, 3, 1), module 0
result[(8, 10, 3, 1), 0] = ModuleProfileResult(compute_cost=930.722, peak_memory=6.300 GB, invar_size=1.360 GB, outvar_size=4.548 GB, temp_buffer_size=0.392 GB, available_memory=64.000 GB, comm_cost=0.729)
Using pre computed peak Mem for (8, 10, 3, 1), module 1
result[(8, 10, 3, 1), 1] = ModuleProfileResult(compute_cost=681.315, peak_memory=7.350 GB, invar_size=5.814 GB, outvar_size=1.360 GB, temp_buffer_size=1.442 GB, available_memory=64.000 GB, comm_cost=0.622)
Using pre computed peak Mem for (8, 11, 3, 0), module 0
result[(8, 11, 3, 0), 0] = ModuleProfileResult(compute_cost=966.976, peak_memory=8.400 GB, invar_size=1.785 GB, outvar_size=5.553 GB, temp_buffer_size=1.062 GB, available_memory=64.000 GB, comm_cost=0.750)
Using pre computed peak Mem for (8, 11, 3, 0), module 1
result[(8, 11, 3, 0), 1] = ModuleProfileResult(compute_cost=4881.449, peak_memory=9.800 GB, invar_size=7.244 GB, outvar_size=1.785 GB, temp_buffer_size=2.462 GB, available_memory=64.000 GB, comm_cost=1.043)
Using pre computed peak Mem for (8, 11, 3, 1), module 0
result[(8, 11, 3, 1), 0] = ModuleProfileResult(compute_cost=966.976, peak_memory=8.400 GB, invar_size=1.785 GB, outvar_size=5.758 GB, temp_buffer_size=0.857 GB, available_memory=64.000 GB, comm_cost=0.750)
Using pre computed peak Mem for (8, 11, 3, 1), module 1
result[(8, 11, 3, 1), 1] = ModuleProfileResult(compute_cost=4881.055, peak_memory=9.800 GB, invar_size=7.449 GB, outvar_size=1.785 GB, temp_buffer_size=2.257 GB, available_memory=64.000 GB, comm_cost=0.644)
Using pre computed peak Mem for (9, 9, 3, 0), module 0
result[(9, 9, 3, 0), 0] = ModuleProfileResult(compute_cost=310.262, peak_memory=2.100 GB, invar_size=0.516 GB, outvar_size=1.565 GB, temp_buffer_size=0.019 GB, available_memory=64.000 GB, comm_cost=0.243)
Using pre computed peak Mem for (9, 9, 3, 0), module 1
result[(9, 9, 3, 0), 1] = ModuleProfileResult(compute_cost=227.170, peak_memory=2.450 GB, invar_size=1.987 GB, outvar_size=0.516 GB, temp_buffer_size=0.369 GB, available_memory=64.000 GB, comm_cost=0.274)
Using pre computed peak Mem for (9, 9, 3, 1), module 0
result[(9, 9, 3, 1), 0] = ModuleProfileResult(compute_cost=310.262, peak_memory=2.100 GB, invar_size=0.516 GB, outvar_size=1.647 GB, temp_buffer_size=-0.063 GB, available_memory=64.000 GB, comm_cost=0.243)
result[(9, 9, 3, 1), 1] = ModuleProfileResult(compute_cost=226.973, peak_memory=2.450 GB, invar_size=2.069 GB, outvar_size=0.516 GB, temp_buffer_size=0.287 GB, available_memory=64.000 GB, comm_cost=0.074)
Using pre computed peak Mem for (9, 10, 3, 0), module 0
result[(9, 10, 3, 0), 0] = ModuleProfileResult(compute_cost=620.492, peak_memory=4.200 GB, invar_size=0.938 GB, outvar_size=2.995 GB, temp_buffer_size=0.267 GB, available_memory=64.000 GB, comm_cost=0.486)
Using pre computed peak Mem for (9, 10, 3, 0), module 1
result[(9, 10, 3, 0), 1] = ModuleProfileResult(compute_cost=454.341, peak_memory=4.900 GB, invar_size=3.839 GB, outvar_size=0.938 GB, temp_buffer_size=0.967 GB, available_memory=64.000 GB, comm_cost=0.547)
Using pre computed peak Mem for (9, 10, 3, 1), module 0
result[(9, 10, 3, 1), 0] = ModuleProfileResult(compute_cost=620.492, peak_memory=4.200 GB, invar_size=0.938 GB, outvar_size=3.159 GB, temp_buffer_size=0.103 GB, available_memory=64.000 GB, comm_cost=0.486)
Using pre computed peak Mem for (9, 10, 3, 1), module 1
result[(9, 10, 3, 1), 1] = ModuleProfileResult(compute_cost=454.145, peak_memory=4.900 GB, invar_size=4.003 GB, outvar_size=0.938 GB, temp_buffer_size=0.803 GB, available_memory=64.000 GB, comm_cost=0.348)
Using pre computed peak Mem for (9, 11, 3, 0), module 0
result[(9, 11, 3, 0), 0] = ModuleProfileResult(compute_cost=656.746, peak_memory=6.300 GB, invar_size=1.363 GB, outvar_size=4.164 GB, temp_buffer_size=0.773 GB, available_memory=64.000 GB, comm_cost=0.507)
Using pre computed peak Mem for (9, 11, 3, 0), module 1
result[(9, 11, 3, 0), 1] = ModuleProfileResult(compute_cost=4654.279, peak_memory=7.350 GB, invar_size=5.433 GB, outvar_size=1.363 GB, temp_buffer_size=1.823 GB, available_memory=64.000 GB, comm_cost=0.770)
Using pre computed peak Mem for (9, 11, 3, 1), module 0
result[(9, 11, 3, 1), 0] = ModuleProfileResult(compute_cost=656.746, peak_memory=6.300 GB, invar_size=1.363 GB, outvar_size=4.205 GB, temp_buffer_size=0.732 GB, available_memory=64.000 GB, comm_cost=0.507)
Using pre computed peak Mem for (9, 11, 3, 1), module 1
result[(9, 11, 3, 1), 1] = ModuleProfileResult(compute_cost=4654.083, peak_memory=7.350 GB, invar_size=5.474 GB, outvar_size=1.363 GB, temp_buffer_size=1.782 GB, available_memory=64.000 GB, comm_cost=0.571)
Using pre computed peak Mem for (10, 10, 3, 0), module 0
result[(10, 10, 3, 0), 0] = ModuleProfileResult(compute_cost=310.262, peak_memory=2.100 GB, invar_size=0.516 GB, outvar_size=1.606 GB, temp_buffer_size=-0.022 GB, available_memory=64.000 GB, comm_cost=0.243)
Using pre computed peak Mem for (10, 10, 3, 0), module 1
result[(10, 10, 3, 0), 1] = ModuleProfileResult(compute_cost=227.170, peak_memory=2.450 GB, invar_size=2.028 GB, outvar_size=0.516 GB, temp_buffer_size=0.328 GB, available_memory=64.000 GB, comm_cost=0.274)
Using pre computed peak Mem for (10, 10, 3, 1), module 0
result[(10, 10, 3, 1), 0] = ModuleProfileResult(compute_cost=310.262, peak_memory=2.100 GB, invar_size=0.516 GB, outvar_size=1.647 GB, temp_buffer_size=-0.063 GB, available_memory=64.000 GB, comm_cost=0.243)
result[(10, 10, 3, 1), 1] = ModuleProfileResult(compute_cost=226.973, peak_memory=2.450 GB, invar_size=2.069 GB, outvar_size=0.516 GB, temp_buffer_size=0.287 GB, available_memory=64.000 GB, comm_cost=0.074)
Using pre computed peak Mem for (10, 11, 3, 0), module 0
result[(10, 11, 3, 0), 0] = ModuleProfileResult(compute_cost=346.515, peak_memory=4.200 GB, invar_size=0.941 GB, outvar_size=2.734 GB, temp_buffer_size=0.525 GB, available_memory=64.000 GB, comm_cost=0.264)
Using pre computed peak Mem for (10, 11, 3, 0), module 1
result[(10, 11, 3, 0), 1] = ModuleProfileResult(compute_cost=4427.108, peak_memory=4.900 GB, invar_size=3.581 GB, outvar_size=0.941 GB, temp_buffer_size=1.225 GB, available_memory=64.000 GB, comm_cost=0.496)
Using pre computed peak Mem for (10, 11, 3, 1), module 0
result[(10, 11, 3, 1), 0] = ModuleProfileResult(compute_cost=346.515, peak_memory=4.200 GB, invar_size=0.941 GB, outvar_size=2.734 GB, temp_buffer_size=0.525 GB, available_memory=64.000 GB, comm_cost=0.264)
Using pre computed peak Mem for (10, 11, 3, 1), module 1
result[(10, 11, 3, 1), 1] = ModuleProfileResult(compute_cost=4426.911, peak_memory=4.900 GB, invar_size=3.581 GB, outvar_size=0.941 GB, temp_buffer_size=1.225 GB, available_memory=64.000 GB, comm_cost=0.297)
result[(11, 11, 3, 0), 0] = ModuleProfileResult(compute_cost=36.254, peak_memory=1.741 GB, invar_size=0.519 GB, outvar_size=1.222 GB, temp_buffer_size=0.000 GB, available_memory=64.000 GB, comm_cost=0.021)
Using pre computed peak Mem for (11, 11, 3, 0), module 1
result[(11, 11, 3, 0), 1] = ModuleProfileResult(compute_cost=4199.938, peak_memory=2.450 GB, invar_size=1.647 GB, outvar_size=0.519 GB, temp_buffer_size=0.709 GB, available_memory=64.000 GB, comm_cost=0.222)
result[(11, 11, 3, 1), 0] = ModuleProfileResult(compute_cost=36.254, peak_memory=1.741 GB, invar_size=0.519 GB, outvar_size=1.222 GB, temp_buffer_size=0.000 GB, available_memory=64.000 GB, comm_cost=0.021)
Using pre computed peak Mem for (11, 11, 3, 1), module 1
result[(11, 11, 3, 1), 1] = ModuleProfileResult(compute_cost=4199.938, peak_memory=2.450 GB, invar_size=1.647 GB, outvar_size=0.519 GB, temp_buffer_size=0.709 GB, available_memory=64.000 GB, comm_cost=0.222)
Profiling for submesh 3 (1, 8) takes 643.29 seconds
--------------------------------------------------
- Profiling for submesh 2 (1, 4):
- Generate all stage infos (Jaxpr -> HLO)
- Compile all stages, get estimations
num of workers:12
[2m[36m(CompileWorker pid=3826991)[0m compiled for stage:1 name: stage_0_0_acc_grad_0 module id: 0
[2m[36m(CompileWorker pid=3826992)[0m compiled for stage:0 name: stage_0_0_acc_grad_0 module id: 0
[2m[36m(CompileWorker pid=3826990)[0m compiled for stage:2 name: stage_0_1_acc_grad_0 module id: 0
[2m[36m(CompileWorker pid=3826989)[0m compiled for stage:3 name: stage_0_1_acc_grad_0 module id: 0
[2m[36m(CompileWorker pid=3826987)[0m compiled for stage:5 name: stage_0_2_acc_grad_0 module id: 0
[2m[36m(CompileWorker pid=3826988)[0m compiled for stage:4 name: stage_0_2_acc_grad_0 module id: 0
[2m[36m(CompileWorker pid=3826986)[0m compiled for stage:6 name: stage_0_3_acc_grad_0 module id: 0
[2m[36m(CompileWorker pid=3826984)[0m compiled for stage:7 name: stage_0_3_acc_grad_0 module id: 0
[2m[36m(CompileWorker pid=3826991)[0m  tensor (Large latency) dimensions: (1, 2048, 12288, 50257, 1, 1, 1, 1, 1, 1, 0, 0, 'CONV', 1, 1, 0, 0),  latency: 722.1379657142858
[2m[36m(CompileWorker pid=3826990)[0m  tensor (Large latency) dimensions: (1, 2048, 12288, 50257, 1, 1, 1, 1, 1, 1, 0, 0, 'CONV', 1, 1, 0, 0),  latency: 722.1379657142858
[2m[36m(CompileWorker pid=3826992)[0m  tensor (Large latency) dimensions: (1, 2048, 12288, 50257, 1, 1, 1, 1, 1, 1, 0, 0, 'CONV', 1, 1, 0, 0),  latency: 722.1379657142858
[2m[36m(CompileWorker pid=3826987)[0m  tensor (Large latency) dimensions: (1, 2048, 12288, 50257, 1, 1, 1, 1, 1, 1, 0, 0, 'CONV', 1, 1, 0, 0),  latency: 722.1379657142858
[2m[36m(CompileWorker pid=3826983)[0m compiled for stage:8 name: stage_0_4_acc_grad_0 module id: 0
[2m[36m(CompileWorker pid=3826989)[0m  tensor (Large latency) dimensions: (1, 2048, 12288, 50257, 1, 1, 1, 1, 1, 1, 0, 0, 'CONV', 1, 1, 0, 0),  latency: 722.1379657142858
[2m[36m(CompileWorker pid=3826988)[0m  tensor (Large latency) dimensions: (1, 2048, 12288, 50257, 1, 1, 1, 1, 1, 1, 0, 0, 'CONV', 1, 1, 0, 0),  latency: 722.1379657142858
[2m[36m(CompileWorker pid=3826986)[0m  tensor (Large latency) dimensions: (1, 2048, 12288, 50257, 1, 1, 1, 1, 1, 1, 0, 0, 'CONV', 1, 1, 0, 0),  latency: 722.1379657142858
[2m[36m(CompileWorker pid=3826984)[0m  tensor (Large latency) dimensions: (1, 2048, 12288, 50257, 1, 1, 1, 1, 1, 1, 0, 0, 'CONV', 1, 1, 0, 0),  latency: 722.1379657142858
[2m[36m(CompileWorker pid=3826979)[0m compiled for stage:10 name: stage_0_5_acc_grad_0 module id: 0
[2m[36m(CompileWorker pid=3826983)[0m  tensor (Large latency) dimensions: (1, 2048, 12288, 50257, 1, 1, 1, 1, 1, 1, 0, 0, 'CONV', 1, 1, 0, 0),  latency: 722.1379657142858
[2m[36m(CompileWorker pid=3826980)[0m compiled for stage:9 name: stage_0_4_acc_grad_0 module id: 0
[2m[36m(CompileWorker pid=3826979)[0m  tensor (Large latency) dimensions: (1, 2048, 12288, 50257, 1, 1, 1, 1, 1, 1, 0, 0, 'CONV', 1, 1, 0, 0),  latency: 722.1379657142858
[2m[36m(CompileWorker pid=3826975)[0m compiled for stage:11 name: stage_0_5_acc_grad_0 module id: 0
[2m[36m(CompileWorker pid=3826980)[0m  tensor (Large latency) dimensions: (1, 2048, 12288, 50257, 1, 1, 1, 1, 1, 1, 0, 0, 'CONV', 1, 1, 0, 0),  latency: 722.1379657142858
[2m[36m(CompileWorker pid=3826975)[0m  tensor (Large latency) dimensions: (1, 2048, 12288, 50257, 1, 1, 1, 1, 1, 1, 0, 0, 'CONV', 1, 1, 0, 0),  latency: 722.1379657142858
[2m[36m(CompileWorker pid=3826992)[0m  tensor (Large latency) dimensions: (1, 2048, 36864, 36864, 1, 1, 1, 1, 1, 1, 0, 0, 'CONV', 1, 1, 0, 0),  latency: 241.54697142857142
[2m[36m(CompileWorker pid=3826990)[0m  tensor (Large latency) dimensions: (1, 2048, 36864, 36864, 1, 1, 1, 1, 1, 1, 0, 0, 'CONV', 1, 1, 0, 0),  latency: 241.54697142857142
[2m[36m(CompileWorker pid=3826991)[0m  tensor (Large latency) dimensions: (1, 2048, 36864, 36864, 1, 1, 1, 1, 1, 1, 0, 0, 'CONV', 1, 1, 0, 0),  latency: 241.54697142857142
[2m[36m(CompileWorker pid=3826989)[0m  tensor (Large latency) dimensions: (1, 2048, 36864, 36864, 1, 1, 1, 1, 1, 1, 0, 0, 'CONV', 1, 1, 0, 0),  latency: 241.54697142857142
[2m[36m(CompileWorker pid=3826988)[0m  tensor (Large latency) dimensions: (1, 2048, 36864, 36864, 1, 1, 1, 1, 1, 1, 0, 0, 'CONV', 1, 1, 0, 0),  latency: 241.54697142857142
[2m[36m(CompileWorker pid=3826987)[0m  tensor (Large latency) dimensions: (1, 2048, 36864, 36864, 1, 1, 1, 1, 1, 1, 0, 0, 'CONV', 1, 1, 0, 0),  latency: 241.54697142857142
[2m[36m(CompileWorker pid=3826984)[0m  tensor (Large latency) dimensions: (1, 2048, 36864, 36864, 1, 1, 1, 1, 1, 1, 0, 0, 'CONV', 1, 1, 0, 0),  latency: 241.54697142857142
[2m[36m(CompileWorker pid=3826986)[0m  tensor (Large latency) dimensions: (1, 2048, 36864, 36864, 1, 1, 1, 1, 1, 1, 0, 0, 'CONV', 1, 1, 0, 0),  latency: 241.54697142857142
[2m[36m(CompileWorker pid=3826983)[0m  tensor (Large latency) dimensions: (1, 2048, 36864, 36864, 1, 1, 1, 1, 1, 1, 0, 0, 'CONV', 1, 1, 0, 0),  latency: 241.54697142857142
[2m[36m(CompileWorker pid=3826990)[0m  tensor (Large latency) dimensions: (1, 2048, 12288, 12288, 1, 1, 1, 1, 1, 1, 0, 0, 'CONV', 1, 1, 0, 0),  latency: 26.58889142857143
[2m[36m(CompileWorker pid=3826992)[0m  tensor (Large latency) dimensions: (1, 2048, 12288, 12288, 1, 1, 1, 1, 1, 1, 0, 0, 'CONV', 1, 1, 0, 0),  latency: 26.58889142857143
[2m[36m(CompileWorker pid=3826989)[0m  tensor (Large latency) dimensions: (1, 2048, 12288, 12288, 1, 1, 1, 1, 1, 1, 0, 0, 'CONV', 1, 1, 0, 0),  latency: 26.58889142857143
[2m[36m(CompileWorker pid=3826988)[0m  tensor (Large latency) dimensions: (1, 2048, 12288, 12288, 1, 1, 1, 1, 1, 1, 0, 0, 'CONV', 1, 1, 0, 0),  latency: 26.58889142857143
[2m[36m(CompileWorker pid=3826979)[0m  tensor (Large latency) dimensions: (1, 2048, 36864, 36864, 1, 1, 1, 1, 1, 1, 0, 0, 'CONV', 1, 1, 0, 0),  latency: 241.54697142857142
[2m[36m(CompileWorker pid=3826991)[0m  tensor (Large latency) dimensions: (1, 2048, 12288, 12288, 1, 1, 1, 1, 1, 1, 0, 0, 'CONV', 1, 1, 0, 0),  latency: 26.58889142857143
[2m[36m(CompileWorker pid=3826987)[0m  tensor (Large latency) dimensions: (1, 2048, 12288, 12288, 1, 1, 1, 1, 1, 1, 0, 0, 'CONV', 1, 1, 0, 0),  latency: 26.58889142857143
[2m[36m(CompileWorker pid=3826980)[0m  tensor (Large latency) dimensions: (1, 512, 36864, 36864, 1, 1, 1, 1, 1, 1, 0, 0, 'CONV', 1, 1, 0, 0),  latency: 60.386742857142856
[2m[36m(CompileWorker pid=3826984)[0m  tensor (Large latency) dimensions: (1, 2048, 12288, 12288, 1, 1, 1, 1, 1, 1, 0, 0, 'CONV', 1, 1, 0, 0),  latency: 26.58889142857143
[2m[36m(CompileWorker pid=3826986)[0m  tensor (Large latency) dimensions: (1, 2048, 12288, 12288, 1, 1, 1, 1, 1, 1, 0, 0, 'CONV', 1, 1, 0, 0),  latency: 26.58889142857143
[2m[36m(CompileWorker pid=3826992)[0m  tensor (Large latency) dimensions: (1, 2048, 12288, 12288, 1, 1, 1, 1, 1, 1, 0, 0, 'CONV', 1, 1, 0, 0),  latency: 26.58889142857143
[2m[36m(CompileWorker pid=3826992)[0m compiled for stage:0 name: stage_0_0_acc_grad_1 module id: 1
[2m[36m(CompileWorker pid=3826990)[0m  tensor (Large latency) dimensions: (1, 2048, 12288, 12288, 1, 1, 1, 1, 1, 1, 0, 0, 'CONV', 1, 1, 0, 0),  latency: 26.58889142857143
[2m[36m(CompileWorker pid=3826990)[0m compiled for stage:2 name: stage_0_1_acc_grad_1 module id: 1
[2m[36m(CompileWorker pid=3826988)[0m  tensor (Large latency) dimensions: (1, 2048, 12288, 12288, 1, 1, 1, 1, 1, 1, 0, 0, 'CONV', 1, 1, 0, 0),  latency: 26.58889142857143
[2m[36m(CompileWorker pid=3826991)[0m  tensor (Large latency) dimensions: (1, 2048, 12288, 12288, 1, 1, 1, 1, 1, 1, 0, 0, 'CONV', 1, 1, 0, 0),  latency: 26.58889142857143
[2m[36m(CompileWorker pid=3826991)[0m compiled for stage:1 name: stage_0_0_acc_grad_1 module id: 1
[2m[36m(CompileWorker pid=3826988)[0m compiled for stage:4 name: stage_0_2_acc_grad_1 module id: 1
[2m[36m(CompileWorker pid=3826989)[0m  tensor (Large latency) dimensions: (1, 2048, 12288, 12288, 1, 1, 1, 1, 1, 1, 0, 0, 'CONV', 1, 1, 0, 0),  latency: 26.58889142857143
[2m[36m(CompileWorker pid=3826989)[0m compiled for stage:3 name: stage_0_1_acc_grad_1 module id: 1
[2m[36m(CompileWorker pid=3826987)[0m  tensor (Large latency) dimensions: (1, 2048, 12288, 12288, 1, 1, 1, 1, 1, 1, 0, 0, 'CONV', 1, 1, 0, 0),  latency: 26.58889142857143
[2m[36m(CompileWorker pid=3826983)[0m  tensor (Large latency) dimensions: (1, 2048, 12288, 12288, 1, 1, 1, 1, 1, 1, 0, 0, 'CONV', 1, 1, 0, 0),  latency: 26.58889142857143
[2m[36m(CompileWorker pid=3826975)[0m  tensor (Large latency) dimensions: (1, 2048, 36864, 36864, 1, 1, 1, 1, 1, 1, 0, 0, 'CONV', 1, 1, 0, 0),  latency: 241.54697142857142
[2m[36m(CompileWorker pid=3826979)[0m  tensor (Large latency) dimensions: (1, 2048, 12288, 12288, 1, 1, 1, 1, 1, 1, 0, 0, 'CONV', 1, 1, 0, 0),  latency: 26.58889142857143
[2m[36m(CompileWorker pid=3826984)[0m  tensor (Large latency) dimensions: (1, 2048, 12288, 12288, 1, 1, 1, 1, 1, 1, 0, 0, 'CONV', 1, 1, 0, 0),  latency: 26.58889142857143
[2m[36m(CompileWorker pid=3826984)[0m compiled for stage:7 name: stage_0_3_acc_grad_1 module id: 1
[2m[36m(CompileWorker pid=3826986)[0m  tensor (Large latency) dimensions: (1, 2048, 12288, 12288, 1, 1, 1, 1, 1, 1, 0, 0, 'CONV', 1, 1, 0, 0),  latency: 26.58889142857143
[2m[36m(CompileWorker pid=3826986)[0m compiled for stage:6 name: stage_0_3_acc_grad_1 module id: 1
[2m[36m(CompileWorker pid=3826987)[0m  tensor (Large latency) dimensions: (1, 512, 36864, 36864, 1, 1, 1, 1, 1, 1, 0, 0, 'CONV', 1, 1, 0, 0),  latency: 60.386742857142856
[2m[36m(CompileWorker pid=3826987)[0m compiled for stage:5 name: stage_0_2_acc_grad_1 module id: 1
[2m[36m(CompileWorker pid=3826980)[0m  tensor (Large latency) dimensions: (1, 2048, 12288, 12288, 1, 1, 1, 1, 1, 1, 0, 0, 'CONV', 1, 1, 0, 0),  latency: 26.58889142857143
[2m[36m(CompileWorker pid=3826983)[0m  tensor (Large latency) dimensions: (1, 2048, 12288, 12288, 1, 1, 1, 1, 1, 1, 0, 0, 'CONV', 1, 1, 0, 0),  latency: 26.58889142857143
[2m[36m(CompileWorker pid=3826983)[0m compiled for stage:8 name: stage_0_4_acc_grad_1 module id: 1
[2m[36m(CompileWorker pid=3826988)[0m  tensor (Large latency) dimensions: (1, 3072, 12288, 12288, 1, 1, 1, 1, 1, 1, 0, 0, 'CONV', 1, 1, 0, 0),  latency: 39.883337142857144
[2m[36m(CompileWorker pid=3826979)[0m  tensor (Large latency) dimensions: (1, 2048, 12288, 12288, 1, 1, 1, 1, 1, 1, 0, 0, 'CONV', 1, 1, 0, 0),  latency: 26.58889142857143
[2m[36m(CompileWorker pid=3826979)[0m compiled for stage:10 name: stage_0_5_acc_grad_1 module id: 1
[2m[36m(CompileWorker pid=3826975)[0m  tensor (Large latency) dimensions: (1, 2048, 12288, 12288, 1, 1, 1, 1, 1, 1, 0, 0, 'CONV', 1, 1, 0, 0),  latency: 26.58889142857143
[2m[36m(CompileWorker pid=3826980)[0m  tensor (Large latency) dimensions: (1, 2048, 12288, 12288, 1, 1, 1, 1, 1, 1, 0, 0, 'CONV', 1, 1, 0, 0),  latency: 26.58889142857143
[2m[36m(CompileWorker pid=3826988)[0m  tensor (Large latency) dimensions: (1, 2048, 3072, 3072, 1, 1, 1, 1, 1, 1, 0, 0, 'CONV', 1, 1, 0, 0),  latency: 1.5915885714285714
[2m[36m(CompileWorker pid=3826984)[0m  tensor (Large latency) dimensions: (1, 3072, 12288, 12288, 1, 1, 1, 1, 1, 1, 0, 0, 'CONV', 1, 1, 0, 0),  latency: 39.883337142857144
[2m[36m(CompileWorker pid=3826986)[0m  tensor (Large latency) dimensions: (1, 3072, 12288, 12288, 1, 1, 1, 1, 1, 1, 0, 0, 'CONV', 1, 1, 0, 0),  latency: 39.883337142857144
[2m[36m(CompileWorker pid=3826992)[0m  tensor (Large latency) dimensions: (1, 12288, 12288, 12288, 1, 1, 1, 1, 1, 1, 0, 0, 'CONV', 1, 1, 0, 0),  latency: 159.53334857142858
[2m[36m(CompileWorker pid=3826990)[0m  tensor (Large latency) dimensions: (1, 12288, 12288, 12288, 1, 1, 1, 1, 1, 1, 0, 0, 'CONV', 1, 1, 0, 0),  latency: 159.53334857142858
[2m[36m(CompileWorker pid=3826991)[0m  tensor (Large latency) dimensions: (1, 12288, 12288, 12288, 1, 1, 1, 1, 1, 1, 0, 0, 'CONV', 1, 1, 0, 0),  latency: 159.53334857142858
[2m[36m(CompileWorker pid=3826989)[0m  tensor (Large latency) dimensions: (1, 12288, 12288, 12288, 1, 1, 1, 1, 1, 1, 0, 0, 'CONV', 1, 1, 0, 0),  latency: 159.53334857142858
[2m[36m(CompileWorker pid=3826987)[0m  tensor (Large latency) dimensions: (1, 3072, 12288, 12288, 1, 1, 1, 1, 1, 1, 0, 0, 'CONV', 1, 1, 0, 0),  latency: 39.883337142857144
[2m[36m(CompileWorker pid=3826975)[0m  tensor (Large latency) dimensions: (1, 2048, 12288, 12288, 1, 1, 1, 1, 1, 1, 0, 0, 'CONV', 1, 1, 0, 0),  latency: 26.58889142857143
[2m[36m(CompileWorker pid=3826983)[0m  tensor (Large latency) dimensions: (1, 3072, 12288, 12288, 1, 1, 1, 1, 1, 1, 0, 0, 'CONV', 1, 1, 0, 0),  latency: 39.883337142857144
[2m[36m(CompileWorker pid=3826986)[0m  tensor (Large latency) dimensions: (1, 2048, 3072, 3072, 1, 1, 1, 1, 1, 1, 0, 0, 'CONV', 1, 1, 0, 0),  latency: 1.5915885714285714
[2m[36m(CompileWorker pid=3826984)[0m  tensor (Large latency) dimensions: (1, 2048, 3072, 3072, 1, 1, 1, 1, 1, 1, 0, 0, 'CONV', 1, 1, 0, 0),  latency: 1.5915885714285714
[2m[36m(CompileWorker pid=3826987)[0m  tensor (Large latency) dimensions: (1, 2048, 3072, 3072, 1, 1, 1, 1, 1, 1, 0, 0, 'CONV', 1, 1, 0, 0),  latency: 1.5915885714285714
[2m[36m(CompileWorker pid=3826980)[0m  tensor (Large latency) dimensions: (1, 2048, 36864, 36864, 1, 1, 1, 1, 1, 1, 0, 0, 'CONV', 1, 1, 0, 0),  latency: 241.54697142857142
[2m[36m(CompileWorker pid=3826980)[0m compiled for stage:9 name: stage_0_4_acc_grad_1 module id: 1
[2m[36m(CompileWorker pid=3826983)[0m  tensor (Large latency) dimensions: (1, 2048, 3072, 3072, 1, 1, 1, 1, 1, 1, 0, 0, 'CONV', 1, 1, 0, 0),  latency: 1.5915885714285714
[2m[36m(CompileWorker pid=3826979)[0m  tensor (Large latency) dimensions: (1, 3072, 12288, 12288, 1, 1, 1, 1, 1, 1, 0, 0, 'CONV', 1, 1, 0, 0),  latency: 39.883337142857144
[2m[36m(CompileWorker pid=3826992)[0m  tensor (Large latency) dimensions: (1, 3072, 12288, 12288, 1, 1, 1, 1, 1, 1, 0, 0, 'CONV', 1, 1, 0, 0),  latency: 39.883337142857144
[2m[36m(CompileWorker pid=3826990)[0m  tensor (Large latency) dimensions: (1, 3072, 12288, 12288, 1, 1, 1, 1, 1, 1, 0, 0, 'CONV', 1, 1, 0, 0),  latency: 39.883337142857144
[2m[36m(CompileWorker pid=3826991)[0m  tensor (Large latency) dimensions: (1, 3072, 12288, 12288, 1, 1, 1, 1, 1, 1, 0, 0, 'CONV', 1, 1, 0, 0),  latency: 39.883337142857144
[2m[36m(CompileWorker pid=3826989)[0m  tensor (Large latency) dimensions: (1, 3072, 12288, 12288, 1, 1, 1, 1, 1, 1, 0, 0, 'CONV', 1, 1, 0, 0),  latency: 39.883337142857144
[2m[36m(CompileWorker pid=3826975)[0m  tensor (Large latency) dimensions: (1, 512, 12288, 12288, 1, 1, 1, 1, 1, 1, 0, 0, 'CONV', 1, 1, 0, 0),  latency: 6.647222857142857
[2m[36m(CompileWorker pid=3826975)[0m compiled for stage:11 name: stage_0_5_acc_grad_1 module id: 1
[2m[36m(CompileWorker pid=3826992)[0m  tensor (Large latency) dimensions: (1, 2048, 3072, 3072, 1, 1, 1, 1, 1, 1, 0, 0, 'CONV', 1, 1, 0, 0),  latency: 1.5915885714285714
[2m[36m(CompileWorker pid=3826979)[0m  tensor (Large latency) dimensions: (1, 2048, 3072, 3072, 1, 1, 1, 1, 1, 1, 0, 0, 'CONV', 1, 1, 0, 0),  latency: 1.5915885714285714
[2m[36m(CompileWorker pid=3826988)[0m  tensor (Large latency) dimensions: (1, 12288, 9216, 9216, 1, 1, 1, 1, 1, 1, 0, 0, 'CONV', 1, 1, 0, 0),  latency: 89.31620571428572
[2m[36m(CompileWorker pid=3826990)[0m  tensor (Large latency) dimensions: (1, 2048, 3072, 3072, 1, 1, 1, 1, 1, 1, 0, 0, 'CONV', 1, 1, 0, 0),  latency: 1.5915885714285714
[2m[36m(CompileWorker pid=3826991)[0m  tensor (Large latency) dimensions: (1, 2048, 3072, 3072, 1, 1, 1, 1, 1, 1, 0, 0, 'CONV', 1, 1, 0, 0),  latency: 1.5915885714285714
[2m[36m(CompileWorker pid=3826989)[0m  tensor (Large latency) dimensions: (1, 2048, 3072, 3072, 1, 1, 1, 1, 1, 1, 0, 0, 'CONV', 1, 1, 0, 0),  latency: 1.5915885714285714
[2m[36m(CompileWorker pid=3826980)[0m  tensor (Large latency) dimensions: (1, 3072, 12288, 12288, 1, 1, 1, 1, 1, 1, 0, 0, 'CONV', 1, 1, 0, 0),  latency: 39.883337142857144
[2m[36m(CompileWorker pid=3826988)[0m  tensor (Large latency) dimensions: (1, 2048, 12288, 12288, 1, 1, 1, 1, 1, 1, 0, 0, 'CONV', 1, 1, 0, 0),  latency: 26.58889142857143
[2m[36m(CompileWorker pid=3826984)[0m  tensor (Large latency) dimensions: (1, 12288, 9216, 9216, 1, 1, 1, 1, 1, 1, 0, 0, 'CONV', 1, 1, 0, 0),  latency: 89.31620571428572
[2m[36m(CompileWorker pid=3826986)[0m  tensor (Large latency) dimensions: (1, 12288, 9216, 9216, 1, 1, 1, 1, 1, 1, 0, 0, 'CONV', 1, 1, 0, 0),  latency: 89.31620571428572
[2m[36m(CompileWorker pid=3826987)[0m  tensor (Large latency) dimensions: (1, 12288, 9216, 9216, 1, 1, 1, 1, 1, 1, 0, 0, 'CONV', 1, 1, 0, 0),  latency: 89.31620571428572
[2m[36m(CompileWorker pid=3826983)[0m  tensor (Large latency) dimensions: (1, 12288, 9216, 9216, 1, 1, 1, 1, 1, 1, 0, 0, 'CONV', 1, 1, 0, 0),  latency: 89.31620571428572
[2m[36m(CompileWorker pid=3826980)[0m  tensor (Large latency) dimensions: (1, 2048, 3072, 3072, 1, 1, 1, 1, 1, 1, 0, 0, 'CONV', 1, 1, 0, 0),  latency: 1.5915885714285714
[2m[36m(CompileWorker pid=3826992)[0m  tensor (Large latency) dimensions: (1, 12288, 9216, 9216, 1, 1, 1, 1, 1, 1, 0, 0, 'CONV', 1, 1, 0, 0),  latency: 89.31620571428572
[2m[36m(CompileWorker pid=3826986)[0m  tensor (Large latency) dimensions: (1, 2048, 12288, 12288, 1, 1, 1, 1, 1, 1, 0, 0, 'CONV', 1, 1, 0, 0),  latency: 26.58889142857143
[2m[36m(CompileWorker pid=3826987)[0m  tensor (Large latency) dimensions: (1, 2048, 12288, 12288, 1, 1, 1, 1, 1, 1, 0, 0, 'CONV', 1, 1, 0, 0),  latency: 26.58889142857143
[2m[36m(CompileWorker pid=3826984)[0m  tensor (Large latency) dimensions: (1, 2048, 12288, 12288, 1, 1, 1, 1, 1, 1, 0, 0, 'CONV', 1, 1, 0, 0),  latency: 26.58889142857143
[2m[36m(CompileWorker pid=3826979)[0m  tensor (Large latency) dimensions: (1, 12288, 9216, 9216, 1, 1, 1, 1, 1, 1, 0, 0, 'CONV', 1, 1, 0, 0),  latency: 89.31620571428572
[2m[36m(CompileWorker pid=3826989)[0m  tensor (Large latency) dimensions: (1, 12288, 9216, 9216, 1, 1, 1, 1, 1, 1, 0, 0, 'CONV', 1, 1, 0, 0),  latency: 89.31620571428572
[2m[36m(CompileWorker pid=3826990)[0m  tensor (Large latency) dimensions: (1, 12288, 9216, 9216, 1, 1, 1, 1, 1, 1, 0, 0, 'CONV', 1, 1, 0, 0),  latency: 89.31620571428572
[2m[36m(CompileWorker pid=3826975)[0m  tensor (Large latency) dimensions: (1, 12288, 12288, 12288, 1, 1, 1, 1, 1, 1, 0, 0, 'CONV', 1, 1, 0, 0),  latency: 159.53334857142858
[2m[36m(CompileWorker pid=3826991)[0m  tensor (Large latency) dimensions: (1, 12288, 9216, 9216, 1, 1, 1, 1, 1, 1, 0, 0, 'CONV', 1, 1, 0, 0),  latency: 89.31620571428572
[2m[36m(CompileWorker pid=3826983)[0m  tensor (Large latency) dimensions: (1, 2048, 12288, 12288, 1, 1, 1, 1, 1, 1, 0, 0, 'CONV', 1, 1, 0, 0),  latency: 26.58889142857143
[2m[36m(CompileWorker pid=3826992)[0m  tensor (Large latency) dimensions: (1, 2048, 12288, 12288, 1, 1, 1, 1, 1, 1, 0, 0, 'CONV', 1, 1, 0, 0),  latency: 26.58889142857143
[2m[36m(CompileWorker pid=3826989)[0m  tensor (Large latency) dimensions: (1, 2048, 12288, 12288, 1, 1, 1, 1, 1, 1, 0, 0, 'CONV', 1, 1, 0, 0),  latency: 26.58889142857143
[2m[36m(CompileWorker pid=3826990)[0m  tensor (Large latency) dimensions: (1, 2048, 12288, 12288, 1, 1, 1, 1, 1, 1, 0, 0, 'CONV', 1, 1, 0, 0),  latency: 26.58889142857143
[2m[36m(CompileWorker pid=3826992)[0m  tensor (Large latency) dimensions: (1, 512, 12288, 12288, 1, 1, 1, 1, 1, 1, 0, 0, 'CONV', 1, 1, 0, 0),  latency: 6.647222857142857
[2m[36m(CompileWorker pid=3826979)[0m  tensor (Large latency) dimensions: (1, 2048, 12288, 12288, 1, 1, 1, 1, 1, 1, 0, 0, 'CONV', 1, 1, 0, 0),  latency: 26.58889142857143
[2m[36m(CompileWorker pid=3826991)[0m  tensor (Large latency) dimensions: (1, 2048, 12288, 12288, 1, 1, 1, 1, 1, 1, 0, 0, 'CONV', 1, 1, 0, 0),  latency: 26.58889142857143
[2m[36m(CompileWorker pid=3826988)[0m  tensor (Large latency) dimensions: (1, 12288, 12288, 12288, 1, 1, 1, 1, 1, 1, 0, 0, 'CONV', 1, 1, 0, 0),  latency: 159.53334857142858
[2m[36m(CompileWorker pid=3826990)[0m  tensor (Large latency) dimensions: (1, 512, 12288, 12288, 1, 1, 1, 1, 1, 1, 0, 0, 'CONV', 1, 1, 0, 0),  latency: 6.647222857142857
[2m[36m(CompileWorker pid=3826991)[0m  tensor (Large latency) dimensions: (1, 512, 12288, 12288, 1, 1, 1, 1, 1, 1, 0, 0, 'CONV', 1, 1, 0, 0),  latency: 6.647222857142857
[2m[36m(CompileWorker pid=3826980)[0m  tensor (Large latency) dimensions: (1, 12288, 9216, 9216, 1, 1, 1, 1, 1, 1, 0, 0, 'CONV', 1, 1, 0, 0),  latency: 89.31620571428572
[2m[36m(CompileWorker pid=3826989)[0m  tensor (Large latency) dimensions: (1, 512, 12288, 12288, 1, 1, 1, 1, 1, 1, 0, 0, 'CONV', 1, 1, 0, 0),  latency: 6.647222857142857
[2m[36m(CompileWorker pid=3826988)[0m  tensor (Large latency) dimensions: (1, 512, 12288, 12288, 1, 1, 1, 1, 1, 1, 0, 0, 'CONV', 1, 1, 0, 0),  latency: 6.647222857142857
[2m[36m(CompileWorker pid=3826987)[0m  tensor (Large latency) dimensions: (1, 12288, 12288, 12288, 1, 1, 1, 1, 1, 1, 0, 0, 'CONV', 1, 1, 0, 0),  latency: 159.53334857142858
[2m[36m(CompileWorker pid=3826992)[0m  tensor (Large latency) dimensions: (1, 50257, 12288, 12288, 1, 1, 1, 1, 1, 1, 0, 0, 'CONV', 1, 1, 0, 0),  latency: 4325.884891428572
[2m[36m(CompileWorker pid=3826984)[0m  tensor (Large latency) dimensions: (1, 12288, 12288, 12288, 1, 1, 1, 1, 1, 1, 0, 0, 'CONV', 1, 1, 0, 0),  latency: 159.53334857142858
[2m[36m(CompileWorker pid=3826986)[0m  tensor (Large latency) dimensions: (1, 12288, 12288, 12288, 1, 1, 1, 1, 1, 1, 0, 0, 'CONV', 1, 1, 0, 0),  latency: 159.53334857142858
[2m[36m(CompileWorker pid=3826990)[0m  tensor (Large latency) dimensions: (1, 50257, 12288, 12288, 1, 1, 1, 1, 1, 1, 0, 0, 'CONV', 1, 1, 0, 0),  latency: 4325.884891428572
[2m[36m(CompileWorker pid=3826989)[0m  tensor (Large latency) dimensions: (1, 50257, 12288, 12288, 1, 1, 1, 1, 1, 1, 0, 0, 'CONV', 1, 1, 0, 0),  latency: 4325.884891428572
[2m[36m(CompileWorker pid=3826991)[0m  tensor (Large latency) dimensions: (1, 50257, 12288, 12288, 1, 1, 1, 1, 1, 1, 0, 0, 'CONV', 1, 1, 0, 0),  latency: 4325.884891428572
[2m[36m(CompileWorker pid=3826988)[0m  tensor (Large latency) dimensions: (1, 50257, 12288, 12288, 1, 1, 1, 1, 1, 1, 0, 0, 'CONV', 1, 1, 0, 0),  latency: 4325.884891428572
[2m[36m(CompileWorker pid=3826975)[0m  tensor (Large latency) dimensions: (1, 12288, 9216, 9216, 1, 1, 1, 1, 1, 1, 0, 0, 'CONV', 1, 1, 0, 0),  latency: 89.31620571428572
[2m[36m(CompileWorker pid=3826980)[0m  tensor (Large latency) dimensions: (1, 2048, 12288, 12288, 1, 1, 1, 1, 1, 1, 0, 0, 'CONV', 1, 1, 0, 0),  latency: 26.58889142857143
[2m[36m(CompileWorker pid=3826983)[0m  tensor (Large latency) dimensions: (1, 12288, 12288, 12288, 1, 1, 1, 1, 1, 1, 0, 0, 'CONV', 1, 1, 0, 0),  latency: 159.53334857142858
[2m[36m(CompileWorker pid=3826986)[0m  tensor (Large latency) dimensions: (1, 512, 12288, 12288, 1, 1, 1, 1, 1, 1, 0, 0, 'CONV', 1, 1, 0, 0),  latency: 6.647222857142857
[2m[36m(CompileWorker pid=3826984)[0m  tensor (Large latency) dimensions: (1, 512, 12288, 12288, 1, 1, 1, 1, 1, 1, 0, 0, 'CONV', 1, 1, 0, 0),  latency: 6.647222857142857
[2m[36m(CompileWorker pid=3826979)[0m  tensor (Large latency) dimensions: (1, 12288, 12288, 12288, 1, 1, 1, 1, 1, 1, 0, 0, 'CONV', 1, 1, 0, 0),  latency: 159.53334857142858
[2m[36m(CompileWorker pid=3826975)[0m  tensor (Large latency) dimensions: (1, 2048, 12288, 12288, 1, 1, 1, 1, 1, 1, 0, 0, 'CONV', 1, 1, 0, 0),  latency: 26.58889142857143
[2m[36m(CompileWorker pid=3826983)[0m  tensor (Large latency) dimensions: (1, 512, 12288, 12288, 1, 1, 1, 1, 1, 1, 0, 0, 'CONV', 1, 1, 0, 0),  latency: 6.647222857142857
[2m[36m(CompileWorker pid=3826986)[0m  tensor (Large latency) dimensions: (1, 50257, 12288, 12288, 1, 1, 1, 1, 1, 1, 0, 0, 'CONV', 1, 1, 0, 0),  latency: 4325.884891428572
[2m[36m(CompileWorker pid=3826987)[0m  tensor (Large latency) dimensions: (1, 12288, 36864, 36864, 1, 1, 1, 1, 1, 1, 0, 0, 'CONV', 1, 1, 0, 0),  latency: 1449.2818285714286
[2m[36m(CompileWorker pid=3826984)[0m  tensor (Large latency) dimensions: (1, 50257, 12288, 12288, 1, 1, 1, 1, 1, 1, 0, 0, 'CONV', 1, 1, 0, 0),  latency: 4325.884891428572
[2m[36m(CompileWorker pid=3826979)[0m  tensor (Large latency) dimensions: (1, 512, 12288, 12288, 1, 1, 1, 1, 1, 1, 0, 0, 'CONV', 1, 1, 0, 0),  latency: 6.647222857142857
[2m[36m(CompileWorker pid=3826983)[0m  tensor (Large latency) dimensions: (1, 50257, 12288, 12288, 1, 1, 1, 1, 1, 1, 0, 0, 'CONV', 1, 1, 0, 0),  latency: 4325.884891428572
[2m[36m(CompileWorker pid=3826987)[0m  tensor (Large latency) dimensions: (1, 2048, 12288, 12288, 1, 1, 1, 1, 1, 1, 0, 0, 'CONV', 1, 1, 0, 0),  latency: 26.58889142857143
[2m[36m(CompileWorker pid=3826979)[0m  tensor (Large latency) dimensions: (1, 50257, 12288, 12288, 1, 1, 1, 1, 1, 1, 0, 0, 'CONV', 1, 1, 0, 0),  latency: 4325.884891428572
[2m[36m(CompileWorker pid=3826980)[0m  tensor (Large latency) dimensions: (1, 12288, 12288, 12288, 1, 1, 1, 1, 1, 1, 0, 0, 'CONV', 1, 1, 0, 0),  latency: 159.53334857142858
[2m[36m(CompileWorker pid=3826987)[0m  tensor (Large latency) dimensions: (1, 512, 12288, 12288, 1, 1, 1, 1, 1, 1, 0, 0, 'CONV', 1, 1, 0, 0),  latency: 6.647222857142857
[2m[36m(CompileWorker pid=3826975)[0m  tensor (Large latency) dimensions: (1, 12288, 12288, 12288, 1, 1, 1, 1, 1, 1, 0, 0, 'CONV', 1, 1, 0, 0),  latency: 159.53334857142858
[2m[36m(CompileWorker pid=3826992)[0m compiled for stage:12 name: stage_0_6_acc_grad_0 module id: 0
[2m[36m(CompileWorker pid=3826987)[0m  tensor (Large latency) dimensions: (1, 50257, 12288, 12288, 1, 1, 1, 1, 1, 1, 0, 0, 'CONV', 1, 1, 0, 0),  latency: 4325.884891428572
[2m[36m(CompileWorker pid=3826992)[0m compiled for stage:12 name: stage_0_6_acc_grad_1 module id: 1
[2m[36m(CompileWorker pid=3826989)[0m compiled for stage:14 name: stage_0_7_acc_grad_0 module id: 0
[2m[36m(CompileWorker pid=3826990)[0m compiled for stage:13 name: stage_0_6_acc_grad_0 module id: 0
[2m[36m(CompileWorker pid=3826989)[0m compiled for stage:14 name: stage_0_7_acc_grad_1 module id: 1
[2m[36m(CompileWorker pid=3826990)[0m compiled for stage:13 name: stage_0_6_acc_grad_1 module id: 1
[2m[36m(CompileWorker pid=3826975)[0m  tensor (Large latency) dimensions: (1, 3072, 12288, 12288, 1, 1, 1, 1, 1, 1, 0, 0, 'CONV', 1, 1, 0, 0),  latency: 39.883337142857144
[2m[36m(CompileWorker pid=3826988)[0m compiled for stage:16 name: stage_0_8_acc_grad_0 module id: 0
[2m[36m(CompileWorker pid=3826988)[0m compiled for stage:16 name: stage_0_8_acc_grad_1 module id: 1
[2m[36m(CompileWorker pid=3826980)[0m  tensor (Large latency) dimensions: (1, 12288, 36864, 36864, 1, 1, 1, 1, 1, 1, 0, 0, 'CONV', 1, 1, 0, 0),  latency: 1449.2818285714286
[2m[36m(CompileWorker pid=3826975)[0m  tensor (Large latency) dimensions: (1, 2048, 3072, 3072, 1, 1, 1, 1, 1, 1, 0, 0, 'CONV', 1, 1, 0, 0),  latency: 1.5915885714285714
[2m[36m(CompileWorker pid=3826988)[0m compiled for stage:24 name: stage_1_1_acc_grad_0 module id: 0
[2m[36m(CompileWorker pid=3826988)[0m 
[2m[36m(CompileWorker pid=3826988)[0m compiled for stage:24 name: stage_1_1_acc_grad_1 module id: 1
[2m[36m(CompileWorker pid=3826990)[0m compiled for stage:25 name: stage_1_1_acc_grad_0 module id: 0
[2m[36m(CompileWorker pid=3826990)[0m compiled for stage:25 name: stage_1_1_acc_grad_1 module id: 1
[2m[36m(CompileWorker pid=3826975)[0m  tensor (Large latency) dimensions: (1, 512, 12288, 12288, 1, 1, 1, 1, 1, 1, 0, 0, 'CONV', 1, 1, 0, 0),  latency: 6.647222857142857
[2m[36m(CompileWorker pid=3826980)[0m  tensor (Large latency) dimensions: (1, 2048, 12288, 12288, 1, 1, 1, 1, 1, 1, 0, 0, 'CONV', 1, 1, 0, 0),  latency: 26.58889142857143
[2m[36m(CompileWorker pid=3826988)[0m compiled for stage:26 name: stage_1_2_acc_grad_0 module id: 0
[2m[36m(CompileWorker pid=3826988)[0m compiled for stage:26 name: stage_1_2_acc_grad_1 module id: 1
[2m[36m(CompileWorker pid=3826991)[0m compiled for stage:15 name: stage_0_7_acc_grad_0 module id: 0
[2m[36m(CompileWorker pid=3826991)[0m compiled for stage:15 name: stage_0_7_acc_grad_1 module id: 1
[2m[36m(CompileWorker pid=3826990)[0m compiled for stage:27 name: stage_1_2_acc_grad_0 module id: 0
[2m[36m(CompileWorker pid=3826990)[0m compiled for stage:27 name: stage_1_2_acc_grad_1 module id: 1
[2m[36m(CompileWorker pid=3826980)[0m  tensor (Large latency) dimensions: (1, 512, 12288, 12288, 1, 1, 1, 1, 1, 1, 0, 0, 'CONV', 1, 1, 0, 0),  latency: 6.647222857142857
[2m[36m(CompileWorker pid=3826986)[0m compiled for stage:17 name: stage_0_8_acc_grad_0 module id: 0
[2m[36m(CompileWorker pid=3826984)[0m compiled for stage:18 name: stage_0_9_acc_grad_0 module id: 0
[2m[36m(CompileWorker pid=3826975)[0m  tensor (Large latency) dimensions: (1, 50257, 12288, 12288, 1, 1, 1, 1, 1, 1, 0, 0, 'CONV', 1, 1, 0, 0),  latency: 4325.884891428572
[2m[36m(CompileWorker pid=3826984)[0m compiled for stage:18 name: stage_0_9_acc_grad_1 module id: 1
[2m[36m(CompileWorker pid=3826986)[0m compiled for stage:17 name: stage_0_8_acc_grad_1 module id: 1
[2m[36m(CompileWorker pid=3826988)[0m compiled for stage:28 name: stage_1_3_acc_grad_0 module id: 0
[2m[36m(CompileWorker pid=3826988)[0m compiled for stage:28 name: stage_1_3_acc_grad_1 module id: 1
[2m[36m(CompileWorker pid=3826979)[0m compiled for stage:20 name: stage_0_10_acc_grad_0 module id: 0
[2m[36m(CompileWorker pid=3826980)[0m  tensor (Large latency) dimensions: (1, 50257, 12288, 12288, 1, 1, 1, 1, 1, 1, 0, 0, 'CONV', 1, 1, 0, 0),  latency: 4325.884891428572
[2m[36m(CompileWorker pid=3826991)[0m compiled for stage:29 name: stage_1_3_acc_grad_0 module id: 0
[2m[36m(CompileWorker pid=3826991)[0m compiled for stage:29 name: stage_1_3_acc_grad_1 module id: 1
[2m[36m(CompileWorker pid=3826979)[0m compiled for stage:20 name: stage_0_10_acc_grad_1 module id: 1
[2m[36m(CompileWorker pid=3826990)[0m compiled for stage:30 name: stage_1_4_acc_grad_0 module id: 0
[2m[36m(CompileWorker pid=3826983)[0m compiled for stage:19 name: stage_0_9_acc_grad_0 module id: 0
[2m[36m(CompileWorker pid=3826990)[0m compiled for stage:30 name: stage_1_4_acc_grad_1 module id: 1
[2m[36m(CompileWorker pid=3826975)[0m compiled for stage:31 name: stage_1_4_acc_grad_0 module id: 0
[2m[36m(CompileWorker pid=3826984)[0m compiled for stage:32 name: stage_1_5_acc_grad_0 module id: 0
[2m[36m(CompileWorker pid=3826975)[0m compiled for stage:31 name: stage_1_4_acc_grad_1 module id: 1
[2m[36m(CompileWorker pid=3826984)[0m compiled for stage:32 name: stage_1_5_acc_grad_1 module id: 1
[2m[36m(CompileWorker pid=3826988)[0m compiled for stage:33 name: stage_1_5_acc_grad_0 module id: 0
[2m[36m(CompileWorker pid=3826988)[0m compiled for stage:33 name: stage_1_5_acc_grad_1 module id: 1
[2m[36m(CompileWorker pid=3826991)[0m compiled for stage:36 name: stage_1_7_acc_grad_0 module id: 0
[2m[36m(CompileWorker pid=3826983)[0m  tensor (Large latency) dimensions: (1, 512, 12288, 12288, 1, 1, 1, 1, 1, 1, 0, 0, 'CONV', 1, 1, 0, 0),  latency: 6.647222857142857
[2m[36m(CompileWorker pid=3826991)[0m compiled for stage:36 name: stage_1_7_acc_grad_1 module id: 1
[2m[36m(CompileWorker pid=3826983)[0m compiled for stage:19 name: stage_0_9_acc_grad_1 module id: 1
[2m[36m(CompileWorker pid=3826986)[0m compiled for stage:34 name: stage_1_6_acc_grad_0 module id: 0
[2m[36m(CompileWorker pid=3826986)[0m compiled for stage:34 name: stage_1_6_acc_grad_1 module id: 1
[2m[36m(CompileWorker pid=3826980)[0m compiled for stage:35 name: stage_1_6_acc_grad_0 module id: 0
[2m[36m(CompileWorker pid=3826980)[0m compiled for stage:35 name: stage_1_6_acc_grad_1 module id: 1
[2m[36m(CompileWorker pid=3826979)[0m compiled for stage:38 name: stage_1_8_acc_grad_0 module id: 0
[2m[36m(CompileWorker pid=3826979)[0m compiled for stage:38 name: stage_1_8_acc_grad_1 module id: 1
[2m[36m(CompileWorker pid=3826983)[0m  tensor (Large latency) dimensions: (1, 12288, 12288, 12288, 1, 1, 1, 1, 1, 1, 0, 0, 'CONV', 1, 1, 0, 0),  latency: 159.53334857142858
[2m[36m(CompileWorker pid=3826987)[0m compiled for stage:21 name: stage_0_10_acc_grad_0 module id: 0
[2m[36m(CompileWorker pid=3826992)[0m compiled for stage:22 name: stage_0_11_acc_grad_0 module id: 0
[2m[36m(CompileWorker pid=3826987)[0m compiled for stage:21 name: stage_0_10_acc_grad_1 module id: 1
[2m[36m(CompileWorker pid=3826992)[0m compiled for stage:22 name: stage_0_11_acc_grad_1 module id: 1
[2m[36m(CompileWorker pid=3826990)[0m compiled for stage:37 name: stage_1_7_acc_grad_0 module id: 0
[2m[36m(CompileWorker pid=3826990)[0m compiled for stage:37 name: stage_1_7_acc_grad_1 module id: 1
[2m[36m(CompileWorker pid=3826983)[0m compiled for stage:46 name: stage_2_2_acc_grad_0 module id: 0
[2m[36m(CompileWorker pid=3826983)[0m compiled for stage:46 name: stage_2_2_acc_grad_1 module id: 1
[2m[36m(CompileWorker pid=3826992)[0m  tensor (Large latency) dimensions: (1, 12288, 50257, 50257, 1, 1, 1, 1, 1, 1, 0, 0, 'CONV', 1, 1, 0, 0),  latency: 31918.00680860119
[2m[36m(CompileWorker pid=3826989)[0m compiled for stage:23 name: stage_0_11_acc_grad_0 module id: 0
[2m[36m(CompileWorker pid=3826991)[0m compiled for stage:42 name: stage_1_10_acc_grad_0 module id: 0
[2m[36m(CompileWorker pid=3826987)[0m compiled for stage:47 name: stage_2_2_acc_grad_0 module id: 0
[2m[36m(CompileWorker pid=3826984)[0m compiled for stage:40 name: stage_1_9_acc_grad_0 module id: 0
[2m[36m(CompileWorker pid=3826987)[0m compiled for stage:47 name: stage_2_2_acc_grad_1 module id: 1
[2m[36m(CompileWorker pid=3826991)[0m compiled for stage:42 name: stage_1_10_acc_grad_1 module id: 1
[2m[36m(CompileWorker pid=3826984)[0m compiled for stage:40 name: stage_1_9_acc_grad_1 module id: 1
[2m[36m(CompileWorker pid=3826975)[0m compiled for stage:39 name: stage_1_8_acc_grad_0 module id: 0
[2m[36m(CompileWorker pid=3826975)[0m compiled for stage:39 name: stage_1_8_acc_grad_1 module id: 1
[2m[36m(CompileWorker pid=3826983)[0m compiled for stage:48 name: stage_2_3_acc_grad_0 module id: 0
[2m[36m(CompileWorker pid=3826983)[0m compiled for stage:48 name: stage_2_3_acc_grad_1 module id: 1
[2m[36m(CompileWorker pid=3826990)[0m compiled for stage:49 name: stage_2_3_acc_grad_0 module id: 0
[2m[36m(CompileWorker pid=3826990)[0m compiled for stage:49 name: stage_2_3_acc_grad_1 module id: 1
[2m[36m(CompileWorker pid=3826989)[0m compiled for stage:23 name: stage_0_11_acc_grad_1 module id: 1
[2m[36m(CompileWorker pid=3826992)[0m  tensor (Large latency) dimensions: (1, 2048, 12288, 12288, 1, 1, 1, 1, 1, 1, 0, 0, 'CONV', 1, 1, 0, 0),  latency: 26.58889142857143
[2m[36m(CompileWorker pid=3826988)[0m compiled for stage:41 name: stage_1_9_acc_grad_0 module id: 0
[2m[36m(CompileWorker pid=3826988)[0m compiled for stage:41 name: stage_1_9_acc_grad_1 module id: 1
[2m[36m(CompileWorker pid=3826989)[0m  tensor (Large latency) dimensions: (1, 12288, 50257, 50257, 1, 1, 1, 1, 1, 1, 0, 0, 'CONV', 1, 1, 0, 0),  latency: 31918.00680860119
[2m[36m(CompileWorker pid=3826987)[0m compiled for stage:50 name: stage_2_4_acc_grad_0 module id: 0
[2m[36m(CompileWorker pid=3826987)[0m compiled for stage:50 name: stage_2_4_acc_grad_1 module id: 1
[2m[36m(CompileWorker pid=3826991)[0m compiled for stage:51 name: stage_2_4_acc_grad_0 module id: 0
[2m[36m(CompileWorker pid=3826984)[0m compiled for stage:52 name: stage_2_5_acc_grad_0 module id: 0
[2m[36m(CompileWorker pid=3826980)[0m compiled for stage:44 name: stage_1_11_acc_grad_0 module id: 0
[2m[36m(CompileWorker pid=3826991)[0m compiled for stage:51 name: stage_2_4_acc_grad_1 module id: 1
[2m[36m(CompileWorker pid=3826984)[0m compiled for stage:52 name: stage_2_5_acc_grad_1 module id: 1
[2m[36m(CompileWorker pid=3826980)[0m compiled for stage:44 name: stage_1_11_acc_grad_1 module id: 1
[2m[36m(CompileWorker pid=3826989)[0m  tensor (Large latency) dimensions: (1, 2048, 12288, 12288, 1, 1, 1, 1, 1, 1, 0, 0, 'CONV', 1, 1, 0, 0),  latency: 26.58889142857143
[2m[36m(CompileWorker pid=3826983)[0m compiled for stage:54 name: stage_2_6_acc_grad_0 module id: 0
[2m[36m(CompileWorker pid=3826983)[0m compiled for stage:54 name: stage_2_6_acc_grad_1 module id: 1
[2m[36m(CompileWorker pid=3826975)[0m compiled for stage:53 name: stage_2_5_acc_grad_0 module id: 0
[2m[36m(CompileWorker pid=3826986)[0m compiled for stage:43 name: stage_1_10_acc_grad_0 module id: 0
[2m[36m(CompileWorker pid=3826975)[0m compiled for stage:53 name: stage_2_5_acc_grad_1 module id: 1
[2m[36m(CompileWorker pid=3826986)[0m compiled for stage:43 name: stage_1_10_acc_grad_1 module id: 1
[2m[36m(CompileWorker pid=3826980)[0m  tensor (Large latency) dimensions: (1, 3072, 50257, 50257, 1, 1, 1, 1, 1, 1, 0, 0, 'CONV', 1, 1, 0, 0),  latency: 7998.294604300595
[2m[36m(CompileWorker pid=3826990)[0m compiled for stage:55 name: stage_2_6_acc_grad_0 module id: 0
[2m[36m(CompileWorker pid=3826990)[0m compiled for stage:55 name: stage_2_6_acc_grad_1 module id: 1
[2m[36m(CompileWorker pid=3826992)[0m compiled for stage:56 name: stage_2_7_acc_grad_0 module id: 0
[2m[36m(CompileWorker pid=3826992)[0m compiled for stage:56 name: stage_2_7_acc_grad_1 module id: 1
[2m[36m(CompileWorker pid=3826980)[0m  tensor (Large latency) dimensions: (1, 2048, 12288, 12288, 1, 1, 1, 1, 1, 1, 0, 0, 'CONV', 1, 1, 0, 0),  latency: 26.58889142857143
[2m[36m(CompileWorker pid=3826992)[0m compiled for stage:66 name: stage_3_3_acc_grad_0 module id: 0
[2m[36m(CompileWorker pid=3826992)[0m compiled for stage:66 name: stage_3_3_acc_grad_1 module id: 1
[2m[36m(CompileWorker pid=3826987)[0m compiled for stage:58 name: stage_2_8_acc_grad_0 module id: 0
[2m[36m(CompileWorker pid=3826987)[0m compiled for stage:58 name: stage_2_8_acc_grad_1 module id: 1
[2m[36m(CompileWorker pid=3826980)[0m compiled for stage:67 name: stage_3_3_acc_grad_0 module id: 0
[2m[36m(CompileWorker pid=3826980)[0m compiled for stage:67 name: stage_3_3_acc_grad_1 module id: 1
[2m[36m(CompileWorker pid=3826988)[0m compiled for stage:57 name: stage_2_7_acc_grad_0 module id: 0
[2m[36m(CompileWorker pid=3826988)[0m compiled for stage:57 name: stage_2_7_acc_grad_1 module id: 1
[2m[36m(CompileWorker pid=3826992)[0m compiled for stage:68 name: stage_3_4_acc_grad_0 module id: 0
[2m[36m(CompileWorker pid=3826992)[0m compiled for stage:68 name: stage_3_4_acc_grad_1 module id: 1
[2m[36m(CompileWorker pid=3826980)[0m compiled for stage:69 name: stage_3_4_acc_grad_0 module id: 0
[2m[36m(CompileWorker pid=3826980)[0m compiled for stage:69 name: stage_3_4_acc_grad_1 module id: 1
[2m[36m(CompileWorker pid=3826987)[0m compiled for stage:70 name: stage_3_5_acc_grad_0 module id: 0
[2m[36m(CompileWorker pid=3826987)[0m compiled for stage:70 name: stage_3_5_acc_grad_1 module id: 1
[2m[36m(CompileWorker pid=3826991)[0m compiled for stage:59 name: stage_2_8_acc_grad_0 module id: 0
[2m[36m(CompileWorker pid=3826991)[0m compiled for stage:59 name: stage_2_8_acc_grad_1 module id: 1
[2m[36m(CompileWorker pid=3826979)[0m compiled for stage:45 name: stage_1_11_acc_grad_0 module id: 0
[2m[36m(CompileWorker pid=3826988)[0m compiled for stage:71 name: stage_3_5_acc_grad_0 module id: 0
[2m[36m(CompileWorker pid=3826979)[0m compiled for stage:45 name: stage_1_11_acc_grad_1 module id: 1
[2m[36m(CompileWorker pid=3826988)[0m compiled for stage:71 name: stage_3_5_acc_grad_1 module id: 1
[2m[36m(CompileWorker pid=3826983)[0m compiled for stage:62 name: stage_2_10_acc_grad_0 module id: 0
[2m[36m(CompileWorker pid=3826992)[0m compiled for stage:72 name: stage_3_6_acc_grad_0 module id: 0
[2m[36m(CompileWorker pid=3826992)[0m compiled for stage:72 name: stage_3_6_acc_grad_1 module id: 1
[2m[36m(CompileWorker pid=3826984)[0m compiled for stage:60 name: stage_2_9_acc_grad_0 module id: 0
[2m[36m(CompileWorker pid=3826983)[0m compiled for stage:62 name: stage_2_10_acc_grad_1 module id: 1
[2m[36m(CompileWorker pid=3826986)[0m compiled for stage:64 name: stage_2_11_acc_grad_0 module id: 0
[2m[36m(CompileWorker pid=3826984)[0m compiled for stage:60 name: stage_2_9_acc_grad_1 module id: 1
[2m[36m(CompileWorker pid=3826986)[0m compiled for stage:64 name: stage_2_11_acc_grad_1 module id: 1
[2m[36m(CompileWorker pid=3826979)[0m  tensor (Large latency) dimensions: (1, 3072, 50257, 50257, 1, 1, 1, 1, 1, 1, 0, 0, 'CONV', 1, 1, 0, 0),  latency: 7998.294604300595
[2m[36m(CompileWorker pid=3826986)[0m  tensor (Large latency) dimensions: (1, 3072, 50257, 50257, 1, 1, 1, 1, 1, 1, 0, 0, 'CONV', 1, 1, 0, 0),  latency: 7998.294604300595
[2m[36m(CompileWorker pid=3826980)[0m compiled for stage:73 name: stage_3_6_acc_grad_0 module id: 0
[2m[36m(CompileWorker pid=3826980)[0m compiled for stage:73 name: stage_3_6_acc_grad_1 module id: 1
[2m[36m(CompileWorker pid=3826987)[0m compiled for stage:74 name: stage_3_7_acc_grad_0 module id: 0
[2m[36m(CompileWorker pid=3826987)[0m compiled for stage:74 name: stage_3_7_acc_grad_1 module id: 1
[2m[36m(CompileWorker pid=3826989)[0m compiled for stage:61 name: stage_2_9_acc_grad_0 module id: 0
[2m[36m(CompileWorker pid=3826979)[0m  tensor (Large latency) dimensions: (1, 2048, 12288, 12288, 1, 1, 1, 1, 1, 1, 0, 0, 'CONV', 1, 1, 0, 0),  latency: 26.58889142857143
[2m[36m(CompileWorker pid=3826989)[0m compiled for stage:61 name: stage_2_9_acc_grad_1 module id: 1
[2m[36m(CompileWorker pid=3826986)[0m  tensor (Large latency) dimensions: (1, 2048, 12288, 12288, 1, 1, 1, 1, 1, 1, 0, 0, 'CONV', 1, 1, 0, 0),  latency: 26.58889142857143
[2m[36m(CompileWorker pid=3826991)[0m compiled for stage:75 name: stage_3_7_acc_grad_0 module id: 0
[2m[36m(CompileWorker pid=3826991)[0m compiled for stage:75 name: stage_3_7_acc_grad_1 module id: 1
[2m[36m(CompileWorker pid=3826988)[0m compiled for stage:76 name: stage_3_8_acc_grad_0 module id: 0
[2m[36m(CompileWorker pid=3826979)[0m compiled for stage:84 name: stage_4_4_acc_grad_0 module id: 0
[2m[36m(CompileWorker pid=3826975)[0m compiled for stage:63 name: stage_2_10_acc_grad_0 module id: 0
[2m[36m(CompileWorker pid=3826979)[0m compiled for stage:84 name: stage_4_4_acc_grad_1 module id: 1
[2m[36m(CompileWorker pid=3826988)[0m compiled for stage:76 name: stage_3_8_acc_grad_1 module id: 1
[2m[36m(CompileWorker pid=3826975)[0m compiled for stage:63 name: stage_2_10_acc_grad_1 module id: 1
[2m[36m(CompileWorker pid=3826991)[0m compiled for stage:85 name: stage_4_4_acc_grad_0 module id: 0
[2m[36m(CompileWorker pid=3826991)[0m compiled for stage:85 name: stage_4_4_acc_grad_1 module id: 1
[2m[36m(CompileWorker pid=3826992)[0m compiled for stage:77 name: stage_3_8_acc_grad_0 module id: 0
[2m[36m(CompileWorker pid=3826992)[0m compiled for stage:77 name: stage_3_8_acc_grad_1 module id: 1
[2m[36m(CompileWorker pid=3826979)[0m compiled for stage:86 name: stage_4_5_acc_grad_0 module id: 0
[2m[36m(CompileWorker pid=3826979)[0m compiled for stage:86 name: stage_4_5_acc_grad_1 module id: 1
[2m[36m(CompileWorker pid=3826983)[0m compiled for stage:78 name: stage_3_9_acc_grad_0 module id: 0
[2m[36m(CompileWorker pid=3826983)[0m compiled for stage:78 name: stage_3_9_acc_grad_1 module id: 1
[2m[36m(CompileWorker pid=3826980)[0m compiled for stage:80 name: stage_3_10_acc_grad_0 module id: 0
[2m[36m(CompileWorker pid=3826980)[0m compiled for stage:80 name: stage_3_10_acc_grad_1 module id: 1
[2m[36m(CompileWorker pid=3826988)[0m compiled for stage:87 name: stage_4_5_acc_grad_0 module id: 0
[2m[36m(CompileWorker pid=3826988)[0m compiled for stage:87 name: stage_4_5_acc_grad_1 module id: 1
[2m[36m(CompileWorker pid=3826984)[0m compiled for stage:79 name: stage_3_9_acc_grad_0 module id: 0
[2m[36m(CompileWorker pid=3826991)[0m compiled for stage:88 name: stage_4_6_acc_grad_0 module id: 0
[2m[36m(CompileWorker pid=3826991)[0m compiled for stage:88 name: stage_4_6_acc_grad_1 module id: 1
[2m[36m(CompileWorker pid=3826984)[0m compiled for stage:79 name: stage_3_9_acc_grad_1 module id: 1
[2m[36m(CompileWorker pid=3826990)[0m compiled for stage:65 name: stage_2_11_acc_grad_0 module id: 0
[2m[36m(CompileWorker pid=3826990)[0m compiled for stage:65 name: stage_2_11_acc_grad_1 module id: 1
[2m[36m(CompileWorker pid=3826975)[0m compiled for stage:89 name: stage_4_6_acc_grad_0 module id: 0
[2m[36m(CompileWorker pid=3826975)[0m compiled for stage:89 name: stage_4_6_acc_grad_1 module id: 1
[2m[36m(CompileWorker pid=3826990)[0m  tensor (Large latency) dimensions: (1, 3072, 50257, 50257, 1, 1, 1, 1, 1, 1, 0, 0, 'CONV', 1, 1, 0, 0),  latency: 7998.294604300595
[2m[36m(CompileWorker pid=3826992)[0m compiled for stage:90 name: stage_4_7_acc_grad_0 module id: 0
[2m[36m(CompileWorker pid=3826992)[0m compiled for stage:90 name: stage_4_7_acc_grad_1 module id: 1
[2m[36m(CompileWorker pid=3826979)[0m compiled for stage:91 name: stage_4_7_acc_grad_0 module id: 0
[2m[36m(CompileWorker pid=3826979)[0m compiled for stage:91 name: stage_4_7_acc_grad_1 module id: 1
[2m[36m(CompileWorker pid=3826990)[0m  tensor (Large latency) dimensions: (1, 2048, 12288, 12288, 1, 1, 1, 1, 1, 1, 0, 0, 'CONV', 1, 1, 0, 0),  latency: 26.58889142857143
[2m[36m(CompileWorker pid=3826988)[0m compiled for stage:93 name: stage_4_8_acc_grad_0 module id: 0
[2m[36m(CompileWorker pid=3826988)[0m compiled for stage:93 name: stage_4_8_acc_grad_1 module id: 1
[2m[36m(CompileWorker pid=3826983)[0m compiled for stage:92 name: stage_4_8_acc_grad_0 module id: 0
[2m[36m(CompileWorker pid=3826980)[0m compiled for stage:94 name: stage_4_9_acc_grad_0 module id: 0
[2m[36m(CompileWorker pid=3826980)[0m compiled for stage:94 name: stage_4_9_acc_grad_1 module id: 1
[2m[36m(CompileWorker pid=3826989)[0m compiled for stage:82 name: stage_3_11_acc_grad_0 module id: 0
[2m[36m(CompileWorker pid=3826983)[0m compiled for stage:92 name: stage_4_8_acc_grad_1 module id: 1
[2m[36m(CompileWorker pid=3826979)[0m compiled for stage:100 name: stage_5_5_acc_grad_0 module id: 0
[2m[36m(CompileWorker pid=3826979)[0m compiled for stage:100 name: stage_5_5_acc_grad_1 module id: 1
[2m[36m(CompileWorker pid=3826989)[0m compiled for stage:82 name: stage_3_11_acc_grad_1 module id: 1
[2m[36m(CompileWorker pid=3826987)[0m compiled for stage:81 name: stage_3_10_acc_grad_0 module id: 0
[2m[36m(CompileWorker pid=3826987)[0m compiled for stage:81 name: stage_3_10_acc_grad_1 module id: 1
[2m[36m(CompileWorker pid=3826988)[0m compiled for stage:101 name: stage_5_5_acc_grad_0 module id: 0
[2m[36m(CompileWorker pid=3826988)[0m compiled for stage:101 name: stage_5_5_acc_grad_1 module id: 1
[2m[36m(CompileWorker pid=3826989)[0m  tensor (Large latency) dimensions: (1, 3072, 50257, 50257, 1, 1, 1, 1, 1, 1, 0, 0, 'CONV', 1, 1, 0, 0),  latency: 7998.294604300595
[2m[36m(CompileWorker pid=3826979)[0m compiled for stage:102 name: stage_5_6_acc_grad_0 module id: 0
[2m[36m(CompileWorker pid=3826984)[0m compiled for stage:96 name: stage_4_10_acc_grad_0 module id: 0
[2m[36m(CompileWorker pid=3826979)[0m compiled for stage:102 name: stage_5_6_acc_grad_1 module id: 1
[2m[36m(CompileWorker pid=3826986)[0m compiled for stage:83 name: stage_3_11_acc_grad_0 module id: 0
[2m[36m(CompileWorker pid=3826980)[0m compiled for stage:103 name: stage_5_6_acc_grad_0 module id: 0
[2m[36m(CompileWorker pid=3826986)[0m compiled for stage:83 name: stage_3_11_acc_grad_1 module id: 1
[2m[36m(CompileWorker pid=3826984)[0m compiled for stage:96 name: stage_4_10_acc_grad_1 module id: 1
[2m[36m(CompileWorker pid=3826980)[0m compiled for stage:103 name: stage_5_6_acc_grad_1 module id: 1
[2m[36m(CompileWorker pid=3826991)[0m compiled for stage:95 name: stage_4_9_acc_grad_0 module id: 0
[2m[36m(CompileWorker pid=3826983)[0m compiled for stage:104 name: stage_5_7_acc_grad_0 module id: 0
[2m[36m(CompileWorker pid=3826991)[0m compiled for stage:95 name: stage_4_9_acc_grad_1 module id: 1
[2m[36m(CompileWorker pid=3826983)[0m compiled for stage:104 name: stage_5_7_acc_grad_1 module id: 1
[2m[36m(CompileWorker pid=3826992)[0m compiled for stage:98 name: stage_4_11_acc_grad_0 module id: 0
[2m[36m(CompileWorker pid=3826992)[0m compiled for stage:98 name: stage_4_11_acc_grad_1 module id: 1
[2m[36m(CompileWorker pid=3826988)[0m compiled for stage:105 name: stage_5_7_acc_grad_0 module id: 0
[2m[36m(CompileWorker pid=3826988)[0m compiled for stage:105 name: stage_5_7_acc_grad_1 module id: 1
[2m[36m(CompileWorker pid=3826979)[0m compiled for stage:108 name: stage_5_9_acc_grad_0 module id: 0
[2m[36m(CompileWorker pid=3826987)[0m compiled for stage:106 name: stage_5_8_acc_grad_0 module id: 0
[2m[36m(CompileWorker pid=3826979)[0m compiled for stage:108 name: stage_5_9_acc_grad_1 module id: 1
[2m[36m(CompileWorker pid=3826987)[0m compiled for stage:106 name: stage_5_8_acc_grad_1 module id: 1
[2m[36m(CompileWorker pid=3826992)[0m  tensor (Large latency) dimensions: (1, 3072, 50257, 50257, 1, 1, 1, 1, 1, 1, 0, 0, 'CONV', 1, 1, 0, 0),  latency: 7998.294604300595
[2m[36m(CompileWorker pid=3826988)[0m compiled for stage:114 name: stage_6_6_acc_grad_0 module id: 0
[2m[36m(CompileWorker pid=3826975)[0m compiled for stage:97 name: stage_4_10_acc_grad_0 module id: 0
[2m[36m(CompileWorker pid=3826988)[0m compiled for stage:114 name: stage_6_6_acc_grad_1 module id: 1
[2m[36m(CompileWorker pid=3826979)[0m compiled for stage:115 name: stage_6_6_acc_grad_0 module id: 0
[2m[36m(CompileWorker pid=3826975)[0m compiled for stage:97 name: stage_4_10_acc_grad_1 module id: 1
[2m[36m(CompileWorker pid=3826979)[0m compiled for stage:115 name: stage_6_6_acc_grad_1 module id: 1
[2m[36m(CompileWorker pid=3826987)[0m compiled for stage:116 name: stage_6_7_acc_grad_0 module id: 0
[2m[36m(CompileWorker pid=3826987)[0m compiled for stage:116 name: stage_6_7_acc_grad_1 module id: 1
[2m[36m(CompileWorker pid=3826989)[0m compiled for stage:107 name: stage_5_8_acc_grad_0 module id: 0
[2m[36m(CompileWorker pid=3826992)[0m compiled for stage:117 name: stage_6_7_acc_grad_0 module id: 0
[2m[36m(CompileWorker pid=3826989)[0m compiled for stage:107 name: stage_5_8_acc_grad_1 module id: 1
[2m[36m(CompileWorker pid=3826992)[0m compiled for stage:117 name: stage_6_7_acc_grad_1 module id: 1
[2m[36m(CompileWorker pid=3826988)[0m compiled for stage:118 name: stage_6_8_acc_grad_0 module id: 0
[2m[36m(CompileWorker pid=3826988)[0m compiled for stage:118 name: stage_6_8_acc_grad_1 module id: 1
[2m[36m(CompileWorker pid=3826986)[0m compiled for stage:110 name: stage_5_10_acc_grad_0 module id: 0
[2m[36m(CompileWorker pid=3826986)[0m compiled for stage:110 name: stage_5_10_acc_grad_1 module id: 1
[2m[36m(CompileWorker pid=3826979)[0m compiled for stage:119 name: stage_6_8_acc_grad_0 module id: 0
[2m[36m(CompileWorker pid=3826975)[0m compiled for stage:120 name: stage_6_9_acc_grad_0 module id: 0
[2m[36m(CompileWorker pid=3826979)[0m compiled for stage:119 name: stage_6_8_acc_grad_1 module id: 1
[2m[36m(CompileWorker pid=3826980)[0m compiled for stage:109 name: stage_5_9_acc_grad_0 module id: 0
[2m[36m(CompileWorker pid=3826990)[0m compiled for stage:99 name: stage_4_11_acc_grad_0 module id: 0
[2m[36m(CompileWorker pid=3826975)[0m compiled for stage:120 name: stage_6_9_acc_grad_1 module id: 1
[2m[36m(CompileWorker pid=3826980)[0m compiled for stage:109 name: stage_5_9_acc_grad_1 module id: 1
[2m[36m(CompileWorker pid=3826990)[0m compiled for stage:99 name: stage_4_11_acc_grad_1 module id: 1
[2m[36m(CompileWorker pid=3826983)[0m compiled for stage:112 name: stage_5_11_acc_grad_0 module id: 0
[2m[36m(CompileWorker pid=3826984)[0m compiled for stage:111 name: stage_5_10_acc_grad_0 module id: 0
[2m[36m(CompileWorker pid=3826983)[0m compiled for stage:112 name: stage_5_11_acc_grad_1 module id: 1
[2m[36m(CompileWorker pid=3826979)[0m compiled for stage:126 name: stage_7_7_acc_grad_0 module id: 0
[2m[36m(CompileWorker pid=3826979)[0m compiled for stage:126 name: stage_7_7_acc_grad_1 module id: 1
[2m[36m(CompileWorker pid=3826975)[0m compiled for stage:127 name: stage_7_7_acc_grad_0 module id: 0
[2m[36m(CompileWorker pid=3826984)[0m compiled for stage:111 name: stage_5_10_acc_grad_1 module id: 1
[2m[36m(CompileWorker pid=3826975)[0m compiled for stage:127 name: stage_7_7_acc_grad_1 module id: 1
[2m[36m(CompileWorker pid=3826987)[0m compiled for stage:121 name: stage_6_9_acc_grad_0 module id: 0
[2m[36m(CompileWorker pid=3826987)[0m compiled for stage:121 name: stage_6_9_acc_grad_1 module id: 1
[2m[36m(CompileWorker pid=3826992)[0m compiled for stage:122 name: stage_6_10_acc_grad_0 module id: 0
[2m[36m(CompileWorker pid=3826992)[0m compiled for stage:122 name: stage_6_10_acc_grad_1 module id: 1
[2m[36m(CompileWorker pid=3826991)[0m compiled for stage:113 name: stage_5_11_acc_grad_0 module id: 0
[2m[36m(CompileWorker pid=3826991)[0m compiled for stage:113 name: stage_5_11_acc_grad_1 module id: 1
[2m[36m(CompileWorker pid=3826980)[0m compiled for stage:128 name: stage_7_8_acc_grad_0 module id: 0
[2m[36m(CompileWorker pid=3826980)[0m compiled for stage:128 name: stage_7_8_acc_grad_1 module id: 1
[2m[36m(CompileWorker pid=3826983)[0m  tensor (Large latency) dimensions: (1, 3072, 50257, 50257, 1, 1, 1, 1, 1, 1, 0, 0, 'CONV', 1, 1, 0, 0),  latency: 7998.294604300595
[2m[36m(CompileWorker pid=3826990)[0m compiled for stage:129 name: stage_7_8_acc_grad_0 module id: 0
[2m[36m(CompileWorker pid=3826990)[0m compiled for stage:129 name: stage_7_8_acc_grad_1 module id: 1
[2m[36m(CompileWorker pid=3826991)[0m  tensor (Large latency) dimensions: (1, 3072, 50257, 50257, 1, 1, 1, 1, 1, 1, 0, 0, 'CONV', 1, 1, 0, 0),  latency: 7998.294604300595
[2m[36m(CompileWorker pid=3826989)[0m compiled for stage:123 name: stage_6_10_acc_grad_0 module id: 0
[2m[36m(CompileWorker pid=3826989)[0m compiled for stage:123 name: stage_6_10_acc_grad_1 module id: 1
[2m[36m(CompileWorker pid=3826979)[0m compiled for stage:130 name: stage_7_9_acc_grad_0 module id: 0
[2m[36m(CompileWorker pid=3826988)[0m compiled for stage:124 name: stage_6_11_acc_grad_0 module id: 0
[2m[36m(CompileWorker pid=3826979)[0m compiled for stage:130 name: stage_7_9_acc_grad_1 module id: 1
[2m[36m(CompileWorker pid=3826988)[0m compiled for stage:124 name: stage_6_11_acc_grad_1 module id: 1
[2m[36m(CompileWorker pid=3826984)[0m compiled for stage:132 name: stage_7_10_acc_grad_0 module id: 0
[2m[36m(CompileWorker pid=3826990)[0m compiled for stage:136 name: stage_8_8_acc_grad_0 module id: 0
[2m[36m(CompileWorker pid=3826975)[0m compiled for stage:131 name: stage_7_9_acc_grad_0 module id: 0
[2m[36m(CompileWorker pid=3826990)[0m compiled for stage:136 name: stage_8_8_acc_grad_1 module id: 1
[2m[36m(CompileWorker pid=3826984)[0m compiled for stage:132 name: stage_7_10_acc_grad_1 module id: 1
[2m[36m(CompileWorker pid=3826979)[0m compiled for stage:137 name: stage_8_8_acc_grad_0 module id: 0
[2m[36m(CompileWorker pid=3826979)[0m compiled for stage:137 name: stage_8_8_acc_grad_1 module id: 1
[2m[36m(CompileWorker pid=3826988)[0m  tensor (Large latency) dimensions: (1, 3072, 50257, 50257, 1, 1, 1, 1, 1, 1, 0, 0, 'CONV', 1, 1, 0, 0),  latency: 7998.294604300595
[2m[36m(CompileWorker pid=3826983)[0m  tensor (Large latency) dimensions: (1, 2048, 12288, 12288, 1, 1, 1, 1, 1, 1, 0, 0, 'CONV', 1, 1, 0, 0),  latency: 26.58889142857143
[2m[36m(CompileWorker pid=3826991)[0m  tensor (Large latency) dimensions: (1, 2048, 12288, 12288, 1, 1, 1, 1, 1, 1, 0, 0, 'CONV', 1, 1, 0, 0),  latency: 26.58889142857143
[2m[36m(CompileWorker pid=3826992)[0m compiled for stage:134 name: stage_7_11_acc_grad_0 module id: 0
[2m[36m(CompileWorker pid=3826992)[0m compiled for stage:134 name: stage_7_11_acc_grad_1 module id: 1
[2m[36m(CompileWorker pid=3826989)[0m compiled for stage:138 name: stage_8_9_acc_grad_0 module id: 0
[2m[36m(CompileWorker pid=3826989)[0m compiled for stage:138 name: stage_8_9_acc_grad_1 module id: 1
[2m[36m(CompileWorker pid=3826986)[0m compiled for stage:125 name: stage_6_11_acc_grad_0 module id: 0
[2m[36m(CompileWorker pid=3826975)[0m  tensor (Large latency) dimensions: (1, 512, 36864, 36864, 1, 1, 1, 1, 1, 1, 0, 0, 'CONV', 1, 1, 0, 0),  latency: 60.386742857142856
[2m[36m(CompileWorker pid=3826990)[0m compiled for stage:139 name: stage_8_9_acc_grad_0 module id: 0
[2m[36m(CompileWorker pid=3826975)[0m compiled for stage:131 name: stage_7_9_acc_grad_1 module id: 1
[2m[36m(CompileWorker pid=3826990)[0m compiled for stage:139 name: stage_8_9_acc_grad_1 module id: 1
[2m[36m(CompileWorker pid=3826987)[0m compiled for stage:133 name: stage_7_10_acc_grad_0 module id: 0
[2m[36m(CompileWorker pid=3826986)[0m compiled for stage:125 name: stage_6_11_acc_grad_1 module id: 1
[2m[36m(CompileWorker pid=3826987)[0m compiled for stage:133 name: stage_7_10_acc_grad_1 module id: 1
[2m[36m(CompileWorker pid=3826989)[0m compiled for stage:144 name: stage_9_9_acc_grad_0 module id: 0
[2m[36m(CompileWorker pid=3826992)[0m compiled for stage:145 name: stage_9_9_acc_grad_0 module id: 0
[2m[36m(CompileWorker pid=3826989)[0m compiled for stage:144 name: stage_9_9_acc_grad_1 module id: 1
[2m[36m(CompileWorker pid=3826992)[0m compiled for stage:145 name: stage_9_9_acc_grad_1 module id: 1
[2m[36m(CompileWorker pid=3826984)[0m compiled for stage:140 name: stage_8_10_acc_grad_0 module id: 0
[2m[36m(CompileWorker pid=3826984)[0m compiled for stage:140 name: stage_8_10_acc_grad_1 module id: 1
[2m[36m(CompileWorker pid=3826988)[0m  tensor (Large latency) dimensions: (1, 2048, 12288, 12288, 1, 1, 1, 1, 1, 1, 0, 0, 'CONV', 1, 1, 0, 0),  latency: 26.58889142857143
[2m[36m(CompileWorker pid=3826979)[0m compiled for stage:141 name: stage_8_10_acc_grad_0 module id: 0
[2m[36m(CompileWorker pid=3826990)[0m compiled for stage:146 name: stage_9_10_acc_grad_0 module id: 0
[2m[36m(CompileWorker pid=3826990)[0m compiled for stage:146 name: stage_9_10_acc_grad_1 module id: 1
[2m[36m(CompileWorker pid=3826979)[0m compiled for stage:141 name: stage_8_10_acc_grad_1 module id: 1
[2m[36m(CompileWorker pid=3826980)[0m compiled for stage:135 name: stage_7_11_acc_grad_0 module id: 0
[2m[36m(CompileWorker pid=3826980)[0m compiled for stage:135 name: stage_7_11_acc_grad_1 module id: 1
[2m[36m(CompileWorker pid=3826992)[0m compiled for stage:150 name: stage_10_10_acc_grad_0 module id: 0
[2m[36m(CompileWorker pid=3826992)[0m compiled for stage:150 name: stage_10_10_acc_grad_1 module id: 1
[2m[36m(CompileWorker pid=3826979)[0m compiled for stage:154 name: stage_11_11_acc_grad_0 module id: 0
[2m[36m(CompileWorker pid=3826979)[0m compiled for stage:154 name: stage_11_11_acc_grad_1 module id: 1
[2m[36m(CompileWorker pid=3826984)[0m compiled for stage:151 name: stage_10_10_acc_grad_0 module id: 0
[2m[36m(CompileWorker pid=3826983)[0m compiled for stage:142 name: stage_8_11_acc_grad_0 module id: 0
[2m[36m(CompileWorker pid=3826986)[0m compiled for stage:147 name: stage_9_10_acc_grad_0 module id: 0
[2m[36m(CompileWorker pid=3826984)[0m compiled for stage:151 name: stage_10_10_acc_grad_1 module id: 1
[2m[36m(CompileWorker pid=3826980)[0m compiled for stage:155 name: stage_11_11_acc_grad_0 module id: 0
[2m[36m(CompileWorker pid=3826987)[0m compiled for stage:148 name: stage_9_11_acc_grad_0 module id: 0
[2m[36m(CompileWorker pid=3826986)[0m compiled for stage:147 name: stage_9_10_acc_grad_1 module id: 1
[2m[36m(CompileWorker pid=3826980)[0m compiled for stage:155 name: stage_11_11_acc_grad_1 module id: 1
[2m[36m(CompileWorker pid=3826991)[0m compiled for stage:143 name: stage_8_11_acc_grad_0 module id: 0
[2m[36m(CompileWorker pid=3826987)[0m compiled for stage:148 name: stage_9_11_acc_grad_1 module id: 1
[2m[36m(CompileWorker pid=3826988)[0m compiled for stage:152 name: stage_10_11_acc_grad_0 module id: 0
[2m[36m(CompileWorker pid=3826983)[0m compiled for stage:142 name: stage_8_11_acc_grad_1 module id: 1
[2m[36m(CompileWorker pid=3826991)[0m compiled for stage:143 name: stage_8_11_acc_grad_1 module id: 1
[2m[36m(CompileWorker pid=3826988)[0m compiled for stage:152 name: stage_10_11_acc_grad_1 module id: 1
[2m[36m(CompileWorker pid=3826990)[0m compiled for stage:153 name: stage_10_11_acc_grad_0 module id: 0
[2m[36m(CompileWorker pid=3826990)[0m compiled for stage:153 name: stage_10_11_acc_grad_1 module id: 1
[2m[36m(CompileWorker pid=3826987)[0m  tensor (Large latency) dimensions: (1, 3072, 50257, 50257, 1, 1, 1, 1, 1, 1, 0, 0, 'CONV', 1, 1, 0, 0),  latency: 7998.294604300595
[2m[36m(CompileWorker pid=3826989)[0m compiled for stage:149 name: stage_9_11_acc_grad_0 module id: 0
[2m[36m(CompileWorker pid=3826989)[0m compiled for stage:149 name: stage_9_11_acc_grad_1 module id: 1
[2m[36m(CompileWorker pid=3826975)[0m  tensor (Large latency) dimensions: (1, 12288, 36864, 36864, 1, 1, 1, 1, 1, 1, 0, 0, 'CONV', 1, 1, 0, 0),  latency: 1449.2818285714286
[2m[36m(CompileWorker pid=3826987)[0m  tensor (Large latency) dimensions: (1, 2048, 12288, 12288, 1, 1, 1, 1, 1, 1, 0, 0, 'CONV', 1, 1, 0, 0),  latency: 26.58889142857143
[2m[36m(CompileWorker pid=3826975)[0m  tensor (Large latency) dimensions: (1, 2048, 12288, 12288, 1, 1, 1, 1, 1, 1, 0, 0, 'CONV', 1, 1, 0, 0),  latency: 26.58889142857143
- parse estimation results for all stages
Using pre computed peak Mem for (0, 0, 2, 0), module 0
result[(0, 0, 2, 0), 0] = ModuleProfileResult(compute_cost=1060.416, peak_memory=3.400 GB, invar_size=2.006 GB, outvar_size=2.382 GB, temp_buffer_size=-0.988 GB, available_memory=64.000 GB, comm_cost=0.468)
Using pre computed peak Mem for (0, 0, 2, 0), module 1
result[(0, 0, 2, 0), 1] = ModuleProfileResult(compute_cost=4874.815, peak_memory=3.900 GB, invar_size=4.388 GB, outvar_size=2.006 GB, temp_buffer_size=-0.488 GB, available_memory=64.000 GB, comm_cost=0.310)
Using pre computed peak Mem for (0, 0, 2, 1), module 0
result[(0, 0, 2, 1), 0] = ModuleProfileResult(compute_cost=1060.416, peak_memory=3.400 GB, invar_size=2.006 GB, outvar_size=2.382 GB, temp_buffer_size=-0.988 GB, available_memory=64.000 GB, comm_cost=0.468)
result[(0, 0, 2, 1), 1] = ModuleProfileResult(compute_cost=4874.614, peak_memory=5.642 GB, invar_size=4.388 GB, outvar_size=2.006 GB, temp_buffer_size=1.254 GB, available_memory=64.000 GB, comm_cost=0.111)
Using pre computed peak Mem for (0, 1, 2, 0), module 0
result[(0, 1, 2, 0), 0] = ModuleProfileResult(compute_cost=1397.708, peak_memory=6.800 GB, invar_size=2.850 GB, outvar_size=4.785 GB, temp_buffer_size=-0.835 GB, available_memory=64.000 GB, comm_cost=0.711)
Using pre computed peak Mem for (0, 1, 2, 0), module 1
result[(0, 1, 2, 0), 1] = ModuleProfileResult(compute_cost=5415.021, peak_memory=7.800 GB, invar_size=7.635 GB, outvar_size=2.850 GB, temp_buffer_size=0.165 GB, available_memory=64.000 GB, comm_cost=0.584)
Using pre computed peak Mem for (0, 1, 2, 1), module 0
result[(0, 1, 2, 1), 0] = ModuleProfileResult(compute_cost=1397.708, peak_memory=6.800 GB, invar_size=2.850 GB, outvar_size=4.750 GB, temp_buffer_size=-0.800 GB, available_memory=64.000 GB, comm_cost=0.711)
Using pre computed peak Mem for (0, 1, 2, 1), module 1
result[(0, 1, 2, 1), 1] = ModuleProfileResult(compute_cost=5414.820, peak_memory=7.800 GB, invar_size=7.600 GB, outvar_size=2.850 GB, temp_buffer_size=0.200 GB, available_memory=64.000 GB, comm_cost=0.385)
Using pre computed peak Mem for (0, 2, 2, 0), module 0
result[(0, 2, 2, 0), 0] = ModuleProfileResult(compute_cost=2014.223, peak_memory=10.200 GB, invar_size=3.975 GB, outvar_size=7.961 GB, temp_buffer_size=-1.737 GB, available_memory=64.000 GB, comm_cost=1.177)
Using pre computed peak Mem for (0, 2, 2, 0), module 1
result[(0, 2, 2, 0), 1] = ModuleProfileResult(compute_cost=6119.330, peak_memory=11.700 GB, invar_size=11.937 GB, outvar_size=3.975 GB, temp_buffer_size=-0.237 GB, available_memory=64.000 GB, comm_cost=1.111)
Using pre computed peak Mem for (0, 2, 2, 1), module 0
result[(0, 2, 2, 1), 0] = ModuleProfileResult(compute_cost=1832.587, peak_memory=10.200 GB, invar_size=4.608 GB, outvar_size=8.594 GB, temp_buffer_size=-3.002 GB, available_memory=64.000 GB, comm_cost=0.982)
Using pre computed peak Mem for (0, 2, 2, 1), module 1
result[(0, 2, 2, 1), 1] = ModuleProfileResult(compute_cost=7480.564, peak_memory=11.700 GB, invar_size=13.202 GB, outvar_size=4.608 GB, temp_buffer_size=-1.502 GB, available_memory=64.000 GB, comm_cost=1.120)
Using pre computed peak Mem for (0, 3, 2, 0), module 0
result[(0, 3, 2, 0), 0] = ModuleProfileResult(compute_cost=2351.327, peak_memory=13.600 GB, invar_size=4.819 GB, outvar_size=10.200 GB, temp_buffer_size=-1.419 GB, available_memory=64.000 GB, comm_cost=1.421)
Using pre computed peak Mem for (0, 3, 2, 0), module 1
result[(0, 3, 2, 0), 1] = ModuleProfileResult(compute_cost=6659.255, peak_memory=15.600 GB, invar_size=15.019 GB, outvar_size=4.819 GB, temp_buffer_size=0.581 GB, available_memory=64.000 GB, comm_cost=1.384)
Using pre computed peak Mem for (0, 3, 2, 1), module 0
result[(0, 3, 2, 1), 0] = ModuleProfileResult(compute_cost=2351.327, peak_memory=13.600 GB, invar_size=4.819 GB, outvar_size=10.200 GB, temp_buffer_size=-1.419 GB, available_memory=64.000 GB, comm_cost=1.421)
Using pre computed peak Mem for (0, 3, 2, 1), module 1
result[(0, 3, 2, 1), 1] = ModuleProfileResult(compute_cost=6659.253, peak_memory=15.600 GB, invar_size=15.019 GB, outvar_size=4.819 GB, temp_buffer_size=0.581 GB, available_memory=64.000 GB, comm_cost=1.387)
Using pre computed peak Mem for (0, 4, 2, 0), module 0
result[(0, 4, 2, 0), 0] = ModuleProfileResult(compute_cost=2688.431, peak_memory=17.000 GB, invar_size=5.663 GB, outvar_size=12.368 GB, temp_buffer_size=-1.032 GB, available_memory=64.000 GB, comm_cost=1.664)
Using pre computed peak Mem for (0, 4, 2, 0), module 1
result[(0, 4, 2, 0), 1] = ModuleProfileResult(compute_cost=7199.183, peak_memory=19.500 GB, invar_size=18.032 GB, outvar_size=5.663 GB, temp_buffer_size=1.468 GB, available_memory=64.000 GB, comm_cost=1.660)
Using pre computed peak Mem for (0, 4, 2, 1), module 0
result[(0, 4, 2, 1), 0] = ModuleProfileResult(compute_cost=1961.887, peak_memory=17.000 GB, invar_size=8.195 GB, outvar_size=14.829 GB, temp_buffer_size=-6.024 GB, available_memory=64.000 GB, comm_cost=0.884)
Using pre computed peak Mem for (0, 4, 2, 1), module 1
result[(0, 4, 2, 1), 1] = ModuleProfileResult(compute_cost=12644.731, peak_memory=19.500 GB, invar_size=23.024 GB, outvar_size=8.195 GB, temp_buffer_size=-3.524 GB, available_memory=64.000 GB, comm_cost=2.292)
Using pre computed peak Mem for (0, 5, 2, 0), module 0
result[(0, 5, 2, 0), 0] = ModuleProfileResult(compute_cost=3025.536, peak_memory=20.400 GB, invar_size=6.507 GB, outvar_size=14.607 GB, temp_buffer_size=-0.714 GB, available_memory=64.000 GB, comm_cost=1.908)
Using pre computed peak Mem for (0, 5, 2, 0), module 1
result[(0, 5, 2, 0), 1] = ModuleProfileResult(compute_cost=7739.106, peak_memory=23.400 GB, invar_size=21.114 GB, outvar_size=6.507 GB, temp_buffer_size=2.286 GB, available_memory=64.000 GB, comm_cost=1.932)
Using pre computed peak Mem for (0, 5, 2, 1), module 0
result[(0, 5, 2, 1), 0] = ModuleProfileResult(compute_cost=3005.437, peak_memory=20.400 GB, invar_size=6.718 GB, outvar_size=14.888 GB, temp_buffer_size=-1.206 GB, available_memory=64.000 GB, comm_cost=1.891)
Using pre computed peak Mem for (0, 5, 2, 1), module 1
result[(0, 5, 2, 1), 1] = ModuleProfileResult(compute_cost=7863.658, peak_memory=23.400 GB, invar_size=21.677 GB, outvar_size=6.718 GB, temp_buffer_size=1.723 GB, available_memory=64.000 GB, comm_cost=1.365)
Using pre computed peak Mem for (0, 6, 2, 0), module 0
result[(0, 6, 2, 0), 0] = ModuleProfileResult(compute_cost=3362.640, peak_memory=23.800 GB, invar_size=7.351 GB, outvar_size=17.021 GB, temp_buffer_size=-0.573 GB, available_memory=64.000 GB, comm_cost=2.151)
Using pre computed peak Mem for (0, 6, 2, 0), module 1
result[(0, 6, 2, 0), 1] = ModuleProfileResult(compute_cost=8279.034, peak_memory=27.300 GB, invar_size=24.372 GB, outvar_size=7.351 GB, temp_buffer_size=2.928 GB, available_memory=64.000 GB, comm_cost=2.208)
Using pre computed peak Mem for (0, 6, 2, 1), module 0
result[(0, 6, 2, 1), 0] = ModuleProfileResult(compute_cost=3362.640, peak_memory=23.800 GB, invar_size=7.351 GB, outvar_size=16.845 GB, temp_buffer_size=-0.397 GB, available_memory=64.000 GB, comm_cost=2.151)
Using pre computed peak Mem for (0, 6, 2, 1), module 1
result[(0, 6, 2, 1), 1] = ModuleProfileResult(compute_cost=8278.629, peak_memory=27.300 GB, invar_size=24.197 GB, outvar_size=7.351 GB, temp_buffer_size=3.103 GB, available_memory=64.000 GB, comm_cost=1.808)
Using pre computed peak Mem for (0, 7, 2, 0), module 0
result[(0, 7, 2, 0), 0] = ModuleProfileResult(compute_cost=3699.744, peak_memory=27.200 GB, invar_size=8.195 GB, outvar_size=19.014 GB, temp_buffer_size=-0.009 GB, available_memory=64.000 GB, comm_cost=2.394)
Using pre computed peak Mem for (0, 7, 2, 0), module 1
result[(0, 7, 2, 0), 1] = ModuleProfileResult(compute_cost=8818.957, peak_memory=31.200 GB, invar_size=27.209 GB, outvar_size=8.195 GB, temp_buffer_size=3.991 GB, available_memory=64.000 GB, comm_cost=2.479)
Using pre computed peak Mem for (0, 7, 2, 1), module 0
result[(0, 7, 2, 1), 0] = ModuleProfileResult(compute_cost=3699.744, peak_memory=27.200 GB, invar_size=8.195 GB, outvar_size=19.506 GB, temp_buffer_size=-0.501 GB, available_memory=64.000 GB, comm_cost=2.394)
Using pre computed peak Mem for (0, 7, 2, 1), module 1
result[(0, 7, 2, 1), 1] = ModuleProfileResult(compute_cost=8818.150, peak_memory=31.200 GB, invar_size=27.701 GB, outvar_size=8.195 GB, temp_buffer_size=3.499 GB, available_memory=64.000 GB, comm_cost=1.684)
Using pre computed peak Mem for (0, 8, 2, 0), module 0
result[(0, 8, 2, 0), 0] = ModuleProfileResult(compute_cost=4036.848, peak_memory=30.600 GB, invar_size=9.039 GB, outvar_size=21.252 GB, temp_buffer_size=0.308 GB, available_memory=64.000 GB, comm_cost=2.638)
Using pre computed peak Mem for (0, 8, 2, 0), module 1
result[(0, 8, 2, 0), 1] = ModuleProfileResult(compute_cost=9358.883, peak_memory=35.100 GB, invar_size=30.292 GB, outvar_size=9.039 GB, temp_buffer_size=4.808 GB, available_memory=64.000 GB, comm_cost=2.753)
Using pre computed peak Mem for (0, 8, 2, 1), module 0
result[(0, 8, 2, 1), 0] = ModuleProfileResult(compute_cost=4036.848, peak_memory=30.600 GB, invar_size=9.039 GB, outvar_size=21.358 GB, temp_buffer_size=0.203 GB, available_memory=64.000 GB, comm_cost=2.638)
Using pre computed peak Mem for (0, 8, 2, 1), module 1
result[(0, 8, 2, 1), 1] = ModuleProfileResult(compute_cost=9358.479, peak_memory=35.100 GB, invar_size=30.397 GB, outvar_size=9.039 GB, temp_buffer_size=4.703 GB, available_memory=64.000 GB, comm_cost=2.355)
Using pre computed peak Mem for (0, 9, 2, 0), module 0
result[(0, 9, 2, 0), 0] = ModuleProfileResult(compute_cost=4373.952, peak_memory=34.000 GB, invar_size=9.883 GB, outvar_size=23.596 GB, temp_buffer_size=0.520 GB, available_memory=64.000 GB, comm_cost=2.881)
Using pre computed peak Mem for (0, 9, 2, 0), module 1
result[(0, 9, 2, 0), 1] = ModuleProfileResult(compute_cost=9898.810, peak_memory=39.000 GB, invar_size=33.480 GB, outvar_size=9.883 GB, temp_buffer_size=5.520 GB, available_memory=64.000 GB, comm_cost=3.029)
Using pre computed peak Mem for (0, 9, 2, 1), module 0
result[(0, 9, 2, 1), 0] = ModuleProfileResult(compute_cost=4353.852, peak_memory=34.000 GB, invar_size=10.094 GB, outvar_size=23.983 GB, temp_buffer_size=-0.077 GB, available_memory=64.000 GB, comm_cost=2.863)
Using pre computed peak Mem for (0, 9, 2, 1), module 1
result[(0, 9, 2, 1), 1] = ModuleProfileResult(compute_cost=10018.101, peak_memory=39.000 GB, invar_size=34.148 GB, outvar_size=10.094 GB, temp_buffer_size=4.852 GB, available_memory=64.000 GB, comm_cost=2.262)
Using pre computed peak Mem for (0, 10, 2, 0), module 0
result[(0, 10, 2, 0), 0] = ModuleProfileResult(compute_cost=4711.066, peak_memory=37.400 GB, invar_size=10.727 GB, outvar_size=25.976 GB, temp_buffer_size=0.697 GB, available_memory=64.000 GB, comm_cost=3.137)
Using pre computed peak Mem for (0, 10, 2, 0), module 1
result[(0, 10, 2, 0), 1] = ModuleProfileResult(compute_cost=10438.755, peak_memory=42.900 GB, invar_size=36.703 GB, outvar_size=10.727 GB, temp_buffer_size=6.197 GB, available_memory=64.000 GB, comm_cost=3.324)
Using pre computed peak Mem for (0, 10, 2, 1), module 0
result[(0, 10, 2, 1), 0] = ModuleProfileResult(compute_cost=3257.968, peak_memory=37.400 GB, invar_size=15.790 GB, outvar_size=30.792 GB, temp_buffer_size=-9.182 GB, available_memory=64.000 GB, comm_cost=1.565)
Using pre computed peak Mem for (0, 10, 2, 1), module 1
result[(0, 10, 2, 1), 1] = ModuleProfileResult(compute_cost=21329.627, peak_memory=42.900 GB, invar_size=46.582 GB, outvar_size=15.790 GB, temp_buffer_size=-3.682 GB, available_memory=64.000 GB, comm_cost=4.366)
Using pre computed peak Mem for (0, 11, 2, 0), module 0
result[(0, 11, 2, 0), 0] = ModuleProfileResult(compute_cost=4769.124, peak_memory=40.800 GB, invar_size=11.290 GB, outvar_size=28.392 GB, temp_buffer_size=1.118 GB, available_memory=64.000 GB, comm_cost=3.146)
Using pre computed peak Mem for (0, 11, 2, 0), module 1
result[(0, 11, 2, 0), 1] = ModuleProfileResult(compute_cost=42761.637, peak_memory=46.800 GB, invar_size=40.832 GB, outvar_size=12.440 GB, temp_buffer_size=5.968 GB, available_memory=64.000 GB, comm_cost=3.321)
Using pre computed peak Mem for (0, 11, 2, 1), module 0
result[(0, 11, 2, 1), 0] = ModuleProfileResult(compute_cost=4769.129, peak_memory=40.800 GB, invar_size=11.290 GB, outvar_size=28.568 GB, temp_buffer_size=0.943 GB, available_memory=64.000 GB, comm_cost=3.151)
Using pre computed peak Mem for (0, 11, 2, 1), module 1
result[(0, 11, 2, 1), 1] = ModuleProfileResult(compute_cost=42760.833, peak_memory=46.800 GB, invar_size=41.008 GB, outvar_size=12.440 GB, temp_buffer_size=5.792 GB, available_memory=64.000 GB, comm_cost=2.527)
Using pre computed peak Mem for (1, 1, 2, 0), module 0
result[(1, 1, 2, 0), 0] = ModuleProfileResult(compute_cost=337.323, peak_memory=3.400 GB, invar_size=0.938 GB, outvar_size=2.426 GB, temp_buffer_size=0.036 GB, available_memory=64.000 GB, comm_cost=0.243)
Using pre computed peak Mem for (1, 1, 2, 0), module 1
result[(1, 1, 2, 0), 1] = ModuleProfileResult(compute_cost=540.206, peak_memory=3.900 GB, invar_size=3.270 GB, outvar_size=0.938 GB, temp_buffer_size=0.536 GB, available_memory=64.000 GB, comm_cost=0.274)
Using pre computed peak Mem for (1, 1, 2, 1), module 0
result[(1, 1, 2, 1), 0] = ModuleProfileResult(compute_cost=337.323, peak_memory=3.400 GB, invar_size=0.938 GB, outvar_size=2.461 GB, temp_buffer_size=0.001 GB, available_memory=64.000 GB, comm_cost=0.243)
result[(1, 1, 2, 1), 1] = ModuleProfileResult(compute_cost=540.005, peak_memory=4.161 GB, invar_size=3.305 GB, outvar_size=0.938 GB, temp_buffer_size=0.762 GB, available_memory=64.000 GB, comm_cost=0.075)
Using pre computed peak Mem for (1, 2, 2, 0), module 0
result[(1, 2, 2, 0), 0] = ModuleProfileResult(compute_cost=953.838, peak_memory=6.800 GB, invar_size=2.063 GB, outvar_size=5.567 GB, temp_buffer_size=-0.830 GB, available_memory=64.000 GB, comm_cost=0.709)
Using pre computed peak Mem for (1, 2, 2, 0), module 1
result[(1, 2, 2, 0), 1] = ModuleProfileResult(compute_cost=1244.515, peak_memory=7.800 GB, invar_size=7.537 GB, outvar_size=2.063 GB, temp_buffer_size=0.170 GB, available_memory=64.000 GB, comm_cost=0.800)
Using pre computed peak Mem for (1, 2, 2, 1), module 0
result[(1, 2, 2, 1), 0] = ModuleProfileResult(compute_cost=953.838, peak_memory=6.800 GB, invar_size=2.063 GB, outvar_size=5.743 GB, temp_buffer_size=-1.006 GB, available_memory=64.000 GB, comm_cost=0.709)
Using pre computed peak Mem for (1, 2, 2, 1), module 1
result[(1, 2, 2, 1), 1] = ModuleProfileResult(compute_cost=1244.113, peak_memory=7.800 GB, invar_size=7.712 GB, outvar_size=2.063 GB, temp_buffer_size=-0.006 GB, available_memory=64.000 GB, comm_cost=0.401)
Using pre computed peak Mem for (1, 3, 2, 0), module 0
result[(1, 3, 2, 0), 0] = ModuleProfileResult(compute_cost=1290.942, peak_memory=10.200 GB, invar_size=2.907 GB, outvar_size=7.876 GB, temp_buffer_size=-0.583 GB, available_memory=64.000 GB, comm_cost=0.953)
Using pre computed peak Mem for (1, 3, 2, 0), module 1
result[(1, 3, 2, 0), 1] = ModuleProfileResult(compute_cost=1784.440, peak_memory=11.700 GB, invar_size=10.690 GB, outvar_size=2.907 GB, temp_buffer_size=0.917 GB, available_memory=64.000 GB, comm_cost=1.074)
Using pre computed peak Mem for (1, 3, 2, 1), module 0
result[(1, 3, 2, 1), 0] = ModuleProfileResult(compute_cost=1290.942, peak_memory=10.200 GB, invar_size=2.907 GB, outvar_size=7.841 GB, temp_buffer_size=-0.548 GB, available_memory=64.000 GB, comm_cost=0.953)
Using pre computed peak Mem for (1, 3, 2, 1), module 1
result[(1, 3, 2, 1), 1] = ModuleProfileResult(compute_cost=1784.239, peak_memory=11.700 GB, invar_size=10.654 GB, outvar_size=2.907 GB, temp_buffer_size=0.952 GB, available_memory=64.000 GB, comm_cost=0.875)
Using pre computed peak Mem for (1, 4, 2, 0), module 0
result[(1, 4, 2, 0), 0] = ModuleProfileResult(compute_cost=1628.046, peak_memory=13.600 GB, invar_size=3.751 GB, outvar_size=10.150 GB, temp_buffer_size=-0.301 GB, available_memory=64.000 GB, comm_cost=1.196)
Using pre computed peak Mem for (1, 4, 2, 0), module 1
result[(1, 4, 2, 0), 1] = ModuleProfileResult(compute_cost=2324.366, peak_memory=15.600 GB, invar_size=13.807 GB, outvar_size=3.751 GB, temp_buffer_size=1.699 GB, available_memory=64.000 GB, comm_cost=1.348)
Using pre computed peak Mem for (1, 4, 2, 1), module 0
result[(1, 4, 2, 1), 0] = ModuleProfileResult(compute_cost=1628.046, peak_memory=13.600 GB, invar_size=3.751 GB, outvar_size=10.291 GB, temp_buffer_size=-0.442 GB, available_memory=64.000 GB, comm_cost=1.196)
Using pre computed peak Mem for (1, 4, 2, 1), module 1
result[(1, 4, 2, 1), 1] = ModuleProfileResult(compute_cost=2324.163, peak_memory=15.600 GB, invar_size=13.948 GB, outvar_size=3.751 GB, temp_buffer_size=1.558 GB, available_memory=64.000 GB, comm_cost=1.150)
Using pre computed peak Mem for (1, 5, 2, 0), module 0
result[(1, 5, 2, 0), 0] = ModuleProfileResult(compute_cost=1965.150, peak_memory=17.000 GB, invar_size=4.595 GB, outvar_size=12.424 GB, temp_buffer_size=-0.019 GB, available_memory=64.000 GB, comm_cost=1.440)
Using pre computed peak Mem for (1, 5, 2, 0), module 1
result[(1, 5, 2, 0), 1] = ModuleProfileResult(compute_cost=2864.291, peak_memory=19.500 GB, invar_size=16.925 GB, outvar_size=4.595 GB, temp_buffer_size=2.481 GB, available_memory=64.000 GB, comm_cost=1.621)
Using pre computed peak Mem for (1, 5, 2, 1), module 0
result[(1, 5, 2, 1), 0] = ModuleProfileResult(compute_cost=1965.150, peak_memory=17.000 GB, invar_size=4.595 GB, outvar_size=12.459 GB, temp_buffer_size=-0.054 GB, available_memory=64.000 GB, comm_cost=1.440)
Using pre computed peak Mem for (1, 5, 2, 1), module 1
result[(1, 5, 2, 1), 1] = ModuleProfileResult(compute_cost=2863.888, peak_memory=19.500 GB, invar_size=16.960 GB, outvar_size=4.595 GB, temp_buffer_size=2.446 GB, available_memory=64.000 GB, comm_cost=1.224)
Using pre computed peak Mem for (1, 6, 2, 0), module 0
result[(1, 6, 2, 0), 0] = ModuleProfileResult(compute_cost=2302.255, peak_memory=20.400 GB, invar_size=5.439 GB, outvar_size=14.768 GB, temp_buffer_size=0.193 GB, available_memory=64.000 GB, comm_cost=1.683)
Using pre computed peak Mem for (1, 6, 2, 0), module 1
result[(1, 6, 2, 0), 1] = ModuleProfileResult(compute_cost=3404.217, peak_memory=23.400 GB, invar_size=20.113 GB, outvar_size=5.439 GB, temp_buffer_size=3.193 GB, available_memory=64.000 GB, comm_cost=1.895)
Using pre computed peak Mem for (1, 6, 2, 1), module 0
result[(1, 6, 2, 1), 0] = ModuleProfileResult(compute_cost=2302.255, peak_memory=20.400 GB, invar_size=5.439 GB, outvar_size=14.768 GB, temp_buffer_size=0.193 GB, available_memory=64.000 GB, comm_cost=1.683)
Using pre computed peak Mem for (1, 6, 2, 1), module 1
result[(1, 6, 2, 1), 1] = ModuleProfileResult(compute_cost=3403.612, peak_memory=23.400 GB, invar_size=20.113 GB, outvar_size=5.439 GB, temp_buffer_size=3.193 GB, available_memory=64.000 GB, comm_cost=1.299)
Using pre computed peak Mem for (1, 7, 2, 0), module 0
result[(1, 7, 2, 0), 0] = ModuleProfileResult(compute_cost=2639.359, peak_memory=23.800 GB, invar_size=6.283 GB, outvar_size=17.007 GB, temp_buffer_size=0.510 GB, available_memory=64.000 GB, comm_cost=1.927)
Using pre computed peak Mem for (1, 7, 2, 0), module 1
result[(1, 7, 2, 0), 1] = ModuleProfileResult(compute_cost=3944.142, peak_memory=27.300 GB, invar_size=23.196 GB, outvar_size=6.283 GB, temp_buffer_size=4.010 GB, available_memory=64.000 GB, comm_cost=2.169)
Using pre computed peak Mem for (1, 7, 2, 1), module 0
result[(1, 7, 2, 1), 0] = ModuleProfileResult(compute_cost=2639.359, peak_memory=23.800 GB, invar_size=6.283 GB, outvar_size=17.007 GB, temp_buffer_size=0.510 GB, available_memory=64.000 GB, comm_cost=1.927)
Using pre computed peak Mem for (1, 7, 2, 1), module 1
result[(1, 7, 2, 1), 1] = ModuleProfileResult(compute_cost=3943.536, peak_memory=27.300 GB, invar_size=23.196 GB, outvar_size=6.283 GB, temp_buffer_size=4.010 GB, available_memory=64.000 GB, comm_cost=1.574)
Using pre computed peak Mem for (1, 8, 2, 0), module 0
result[(1, 8, 2, 0), 0] = ModuleProfileResult(compute_cost=2976.463, peak_memory=27.200 GB, invar_size=7.127 GB, outvar_size=18.999 GB, temp_buffer_size=1.074 GB, available_memory=64.000 GB, comm_cost=2.170)
Using pre computed peak Mem for (1, 8, 2, 0), module 1
result[(1, 8, 2, 0), 1] = ModuleProfileResult(compute_cost=4484.067, peak_memory=31.200 GB, invar_size=26.032 GB, outvar_size=7.127 GB, temp_buffer_size=5.074 GB, available_memory=64.000 GB, comm_cost=2.442)
Using pre computed peak Mem for (1, 8, 2, 1), module 0
result[(1, 8, 2, 1), 0] = ModuleProfileResult(compute_cost=2976.463, peak_memory=27.200 GB, invar_size=7.127 GB, outvar_size=19.245 GB, temp_buffer_size=0.828 GB, available_memory=64.000 GB, comm_cost=2.170)
Using pre computed peak Mem for (1, 8, 2, 1), module 1
result[(1, 8, 2, 1), 1] = ModuleProfileResult(compute_cost=4483.462, peak_memory=31.200 GB, invar_size=26.278 GB, outvar_size=7.127 GB, temp_buffer_size=4.828 GB, available_memory=64.000 GB, comm_cost=1.847)
Using pre computed peak Mem for (1, 9, 2, 0), module 0
result[(1, 9, 2, 0), 0] = ModuleProfileResult(compute_cost=3313.567, peak_memory=30.600 GB, invar_size=7.971 GB, outvar_size=21.413 GB, temp_buffer_size=1.216 GB, available_memory=64.000 GB, comm_cost=2.414)
Using pre computed peak Mem for (1, 9, 2, 0), module 1
result[(1, 9, 2, 0), 1] = ModuleProfileResult(compute_cost=5023.993, peak_memory=35.100 GB, invar_size=29.291 GB, outvar_size=7.971 GB, temp_buffer_size=5.716 GB, available_memory=64.000 GB, comm_cost=2.716)
Using pre computed peak Mem for (1, 9, 2, 1), module 0
result[(1, 9, 2, 1), 0] = ModuleProfileResult(compute_cost=3313.567, peak_memory=30.600 GB, invar_size=7.971 GB, outvar_size=21.765 GB, temp_buffer_size=0.864 GB, available_memory=64.000 GB, comm_cost=2.414)
Using pre computed peak Mem for (1, 9, 2, 1), module 1
result[(1, 9, 2, 1), 1] = ModuleProfileResult(compute_cost=5022.984, peak_memory=35.100 GB, invar_size=29.642 GB, outvar_size=7.971 GB, temp_buffer_size=5.364 GB, available_memory=64.000 GB, comm_cost=1.723)
Using pre computed peak Mem for (1, 10, 2, 0), module 0
result[(1, 10, 2, 0), 0] = ModuleProfileResult(compute_cost=3650.671, peak_memory=34.000 GB, invar_size=8.815 GB, outvar_size=23.582 GB, temp_buffer_size=1.603 GB, available_memory=64.000 GB, comm_cost=2.657)
Using pre computed peak Mem for (1, 10, 2, 0), module 1
result[(1, 10, 2, 0), 1] = ModuleProfileResult(compute_cost=5563.918, peak_memory=39.000 GB, invar_size=32.303 GB, outvar_size=8.815 GB, temp_buffer_size=6.603 GB, available_memory=64.000 GB, comm_cost=2.990)
Using pre computed peak Mem for (1, 10, 2, 1), module 0
result[(1, 10, 2, 1), 0] = ModuleProfileResult(compute_cost=3650.671, peak_memory=34.000 GB, invar_size=8.815 GB, outvar_size=23.652 GB, temp_buffer_size=1.533 GB, available_memory=64.000 GB, comm_cost=2.657)
Using pre computed peak Mem for (1, 10, 2, 1), module 1
result[(1, 10, 2, 1), 1] = ModuleProfileResult(compute_cost=5563.313, peak_memory=39.000 GB, invar_size=32.373 GB, outvar_size=8.815 GB, temp_buffer_size=6.533 GB, available_memory=64.000 GB, comm_cost=2.394)
Using pre computed peak Mem for (1, 11, 2, 0), module 0
result[(1, 11, 2, 0), 0] = ModuleProfileResult(compute_cost=3708.739, peak_memory=37.400 GB, invar_size=9.665 GB, outvar_size=25.241 GB, temp_buffer_size=2.494 GB, available_memory=64.000 GB, comm_cost=2.678)
Using pre computed peak Mem for (1, 11, 2, 0), module 1
result[(1, 11, 2, 0), 1] = ModuleProfileResult(compute_cost=13965.589, peak_memory=42.900 GB, invar_size=34.812 GB, outvar_size=9.665 GB, temp_buffer_size=7.994 GB, available_memory=64.000 GB, comm_cost=3.213)
Using pre computed peak Mem for (1, 11, 2, 1), module 0
result[(1, 11, 2, 1), 0] = ModuleProfileResult(compute_cost=3708.739, peak_memory=37.400 GB, invar_size=9.665 GB, outvar_size=25.416 GB, temp_buffer_size=2.319 GB, available_memory=64.000 GB, comm_cost=2.678)
Using pre computed peak Mem for (1, 11, 2, 1), module 1
result[(1, 11, 2, 1), 1] = ModuleProfileResult(compute_cost=13964.783, peak_memory=42.900 GB, invar_size=34.988 GB, outvar_size=9.665 GB, temp_buffer_size=7.819 GB, available_memory=64.000 GB, comm_cost=2.417)
Using pre computed peak Mem for (2, 2, 2, 0), module 0
result[(2, 2, 2, 0), 0] = ModuleProfileResult(compute_cost=616.546, peak_memory=3.400 GB, invar_size=1.219 GB, outvar_size=3.305 GB, temp_buffer_size=-1.124 GB, available_memory=64.000 GB, comm_cost=0.466)
Using pre computed peak Mem for (2, 2, 2, 0), module 1
result[(2, 2, 2, 0), 1] = ModuleProfileResult(compute_cost=704.308, peak_memory=3.900 GB, invar_size=4.431 GB, outvar_size=1.219 GB, temp_buffer_size=-0.624 GB, available_memory=64.000 GB, comm_cost=0.527)
Using pre computed peak Mem for (2, 2, 2, 1), module 0
result[(2, 2, 2, 1), 0] = ModuleProfileResult(compute_cost=616.546, peak_memory=3.400 GB, invar_size=1.219 GB, outvar_size=3.376 GB, temp_buffer_size=-1.195 GB, available_memory=64.000 GB, comm_cost=0.466)
result[(2, 2, 2, 1), 1] = ModuleProfileResult(compute_cost=703.906, peak_memory=5.216 GB, invar_size=4.501 GB, outvar_size=1.219 GB, temp_buffer_size=0.621 GB, available_memory=64.000 GB, comm_cost=0.128)
Using pre computed peak Mem for (2, 3, 2, 0), module 0
result[(2, 3, 2, 0), 0] = ModuleProfileResult(compute_cost=953.651, peak_memory=6.800 GB, invar_size=2.063 GB, outvar_size=5.579 GB, temp_buffer_size=-0.842 GB, available_memory=64.000 GB, comm_cost=0.709)
Using pre computed peak Mem for (2, 3, 2, 0), module 1
result[(2, 3, 2, 0), 1] = ModuleProfileResult(compute_cost=1244.234, peak_memory=7.800 GB, invar_size=7.548 GB, outvar_size=2.063 GB, temp_buffer_size=0.158 GB, available_memory=64.000 GB, comm_cost=0.800)
Using pre computed peak Mem for (2, 3, 2, 1), module 0
result[(2, 3, 2, 1), 0] = ModuleProfileResult(compute_cost=953.651, peak_memory=6.800 GB, invar_size=2.063 GB, outvar_size=5.614 GB, temp_buffer_size=-0.877 GB, available_memory=64.000 GB, comm_cost=0.709)
Using pre computed peak Mem for (2, 3, 2, 1), module 1
result[(2, 3, 2, 1), 1] = ModuleProfileResult(compute_cost=1243.831, peak_memory=7.800 GB, invar_size=7.584 GB, outvar_size=2.063 GB, temp_buffer_size=0.123 GB, available_memory=64.000 GB, comm_cost=0.402)
Using pre computed peak Mem for (2, 4, 2, 0), module 0
result[(2, 4, 2, 0), 0] = ModuleProfileResult(compute_cost=1290.755, peak_memory=10.200 GB, invar_size=2.907 GB, outvar_size=7.853 GB, temp_buffer_size=-0.560 GB, available_memory=64.000 GB, comm_cost=0.953)
Using pre computed peak Mem for (2, 4, 2, 0), module 1
result[(2, 4, 2, 0), 1] = ModuleProfileResult(compute_cost=1784.159, peak_memory=11.700 GB, invar_size=10.666 GB, outvar_size=2.907 GB, temp_buffer_size=0.940 GB, available_memory=64.000 GB, comm_cost=1.074)
Using pre computed peak Mem for (2, 4, 2, 1), module 0
result[(2, 4, 2, 1), 0] = ModuleProfileResult(compute_cost=1290.755, peak_memory=10.200 GB, invar_size=2.907 GB, outvar_size=7.853 GB, temp_buffer_size=-0.560 GB, available_memory=64.000 GB, comm_cost=0.953)
Using pre computed peak Mem for (2, 4, 2, 1), module 1
result[(2, 4, 2, 1), 1] = ModuleProfileResult(compute_cost=1783.757, peak_memory=11.700 GB, invar_size=10.666 GB, outvar_size=2.907 GB, temp_buffer_size=0.940 GB, available_memory=64.000 GB, comm_cost=0.676)
Using pre computed peak Mem for (2, 5, 2, 0), module 0
result[(2, 5, 2, 0), 0] = ModuleProfileResult(compute_cost=1627.859, peak_memory=13.600 GB, invar_size=3.751 GB, outvar_size=10.162 GB, temp_buffer_size=-0.313 GB, available_memory=64.000 GB, comm_cost=1.196)
Using pre computed peak Mem for (2, 5, 2, 0), module 1
result[(2, 5, 2, 0), 1] = ModuleProfileResult(compute_cost=2324.085, peak_memory=15.600 GB, invar_size=13.819 GB, outvar_size=3.751 GB, temp_buffer_size=1.687 GB, available_memory=64.000 GB, comm_cost=1.348)
Using pre computed peak Mem for (2, 5, 2, 1), module 0
result[(2, 5, 2, 1), 0] = ModuleProfileResult(compute_cost=1627.859, peak_memory=13.600 GB, invar_size=3.751 GB, outvar_size=10.162 GB, temp_buffer_size=-0.313 GB, available_memory=64.000 GB, comm_cost=1.196)
Using pre computed peak Mem for (2, 5, 2, 1), module 1
result[(2, 5, 2, 1), 1] = ModuleProfileResult(compute_cost=2324.082, peak_memory=15.600 GB, invar_size=13.819 GB, outvar_size=3.751 GB, temp_buffer_size=1.687 GB, available_memory=64.000 GB, comm_cost=1.351)
Using pre computed peak Mem for (2, 6, 2, 0), module 0
result[(2, 6, 2, 0), 0] = ModuleProfileResult(compute_cost=1964.963, peak_memory=17.000 GB, invar_size=4.595 GB, outvar_size=12.436 GB, temp_buffer_size=-0.031 GB, available_memory=64.000 GB, comm_cost=1.440)
Using pre computed peak Mem for (2, 6, 2, 0), module 1
result[(2, 6, 2, 0), 1] = ModuleProfileResult(compute_cost=2864.010, peak_memory=19.500 GB, invar_size=16.937 GB, outvar_size=4.595 GB, temp_buffer_size=2.469 GB, available_memory=64.000 GB, comm_cost=1.621)
Using pre computed peak Mem for (2, 6, 2, 1), module 0
result[(2, 6, 2, 1), 0] = ModuleProfileResult(compute_cost=1964.963, peak_memory=17.000 GB, invar_size=4.595 GB, outvar_size=12.400 GB, temp_buffer_size=0.005 GB, available_memory=64.000 GB, comm_cost=1.440)
Using pre computed peak Mem for (2, 6, 2, 1), module 1
result[(2, 6, 2, 1), 1] = ModuleProfileResult(compute_cost=2863.406, peak_memory=19.500 GB, invar_size=16.902 GB, outvar_size=4.595 GB, temp_buffer_size=2.505 GB, available_memory=64.000 GB, comm_cost=1.025)
Using pre computed peak Mem for (2, 7, 2, 0), module 0
result[(2, 7, 2, 0), 0] = ModuleProfileResult(compute_cost=2302.067, peak_memory=20.400 GB, invar_size=5.439 GB, outvar_size=14.534 GB, temp_buffer_size=0.427 GB, available_memory=64.000 GB, comm_cost=1.683)
Using pre computed peak Mem for (2, 7, 2, 0), module 1
result[(2, 7, 2, 0), 1] = ModuleProfileResult(compute_cost=3403.936, peak_memory=23.400 GB, invar_size=19.879 GB, outvar_size=5.439 GB, temp_buffer_size=3.427 GB, available_memory=64.000 GB, comm_cost=1.895)
Using pre computed peak Mem for (2, 7, 2, 1), module 0
result[(2, 7, 2, 1), 0] = ModuleProfileResult(compute_cost=2302.067, peak_memory=20.400 GB, invar_size=5.439 GB, outvar_size=14.709 GB, temp_buffer_size=0.252 GB, available_memory=64.000 GB, comm_cost=1.683)
Using pre computed peak Mem for (2, 7, 2, 1), module 1
result[(2, 7, 2, 1), 1] = ModuleProfileResult(compute_cost=3403.332, peak_memory=23.400 GB, invar_size=20.055 GB, outvar_size=5.439 GB, temp_buffer_size=3.252 GB, available_memory=64.000 GB, comm_cost=1.298)
Using pre computed peak Mem for (2, 8, 2, 0), module 0
result[(2, 8, 2, 0), 0] = ModuleProfileResult(compute_cost=2639.171, peak_memory=23.800 GB, invar_size=6.283 GB, outvar_size=16.772 GB, temp_buffer_size=0.745 GB, available_memory=64.000 GB, comm_cost=1.927)
Using pre computed peak Mem for (2, 8, 2, 0), module 1
result[(2, 8, 2, 0), 1] = ModuleProfileResult(compute_cost=3943.861, peak_memory=27.300 GB, invar_size=22.961 GB, outvar_size=6.283 GB, temp_buffer_size=4.245 GB, available_memory=64.000 GB, comm_cost=2.169)
Using pre computed peak Mem for (2, 8, 2, 1), module 0
result[(2, 8, 2, 1), 0] = ModuleProfileResult(compute_cost=2639.171, peak_memory=23.800 GB, invar_size=6.283 GB, outvar_size=16.878 GB, temp_buffer_size=0.639 GB, available_memory=64.000 GB, comm_cost=1.927)
Using pre computed peak Mem for (2, 8, 2, 1), module 1
result[(2, 8, 2, 1), 1] = ModuleProfileResult(compute_cost=3942.856, peak_memory=27.300 GB, invar_size=23.067 GB, outvar_size=6.283 GB, temp_buffer_size=4.139 GB, available_memory=64.000 GB, comm_cost=1.171)
Using pre computed peak Mem for (2, 9, 2, 0), module 0
result[(2, 9, 2, 0), 0] = ModuleProfileResult(compute_cost=2976.275, peak_memory=27.200 GB, invar_size=7.127 GB, outvar_size=19.116 GB, temp_buffer_size=0.957 GB, available_memory=64.000 GB, comm_cost=2.170)
Using pre computed peak Mem for (2, 9, 2, 0), module 1
result[(2, 9, 2, 0), 1] = ModuleProfileResult(compute_cost=4483.787, peak_memory=31.200 GB, invar_size=26.149 GB, outvar_size=7.127 GB, temp_buffer_size=4.957 GB, available_memory=64.000 GB, comm_cost=2.442)
Using pre computed peak Mem for (2, 9, 2, 1), module 0
result[(2, 9, 2, 1), 0] = ModuleProfileResult(compute_cost=2976.275, peak_memory=27.200 GB, invar_size=7.127 GB, outvar_size=19.116 GB, temp_buffer_size=0.957 GB, available_memory=64.000 GB, comm_cost=2.170)
Using pre computed peak Mem for (2, 9, 2, 1), module 1
result[(2, 9, 2, 1), 1] = ModuleProfileResult(compute_cost=4482.980, peak_memory=31.200 GB, invar_size=26.149 GB, outvar_size=7.127 GB, temp_buffer_size=4.957 GB, available_memory=64.000 GB, comm_cost=1.647)
Using pre computed peak Mem for (2, 10, 2, 0), module 0
result[(2, 10, 2, 0), 0] = ModuleProfileResult(compute_cost=3313.380, peak_memory=30.600 GB, invar_size=7.971 GB, outvar_size=21.285 GB, temp_buffer_size=1.345 GB, available_memory=64.000 GB, comm_cost=2.414)
Using pre computed peak Mem for (2, 10, 2, 0), module 1
result[(2, 10, 2, 0), 1] = ModuleProfileResult(compute_cost=5023.712, peak_memory=35.100 GB, invar_size=29.162 GB, outvar_size=7.971 GB, temp_buffer_size=5.845 GB, available_memory=64.000 GB, comm_cost=2.716)
Using pre computed peak Mem for (2, 10, 2, 1), module 0
result[(2, 10, 2, 1), 0] = ModuleProfileResult(compute_cost=3313.380, peak_memory=30.600 GB, invar_size=7.971 GB, outvar_size=21.566 GB, temp_buffer_size=1.063 GB, available_memory=64.000 GB, comm_cost=2.414)
Using pre computed peak Mem for (2, 10, 2, 1), module 1
result[(2, 10, 2, 1), 1] = ModuleProfileResult(compute_cost=5022.504, peak_memory=35.100 GB, invar_size=29.443 GB, outvar_size=7.971 GB, temp_buffer_size=5.563 GB, available_memory=64.000 GB, comm_cost=1.522)
Using pre computed peak Mem for (2, 11, 2, 0), module 0
result[(2, 11, 2, 0), 0] = ModuleProfileResult(compute_cost=3371.447, peak_memory=34.000 GB, invar_size=8.821 GB, outvar_size=23.189 GB, temp_buffer_size=1.989 GB, available_memory=64.000 GB, comm_cost=2.435)
Using pre computed peak Mem for (2, 11, 2, 0), module 1
result[(2, 11, 2, 0), 1] = ModuleProfileResult(compute_cost=13425.383, peak_memory=39.000 GB, invar_size=31.917 GB, outvar_size=8.821 GB, temp_buffer_size=6.989 GB, available_memory=64.000 GB, comm_cost=2.939)
Using pre computed peak Mem for (2, 11, 2, 1), module 0
result[(2, 11, 2, 1), 0] = ModuleProfileResult(compute_cost=3371.447, peak_memory=34.000 GB, invar_size=8.821 GB, outvar_size=23.189 GB, temp_buffer_size=1.989 GB, available_memory=64.000 GB, comm_cost=2.435)
Using pre computed peak Mem for (2, 11, 2, 1), module 1
result[(2, 11, 2, 1), 1] = ModuleProfileResult(compute_cost=13424.176, peak_memory=39.000 GB, invar_size=31.917 GB, outvar_size=8.821 GB, temp_buffer_size=6.989 GB, available_memory=64.000 GB, comm_cost=1.743)
Using pre computed peak Mem for (3, 3, 2, 0), module 0
result[(3, 3, 2, 0), 0] = ModuleProfileResult(compute_cost=337.135, peak_memory=3.400 GB, invar_size=0.938 GB, outvar_size=2.368 GB, temp_buffer_size=0.095 GB, available_memory=64.000 GB, comm_cost=0.243)
Using pre computed peak Mem for (3, 3, 2, 0), module 1
result[(3, 3, 2, 0), 1] = ModuleProfileResult(compute_cost=539.925, peak_memory=3.900 GB, invar_size=3.212 GB, outvar_size=0.938 GB, temp_buffer_size=0.595 GB, available_memory=64.000 GB, comm_cost=0.274)
Using pre computed peak Mem for (3, 3, 2, 1), module 0
result[(3, 3, 2, 1), 0] = ModuleProfileResult(compute_cost=337.135, peak_memory=3.400 GB, invar_size=0.938 GB, outvar_size=2.403 GB, temp_buffer_size=0.060 GB, available_memory=64.000 GB, comm_cost=0.243)
result[(3, 3, 2, 1), 1] = ModuleProfileResult(compute_cost=539.724, peak_memory=3.915 GB, invar_size=3.247 GB, outvar_size=0.938 GB, temp_buffer_size=0.574 GB, available_memory=64.000 GB, comm_cost=0.075)
Using pre computed peak Mem for (3, 4, 2, 0), module 0
result[(3, 4, 2, 0), 0] = ModuleProfileResult(compute_cost=674.239, peak_memory=6.800 GB, invar_size=1.782 GB, outvar_size=4.641 GB, temp_buffer_size=0.377 GB, available_memory=64.000 GB, comm_cost=0.487)
Using pre computed peak Mem for (3, 4, 2, 0), module 1
result[(3, 4, 2, 0), 1] = ModuleProfileResult(compute_cost=1079.851, peak_memory=7.800 GB, invar_size=6.329 GB, outvar_size=1.782 GB, temp_buffer_size=1.377 GB, available_memory=64.000 GB, comm_cost=0.547)
Using pre computed peak Mem for (3, 4, 2, 1), module 0
result[(3, 4, 2, 1), 0] = ModuleProfileResult(compute_cost=674.239, peak_memory=6.800 GB, invar_size=1.782 GB, outvar_size=4.606 GB, temp_buffer_size=0.412 GB, available_memory=64.000 GB, comm_cost=0.487)
Using pre computed peak Mem for (3, 4, 2, 1), module 1
result[(3, 4, 2, 1), 1] = ModuleProfileResult(compute_cost=1079.850, peak_memory=7.800 GB, invar_size=6.294 GB, outvar_size=1.782 GB, temp_buffer_size=1.412 GB, available_memory=64.000 GB, comm_cost=0.548)
Using pre computed peak Mem for (3, 5, 2, 0), module 0
result[(3, 5, 2, 0), 0] = ModuleProfileResult(compute_cost=1011.344, peak_memory=10.200 GB, invar_size=2.626 GB, outvar_size=6.810 GB, temp_buffer_size=0.765 GB, available_memory=64.000 GB, comm_cost=0.730)
Using pre computed peak Mem for (3, 5, 2, 0), module 1
result[(3, 5, 2, 0), 1] = ModuleProfileResult(compute_cost=1619.776, peak_memory=11.700 GB, invar_size=9.342 GB, outvar_size=2.626 GB, temp_buffer_size=2.265 GB, available_memory=64.000 GB, comm_cost=0.821)
Using pre computed peak Mem for (3, 5, 2, 1), module 0
result[(3, 5, 2, 1), 0] = ModuleProfileResult(compute_cost=1011.344, peak_memory=10.200 GB, invar_size=2.626 GB, outvar_size=6.915 GB, temp_buffer_size=0.659 GB, available_memory=64.000 GB, comm_cost=0.730)
Using pre computed peak Mem for (3, 5, 2, 1), module 1
result[(3, 5, 2, 1), 1] = ModuleProfileResult(compute_cost=1619.574, peak_memory=11.700 GB, invar_size=9.447 GB, outvar_size=2.626 GB, temp_buffer_size=2.159 GB, available_memory=64.000 GB, comm_cost=0.623)
Using pre computed peak Mem for (3, 6, 2, 0), module 0
result[(3, 6, 2, 0), 0] = ModuleProfileResult(compute_cost=1348.448, peak_memory=13.600 GB, invar_size=3.470 GB, outvar_size=9.013 GB, temp_buffer_size=1.117 GB, available_memory=64.000 GB, comm_cost=0.974)
Using pre computed peak Mem for (3, 6, 2, 0), module 1
result[(3, 6, 2, 0), 1] = ModuleProfileResult(compute_cost=2159.702, peak_memory=15.600 GB, invar_size=12.389 GB, outvar_size=3.470 GB, temp_buffer_size=3.117 GB, available_memory=64.000 GB, comm_cost=1.095)
Using pre computed peak Mem for (3, 6, 2, 1), module 0
result[(3, 6, 2, 1), 0] = ModuleProfileResult(compute_cost=1348.448, peak_memory=13.600 GB, invar_size=3.470 GB, outvar_size=9.154 GB, temp_buffer_size=0.977 GB, available_memory=64.000 GB, comm_cost=0.974)
Using pre computed peak Mem for (3, 6, 2, 1), module 1
result[(3, 6, 2, 1), 1] = ModuleProfileResult(compute_cost=2159.299, peak_memory=15.600 GB, invar_size=12.530 GB, outvar_size=3.470 GB, temp_buffer_size=2.977 GB, available_memory=64.000 GB, comm_cost=0.697)
Using pre computed peak Mem for (3, 7, 2, 0), module 0
result[(3, 7, 2, 0), 0] = ModuleProfileResult(compute_cost=1685.552, peak_memory=17.000 GB, invar_size=4.314 GB, outvar_size=11.217 GB, temp_buffer_size=1.470 GB, available_memory=64.000 GB, comm_cost=1.217)
Using pre computed peak Mem for (3, 7, 2, 0), module 1
result[(3, 7, 2, 0), 1] = ModuleProfileResult(compute_cost=2699.627, peak_memory=19.500 GB, invar_size=15.436 GB, outvar_size=4.314 GB, temp_buffer_size=3.970 GB, available_memory=64.000 GB, comm_cost=1.368)
Using pre computed peak Mem for (3, 7, 2, 1), module 0
result[(3, 7, 2, 1), 0] = ModuleProfileResult(compute_cost=1685.552, peak_memory=17.000 GB, invar_size=4.314 GB, outvar_size=11.392 GB, temp_buffer_size=1.294 GB, available_memory=64.000 GB, comm_cost=1.217)
Using pre computed peak Mem for (3, 7, 2, 1), module 1
result[(3, 7, 2, 1), 1] = ModuleProfileResult(compute_cost=2699.223, peak_memory=19.500 GB, invar_size=15.612 GB, outvar_size=4.314 GB, temp_buffer_size=3.794 GB, available_memory=64.000 GB, comm_cost=0.972)
Using pre computed peak Mem for (3, 8, 2, 0), module 0
result[(3, 8, 2, 0), 0] = ModuleProfileResult(compute_cost=2022.656, peak_memory=20.400 GB, invar_size=5.158 GB, outvar_size=13.596 GB, temp_buffer_size=1.647 GB, available_memory=64.000 GB, comm_cost=1.461)
Using pre computed peak Mem for (3, 8, 2, 0), module 1
result[(3, 8, 2, 0), 1] = ModuleProfileResult(compute_cost=3239.553, peak_memory=23.400 GB, invar_size=18.660 GB, outvar_size=5.158 GB, temp_buffer_size=4.647 GB, available_memory=64.000 GB, comm_cost=1.642)
Using pre computed peak Mem for (3, 8, 2, 1), module 0
result[(3, 8, 2, 1), 0] = ModuleProfileResult(compute_cost=2022.656, peak_memory=20.400 GB, invar_size=5.158 GB, outvar_size=13.631 GB, temp_buffer_size=1.611 GB, available_memory=64.000 GB, comm_cost=1.461)
Using pre computed peak Mem for (3, 8, 2, 1), module 1
result[(3, 8, 2, 1), 1] = ModuleProfileResult(compute_cost=3239.149, peak_memory=23.400 GB, invar_size=18.695 GB, outvar_size=5.158 GB, temp_buffer_size=4.611 GB, available_memory=64.000 GB, comm_cost=1.245)
Using pre computed peak Mem for (3, 9, 2, 0), module 0
result[(3, 9, 2, 0), 0] = ModuleProfileResult(compute_cost=2359.760, peak_memory=23.800 GB, invar_size=6.002 GB, outvar_size=15.834 GB, temp_buffer_size=1.964 GB, available_memory=64.000 GB, comm_cost=1.704)
Using pre computed peak Mem for (3, 9, 2, 0), module 1
result[(3, 9, 2, 0), 1] = ModuleProfileResult(compute_cost=3779.478, peak_memory=27.300 GB, invar_size=21.742 GB, outvar_size=6.002 GB, temp_buffer_size=5.464 GB, available_memory=64.000 GB, comm_cost=1.916)
Using pre computed peak Mem for (3, 9, 2, 1), module 0
result[(3, 9, 2, 1), 0] = ModuleProfileResult(compute_cost=2359.760, peak_memory=23.800 GB, invar_size=6.002 GB, outvar_size=15.940 GB, temp_buffer_size=1.859 GB, available_memory=64.000 GB, comm_cost=1.704)
Using pre computed peak Mem for (3, 9, 2, 1), module 1
result[(3, 9, 2, 1), 1] = ModuleProfileResult(compute_cost=3778.672, peak_memory=27.300 GB, invar_size=21.848 GB, outvar_size=6.002 GB, temp_buffer_size=5.359 GB, available_memory=64.000 GB, comm_cost=1.120)
Using pre computed peak Mem for (3, 10, 2, 0), module 0
result[(3, 10, 2, 0), 0] = ModuleProfileResult(compute_cost=2696.864, peak_memory=27.200 GB, invar_size=6.846 GB, outvar_size=18.073 GB, temp_buffer_size=2.281 GB, available_memory=64.000 GB, comm_cost=1.948)
Using pre computed peak Mem for (3, 10, 2, 0), module 1
result[(3, 10, 2, 0), 1] = ModuleProfileResult(compute_cost=4319.404, peak_memory=31.200 GB, invar_size=24.825 GB, outvar_size=6.846 GB, temp_buffer_size=6.281 GB, available_memory=64.000 GB, comm_cost=2.190)
Using pre computed peak Mem for (3, 10, 2, 1), module 0
result[(3, 10, 2, 1), 0] = ModuleProfileResult(compute_cost=2696.864, peak_memory=27.200 GB, invar_size=6.846 GB, outvar_size=18.038 GB, temp_buffer_size=2.317 GB, available_memory=64.000 GB, comm_cost=1.948)
Using pre computed peak Mem for (3, 10, 2, 1), module 1
result[(3, 10, 2, 1), 1] = ModuleProfileResult(compute_cost=4319.200, peak_memory=31.200 GB, invar_size=24.790 GB, outvar_size=6.846 GB, temp_buffer_size=6.317 GB, available_memory=64.000 GB, comm_cost=1.994)
Using pre computed peak Mem for (3, 11, 2, 0), module 0
result[(3, 11, 2, 0), 0] = ModuleProfileResult(compute_cost=2754.932, peak_memory=30.600 GB, invar_size=7.696 GB, outvar_size=19.591 GB, temp_buffer_size=3.313 GB, available_memory=64.000 GB, comm_cost=1.968)
Using pre computed peak Mem for (3, 11, 2, 0), module 1
result[(3, 11, 2, 0), 1] = ModuleProfileResult(compute_cost=12721.074, peak_memory=35.100 GB, invar_size=27.193 GB, outvar_size=7.696 GB, temp_buffer_size=7.813 GB, available_memory=64.000 GB, comm_cost=2.413)
Using pre computed peak Mem for (3, 11, 2, 1), module 0
result[(3, 11, 2, 1), 0] = ModuleProfileResult(compute_cost=2754.932, peak_memory=30.600 GB, invar_size=7.696 GB, outvar_size=19.978 GB, temp_buffer_size=2.926 GB, available_memory=64.000 GB, comm_cost=1.968)
Using pre computed peak Mem for (3, 11, 2, 1), module 1
result[(3, 11, 2, 1), 1] = ModuleProfileResult(compute_cost=12720.067, peak_memory=35.100 GB, invar_size=27.580 GB, outvar_size=7.696 GB, temp_buffer_size=7.426 GB, available_memory=64.000 GB, comm_cost=1.418)
Using pre computed peak Mem for (4, 4, 2, 0), module 0
result[(4, 4, 2, 0), 0] = ModuleProfileResult(compute_cost=337.135, peak_memory=3.400 GB, invar_size=0.938 GB, outvar_size=2.368 GB, temp_buffer_size=0.095 GB, available_memory=64.000 GB, comm_cost=0.243)
Using pre computed peak Mem for (4, 4, 2, 0), module 1
result[(4, 4, 2, 0), 1] = ModuleProfileResult(compute_cost=539.925, peak_memory=3.900 GB, invar_size=3.212 GB, outvar_size=0.938 GB, temp_buffer_size=0.595 GB, available_memory=64.000 GB, comm_cost=0.274)
Using pre computed peak Mem for (4, 4, 2, 1), module 0
result[(4, 4, 2, 1), 0] = ModuleProfileResult(compute_cost=337.135, peak_memory=3.400 GB, invar_size=0.938 GB, outvar_size=2.368 GB, temp_buffer_size=0.095 GB, available_memory=64.000 GB, comm_cost=0.243)
result[(4, 4, 2, 1), 1] = ModuleProfileResult(compute_cost=539.725, peak_memory=3.809 GB, invar_size=3.212 GB, outvar_size=0.938 GB, temp_buffer_size=0.504 GB, available_memory=64.000 GB, comm_cost=0.074)
Using pre computed peak Mem for (4, 5, 2, 0), module 0
result[(4, 5, 2, 0), 0] = ModuleProfileResult(compute_cost=674.239, peak_memory=6.800 GB, invar_size=1.782 GB, outvar_size=4.536 GB, temp_buffer_size=0.482 GB, available_memory=64.000 GB, comm_cost=0.487)
Using pre computed peak Mem for (4, 5, 2, 0), module 1
result[(4, 5, 2, 0), 1] = ModuleProfileResult(compute_cost=1079.851, peak_memory=7.800 GB, invar_size=6.224 GB, outvar_size=1.782 GB, temp_buffer_size=1.482 GB, available_memory=64.000 GB, comm_cost=0.547)
Using pre computed peak Mem for (4, 5, 2, 1), module 0
result[(4, 5, 2, 1), 0] = ModuleProfileResult(compute_cost=674.239, peak_memory=6.800 GB, invar_size=1.782 GB, outvar_size=4.606 GB, temp_buffer_size=0.412 GB, available_memory=64.000 GB, comm_cost=0.487)
Using pre computed peak Mem for (4, 5, 2, 1), module 1
result[(4, 5, 2, 1), 1] = ModuleProfileResult(compute_cost=1079.850, peak_memory=7.800 GB, invar_size=6.294 GB, outvar_size=1.782 GB, temp_buffer_size=1.412 GB, available_memory=64.000 GB, comm_cost=0.548)
Using pre computed peak Mem for (4, 6, 2, 0), module 0
result[(4, 6, 2, 0), 0] = ModuleProfileResult(compute_cost=1011.344, peak_memory=10.200 GB, invar_size=2.626 GB, outvar_size=6.810 GB, temp_buffer_size=0.765 GB, available_memory=64.000 GB, comm_cost=0.730)
Using pre computed peak Mem for (4, 6, 2, 0), module 1
result[(4, 6, 2, 0), 1] = ModuleProfileResult(compute_cost=1619.776, peak_memory=11.700 GB, invar_size=9.342 GB, outvar_size=2.626 GB, temp_buffer_size=2.265 GB, available_memory=64.000 GB, comm_cost=0.821)
Using pre computed peak Mem for (4, 6, 2, 1), module 0
result[(4, 6, 2, 1), 0] = ModuleProfileResult(compute_cost=1011.344, peak_memory=10.200 GB, invar_size=2.626 GB, outvar_size=6.915 GB, temp_buffer_size=0.659 GB, available_memory=64.000 GB, comm_cost=0.730)
Using pre computed peak Mem for (4, 6, 2, 1), module 1
result[(4, 6, 2, 1), 1] = ModuleProfileResult(compute_cost=1619.373, peak_memory=11.700 GB, invar_size=9.447 GB, outvar_size=2.626 GB, temp_buffer_size=2.159 GB, available_memory=64.000 GB, comm_cost=0.423)
Using pre computed peak Mem for (4, 7, 2, 0), module 0
result[(4, 7, 2, 0), 0] = ModuleProfileResult(compute_cost=1348.448, peak_memory=13.600 GB, invar_size=3.470 GB, outvar_size=9.048 GB, temp_buffer_size=1.082 GB, available_memory=64.000 GB, comm_cost=0.974)
Using pre computed peak Mem for (4, 7, 2, 0), module 1
result[(4, 7, 2, 0), 1] = ModuleProfileResult(compute_cost=2159.702, peak_memory=15.600 GB, invar_size=12.424 GB, outvar_size=3.470 GB, temp_buffer_size=3.082 GB, available_memory=64.000 GB, comm_cost=1.095)
Using pre computed peak Mem for (4, 7, 2, 1), module 0
result[(4, 7, 2, 1), 0] = ModuleProfileResult(compute_cost=1348.448, peak_memory=13.600 GB, invar_size=3.470 GB, outvar_size=9.119 GB, temp_buffer_size=1.012 GB, available_memory=64.000 GB, comm_cost=0.974)
Using pre computed peak Mem for (4, 7, 2, 1), module 1
result[(4, 7, 2, 1), 1] = ModuleProfileResult(compute_cost=2159.500, peak_memory=15.600 GB, invar_size=12.494 GB, outvar_size=3.470 GB, temp_buffer_size=3.012 GB, available_memory=64.000 GB, comm_cost=0.896)
Using pre computed peak Mem for (4, 8, 2, 0), module 0
result[(4, 8, 2, 0), 0] = ModuleProfileResult(compute_cost=1685.552, peak_memory=17.000 GB, invar_size=4.314 GB, outvar_size=11.427 GB, temp_buffer_size=1.259 GB, available_memory=64.000 GB, comm_cost=1.217)
Using pre computed peak Mem for (4, 8, 2, 0), module 1
result[(4, 8, 2, 0), 1] = ModuleProfileResult(compute_cost=2699.627, peak_memory=19.500 GB, invar_size=15.647 GB, outvar_size=4.314 GB, temp_buffer_size=3.759 GB, available_memory=64.000 GB, comm_cost=1.368)
Using pre computed peak Mem for (4, 8, 2, 1), module 0
result[(4, 8, 2, 1), 0] = ModuleProfileResult(compute_cost=1685.552, peak_memory=17.000 GB, invar_size=4.314 GB, outvar_size=11.357 GB, temp_buffer_size=1.329 GB, available_memory=64.000 GB, comm_cost=1.217)
Using pre computed peak Mem for (4, 8, 2, 1), module 1
result[(4, 8, 2, 1), 1] = ModuleProfileResult(compute_cost=2699.023, peak_memory=19.500 GB, invar_size=15.577 GB, outvar_size=4.314 GB, temp_buffer_size=3.829 GB, available_memory=64.000 GB, comm_cost=0.771)
Using pre computed peak Mem for (4, 9, 2, 0), module 0
result[(4, 9, 2, 0), 0] = ModuleProfileResult(compute_cost=2022.656, peak_memory=20.400 GB, invar_size=5.158 GB, outvar_size=13.525 GB, temp_buffer_size=1.717 GB, available_memory=64.000 GB, comm_cost=1.461)
Using pre computed peak Mem for (4, 9, 2, 0), module 1
result[(4, 9, 2, 0), 1] = ModuleProfileResult(compute_cost=3239.553, peak_memory=23.400 GB, invar_size=18.589 GB, outvar_size=5.158 GB, temp_buffer_size=4.717 GB, available_memory=64.000 GB, comm_cost=1.642)
Using pre computed peak Mem for (4, 9, 2, 1), module 0
result[(4, 9, 2, 1), 0] = ModuleProfileResult(compute_cost=2022.656, peak_memory=20.400 GB, invar_size=5.158 GB, outvar_size=13.701 GB, temp_buffer_size=1.541 GB, available_memory=64.000 GB, comm_cost=1.461)
Using pre computed peak Mem for (4, 9, 2, 1), module 1
result[(4, 9, 2, 1), 1] = ModuleProfileResult(compute_cost=3238.949, peak_memory=23.400 GB, invar_size=18.765 GB, outvar_size=5.158 GB, temp_buffer_size=4.541 GB, available_memory=64.000 GB, comm_cost=1.045)
Using pre computed peak Mem for (4, 10, 2, 0), module 0
result[(4, 10, 2, 0), 0] = ModuleProfileResult(compute_cost=2359.760, peak_memory=23.800 GB, invar_size=6.002 GB, outvar_size=15.729 GB, temp_buffer_size=2.069 GB, available_memory=64.000 GB, comm_cost=1.704)
Using pre computed peak Mem for (4, 10, 2, 0), module 1
result[(4, 10, 2, 0), 1] = ModuleProfileResult(compute_cost=3779.478, peak_memory=27.300 GB, invar_size=21.637 GB, outvar_size=6.002 GB, temp_buffer_size=5.569 GB, available_memory=64.000 GB, comm_cost=1.916)
Using pre computed peak Mem for (4, 10, 2, 1), module 0
result[(4, 10, 2, 1), 0] = ModuleProfileResult(compute_cost=2359.760, peak_memory=23.800 GB, invar_size=6.002 GB, outvar_size=15.729 GB, temp_buffer_size=2.069 GB, available_memory=64.000 GB, comm_cost=1.704)
Using pre computed peak Mem for (4, 10, 2, 1), module 1
result[(4, 10, 2, 1), 1] = ModuleProfileResult(compute_cost=3779.075, peak_memory=27.300 GB, invar_size=21.637 GB, outvar_size=6.002 GB, temp_buffer_size=5.569 GB, available_memory=64.000 GB, comm_cost=1.518)
Using pre computed peak Mem for (4, 11, 2, 0), module 0
result[(4, 11, 2, 0), 0] = ModuleProfileResult(compute_cost=2417.828, peak_memory=27.200 GB, invar_size=6.852 GB, outvar_size=17.388 GB, temp_buffer_size=2.960 GB, available_memory=64.000 GB, comm_cost=1.725)
Using pre computed peak Mem for (4, 11, 2, 0), module 1
result[(4, 11, 2, 0), 1] = ModuleProfileResult(compute_cost=12181.149, peak_memory=31.200 GB, invar_size=24.146 GB, outvar_size=6.852 GB, temp_buffer_size=6.960 GB, available_memory=64.000 GB, comm_cost=2.139)
Using pre computed peak Mem for (4, 11, 2, 1), module 0
result[(4, 11, 2, 1), 0] = ModuleProfileResult(compute_cost=2417.828, peak_memory=27.200 GB, invar_size=6.852 GB, outvar_size=17.634 GB, temp_buffer_size=2.714 GB, available_memory=64.000 GB, comm_cost=1.725)
Using pre computed peak Mem for (4, 11, 2, 1), module 1
result[(4, 11, 2, 1), 1] = ModuleProfileResult(compute_cost=12180.544, peak_memory=31.200 GB, invar_size=24.392 GB, outvar_size=6.852 GB, temp_buffer_size=6.714 GB, available_memory=64.000 GB, comm_cost=1.542)
Using pre computed peak Mem for (5, 5, 2, 0), module 0
result[(5, 5, 2, 0), 0] = ModuleProfileResult(compute_cost=337.135, peak_memory=3.400 GB, invar_size=0.938 GB, outvar_size=2.368 GB, temp_buffer_size=0.095 GB, available_memory=64.000 GB, comm_cost=0.243)
Using pre computed peak Mem for (5, 5, 2, 0), module 1
result[(5, 5, 2, 0), 1] = ModuleProfileResult(compute_cost=539.925, peak_memory=3.900 GB, invar_size=3.212 GB, outvar_size=0.938 GB, temp_buffer_size=0.595 GB, available_memory=64.000 GB, comm_cost=0.274)
Using pre computed peak Mem for (5, 5, 2, 1), module 0
result[(5, 5, 2, 1), 0] = ModuleProfileResult(compute_cost=337.135, peak_memory=3.400 GB, invar_size=0.938 GB, outvar_size=2.403 GB, temp_buffer_size=0.060 GB, available_memory=64.000 GB, comm_cost=0.243)
result[(5, 5, 2, 1), 1] = ModuleProfileResult(compute_cost=539.724, peak_memory=3.915 GB, invar_size=3.247 GB, outvar_size=0.938 GB, temp_buffer_size=0.574 GB, available_memory=64.000 GB, comm_cost=0.075)
Using pre computed peak Mem for (5, 6, 2, 0), module 0
result[(5, 6, 2, 0), 0] = ModuleProfileResult(compute_cost=674.239, peak_memory=6.800 GB, invar_size=1.782 GB, outvar_size=4.536 GB, temp_buffer_size=0.482 GB, available_memory=64.000 GB, comm_cost=0.487)
Using pre computed peak Mem for (5, 6, 2, 0), module 1
result[(5, 6, 2, 0), 1] = ModuleProfileResult(compute_cost=1079.851, peak_memory=7.800 GB, invar_size=6.224 GB, outvar_size=1.782 GB, temp_buffer_size=1.482 GB, available_memory=64.000 GB, comm_cost=0.547)
Using pre computed peak Mem for (5, 6, 2, 1), module 0
result[(5, 6, 2, 1), 0] = ModuleProfileResult(compute_cost=674.239, peak_memory=6.800 GB, invar_size=1.782 GB, outvar_size=4.641 GB, temp_buffer_size=0.377 GB, available_memory=64.000 GB, comm_cost=0.487)
Using pre computed peak Mem for (5, 6, 2, 1), module 1
result[(5, 6, 2, 1), 1] = ModuleProfileResult(compute_cost=1079.650, peak_memory=7.800 GB, invar_size=6.329 GB, outvar_size=1.782 GB, temp_buffer_size=1.377 GB, available_memory=64.000 GB, comm_cost=0.348)
Using pre computed peak Mem for (5, 7, 2, 0), module 0
result[(5, 7, 2, 0), 0] = ModuleProfileResult(compute_cost=1011.344, peak_memory=10.200 GB, invar_size=2.626 GB, outvar_size=6.810 GB, temp_buffer_size=0.765 GB, available_memory=64.000 GB, comm_cost=0.730)
Using pre computed peak Mem for (5, 7, 2, 0), module 1
result[(5, 7, 2, 0), 1] = ModuleProfileResult(compute_cost=1619.776, peak_memory=11.700 GB, invar_size=9.342 GB, outvar_size=2.626 GB, temp_buffer_size=2.265 GB, available_memory=64.000 GB, comm_cost=0.821)
Using pre computed peak Mem for (5, 7, 2, 1), module 0
result[(5, 7, 2, 1), 0] = ModuleProfileResult(compute_cost=1011.344, peak_memory=10.200 GB, invar_size=2.626 GB, outvar_size=6.880 GB, temp_buffer_size=0.694 GB, available_memory=64.000 GB, comm_cost=0.730)
Using pre computed peak Mem for (5, 7, 2, 1), module 1
result[(5, 7, 2, 1), 1] = ModuleProfileResult(compute_cost=1619.575, peak_memory=11.700 GB, invar_size=9.412 GB, outvar_size=2.626 GB, temp_buffer_size=2.194 GB, available_memory=64.000 GB, comm_cost=0.622)
Using pre computed peak Mem for (5, 8, 2, 0), module 0
result[(5, 8, 2, 0), 0] = ModuleProfileResult(compute_cost=1348.448, peak_memory=13.600 GB, invar_size=3.470 GB, outvar_size=8.978 GB, temp_buffer_size=1.152 GB, available_memory=64.000 GB, comm_cost=0.974)
Using pre computed peak Mem for (5, 8, 2, 0), module 1
result[(5, 8, 2, 0), 1] = ModuleProfileResult(compute_cost=2159.702, peak_memory=15.600 GB, invar_size=12.354 GB, outvar_size=3.470 GB, temp_buffer_size=3.152 GB, available_memory=64.000 GB, comm_cost=1.095)
Using pre computed peak Mem for (5, 8, 2, 1), module 0
result[(5, 8, 2, 1), 0] = ModuleProfileResult(compute_cost=1348.448, peak_memory=13.600 GB, invar_size=3.470 GB, outvar_size=9.119 GB, temp_buffer_size=1.012 GB, available_memory=64.000 GB, comm_cost=0.974)
Using pre computed peak Mem for (5, 8, 2, 1), module 1
result[(5, 8, 2, 1), 1] = ModuleProfileResult(compute_cost=2159.499, peak_memory=15.600 GB, invar_size=12.494 GB, outvar_size=3.470 GB, temp_buffer_size=3.012 GB, available_memory=64.000 GB, comm_cost=0.897)
Using pre computed peak Mem for (5, 9, 2, 0), module 0
result[(5, 9, 2, 0), 0] = ModuleProfileResult(compute_cost=1685.552, peak_memory=17.000 GB, invar_size=4.314 GB, outvar_size=11.392 GB, temp_buffer_size=1.294 GB, available_memory=64.000 GB, comm_cost=1.217)
Using pre computed peak Mem for (5, 9, 2, 0), module 1
result[(5, 9, 2, 0), 1] = ModuleProfileResult(compute_cost=2699.627, peak_memory=19.500 GB, invar_size=15.612 GB, outvar_size=4.314 GB, temp_buffer_size=3.794 GB, available_memory=64.000 GB, comm_cost=1.368)
Using pre computed peak Mem for (5, 9, 2, 1), module 0
result[(5, 9, 2, 1), 0] = ModuleProfileResult(compute_cost=1685.552, peak_memory=17.000 GB, invar_size=4.314 GB, outvar_size=11.427 GB, temp_buffer_size=1.259 GB, available_memory=64.000 GB, comm_cost=1.217)
Using pre computed peak Mem for (5, 9, 2, 1), module 1
result[(5, 9, 2, 1), 1] = ModuleProfileResult(compute_cost=2699.224, peak_memory=19.500 GB, invar_size=15.647 GB, outvar_size=4.314 GB, temp_buffer_size=3.759 GB, available_memory=64.000 GB, comm_cost=0.971)
Using pre computed peak Mem for (5, 10, 2, 0), module 0
result[(5, 10, 2, 0), 0] = ModuleProfileResult(compute_cost=2022.656, peak_memory=20.400 GB, invar_size=5.158 GB, outvar_size=13.561 GB, temp_buffer_size=1.682 GB, available_memory=64.000 GB, comm_cost=1.461)
Using pre computed peak Mem for (5, 10, 2, 0), module 1
result[(5, 10, 2, 0), 1] = ModuleProfileResult(compute_cost=3239.553, peak_memory=23.400 GB, invar_size=18.624 GB, outvar_size=5.158 GB, temp_buffer_size=4.682 GB, available_memory=64.000 GB, comm_cost=1.642)
Using pre computed peak Mem for (5, 10, 2, 1), module 0
result[(5, 10, 2, 1), 0] = ModuleProfileResult(compute_cost=2022.656, peak_memory=20.400 GB, invar_size=5.158 GB, outvar_size=13.525 GB, temp_buffer_size=1.717 GB, available_memory=64.000 GB, comm_cost=1.461)
Using pre computed peak Mem for (5, 10, 2, 1), module 1
result[(5, 10, 2, 1), 1] = ModuleProfileResult(compute_cost=3239.350, peak_memory=23.400 GB, invar_size=18.589 GB, outvar_size=5.158 GB, temp_buffer_size=4.717 GB, available_memory=64.000 GB, comm_cost=1.444)
Using pre computed peak Mem for (5, 11, 2, 0), module 0
result[(5, 11, 2, 0), 0] = ModuleProfileResult(compute_cost=2080.724, peak_memory=23.800 GB, invar_size=6.008 GB, outvar_size=15.360 GB, temp_buffer_size=2.432 GB, available_memory=64.000 GB, comm_cost=1.482)
Using pre computed peak Mem for (5, 11, 2, 0), module 1
result[(5, 11, 2, 0), 1] = ModuleProfileResult(compute_cost=11641.223, peak_memory=27.300 GB, invar_size=21.274 GB, outvar_size=6.008 GB, temp_buffer_size=5.932 GB, available_memory=64.000 GB, comm_cost=1.865)
Using pre computed peak Mem for (5, 11, 2, 1), module 0
result[(5, 11, 2, 1), 0] = ModuleProfileResult(compute_cost=2080.724, peak_memory=23.800 GB, invar_size=6.008 GB, outvar_size=15.395 GB, temp_buffer_size=2.397 GB, available_memory=64.000 GB, comm_cost=1.482)
Using pre computed peak Mem for (5, 11, 2, 1), module 1
result[(5, 11, 2, 1), 1] = ModuleProfileResult(compute_cost=11640.819, peak_memory=27.300 GB, invar_size=21.309 GB, outvar_size=6.008 GB, temp_buffer_size=5.897 GB, available_memory=64.000 GB, comm_cost=1.470)
Using pre computed peak Mem for (6, 6, 2, 0), module 0
result[(6, 6, 2, 0), 0] = ModuleProfileResult(compute_cost=337.135, peak_memory=3.400 GB, invar_size=0.938 GB, outvar_size=2.368 GB, temp_buffer_size=0.095 GB, available_memory=64.000 GB, comm_cost=0.243)
Using pre computed peak Mem for (6, 6, 2, 0), module 1
result[(6, 6, 2, 0), 1] = ModuleProfileResult(compute_cost=539.925, peak_memory=3.900 GB, invar_size=3.212 GB, outvar_size=0.938 GB, temp_buffer_size=0.595 GB, available_memory=64.000 GB, comm_cost=0.274)
Using pre computed peak Mem for (6, 6, 2, 1), module 0
result[(6, 6, 2, 1), 0] = ModuleProfileResult(compute_cost=337.135, peak_memory=3.400 GB, invar_size=0.938 GB, outvar_size=2.403 GB, temp_buffer_size=0.060 GB, available_memory=64.000 GB, comm_cost=0.243)
result[(6, 6, 2, 1), 1] = ModuleProfileResult(compute_cost=539.724, peak_memory=3.915 GB, invar_size=3.247 GB, outvar_size=0.938 GB, temp_buffer_size=0.574 GB, available_memory=64.000 GB, comm_cost=0.075)
Using pre computed peak Mem for (6, 7, 2, 0), module 0
result[(6, 7, 2, 0), 0] = ModuleProfileResult(compute_cost=674.239, peak_memory=6.800 GB, invar_size=1.782 GB, outvar_size=4.641 GB, temp_buffer_size=0.377 GB, available_memory=64.000 GB, comm_cost=0.487)
Using pre computed peak Mem for (6, 7, 2, 0), module 1
result[(6, 7, 2, 0), 1] = ModuleProfileResult(compute_cost=1079.851, peak_memory=7.800 GB, invar_size=6.329 GB, outvar_size=1.782 GB, temp_buffer_size=1.377 GB, available_memory=64.000 GB, comm_cost=0.547)
Using pre computed peak Mem for (6, 7, 2, 1), module 0
result[(6, 7, 2, 1), 0] = ModuleProfileResult(compute_cost=674.239, peak_memory=6.800 GB, invar_size=1.782 GB, outvar_size=4.606 GB, temp_buffer_size=0.412 GB, available_memory=64.000 GB, comm_cost=0.487)
Using pre computed peak Mem for (6, 7, 2, 1), module 1
result[(6, 7, 2, 1), 1] = ModuleProfileResult(compute_cost=1079.650, peak_memory=7.800 GB, invar_size=6.294 GB, outvar_size=1.782 GB, temp_buffer_size=1.412 GB, available_memory=64.000 GB, comm_cost=0.348)
Using pre computed peak Mem for (6, 8, 2, 0), module 0
result[(6, 8, 2, 0), 0] = ModuleProfileResult(compute_cost=1011.344, peak_memory=10.200 GB, invar_size=2.626 GB, outvar_size=6.880 GB, temp_buffer_size=0.694 GB, available_memory=64.000 GB, comm_cost=0.730)
Using pre computed peak Mem for (6, 8, 2, 0), module 1
result[(6, 8, 2, 0), 1] = ModuleProfileResult(compute_cost=1619.776, peak_memory=11.700 GB, invar_size=9.412 GB, outvar_size=2.626 GB, temp_buffer_size=2.194 GB, available_memory=64.000 GB, comm_cost=0.821)
Using pre computed peak Mem for (6, 8, 2, 1), module 0
result[(6, 8, 2, 1), 0] = ModuleProfileResult(compute_cost=1011.344, peak_memory=10.200 GB, invar_size=2.626 GB, outvar_size=6.915 GB, temp_buffer_size=0.659 GB, available_memory=64.000 GB, comm_cost=0.730)
Using pre computed peak Mem for (6, 8, 2, 1), module 1
result[(6, 8, 2, 1), 1] = ModuleProfileResult(compute_cost=1619.374, peak_memory=11.700 GB, invar_size=9.447 GB, outvar_size=2.626 GB, temp_buffer_size=2.159 GB, available_memory=64.000 GB, comm_cost=0.423)
Using pre computed peak Mem for (6, 9, 2, 0), module 0
result[(6, 9, 2, 0), 0] = ModuleProfileResult(compute_cost=1348.448, peak_memory=13.600 GB, invar_size=3.470 GB, outvar_size=9.119 GB, temp_buffer_size=1.012 GB, available_memory=64.000 GB, comm_cost=0.974)
Using pre computed peak Mem for (6, 9, 2, 0), module 1
result[(6, 9, 2, 0), 1] = ModuleProfileResult(compute_cost=2159.702, peak_memory=15.600 GB, invar_size=12.494 GB, outvar_size=3.470 GB, temp_buffer_size=3.012 GB, available_memory=64.000 GB, comm_cost=1.095)
Using pre computed peak Mem for (6, 9, 2, 1), module 0
result[(6, 9, 2, 1), 0] = ModuleProfileResult(compute_cost=1348.448, peak_memory=13.600 GB, invar_size=3.470 GB, outvar_size=9.154 GB, temp_buffer_size=0.977 GB, available_memory=64.000 GB, comm_cost=0.974)
Using pre computed peak Mem for (6, 9, 2, 1), module 1
result[(6, 9, 2, 1), 1] = ModuleProfileResult(compute_cost=2159.299, peak_memory=15.600 GB, invar_size=12.530 GB, outvar_size=3.470 GB, temp_buffer_size=2.977 GB, available_memory=64.000 GB, comm_cost=0.697)
Using pre computed peak Mem for (6, 10, 2, 0), module 0
result[(6, 10, 2, 0), 0] = ModuleProfileResult(compute_cost=1685.552, peak_memory=17.000 GB, invar_size=4.314 GB, outvar_size=11.322 GB, temp_buffer_size=1.364 GB, available_memory=64.000 GB, comm_cost=1.217)
Using pre computed peak Mem for (6, 10, 2, 0), module 1
result[(6, 10, 2, 0), 1] = ModuleProfileResult(compute_cost=2699.627, peak_memory=19.500 GB, invar_size=15.542 GB, outvar_size=4.314 GB, temp_buffer_size=3.864 GB, available_memory=64.000 GB, comm_cost=1.368)
Using pre computed peak Mem for (6, 10, 2, 1), module 0
result[(6, 10, 2, 1), 0] = ModuleProfileResult(compute_cost=1685.552, peak_memory=17.000 GB, invar_size=4.314 GB, outvar_size=11.427 GB, temp_buffer_size=1.259 GB, available_memory=64.000 GB, comm_cost=1.217)
Using pre computed peak Mem for (6, 10, 2, 1), module 1
result[(6, 10, 2, 1), 1] = ModuleProfileResult(compute_cost=2698.822, peak_memory=19.500 GB, invar_size=15.647 GB, outvar_size=4.314 GB, temp_buffer_size=3.759 GB, available_memory=64.000 GB, comm_cost=0.571)
Using pre computed peak Mem for (6, 11, 2, 0), module 0
result[(6, 11, 2, 0), 0] = ModuleProfileResult(compute_cost=1743.620, peak_memory=20.400 GB, invar_size=5.164 GB, outvar_size=12.910 GB, temp_buffer_size=2.326 GB, available_memory=64.000 GB, comm_cost=1.238)
Using pre computed peak Mem for (6, 11, 2, 0), module 1
result[(6, 11, 2, 0), 1] = ModuleProfileResult(compute_cost=11101.298, peak_memory=23.400 GB, invar_size=17.981 GB, outvar_size=5.164 GB, temp_buffer_size=5.326 GB, available_memory=64.000 GB, comm_cost=1.592)
Using pre computed peak Mem for (6, 11, 2, 1), module 0
result[(6, 11, 2, 1), 0] = ModuleProfileResult(compute_cost=1743.620, peak_memory=20.400 GB, invar_size=5.164 GB, outvar_size=13.086 GB, temp_buffer_size=2.150 GB, available_memory=64.000 GB, comm_cost=1.238)
Using pre computed peak Mem for (6, 11, 2, 1), module 1
result[(6, 11, 2, 1), 1] = ModuleProfileResult(compute_cost=11101.297, peak_memory=23.400 GB, invar_size=18.156 GB, outvar_size=5.164 GB, temp_buffer_size=5.150 GB, available_memory=64.000 GB, comm_cost=1.593)
Using pre computed peak Mem for (7, 7, 2, 0), module 0
result[(7, 7, 2, 0), 0] = ModuleProfileResult(compute_cost=337.135, peak_memory=3.400 GB, invar_size=0.938 GB, outvar_size=2.403 GB, temp_buffer_size=0.060 GB, available_memory=64.000 GB, comm_cost=0.243)
Using pre computed peak Mem for (7, 7, 2, 0), module 1
result[(7, 7, 2, 0), 1] = ModuleProfileResult(compute_cost=539.925, peak_memory=3.900 GB, invar_size=3.247 GB, outvar_size=0.938 GB, temp_buffer_size=0.560 GB, available_memory=64.000 GB, comm_cost=0.274)
Using pre computed peak Mem for (7, 7, 2, 1), module 0
result[(7, 7, 2, 1), 0] = ModuleProfileResult(compute_cost=337.135, peak_memory=3.400 GB, invar_size=0.938 GB, outvar_size=2.403 GB, temp_buffer_size=0.060 GB, available_memory=64.000 GB, comm_cost=0.243)
result[(7, 7, 2, 1), 1] = ModuleProfileResult(compute_cost=539.724, peak_memory=3.915 GB, invar_size=3.247 GB, outvar_size=0.938 GB, temp_buffer_size=0.574 GB, available_memory=64.000 GB, comm_cost=0.075)
Using pre computed peak Mem for (7, 8, 2, 0), module 0
result[(7, 8, 2, 0), 0] = ModuleProfileResult(compute_cost=674.239, peak_memory=6.800 GB, invar_size=1.782 GB, outvar_size=4.571 GB, temp_buffer_size=0.447 GB, available_memory=64.000 GB, comm_cost=0.487)
Using pre computed peak Mem for (7, 8, 2, 0), module 1
result[(7, 8, 2, 0), 1] = ModuleProfileResult(compute_cost=1079.851, peak_memory=7.800 GB, invar_size=6.259 GB, outvar_size=1.782 GB, temp_buffer_size=1.447 GB, available_memory=64.000 GB, comm_cost=0.547)
Using pre computed peak Mem for (7, 8, 2, 1), module 0
result[(7, 8, 2, 1), 0] = ModuleProfileResult(compute_cost=674.239, peak_memory=6.800 GB, invar_size=1.782 GB, outvar_size=4.641 GB, temp_buffer_size=0.377 GB, available_memory=64.000 GB, comm_cost=0.487)
result[(7, 8, 2, 1), 1] = ModuleProfileResult(compute_cost=1079.448, peak_memory=7.384 GB, invar_size=6.329 GB, outvar_size=1.782 GB, temp_buffer_size=0.961 GB, available_memory=64.000 GB, comm_cost=0.149)
Using pre computed peak Mem for (7, 9, 2, 0), module 0
result[(7, 9, 2, 0), 0] = ModuleProfileResult(compute_cost=1011.344, peak_memory=10.200 GB, invar_size=2.626 GB, outvar_size=6.845 GB, temp_buffer_size=0.730 GB, available_memory=64.000 GB, comm_cost=0.730)
Using pre computed peak Mem for (7, 9, 2, 0), module 1
result[(7, 9, 2, 0), 1] = ModuleProfileResult(compute_cost=1619.776, peak_memory=11.700 GB, invar_size=9.377 GB, outvar_size=2.626 GB, temp_buffer_size=2.230 GB, available_memory=64.000 GB, comm_cost=0.821)
result[(7, 9, 2, 1), 0] = ModuleProfileResult(compute_cost=466.435, peak_memory=13.531 GB, invar_size=4.524 GB, outvar_size=8.603 GB, temp_buffer_size=0.404 GB, available_memory=64.000 GB, comm_cost=0.145)
Using pre computed peak Mem for (7, 9, 2, 1), module 1
result[(7, 9, 2, 1), 1] = ModuleProfileResult(compute_cost=5704.087, peak_memory=11.700 GB, invar_size=13.033 GB, outvar_size=4.524 GB, temp_buffer_size=-1.427 GB, available_memory=64.000 GB, comm_cost=1.443)
Using pre computed peak Mem for (7, 10, 2, 0), module 0
result[(7, 10, 2, 0), 0] = ModuleProfileResult(compute_cost=1348.448, peak_memory=13.600 GB, invar_size=3.470 GB, outvar_size=9.189 GB, temp_buffer_size=0.941 GB, available_memory=64.000 GB, comm_cost=0.974)
Using pre computed peak Mem for (7, 10, 2, 0), module 1
result[(7, 10, 2, 0), 1] = ModuleProfileResult(compute_cost=2159.702, peak_memory=15.600 GB, invar_size=12.565 GB, outvar_size=3.470 GB, temp_buffer_size=2.941 GB, available_memory=64.000 GB, comm_cost=1.095)
Using pre computed peak Mem for (7, 10, 2, 1), module 0
result[(7, 10, 2, 1), 0] = ModuleProfileResult(compute_cost=1348.448, peak_memory=13.600 GB, invar_size=3.470 GB, outvar_size=9.189 GB, temp_buffer_size=0.941 GB, available_memory=64.000 GB, comm_cost=0.974)
Using pre computed peak Mem for (7, 10, 2, 1), module 1
result[(7, 10, 2, 1), 1] = ModuleProfileResult(compute_cost=2159.299, peak_memory=15.600 GB, invar_size=12.565 GB, outvar_size=3.470 GB, temp_buffer_size=2.941 GB, available_memory=64.000 GB, comm_cost=0.697)
Using pre computed peak Mem for (7, 11, 2, 0), module 0
result[(7, 11, 2, 0), 0] = ModuleProfileResult(compute_cost=1406.515, peak_memory=17.000 GB, invar_size=4.320 GB, outvar_size=10.742 GB, temp_buffer_size=1.938 GB, available_memory=64.000 GB, comm_cost=0.995)
Using pre computed peak Mem for (7, 11, 2, 0), module 1
result[(7, 11, 2, 0), 1] = ModuleProfileResult(compute_cost=10561.373, peak_memory=19.500 GB, invar_size=14.968 GB, outvar_size=4.320 GB, temp_buffer_size=4.438 GB, available_memory=64.000 GB, comm_cost=1.318)
Using pre computed peak Mem for (7, 11, 2, 1), module 0
result[(7, 11, 2, 1), 0] = ModuleProfileResult(compute_cost=1406.515, peak_memory=17.000 GB, invar_size=4.320 GB, outvar_size=10.777 GB, temp_buffer_size=1.903 GB, available_memory=64.000 GB, comm_cost=0.995)
Using pre computed peak Mem for (7, 11, 2, 1), module 1
result[(7, 11, 2, 1), 1] = ModuleProfileResult(compute_cost=10561.371, peak_memory=19.500 GB, invar_size=15.003 GB, outvar_size=4.320 GB, temp_buffer_size=4.403 GB, available_memory=64.000 GB, comm_cost=1.320)
Using pre computed peak Mem for (8, 8, 2, 0), module 0
result[(8, 8, 2, 0), 0] = ModuleProfileResult(compute_cost=337.135, peak_memory=3.400 GB, invar_size=0.938 GB, outvar_size=2.368 GB, temp_buffer_size=0.095 GB, available_memory=64.000 GB, comm_cost=0.243)
Using pre computed peak Mem for (8, 8, 2, 0), module 1
result[(8, 8, 2, 0), 1] = ModuleProfileResult(compute_cost=539.925, peak_memory=3.900 GB, invar_size=3.212 GB, outvar_size=0.938 GB, temp_buffer_size=0.595 GB, available_memory=64.000 GB, comm_cost=0.274)
Using pre computed peak Mem for (8, 8, 2, 1), module 0
result[(8, 8, 2, 1), 0] = ModuleProfileResult(compute_cost=337.135, peak_memory=3.400 GB, invar_size=0.938 GB, outvar_size=2.403 GB, temp_buffer_size=0.060 GB, available_memory=64.000 GB, comm_cost=0.243)
result[(8, 8, 2, 1), 1] = ModuleProfileResult(compute_cost=539.724, peak_memory=3.915 GB, invar_size=3.247 GB, outvar_size=0.938 GB, temp_buffer_size=0.574 GB, available_memory=64.000 GB, comm_cost=0.075)
Using pre computed peak Mem for (8, 9, 2, 0), module 0
result[(8, 9, 2, 0), 0] = ModuleProfileResult(compute_cost=674.239, peak_memory=6.800 GB, invar_size=1.782 GB, outvar_size=4.536 GB, temp_buffer_size=0.482 GB, available_memory=64.000 GB, comm_cost=0.487)
Using pre computed peak Mem for (8, 9, 2, 0), module 1
result[(8, 9, 2, 0), 1] = ModuleProfileResult(compute_cost=1079.851, peak_memory=7.800 GB, invar_size=6.224 GB, outvar_size=1.782 GB, temp_buffer_size=1.482 GB, available_memory=64.000 GB, comm_cost=0.547)
Using pre computed peak Mem for (8, 9, 2, 1), module 0
result[(8, 9, 2, 1), 0] = ModuleProfileResult(compute_cost=674.239, peak_memory=6.800 GB, invar_size=1.782 GB, outvar_size=4.676 GB, temp_buffer_size=0.342 GB, available_memory=64.000 GB, comm_cost=0.487)
Using pre computed peak Mem for (8, 9, 2, 1), module 1
result[(8, 9, 2, 1), 1] = ModuleProfileResult(compute_cost=1079.649, peak_memory=7.800 GB, invar_size=6.364 GB, outvar_size=1.782 GB, temp_buffer_size=1.342 GB, available_memory=64.000 GB, comm_cost=0.349)
Using pre computed peak Mem for (8, 10, 2, 0), module 0
result[(8, 10, 2, 0), 0] = ModuleProfileResult(compute_cost=1011.344, peak_memory=10.200 GB, invar_size=2.626 GB, outvar_size=6.915 GB, temp_buffer_size=0.659 GB, available_memory=64.000 GB, comm_cost=0.730)
Using pre computed peak Mem for (8, 10, 2, 0), module 1
result[(8, 10, 2, 0), 1] = ModuleProfileResult(compute_cost=1619.776, peak_memory=11.700 GB, invar_size=9.447 GB, outvar_size=2.626 GB, temp_buffer_size=2.159 GB, available_memory=64.000 GB, comm_cost=0.821)
Using pre computed peak Mem for (8, 10, 2, 1), module 0
result[(8, 10, 2, 1), 0] = ModuleProfileResult(compute_cost=1011.344, peak_memory=10.200 GB, invar_size=2.626 GB, outvar_size=6.985 GB, temp_buffer_size=0.589 GB, available_memory=64.000 GB, comm_cost=0.730)
Using pre computed peak Mem for (8, 10, 2, 1), module 1
result[(8, 10, 2, 1), 1] = ModuleProfileResult(compute_cost=1619.373, peak_memory=11.700 GB, invar_size=9.517 GB, outvar_size=2.626 GB, temp_buffer_size=2.089 GB, available_memory=64.000 GB, comm_cost=0.423)
Using pre computed peak Mem for (8, 11, 2, 0), module 0
result[(8, 11, 2, 0), 0] = ModuleProfileResult(compute_cost=1069.411, peak_memory=13.600 GB, invar_size=3.476 GB, outvar_size=8.504 GB, temp_buffer_size=1.621 GB, available_memory=64.000 GB, comm_cost=0.751)
Using pre computed peak Mem for (8, 11, 2, 0), module 1
result[(8, 11, 2, 0), 1] = ModuleProfileResult(compute_cost=10021.447, peak_memory=15.600 GB, invar_size=11.886 GB, outvar_size=3.476 GB, temp_buffer_size=3.621 GB, available_memory=64.000 GB, comm_cost=1.044)
Using pre computed peak Mem for (8, 11, 2, 1), module 0
result[(8, 11, 2, 1), 0] = ModuleProfileResult(compute_cost=1069.411, peak_memory=13.600 GB, invar_size=3.476 GB, outvar_size=8.609 GB, temp_buffer_size=1.515 GB, available_memory=64.000 GB, comm_cost=0.751)
Using pre computed peak Mem for (8, 11, 2, 1), module 1
result[(8, 11, 2, 1), 1] = ModuleProfileResult(compute_cost=10021.245, peak_memory=15.600 GB, invar_size=11.991 GB, outvar_size=3.476 GB, temp_buffer_size=3.515 GB, available_memory=64.000 GB, comm_cost=0.846)
Using pre computed peak Mem for (9, 9, 2, 0), module 0
result[(9, 9, 2, 0), 0] = ModuleProfileResult(compute_cost=337.135, peak_memory=3.400 GB, invar_size=0.938 GB, outvar_size=2.368 GB, temp_buffer_size=0.095 GB, available_memory=64.000 GB, comm_cost=0.243)
Using pre computed peak Mem for (9, 9, 2, 0), module 1
result[(9, 9, 2, 0), 1] = ModuleProfileResult(compute_cost=539.925, peak_memory=3.900 GB, invar_size=3.212 GB, outvar_size=0.938 GB, temp_buffer_size=0.595 GB, available_memory=64.000 GB, comm_cost=0.274)
Using pre computed peak Mem for (9, 9, 2, 1), module 0
result[(9, 9, 2, 1), 0] = ModuleProfileResult(compute_cost=337.135, peak_memory=3.400 GB, invar_size=0.938 GB, outvar_size=2.403 GB, temp_buffer_size=0.060 GB, available_memory=64.000 GB, comm_cost=0.243)
result[(9, 9, 2, 1), 1] = ModuleProfileResult(compute_cost=539.724, peak_memory=3.915 GB, invar_size=3.247 GB, outvar_size=0.938 GB, temp_buffer_size=0.574 GB, available_memory=64.000 GB, comm_cost=0.075)
Using pre computed peak Mem for (9, 10, 2, 0), module 0
result[(9, 10, 2, 0), 0] = ModuleProfileResult(compute_cost=674.239, peak_memory=6.800 GB, invar_size=1.782 GB, outvar_size=4.571 GB, temp_buffer_size=0.447 GB, available_memory=64.000 GB, comm_cost=0.487)
Using pre computed peak Mem for (9, 10, 2, 0), module 1
result[(9, 10, 2, 0), 1] = ModuleProfileResult(compute_cost=1079.851, peak_memory=7.800 GB, invar_size=6.259 GB, outvar_size=1.782 GB, temp_buffer_size=1.447 GB, available_memory=64.000 GB, comm_cost=0.547)
Using pre computed peak Mem for (9, 10, 2, 1), module 0
result[(9, 10, 2, 1), 0] = ModuleProfileResult(compute_cost=674.239, peak_memory=6.800 GB, invar_size=1.782 GB, outvar_size=4.606 GB, temp_buffer_size=0.412 GB, available_memory=64.000 GB, comm_cost=0.487)
Using pre computed peak Mem for (9, 10, 2, 1), module 1
result[(9, 10, 2, 1), 1] = ModuleProfileResult(compute_cost=1079.650, peak_memory=7.800 GB, invar_size=6.294 GB, outvar_size=1.782 GB, temp_buffer_size=1.412 GB, available_memory=64.000 GB, comm_cost=0.348)
Using pre computed peak Mem for (9, 11, 2, 0), module 0
result[(9, 11, 2, 0), 0] = ModuleProfileResult(compute_cost=732.307, peak_memory=10.200 GB, invar_size=2.632 GB, outvar_size=6.265 GB, temp_buffer_size=1.303 GB, available_memory=64.000 GB, comm_cost=0.508)
Using pre computed peak Mem for (9, 11, 2, 0), module 1
result[(9, 11, 2, 0), 1] = ModuleProfileResult(compute_cost=9481.522, peak_memory=11.700 GB, invar_size=8.803 GB, outvar_size=2.632 GB, temp_buffer_size=2.803 GB, available_memory=64.000 GB, comm_cost=0.771)
Using pre computed peak Mem for (9, 11, 2, 1), module 0
result[(9, 11, 2, 1), 0] = ModuleProfileResult(compute_cost=732.307, peak_memory=10.200 GB, invar_size=2.632 GB, outvar_size=6.335 GB, temp_buffer_size=1.233 GB, available_memory=64.000 GB, comm_cost=0.508)
Using pre computed peak Mem for (9, 11, 2, 1), module 1
result[(9, 11, 2, 1), 1] = ModuleProfileResult(compute_cost=9481.320, peak_memory=11.700 GB, invar_size=8.873 GB, outvar_size=2.632 GB, temp_buffer_size=2.733 GB, available_memory=64.000 GB, comm_cost=0.572)
Using pre computed peak Mem for (10, 10, 2, 0), module 0
result[(10, 10, 2, 0), 0] = ModuleProfileResult(compute_cost=337.135, peak_memory=3.400 GB, invar_size=0.938 GB, outvar_size=2.368 GB, temp_buffer_size=0.095 GB, available_memory=64.000 GB, comm_cost=0.243)
Using pre computed peak Mem for (10, 10, 2, 0), module 1
result[(10, 10, 2, 0), 1] = ModuleProfileResult(compute_cost=539.925, peak_memory=3.900 GB, invar_size=3.212 GB, outvar_size=0.938 GB, temp_buffer_size=0.595 GB, available_memory=64.000 GB, comm_cost=0.274)
Using pre computed peak Mem for (10, 10, 2, 1), module 0
result[(10, 10, 2, 1), 0] = ModuleProfileResult(compute_cost=337.135, peak_memory=3.400 GB, invar_size=0.938 GB, outvar_size=2.403 GB, temp_buffer_size=0.060 GB, available_memory=64.000 GB, comm_cost=0.243)
result[(10, 10, 2, 1), 1] = ModuleProfileResult(compute_cost=539.724, peak_memory=3.915 GB, invar_size=3.247 GB, outvar_size=0.938 GB, temp_buffer_size=0.574 GB, available_memory=64.000 GB, comm_cost=0.075)
Using pre computed peak Mem for (10, 11, 2, 0), module 0
result[(10, 11, 2, 0), 0] = ModuleProfileResult(compute_cost=395.203, peak_memory=6.800 GB, invar_size=1.788 GB, outvar_size=4.061 GB, temp_buffer_size=0.951 GB, available_memory=64.000 GB, comm_cost=0.264)
Using pre computed peak Mem for (10, 11, 2, 0), module 1
result[(10, 11, 2, 0), 1] = ModuleProfileResult(compute_cost=8941.596, peak_memory=7.800 GB, invar_size=5.756 GB, outvar_size=1.788 GB, temp_buffer_size=1.951 GB, available_memory=64.000 GB, comm_cost=0.497)
Using pre computed peak Mem for (10, 11, 2, 1), module 0
result[(10, 11, 2, 1), 0] = ModuleProfileResult(compute_cost=395.203, peak_memory=6.800 GB, invar_size=1.788 GB, outvar_size=4.061 GB, temp_buffer_size=0.951 GB, available_memory=64.000 GB, comm_cost=0.264)
Using pre computed peak Mem for (10, 11, 2, 1), module 1
result[(10, 11, 2, 1), 1] = ModuleProfileResult(compute_cost=8941.596, peak_memory=7.800 GB, invar_size=5.756 GB, outvar_size=1.788 GB, temp_buffer_size=1.951 GB, available_memory=64.000 GB, comm_cost=0.497)
result[(11, 11, 2, 0), 0] = ModuleProfileResult(compute_cost=58.068, peak_memory=2.732 GB, invar_size=0.944 GB, outvar_size=1.788 GB, temp_buffer_size=0.000 GB, available_memory=64.000 GB, comm_cost=0.021)
Using pre computed peak Mem for (11, 11, 2, 0), module 1
result[(11, 11, 2, 0), 1] = ModuleProfileResult(compute_cost=8401.671, peak_memory=3.900 GB, invar_size=2.638 GB, outvar_size=0.944 GB, temp_buffer_size=1.168 GB, available_memory=64.000 GB, comm_cost=0.223)
result[(11, 11, 2, 1), 0] = ModuleProfileResult(compute_cost=58.068, peak_memory=2.732 GB, invar_size=0.944 GB, outvar_size=1.788 GB, temp_buffer_size=0.000 GB, available_memory=64.000 GB, comm_cost=0.021)
Using pre computed peak Mem for (11, 11, 2, 1), module 1
result[(11, 11, 2, 1), 1] = ModuleProfileResult(compute_cost=8401.671, peak_memory=3.900 GB, invar_size=2.638 GB, outvar_size=0.944 GB, temp_buffer_size=1.168 GB, available_memory=64.000 GB, comm_cost=0.223)
Profiling for submesh 2 (1, 4) takes 594.95 seconds
--------------------------------------------------
- Profiling for submesh 1 (1, 2):
- Generate all stage infos (Jaxpr -> HLO)
- Compile all stages, get estimations
num of workers:12
[2m[36m(CompileWorker pid=3894297)[0m compiled for stage:0 name: stage_0_0_acc_grad_0 module id: 0
[2m[36m(CompileWorker pid=3894296)[0m compiled for stage:1 name: stage_0_0_acc_grad_0 module id: 0
[2m[36m(CompileWorker pid=3894295)[0m compiled for stage:2 name: stage_0_1_acc_grad_0 module id: 0
[2m[36m(CompileWorker pid=3894294)[0m compiled for stage:3 name: stage_0_1_acc_grad_0 module id: 0
[2m[36m(CompileWorker pid=3894293)[0m compiled for stage:4 name: stage_0_2_acc_grad_0 module id: 0
[2m[36m(CompileWorker pid=3894292)[0m compiled for stage:5 name: stage_0_2_acc_grad_0 module id: 0
[2m[36m(CompileWorker pid=3894289)[0m compiled for stage:8 name: stage_0_4_acc_grad_0 module id: 0
[2m[36m(CompileWorker pid=3894291)[0m compiled for stage:6 name: stage_0_3_acc_grad_0 module id: 0
[2m[36m(CompileWorker pid=3894293)[0m  tensor (Large latency) dimensions: (1, 2048, 12288, 50257, 1, 1, 1, 1, 1, 1, 0, 0, 'CONV', 1, 1, 0, 0),  latency: 722.1379657142858
[2m[36m(CompileWorker pid=3894294)[0m  tensor (Large latency) dimensions: (1, 2048, 12288, 50257, 1, 1, 1, 1, 1, 1, 0, 0, 'CONV', 1, 1, 0, 0),  latency: 722.1379657142858
[2m[36m(CompileWorker pid=3894295)[0m  tensor (Large latency) dimensions: (1, 2048, 12288, 50257, 1, 1, 1, 1, 1, 1, 0, 0, 'CONV', 1, 1, 0, 0),  latency: 722.1379657142858
[2m[36m(CompileWorker pid=3894287)[0m compiled for stage:10 name: stage_0_5_acc_grad_0 module id: 0
[2m[36m(CompileWorker pid=3894296)[0m  tensor (Large latency) dimensions: (1, 2048, 12288, 50257, 1, 1, 1, 1, 1, 1, 0, 0, 'CONV', 1, 1, 0, 0),  latency: 722.1379657142858
[2m[36m(CompileWorker pid=3894297)[0m  tensor (Large latency) dimensions: (1, 2048, 12288, 50257, 1, 1, 1, 1, 1, 1, 0, 0, 'CONV', 1, 1, 0, 0),  latency: 722.1379657142858
[2m[36m(CompileWorker pid=3894290)[0m compiled for stage:7 name: stage_0_3_acc_grad_0 module id: 0
[2m[36m(CompileWorker pid=3894292)[0m  tensor (Large latency) dimensions: (1, 2048, 12288, 50257, 1, 1, 1, 1, 1, 1, 0, 0, 'CONV', 1, 1, 0, 0),  latency: 722.1379657142858
[2m[36m(CompileWorker pid=3894289)[0m  tensor (Large latency) dimensions: (1, 2048, 12288, 50257, 1, 1, 1, 1, 1, 1, 0, 0, 'CONV', 1, 1, 0, 0),  latency: 722.1379657142858
[2m[36m(CompileWorker pid=3894291)[0m  tensor (Large latency) dimensions: (1, 2048, 12288, 50257, 1, 1, 1, 1, 1, 1, 0, 0, 'CONV', 1, 1, 0, 0),  latency: 722.1379657142858
[2m[36m(CompileWorker pid=3894297)[0m  tensor (Large latency) dimensions: (1, 2048, 12288, 1024, 1, 1, 1, 1, 1, 1, 0, 0, 'CONV', 1, 1, 0, 0),  latency: 1.8724571428571428
[2m[36m(CompileWorker pid=3894287)[0m  tensor (Large latency) dimensions: (1, 2048, 12288, 50257, 1, 1, 1, 1, 1, 1, 0, 0, 'CONV', 1, 1, 0, 0),  latency: 722.1379657142858
[2m[36m(CompileWorker pid=3894290)[0m  tensor (Large latency) dimensions: (1, 2048, 12288, 50257, 1, 1, 1, 1, 1, 1, 0, 0, 'CONV', 1, 1, 0, 0),  latency: 722.1379657142858
[2m[36m(CompileWorker pid=3894294)[0m  tensor (Large latency) dimensions: (1, 2048, 12288, 1024, 1, 1, 1, 1, 1, 1, 0, 0, 'CONV', 1, 1, 0, 0),  latency: 1.8724571428571428
[2m[36m(CompileWorker pid=3894293)[0m  tensor (Large latency) dimensions: (1, 2048, 12288, 1024, 1, 1, 1, 1, 1, 1, 0, 0, 'CONV', 1, 1, 0, 0),  latency: 1.8724571428571428
[2m[36m(CompileWorker pid=3894296)[0m  tensor (Large latency) dimensions: (1, 2048, 12288, 1024, 1, 1, 1, 1, 1, 1, 0, 0, 'CONV', 1, 1, 0, 0),  latency: 1.8724571428571428
[2m[36m(CompileWorker pid=3894295)[0m  tensor (Large latency) dimensions: (1, 2048, 12288, 1024, 1, 1, 1, 1, 1, 1, 0, 0, 'CONV', 1, 1, 0, 0),  latency: 1.8724571428571428
[2m[36m(CompileWorker pid=3894288)[0m compiled for stage:9 name: stage_0_4_acc_grad_0 module id: 0
[2m[36m(CompileWorker pid=3894289)[0m  tensor (Large latency) dimensions: (1, 2048, 12288, 1024, 1, 1, 1, 1, 1, 1, 0, 0, 'CONV', 1, 1, 0, 0),  latency: 1.8724571428571428
[2m[36m(CompileWorker pid=3894292)[0m  tensor (Large latency) dimensions: (1, 2048, 12288, 1024, 1, 1, 1, 1, 1, 1, 0, 0, 'CONV', 1, 1, 0, 0),  latency: 1.8724571428571428
[2m[36m(CompileWorker pid=3894291)[0m  tensor (Large latency) dimensions: (1, 2048, 12288, 1024, 1, 1, 1, 1, 1, 1, 0, 0, 'CONV', 1, 1, 0, 0),  latency: 1.8724571428571428
[2m[36m(CompileWorker pid=3894297)[0m  tensor (Large latency) dimensions: (1, 2048, 36864, 36864, 1, 1, 1, 1, 1, 1, 0, 0, 'CONV', 1, 1, 0, 0),  latency: 241.54697142857142
[2m[36m(CompileWorker pid=3894293)[0m  tensor (Large latency) dimensions: (1, 2048, 36864, 36864, 1, 1, 1, 1, 1, 1, 0, 0, 'CONV', 1, 1, 0, 0),  latency: 241.54697142857142
[2m[36m(CompileWorker pid=3894286)[0m compiled for stage:11 name: stage_0_5_acc_grad_0 module id: 0
[2m[36m(CompileWorker pid=3894288)[0m  tensor (Large latency) dimensions: (1, 2048, 12288, 50257, 1, 1, 1, 1, 1, 1, 0, 0, 'CONV', 1, 1, 0, 0),  latency: 722.1379657142858
[2m[36m(CompileWorker pid=3894290)[0m  tensor (Large latency) dimensions: (1, 2048, 12288, 1024, 1, 1, 1, 1, 1, 1, 0, 0, 'CONV', 1, 1, 0, 0),  latency: 1.8724571428571428
[2m[36m(CompileWorker pid=3894294)[0m  tensor (Large latency) dimensions: (1, 2048, 36864, 36864, 1, 1, 1, 1, 1, 1, 0, 0, 'CONV', 1, 1, 0, 0),  latency: 241.54697142857142
[2m[36m(CompileWorker pid=3894287)[0m  tensor (Large latency) dimensions: (1, 2048, 12288, 1024, 1, 1, 1, 1, 1, 1, 0, 0, 'CONV', 1, 1, 0, 0),  latency: 1.8724571428571428
[2m[36m(CompileWorker pid=3894296)[0m  tensor (Large latency) dimensions: (1, 2048, 36864, 36864, 1, 1, 1, 1, 1, 1, 0, 0, 'CONV', 1, 1, 0, 0),  latency: 241.54697142857142
[2m[36m(CompileWorker pid=3894295)[0m  tensor (Large latency) dimensions: (1, 2048, 36864, 36864, 1, 1, 1, 1, 1, 1, 0, 0, 'CONV', 1, 1, 0, 0),  latency: 241.54697142857142
[2m[36m(CompileWorker pid=3894292)[0m  tensor (Large latency) dimensions: (1, 2048, 36864, 36864, 1, 1, 1, 1, 1, 1, 0, 0, 'CONV', 1, 1, 0, 0),  latency: 241.54697142857142
[2m[36m(CompileWorker pid=3894286)[0m  tensor (Large latency) dimensions: (1, 2048, 12288, 50257, 1, 1, 1, 1, 1, 1, 0, 0, 'CONV', 1, 1, 0, 0),  latency: 722.1379657142858
[2m[36m(CompileWorker pid=3894297)[0m  tensor (Large latency) dimensions: (1, 2048, 12288, 12288, 1, 1, 1, 1, 1, 1, 0, 0, 'CONV', 1, 1, 0, 0),  latency: 26.58889142857143
[2m[36m(CompileWorker pid=3894289)[0m  tensor (Large latency) dimensions: (1, 2048, 36864, 36864, 1, 1, 1, 1, 1, 1, 0, 0, 'CONV', 1, 1, 0, 0),  latency: 241.54697142857142
[2m[36m(CompileWorker pid=3894291)[0m  tensor (Large latency) dimensions: (1, 2048, 36864, 36864, 1, 1, 1, 1, 1, 1, 0, 0, 'CONV', 1, 1, 0, 0),  latency: 241.54697142857142
[2m[36m(CompileWorker pid=3894290)[0m  tensor (Large latency) dimensions: (1, 2048, 36864, 36864, 1, 1, 1, 1, 1, 1, 0, 0, 'CONV', 1, 1, 0, 0),  latency: 241.54697142857142
[2m[36m(CompileWorker pid=3894288)[0m  tensor (Large latency) dimensions: (1, 2048, 12288, 1024, 1, 1, 1, 1, 1, 1, 0, 0, 'CONV', 1, 1, 0, 0),  latency: 1.8724571428571428
[2m[36m(CompileWorker pid=3894294)[0m  tensor (Large latency) dimensions: (1, 2048, 12288, 12288, 1, 1, 1, 1, 1, 1, 0, 0, 'CONV', 1, 1, 0, 0),  latency: 26.58889142857143
[2m[36m(CompileWorker pid=3894293)[0m  tensor (Large latency) dimensions: (1, 2048, 12288, 12288, 1, 1, 1, 1, 1, 1, 0, 0, 'CONV', 1, 1, 0, 0),  latency: 26.58889142857143
[2m[36m(CompileWorker pid=3894296)[0m  tensor (Large latency) dimensions: (1, 2048, 12288, 12288, 1, 1, 1, 1, 1, 1, 0, 0, 'CONV', 1, 1, 0, 0),  latency: 26.58889142857143
[2m[36m(CompileWorker pid=3894287)[0m  tensor (Large latency) dimensions: (1, 2048, 36864, 36864, 1, 1, 1, 1, 1, 1, 0, 0, 'CONV', 1, 1, 0, 0),  latency: 241.54697142857142
[2m[36m(CompileWorker pid=3894295)[0m  tensor (Large latency) dimensions: (1, 2048, 12288, 12288, 1, 1, 1, 1, 1, 1, 0, 0, 'CONV', 1, 1, 0, 0),  latency: 26.58889142857143
[2m[36m(CompileWorker pid=3894297)[0m  tensor (Large latency) dimensions: (1, 2048, 24576, 24576, 1, 1, 1, 1, 1, 1, 0, 0, 'CONV', 1, 1, 0, 0),  latency: 107.10454857142857
[2m[36m(CompileWorker pid=3894286)[0m  tensor (Large latency) dimensions: (1, 2048, 12288, 1024, 1, 1, 1, 1, 1, 1, 0, 0, 'CONV', 1, 1, 0, 0),  latency: 1.8724571428571428
[2m[36m(CompileWorker pid=3894292)[0m  tensor (Large latency) dimensions: (1, 2048, 12288, 12288, 1, 1, 1, 1, 1, 1, 0, 0, 'CONV', 1, 1, 0, 0),  latency: 26.58889142857143
[2m[36m(CompileWorker pid=3894289)[0m  tensor (Large latency) dimensions: (1, 2048, 12288, 12288, 1, 1, 1, 1, 1, 1, 0, 0, 'CONV', 1, 1, 0, 0),  latency: 26.58889142857143
[2m[36m(CompileWorker pid=3894290)[0m  tensor (Large latency) dimensions: (1, 2048, 12288, 12288, 1, 1, 1, 1, 1, 1, 0, 0, 'CONV', 1, 1, 0, 0),  latency: 26.58889142857143
[2m[36m(CompileWorker pid=3894288)[0m  tensor (Large latency) dimensions: (1, 2048, 36864, 36864, 1, 1, 1, 1, 1, 1, 0, 0, 'CONV', 1, 1, 0, 0),  latency: 241.54697142857142
[2m[36m(CompileWorker pid=3894296)[0m  tensor (Large latency) dimensions: (1, 2048, 24576, 24576, 1, 1, 1, 1, 1, 1, 0, 0, 'CONV', 1, 1, 0, 0),  latency: 107.10454857142857
[2m[36m(CompileWorker pid=3894293)[0m  tensor (Large latency) dimensions: (1, 2048, 24576, 24576, 1, 1, 1, 1, 1, 1, 0, 0, 'CONV', 1, 1, 0, 0),  latency: 107.10454857142857
[2m[36m(CompileWorker pid=3894291)[0m  tensor (Large latency) dimensions: (1, 2048, 12288, 12288, 1, 1, 1, 1, 1, 1, 0, 0, 'CONV', 1, 1, 0, 0),  latency: 26.58889142857143
[2m[36m(CompileWorker pid=3894294)[0m  tensor (Large latency) dimensions: (1, 2048, 24576, 24576, 1, 1, 1, 1, 1, 1, 0, 0, 'CONV', 1, 1, 0, 0),  latency: 107.10454857142857
[2m[36m(CompileWorker pid=3894297)[0m  tensor (Large latency) dimensions: (1, 2048, 12288, 12288, 1, 1, 1, 1, 1, 1, 0, 0, 'CONV', 1, 1, 0, 0),  latency: 26.58889142857143
[2m[36m(CompileWorker pid=3894295)[0m  tensor (Large latency) dimensions: (1, 2048, 24576, 24576, 1, 1, 1, 1, 1, 1, 0, 0, 'CONV', 1, 1, 0, 0),  latency: 107.10454857142857
[2m[36m(CompileWorker pid=3894297)[0m compiled for stage:0 name: stage_0_0_acc_grad_1 module id: 1
[2m[36m(CompileWorker pid=3894287)[0m  tensor (Large latency) dimensions: (1, 2048, 12288, 12288, 1, 1, 1, 1, 1, 1, 0, 0, 'CONV', 1, 1, 0, 0),  latency: 26.58889142857143
[2m[36m(CompileWorker pid=3894286)[0m  tensor (Large latency) dimensions: (1, 1024, 36864, 36864, 1, 1, 1, 1, 1, 1, 0, 0, 'CONV', 1, 1, 0, 0),  latency: 120.77348571428571
[2m[36m(CompileWorker pid=3894292)[0m  tensor (Large latency) dimensions: (1, 2048, 24576, 24576, 1, 1, 1, 1, 1, 1, 0, 0, 'CONV', 1, 1, 0, 0),  latency: 107.10454857142857
[2m[36m(CompileWorker pid=3894293)[0m  tensor (Large latency) dimensions: (1, 2048, 12288, 12288, 1, 1, 1, 1, 1, 1, 0, 0, 'CONV', 1, 1, 0, 0),  latency: 26.58889142857143
[2m[36m(CompileWorker pid=3894296)[0m  tensor (Large latency) dimensions: (1, 2048, 12288, 12288, 1, 1, 1, 1, 1, 1, 0, 0, 'CONV', 1, 1, 0, 0),  latency: 26.58889142857143
[2m[36m(CompileWorker pid=3894296)[0m compiled for stage:1 name: stage_0_0_acc_grad_1 module id: 1
[2m[36m(CompileWorker pid=3894290)[0m  tensor (Large latency) dimensions: (1, 2048, 24576, 24576, 1, 1, 1, 1, 1, 1, 0, 0, 'CONV', 1, 1, 0, 0),  latency: 107.10454857142857
[2m[36m(CompileWorker pid=3894293)[0m compiled for stage:4 name: stage_0_2_acc_grad_1 module id: 1
[2m[36m(CompileWorker pid=3894289)[0m  tensor (Large latency) dimensions: (1, 2048, 24576, 24576, 1, 1, 1, 1, 1, 1, 0, 0, 'CONV', 1, 1, 0, 0),  latency: 107.10454857142857
[2m[36m(CompileWorker pid=3894294)[0m  tensor (Large latency) dimensions: (1, 2048, 12288, 12288, 1, 1, 1, 1, 1, 1, 0, 0, 'CONV', 1, 1, 0, 0),  latency: 26.58889142857143
[2m[36m(CompileWorker pid=3894288)[0m  tensor (Large latency) dimensions: (1, 2048, 12288, 12288, 1, 1, 1, 1, 1, 1, 0, 0, 'CONV', 1, 1, 0, 0),  latency: 26.58889142857143
[2m[36m(CompileWorker pid=3894295)[0m  tensor (Large latency) dimensions: (1, 2048, 12288, 12288, 1, 1, 1, 1, 1, 1, 0, 0, 'CONV', 1, 1, 0, 0),  latency: 26.58889142857143
[2m[36m(CompileWorker pid=3894295)[0m compiled for stage:2 name: stage_0_1_acc_grad_1 module id: 1
[2m[36m(CompileWorker pid=3894291)[0m  tensor (Large latency) dimensions: (1, 2048, 24576, 24576, 1, 1, 1, 1, 1, 1, 0, 0, 'CONV', 1, 1, 0, 0),  latency: 107.10454857142857
[2m[36m(CompileWorker pid=3894294)[0m compiled for stage:3 name: stage_0_1_acc_grad_1 module id: 1
[2m[36m(CompileWorker pid=3894287)[0m  tensor (Large latency) dimensions: (1, 2048, 24576, 24576, 1, 1, 1, 1, 1, 1, 0, 0, 'CONV', 1, 1, 0, 0),  latency: 107.10454857142857
[2m[36m(CompileWorker pid=3894290)[0m  tensor (Large latency) dimensions: (1, 2048, 12288, 12288, 1, 1, 1, 1, 1, 1, 0, 0, 'CONV', 1, 1, 0, 0),  latency: 26.58889142857143
[2m[36m(CompileWorker pid=3894292)[0m  tensor (Large latency) dimensions: (1, 2048, 12288, 12288, 1, 1, 1, 1, 1, 1, 0, 0, 'CONV', 1, 1, 0, 0),  latency: 26.58889142857143
[2m[36m(CompileWorker pid=3894292)[0m compiled for stage:5 name: stage_0_2_acc_grad_1 module id: 1
[2m[36m(CompileWorker pid=3894289)[0m  tensor (Large latency) dimensions: (1, 2048, 12288, 12288, 1, 1, 1, 1, 1, 1, 0, 0, 'CONV', 1, 1, 0, 0),  latency: 26.58889142857143
[2m[36m(CompileWorker pid=3894286)[0m  tensor (Large latency) dimensions: (1, 2048, 12288, 12288, 1, 1, 1, 1, 1, 1, 0, 0, 'CONV', 1, 1, 0, 0),  latency: 26.58889142857143
[2m[36m(CompileWorker pid=3894289)[0m compiled for stage:8 name: stage_0_4_acc_grad_1 module id: 1
[2m[36m(CompileWorker pid=3894291)[0m  tensor (Large latency) dimensions: (1, 2048, 12288, 12288, 1, 1, 1, 1, 1, 1, 0, 0, 'CONV', 1, 1, 0, 0),  latency: 26.58889142857143
[2m[36m(CompileWorker pid=3894291)[0m compiled for stage:6 name: stage_0_3_acc_grad_1 module id: 1
[2m[36m(CompileWorker pid=3894288)[0m  tensor (Large latency) dimensions: (1, 2048, 24576, 24576, 1, 1, 1, 1, 1, 1, 0, 0, 'CONV', 1, 1, 0, 0),  latency: 107.10454857142857
[2m[36m(CompileWorker pid=3894287)[0m  tensor (Large latency) dimensions: (1, 2048, 12288, 12288, 1, 1, 1, 1, 1, 1, 0, 0, 'CONV', 1, 1, 0, 0),  latency: 26.58889142857143
[2m[36m(CompileWorker pid=3894287)[0m compiled for stage:10 name: stage_0_5_acc_grad_1 module id: 1
[2m[36m(CompileWorker pid=3894293)[0m  tensor (Large latency) dimensions: (1, 6144, 12288, 12288, 1, 1, 1, 1, 1, 1, 0, 0, 'CONV', 1, 1, 0, 0),  latency: 79.76667428571429
[2m[36m(CompileWorker pid=3894290)[0m  tensor (Large latency) dimensions: (1, 1024, 36864, 36864, 1, 1, 1, 1, 1, 1, 0, 0, 'CONV', 1, 1, 0, 0),  latency: 120.77348571428571
[2m[36m(CompileWorker pid=3894288)[0m  tensor (Large latency) dimensions: (1, 2048, 12288, 12288, 1, 1, 1, 1, 1, 1, 0, 0, 'CONV', 1, 1, 0, 0),  latency: 26.58889142857143
[2m[36m(CompileWorker pid=3894288)[0m compiled for stage:9 name: stage_0_4_acc_grad_1 module id: 1
[2m[36m(CompileWorker pid=3894297)[0m  tensor (Large latency) dimensions: (1, 24576, 12288, 12288, 1, 1, 1, 1, 1, 1, 0, 0, 'CONV', 1, 1, 0, 0),  latency: 319.06669714285715
[2m[36m(CompileWorker pid=3894286)[0m  tensor (Large latency) dimensions: (1, 2048, 24576, 24576, 1, 1, 1, 1, 1, 1, 0, 0, 'CONV', 1, 1, 0, 0),  latency: 107.10454857142857
[2m[36m(CompileWorker pid=3894293)[0m  tensor (Large latency) dimensions: (1, 2048, 6144, 6144, 1, 1, 1, 1, 1, 1, 0, 0, 'CONV', 1, 1, 0, 0),  latency: 6.5536
[2m[36m(CompileWorker pid=3894292)[0m  tensor (Large latency) dimensions: (1, 6144, 12288, 12288, 1, 1, 1, 1, 1, 1, 0, 0, 'CONV', 1, 1, 0, 0),  latency: 79.76667428571429
[2m[36m(CompileWorker pid=3894290)[0m  tensor (Large latency) dimensions: (1, 1024, 12288, 12288, 1, 1, 1, 1, 1, 1, 0, 0, 'CONV', 1, 1, 0, 0),  latency: 13.294445714285715
[2m[36m(CompileWorker pid=3894290)[0m compiled for stage:7 name: stage_0_3_acc_grad_1 module id: 1
[2m[36m(CompileWorker pid=3894291)[0m  tensor (Large latency) dimensions: (1, 6144, 12288, 12288, 1, 1, 1, 1, 1, 1, 0, 0, 'CONV', 1, 1, 0, 0),  latency: 79.76667428571429
[2m[36m(CompileWorker pid=3894296)[0m  tensor (Large latency) dimensions: (1, 24576, 12288, 12288, 1, 1, 1, 1, 1, 1, 0, 0, 'CONV', 1, 1, 0, 0),  latency: 319.06669714285715
[2m[36m(CompileWorker pid=3894289)[0m  tensor (Large latency) dimensions: (1, 6144, 12288, 12288, 1, 1, 1, 1, 1, 1, 0, 0, 'CONV', 1, 1, 0, 0),  latency: 79.76667428571429
[2m[36m(CompileWorker pid=3894295)[0m  tensor (Large latency) dimensions: (1, 24576, 12288, 12288, 1, 1, 1, 1, 1, 1, 0, 0, 'CONV', 1, 1, 0, 0),  latency: 319.06669714285715
[2m[36m(CompileWorker pid=3894286)[0m  tensor (Large latency) dimensions: (1, 2048, 12288, 12288, 1, 1, 1, 1, 1, 1, 0, 0, 'CONV', 1, 1, 0, 0),  latency: 26.58889142857143
[2m[36m(CompileWorker pid=3894294)[0m  tensor (Large latency) dimensions: (1, 24576, 12288, 12288, 1, 1, 1, 1, 1, 1, 0, 0, 'CONV', 1, 1, 0, 0),  latency: 319.06669714285715
[2m[36m(CompileWorker pid=3894292)[0m  tensor (Large latency) dimensions: (1, 2048, 6144, 6144, 1, 1, 1, 1, 1, 1, 0, 0, 'CONV', 1, 1, 0, 0),  latency: 6.5536
[2m[36m(CompileWorker pid=3894287)[0m  tensor (Large latency) dimensions: (1, 6144, 12288, 12288, 1, 1, 1, 1, 1, 1, 0, 0, 'CONV', 1, 1, 0, 0),  latency: 79.76667428571429
[2m[36m(CompileWorker pid=3894289)[0m  tensor (Large latency) dimensions: (1, 2048, 6144, 6144, 1, 1, 1, 1, 1, 1, 0, 0, 'CONV', 1, 1, 0, 0),  latency: 6.5536
[2m[36m(CompileWorker pid=3894291)[0m  tensor (Large latency) dimensions: (1, 2048, 6144, 6144, 1, 1, 1, 1, 1, 1, 0, 0, 'CONV', 1, 1, 0, 0),  latency: 6.5536
[2m[36m(CompileWorker pid=3894288)[0m  tensor (Large latency) dimensions: (1, 6144, 12288, 12288, 1, 1, 1, 1, 1, 1, 0, 0, 'CONV', 1, 1, 0, 0),  latency: 79.76667428571429
[2m[36m(CompileWorker pid=3894297)[0m  tensor (Large latency) dimensions: (1, 12288, 24576, 24576, 1, 1, 1, 1, 1, 1, 0, 0, 'CONV', 1, 1, 0, 0),  latency: 642.6272914285714
[2m[36m(CompileWorker pid=3894287)[0m  tensor (Large latency) dimensions: (1, 2048, 6144, 6144, 1, 1, 1, 1, 1, 1, 0, 0, 'CONV', 1, 1, 0, 0),  latency: 6.5536
[2m[36m(CompileWorker pid=3894286)[0m  tensor (Large latency) dimensions: (1, 2048, 36864, 36864, 1, 1, 1, 1, 1, 1, 0, 0, 'CONV', 1, 1, 0, 0),  latency: 241.54697142857142
[2m[36m(CompileWorker pid=3894286)[0m compiled for stage:11 name: stage_0_5_acc_grad_1 module id: 1
[2m[36m(CompileWorker pid=3894293)[0m  tensor (Large latency) dimensions: (1, 12288, 18432, 18432, 1, 1, 1, 1, 1, 1, 0, 0, 'CONV', 1, 1, 0, 0),  latency: 360.6352457142857
[2m[36m(CompileWorker pid=3894288)[0m  tensor (Large latency) dimensions: (1, 2048, 6144, 6144, 1, 1, 1, 1, 1, 1, 0, 0, 'CONV', 1, 1, 0, 0),  latency: 6.5536
[2m[36m(CompileWorker pid=3894296)[0m  tensor (Large latency) dimensions: (1, 12288, 24576, 24576, 1, 1, 1, 1, 1, 1, 0, 0, 'CONV', 1, 1, 0, 0),  latency: 642.6272914285714
[2m[36m(CompileWorker pid=3894295)[0m  tensor (Large latency) dimensions: (1, 12288, 24576, 24576, 1, 1, 1, 1, 1, 1, 0, 0, 'CONV', 1, 1, 0, 0),  latency: 642.6272914285714
[2m[36m(CompileWorker pid=3894294)[0m  tensor (Large latency) dimensions: (1, 12288, 24576, 24576, 1, 1, 1, 1, 1, 1, 0, 0, 'CONV', 1, 1, 0, 0),  latency: 642.6272914285714
[2m[36m(CompileWorker pid=3894297)[0m  tensor (Large latency) dimensions: (1, 6144, 12288, 12288, 1, 1, 1, 1, 1, 1, 0, 0, 'CONV', 1, 1, 0, 0),  latency: 79.76667428571429
[2m[36m(CompileWorker pid=3894290)[0m  tensor (Large latency) dimensions: (1, 12288, 12288, 12288, 1, 1, 1, 1, 1, 1, 0, 0, 'CONV', 1, 1, 0, 0),  latency: 159.53334857142858
[2m[36m(CompileWorker pid=3894293)[0m  tensor (Large latency) dimensions: (1, 2048, 12288, 12288, 1, 1, 1, 1, 1, 1, 0, 0, 'CONV', 1, 1, 0, 0),  latency: 26.58889142857143
[2m[36m(CompileWorker pid=3894292)[0m  tensor (Large latency) dimensions: (1, 12288, 18432, 18432, 1, 1, 1, 1, 1, 1, 0, 0, 'CONV', 1, 1, 0, 0),  latency: 360.6352457142857
[2m[36m(CompileWorker pid=3894289)[0m  tensor (Large latency) dimensions: (1, 12288, 18432, 18432, 1, 1, 1, 1, 1, 1, 0, 0, 'CONV', 1, 1, 0, 0),  latency: 360.6352457142857
[2m[36m(CompileWorker pid=3894291)[0m  tensor (Large latency) dimensions: (1, 12288, 18432, 18432, 1, 1, 1, 1, 1, 1, 0, 0, 'CONV', 1, 1, 0, 0),  latency: 360.6352457142857
[2m[36m(CompileWorker pid=3894297)[0m  tensor (Large latency) dimensions: (1, 2048, 6144, 6144, 1, 1, 1, 1, 1, 1, 0, 0, 'CONV', 1, 1, 0, 0),  latency: 6.5536
[2m[36m(CompileWorker pid=3894290)[0m  tensor (Large latency) dimensions: (1, 2048, 6144, 6144, 1, 1, 1, 1, 1, 1, 0, 0, 'CONV', 1, 1, 0, 0),  latency: 6.5536
[2m[36m(CompileWorker pid=3894286)[0m  tensor (Large latency) dimensions: (1, 6144, 12288, 12288, 1, 1, 1, 1, 1, 1, 0, 0, 'CONV', 1, 1, 0, 0),  latency: 79.76667428571429
[2m[36m(CompileWorker pid=3894292)[0m  tensor (Large latency) dimensions: (1, 2048, 12288, 12288, 1, 1, 1, 1, 1, 1, 0, 0, 'CONV', 1, 1, 0, 0),  latency: 26.58889142857143
[2m[36m(CompileWorker pid=3894296)[0m  tensor (Large latency) dimensions: (1, 6144, 12288, 12288, 1, 1, 1, 1, 1, 1, 0, 0, 'CONV', 1, 1, 0, 0),  latency: 79.76667428571429
[2m[36m(CompileWorker pid=3894291)[0m  tensor (Large latency) dimensions: (1, 2048, 12288, 12288, 1, 1, 1, 1, 1, 1, 0, 0, 'CONV', 1, 1, 0, 0),  latency: 26.58889142857143
[2m[36m(CompileWorker pid=3894295)[0m  tensor (Large latency) dimensions: (1, 6144, 12288, 12288, 1, 1, 1, 1, 1, 1, 0, 0, 'CONV', 1, 1, 0, 0),  latency: 79.76667428571429
[2m[36m(CompileWorker pid=3894287)[0m  tensor (Large latency) dimensions: (1, 12288, 18432, 18432, 1, 1, 1, 1, 1, 1, 0, 0, 'CONV', 1, 1, 0, 0),  latency: 360.6352457142857
[2m[36m(CompileWorker pid=3894289)[0m  tensor (Large latency) dimensions: (1, 2048, 12288, 12288, 1, 1, 1, 1, 1, 1, 0, 0, 'CONV', 1, 1, 0, 0),  latency: 26.58889142857143
[2m[36m(CompileWorker pid=3894294)[0m  tensor (Large latency) dimensions: (1, 6144, 12288, 12288, 1, 1, 1, 1, 1, 1, 0, 0, 'CONV', 1, 1, 0, 0),  latency: 79.76667428571429
[2m[36m(CompileWorker pid=3894288)[0m  tensor (Large latency) dimensions: (1, 12288, 18432, 18432, 1, 1, 1, 1, 1, 1, 0, 0, 'CONV', 1, 1, 0, 0),  latency: 360.6352457142857
[2m[36m(CompileWorker pid=3894286)[0m  tensor (Large latency) dimensions: (1, 2048, 6144, 6144, 1, 1, 1, 1, 1, 1, 0, 0, 'CONV', 1, 1, 0, 0),  latency: 6.5536
[2m[36m(CompileWorker pid=3894295)[0m  tensor (Large latency) dimensions: (1, 2048, 6144, 6144, 1, 1, 1, 1, 1, 1, 0, 0, 'CONV', 1, 1, 0, 0),  latency: 6.5536
[2m[36m(CompileWorker pid=3894296)[0m  tensor (Large latency) dimensions: (1, 2048, 6144, 6144, 1, 1, 1, 1, 1, 1, 0, 0, 'CONV', 1, 1, 0, 0),  latency: 6.5536
[2m[36m(CompileWorker pid=3894294)[0m  tensor (Large latency) dimensions: (1, 2048, 6144, 6144, 1, 1, 1, 1, 1, 1, 0, 0, 'CONV', 1, 1, 0, 0),  latency: 6.5536
[2m[36m(CompileWorker pid=3894287)[0m  tensor (Large latency) dimensions: (1, 2048, 12288, 12288, 1, 1, 1, 1, 1, 1, 0, 0, 'CONV', 1, 1, 0, 0),  latency: 26.58889142857143
[2m[36m(CompileWorker pid=3894288)[0m  tensor (Large latency) dimensions: (1, 2048, 12288, 12288, 1, 1, 1, 1, 1, 1, 0, 0, 'CONV', 1, 1, 0, 0),  latency: 26.58889142857143
[2m[36m(CompileWorker pid=3894297)[0m  tensor (Large latency) dimensions: (1, 12288, 18432, 18432, 1, 1, 1, 1, 1, 1, 0, 0, 'CONV', 1, 1, 0, 0),  latency: 360.6352457142857
[2m[36m(CompileWorker pid=3894293)[0m  tensor (Large latency) dimensions: (1, 24576, 12288, 12288, 1, 1, 1, 1, 1, 1, 0, 0, 'CONV', 1, 1, 0, 0),  latency: 319.06669714285715
[2m[36m(CompileWorker pid=3894290)[0m  tensor (Large latency) dimensions: (1, 12288, 36864, 36864, 1, 1, 1, 1, 1, 1, 0, 0, 'CONV', 1, 1, 0, 0),  latency: 1449.2818285714286
[2m[36m(CompileWorker pid=3894297)[0m  tensor (Large latency) dimensions: (1, 2048, 12288, 12288, 1, 1, 1, 1, 1, 1, 0, 0, 'CONV', 1, 1, 0, 0),  latency: 26.58889142857143
[2m[36m(CompileWorker pid=3894292)[0m  tensor (Large latency) dimensions: (1, 24576, 12288, 12288, 1, 1, 1, 1, 1, 1, 0, 0, 'CONV', 1, 1, 0, 0),  latency: 319.06669714285715
[2m[36m(CompileWorker pid=3894296)[0m  tensor (Large latency) dimensions: (1, 12288, 18432, 18432, 1, 1, 1, 1, 1, 1, 0, 0, 'CONV', 1, 1, 0, 0),  latency: 360.6352457142857
[2m[36m(CompileWorker pid=3894291)[0m  tensor (Large latency) dimensions: (1, 24576, 12288, 12288, 1, 1, 1, 1, 1, 1, 0, 0, 'CONV', 1, 1, 0, 0),  latency: 319.06669714285715
[2m[36m(CompileWorker pid=3894286)[0m  tensor (Large latency) dimensions: (1, 12288, 18432, 18432, 1, 1, 1, 1, 1, 1, 0, 0, 'CONV', 1, 1, 0, 0),  latency: 360.6352457142857
[2m[36m(CompileWorker pid=3894295)[0m  tensor (Large latency) dimensions: (1, 12288, 18432, 18432, 1, 1, 1, 1, 1, 1, 0, 0, 'CONV', 1, 1, 0, 0),  latency: 360.6352457142857
[2m[36m(CompileWorker pid=3894297)[0m  tensor (Large latency) dimensions: (1, 1024, 12288, 12288, 1, 1, 1, 1, 1, 1, 0, 0, 'CONV', 1, 1, 0, 0),  latency: 13.294445714285715
[2m[36m(CompileWorker pid=3894290)[0m  tensor (Large latency) dimensions: (1, 2048, 12288, 12288, 1, 1, 1, 1, 1, 1, 0, 0, 'CONV', 1, 1, 0, 0),  latency: 26.58889142857143
[2m[36m(CompileWorker pid=3894289)[0m  tensor (Large latency) dimensions: (1, 24576, 12288, 12288, 1, 1, 1, 1, 1, 1, 0, 0, 'CONV', 1, 1, 0, 0),  latency: 319.06669714285715
[2m[36m(CompileWorker pid=3894294)[0m  tensor (Large latency) dimensions: (1, 12288, 18432, 18432, 1, 1, 1, 1, 1, 1, 0, 0, 'CONV', 1, 1, 0, 0),  latency: 360.6352457142857
[2m[36m(CompileWorker pid=3894293)[0m  tensor (Large latency) dimensions: (1, 12288, 24576, 24576, 1, 1, 1, 1, 1, 1, 0, 0, 'CONV', 1, 1, 0, 0),  latency: 642.6272914285714
[2m[36m(CompileWorker pid=3894295)[0m  tensor (Large latency) dimensions: (1, 2048, 12288, 12288, 1, 1, 1, 1, 1, 1, 0, 0, 'CONV', 1, 1, 0, 0),  latency: 26.58889142857143
[2m[36m(CompileWorker pid=3894296)[0m  tensor (Large latency) dimensions: (1, 2048, 12288, 12288, 1, 1, 1, 1, 1, 1, 0, 0, 'CONV', 1, 1, 0, 0),  latency: 26.58889142857143
[2m[36m(CompileWorker pid=3894297)[0m  tensor (Large latency) dimensions: (1, 50257, 12288, 12288, 1, 1, 1, 1, 1, 1, 0, 0, 'CONV', 1, 1, 0, 0),  latency: 4325.884891428572
[2m[36m(CompileWorker pid=3894286)[0m  tensor (Large latency) dimensions: (1, 2048, 12288, 12288, 1, 1, 1, 1, 1, 1, 0, 0, 'CONV', 1, 1, 0, 0),  latency: 26.58889142857143
[2m[36m(CompileWorker pid=3894294)[0m  tensor (Large latency) dimensions: (1, 2048, 12288, 12288, 1, 1, 1, 1, 1, 1, 0, 0, 'CONV', 1, 1, 0, 0),  latency: 26.58889142857143
[2m[36m(CompileWorker pid=3894287)[0m  tensor (Large latency) dimensions: (1, 24576, 12288, 12288, 1, 1, 1, 1, 1, 1, 0, 0, 'CONV', 1, 1, 0, 0),  latency: 319.06669714285715
[2m[36m(CompileWorker pid=3894288)[0m  tensor (Large latency) dimensions: (1, 24576, 12288, 12288, 1, 1, 1, 1, 1, 1, 0, 0, 'CONV', 1, 1, 0, 0),  latency: 319.06669714285715
[2m[36m(CompileWorker pid=3894293)[0m  tensor (Large latency) dimensions: (1, 1024, 12288, 12288, 1, 1, 1, 1, 1, 1, 0, 0, 'CONV', 1, 1, 0, 0),  latency: 13.294445714285715
[2m[36m(CompileWorker pid=3894296)[0m  tensor (Large latency) dimensions: (1, 1024, 12288, 12288, 1, 1, 1, 1, 1, 1, 0, 0, 'CONV', 1, 1, 0, 0),  latency: 13.294445714285715
[2m[36m(CompileWorker pid=3894295)[0m  tensor (Large latency) dimensions: (1, 1024, 12288, 12288, 1, 1, 1, 1, 1, 1, 0, 0, 'CONV', 1, 1, 0, 0),  latency: 13.294445714285715
[2m[36m(CompileWorker pid=3894294)[0m  tensor (Large latency) dimensions: (1, 1024, 12288, 12288, 1, 1, 1, 1, 1, 1, 0, 0, 'CONV', 1, 1, 0, 0),  latency: 13.294445714285715
[2m[36m(CompileWorker pid=3894291)[0m  tensor (Large latency) dimensions: (1, 12288, 24576, 24576, 1, 1, 1, 1, 1, 1, 0, 0, 'CONV', 1, 1, 0, 0),  latency: 642.6272914285714
[2m[36m(CompileWorker pid=3894292)[0m  tensor (Large latency) dimensions: (1, 12288, 24576, 24576, 1, 1, 1, 1, 1, 1, 0, 0, 'CONV', 1, 1, 0, 0),  latency: 642.6272914285714
[2m[36m(CompileWorker pid=3894289)[0m  tensor (Large latency) dimensions: (1, 12288, 24576, 24576, 1, 1, 1, 1, 1, 1, 0, 0, 'CONV', 1, 1, 0, 0),  latency: 642.6272914285714
[2m[36m(CompileWorker pid=3894293)[0m  tensor (Large latency) dimensions: (1, 50257, 12288, 12288, 1, 1, 1, 1, 1, 1, 0, 0, 'CONV', 1, 1, 0, 0),  latency: 4325.884891428572
[2m[36m(CompileWorker pid=3894295)[0m  tensor (Large latency) dimensions: (1, 50257, 12288, 12288, 1, 1, 1, 1, 1, 1, 0, 0, 'CONV', 1, 1, 0, 0),  latency: 4325.884891428572
[2m[36m(CompileWorker pid=3894296)[0m  tensor (Large latency) dimensions: (1, 50257, 12288, 12288, 1, 1, 1, 1, 1, 1, 0, 0, 'CONV', 1, 1, 0, 0),  latency: 4325.884891428572
[2m[36m(CompileWorker pid=3894291)[0m  tensor (Large latency) dimensions: (1, 1024, 12288, 12288, 1, 1, 1, 1, 1, 1, 0, 0, 'CONV', 1, 1, 0, 0),  latency: 13.294445714285715
[2m[36m(CompileWorker pid=3894294)[0m  tensor (Large latency) dimensions: (1, 50257, 12288, 12288, 1, 1, 1, 1, 1, 1, 0, 0, 'CONV', 1, 1, 0, 0),  latency: 4325.884891428572
[2m[36m(CompileWorker pid=3894290)[0m  tensor (Large latency) dimensions: (1, 24576, 12288, 12288, 1, 1, 1, 1, 1, 1, 0, 0, 'CONV', 1, 1, 0, 0),  latency: 319.06669714285715
[2m[36m(CompileWorker pid=3894292)[0m  tensor (Large latency) dimensions: (1, 1024, 12288, 12288, 1, 1, 1, 1, 1, 1, 0, 0, 'CONV', 1, 1, 0, 0),  latency: 13.294445714285715
[2m[36m(CompileWorker pid=3894289)[0m  tensor (Large latency) dimensions: (1, 1024, 12288, 12288, 1, 1, 1, 1, 1, 1, 0, 0, 'CONV', 1, 1, 0, 0),  latency: 13.294445714285715
[2m[36m(CompileWorker pid=3894288)[0m  tensor (Large latency) dimensions: (1, 12288, 24576, 24576, 1, 1, 1, 1, 1, 1, 0, 0, 'CONV', 1, 1, 0, 0),  latency: 642.6272914285714
[2m[36m(CompileWorker pid=3894291)[0m  tensor (Large latency) dimensions: (1, 50257, 12288, 12288, 1, 1, 1, 1, 1, 1, 0, 0, 'CONV', 1, 1, 0, 0),  latency: 4325.884891428572
[2m[36m(CompileWorker pid=3894287)[0m  tensor (Large latency) dimensions: (1, 12288, 24576, 24576, 1, 1, 1, 1, 1, 1, 0, 0, 'CONV', 1, 1, 0, 0),  latency: 642.6272914285714
[2m[36m(CompileWorker pid=3894286)[0m  tensor (Large latency) dimensions: (1, 24576, 12288, 12288, 1, 1, 1, 1, 1, 1, 0, 0, 'CONV', 1, 1, 0, 0),  latency: 319.06669714285715
[2m[36m(CompileWorker pid=3894289)[0m  tensor (Large latency) dimensions: (1, 50257, 12288, 12288, 1, 1, 1, 1, 1, 1, 0, 0, 'CONV', 1, 1, 0, 0),  latency: 4325.884891428572
[2m[36m(CompileWorker pid=3894292)[0m  tensor (Large latency) dimensions: (1, 50257, 12288, 12288, 1, 1, 1, 1, 1, 1, 0, 0, 'CONV', 1, 1, 0, 0),  latency: 4325.884891428572
[2m[36m(CompileWorker pid=3894288)[0m  tensor (Large latency) dimensions: (1, 1024, 12288, 12288, 1, 1, 1, 1, 1, 1, 0, 0, 'CONV', 1, 1, 0, 0),  latency: 13.294445714285715
[2m[36m(CompileWorker pid=3894287)[0m  tensor (Large latency) dimensions: (1, 1024, 12288, 12288, 1, 1, 1, 1, 1, 1, 0, 0, 'CONV', 1, 1, 0, 0),  latency: 13.294445714285715
[2m[36m(CompileWorker pid=3894290)[0m  tensor (Large latency) dimensions: (1, 12288, 24576, 24576, 1, 1, 1, 1, 1, 1, 0, 0, 'CONV', 1, 1, 0, 0),  latency: 642.6272914285714
[2m[36m(CompileWorker pid=3894297)[0m compiled for stage:12 name: stage_0_6_acc_grad_0 module id: 0
[2m[36m(CompileWorker pid=3894288)[0m  tensor (Large latency) dimensions: (1, 50257, 12288, 12288, 1, 1, 1, 1, 1, 1, 0, 0, 'CONV', 1, 1, 0, 0),  latency: 4325.884891428572
[2m[36m(CompileWorker pid=3894287)[0m  tensor (Large latency) dimensions: (1, 50257, 12288, 12288, 1, 1, 1, 1, 1, 1, 0, 0, 'CONV', 1, 1, 0, 0),  latency: 4325.884891428572
[2m[36m(CompileWorker pid=3894297)[0m compiled for stage:12 name: stage_0_6_acc_grad_1 module id: 1
[2m[36m(CompileWorker pid=3894286)[0m  tensor (Large latency) dimensions: (1, 12288, 24576, 24576, 1, 1, 1, 1, 1, 1, 0, 0, 'CONV', 1, 1, 0, 0),  latency: 642.6272914285714
[2m[36m(CompileWorker pid=3894290)[0m  tensor (Large latency) dimensions: (1, 6144, 12288, 12288, 1, 1, 1, 1, 1, 1, 0, 0, 'CONV', 1, 1, 0, 0),  latency: 79.76667428571429
[2m[36m(CompileWorker pid=3894294)[0m compiled for stage:16 name: stage_0_8_acc_grad_0 module id: 0
[2m[36m(CompileWorker pid=3894294)[0m compiled for stage:16 name: stage_0_8_acc_grad_1 module id: 1
[2m[36m(CompileWorker pid=3894295)[0m compiled for stage:14 name: stage_0_7_acc_grad_0 module id: 0
[2m[36m(CompileWorker pid=3894295)[0m compiled for stage:14 name: stage_0_7_acc_grad_1 module id: 1
[2m[36m(CompileWorker pid=3894293)[0m compiled for stage:13 name: stage_0_6_acc_grad_0 module id: 0
[2m[36m(CompileWorker pid=3894293)[0m compiled for stage:13 name: stage_0_6_acc_grad_1 module id: 1
[2m[36m(CompileWorker pid=3894296)[0m compiled for stage:15 name: stage_0_7_acc_grad_0 module id: 0
[2m[36m(CompileWorker pid=3894296)[0m compiled for stage:15 name: stage_0_7_acc_grad_1 module id: 1
[2m[36m(CompileWorker pid=3894290)[0m  tensor (Large latency) dimensions: (1, 12288, 18432, 18432, 1, 1, 1, 1, 1, 1, 0, 0, 'CONV', 1, 1, 0, 0),  latency: 360.6352457142857
[2m[36m(CompileWorker pid=3894286)[0m  tensor (Large latency) dimensions: (1, 12288, 36864, 36864, 1, 1, 1, 1, 1, 1, 0, 0, 'CONV', 1, 1, 0, 0),  latency: 1449.2818285714286
[2m[36m(CompileWorker pid=3894293)[0m compiled for stage:24 name: stage_1_1_acc_grad_0 module id: 0
[2m[36m(CompileWorker pid=3894297)[0m  tensor (Large latency) dimensions: (1, 12288, 6144, 6144, 1, 1, 1, 1, 1, 1, 0, 0, 'CONV', 1, 1, 0, 0),  latency: 39.3216
[2m[36m(CompileWorker pid=3894293)[0m compiled for stage:24 name: stage_1_1_acc_grad_1 module id: 1
[2m[36m(CompileWorker pid=3894296)[0m compiled for stage:25 name: stage_1_1_acc_grad_0 module id: 0
[2m[36m(CompileWorker pid=3894296)[0m compiled for stage:25 name: stage_1_1_acc_grad_1 module id: 1
[2m[36m(CompileWorker pid=3894290)[0m  tensor (Large latency) dimensions: (1, 2048, 12288, 12288, 1, 1, 1, 1, 1, 1, 0, 0, 'CONV', 1, 1, 0, 0),  latency: 26.58889142857143
[2m[36m(CompileWorker pid=3894286)[0m  tensor (Large latency) dimensions: (1, 2048, 12288, 12288, 1, 1, 1, 1, 1, 1, 0, 0, 'CONV', 1, 1, 0, 0),  latency: 26.58889142857143
[2m[36m(CompileWorker pid=3894291)[0m compiled for stage:17 name: stage_0_8_acc_grad_0 module id: 0
[2m[36m(CompileWorker pid=3894291)[0m compiled for stage:17 name: stage_0_8_acc_grad_1 module id: 1
[2m[36m(CompileWorker pid=3894293)[0m compiled for stage:26 name: stage_1_2_acc_grad_0 module id: 0
[2m[36m(CompileWorker pid=3894293)[0m compiled for stage:26 name: stage_1_2_acc_grad_1 module id: 1
[2m[36m(CompileWorker pid=3894290)[0m  tensor (Large latency) dimensions: (1, 1024, 12288, 12288, 1, 1, 1, 1, 1, 1, 0, 0, 'CONV', 1, 1, 0, 0),  latency: 13.294445714285715
[2m[36m(CompileWorker pid=3894297)[0m compiled for stage:27 name: stage_1_2_acc_grad_0 module id: 0
[2m[36m(CompileWorker pid=3894286)[0m  tensor (Large latency) dimensions: (1, 1024, 12288, 12288, 1, 1, 1, 1, 1, 1, 0, 0, 'CONV', 1, 1, 0, 0),  latency: 13.294445714285715
[2m[36m(CompileWorker pid=3894289)[0m compiled for stage:18 name: stage_0_9_acc_grad_0 module id: 0
[2m[36m(CompileWorker pid=3894297)[0m compiled for stage:27 name: stage_1_2_acc_grad_1 module id: 1
[2m[36m(CompileWorker pid=3894289)[0m compiled for stage:18 name: stage_0_9_acc_grad_1 module id: 1
[2m[36m(CompileWorker pid=3894290)[0m  tensor (Large latency) dimensions: (1, 50257, 12288, 12288, 1, 1, 1, 1, 1, 1, 0, 0, 'CONV', 1, 1, 0, 0),  latency: 4325.884891428572
[2m[36m(CompileWorker pid=3894296)[0m compiled for stage:28 name: stage_1_3_acc_grad_0 module id: 0
[2m[36m(CompileWorker pid=3894296)[0m compiled for stage:28 name: stage_1_3_acc_grad_1 module id: 1
[2m[36m(CompileWorker pid=3894286)[0m  tensor (Large latency) dimensions: (1, 50257, 12288, 12288, 1, 1, 1, 1, 1, 1, 0, 0, 'CONV', 1, 1, 0, 0),  latency: 4325.884891428572
[2m[36m(CompileWorker pid=3894288)[0m compiled for stage:20 name: stage_0_10_acc_grad_0 module id: 0
[2m[36m(CompileWorker pid=3894292)[0m compiled for stage:19 name: stage_0_9_acc_grad_0 module id: 0
[2m[36m(CompileWorker pid=3894293)[0m compiled for stage:30 name: stage_1_4_acc_grad_0 module id: 0
[2m[36m(CompileWorker pid=3894288)[0m compiled for stage:20 name: stage_0_10_acc_grad_1 module id: 1
[2m[36m(CompileWorker pid=3894293)[0m compiled for stage:30 name: stage_1_4_acc_grad_1 module id: 1
[2m[36m(CompileWorker pid=3894292)[0m compiled for stage:19 name: stage_0_9_acc_grad_1 module id: 1
[2m[36m(CompileWorker pid=3894291)[0m compiled for stage:29 name: stage_1_3_acc_grad_0 module id: 0
[2m[36m(CompileWorker pid=3894291)[0m compiled for stage:29 name: stage_1_3_acc_grad_1 module id: 1
[2m[36m(CompileWorker pid=3894297)[0m compiled for stage:31 name: stage_1_4_acc_grad_0 module id: 0
[2m[36m(CompileWorker pid=3894297)[0m compiled for stage:31 name: stage_1_4_acc_grad_1 module id: 1
[2m[36m(CompileWorker pid=3894295)[0m compiled for stage:22 name: stage_0_11_acc_grad_0 module id: 0
[2m[36m(CompileWorker pid=3894295)[0m compiled for stage:22 name: stage_0_11_acc_grad_1 module id: 1
[2m[36m(CompileWorker pid=3894289)[0m compiled for stage:32 name: stage_1_5_acc_grad_0 module id: 0
[2m[36m(CompileWorker pid=3894289)[0m compiled for stage:32 name: stage_1_5_acc_grad_1 module id: 1
[2m[36m(CompileWorker pid=3894290)[0m compiled for stage:33 name: stage_1_5_acc_grad_0 module id: 0
[2m[36m(CompileWorker pid=3894296)[0m compiled for stage:34 name: stage_1_6_acc_grad_0 module id: 0
[2m[36m(CompileWorker pid=3894290)[0m compiled for stage:33 name: stage_1_5_acc_grad_1 module id: 1
[2m[36m(CompileWorker pid=3894296)[0m compiled for stage:34 name: stage_1_6_acc_grad_1 module id: 1
[2m[36m(CompileWorker pid=3894295)[0m  tensor (Large latency) dimensions: (1, 12288, 50257, 50257, 1, 1, 1, 1, 1, 1, 0, 0, 'CONV', 1, 1, 0, 0),  latency: 31918.00680860119
[2m[36m(CompileWorker pid=3894287)[0m compiled for stage:21 name: stage_0_10_acc_grad_0 module id: 0
[2m[36m(CompileWorker pid=3894293)[0m compiled for stage:36 name: stage_1_7_acc_grad_0 module id: 0
[2m[36m(CompileWorker pid=3894293)[0m compiled for stage:36 name: stage_1_7_acc_grad_1 module id: 1
[2m[36m(CompileWorker pid=3894295)[0m  tensor (Large latency) dimensions: (1, 2048, 12288, 12288, 1, 1, 1, 1, 1, 1, 0, 0, 'CONV', 1, 1, 0, 0),  latency: 26.58889142857143
[2m[36m(CompileWorker pid=3894287)[0m compiled for stage:21 name: stage_0_10_acc_grad_1 module id: 1
[2m[36m(CompileWorker pid=3894286)[0m compiled for stage:35 name: stage_1_6_acc_grad_0 module id: 0
[2m[36m(CompileWorker pid=3894292)[0m compiled for stage:37 name: stage_1_7_acc_grad_0 module id: 0
[2m[36m(CompileWorker pid=3894292)[0m compiled for stage:37 name: stage_1_7_acc_grad_1 module id: 1
[2m[36m(CompileWorker pid=3894286)[0m compiled for stage:35 name: stage_1_6_acc_grad_1 module id: 1
[2m[36m(CompileWorker pid=3894294)[0m compiled for stage:23 name: stage_0_11_acc_grad_0 module id: 0
[2m[36m(CompileWorker pid=3894292)[0m compiled for stage:46 name: stage_2_2_acc_grad_0 module id: 0
[2m[36m(CompileWorker pid=3894292)[0m compiled for stage:46 name: stage_2_2_acc_grad_1 module id: 1
[2m[36m(CompileWorker pid=3894287)[0m compiled for stage:47 name: stage_2_2_acc_grad_0 module id: 0
[2m[36m(CompileWorker pid=3894294)[0m compiled for stage:23 name: stage_0_11_acc_grad_1 module id: 1
[2m[36m(CompileWorker pid=3894287)[0m compiled for stage:47 name: stage_2_2_acc_grad_1 module id: 1
[2m[36m(CompileWorker pid=3894286)[0m compiled for stage:48 name: stage_2_3_acc_grad_0 module id: 0
[2m[36m(CompileWorker pid=3894286)[0m compiled for stage:48 name: stage_2_3_acc_grad_1 module id: 1
[2m[36m(CompileWorker pid=3894288)[0m compiled for stage:38 name: stage_1_8_acc_grad_0 module id: 0
[2m[36m(CompileWorker pid=3894288)[0m compiled for stage:38 name: stage_1_8_acc_grad_1 module id: 1
[2m[36m(CompileWorker pid=3894294)[0m  tensor (Large latency) dimensions: (1, 12288, 50257, 50257, 1, 1, 1, 1, 1, 1, 0, 0, 'CONV', 1, 1, 0, 0),  latency: 31918.00680860119
[2m[36m(CompileWorker pid=3894292)[0m compiled for stage:49 name: stage_2_3_acc_grad_0 module id: 0
[2m[36m(CompileWorker pid=3894292)[0m compiled for stage:49 name: stage_2_3_acc_grad_1 module id: 1
[2m[36m(CompileWorker pid=3894297)[0m compiled for stage:40 name: stage_1_9_acc_grad_0 module id: 0
[2m[36m(CompileWorker pid=3894287)[0m compiled for stage:50 name: stage_2_4_acc_grad_0 module id: 0
[2m[36m(CompileWorker pid=3894297)[0m compiled for stage:40 name: stage_1_9_acc_grad_1 module id: 1
[2m[36m(CompileWorker pid=3894291)[0m compiled for stage:39 name: stage_1_8_acc_grad_0 module id: 0
[2m[36m(CompileWorker pid=3894287)[0m compiled for stage:50 name: stage_2_4_acc_grad_1 module id: 1
[2m[36m(CompileWorker pid=3894291)[0m compiled for stage:39 name: stage_1_8_acc_grad_1 module id: 1
[2m[36m(CompileWorker pid=3894286)[0m compiled for stage:51 name: stage_2_4_acc_grad_0 module id: 0
[2m[36m(CompileWorker pid=3894286)[0m compiled for stage:51 name: stage_2_4_acc_grad_1 module id: 1
[2m[36m(CompileWorker pid=3894294)[0m  tensor (Large latency) dimensions: (1, 2048, 12288, 12288, 1, 1, 1, 1, 1, 1, 0, 0, 'CONV', 1, 1, 0, 0),  latency: 26.58889142857143
[2m[36m(CompileWorker pid=3894288)[0m compiled for stage:52 name: stage_2_5_acc_grad_0 module id: 0
[2m[36m(CompileWorker pid=3894288)[0m compiled for stage:52 name: stage_2_5_acc_grad_1 module id: 1
[2m[36m(CompileWorker pid=3894292)[0m compiled for stage:53 name: stage_2_5_acc_grad_0 module id: 0
[2m[36m(CompileWorker pid=3894292)[0m compiled for stage:53 name: stage_2_5_acc_grad_1 module id: 1
[2m[36m(CompileWorker pid=3894289)[0m compiled for stage:41 name: stage_1_9_acc_grad_0 module id: 0
[2m[36m(CompileWorker pid=3894289)[0m compiled for stage:41 name: stage_1_9_acc_grad_1 module id: 1
[2m[36m(CompileWorker pid=3894290)[0m compiled for stage:42 name: stage_1_10_acc_grad_0 module id: 0
[2m[36m(CompileWorker pid=3894286)[0m compiled for stage:56 name: stage_2_7_acc_grad_0 module id: 0
[2m[36m(CompileWorker pid=3894287)[0m compiled for stage:54 name: stage_2_6_acc_grad_0 module id: 0
[2m[36m(CompileWorker pid=3894290)[0m compiled for stage:42 name: stage_1_10_acc_grad_1 module id: 1
[2m[36m(CompileWorker pid=3894286)[0m compiled for stage:56 name: stage_2_7_acc_grad_1 module id: 1
[2m[36m(CompileWorker pid=3894295)[0m compiled for stage:44 name: stage_1_11_acc_grad_0 module id: 0
[2m[36m(CompileWorker pid=3894297)[0m compiled for stage:55 name: stage_2_6_acc_grad_0 module id: 0
[2m[36m(CompileWorker pid=3894287)[0m compiled for stage:54 name: stage_2_6_acc_grad_1 module id: 1
[2m[36m(CompileWorker pid=3894297)[0m compiled for stage:55 name: stage_2_6_acc_grad_1 module id: 1
[2m[36m(CompileWorker pid=3894295)[0m compiled for stage:44 name: stage_1_11_acc_grad_1 module id: 1
[2m[36m(CompileWorker pid=3894295)[0m  tensor (Large latency) dimensions: (1, 6144, 50257, 50257, 1, 1, 1, 1, 1, 1, 0, 0, 'CONV', 1, 1, 0, 0),  latency: 15959.003404300594
[2m[36m(CompileWorker pid=3894295)[0m compiled for stage:66 name: stage_3_3_acc_grad_0 module id: 0
[2m[36m(CompileWorker pid=3894295)[0m compiled for stage:66 name: stage_3_3_acc_grad_1 module id: 1
[2m[36m(CompileWorker pid=3894296)[0m compiled for stage:43 name: stage_1_10_acc_grad_0 module id: 0
[2m[36m(CompileWorker pid=3894294)[0m compiled for stage:58 name: stage_2_8_acc_grad_0 module id: 0
[2m[36m(CompileWorker pid=3894291)[0m compiled for stage:57 name: stage_2_7_acc_grad_0 module id: 0
[2m[36m(CompileWorker pid=3894296)[0m compiled for stage:43 name: stage_1_10_acc_grad_1 module id: 1
[2m[36m(CompileWorker pid=3894294)[0m compiled for stage:58 name: stage_2_8_acc_grad_1 module id: 1
[2m[36m(CompileWorker pid=3894291)[0m compiled for stage:57 name: stage_2_7_acc_grad_1 module id: 1
[2m[36m(CompileWorker pid=3894295)[0m compiled for stage:67 name: stage_3_3_acc_grad_0 module id: 0
[2m[36m(CompileWorker pid=3894295)[0m compiled for stage:67 name: stage_3_3_acc_grad_1 module id: 1
[2m[36m(CompileWorker pid=3894293)[0m compiled for stage:45 name: stage_1_11_acc_grad_0 module id: 0
[2m[36m(CompileWorker pid=3894293)[0m compiled for stage:45 name: stage_1_11_acc_grad_1 module id: 1
[2m[36m(CompileWorker pid=3894291)[0m compiled for stage:68 name: stage_3_4_acc_grad_0 module id: 0
[2m[36m(CompileWorker pid=3894291)[0m compiled for stage:68 name: stage_3_4_acc_grad_1 module id: 1
[2m[36m(CompileWorker pid=3894294)[0m compiled for stage:69 name: stage_3_4_acc_grad_0 module id: 0
[2m[36m(CompileWorker pid=3894294)[0m compiled for stage:69 name: stage_3_4_acc_grad_1 module id: 1
[2m[36m(CompileWorker pid=3894292)[0m compiled for stage:60 name: stage_2_9_acc_grad_0 module id: 0
[2m[36m(CompileWorker pid=3894292)[0m compiled for stage:60 name: stage_2_9_acc_grad_1 module id: 1
[2m[36m(CompileWorker pid=3894296)[0m compiled for stage:70 name: stage_3_5_acc_grad_0 module id: 0
[2m[36m(CompileWorker pid=3894296)[0m compiled for stage:70 name: stage_3_5_acc_grad_1 module id: 1
[2m[36m(CompileWorker pid=3894293)[0m  tensor (Large latency) dimensions: (1, 6144, 50257, 50257, 1, 1, 1, 1, 1, 1, 0, 0, 'CONV', 1, 1, 0, 0),  latency: 15959.003404300594
[2m[36m(CompileWorker pid=3894295)[0m compiled for stage:71 name: stage_3_5_acc_grad_0 module id: 0
[2m[36m(CompileWorker pid=3894288)[0m compiled for stage:59 name: stage_2_8_acc_grad_0 module id: 0
[2m[36m(CompileWorker pid=3894295)[0m compiled for stage:71 name: stage_3_5_acc_grad_1 module id: 1
[2m[36m(CompileWorker pid=3894288)[0m compiled for stage:59 name: stage_2_8_acc_grad_1 module id: 1
[2m[36m(CompileWorker pid=3894293)[0m  tensor (Large latency) dimensions: (1, 2048, 12288, 12288, 1, 1, 1, 1, 1, 1, 0, 0, 'CONV', 1, 1, 0, 0),  latency: 26.58889142857143
[2m[36m(CompileWorker pid=3894287)[0m compiled for stage:62 name: stage_2_10_acc_grad_0 module id: 0
[2m[36m(CompileWorker pid=3894291)[0m compiled for stage:72 name: stage_3_6_acc_grad_0 module id: 0
[2m[36m(CompileWorker pid=3894291)[0m compiled for stage:72 name: stage_3_6_acc_grad_1 module id: 1
[2m[36m(CompileWorker pid=3894287)[0m compiled for stage:62 name: stage_2_10_acc_grad_1 module id: 1
[2m[36m(CompileWorker pid=3894286)[0m compiled for stage:61 name: stage_2_9_acc_grad_0 module id: 0
[2m[36m(CompileWorker pid=3894286)[0m compiled for stage:61 name: stage_2_9_acc_grad_1 module id: 1
[2m[36m(CompileWorker pid=3894292)[0m compiled for stage:74 name: stage_3_7_acc_grad_0 module id: 0
[2m[36m(CompileWorker pid=3894292)[0m compiled for stage:74 name: stage_3_7_acc_grad_1 module id: 1
[2m[36m(CompileWorker pid=3894294)[0m compiled for stage:73 name: stage_3_6_acc_grad_0 module id: 0
[2m[36m(CompileWorker pid=3894294)[0m compiled for stage:73 name: stage_3_6_acc_grad_1 module id: 1
[2m[36m(CompileWorker pid=3894297)[0m compiled for stage:64 name: stage_2_11_acc_grad_0 module id: 0
[2m[36m(CompileWorker pid=3894297)[0m compiled for stage:64 name: stage_2_11_acc_grad_1 module id: 1
[2m[36m(CompileWorker pid=3894288)[0m compiled for stage:76 name: stage_3_8_acc_grad_0 module id: 0
[2m[36m(CompileWorker pid=3894297)[0m  tensor (Large latency) dimensions: (1, 6144, 50257, 50257, 1, 1, 1, 1, 1, 1, 0, 0, 'CONV', 1, 1, 0, 0),  latency: 15959.003404300594
[2m[36m(CompileWorker pid=3894288)[0m compiled for stage:76 name: stage_3_8_acc_grad_1 module id: 1
[2m[36m(CompileWorker pid=3894296)[0m compiled for stage:75 name: stage_3_7_acc_grad_0 module id: 0
[2m[36m(CompileWorker pid=3894296)[0m compiled for stage:75 name: stage_3_7_acc_grad_1 module id: 1
[2m[36m(CompileWorker pid=3894290)[0m compiled for stage:63 name: stage_2_10_acc_grad_0 module id: 0
[2m[36m(CompileWorker pid=3894290)[0m compiled for stage:63 name: stage_2_10_acc_grad_1 module id: 1
[2m[36m(CompileWorker pid=3894288)[0m compiled for stage:84 name: stage_4_4_acc_grad_0 module id: 0
[2m[36m(CompileWorker pid=3894288)[0m compiled for stage:84 name: stage_4_4_acc_grad_1 module id: 1
[2m[36m(CompileWorker pid=3894289)[0m compiled for stage:65 name: stage_2_11_acc_grad_0 module id: 0
[2m[36m(CompileWorker pid=3894295)[0m compiled for stage:77 name: stage_3_8_acc_grad_0 module id: 0
[2m[36m(CompileWorker pid=3894296)[0m compiled for stage:85 name: stage_4_4_acc_grad_0 module id: 0
[2m[36m(CompileWorker pid=3894295)[0m compiled for stage:77 name: stage_3_8_acc_grad_1 module id: 1
[2m[36m(CompileWorker pid=3894296)[0m compiled for stage:85 name: stage_4_4_acc_grad_1 module id: 1
[2m[36m(CompileWorker pid=3894289)[0m compiled for stage:65 name: stage_2_11_acc_grad_1 module id: 1
[2m[36m(CompileWorker pid=3894297)[0m  tensor (Large latency) dimensions: (1, 2048, 12288, 12288, 1, 1, 1, 1, 1, 1, 0, 0, 'CONV', 1, 1, 0, 0),  latency: 26.58889142857143
[2m[36m(CompileWorker pid=3894293)[0m compiled for stage:78 name: stage_3_9_acc_grad_0 module id: 0
[2m[36m(CompileWorker pid=3894288)[0m compiled for stage:86 name: stage_4_5_acc_grad_0 module id: 0
[2m[36m(CompileWorker pid=3894289)[0m  tensor (Large latency) dimensions: (1, 6144, 50257, 50257, 1, 1, 1, 1, 1, 1, 0, 0, 'CONV', 1, 1, 0, 0),  latency: 15959.003404300594
[2m[36m(CompileWorker pid=3894288)[0m compiled for stage:86 name: stage_4_5_acc_grad_1 module id: 1
[2m[36m(CompileWorker pid=3894293)[0m compiled for stage:78 name: stage_3_9_acc_grad_1 module id: 1
[2m[36m(CompileWorker pid=3894290)[0m compiled for stage:87 name: stage_4_5_acc_grad_0 module id: 0
[2m[36m(CompileWorker pid=3894290)[0m compiled for stage:87 name: stage_4_5_acc_grad_1 module id: 1
[2m[36m(CompileWorker pid=3894291)[0m compiled for stage:79 name: stage_3_9_acc_grad_0 module id: 0
[2m[36m(CompileWorker pid=3894296)[0m compiled for stage:88 name: stage_4_6_acc_grad_0 module id: 0
[2m[36m(CompileWorker pid=3894291)[0m compiled for stage:79 name: stage_3_9_acc_grad_1 module id: 1
[2m[36m(CompileWorker pid=3894287)[0m compiled for stage:80 name: stage_3_10_acc_grad_0 module id: 0
[2m[36m(CompileWorker pid=3894296)[0m compiled for stage:88 name: stage_4_6_acc_grad_1 module id: 1
[2m[36m(CompileWorker pid=3894287)[0m compiled for stage:80 name: stage_3_10_acc_grad_1 module id: 1
[2m[36m(CompileWorker pid=3894297)[0m compiled for stage:90 name: stage_4_7_acc_grad_0 module id: 0
[2m[36m(CompileWorker pid=3894289)[0m  tensor (Large latency) dimensions: (1, 2048, 12288, 12288, 1, 1, 1, 1, 1, 1, 0, 0, 'CONV', 1, 1, 0, 0),  latency: 26.58889142857143
[2m[36m(CompileWorker pid=3894297)[0m compiled for stage:90 name: stage_4_7_acc_grad_1 module id: 1
[2m[36m(CompileWorker pid=3894295)[0m compiled for stage:89 name: stage_4_6_acc_grad_0 module id: 0
[2m[36m(CompileWorker pid=3894295)[0m compiled for stage:89 name: stage_4_6_acc_grad_1 module id: 1
[2m[36m(CompileWorker pid=3894293)[0m compiled for stage:92 name: stage_4_8_acc_grad_0 module id: 0
[2m[36m(CompileWorker pid=3894293)[0m compiled for stage:92 name: stage_4_8_acc_grad_1 module id: 1
[2m[36m(CompileWorker pid=3894288)[0m compiled for stage:91 name: stage_4_7_acc_grad_0 module id: 0
[2m[36m(CompileWorker pid=3894288)[0m compiled for stage:91 name: stage_4_7_acc_grad_1 module id: 1
[2m[36m(CompileWorker pid=3894292)[0m compiled for stage:82 name: stage_3_11_acc_grad_0 module id: 0
[2m[36m(CompileWorker pid=3894292)[0m compiled for stage:82 name: stage_3_11_acc_grad_1 module id: 1
[2m[36m(CompileWorker pid=3894293)[0m compiled for stage:100 name: stage_5_5_acc_grad_0 module id: 0
[2m[36m(CompileWorker pid=3894286)[0m compiled for stage:81 name: stage_3_10_acc_grad_0 module id: 0
[2m[36m(CompileWorker pid=3894293)[0m compiled for stage:100 name: stage_5_5_acc_grad_1 module id: 1
[2m[36m(CompileWorker pid=3894288)[0m compiled for stage:101 name: stage_5_5_acc_grad_0 module id: 0
[2m[36m(CompileWorker pid=3894286)[0m compiled for stage:81 name: stage_3_10_acc_grad_1 module id: 1
[2m[36m(CompileWorker pid=3894288)[0m compiled for stage:101 name: stage_5_5_acc_grad_1 module id: 1
[2m[36m(CompileWorker pid=3894296)[0m compiled for stage:94 name: stage_4_9_acc_grad_0 module id: 0
[2m[36m(CompileWorker pid=3894296)[0m compiled for stage:94 name: stage_4_9_acc_grad_1 module id: 1
[2m[36m(CompileWorker pid=3894292)[0m  tensor (Large latency) dimensions: (1, 6144, 50257, 50257, 1, 1, 1, 1, 1, 1, 0, 0, 'CONV', 1, 1, 0, 0),  latency: 15959.003404300594
[2m[36m(CompileWorker pid=3894290)[0m compiled for stage:93 name: stage_4_8_acc_grad_0 module id: 0
[2m[36m(CompileWorker pid=3894290)[0m compiled for stage:93 name: stage_4_8_acc_grad_1 module id: 1
[2m[36m(CompileWorker pid=3894293)[0m compiled for stage:102 name: stage_5_6_acc_grad_0 module id: 0
[2m[36m(CompileWorker pid=3894293)[0m compiled for stage:102 name: stage_5_6_acc_grad_1 module id: 1
[2m[36m(CompileWorker pid=3894288)[0m compiled for stage:103 name: stage_5_6_acc_grad_0 module id: 0
[2m[36m(CompileWorker pid=3894288)[0m compiled for stage:103 name: stage_5_6_acc_grad_1 module id: 1
[2m[36m(CompileWorker pid=3894296)[0m compiled for stage:105 name: stage_5_7_acc_grad_0 module id: 0
[2m[36m(CompileWorker pid=3894287)[0m compiled for stage:96 name: stage_4_10_acc_grad_0 module id: 0
[2m[36m(CompileWorker pid=3894296)[0m compiled for stage:105 name: stage_5_7_acc_grad_1 module id: 1
[2m[36m(CompileWorker pid=3894287)[0m compiled for stage:96 name: stage_4_10_acc_grad_1 module id: 1
[2m[36m(CompileWorker pid=3894286)[0m compiled for stage:104 name: stage_5_7_acc_grad_0 module id: 0
[2m[36m(CompileWorker pid=3894286)[0m compiled for stage:104 name: stage_5_7_acc_grad_1 module id: 1
[2m[36m(CompileWorker pid=3894297)[0m compiled for stage:98 name: stage_4_11_acc_grad_0 module id: 0
[2m[36m(CompileWorker pid=3894292)[0m  tensor (Large latency) dimensions: (1, 2048, 12288, 12288, 1, 1, 1, 1, 1, 1, 0, 0, 'CONV', 1, 1, 0, 0),  latency: 26.58889142857143
[2m[36m(CompileWorker pid=3894297)[0m compiled for stage:98 name: stage_4_11_acc_grad_1 module id: 1
[2m[36m(CompileWorker pid=3894294)[0m compiled for stage:83 name: stage_3_11_acc_grad_0 module id: 0
[2m[36m(CompileWorker pid=3894294)[0m compiled for stage:83 name: stage_3_11_acc_grad_1 module id: 1
[2m[36m(CompileWorker pid=3894293)[0m compiled for stage:106 name: stage_5_8_acc_grad_0 module id: 0
[2m[36m(CompileWorker pid=3894293)[0m compiled for stage:106 name: stage_5_8_acc_grad_1 module id: 1
[2m[36m(CompileWorker pid=3894291)[0m compiled for stage:95 name: stage_4_9_acc_grad_0 module id: 0
[2m[36m(CompileWorker pid=3894295)[0m compiled for stage:99 name: stage_4_11_acc_grad_0 module id: 0
[2m[36m(CompileWorker pid=3894291)[0m compiled for stage:95 name: stage_4_9_acc_grad_1 module id: 1
[2m[36m(CompileWorker pid=3894293)[0m compiled for stage:114 name: stage_6_6_acc_grad_0 module id: 0
[2m[36m(CompileWorker pid=3894293)[0m compiled for stage:114 name: stage_6_6_acc_grad_1 module id: 1
[2m[36m(CompileWorker pid=3894295)[0m compiled for stage:99 name: stage_4_11_acc_grad_1 module id: 1
[2m[36m(CompileWorker pid=3894294)[0m  tensor (Large latency) dimensions: (1, 6144, 50257, 50257, 1, 1, 1, 1, 1, 1, 0, 0, 'CONV', 1, 1, 0, 0),  latency: 15959.003404300594
[2m[36m(CompileWorker pid=3894289)[0m compiled for stage:97 name: stage_4_10_acc_grad_0 module id: 0
[2m[36m(CompileWorker pid=3894289)[0m compiled for stage:97 name: stage_4_10_acc_grad_1 module id: 1
[2m[36m(CompileWorker pid=3894293)[0m compiled for stage:115 name: stage_6_6_acc_grad_0 module id: 0
[2m[36m(CompileWorker pid=3894293)[0m compiled for stage:115 name: stage_6_6_acc_grad_1 module id: 1
[2m[36m(CompileWorker pid=3894290)[0m compiled for stage:107 name: stage_5_8_acc_grad_0 module id: 0
[2m[36m(CompileWorker pid=3894288)[0m compiled for stage:108 name: stage_5_9_acc_grad_0 module id: 0
[2m[36m(CompileWorker pid=3894290)[0m compiled for stage:107 name: stage_5_8_acc_grad_1 module id: 1
[2m[36m(CompileWorker pid=3894288)[0m compiled for stage:108 name: stage_5_9_acc_grad_1 module id: 1
[2m[36m(CompileWorker pid=3894294)[0m compiled for stage:117 name: stage_6_7_acc_grad_0 module id: 0
[2m[36m(CompileWorker pid=3894294)[0m compiled for stage:117 name: stage_6_7_acc_grad_1 module id: 1
[2m[36m(CompileWorker pid=3894291)[0m compiled for stage:116 name: stage_6_7_acc_grad_0 module id: 0
[2m[36m(CompileWorker pid=3894291)[0m compiled for stage:116 name: stage_6_7_acc_grad_1 module id: 1
[2m[36m(CompileWorker pid=3894295)[0m compiled for stage:118 name: stage_6_8_acc_grad_0 module id: 0
[2m[36m(CompileWorker pid=3894295)[0m compiled for stage:118 name: stage_6_8_acc_grad_1 module id: 1
[2m[36m(CompileWorker pid=3894293)[0m compiled for stage:120 name: stage_6_9_acc_grad_0 module id: 0
[2m[36m(CompileWorker pid=3894293)[0m compiled for stage:120 name: stage_6_9_acc_grad_1 module id: 1
[2m[36m(CompileWorker pid=3894287)[0m compiled for stage:110 name: stage_5_10_acc_grad_0 module id: 0
[2m[36m(CompileWorker pid=3894296)[0m compiled for stage:109 name: stage_5_9_acc_grad_0 module id: 0
[2m[36m(CompileWorker pid=3894287)[0m compiled for stage:110 name: stage_5_10_acc_grad_1 module id: 1
[2m[36m(CompileWorker pid=3894296)[0m compiled for stage:109 name: stage_5_9_acc_grad_1 module id: 1
[2m[36m(CompileWorker pid=3894289)[0m compiled for stage:119 name: stage_6_8_acc_grad_0 module id: 0
[2m[36m(CompileWorker pid=3894289)[0m compiled for stage:119 name: stage_6_8_acc_grad_1 module id: 1
[2m[36m(CompileWorker pid=3894293)[0m compiled for stage:126 name: stage_7_7_acc_grad_0 module id: 0
[2m[36m(CompileWorker pid=3894286)[0m compiled for stage:111 name: stage_5_10_acc_grad_0 module id: 0
[2m[36m(CompileWorker pid=3894293)[0m compiled for stage:126 name: stage_7_7_acc_grad_1 module id: 1
[2m[36m(CompileWorker pid=3894286)[0m compiled for stage:111 name: stage_5_10_acc_grad_1 module id: 1
[2m[36m(CompileWorker pid=3894287)[0m compiled for stage:127 name: stage_7_7_acc_grad_0 module id: 0
[2m[36m(CompileWorker pid=3894292)[0m compiled for stage:112 name: stage_5_11_acc_grad_0 module id: 0
[2m[36m(CompileWorker pid=3894290)[0m compiled for stage:122 name: stage_6_10_acc_grad_0 module id: 0
[2m[36m(CompileWorker pid=3894287)[0m compiled for stage:127 name: stage_7_7_acc_grad_1 module id: 1
[2m[36m(CompileWorker pid=3894290)[0m compiled for stage:122 name: stage_6_10_acc_grad_1 module id: 1
[2m[36m(CompileWorker pid=3894288)[0m compiled for stage:121 name: stage_6_9_acc_grad_0 module id: 0
[2m[36m(CompileWorker pid=3894292)[0m compiled for stage:112 name: stage_5_11_acc_grad_1 module id: 1
[2m[36m(CompileWorker pid=3894288)[0m compiled for stage:121 name: stage_6_9_acc_grad_1 module id: 1
[2m[36m(CompileWorker pid=3894294)[0m compiled for stage:123 name: stage_6_10_acc_grad_0 module id: 0
[2m[36m(CompileWorker pid=3894291)[0m compiled for stage:124 name: stage_6_11_acc_grad_0 module id: 0
[2m[36m(CompileWorker pid=3894291)[0m compiled for stage:124 name: stage_6_11_acc_grad_1 module id: 1
[2m[36m(CompileWorker pid=3894294)[0m compiled for stage:123 name: stage_6_10_acc_grad_1 module id: 1
[2m[36m(CompileWorker pid=3894296)[0m compiled for stage:128 name: stage_7_8_acc_grad_0 module id: 0
[2m[36m(CompileWorker pid=3894296)[0m compiled for stage:128 name: stage_7_8_acc_grad_1 module id: 1
[2m[36m(CompileWorker pid=3894293)[0m compiled for stage:129 name: stage_7_8_acc_grad_0 module id: 0
[2m[36m(CompileWorker pid=3894293)[0m compiled for stage:129 name: stage_7_8_acc_grad_1 module id: 1
[2m[36m(CompileWorker pid=3894289)[0m compiled for stage:130 name: stage_7_9_acc_grad_0 module id: 0
[2m[36m(CompileWorker pid=3894289)[0m compiled for stage:130 name: stage_7_9_acc_grad_1 module id: 1
[2m[36m(CompileWorker pid=3894294)[0m compiled for stage:137 name: stage_8_8_acc_grad_0 module id: 0
[2m[36m(CompileWorker pid=3894294)[0m compiled for stage:137 name: stage_8_8_acc_grad_1 module id: 1
[2m[36m(CompileWorker pid=3894296)[0m compiled for stage:136 name: stage_8_8_acc_grad_0 module id: 0
[2m[36m(CompileWorker pid=3894296)[0m compiled for stage:136 name: stage_8_8_acc_grad_1 module id: 1
[2m[36m(CompileWorker pid=3894291)[0m  tensor (Large latency) dimensions: (1, 6144, 50257, 50257, 1, 1, 1, 1, 1, 1, 0, 0, 'CONV', 1, 1, 0, 0),  latency: 15959.003404300594
[2m[36m(CompileWorker pid=3894297)[0m compiled for stage:113 name: stage_5_11_acc_grad_0 module id: 0
[2m[36m(CompileWorker pid=3894297)[0m compiled for stage:113 name: stage_5_11_acc_grad_1 module id: 1
[2m[36m(CompileWorker pid=3894294)[0m compiled for stage:139 name: stage_8_9_acc_grad_0 module id: 0
[2m[36m(CompileWorker pid=3894293)[0m compiled for stage:138 name: stage_8_9_acc_grad_0 module id: 0
[2m[36m(CompileWorker pid=3894294)[0m compiled for stage:139 name: stage_8_9_acc_grad_1 module id: 1
[2m[36m(CompileWorker pid=3894293)[0m compiled for stage:138 name: stage_8_9_acc_grad_1 module id: 1
[2m[36m(CompileWorker pid=3894287)[0m compiled for stage:131 name: stage_7_9_acc_grad_0 module id: 0
[2m[36m(CompileWorker pid=3894287)[0m compiled for stage:131 name: stage_7_9_acc_grad_1 module id: 1
[2m[36m(CompileWorker pid=3894291)[0m  tensor (Large latency) dimensions: (1, 2048, 12288, 12288, 1, 1, 1, 1, 1, 1, 0, 0, 'CONV', 1, 1, 0, 0),  latency: 26.58889142857143
[2m[36m(CompileWorker pid=3894286)[0m compiled for stage:132 name: stage_7_10_acc_grad_0 module id: 0
[2m[36m(CompileWorker pid=3894286)[0m compiled for stage:132 name: stage_7_10_acc_grad_1 module id: 1
[2m[36m(CompileWorker pid=3894287)[0m compiled for stage:145 name: stage_9_9_acc_grad_0 module id: 0
[2m[36m(CompileWorker pid=3894287)[0m compiled for stage:145 name: stage_9_9_acc_grad_1 module id: 1
[2m[36m(CompileWorker pid=3894292)[0m compiled for stage:134 name: stage_7_11_acc_grad_0 module id: 0
[2m[36m(CompileWorker pid=3894289)[0m compiled for stage:140 name: stage_8_10_acc_grad_0 module id: 0
[2m[36m(CompileWorker pid=3894289)[0m compiled for stage:140 name: stage_8_10_acc_grad_1 module id: 1
[2m[36m(CompileWorker pid=3894294)[0m compiled for stage:144 name: stage_9_9_acc_grad_0 module id: 0
[2m[36m(CompileWorker pid=3894295)[0m compiled for stage:125 name: stage_6_11_acc_grad_0 module id: 0
[2m[36m(CompileWorker pid=3894292)[0m compiled for stage:134 name: stage_7_11_acc_grad_1 module id: 1
[2m[36m(CompileWorker pid=3894294)[0m compiled for stage:144 name: stage_9_9_acc_grad_1 module id: 1
[2m[36m(CompileWorker pid=3894295)[0m compiled for stage:125 name: stage_6_11_acc_grad_1 module id: 1
[2m[36m(CompileWorker pid=3894290)[0m compiled for stage:133 name: stage_7_10_acc_grad_0 module id: 0
[2m[36m(CompileWorker pid=3894297)[0m compiled for stage:142 name: stage_8_11_acc_grad_0 module id: 0
[2m[36m(CompileWorker pid=3894290)[0m compiled for stage:133 name: stage_7_10_acc_grad_1 module id: 1
[2m[36m(CompileWorker pid=3894297)[0m compiled for stage:142 name: stage_8_11_acc_grad_1 module id: 1
[2m[36m(CompileWorker pid=3894294)[0m compiled for stage:150 name: stage_10_10_acc_grad_0 module id: 0
[2m[36m(CompileWorker pid=3894294)[0m compiled for stage:150 name: stage_10_10_acc_grad_1 module id: 1
[2m[36m(CompileWorker pid=3894296)[0m compiled for stage:141 name: stage_8_10_acc_grad_0 module id: 0
[2m[36m(CompileWorker pid=3894291)[0m compiled for stage:146 name: stage_9_10_acc_grad_0 module id: 0
[2m[36m(CompileWorker pid=3894296)[0m compiled for stage:141 name: stage_8_10_acc_grad_1 module id: 1
[2m[36m(CompileWorker pid=3894291)[0m compiled for stage:146 name: stage_9_10_acc_grad_1 module id: 1
[2m[36m(CompileWorker pid=3894292)[0m compiled for stage:151 name: stage_10_10_acc_grad_0 module id: 0
[2m[36m(CompileWorker pid=3894292)[0m compiled for stage:151 name: stage_10_10_acc_grad_1 module id: 1
[2m[36m(CompileWorker pid=3894290)[0m compiled for stage:154 name: stage_11_11_acc_grad_0 module id: 0
[2m[36m(CompileWorker pid=3894290)[0m compiled for stage:154 name: stage_11_11_acc_grad_1 module id: 1
[2m[36m(CompileWorker pid=3894295)[0m compiled for stage:152 name: stage_10_11_acc_grad_0 module id: 0
[2m[36m(CompileWorker pid=3894294)[0m compiled for stage:155 name: stage_11_11_acc_grad_0 module id: 0
[2m[36m(CompileWorker pid=3894294)[0m compiled for stage:155 name: stage_11_11_acc_grad_1 module id: 1
[2m[36m(CompileWorker pid=3894295)[0m compiled for stage:152 name: stage_10_11_acc_grad_1 module id: 1
[2m[36m(CompileWorker pid=3894288)[0m compiled for stage:135 name: stage_7_11_acc_grad_0 module id: 0
[2m[36m(CompileWorker pid=3894288)[0m compiled for stage:135 name: stage_7_11_acc_grad_1 module id: 1
[2m[36m(CompileWorker pid=3894286)[0m compiled for stage:147 name: stage_9_10_acc_grad_0 module id: 0
[2m[36m(CompileWorker pid=3894286)[0m compiled for stage:147 name: stage_9_10_acc_grad_1 module id: 1
[2m[36m(CompileWorker pid=3894287)[0m compiled for stage:148 name: stage_9_11_acc_grad_0 module id: 0
[2m[36m(CompileWorker pid=3894287)[0m compiled for stage:148 name: stage_9_11_acc_grad_1 module id: 1
[2m[36m(CompileWorker pid=3894297)[0m compiled for stage:153 name: stage_10_11_acc_grad_0 module id: 0
[2m[36m(CompileWorker pid=3894297)[0m compiled for stage:153 name: stage_10_11_acc_grad_1 module id: 1
[2m[36m(CompileWorker pid=3894289)[0m compiled for stage:149 name: stage_9_11_acc_grad_0 module id: 0
[2m[36m(CompileWorker pid=3894289)[0m compiled for stage:149 name: stage_9_11_acc_grad_1 module id: 1
[2m[36m(CompileWorker pid=3894293)[0m compiled for stage:143 name: stage_8_11_acc_grad_0 module id: 0
[2m[36m(CompileWorker pid=3894293)[0m compiled for stage:143 name: stage_8_11_acc_grad_1 module id: 1
[2m[36m(CompileWorker pid=3894290)[0m  tensor (Large latency) dimensions: (1, 6144, 50257, 50257, 1, 1, 1, 1, 1, 1, 0, 0, 'CONV', 1, 1, 0, 0),  latency: 15959.003404300594
[2m[36m(CompileWorker pid=3894288)[0m  tensor (Large latency) dimensions: (1, 6144, 50257, 50257, 1, 1, 1, 1, 1, 1, 0, 0, 'CONV', 1, 1, 0, 0),  latency: 15959.003404300594
[2m[36m(CompileWorker pid=3894287)[0m  tensor (Large latency) dimensions: (1, 6144, 50257, 50257, 1, 1, 1, 1, 1, 1, 0, 0, 'CONV', 1, 1, 0, 0),  latency: 15959.003404300594
[2m[36m(CompileWorker pid=3894290)[0m  tensor (Large latency) dimensions: (1, 2048, 12288, 12288, 1, 1, 1, 1, 1, 1, 0, 0, 'CONV', 1, 1, 0, 0),  latency: 26.58889142857143
[2m[36m(CompileWorker pid=3894288)[0m  tensor (Large latency) dimensions: (1, 2048, 12288, 12288, 1, 1, 1, 1, 1, 1, 0, 0, 'CONV', 1, 1, 0, 0),  latency: 26.58889142857143
- parse estimation results for all stages
[2m[36m(CompileWorker pid=3894287)[0m  tensor (Large latency) dimensions: (1, 2048, 12288, 12288, 1, 1, 1, 1, 1, 1, 0, 0, 'CONV', 1, 1, 0, 0),  latency: 26.58889142857143
Using pre computed peak Mem for (0, 0, 1, 0), module 0
result[(0, 0, 1, 0), 0] = ModuleProfileResult(compute_cost=1155.833, peak_memory=5.600 GB, invar_size=2.861 GB, outvar_size=3.967 GB, temp_buffer_size=-1.229 GB, available_memory=64.000 GB, comm_cost=0.468)
result[(0, 0, 1, 0), 1] = ModuleProfileResult(compute_cost=5928.919, peak_memory=8.181 GB, invar_size=6.829 GB, outvar_size=2.861 GB, temp_buffer_size=1.352 GB, available_memory=64.000 GB, comm_cost=0.107)
Using pre computed peak Mem for (0, 0, 1, 1), module 0
result[(0, 0, 1, 1), 0] = ModuleProfileResult(compute_cost=1155.833, peak_memory=5.600 GB, invar_size=2.861 GB, outvar_size=3.991 GB, temp_buffer_size=-1.252 GB, available_memory=64.000 GB, comm_cost=0.468)
result[(0, 0, 1, 1), 1] = ModuleProfileResult(compute_cost=5928.920, peak_memory=8.404 GB, invar_size=6.852 GB, outvar_size=2.861 GB, temp_buffer_size=1.551 GB, available_memory=64.000 GB, comm_cost=0.106)
Using pre computed peak Mem for (0, 1, 1, 0), module 0
result[(0, 1, 1, 0), 0] = ModuleProfileResult(compute_cost=1587.310, peak_memory=11.200 GB, invar_size=4.549 GB, outvar_size=7.859 GB, temp_buffer_size=-1.208 GB, available_memory=64.000 GB, comm_cost=0.711)
result[(0, 1, 1, 0), 1] = ModuleProfileResult(compute_cost=7516.563, peak_memory=14.029 GB, invar_size=12.408 GB, outvar_size=4.549 GB, temp_buffer_size=1.621 GB, available_memory=64.000 GB, comm_cost=0.182)
Using pre computed peak Mem for (0, 1, 1, 1), module 0
result[(0, 1, 1, 1), 0] = ModuleProfileResult(compute_cost=1587.319, peak_memory=11.200 GB, invar_size=4.549 GB, outvar_size=7.929 GB, temp_buffer_size=-1.278 GB, available_memory=64.000 GB, comm_cost=0.718)
result[(0, 1, 1, 1), 1] = ModuleProfileResult(compute_cost=7516.568, peak_memory=14.403 GB, invar_size=12.478 GB, outvar_size=4.549 GB, temp_buffer_size=1.925 GB, available_memory=64.000 GB, comm_cost=0.183)
Using pre computed peak Mem for (0, 2, 1, 0), module 0
result[(0, 2, 1, 0), 0] = ModuleProfileResult(compute_cost=2308.124, peak_memory=16.800 GB, invar_size=6.800 GB, outvar_size=13.321 GB, temp_buffer_size=-3.320 GB, available_memory=64.000 GB, comm_cost=1.178)
result[(0, 2, 1, 0), 1] = ModuleProfileResult(compute_cost=9590.453, peak_memory=22.234 GB, invar_size=20.120 GB, outvar_size=6.800 GB, temp_buffer_size=2.114 GB, available_memory=64.000 GB, comm_cost=0.312)
Using pre computed peak Mem for (0, 2, 1, 1), module 0
result[(0, 2, 1, 1), 0] = ModuleProfileResult(compute_cost=2308.124, peak_memory=16.800 GB, invar_size=6.800 GB, outvar_size=13.321 GB, temp_buffer_size=-3.320 GB, available_memory=64.000 GB, comm_cost=1.178)
result[(0, 2, 1, 1), 1] = ModuleProfileResult(compute_cost=9590.456, peak_memory=22.304 GB, invar_size=20.120 GB, outvar_size=6.800 GB, temp_buffer_size=2.184 GB, available_memory=64.000 GB, comm_cost=0.314)
Using pre computed peak Mem for (0, 3, 1, 0), module 0
result[(0, 3, 1, 0), 0] = ModuleProfileResult(compute_cost=2739.414, peak_memory=22.400 GB, invar_size=8.487 GB, outvar_size=17.001 GB, temp_buffer_size=-3.088 GB, available_memory=64.000 GB, comm_cost=1.421)
result[(0, 3, 1, 0), 1] = ModuleProfileResult(compute_cost=11177.816, peak_memory=27.929 GB, invar_size=25.488 GB, outvar_size=8.487 GB, temp_buffer_size=2.441 GB, available_memory=64.000 GB, comm_cost=0.387)
Using pre computed peak Mem for (0, 3, 1, 1), module 0
result[(0, 3, 1, 1), 0] = ModuleProfileResult(compute_cost=2604.851, peak_memory=22.400 GB, invar_size=9.050 GB, outvar_size=17.610 GB, temp_buffer_size=-4.260 GB, available_memory=64.000 GB, comm_cost=1.207)
Using pre computed peak Mem for (0, 3, 1, 1), module 1
result[(0, 3, 1, 1), 1] = ModuleProfileResult(compute_cost=12347.585, peak_memory=26.000 GB, invar_size=26.707 GB, outvar_size=9.050 GB, temp_buffer_size=-0.707 GB, available_memory=64.000 GB, comm_cost=0.615)
Using pre computed peak Mem for (0, 4, 1, 0), module 0
result[(0, 4, 1, 0), 0] = ModuleProfileResult(compute_cost=3170.704, peak_memory=28.000 GB, invar_size=10.175 GB, outvar_size=20.845 GB, temp_buffer_size=-3.020 GB, available_memory=64.000 GB, comm_cost=1.665)
result[(0, 4, 1, 0), 1] = ModuleProfileResult(compute_cost=12765.180, peak_memory=33.718 GB, invar_size=31.020 GB, outvar_size=10.175 GB, temp_buffer_size=2.698 GB, available_memory=64.000 GB, comm_cost=0.463)
Using pre computed peak Mem for (0, 4, 1, 1), module 0
result[(0, 4, 1, 1), 0] = ModuleProfileResult(compute_cost=3170.704, peak_memory=28.000 GB, invar_size=10.175 GB, outvar_size=20.892 GB, temp_buffer_size=-3.067 GB, available_memory=64.000 GB, comm_cost=1.665)
result[(0, 4, 1, 1), 1] = ModuleProfileResult(compute_cost=12765.183, peak_memory=33.835 GB, invar_size=31.067 GB, outvar_size=10.175 GB, temp_buffer_size=2.768 GB, available_memory=64.000 GB, comm_cost=0.461)
Using pre computed peak Mem for (0, 5, 1, 0), module 0
result[(0, 5, 1, 0), 0] = ModuleProfileResult(compute_cost=3601.994, peak_memory=33.600 GB, invar_size=11.863 GB, outvar_size=24.572 GB, temp_buffer_size=-2.835 GB, available_memory=64.000 GB, comm_cost=1.908)
result[(0, 5, 1, 0), 1] = ModuleProfileResult(compute_cost=14352.544, peak_memory=39.602 GB, invar_size=36.435 GB, outvar_size=11.863 GB, temp_buffer_size=3.167 GB, available_memory=64.000 GB, comm_cost=0.538)
Using pre computed peak Mem for (0, 5, 1, 1), module 0
result[(0, 5, 1, 1), 0] = ModuleProfileResult(compute_cost=3117.369, peak_memory=33.600 GB, invar_size=13.550 GB, outvar_size=26.213 GB, temp_buffer_size=-6.163 GB, available_memory=64.000 GB, comm_cost=1.127)
Using pre computed peak Mem for (0, 5, 1, 1), module 1
result[(0, 5, 1, 1), 1] = ModuleProfileResult(compute_cost=18711.314, peak_memory=39.000 GB, invar_size=39.763 GB, outvar_size=13.550 GB, temp_buffer_size=-0.763 GB, available_memory=64.000 GB, comm_cost=1.352)
Using pre computed peak Mem for (0, 6, 1, 0), module 0
result[(0, 6, 1, 0), 0] = ModuleProfileResult(compute_cost=4013.159, peak_memory=39.200 GB, invar_size=13.551 GB, outvar_size=28.323 GB, temp_buffer_size=-2.673 GB, available_memory=64.000 GB, comm_cost=2.155)
result[(0, 6, 1, 0), 1] = ModuleProfileResult(compute_cost=15899.470, peak_memory=45.415 GB, invar_size=41.920 GB, outvar_size=13.551 GB, temp_buffer_size=3.495 GB, available_memory=64.000 GB, comm_cost=0.621)
Using pre computed peak Mem for (0, 6, 1, 1), module 0
result[(0, 6, 1, 1), 0] = ModuleProfileResult(compute_cost=4033.284, peak_memory=39.200 GB, invar_size=13.551 GB, outvar_size=28.463 GB, temp_buffer_size=-2.814 GB, available_memory=64.000 GB, comm_cost=2.152)
result[(0, 6, 1, 1), 1] = ModuleProfileResult(compute_cost=15939.912, peak_memory=45.555 GB, invar_size=42.014 GB, outvar_size=13.551 GB, temp_buffer_size=3.541 GB, available_memory=64.000 GB, comm_cost=0.612)
Using pre computed peak Mem for (0, 7, 1, 0), module 0
result[(0, 7, 1, 0), 0] = ModuleProfileResult(compute_cost=4464.574, peak_memory=44.800 GB, invar_size=15.238 GB, outvar_size=32.050 GB, temp_buffer_size=-2.488 GB, available_memory=64.000 GB, comm_cost=2.395)
result[(0, 7, 1, 0), 1] = ModuleProfileResult(compute_cost=17527.274, peak_memory=50.924 GB, invar_size=47.288 GB, outvar_size=15.238 GB, temp_buffer_size=3.636 GB, available_memory=64.000 GB, comm_cost=0.691)
Using pre computed peak Mem for (0, 7, 1, 1), module 0
result[(0, 7, 1, 1), 0] = ModuleProfileResult(compute_cost=4464.574, peak_memory=44.800 GB, invar_size=15.238 GB, outvar_size=32.331 GB, temp_buffer_size=-2.769 GB, available_memory=64.000 GB, comm_cost=2.395)
result[(0, 7, 1, 1), 1] = ModuleProfileResult(compute_cost=17527.280, peak_memory=51.275 GB, invar_size=47.569 GB, outvar_size=15.238 GB, temp_buffer_size=3.706 GB, available_memory=64.000 GB, comm_cost=0.689)
Using pre computed peak Mem for (0, 8, 1, 0), module 0
result[(0, 8, 1, 0), 0] = ModuleProfileResult(compute_cost=4895.864, peak_memory=50.400 GB, invar_size=16.926 GB, outvar_size=35.800 GB, temp_buffer_size=-2.326 GB, available_memory=64.000 GB, comm_cost=2.639)
result[(0, 8, 1, 0), 1] = ModuleProfileResult(compute_cost=19114.636, peak_memory=56.247 GB, invar_size=52.726 GB, outvar_size=16.926 GB, temp_buffer_size=3.521 GB, available_memory=64.000 GB, comm_cost=0.764)
Using pre computed peak Mem for (0, 8, 1, 1), module 0
result[(0, 8, 1, 1), 0] = ModuleProfileResult(compute_cost=4895.864, peak_memory=50.400 GB, invar_size=16.926 GB, outvar_size=36.011 GB, temp_buffer_size=-2.537 GB, available_memory=64.000 GB, comm_cost=2.639)
result[(0, 8, 1, 1), 1] = ModuleProfileResult(compute_cost=19114.642, peak_memory=56.527 GB, invar_size=52.937 GB, outvar_size=16.926 GB, temp_buffer_size=3.590 GB, available_memory=64.000 GB, comm_cost=0.765)
Using pre computed peak Mem for (0, 9, 1, 0), module 0
result[(0, 9, 1, 0), 0] = ModuleProfileResult(compute_cost=5327.154, peak_memory=56.000 GB, invar_size=18.614 GB, outvar_size=39.715 GB, temp_buffer_size=-2.329 GB, available_memory=64.000 GB, comm_cost=2.882)
result[(0, 9, 1, 0), 1] = ModuleProfileResult(compute_cost=20702.008, peak_memory=63.582 GB, invar_size=58.329 GB, outvar_size=18.614 GB, temp_buffer_size=5.253 GB, available_memory=64.000 GB, comm_cost=0.847)
Using pre computed peak Mem for (0, 9, 1, 1), module 0
result[(0, 9, 1, 1), 0] = ModuleProfileResult(compute_cost=5327.154, peak_memory=56.000 GB, invar_size=18.614 GB, outvar_size=39.832 GB, temp_buffer_size=-2.446 GB, available_memory=64.000 GB, comm_cost=2.882)
result[(0, 9, 1, 1), 1] = ModuleProfileResult(compute_cost=20702.010, peak_memory=63.629 GB, invar_size=58.446 GB, outvar_size=18.614 GB, temp_buffer_size=5.183 GB, available_memory=64.000 GB, comm_cost=0.840)
Using pre computed peak Mem for (0, 10, 1, 0), module 0
result[(0, 10, 1, 0), 0] = ModuleProfileResult(compute_cost=5758.443, peak_memory=61.600 GB, invar_size=20.302 GB, outvar_size=43.395 GB, temp_buffer_size=-2.097 GB, available_memory=64.000 GB, comm_cost=3.126)
result[(0, 10, 1, 0), 1] = ModuleProfileResult(compute_cost=22289.369, peak_memory=68.551 GB, invar_size=63.697 GB, outvar_size=20.302 GB, temp_buffer_size=4.855 GB, available_memory=64.000 GB, comm_cost=0.920)
Using pre computed peak Mem for (0, 10, 1, 1), module 0
result[(0, 10, 1, 1), 0] = ModuleProfileResult(compute_cost=5758.458, peak_memory=61.600 GB, invar_size=20.302 GB, outvar_size=43.676 GB, temp_buffer_size=-2.378 GB, available_memory=64.000 GB, comm_cost=3.137)
result[(0, 10, 1, 1), 1] = ModuleProfileResult(compute_cost=22289.385, peak_memory=69.184 GB, invar_size=63.978 GB, outvar_size=20.302 GB, temp_buffer_size=5.206 GB, available_memory=64.000 GB, comm_cost=0.924)
Using pre computed peak Mem for (0, 11, 1, 0), module 0
result[(0, 11, 1, 0), 0] = ModuleProfileResult(compute_cost=5900.586, peak_memory=67.200 GB, invar_size=21.427 GB, outvar_size=46.842 GB, temp_buffer_size=-1.069 GB, available_memory=64.000 GB, comm_cost=3.149)
result[(0, 11, 1, 0), 1] = ModuleProfileResult(compute_cost=55337.565, peak_memory=74.588 GB, invar_size=69.419 GB, outvar_size=22.577 GB, temp_buffer_size=5.168 GB, available_memory=64.000 GB, comm_cost=0.938)
Using pre computed peak Mem for (0, 11, 1, 1), module 0
result[(0, 11, 1, 1), 0] = ModuleProfileResult(compute_cost=5900.584, peak_memory=67.200 GB, invar_size=21.427 GB, outvar_size=46.936 GB, temp_buffer_size=-1.163 GB, available_memory=64.000 GB, comm_cost=3.146)
result[(0, 11, 1, 1), 1] = ModuleProfileResult(compute_cost=55337.572, peak_memory=74.841 GB, invar_size=69.513 GB, outvar_size=22.577 GB, temp_buffer_size=5.328 GB, available_memory=64.000 GB, comm_cost=0.938)
Using pre computed peak Mem for (1, 1, 1, 0), module 0
result[(1, 1, 1, 0), 0] = ModuleProfileResult(compute_cost=431.508, peak_memory=5.600 GB, invar_size=1.782 GB, outvar_size=3.961 GB, temp_buffer_size=-0.143 GB, available_memory=64.000 GB, comm_cost=0.244)
result[(1, 1, 1, 0), 1] = ModuleProfileResult(compute_cost=1587.645, peak_memory=6.775 GB, invar_size=5.649 GB, outvar_size=1.782 GB, temp_buffer_size=1.032 GB, available_memory=64.000 GB, comm_cost=0.075)
Using pre computed peak Mem for (1, 1, 1, 1), module 0
result[(1, 1, 1, 1), 0] = ModuleProfileResult(compute_cost=431.508, peak_memory=5.600 GB, invar_size=1.782 GB, outvar_size=3.985 GB, temp_buffer_size=-0.166 GB, available_memory=64.000 GB, comm_cost=0.244)
result[(1, 1, 1, 1), 1] = ModuleProfileResult(compute_cost=1587.646, peak_memory=7.150 GB, invar_size=5.673 GB, outvar_size=1.782 GB, temp_buffer_size=1.383 GB, available_memory=64.000 GB, comm_cost=0.075)
Using pre computed peak Mem for (1, 2, 1, 0), module 0
result[(1, 2, 1, 0), 0] = ModuleProfileResult(compute_cost=1152.322, peak_memory=11.200 GB, invar_size=4.032 GB, outvar_size=9.447 GB, temp_buffer_size=-2.279 GB, available_memory=64.000 GB, comm_cost=0.710)
result[(1, 2, 1, 0), 1] = ModuleProfileResult(compute_cost=3661.534, peak_memory=14.968 GB, invar_size=13.385 GB, outvar_size=4.032 GB, temp_buffer_size=1.489 GB, available_memory=64.000 GB, comm_cost=0.205)
Using pre computed peak Mem for (1, 2, 1, 1), module 0
result[(1, 2, 1, 1), 0] = ModuleProfileResult(compute_cost=1152.322, peak_memory=11.200 GB, invar_size=4.032 GB, outvar_size=9.470 GB, temp_buffer_size=-2.302 GB, available_memory=64.000 GB, comm_cost=0.710)
result[(1, 2, 1, 1), 1] = ModuleProfileResult(compute_cost=3661.537, peak_memory=15.448 GB, invar_size=13.408 GB, outvar_size=4.032 GB, temp_buffer_size=1.946 GB, available_memory=64.000 GB, comm_cost=0.206)
Using pre computed peak Mem for (1, 3, 1, 0), module 0
result[(1, 3, 1, 0), 0] = ModuleProfileResult(compute_cost=1583.612, peak_memory=16.800 GB, invar_size=5.720 GB, outvar_size=13.197 GB, temp_buffer_size=-2.117 GB, available_memory=64.000 GB, comm_cost=0.953)
result[(1, 3, 1, 0), 1] = ModuleProfileResult(compute_cost=5248.898, peak_memory=20.816 GB, invar_size=18.823 GB, outvar_size=5.720 GB, temp_buffer_size=1.899 GB, available_memory=64.000 GB, comm_cost=0.281)
Using pre computed peak Mem for (1, 3, 1, 1), module 0
result[(1, 3, 1, 1), 0] = ModuleProfileResult(compute_cost=1583.612, peak_memory=16.800 GB, invar_size=5.720 GB, outvar_size=13.244 GB, temp_buffer_size=-2.164 GB, available_memory=64.000 GB, comm_cost=0.953)
result[(1, 3, 1, 1), 1] = ModuleProfileResult(compute_cost=5248.901, peak_memory=21.238 GB, invar_size=18.870 GB, outvar_size=5.720 GB, temp_buffer_size=2.274 GB, available_memory=64.000 GB, comm_cost=0.280)
Using pre computed peak Mem for (1, 4, 1, 0), module 0
result[(1, 4, 1, 0), 0] = ModuleProfileResult(compute_cost=2014.902, peak_memory=22.400 GB, invar_size=7.407 GB, outvar_size=16.995 GB, temp_buffer_size=-2.002 GB, available_memory=64.000 GB, comm_cost=1.197)
result[(1, 4, 1, 0), 1] = ModuleProfileResult(compute_cost=6836.262, peak_memory=26.677 GB, invar_size=24.308 GB, outvar_size=7.407 GB, temp_buffer_size=2.275 GB, available_memory=64.000 GB, comm_cost=0.356)
Using pre computed peak Mem for (1, 4, 1, 1), module 0
result[(1, 4, 1, 1), 0] = ModuleProfileResult(compute_cost=2014.902, peak_memory=22.400 GB, invar_size=7.407 GB, outvar_size=17.112 GB, temp_buffer_size=-2.119 GB, available_memory=64.000 GB, comm_cost=1.197)
result[(1, 4, 1, 1), 1] = ModuleProfileResult(compute_cost=6836.266, peak_memory=27.051 GB, invar_size=24.426 GB, outvar_size=7.407 GB, temp_buffer_size=2.532 GB, available_memory=64.000 GB, comm_cost=0.355)
Using pre computed peak Mem for (1, 5, 1, 0), module 0
result[(1, 5, 1, 0), 0] = ModuleProfileResult(compute_cost=2446.192, peak_memory=28.000 GB, invar_size=9.095 GB, outvar_size=20.816 GB, temp_buffer_size=-1.911 GB, available_memory=64.000 GB, comm_cost=1.440)
result[(1, 5, 1, 0), 1] = ModuleProfileResult(compute_cost=8423.625, peak_memory=32.443 GB, invar_size=29.817 GB, outvar_size=9.095 GB, temp_buffer_size=2.532 GB, available_memory=64.000 GB, comm_cost=0.432)
Using pre computed peak Mem for (1, 5, 1, 1), module 0
result[(1, 5, 1, 1), 0] = ModuleProfileResult(compute_cost=2446.192, peak_memory=28.000 GB, invar_size=9.095 GB, outvar_size=20.886 GB, temp_buffer_size=-1.981 GB, available_memory=64.000 GB, comm_cost=1.440)
result[(1, 5, 1, 1), 1] = ModuleProfileResult(compute_cost=8423.631, peak_memory=32.841 GB, invar_size=29.887 GB, outvar_size=9.095 GB, temp_buffer_size=2.860 GB, available_memory=64.000 GB, comm_cost=0.430)
Using pre computed peak Mem for (1, 6, 1, 0), module 0
result[(1, 6, 1, 0), 0] = ModuleProfileResult(compute_cost=2877.482, peak_memory=33.600 GB, invar_size=10.783 GB, outvar_size=24.613 GB, temp_buffer_size=-1.796 GB, available_memory=64.000 GB, comm_cost=1.684)
result[(1, 6, 1, 0), 1] = ModuleProfileResult(compute_cost=10010.989, peak_memory=38.397 GB, invar_size=35.302 GB, outvar_size=10.783 GB, temp_buffer_size=3.001 GB, available_memory=64.000 GB, comm_cost=0.507)
Using pre computed peak Mem for (1, 6, 1, 1), module 0
result[(1, 6, 1, 1), 0] = ModuleProfileResult(compute_cost=2877.482, peak_memory=33.600 GB, invar_size=10.783 GB, outvar_size=24.519 GB, temp_buffer_size=-1.702 GB, available_memory=64.000 GB, comm_cost=1.684)
result[(1, 6, 1, 1), 1] = ModuleProfileResult(compute_cost=10010.993, peak_memory=38.280 GB, invar_size=35.208 GB, outvar_size=10.783 GB, temp_buffer_size=2.978 GB, available_memory=64.000 GB, comm_cost=0.506)
Using pre computed peak Mem for (1, 7, 1, 0), module 0
result[(1, 7, 1, 0), 0] = ModuleProfileResult(compute_cost=3308.772, peak_memory=39.200 GB, invar_size=12.471 GB, outvar_size=28.317 GB, temp_buffer_size=-1.587 GB, available_memory=64.000 GB, comm_cost=1.927)
result[(1, 7, 1, 0), 1] = ModuleProfileResult(compute_cost=11598.353, peak_memory=44.093 GB, invar_size=40.693 GB, outvar_size=12.471 GB, temp_buffer_size=3.306 GB, available_memory=64.000 GB, comm_cost=0.582)
Using pre computed peak Mem for (1, 7, 1, 1), module 0
result[(1, 7, 1, 1), 0] = ModuleProfileResult(compute_cost=3308.772, peak_memory=39.200 GB, invar_size=12.471 GB, outvar_size=28.481 GB, temp_buffer_size=-1.751 GB, available_memory=64.000 GB, comm_cost=1.927)
result[(1, 7, 1, 1), 1] = ModuleProfileResult(compute_cost=11598.359, peak_memory=44.678 GB, invar_size=40.858 GB, outvar_size=12.471 GB, temp_buffer_size=3.727 GB, available_memory=64.000 GB, comm_cost=0.578)
Using pre computed peak Mem for (1, 8, 1, 0), module 0
result[(1, 8, 1, 0), 0] = ModuleProfileResult(compute_cost=3740.062, peak_memory=44.800 GB, invar_size=14.158 GB, outvar_size=32.137 GB, temp_buffer_size=-1.496 GB, available_memory=64.000 GB, comm_cost=2.171)
result[(1, 8, 1, 0), 1] = ModuleProfileResult(compute_cost=13185.717, peak_memory=49.719 GB, invar_size=46.202 GB, outvar_size=14.158 GB, temp_buffer_size=3.423 GB, available_memory=64.000 GB, comm_cost=0.658)
Using pre computed peak Mem for (1, 8, 1, 1), module 0
result[(1, 8, 1, 1), 0] = ModuleProfileResult(compute_cost=3740.062, peak_memory=44.800 GB, invar_size=14.158 GB, outvar_size=32.231 GB, temp_buffer_size=-1.590 GB, available_memory=64.000 GB, comm_cost=2.171)
result[(1, 8, 1, 1), 1] = ModuleProfileResult(compute_cost=13185.724, peak_memory=50.000 GB, invar_size=46.296 GB, outvar_size=14.158 GB, temp_buffer_size=3.610 GB, available_memory=64.000 GB, comm_cost=0.654)
Using pre computed peak Mem for (1, 9, 1, 0), module 0
result[(1, 9, 1, 0), 0] = ModuleProfileResult(compute_cost=4171.352, peak_memory=50.400 GB, invar_size=15.846 GB, outvar_size=35.841 GB, temp_buffer_size=-1.287 GB, available_memory=64.000 GB, comm_cost=2.414)
result[(1, 9, 1, 0), 1] = ModuleProfileResult(compute_cost=14773.081, peak_memory=55.042 GB, invar_size=51.593 GB, outvar_size=15.846 GB, temp_buffer_size=3.354 GB, available_memory=64.000 GB, comm_cost=0.733)
Using pre computed peak Mem for (1, 9, 1, 1), module 0
result[(1, 9, 1, 1), 0] = ModuleProfileResult(compute_cost=4171.352, peak_memory=50.400 GB, invar_size=15.846 GB, outvar_size=36.005 GB, temp_buffer_size=-1.451 GB, available_memory=64.000 GB, comm_cost=2.414)
result[(1, 9, 1, 1), 1] = ModuleProfileResult(compute_cost=14773.089, peak_memory=55.252 GB, invar_size=51.758 GB, outvar_size=15.846 GB, temp_buffer_size=3.400 GB, available_memory=64.000 GB, comm_cost=0.731)
Using pre computed peak Mem for (1, 10, 1, 0), module 0
result[(1, 10, 1, 0), 0] = ModuleProfileResult(compute_cost=4602.641, peak_memory=56.000 GB, invar_size=17.534 GB, outvar_size=39.592 GB, temp_buffer_size=-1.125 GB, available_memory=64.000 GB, comm_cost=2.658)
result[(1, 10, 1, 0), 1] = ModuleProfileResult(compute_cost=16360.445, peak_memory=62.212 GB, invar_size=57.032 GB, outvar_size=17.534 GB, temp_buffer_size=5.087 GB, available_memory=64.000 GB, comm_cost=0.808)
Using pre computed peak Mem for (1, 10, 1, 1), module 0
result[(1, 10, 1, 1), 0] = ModuleProfileResult(compute_cost=4602.641, peak_memory=56.000 GB, invar_size=17.534 GB, outvar_size=39.849 GB, temp_buffer_size=-1.383 GB, available_memory=64.000 GB, comm_cost=2.658)
result[(1, 10, 1, 1), 1] = ModuleProfileResult(compute_cost=16360.449, peak_memory=62.424 GB, invar_size=57.290 GB, outvar_size=17.534 GB, temp_buffer_size=5.040 GB, available_memory=64.000 GB, comm_cost=0.803)
Using pre computed peak Mem for (1, 11, 1, 0), module 0
result[(1, 11, 1, 0), 0] = ModuleProfileResult(compute_cost=4744.782, peak_memory=61.600 GB, invar_size=19.234 GB, outvar_size=42.511 GB, temp_buffer_size=-0.145 GB, available_memory=64.000 GB, comm_cost=2.679)
Using pre computed peak Mem for (1, 11, 1, 0), module 1
result[(1, 11, 1, 0), 1] = ModuleProfileResult(compute_cost=33448.695, peak_memory=71.500 GB, invar_size=61.651 GB, outvar_size=19.234 GB, temp_buffer_size=9.755 GB, available_memory=64.000 GB, comm_cost=1.032)
Using pre computed peak Mem for (1, 11, 1, 1), module 0
result[(1, 11, 1, 1), 0] = ModuleProfileResult(compute_cost=4744.782, peak_memory=61.600 GB, invar_size=19.234 GB, outvar_size=42.534 GB, temp_buffer_size=-0.168 GB, available_memory=64.000 GB, comm_cost=2.679)
Using pre computed peak Mem for (1, 11, 1, 1), module 1
result[(1, 11, 1, 1), 1] = ModuleProfileResult(compute_cost=33448.707, peak_memory=71.500 GB, invar_size=61.675 GB, outvar_size=19.234 GB, temp_buffer_size=9.732 GB, available_memory=64.000 GB, comm_cost=1.034)
Using pre computed peak Mem for (2, 2, 1, 0), module 0
result[(2, 2, 1, 0), 0] = ModuleProfileResult(compute_cost=720.845, peak_memory=5.600 GB, invar_size=2.344 GB, outvar_size=5.556 GB, temp_buffer_size=-2.300 GB, available_memory=64.000 GB, comm_cost=0.466)
result[(2, 2, 1, 0), 1] = ModuleProfileResult(compute_cost=2073.889, peak_memory=9.072 GB, invar_size=7.806 GB, outvar_size=2.344 GB, temp_buffer_size=1.172 GB, available_memory=64.000 GB, comm_cost=0.130)
Using pre computed peak Mem for (2, 2, 1, 1), module 0
result[(2, 2, 1, 1), 0] = ModuleProfileResult(compute_cost=720.845, peak_memory=5.600 GB, invar_size=2.344 GB, outvar_size=5.556 GB, temp_buffer_size=-2.300 GB, available_memory=64.000 GB, comm_cost=0.466)
result[(2, 2, 1, 1), 1] = ModuleProfileResult(compute_cost=2073.890, peak_memory=9.049 GB, invar_size=7.806 GB, outvar_size=2.344 GB, temp_buffer_size=1.149 GB, available_memory=64.000 GB, comm_cost=0.129)
Using pre computed peak Mem for (2, 3, 1, 0), module 0
result[(2, 3, 1, 0), 0] = ModuleProfileResult(compute_cost=1152.135, peak_memory=11.200 GB, invar_size=4.032 GB, outvar_size=9.353 GB, temp_buffer_size=-2.185 GB, available_memory=64.000 GB, comm_cost=0.710)
result[(2, 3, 1, 0), 1] = ModuleProfileResult(compute_cost=3661.253, peak_memory=14.839 GB, invar_size=13.291 GB, outvar_size=4.032 GB, temp_buffer_size=1.454 GB, available_memory=64.000 GB, comm_cost=0.205)
Using pre computed peak Mem for (2, 3, 1, 1), module 0
result[(2, 3, 1, 1), 0] = ModuleProfileResult(compute_cost=1152.135, peak_memory=11.200 GB, invar_size=4.032 GB, outvar_size=9.306 GB, temp_buffer_size=-2.138 GB, available_memory=64.000 GB, comm_cost=0.710)
result[(2, 3, 1, 1), 1] = ModuleProfileResult(compute_cost=3661.256, peak_memory=15.213 GB, invar_size=13.244 GB, outvar_size=4.032 GB, temp_buffer_size=1.875 GB, available_memory=64.000 GB, comm_cost=0.206)
Using pre computed peak Mem for (2, 4, 1, 0), module 0
result[(2, 4, 1, 0), 0] = ModuleProfileResult(compute_cost=1583.425, peak_memory=16.800 GB, invar_size=5.720 GB, outvar_size=13.104 GB, temp_buffer_size=-2.023 GB, available_memory=64.000 GB, comm_cost=0.953)
result[(2, 4, 1, 0), 1] = ModuleProfileResult(compute_cost=5248.617, peak_memory=20.699 GB, invar_size=18.729 GB, outvar_size=5.720 GB, temp_buffer_size=1.876 GB, available_memory=64.000 GB, comm_cost=0.281)
Using pre computed peak Mem for (2, 4, 1, 1), module 0
result[(2, 4, 1, 1), 0] = ModuleProfileResult(compute_cost=1583.425, peak_memory=16.800 GB, invar_size=5.720 GB, outvar_size=13.080 GB, temp_buffer_size=-2.000 GB, available_memory=64.000 GB, comm_cost=0.953)
result[(2, 4, 1, 1), 1] = ModuleProfileResult(compute_cost=5248.620, peak_memory=20.652 GB, invar_size=18.706 GB, outvar_size=5.720 GB, temp_buffer_size=1.852 GB, available_memory=64.000 GB, comm_cost=0.282)
Using pre computed peak Mem for (2, 5, 1, 0), module 0
result[(2, 5, 1, 0), 0] = ModuleProfileResult(compute_cost=2014.715, peak_memory=22.400 GB, invar_size=7.407 GB, outvar_size=16.878 GB, temp_buffer_size=-1.885 GB, available_memory=64.000 GB, comm_cost=1.197)
result[(2, 5, 1, 0), 1] = ModuleProfileResult(compute_cost=6835.981, peak_memory=26.665 GB, invar_size=24.191 GB, outvar_size=7.407 GB, temp_buffer_size=2.380 GB, available_memory=64.000 GB, comm_cost=0.356)
Using pre computed peak Mem for (2, 5, 1, 1), module 0
result[(2, 5, 1, 1), 0] = ModuleProfileResult(compute_cost=2014.715, peak_memory=22.400 GB, invar_size=7.407 GB, outvar_size=16.948 GB, temp_buffer_size=-1.955 GB, available_memory=64.000 GB, comm_cost=1.197)
result[(2, 5, 1, 1), 1] = ModuleProfileResult(compute_cost=6835.982, peak_memory=26.770 GB, invar_size=24.261 GB, outvar_size=7.407 GB, temp_buffer_size=2.415 GB, available_memory=64.000 GB, comm_cost=0.355)
Using pre computed peak Mem for (2, 6, 1, 0), module 0
result[(2, 6, 1, 0), 0] = ModuleProfileResult(compute_cost=2446.005, peak_memory=28.000 GB, invar_size=9.095 GB, outvar_size=20.769 GB, temp_buffer_size=-1.864 GB, available_memory=64.000 GB, comm_cost=1.440)
result[(2, 6, 1, 0), 1] = ModuleProfileResult(compute_cost=8423.345, peak_memory=32.583 GB, invar_size=29.770 GB, outvar_size=9.095 GB, temp_buffer_size=2.719 GB, available_memory=64.000 GB, comm_cost=0.432)
Using pre computed peak Mem for (2, 6, 1, 1), module 0
result[(2, 6, 1, 1), 0] = ModuleProfileResult(compute_cost=2446.005, peak_memory=28.000 GB, invar_size=9.095 GB, outvar_size=20.745 GB, temp_buffer_size=-1.840 GB, available_memory=64.000 GB, comm_cost=1.440)
result[(2, 6, 1, 1), 1] = ModuleProfileResult(compute_cost=8423.348, peak_memory=32.560 GB, invar_size=29.747 GB, outvar_size=9.095 GB, temp_buffer_size=2.719 GB, available_memory=64.000 GB, comm_cost=0.429)
Using pre computed peak Mem for (2, 7, 1, 0), module 0
result[(2, 7, 1, 0), 0] = ModuleProfileResult(compute_cost=2877.294, peak_memory=33.600 GB, invar_size=10.783 GB, outvar_size=24.402 GB, temp_buffer_size=-1.585 GB, available_memory=64.000 GB, comm_cost=1.684)
result[(2, 7, 1, 0), 1] = ModuleProfileResult(compute_cost=10010.708, peak_memory=38.467 GB, invar_size=35.091 GB, outvar_size=10.783 GB, temp_buffer_size=3.282 GB, available_memory=64.000 GB, comm_cost=0.507)
Using pre computed peak Mem for (2, 7, 1, 1), module 0
result[(2, 7, 1, 1), 0] = ModuleProfileResult(compute_cost=2877.294, peak_memory=33.600 GB, invar_size=10.783 GB, outvar_size=24.543 GB, temp_buffer_size=-1.726 GB, available_memory=64.000 GB, comm_cost=1.684)
result[(2, 7, 1, 1), 1] = ModuleProfileResult(compute_cost=10010.713, peak_memory=38.982 GB, invar_size=35.232 GB, outvar_size=10.783 GB, temp_buffer_size=3.657 GB, available_memory=64.000 GB, comm_cost=0.506)
Using pre computed peak Mem for (2, 8, 1, 0), module 0
result[(2, 8, 1, 0), 0] = ModuleProfileResult(compute_cost=3308.584, peak_memory=39.200 GB, invar_size=12.471 GB, outvar_size=28.223 GB, temp_buffer_size=-1.493 GB, available_memory=64.000 GB, comm_cost=1.927)
result[(2, 8, 1, 0), 1] = ModuleProfileResult(compute_cost=11598.072, peak_memory=43.975 GB, invar_size=40.600 GB, outvar_size=12.471 GB, temp_buffer_size=3.281 GB, available_memory=64.000 GB, comm_cost=0.582)
Using pre computed peak Mem for (2, 8, 1, 1), module 0
result[(2, 8, 1, 1), 0] = ModuleProfileResult(compute_cost=3308.584, peak_memory=39.200 GB, invar_size=12.471 GB, outvar_size=28.340 GB, temp_buffer_size=-1.611 GB, available_memory=64.000 GB, comm_cost=1.927)
result[(2, 8, 1, 1), 1] = ModuleProfileResult(compute_cost=11598.082, peak_memory=44.046 GB, invar_size=40.717 GB, outvar_size=12.471 GB, temp_buffer_size=3.235 GB, available_memory=64.000 GB, comm_cost=0.584)
Using pre computed peak Mem for (2, 9, 1, 0), module 0
result[(2, 9, 1, 0), 0] = ModuleProfileResult(compute_cost=3739.874, peak_memory=44.800 GB, invar_size=14.158 GB, outvar_size=31.880 GB, temp_buffer_size=-1.238 GB, available_memory=64.000 GB, comm_cost=2.171)
result[(2, 9, 1, 0), 1] = ModuleProfileResult(compute_cost=13185.436, peak_memory=49.461 GB, invar_size=45.944 GB, outvar_size=14.158 GB, temp_buffer_size=3.423 GB, available_memory=64.000 GB, comm_cost=0.658)
Using pre computed peak Mem for (2, 9, 1, 1), module 0
result[(2, 9, 1, 1), 0] = ModuleProfileResult(compute_cost=3739.874, peak_memory=44.800 GB, invar_size=14.158 GB, outvar_size=32.044 GB, temp_buffer_size=-1.402 GB, available_memory=64.000 GB, comm_cost=2.171)
result[(2, 9, 1, 1), 1] = ModuleProfileResult(compute_cost=13185.443, peak_memory=49.624 GB, invar_size=46.108 GB, outvar_size=14.158 GB, temp_buffer_size=3.422 GB, available_memory=64.000 GB, comm_cost=0.659)
Using pre computed peak Mem for (2, 10, 1, 0), module 0
result[(2, 10, 1, 0), 0] = ModuleProfileResult(compute_cost=4171.164, peak_memory=50.400 GB, invar_size=15.846 GB, outvar_size=35.747 GB, temp_buffer_size=-1.193 GB, available_memory=64.000 GB, comm_cost=2.414)
result[(2, 10, 1, 0), 1] = ModuleProfileResult(compute_cost=14772.800, peak_memory=55.041 GB, invar_size=51.500 GB, outvar_size=15.846 GB, temp_buffer_size=3.447 GB, available_memory=64.000 GB, comm_cost=0.733)
Using pre computed peak Mem for (2, 10, 1, 1), module 0
result[(2, 10, 1, 1), 0] = ModuleProfileResult(compute_cost=4171.164, peak_memory=50.400 GB, invar_size=15.846 GB, outvar_size=35.888 GB, temp_buffer_size=-1.334 GB, available_memory=64.000 GB, comm_cost=2.414)
result[(2, 10, 1, 1), 1] = ModuleProfileResult(compute_cost=14772.808, peak_memory=55.158 GB, invar_size=51.640 GB, outvar_size=15.846 GB, temp_buffer_size=3.424 GB, available_memory=64.000 GB, comm_cost=0.733)
Using pre computed peak Mem for (2, 11, 1, 0), module 0
result[(2, 11, 1, 0), 0] = ModuleProfileResult(compute_cost=4313.305, peak_memory=56.000 GB, invar_size=17.546 GB, outvar_size=38.596 GB, temp_buffer_size=-0.143 GB, available_memory=64.000 GB, comm_cost=2.435)
Using pre computed peak Mem for (2, 11, 1, 0), module 1
result[(2, 11, 1, 0), 1] = ModuleProfileResult(compute_cost=31861.051, peak_memory=65.000 GB, invar_size=56.049 GB, outvar_size=17.546 GB, temp_buffer_size=8.858 GB, available_memory=64.000 GB, comm_cost=0.957)
Using pre computed peak Mem for (2, 11, 1, 1), module 0
result[(2, 11, 1, 1), 0] = ModuleProfileResult(compute_cost=4313.305, peak_memory=56.000 GB, invar_size=17.546 GB, outvar_size=38.737 GB, temp_buffer_size=-0.283 GB, available_memory=64.000 GB, comm_cost=2.435)
Using pre computed peak Mem for (2, 11, 1, 1), module 1
result[(2, 11, 1, 1), 1] = ModuleProfileResult(compute_cost=31861.060, peak_memory=65.000 GB, invar_size=56.189 GB, outvar_size=17.546 GB, temp_buffer_size=8.717 GB, available_memory=64.000 GB, comm_cost=0.954)
Using pre computed peak Mem for (3, 3, 1, 0), module 0
result[(3, 3, 1, 0), 0] = ModuleProfileResult(compute_cost=431.321, peak_memory=5.600 GB, invar_size=1.782 GB, outvar_size=3.891 GB, temp_buffer_size=-0.073 GB, available_memory=64.000 GB, comm_cost=0.244)
result[(3, 3, 1, 0), 1] = ModuleProfileResult(compute_cost=1587.364, peak_memory=6.493 GB, invar_size=5.579 GB, outvar_size=1.782 GB, temp_buffer_size=0.820 GB, available_memory=64.000 GB, comm_cost=0.075)
Using pre computed peak Mem for (3, 3, 1, 1), module 0
result[(3, 3, 1, 1), 0] = ModuleProfileResult(compute_cost=431.321, peak_memory=5.600 GB, invar_size=1.782 GB, outvar_size=3.868 GB, temp_buffer_size=-0.049 GB, available_memory=64.000 GB, comm_cost=0.244)
result[(3, 3, 1, 1), 1] = ModuleProfileResult(compute_cost=1587.364, peak_memory=6.423 GB, invar_size=5.555 GB, outvar_size=1.782 GB, temp_buffer_size=0.773 GB, available_memory=64.000 GB, comm_cost=0.075)
Using pre computed peak Mem for (3, 4, 1, 0), module 0
result[(3, 4, 1, 0), 0] = ModuleProfileResult(compute_cost=862.611, peak_memory=11.200 GB, invar_size=3.469 GB, outvar_size=7.689 GB, temp_buffer_size=0.042 GB, available_memory=64.000 GB, comm_cost=0.487)
result[(3, 4, 1, 0), 1] = ModuleProfileResult(compute_cost=3174.728, peak_memory=12.470 GB, invar_size=11.064 GB, outvar_size=3.469 GB, temp_buffer_size=1.313 GB, available_memory=64.000 GB, comm_cost=0.151)
Using pre computed peak Mem for (3, 4, 1, 1), module 0
result[(3, 4, 1, 1), 0] = ModuleProfileResult(compute_cost=862.611, peak_memory=11.200 GB, invar_size=3.469 GB, outvar_size=7.689 GB, temp_buffer_size=0.042 GB, available_memory=64.000 GB, comm_cost=0.487)
result[(3, 4, 1, 1), 1] = ModuleProfileResult(compute_cost=3174.729, peak_memory=12.494 GB, invar_size=11.064 GB, outvar_size=3.469 GB, temp_buffer_size=1.336 GB, available_memory=64.000 GB, comm_cost=0.150)
Using pre computed peak Mem for (3, 5, 1, 0), module 0
result[(3, 5, 1, 0), 0] = ModuleProfileResult(compute_cost=1293.901, peak_memory=16.800 GB, invar_size=5.157 GB, outvar_size=11.439 GB, temp_buffer_size=0.204 GB, available_memory=64.000 GB, comm_cost=0.731)
result[(3, 5, 1, 0), 1] = ModuleProfileResult(compute_cost=4762.092, peak_memory=18.472 GB, invar_size=16.502 GB, outvar_size=5.157 GB, temp_buffer_size=1.876 GB, available_memory=64.000 GB, comm_cost=0.226)
Using pre computed peak Mem for (3, 5, 1, 1), module 0
result[(3, 5, 1, 1), 0] = ModuleProfileResult(compute_cost=1293.901, peak_memory=16.800 GB, invar_size=5.157 GB, outvar_size=11.462 GB, temp_buffer_size=0.180 GB, available_memory=64.000 GB, comm_cost=0.731)
result[(3, 5, 1, 1), 1] = ModuleProfileResult(compute_cost=4762.093, peak_memory=18.542 GB, invar_size=16.526 GB, outvar_size=5.157 GB, temp_buffer_size=1.922 GB, available_memory=64.000 GB, comm_cost=0.225)
Using pre computed peak Mem for (3, 6, 1, 0), module 0
result[(3, 6, 1, 0), 0] = ModuleProfileResult(compute_cost=1725.191, peak_memory=22.400 GB, invar_size=6.845 GB, outvar_size=15.236 GB, temp_buffer_size=0.319 GB, available_memory=64.000 GB, comm_cost=0.974)
result[(3, 6, 1, 0), 1] = ModuleProfileResult(compute_cost=6349.455, peak_memory=24.402 GB, invar_size=21.987 GB, outvar_size=6.845 GB, temp_buffer_size=2.321 GB, available_memory=64.000 GB, comm_cost=0.301)
Using pre computed peak Mem for (3, 6, 1, 1), module 0
result[(3, 6, 1, 1), 0] = ModuleProfileResult(compute_cost=1725.191, peak_memory=22.400 GB, invar_size=6.845 GB, outvar_size=15.166 GB, temp_buffer_size=0.389 GB, available_memory=64.000 GB, comm_cost=0.974)
result[(3, 6, 1, 1), 1] = ModuleProfileResult(compute_cost=6349.457, peak_memory=24.332 GB, invar_size=21.917 GB, outvar_size=6.845 GB, temp_buffer_size=2.321 GB, available_memory=64.000 GB, comm_cost=0.302)
Using pre computed peak Mem for (3, 7, 1, 0), module 0
result[(3, 7, 1, 0), 0] = ModuleProfileResult(compute_cost=2156.481, peak_memory=28.000 GB, invar_size=8.533 GB, outvar_size=19.057 GB, temp_buffer_size=0.410 GB, available_memory=64.000 GB, comm_cost=1.218)
result[(3, 7, 1, 0), 1] = ModuleProfileResult(compute_cost=7936.819, peak_memory=30.450 GB, invar_size=27.496 GB, outvar_size=8.533 GB, temp_buffer_size=2.860 GB, available_memory=64.000 GB, comm_cost=0.377)
Using pre computed peak Mem for (3, 7, 1, 1), module 0
result[(3, 7, 1, 1), 0] = ModuleProfileResult(compute_cost=2156.481, peak_memory=28.000 GB, invar_size=8.533 GB, outvar_size=19.057 GB, temp_buffer_size=0.410 GB, available_memory=64.000 GB, comm_cost=1.218)
result[(3, 7, 1, 1), 1] = ModuleProfileResult(compute_cost=7936.825, peak_memory=30.778 GB, invar_size=27.496 GB, outvar_size=8.533 GB, temp_buffer_size=3.188 GB, available_memory=64.000 GB, comm_cost=0.375)
Using pre computed peak Mem for (3, 8, 1, 0), module 0
result[(3, 8, 1, 0), 0] = ModuleProfileResult(compute_cost=2587.771, peak_memory=33.600 GB, invar_size=10.220 GB, outvar_size=22.761 GB, temp_buffer_size=0.619 GB, available_memory=64.000 GB, comm_cost=1.461)
result[(3, 8, 1, 0), 1] = ModuleProfileResult(compute_cost=9524.183, peak_memory=35.888 GB, invar_size=32.887 GB, outvar_size=10.220 GB, temp_buffer_size=2.907 GB, available_memory=64.000 GB, comm_cost=0.452)
Using pre computed peak Mem for (3, 8, 1, 1), module 0
result[(3, 8, 1, 1), 0] = ModuleProfileResult(compute_cost=2587.771, peak_memory=33.600 GB, invar_size=10.220 GB, outvar_size=22.855 GB, temp_buffer_size=0.525 GB, available_memory=64.000 GB, comm_cost=1.461)
result[(3, 8, 1, 1), 1] = ModuleProfileResult(compute_cost=9524.188, peak_memory=36.333 GB, invar_size=32.981 GB, outvar_size=10.220 GB, temp_buffer_size=3.259 GB, available_memory=64.000 GB, comm_cost=0.452)
Using pre computed peak Mem for (3, 9, 1, 0), module 0
result[(3, 9, 1, 0), 0] = ModuleProfileResult(compute_cost=3019.061, peak_memory=39.200 GB, invar_size=11.908 GB, outvar_size=26.511 GB, temp_buffer_size=0.781 GB, available_memory=64.000 GB, comm_cost=1.705)
result[(3, 9, 1, 0), 1] = ModuleProfileResult(compute_cost=11111.547, peak_memory=41.514 GB, invar_size=38.326 GB, outvar_size=11.908 GB, temp_buffer_size=3.095 GB, available_memory=64.000 GB, comm_cost=0.528)
Using pre computed peak Mem for (3, 9, 1, 1), module 0
result[(3, 9, 1, 1), 0] = ModuleProfileResult(compute_cost=3019.061, peak_memory=39.200 GB, invar_size=11.908 GB, outvar_size=26.582 GB, temp_buffer_size=0.710 GB, available_memory=64.000 GB, comm_cost=1.705)
result[(3, 9, 1, 1), 1] = ModuleProfileResult(compute_cost=11111.551, peak_memory=41.807 GB, invar_size=38.396 GB, outvar_size=11.908 GB, temp_buffer_size=3.317 GB, available_memory=64.000 GB, comm_cost=0.526)
Using pre computed peak Mem for (3, 10, 1, 0), module 0
result[(3, 10, 1, 0), 0] = ModuleProfileResult(compute_cost=3450.350, peak_memory=44.800 GB, invar_size=13.596 GB, outvar_size=30.285 GB, temp_buffer_size=0.919 GB, available_memory=64.000 GB, comm_cost=1.948)
result[(3, 10, 1, 0), 1] = ModuleProfileResult(compute_cost=12698.911, peak_memory=46.999 GB, invar_size=43.787 GB, outvar_size=13.596 GB, temp_buffer_size=3.118 GB, available_memory=64.000 GB, comm_cost=0.603)
Using pre computed peak Mem for (3, 10, 1, 1), module 0
result[(3, 10, 1, 1), 0] = ModuleProfileResult(compute_cost=3450.350, peak_memory=44.800 GB, invar_size=13.596 GB, outvar_size=30.449 GB, temp_buffer_size=0.755 GB, available_memory=64.000 GB, comm_cost=1.948)
result[(3, 10, 1, 1), 1] = ModuleProfileResult(compute_cost=12698.915, peak_memory=47.303 GB, invar_size=43.951 GB, outvar_size=13.596 GB, temp_buffer_size=3.258 GB, available_memory=64.000 GB, comm_cost=0.600)
Using pre computed peak Mem for (3, 11, 1, 0), module 0
result[(3, 11, 1, 0), 0] = ModuleProfileResult(compute_cost=3592.491, peak_memory=50.400 GB, invar_size=15.296 GB, outvar_size=33.087 GB, temp_buffer_size=2.017 GB, available_memory=64.000 GB, comm_cost=1.969)
Using pre computed peak Mem for (3, 11, 1, 0), module 1
result[(3, 11, 1, 0), 1] = ModuleProfileResult(compute_cost=29787.161, peak_memory=58.500 GB, invar_size=48.290 GB, outvar_size=15.296 GB, temp_buffer_size=10.117 GB, available_memory=64.000 GB, comm_cost=0.827)
Using pre computed peak Mem for (3, 11, 1, 1), module 0
result[(3, 11, 1, 1), 0] = ModuleProfileResult(compute_cost=3592.491, peak_memory=50.400 GB, invar_size=15.296 GB, outvar_size=33.087 GB, temp_buffer_size=2.017 GB, available_memory=64.000 GB, comm_cost=1.969)
Using pre computed peak Mem for (3, 11, 1, 1), module 1
result[(3, 11, 1, 1), 1] = ModuleProfileResult(compute_cost=29787.168, peak_memory=58.500 GB, invar_size=48.290 GB, outvar_size=15.296 GB, temp_buffer_size=10.117 GB, available_memory=64.000 GB, comm_cost=0.830)
Using pre computed peak Mem for (4, 4, 1, 0), module 0
result[(4, 4, 1, 0), 0] = ModuleProfileResult(compute_cost=431.321, peak_memory=5.600 GB, invar_size=1.782 GB, outvar_size=3.891 GB, temp_buffer_size=-0.073 GB, available_memory=64.000 GB, comm_cost=0.244)
result[(4, 4, 1, 0), 1] = ModuleProfileResult(compute_cost=1587.364, peak_memory=6.493 GB, invar_size=5.579 GB, outvar_size=1.782 GB, temp_buffer_size=0.820 GB, available_memory=64.000 GB, comm_cost=0.075)
Using pre computed peak Mem for (4, 4, 1, 1), module 0
result[(4, 4, 1, 1), 0] = ModuleProfileResult(compute_cost=431.321, peak_memory=5.600 GB, invar_size=1.782 GB, outvar_size=3.915 GB, temp_buffer_size=-0.096 GB, available_memory=64.000 GB, comm_cost=0.244)
result[(4, 4, 1, 1), 1] = ModuleProfileResult(compute_cost=1587.365, peak_memory=6.845 GB, invar_size=5.602 GB, outvar_size=1.782 GB, temp_buffer_size=1.148 GB, available_memory=64.000 GB, comm_cost=0.075)
Using pre computed peak Mem for (4, 5, 1, 0), module 0
result[(4, 5, 1, 0), 0] = ModuleProfileResult(compute_cost=862.611, peak_memory=11.200 GB, invar_size=3.469 GB, outvar_size=7.642 GB, temp_buffer_size=0.089 GB, available_memory=64.000 GB, comm_cost=0.487)
result[(4, 5, 1, 0), 1] = ModuleProfileResult(compute_cost=3174.728, peak_memory=12.401 GB, invar_size=11.017 GB, outvar_size=3.469 GB, temp_buffer_size=1.290 GB, available_memory=64.000 GB, comm_cost=0.151)
Using pre computed peak Mem for (4, 5, 1, 1), module 0
result[(4, 5, 1, 1), 0] = ModuleProfileResult(compute_cost=862.611, peak_memory=11.200 GB, invar_size=3.469 GB, outvar_size=7.689 GB, temp_buffer_size=0.042 GB, available_memory=64.000 GB, comm_cost=0.487)
result[(4, 5, 1, 1), 1] = ModuleProfileResult(compute_cost=3174.730, peak_memory=12.517 GB, invar_size=11.064 GB, outvar_size=3.469 GB, temp_buffer_size=1.360 GB, available_memory=64.000 GB, comm_cost=0.151)
Using pre computed peak Mem for (4, 6, 1, 0), module 0
result[(4, 6, 1, 0), 0] = ModuleProfileResult(compute_cost=1293.901, peak_memory=16.800 GB, invar_size=5.157 GB, outvar_size=11.462 GB, temp_buffer_size=0.180 GB, available_memory=64.000 GB, comm_cost=0.731)
result[(4, 6, 1, 0), 1] = ModuleProfileResult(compute_cost=4762.092, peak_memory=18.542 GB, invar_size=16.526 GB, outvar_size=5.157 GB, temp_buffer_size=1.922 GB, available_memory=64.000 GB, comm_cost=0.226)
Using pre computed peak Mem for (4, 6, 1, 1), module 0
result[(4, 6, 1, 1), 0] = ModuleProfileResult(compute_cost=1293.901, peak_memory=16.800 GB, invar_size=5.157 GB, outvar_size=11.486 GB, temp_buffer_size=0.157 GB, available_memory=64.000 GB, comm_cost=0.731)
result[(4, 6, 1, 1), 1] = ModuleProfileResult(compute_cost=4762.096, peak_memory=18.589 GB, invar_size=16.549 GB, outvar_size=5.157 GB, temp_buffer_size=1.946 GB, available_memory=64.000 GB, comm_cost=0.227)
Using pre computed peak Mem for (4, 7, 1, 0), module 0
result[(4, 7, 1, 0), 0] = ModuleProfileResult(compute_cost=1725.191, peak_memory=22.400 GB, invar_size=6.845 GB, outvar_size=15.166 GB, temp_buffer_size=0.389 GB, available_memory=64.000 GB, comm_cost=0.974)
result[(4, 7, 1, 0), 1] = ModuleProfileResult(compute_cost=6349.455, peak_memory=24.309 GB, invar_size=21.917 GB, outvar_size=6.845 GB, temp_buffer_size=2.298 GB, available_memory=64.000 GB, comm_cost=0.301)
Using pre computed peak Mem for (4, 7, 1, 1), module 0
result[(4, 7, 1, 1), 0] = ModuleProfileResult(compute_cost=1725.191, peak_memory=22.400 GB, invar_size=6.845 GB, outvar_size=15.236 GB, temp_buffer_size=0.319 GB, available_memory=64.000 GB, comm_cost=0.974)
result[(4, 7, 1, 1), 1] = ModuleProfileResult(compute_cost=6349.457, peak_memory=24.496 GB, invar_size=21.987 GB, outvar_size=6.845 GB, temp_buffer_size=2.415 GB, available_memory=64.000 GB, comm_cost=0.300)
Using pre computed peak Mem for (4, 8, 1, 0), module 0
result[(4, 8, 1, 0), 0] = ModuleProfileResult(compute_cost=2156.481, peak_memory=28.000 GB, invar_size=8.533 GB, outvar_size=19.034 GB, temp_buffer_size=0.434 GB, available_memory=64.000 GB, comm_cost=1.218)
result[(4, 8, 1, 0), 1] = ModuleProfileResult(compute_cost=7936.819, peak_memory=30.403 GB, invar_size=27.473 GB, outvar_size=8.533 GB, temp_buffer_size=2.837 GB, available_memory=64.000 GB, comm_cost=0.377)
Using pre computed peak Mem for (4, 8, 1, 1), module 0
result[(4, 8, 1, 1), 0] = ModuleProfileResult(compute_cost=2156.481, peak_memory=28.000 GB, invar_size=8.533 GB, outvar_size=19.104 GB, temp_buffer_size=0.363 GB, available_memory=64.000 GB, comm_cost=1.218)
result[(4, 8, 1, 1), 1] = ModuleProfileResult(compute_cost=7936.825, peak_memory=30.860 GB, invar_size=27.543 GB, outvar_size=8.533 GB, temp_buffer_size=3.223 GB, available_memory=64.000 GB, comm_cost=0.376)
Using pre computed peak Mem for (4, 9, 1, 0), module 0
result[(4, 9, 1, 0), 0] = ModuleProfileResult(compute_cost=2587.771, peak_memory=33.600 GB, invar_size=10.220 GB, outvar_size=22.761 GB, temp_buffer_size=0.619 GB, available_memory=64.000 GB, comm_cost=1.461)
result[(4, 9, 1, 0), 1] = ModuleProfileResult(compute_cost=9524.183, peak_memory=35.899 GB, invar_size=32.887 GB, outvar_size=10.220 GB, temp_buffer_size=2.918 GB, available_memory=64.000 GB, comm_cost=0.452)
Using pre computed peak Mem for (4, 9, 1, 1), module 0
result[(4, 9, 1, 1), 0] = ModuleProfileResult(compute_cost=2587.771, peak_memory=33.600 GB, invar_size=10.220 GB, outvar_size=22.902 GB, temp_buffer_size=0.478 GB, available_memory=64.000 GB, comm_cost=1.461)
result[(4, 9, 1, 1), 1] = ModuleProfileResult(compute_cost=9524.189, peak_memory=36.380 GB, invar_size=33.028 GB, outvar_size=10.220 GB, temp_buffer_size=3.258 GB, available_memory=64.000 GB, comm_cost=0.452)
Using pre computed peak Mem for (4, 10, 1, 0), module 0
result[(4, 10, 1, 0), 0] = ModuleProfileResult(compute_cost=3019.061, peak_memory=39.200 GB, invar_size=11.908 GB, outvar_size=26.488 GB, temp_buffer_size=0.804 GB, available_memory=64.000 GB, comm_cost=1.705)
result[(4, 10, 1, 0), 1] = ModuleProfileResult(compute_cost=11111.547, peak_memory=41.491 GB, invar_size=38.302 GB, outvar_size=11.908 GB, temp_buffer_size=3.095 GB, available_memory=64.000 GB, comm_cost=0.528)
Using pre computed peak Mem for (4, 10, 1, 1), module 0
result[(4, 10, 1, 1), 0] = ModuleProfileResult(compute_cost=3019.061, peak_memory=39.200 GB, invar_size=11.908 GB, outvar_size=26.652 GB, temp_buffer_size=0.640 GB, available_memory=64.000 GB, comm_cost=1.705)
result[(4, 10, 1, 1), 1] = ModuleProfileResult(compute_cost=11111.550, peak_memory=41.912 GB, invar_size=38.466 GB, outvar_size=11.908 GB, temp_buffer_size=3.352 GB, available_memory=64.000 GB, comm_cost=0.523)
Using pre computed peak Mem for (4, 11, 1, 0), module 0
result[(4, 11, 1, 0), 0] = ModuleProfileResult(compute_cost=3161.201, peak_memory=44.800 GB, invar_size=13.608 GB, outvar_size=29.384 GB, temp_buffer_size=1.808 GB, available_memory=64.000 GB, comm_cost=1.725)
Using pre computed peak Mem for (4, 11, 1, 0), module 1
result[(4, 11, 1, 0), 1] = ModuleProfileResult(compute_cost=28199.798, peak_memory=52.000 GB, invar_size=42.898 GB, outvar_size=13.608 GB, temp_buffer_size=9.008 GB, available_memory=64.000 GB, comm_cost=0.751)
Using pre computed peak Mem for (4, 11, 1, 1), module 0
result[(4, 11, 1, 1), 0] = ModuleProfileResult(compute_cost=3161.201, peak_memory=44.800 GB, invar_size=13.608 GB, outvar_size=29.384 GB, temp_buffer_size=1.808 GB, available_memory=64.000 GB, comm_cost=1.725)
Using pre computed peak Mem for (4, 11, 1, 1), module 1
result[(4, 11, 1, 1), 1] = ModuleProfileResult(compute_cost=28199.804, peak_memory=52.000 GB, invar_size=42.898 GB, outvar_size=13.608 GB, temp_buffer_size=9.008 GB, available_memory=64.000 GB, comm_cost=0.752)
Using pre computed peak Mem for (5, 5, 1, 0), module 0
result[(5, 5, 1, 0), 0] = ModuleProfileResult(compute_cost=431.321, peak_memory=5.600 GB, invar_size=1.782 GB, outvar_size=3.891 GB, temp_buffer_size=-0.073 GB, available_memory=64.000 GB, comm_cost=0.244)
result[(5, 5, 1, 0), 1] = ModuleProfileResult(compute_cost=1587.364, peak_memory=6.493 GB, invar_size=5.579 GB, outvar_size=1.782 GB, temp_buffer_size=0.820 GB, available_memory=64.000 GB, comm_cost=0.075)
Using pre computed peak Mem for (5, 5, 1, 1), module 0
result[(5, 5, 1, 1), 0] = ModuleProfileResult(compute_cost=431.321, peak_memory=5.600 GB, invar_size=1.782 GB, outvar_size=3.915 GB, temp_buffer_size=-0.096 GB, available_memory=64.000 GB, comm_cost=0.244)
result[(5, 5, 1, 1), 1] = ModuleProfileResult(compute_cost=1587.365, peak_memory=6.845 GB, invar_size=5.602 GB, outvar_size=1.782 GB, temp_buffer_size=1.148 GB, available_memory=64.000 GB, comm_cost=0.075)
Using pre computed peak Mem for (5, 6, 1, 0), module 0
result[(5, 6, 1, 0), 0] = ModuleProfileResult(compute_cost=862.611, peak_memory=11.200 GB, invar_size=3.469 GB, outvar_size=7.642 GB, temp_buffer_size=0.089 GB, available_memory=64.000 GB, comm_cost=0.487)
result[(5, 6, 1, 0), 1] = ModuleProfileResult(compute_cost=3174.728, peak_memory=12.424 GB, invar_size=11.017 GB, outvar_size=3.469 GB, temp_buffer_size=1.313 GB, available_memory=64.000 GB, comm_cost=0.151)
Using pre computed peak Mem for (5, 6, 1, 1), module 0
result[(5, 6, 1, 1), 0] = ModuleProfileResult(compute_cost=862.611, peak_memory=11.200 GB, invar_size=3.469 GB, outvar_size=7.665 GB, temp_buffer_size=0.066 GB, available_memory=64.000 GB, comm_cost=0.487)
result[(5, 6, 1, 1), 1] = ModuleProfileResult(compute_cost=3174.727, peak_memory=12.447 GB, invar_size=11.041 GB, outvar_size=3.469 GB, temp_buffer_size=1.313 GB, available_memory=64.000 GB, comm_cost=0.149)
Using pre computed peak Mem for (5, 7, 1, 0), module 0
result[(5, 7, 1, 0), 0] = ModuleProfileResult(compute_cost=1293.901, peak_memory=16.800 GB, invar_size=5.157 GB, outvar_size=11.416 GB, temp_buffer_size=0.227 GB, available_memory=64.000 GB, comm_cost=0.731)
result[(5, 7, 1, 0), 1] = ModuleProfileResult(compute_cost=4762.092, peak_memory=18.425 GB, invar_size=16.479 GB, outvar_size=5.157 GB, temp_buffer_size=1.852 GB, available_memory=64.000 GB, comm_cost=0.226)
Using pre computed peak Mem for (5, 7, 1, 1), module 0
result[(5, 7, 1, 1), 0] = ModuleProfileResult(compute_cost=1293.901, peak_memory=16.800 GB, invar_size=5.157 GB, outvar_size=11.416 GB, temp_buffer_size=0.227 GB, available_memory=64.000 GB, comm_cost=0.731)
result[(5, 7, 1, 1), 1] = ModuleProfileResult(compute_cost=4762.094, peak_memory=18.495 GB, invar_size=16.479 GB, outvar_size=5.157 GB, temp_buffer_size=1.922 GB, available_memory=64.000 GB, comm_cost=0.226)
Using pre computed peak Mem for (5, 8, 1, 0), module 0
result[(5, 8, 1, 0), 0] = ModuleProfileResult(compute_cost=1725.191, peak_memory=22.400 GB, invar_size=6.845 GB, outvar_size=15.213 GB, temp_buffer_size=0.342 GB, available_memory=64.000 GB, comm_cost=0.974)
result[(5, 8, 1, 0), 1] = ModuleProfileResult(compute_cost=6349.455, peak_memory=24.402 GB, invar_size=21.964 GB, outvar_size=6.845 GB, temp_buffer_size=2.344 GB, available_memory=64.000 GB, comm_cost=0.301)
Using pre computed peak Mem for (5, 8, 1, 1), module 0
result[(5, 8, 1, 1), 0] = ModuleProfileResult(compute_cost=1725.191, peak_memory=22.400 GB, invar_size=6.845 GB, outvar_size=15.260 GB, temp_buffer_size=0.295 GB, available_memory=64.000 GB, comm_cost=0.974)
result[(5, 8, 1, 1), 1] = ModuleProfileResult(compute_cost=6349.459, peak_memory=24.473 GB, invar_size=22.011 GB, outvar_size=6.845 GB, temp_buffer_size=2.368 GB, available_memory=64.000 GB, comm_cost=0.301)
Using pre computed peak Mem for (5, 9, 1, 0), module 0
result[(5, 9, 1, 0), 0] = ModuleProfileResult(compute_cost=2156.481, peak_memory=28.000 GB, invar_size=8.533 GB, outvar_size=18.964 GB, temp_buffer_size=0.504 GB, available_memory=64.000 GB, comm_cost=1.218)
result[(5, 9, 1, 0), 1] = ModuleProfileResult(compute_cost=7936.819, peak_memory=30.356 GB, invar_size=27.402 GB, outvar_size=8.533 GB, temp_buffer_size=2.860 GB, available_memory=64.000 GB, comm_cost=0.377)
Using pre computed peak Mem for (5, 9, 1, 1), module 0
result[(5, 9, 1, 1), 0] = ModuleProfileResult(compute_cost=2156.481, peak_memory=28.000 GB, invar_size=8.533 GB, outvar_size=19.057 GB, temp_buffer_size=0.410 GB, available_memory=64.000 GB, comm_cost=1.218)
result[(5, 9, 1, 1), 1] = ModuleProfileResult(compute_cost=7936.825, peak_memory=30.824 GB, invar_size=27.496 GB, outvar_size=8.533 GB, temp_buffer_size=3.235 GB, available_memory=64.000 GB, comm_cost=0.379)
Using pre computed peak Mem for (5, 10, 1, 0), module 0
result[(5, 10, 1, 0), 0] = ModuleProfileResult(compute_cost=2587.771, peak_memory=33.600 GB, invar_size=10.220 GB, outvar_size=22.761 GB, temp_buffer_size=0.619 GB, available_memory=64.000 GB, comm_cost=1.461)
result[(5, 10, 1, 0), 1] = ModuleProfileResult(compute_cost=9524.183, peak_memory=35.865 GB, invar_size=32.887 GB, outvar_size=10.220 GB, temp_buffer_size=2.884 GB, available_memory=64.000 GB, comm_cost=0.452)
Using pre computed peak Mem for (5, 10, 1, 1), module 0
result[(5, 10, 1, 1), 0] = ModuleProfileResult(compute_cost=2587.771, peak_memory=33.600 GB, invar_size=10.220 GB, outvar_size=22.831 GB, temp_buffer_size=0.548 GB, available_memory=64.000 GB, comm_cost=1.461)
result[(5, 10, 1, 1), 1] = ModuleProfileResult(compute_cost=9524.185, peak_memory=36.287 GB, invar_size=32.958 GB, outvar_size=10.220 GB, temp_buffer_size=3.235 GB, available_memory=64.000 GB, comm_cost=0.449)
Using pre computed peak Mem for (5, 11, 1, 0), module 0
result[(5, 11, 1, 0), 0] = ModuleProfileResult(compute_cost=2729.911, peak_memory=39.200 GB, invar_size=11.921 GB, outvar_size=25.586 GB, temp_buffer_size=1.693 GB, available_memory=64.000 GB, comm_cost=1.482)
Using pre computed peak Mem for (5, 11, 1, 0), module 1
result[(5, 11, 1, 0), 1] = ModuleProfileResult(compute_cost=26612.434, peak_memory=45.500 GB, invar_size=37.413 GB, outvar_size=11.921 GB, temp_buffer_size=7.993 GB, available_memory=64.000 GB, comm_cost=0.676)
Using pre computed peak Mem for (5, 11, 1, 1), module 0
result[(5, 11, 1, 1), 0] = ModuleProfileResult(compute_cost=2729.911, peak_memory=39.200 GB, invar_size=11.921 GB, outvar_size=25.539 GB, temp_buffer_size=1.740 GB, available_memory=64.000 GB, comm_cost=1.482)
Using pre computed peak Mem for (5, 11, 1, 1), module 1
result[(5, 11, 1, 1), 1] = ModuleProfileResult(compute_cost=26612.439, peak_memory=45.500 GB, invar_size=37.366 GB, outvar_size=11.921 GB, temp_buffer_size=8.040 GB, available_memory=64.000 GB, comm_cost=0.678)
Using pre computed peak Mem for (6, 6, 1, 0), module 0
result[(6, 6, 1, 0), 0] = ModuleProfileResult(compute_cost=431.321, peak_memory=5.600 GB, invar_size=1.782 GB, outvar_size=3.891 GB, temp_buffer_size=-0.073 GB, available_memory=64.000 GB, comm_cost=0.244)
result[(6, 6, 1, 0), 1] = ModuleProfileResult(compute_cost=1587.364, peak_memory=6.493 GB, invar_size=5.579 GB, outvar_size=1.782 GB, temp_buffer_size=0.820 GB, available_memory=64.000 GB, comm_cost=0.075)
Using pre computed peak Mem for (6, 6, 1, 1), module 0
result[(6, 6, 1, 1), 0] = ModuleProfileResult(compute_cost=431.321, peak_memory=5.600 GB, invar_size=1.782 GB, outvar_size=3.915 GB, temp_buffer_size=-0.096 GB, available_memory=64.000 GB, comm_cost=0.244)
result[(6, 6, 1, 1), 1] = ModuleProfileResult(compute_cost=1587.365, peak_memory=6.845 GB, invar_size=5.602 GB, outvar_size=1.782 GB, temp_buffer_size=1.148 GB, available_memory=64.000 GB, comm_cost=0.075)
Using pre computed peak Mem for (6, 7, 1, 0), module 0
result[(6, 7, 1, 0), 0] = ModuleProfileResult(compute_cost=862.611, peak_memory=11.200 GB, invar_size=3.469 GB, outvar_size=7.642 GB, temp_buffer_size=0.089 GB, available_memory=64.000 GB, comm_cost=0.487)
result[(6, 7, 1, 0), 1] = ModuleProfileResult(compute_cost=3174.728, peak_memory=12.401 GB, invar_size=11.017 GB, outvar_size=3.469 GB, temp_buffer_size=1.290 GB, available_memory=64.000 GB, comm_cost=0.151)
Using pre computed peak Mem for (6, 7, 1, 1), module 0
result[(6, 7, 1, 1), 0] = ModuleProfileResult(compute_cost=862.611, peak_memory=11.200 GB, invar_size=3.469 GB, outvar_size=7.642 GB, temp_buffer_size=0.089 GB, available_memory=64.000 GB, comm_cost=0.487)
result[(6, 7, 1, 1), 1] = ModuleProfileResult(compute_cost=3174.729, peak_memory=12.377 GB, invar_size=11.017 GB, outvar_size=3.469 GB, temp_buffer_size=1.266 GB, available_memory=64.000 GB, comm_cost=0.152)
Using pre computed peak Mem for (6, 8, 1, 0), module 0
result[(6, 8, 1, 0), 0] = ModuleProfileResult(compute_cost=1293.901, peak_memory=16.800 GB, invar_size=5.157 GB, outvar_size=11.462 GB, temp_buffer_size=0.180 GB, available_memory=64.000 GB, comm_cost=0.731)
result[(6, 8, 1, 0), 1] = ModuleProfileResult(compute_cost=4762.092, peak_memory=18.495 GB, invar_size=16.526 GB, outvar_size=5.157 GB, temp_buffer_size=1.875 GB, available_memory=64.000 GB, comm_cost=0.226)
Using pre computed peak Mem for (6, 8, 1, 1), module 0
result[(6, 8, 1, 1), 0] = ModuleProfileResult(compute_cost=1293.901, peak_memory=16.800 GB, invar_size=5.157 GB, outvar_size=11.486 GB, temp_buffer_size=0.157 GB, available_memory=64.000 GB, comm_cost=0.731)
result[(6, 8, 1, 1), 1] = ModuleProfileResult(compute_cost=4762.096, peak_memory=18.589 GB, invar_size=16.549 GB, outvar_size=5.157 GB, temp_buffer_size=1.946 GB, available_memory=64.000 GB, comm_cost=0.227)
Using pre computed peak Mem for (6, 9, 1, 0), module 0
result[(6, 9, 1, 0), 0] = ModuleProfileResult(compute_cost=1725.191, peak_memory=22.400 GB, invar_size=6.845 GB, outvar_size=15.236 GB, temp_buffer_size=0.319 GB, available_memory=64.000 GB, comm_cost=0.974)
result[(6, 9, 1, 0), 1] = ModuleProfileResult(compute_cost=6349.455, peak_memory=24.402 GB, invar_size=21.987 GB, outvar_size=6.845 GB, temp_buffer_size=2.321 GB, available_memory=64.000 GB, comm_cost=0.301)
Using pre computed peak Mem for (6, 9, 1, 1), module 0
result[(6, 9, 1, 1), 0] = ModuleProfileResult(compute_cost=1725.191, peak_memory=22.400 GB, invar_size=6.845 GB, outvar_size=15.213 GB, temp_buffer_size=0.342 GB, available_memory=64.000 GB, comm_cost=0.974)
result[(6, 9, 1, 1), 1] = ModuleProfileResult(compute_cost=6349.460, peak_memory=24.426 GB, invar_size=21.964 GB, outvar_size=6.845 GB, temp_buffer_size=2.368 GB, available_memory=64.000 GB, comm_cost=0.302)
Using pre computed peak Mem for (6, 10, 1, 0), module 0
result[(6, 10, 1, 0), 0] = ModuleProfileResult(compute_cost=2156.481, peak_memory=28.000 GB, invar_size=8.533 GB, outvar_size=19.034 GB, temp_buffer_size=0.434 GB, available_memory=64.000 GB, comm_cost=1.218)
result[(6, 10, 1, 0), 1] = ModuleProfileResult(compute_cost=7936.819, peak_memory=30.380 GB, invar_size=27.473 GB, outvar_size=8.533 GB, temp_buffer_size=2.813 GB, available_memory=64.000 GB, comm_cost=0.377)
Using pre computed peak Mem for (6, 10, 1, 1), module 0
result[(6, 10, 1, 1), 0] = ModuleProfileResult(compute_cost=2156.481, peak_memory=28.000 GB, invar_size=8.533 GB, outvar_size=19.128 GB, temp_buffer_size=0.340 GB, available_memory=64.000 GB, comm_cost=1.218)
result[(6, 10, 1, 1), 1] = ModuleProfileResult(compute_cost=7936.825, peak_memory=30.871 GB, invar_size=27.566 GB, outvar_size=8.533 GB, temp_buffer_size=3.211 GB, available_memory=64.000 GB, comm_cost=0.375)
Using pre computed peak Mem for (6, 11, 1, 0), module 0
result[(6, 11, 1, 0), 0] = ModuleProfileResult(compute_cost=2298.622, peak_memory=33.600 GB, invar_size=10.233 GB, outvar_size=21.812 GB, temp_buffer_size=1.555 GB, available_memory=64.000 GB, comm_cost=1.238)
Using pre computed peak Mem for (6, 11, 1, 0), module 1
result[(6, 11, 1, 0), 1] = ModuleProfileResult(compute_cost=25025.070, peak_memory=39.000 GB, invar_size=31.951 GB, outvar_size=10.233 GB, temp_buffer_size=6.955 GB, available_memory=64.000 GB, comm_cost=0.600)
Using pre computed peak Mem for (6, 11, 1, 1), module 0
result[(6, 11, 1, 1), 0] = ModuleProfileResult(compute_cost=2298.622, peak_memory=33.600 GB, invar_size=10.233 GB, outvar_size=21.883 GB, temp_buffer_size=1.485 GB, available_memory=64.000 GB, comm_cost=1.238)
Using pre computed peak Mem for (6, 11, 1, 1), module 1
result[(6, 11, 1, 1), 1] = ModuleProfileResult(compute_cost=25025.077, peak_memory=39.000 GB, invar_size=32.022 GB, outvar_size=10.233 GB, temp_buffer_size=6.885 GB, available_memory=64.000 GB, comm_cost=0.602)
Using pre computed peak Mem for (7, 7, 1, 0), module 0
result[(7, 7, 1, 0), 0] = ModuleProfileResult(compute_cost=431.321, peak_memory=5.600 GB, invar_size=1.782 GB, outvar_size=3.891 GB, temp_buffer_size=-0.073 GB, available_memory=64.000 GB, comm_cost=0.244)
result[(7, 7, 1, 0), 1] = ModuleProfileResult(compute_cost=1587.364, peak_memory=6.493 GB, invar_size=5.579 GB, outvar_size=1.782 GB, temp_buffer_size=0.820 GB, available_memory=64.000 GB, comm_cost=0.075)
Using pre computed peak Mem for (7, 7, 1, 1), module 0
result[(7, 7, 1, 1), 0] = ModuleProfileResult(compute_cost=431.321, peak_memory=5.600 GB, invar_size=1.782 GB, outvar_size=3.915 GB, temp_buffer_size=-0.096 GB, available_memory=64.000 GB, comm_cost=0.244)
result[(7, 7, 1, 1), 1] = ModuleProfileResult(compute_cost=1587.365, peak_memory=6.845 GB, invar_size=5.602 GB, outvar_size=1.782 GB, temp_buffer_size=1.148 GB, available_memory=64.000 GB, comm_cost=0.075)
Using pre computed peak Mem for (7, 8, 1, 0), module 0
result[(7, 8, 1, 0), 0] = ModuleProfileResult(compute_cost=862.611, peak_memory=11.200 GB, invar_size=3.469 GB, outvar_size=7.618 GB, temp_buffer_size=0.113 GB, available_memory=64.000 GB, comm_cost=0.487)
result[(7, 8, 1, 0), 1] = ModuleProfileResult(compute_cost=3174.728, peak_memory=12.377 GB, invar_size=10.994 GB, outvar_size=3.469 GB, temp_buffer_size=1.290 GB, available_memory=64.000 GB, comm_cost=0.151)
Using pre computed peak Mem for (7, 8, 1, 1), module 0
result[(7, 8, 1, 1), 0] = ModuleProfileResult(compute_cost=862.611, peak_memory=11.200 GB, invar_size=3.469 GB, outvar_size=7.735 GB, temp_buffer_size=-0.005 GB, available_memory=64.000 GB, comm_cost=0.487)
result[(7, 8, 1, 1), 1] = ModuleProfileResult(compute_cost=3174.730, peak_memory=12.869 GB, invar_size=11.111 GB, outvar_size=3.469 GB, temp_buffer_size=1.664 GB, available_memory=64.000 GB, comm_cost=0.149)
Using pre computed peak Mem for (7, 9, 1, 0), module 0
result[(7, 9, 1, 0), 0] = ModuleProfileResult(compute_cost=1293.901, peak_memory=16.800 GB, invar_size=5.157 GB, outvar_size=11.416 GB, temp_buffer_size=0.227 GB, available_memory=64.000 GB, comm_cost=0.731)
result[(7, 9, 1, 0), 1] = ModuleProfileResult(compute_cost=4762.092, peak_memory=18.448 GB, invar_size=16.479 GB, outvar_size=5.157 GB, temp_buffer_size=1.876 GB, available_memory=64.000 GB, comm_cost=0.226)
Using pre computed peak Mem for (7, 9, 1, 1), module 0
result[(7, 9, 1, 1), 0] = ModuleProfileResult(compute_cost=1293.901, peak_memory=16.800 GB, invar_size=5.157 GB, outvar_size=11.556 GB, temp_buffer_size=0.087 GB, available_memory=64.000 GB, comm_cost=0.731)
result[(7, 9, 1, 1), 1] = ModuleProfileResult(compute_cost=4762.094, peak_memory=18.964 GB, invar_size=16.619 GB, outvar_size=5.157 GB, temp_buffer_size=2.250 GB, available_memory=64.000 GB, comm_cost=0.224)
Using pre computed peak Mem for (7, 10, 1, 0), module 0
result[(7, 10, 1, 0), 0] = ModuleProfileResult(compute_cost=1725.191, peak_memory=22.400 GB, invar_size=6.845 GB, outvar_size=15.166 GB, temp_buffer_size=0.389 GB, available_memory=64.000 GB, comm_cost=0.974)
result[(7, 10, 1, 0), 1] = ModuleProfileResult(compute_cost=6349.455, peak_memory=24.332 GB, invar_size=21.917 GB, outvar_size=6.845 GB, temp_buffer_size=2.321 GB, available_memory=64.000 GB, comm_cost=0.301)
Using pre computed peak Mem for (7, 10, 1, 1), module 0
result[(7, 10, 1, 1), 0] = ModuleProfileResult(compute_cost=1725.191, peak_memory=22.400 GB, invar_size=6.845 GB, outvar_size=15.283 GB, temp_buffer_size=0.272 GB, available_memory=64.000 GB, comm_cost=0.974)
result[(7, 10, 1, 1), 1] = ModuleProfileResult(compute_cost=6349.458, peak_memory=24.531 GB, invar_size=22.034 GB, outvar_size=6.845 GB, temp_buffer_size=2.403 GB, available_memory=64.000 GB, comm_cost=0.302)
Using pre computed peak Mem for (7, 11, 1, 0), module 0
result[(7, 11, 1, 0), 0] = ModuleProfileResult(compute_cost=1867.332, peak_memory=28.000 GB, invar_size=8.545 GB, outvar_size=18.015 GB, temp_buffer_size=1.440 GB, available_memory=64.000 GB, comm_cost=0.995)
Using pre computed peak Mem for (7, 11, 1, 0), module 1
result[(7, 11, 1, 0), 1] = ModuleProfileResult(compute_cost=23437.706, peak_memory=32.500 GB, invar_size=26.466 GB, outvar_size=8.545 GB, temp_buffer_size=5.940 GB, available_memory=64.000 GB, comm_cost=0.525)
Using pre computed peak Mem for (7, 11, 1, 1), module 0
result[(7, 11, 1, 1), 0] = ModuleProfileResult(compute_cost=1867.332, peak_memory=28.000 GB, invar_size=8.545 GB, outvar_size=18.015 GB, temp_buffer_size=1.440 GB, available_memory=64.000 GB, comm_cost=0.995)
Using pre computed peak Mem for (7, 11, 1, 1), module 1
result[(7, 11, 1, 1), 1] = ModuleProfileResult(compute_cost=23437.708, peak_memory=32.500 GB, invar_size=26.466 GB, outvar_size=8.545 GB, temp_buffer_size=5.940 GB, available_memory=64.000 GB, comm_cost=0.524)
Using pre computed peak Mem for (8, 8, 1, 0), module 0
result[(8, 8, 1, 0), 0] = ModuleProfileResult(compute_cost=431.321, peak_memory=5.600 GB, invar_size=1.782 GB, outvar_size=3.891 GB, temp_buffer_size=-0.073 GB, available_memory=64.000 GB, comm_cost=0.244)
result[(8, 8, 1, 0), 1] = ModuleProfileResult(compute_cost=1587.364, peak_memory=6.470 GB, invar_size=5.579 GB, outvar_size=1.782 GB, temp_buffer_size=0.797 GB, available_memory=64.000 GB, comm_cost=0.075)
Using pre computed peak Mem for (8, 8, 1, 1), module 0
result[(8, 8, 1, 1), 0] = ModuleProfileResult(compute_cost=431.321, peak_memory=5.600 GB, invar_size=1.782 GB, outvar_size=3.915 GB, temp_buffer_size=-0.096 GB, available_memory=64.000 GB, comm_cost=0.244)
result[(8, 8, 1, 1), 1] = ModuleProfileResult(compute_cost=1587.365, peak_memory=6.845 GB, invar_size=5.602 GB, outvar_size=1.782 GB, temp_buffer_size=1.148 GB, available_memory=64.000 GB, comm_cost=0.075)
Using pre computed peak Mem for (8, 9, 1, 0), module 0
result[(8, 9, 1, 0), 0] = ModuleProfileResult(compute_cost=862.611, peak_memory=11.200 GB, invar_size=3.469 GB, outvar_size=7.618 GB, temp_buffer_size=0.113 GB, available_memory=64.000 GB, comm_cost=0.487)
result[(8, 9, 1, 0), 1] = ModuleProfileResult(compute_cost=3174.728, peak_memory=12.377 GB, invar_size=10.994 GB, outvar_size=3.469 GB, temp_buffer_size=1.290 GB, available_memory=64.000 GB, comm_cost=0.151)
Using pre computed peak Mem for (8, 9, 1, 1), module 0
result[(8, 9, 1, 1), 0] = ModuleProfileResult(compute_cost=862.611, peak_memory=11.200 GB, invar_size=3.469 GB, outvar_size=7.735 GB, temp_buffer_size=-0.005 GB, available_memory=64.000 GB, comm_cost=0.487)
result[(8, 9, 1, 1), 1] = ModuleProfileResult(compute_cost=3174.730, peak_memory=12.869 GB, invar_size=11.111 GB, outvar_size=3.469 GB, temp_buffer_size=1.664 GB, available_memory=64.000 GB, comm_cost=0.149)
Using pre computed peak Mem for (8, 10, 1, 0), module 0
result[(8, 10, 1, 0), 0] = ModuleProfileResult(compute_cost=1293.901, peak_memory=16.800 GB, invar_size=5.157 GB, outvar_size=11.486 GB, temp_buffer_size=0.157 GB, available_memory=64.000 GB, comm_cost=0.731)
result[(8, 10, 1, 0), 1] = ModuleProfileResult(compute_cost=4762.092, peak_memory=18.519 GB, invar_size=16.549 GB, outvar_size=5.157 GB, temp_buffer_size=1.876 GB, available_memory=64.000 GB, comm_cost=0.226)
Using pre computed peak Mem for (8, 10, 1, 1), module 0
result[(8, 10, 1, 1), 0] = ModuleProfileResult(compute_cost=1293.901, peak_memory=16.800 GB, invar_size=5.157 GB, outvar_size=11.462 GB, temp_buffer_size=0.180 GB, available_memory=64.000 GB, comm_cost=0.731)
result[(8, 10, 1, 1), 1] = ModuleProfileResult(compute_cost=4762.097, peak_memory=18.565 GB, invar_size=16.526 GB, outvar_size=5.157 GB, temp_buffer_size=1.946 GB, available_memory=64.000 GB, comm_cost=0.229)
Using pre computed peak Mem for (8, 11, 1, 0), module 0
result[(8, 11, 1, 0), 0] = ModuleProfileResult(compute_cost=1436.042, peak_memory=22.400 GB, invar_size=6.857 GB, outvar_size=14.264 GB, temp_buffer_size=1.278 GB, available_memory=64.000 GB, comm_cost=0.751)
Using pre computed peak Mem for (8, 11, 1, 0), module 1
result[(8, 11, 1, 0), 1] = ModuleProfileResult(compute_cost=21850.342, peak_memory=26.000 GB, invar_size=21.028 GB, outvar_size=6.857 GB, temp_buffer_size=4.878 GB, available_memory=64.000 GB, comm_cost=0.450)
Using pre computed peak Mem for (8, 11, 1, 1), module 0
result[(8, 11, 1, 1), 0] = ModuleProfileResult(compute_cost=1436.042, peak_memory=22.400 GB, invar_size=6.857 GB, outvar_size=14.217 GB, temp_buffer_size=1.325 GB, available_memory=64.000 GB, comm_cost=0.751)
Using pre computed peak Mem for (8, 11, 1, 1), module 1
result[(8, 11, 1, 1), 1] = ModuleProfileResult(compute_cost=21850.344, peak_memory=26.000 GB, invar_size=20.981 GB, outvar_size=6.857 GB, temp_buffer_size=4.925 GB, available_memory=64.000 GB, comm_cost=0.451)
Using pre computed peak Mem for (9, 9, 1, 0), module 0
result[(9, 9, 1, 0), 0] = ModuleProfileResult(compute_cost=431.321, peak_memory=5.600 GB, invar_size=1.782 GB, outvar_size=3.868 GB, temp_buffer_size=-0.049 GB, available_memory=64.000 GB, comm_cost=0.244)
result[(9, 9, 1, 0), 1] = ModuleProfileResult(compute_cost=1587.364, peak_memory=6.446 GB, invar_size=5.555 GB, outvar_size=1.782 GB, temp_buffer_size=0.797 GB, available_memory=64.000 GB, comm_cost=0.075)
Using pre computed peak Mem for (9, 9, 1, 1), module 0
result[(9, 9, 1, 1), 0] = ModuleProfileResult(compute_cost=431.321, peak_memory=5.600 GB, invar_size=1.782 GB, outvar_size=3.915 GB, temp_buffer_size=-0.096 GB, available_memory=64.000 GB, comm_cost=0.244)
result[(9, 9, 1, 1), 1] = ModuleProfileResult(compute_cost=1587.365, peak_memory=6.845 GB, invar_size=5.602 GB, outvar_size=1.782 GB, temp_buffer_size=1.148 GB, available_memory=64.000 GB, comm_cost=0.075)
Using pre computed peak Mem for (9, 10, 1, 0), module 0
result[(9, 10, 1, 0), 0] = ModuleProfileResult(compute_cost=862.611, peak_memory=11.200 GB, invar_size=3.469 GB, outvar_size=7.665 GB, temp_buffer_size=0.066 GB, available_memory=64.000 GB, comm_cost=0.487)
result[(9, 10, 1, 0), 1] = ModuleProfileResult(compute_cost=3174.728, peak_memory=12.447 GB, invar_size=11.041 GB, outvar_size=3.469 GB, temp_buffer_size=1.313 GB, available_memory=64.000 GB, comm_cost=0.151)
Using pre computed peak Mem for (9, 10, 1, 1), module 0
result[(9, 10, 1, 1), 0] = ModuleProfileResult(compute_cost=862.611, peak_memory=11.200 GB, invar_size=3.469 GB, outvar_size=7.689 GB, temp_buffer_size=0.042 GB, available_memory=64.000 GB, comm_cost=0.487)
result[(9, 10, 1, 1), 1] = ModuleProfileResult(compute_cost=3174.731, peak_memory=12.517 GB, invar_size=11.064 GB, outvar_size=3.469 GB, temp_buffer_size=1.360 GB, available_memory=64.000 GB, comm_cost=0.152)
Using pre computed peak Mem for (9, 11, 1, 0), module 0
result[(9, 11, 1, 0), 0] = ModuleProfileResult(compute_cost=1004.752, peak_memory=16.800 GB, invar_size=5.170 GB, outvar_size=10.490 GB, temp_buffer_size=1.140 GB, available_memory=64.000 GB, comm_cost=0.508)
Using pre computed peak Mem for (9, 11, 1, 0), module 1
result[(9, 11, 1, 0), 1] = ModuleProfileResult(compute_cost=20262.978, peak_memory=19.500 GB, invar_size=15.566 GB, outvar_size=5.170 GB, temp_buffer_size=3.840 GB, available_memory=64.000 GB, comm_cost=0.374)
Using pre computed peak Mem for (9, 11, 1, 1), module 0
result[(9, 11, 1, 1), 0] = ModuleProfileResult(compute_cost=1004.752, peak_memory=16.800 GB, invar_size=5.170 GB, outvar_size=10.514 GB, temp_buffer_size=1.117 GB, available_memory=64.000 GB, comm_cost=0.508)
Using pre computed peak Mem for (9, 11, 1, 1), module 1
result[(9, 11, 1, 1), 1] = ModuleProfileResult(compute_cost=20262.982, peak_memory=19.500 GB, invar_size=15.590 GB, outvar_size=5.170 GB, temp_buffer_size=3.817 GB, available_memory=64.000 GB, comm_cost=0.376)
Using pre computed peak Mem for (10, 10, 1, 0), module 0
result[(10, 10, 1, 0), 0] = ModuleProfileResult(compute_cost=431.321, peak_memory=5.600 GB, invar_size=1.782 GB, outvar_size=3.891 GB, temp_buffer_size=-0.073 GB, available_memory=64.000 GB, comm_cost=0.244)
result[(10, 10, 1, 0), 1] = ModuleProfileResult(compute_cost=1587.364, peak_memory=6.493 GB, invar_size=5.579 GB, outvar_size=1.782 GB, temp_buffer_size=0.820 GB, available_memory=64.000 GB, comm_cost=0.075)
Using pre computed peak Mem for (10, 10, 1, 1), module 0
result[(10, 10, 1, 1), 0] = ModuleProfileResult(compute_cost=431.321, peak_memory=5.600 GB, invar_size=1.782 GB, outvar_size=3.915 GB, temp_buffer_size=-0.096 GB, available_memory=64.000 GB, comm_cost=0.244)
result[(10, 10, 1, 1), 1] = ModuleProfileResult(compute_cost=1587.365, peak_memory=6.845 GB, invar_size=5.602 GB, outvar_size=1.782 GB, temp_buffer_size=1.148 GB, available_memory=64.000 GB, comm_cost=0.075)
Using pre computed peak Mem for (10, 11, 1, 0), module 0
result[(10, 11, 1, 0), 0] = ModuleProfileResult(compute_cost=573.462, peak_memory=11.200 GB, invar_size=3.482 GB, outvar_size=6.740 GB, temp_buffer_size=0.978 GB, available_memory=64.000 GB, comm_cost=0.264)
Using pre computed peak Mem for (10, 11, 1, 0), module 1
result[(10, 11, 1, 0), 1] = ModuleProfileResult(compute_cost=18675.615, peak_memory=13.000 GB, invar_size=10.128 GB, outvar_size=3.482 GB, temp_buffer_size=2.778 GB, available_memory=64.000 GB, comm_cost=0.299)
Using pre computed peak Mem for (10, 11, 1, 1), module 0
result[(10, 11, 1, 1), 0] = ModuleProfileResult(compute_cost=573.462, peak_memory=11.200 GB, invar_size=3.482 GB, outvar_size=6.716 GB, temp_buffer_size=1.002 GB, available_memory=64.000 GB, comm_cost=0.264)
Using pre computed peak Mem for (10, 11, 1, 1), module 1
result[(10, 11, 1, 1), 1] = ModuleProfileResult(compute_cost=18675.616, peak_memory=13.000 GB, invar_size=10.104 GB, outvar_size=3.482 GB, temp_buffer_size=2.802 GB, available_memory=64.000 GB, comm_cost=0.298)
result[(11, 11, 1, 0), 0] = ModuleProfileResult(compute_cost=142.141, peak_memory=4.713 GB, invar_size=1.794 GB, outvar_size=2.919 GB, temp_buffer_size=0.000 GB, available_memory=64.000 GB, comm_cost=0.021)
Using pre computed peak Mem for (11, 11, 1, 0), module 1
result[(11, 11, 1, 0), 1] = ModuleProfileResult(compute_cost=17088.251, peak_memory=6.500 GB, invar_size=4.619 GB, outvar_size=1.794 GB, temp_buffer_size=1.787 GB, available_memory=64.000 GB, comm_cost=0.224)
result[(11, 11, 1, 1), 0] = ModuleProfileResult(compute_cost=142.141, peak_memory=4.713 GB, invar_size=1.794 GB, outvar_size=2.919 GB, temp_buffer_size=0.000 GB, available_memory=64.000 GB, comm_cost=0.021)
Using pre computed peak Mem for (11, 11, 1, 1), module 1
result[(11, 11, 1, 1), 1] = ModuleProfileResult(compute_cost=17088.251, peak_memory=6.500 GB, invar_size=4.619 GB, outvar_size=1.794 GB, temp_buffer_size=1.787 GB, available_memory=64.000 GB, comm_cost=0.224)
Profiling for submesh 1 (1, 2) takes 666.46 seconds
--------------------------------------------------
- Profiling for submesh 0 (1, 1):
- Generate all stage infos (Jaxpr -> HLO)
- Compile all stages, get estimations
num of workers:12
[2m[36m(CompileWorker pid=3989395)[0m compiled for stage:8 name: stage_0_4_acc_grad_0 module id: 0
[2m[36m(CompileWorker pid=3989398)[0m compiled for stage:5 name: stage_0_2_acc_grad_0 module id: 0
[2m[36m(CompileWorker pid=3989396)[0m compiled for stage:7 name: stage_0_3_acc_grad_0 module id: 0
[2m[36m(CompileWorker pid=3989397)[0m compiled for stage:6 name: stage_0_3_acc_grad_0 module id: 0
[2m[36m(CompileWorker pid=3989391)[0m compiled for stage:10 name: stage_0_5_acc_grad_0 module id: 0
[2m[36m(CompileWorker pid=3989403)[0m compiled for stage:0 name: stage_0_0_acc_grad_0 module id: 0
[2m[36m(CompileWorker pid=3989401)[0m compiled for stage:2 name: stage_0_1_acc_grad_0 module id: 0
[2m[36m(CompileWorker pid=3989402)[0m compiled for stage:1 name: stage_0_0_acc_grad_0 module id: 0
[2m[36m(CompileWorker pid=3989400)[0m compiled for stage:3 name: stage_0_1_acc_grad_0 module id: 0
[2m[36m(CompileWorker pid=3989399)[0m compiled for stage:4 name: stage_0_2_acc_grad_0 module id: 0
[2m[36m(CompileWorker pid=3989383)[0m compiled for stage:11 name: stage_0_5_acc_grad_0 module id: 0
[2m[36m(CompileWorker pid=3989394)[0m compiled for stage:9 name: stage_0_4_acc_grad_0 module id: 0
[2m[36m(CompileWorker pid=3989394)[0m  tensor (Large latency) dimensions: (1, 1, 2048, 50257, 1, 1, 1, 1, 1, 1, 0, 0, 'CONV', 1, 1, 0, 0),  latency: 1.585174538690476
[2m[36m(CompileWorker pid=3989383)[0m  tensor (Large latency) dimensions: (1, 1, 2048, 50257, 1, 1, 1, 1, 1, 1, 0, 0, 'CONV', 1, 1, 0, 0),  latency: 1.585174538690476
[2m[36m(CompileWorker pid=3989398)[0m  tensor (Large latency) dimensions: (1, 1, 2048, 50257, 1, 1, 1, 1, 1, 1, 0, 0, 'CONV', 1, 1, 0, 0),  latency: 1.585174538690476
[2m[36m(CompileWorker pid=3989402)[0m  tensor (Large latency) dimensions: (1, 1, 2048, 50257, 1, 1, 1, 1, 1, 1, 0, 0, 'CONV', 1, 1, 0, 0),  latency: 1.585174538690476
[2m[36m(CompileWorker pid=3989400)[0m  tensor (Large latency) dimensions: (1, 1, 2048, 50257, 1, 1, 1, 1, 1, 1, 0, 0, 'CONV', 1, 1, 0, 0),  latency: 1.585174538690476
[2m[36m(CompileWorker pid=3989395)[0m  tensor (Large latency) dimensions: (1, 1, 2048, 50257, 1, 1, 1, 1, 1, 1, 0, 0, 'CONV', 1, 1, 0, 0),  latency: 1.585174538690476
[2m[36m(CompileWorker pid=3989396)[0m  tensor (Large latency) dimensions: (1, 1, 2048, 50257, 1, 1, 1, 1, 1, 1, 0, 0, 'CONV', 1, 1, 0, 0),  latency: 1.585174538690476
[2m[36m(CompileWorker pid=3989403)[0m  tensor (Large latency) dimensions: (1, 1, 2048, 50257, 1, 1, 1, 1, 1, 1, 0, 0, 'CONV', 1, 1, 0, 0),  latency: 1.585174538690476
[2m[36m(CompileWorker pid=3989401)[0m  tensor (Large latency) dimensions: (1, 1, 2048, 50257, 1, 1, 1, 1, 1, 1, 0, 0, 'CONV', 1, 1, 0, 0),  latency: 1.585174538690476
[2m[36m(CompileWorker pid=3989391)[0m  tensor (Large latency) dimensions: (1, 1, 2048, 50257, 1, 1, 1, 1, 1, 1, 0, 0, 'CONV', 1, 1, 0, 0),  latency: 1.585174538690476
[2m[36m(CompileWorker pid=3989397)[0m  tensor (Large latency) dimensions: (1, 1, 2048, 50257, 1, 1, 1, 1, 1, 1, 0, 0, 'CONV', 1, 1, 0, 0),  latency: 1.585174538690476
[2m[36m(CompileWorker pid=3989399)[0m  tensor (Large latency) dimensions: (1, 1, 2048, 50257, 1, 1, 1, 1, 1, 1, 0, 0, 'CONV', 1, 1, 0, 0),  latency: 1.585174538690476
[2m[36m(CompileWorker pid=3989402)[0m  tensor (Large latency) dimensions: (1, 1, 2048, 49152, 1, 1, 1, 1, 1, 1, 0, 0, 'CONV', 1, 1, 0, 0),  latency: 1.8724571428571428
[2m[36m(CompileWorker pid=3989402)[0m compiled for stage:1 name: stage_0_0_acc_grad_1 module id: 1
[2m[36m(CompileWorker pid=3989401)[0m  tensor (Large latency) dimensions: (1, 1, 2048, 49152, 1, 1, 1, 1, 1, 1, 0, 0, 'CONV', 1, 1, 0, 0),  latency: 1.8724571428571428
[2m[36m(CompileWorker pid=3989401)[0m compiled for stage:2 name: stage_0_1_acc_grad_1 module id: 1
[2m[36m(CompileWorker pid=3989403)[0m  tensor (Large latency) dimensions: (1, 1, 2048, 49152, 1, 1, 1, 1, 1, 1, 0, 0, 'CONV', 1, 1, 0, 0),  latency: 1.8724571428571428
[2m[36m(CompileWorker pid=3989403)[0m compiled for stage:0 name: stage_0_0_acc_grad_1 module id: 1
[2m[36m(CompileWorker pid=3989397)[0m  tensor (Large latency) dimensions: (1, 1, 2048, 49152, 1, 1, 1, 1, 1, 1, 0, 0, 'CONV', 1, 1, 0, 0),  latency: 1.8724571428571428
[2m[36m(CompileWorker pid=3989397)[0m compiled for stage:6 name: stage_0_3_acc_grad_1 module id: 1
[2m[36m(CompileWorker pid=3989400)[0m  tensor (Large latency) dimensions: (1, 1, 2048, 49152, 1, 1, 1, 1, 1, 1, 0, 0, 'CONV', 1, 1, 0, 0),  latency: 1.8724571428571428
[2m[36m(CompileWorker pid=3989400)[0m compiled for stage:3 name: stage_0_1_acc_grad_1 module id: 1
[2m[36m(CompileWorker pid=3989394)[0m  tensor (Large latency) dimensions: (1, 1, 2048, 49152, 1, 1, 1, 1, 1, 1, 0, 0, 'CONV', 1, 1, 0, 0),  latency: 1.8724571428571428
[2m[36m(CompileWorker pid=3989394)[0m compiled for stage:9 name: stage_0_4_acc_grad_1 module id: 1
[2m[36m(CompileWorker pid=3989398)[0m  tensor (Large latency) dimensions: (1, 1, 2048, 49152, 1, 1, 1, 1, 1, 1, 0, 0, 'CONV', 1, 1, 0, 0),  latency: 1.8724571428571428
[2m[36m(CompileWorker pid=3989383)[0m  tensor (Large latency) dimensions: (1, 1, 2048, 49152, 1, 1, 1, 1, 1, 1, 0, 0, 'CONV', 1, 1, 0, 0),  latency: 1.8724571428571428
[2m[36m(CompileWorker pid=3989383)[0m compiled for stage:11 name: stage_0_5_acc_grad_1 module id: 1
[2m[36m(CompileWorker pid=3989398)[0m compiled for stage:5 name: stage_0_2_acc_grad_1 module id: 1
[2m[36m(CompileWorker pid=3989402)[0m  tensor (Large latency) dimensions: (1, 12288, 49152, 1, 1, 1, 1, 1, 1, 1, 0, 0, 'CONV', 1, 1, 0, 0),  latency: 8.987794285714285
[2m[36m(CompileWorker pid=3989391)[0m  tensor (Large latency) dimensions: (1, 1, 2048, 49152, 1, 1, 1, 1, 1, 1, 0, 0, 'CONV', 1, 1, 0, 0),  latency: 1.8724571428571428
[2m[36m(CompileWorker pid=3989391)[0m compiled for stage:10 name: stage_0_5_acc_grad_1 module id: 1
[2m[36m(CompileWorker pid=3989395)[0m  tensor (Large latency) dimensions: (1, 1, 2048, 49152, 1, 1, 1, 1, 1, 1, 0, 0, 'CONV', 1, 1, 0, 0),  latency: 1.8724571428571428
[2m[36m(CompileWorker pid=3989395)[0m compiled for stage:8 name: stage_0_4_acc_grad_1 module id: 1
[2m[36m(CompileWorker pid=3989403)[0m  tensor (Large latency) dimensions: (1, 12288, 49152, 1, 1, 1, 1, 1, 1, 1, 0, 0, 'CONV', 1, 1, 0, 0),  latency: 8.987794285714285
[2m[36m(CompileWorker pid=3989399)[0m  tensor (Large latency) dimensions: (1, 1, 2048, 49152, 1, 1, 1, 1, 1, 1, 0, 0, 'CONV', 1, 1, 0, 0),  latency: 1.8724571428571428
[2m[36m(CompileWorker pid=3989399)[0m compiled for stage:4 name: stage_0_2_acc_grad_1 module id: 1
[2m[36m(CompileWorker pid=3989396)[0m  tensor (Large latency) dimensions: (1, 1, 2048, 49152, 1, 1, 1, 1, 1, 1, 0, 0, 'CONV', 1, 1, 0, 0),  latency: 1.8724571428571428
[2m[36m(CompileWorker pid=3989396)[0m compiled for stage:7 name: stage_0_3_acc_grad_1 module id: 1
[2m[36m(CompileWorker pid=3989401)[0m  tensor (Large latency) dimensions: (1, 12288, 49152, 1, 1, 1, 1, 1, 1, 1, 0, 0, 'CONV', 1, 1, 0, 0),  latency: 8.987794285714285
[2m[36m(CompileWorker pid=3989397)[0m  tensor (Large latency) dimensions: (1, 12288, 12288, 1, 1, 1, 1, 1, 1, 1, 0, 0, 'CONV', 1, 1, 0, 0),  latency: 2.2469485714285713
[2m[36m(CompileWorker pid=3989402)[0m  tensor (Large latency) dimensions: (1, 1, 2048, 49152, 1, 1, 1, 1, 1, 1, 0, 0, 'CONV', 1, 1, 0, 0),  latency: 1.8724571428571428
[2m[36m(CompileWorker pid=3989398)[0m  tensor (Large latency) dimensions: (1, 12288, 12288, 1, 1, 1, 1, 1, 1, 1, 0, 0, 'CONV', 1, 1, 0, 0),  latency: 2.2469485714285713
[2m[36m(CompileWorker pid=3989391)[0m  tensor (Large latency) dimensions: (1, 12288, 12288, 1, 1, 1, 1, 1, 1, 1, 0, 0, 'CONV', 1, 1, 0, 0),  latency: 2.2469485714285713
[2m[36m(CompileWorker pid=3989383)[0m  tensor (Large latency) dimensions: (1, 12288, 12288, 1, 1, 1, 1, 1, 1, 1, 0, 0, 'CONV', 1, 1, 0, 0),  latency: 2.2469485714285713
[2m[36m(CompileWorker pid=3989394)[0m  tensor (Large latency) dimensions: (1, 12288, 12288, 1, 1, 1, 1, 1, 1, 1, 0, 0, 'CONV', 1, 1, 0, 0),  latency: 2.2469485714285713
[2m[36m(CompileWorker pid=3989403)[0m  tensor (Large latency) dimensions: (1, 1, 2048, 49152, 1, 1, 1, 1, 1, 1, 0, 0, 'CONV', 1, 1, 0, 0),  latency: 1.8724571428571428
[2m[36m(CompileWorker pid=3989401)[0m  tensor (Large latency) dimensions: (1, 1, 2048, 49152, 1, 1, 1, 1, 1, 1, 0, 0, 'CONV', 1, 1, 0, 0),  latency: 1.8724571428571428
[2m[36m(CompileWorker pid=3989400)[0m  tensor (Large latency) dimensions: (1, 12288, 49152, 1, 1, 1, 1, 1, 1, 1, 0, 0, 'CONV', 1, 1, 0, 0),  latency: 8.987794285714285
[2m[36m(CompileWorker pid=3989399)[0m  tensor (Large latency) dimensions: (1, 12288, 12288, 1, 1, 1, 1, 1, 1, 1, 0, 0, 'CONV', 1, 1, 0, 0),  latency: 2.2469485714285713
[2m[36m(CompileWorker pid=3989396)[0m  tensor (Large latency) dimensions: (1, 12288, 12288, 1, 1, 1, 1, 1, 1, 1, 0, 0, 'CONV', 1, 1, 0, 0),  latency: 2.2469485714285713
[2m[36m(CompileWorker pid=3989395)[0m  tensor (Large latency) dimensions: (1, 12288, 12288, 1, 1, 1, 1, 1, 1, 1, 0, 0, 'CONV', 1, 1, 0, 0),  latency: 2.2469485714285713
[2m[36m(CompileWorker pid=3989402)[0m  tensor (Large latency) dimensions: (1, 49152, 12288, 1, 1, 1, 1, 1, 1, 1, 0, 0, 'CONV', 1, 1, 0, 0),  latency: 8.987794285714285
[2m[36m(CompileWorker pid=3989400)[0m  tensor (Large latency) dimensions: (1, 1, 2048, 49152, 1, 1, 1, 1, 1, 1, 0, 0, 'CONV', 1, 1, 0, 0),  latency: 1.8724571428571428
[2m[36m(CompileWorker pid=3989403)[0m  tensor (Large latency) dimensions: (1, 49152, 12288, 1, 1, 1, 1, 1, 1, 1, 0, 0, 'CONV', 1, 1, 0, 0),  latency: 8.987794285714285
[2m[36m(CompileWorker pid=3989401)[0m  tensor (Large latency) dimensions: (1, 49152, 12288, 1, 1, 1, 1, 1, 1, 1, 0, 0, 'CONV', 1, 1, 0, 0),  latency: 8.987794285714285
[2m[36m(CompileWorker pid=3989402)[0m  tensor (Large latency) dimensions: (1, 12288, 12288, 1, 1, 1, 1, 1, 1, 1, 0, 0, 'CONV', 1, 1, 0, 0),  latency: 2.2469485714285713
[2m[36m(CompileWorker pid=3989400)[0m  tensor (Large latency) dimensions: (1, 49152, 12288, 1, 1, 1, 1, 1, 1, 1, 0, 0, 'CONV', 1, 1, 0, 0),  latency: 8.987794285714285
[2m[36m(CompileWorker pid=3989403)[0m  tensor (Large latency) dimensions: (1, 12288, 12288, 1, 1, 1, 1, 1, 1, 1, 0, 0, 'CONV', 1, 1, 0, 0),  latency: 2.2469485714285713
[2m[36m(CompileWorker pid=3989401)[0m  tensor (Large latency) dimensions: (1, 12288, 12288, 1, 1, 1, 1, 1, 1, 1, 0, 0, 'CONV', 1, 1, 0, 0),  latency: 2.2469485714285713
[2m[36m(CompileWorker pid=3989400)[0m  tensor (Large latency) dimensions: (1, 12288, 12288, 1, 1, 1, 1, 1, 1, 1, 0, 0, 'CONV', 1, 1, 0, 0),  latency: 2.2469485714285713
[2m[36m(CompileWorker pid=3989398)[0m  tensor (Large latency) dimensions: (1, 36864, 12288, 1, 1, 1, 1, 1, 1, 1, 0, 0, 'CONV', 1, 1, 0, 0),  latency: 6.740845714285714
[2m[36m(CompileWorker pid=3989397)[0m  tensor (Large latency) dimensions: (1, 36864, 12288, 1, 1, 1, 1, 1, 1, 1, 0, 0, 'CONV', 1, 1, 0, 0),  latency: 6.740845714285714
[2m[36m(CompileWorker pid=3989383)[0m  tensor (Large latency) dimensions: (1, 36864, 12288, 1, 1, 1, 1, 1, 1, 1, 0, 0, 'CONV', 1, 1, 0, 0),  latency: 6.740845714285714
[2m[36m(CompileWorker pid=3989394)[0m  tensor (Large latency) dimensions: (1, 36864, 12288, 1, 1, 1, 1, 1, 1, 1, 0, 0, 'CONV', 1, 1, 0, 0),  latency: 6.740845714285714
[2m[36m(CompileWorker pid=3989391)[0m  tensor (Large latency) dimensions: (1, 36864, 12288, 1, 1, 1, 1, 1, 1, 1, 0, 0, 'CONV', 1, 1, 0, 0),  latency: 6.740845714285714
[2m[36m(CompileWorker pid=3989396)[0m  tensor (Large latency) dimensions: (1, 36864, 12288, 1, 1, 1, 1, 1, 1, 1, 0, 0, 'CONV', 1, 1, 0, 0),  latency: 6.740845714285714
[2m[36m(CompileWorker pid=3989395)[0m  tensor (Large latency) dimensions: (1, 36864, 12288, 1, 1, 1, 1, 1, 1, 1, 0, 0, 'CONV', 1, 1, 0, 0),  latency: 6.740845714285714
[2m[36m(CompileWorker pid=3989399)[0m  tensor (Large latency) dimensions: (1, 36864, 12288, 1, 1, 1, 1, 1, 1, 1, 0, 0, 'CONV', 1, 1, 0, 0),  latency: 6.740845714285714
[2m[36m(CompileWorker pid=3989397)[0m  tensor (Large latency) dimensions: (1, 12288, 49152, 1, 1, 1, 1, 1, 1, 1, 0, 0, 'CONV', 1, 1, 0, 0),  latency: 8.987794285714285
[2m[36m(CompileWorker pid=3989398)[0m  tensor (Large latency) dimensions: (1, 12288, 49152, 1, 1, 1, 1, 1, 1, 1, 0, 0, 'CONV', 1, 1, 0, 0),  latency: 8.987794285714285
[2m[36m(CompileWorker pid=3989383)[0m  tensor (Large latency) dimensions: (1, 12288, 49152, 1, 1, 1, 1, 1, 1, 1, 0, 0, 'CONV', 1, 1, 0, 0),  latency: 8.987794285714285
[2m[36m(CompileWorker pid=3989391)[0m  tensor (Large latency) dimensions: (1, 12288, 49152, 1, 1, 1, 1, 1, 1, 1, 0, 0, 'CONV', 1, 1, 0, 0),  latency: 8.987794285714285
[2m[36m(CompileWorker pid=3989394)[0m  tensor (Large latency) dimensions: (1, 12288, 49152, 1, 1, 1, 1, 1, 1, 1, 0, 0, 'CONV', 1, 1, 0, 0),  latency: 8.987794285714285
[2m[36m(CompileWorker pid=3989403)[0m  tensor (Large latency) dimensions: (1, 36864, 12288, 1, 1, 1, 1, 1, 1, 1, 0, 0, 'CONV', 1, 1, 0, 0),  latency: 6.740845714285714
[2m[36m(CompileWorker pid=3989402)[0m  tensor (Large latency) dimensions: (1, 36864, 12288, 1, 1, 1, 1, 1, 1, 1, 0, 0, 'CONV', 1, 1, 0, 0),  latency: 6.740845714285714
[2m[36m(CompileWorker pid=3989397)[0m  tensor (Large latency) dimensions: (1, 1, 2048, 49152, 1, 1, 1, 1, 1, 1, 0, 0, 'CONV', 1, 1, 0, 0),  latency: 1.8724571428571428
[2m[36m(CompileWorker pid=3989399)[0m  tensor (Large latency) dimensions: (1, 12288, 49152, 1, 1, 1, 1, 1, 1, 1, 0, 0, 'CONV', 1, 1, 0, 0),  latency: 8.987794285714285
[2m[36m(CompileWorker pid=3989395)[0m  tensor (Large latency) dimensions: (1, 12288, 49152, 1, 1, 1, 1, 1, 1, 1, 0, 0, 'CONV', 1, 1, 0, 0),  latency: 8.987794285714285
[2m[36m(CompileWorker pid=3989396)[0m  tensor (Large latency) dimensions: (1, 12288, 49152, 1, 1, 1, 1, 1, 1, 1, 0, 0, 'CONV', 1, 1, 0, 0),  latency: 8.987794285714285
[2m[36m(CompileWorker pid=3989391)[0m  tensor (Large latency) dimensions: (1, 1, 2048, 49152, 1, 1, 1, 1, 1, 1, 0, 0, 'CONV', 1, 1, 0, 0),  latency: 1.8724571428571428
[2m[36m(CompileWorker pid=3989383)[0m  tensor (Large latency) dimensions: (1, 1, 2048, 49152, 1, 1, 1, 1, 1, 1, 0, 0, 'CONV', 1, 1, 0, 0),  latency: 1.8724571428571428
[2m[36m(CompileWorker pid=3989398)[0m  tensor (Large latency) dimensions: (1, 1, 2048, 49152, 1, 1, 1, 1, 1, 1, 0, 0, 'CONV', 1, 1, 0, 0),  latency: 1.8724571428571428
[2m[36m(CompileWorker pid=3989394)[0m  tensor (Large latency) dimensions: (1, 1, 2048, 49152, 1, 1, 1, 1, 1, 1, 0, 0, 'CONV', 1, 1, 0, 0),  latency: 1.8724571428571428
[2m[36m(CompileWorker pid=3989401)[0m  tensor (Large latency) dimensions: (1, 36864, 12288, 1, 1, 1, 1, 1, 1, 1, 0, 0, 'CONV', 1, 1, 0, 0),  latency: 6.740845714285714
[2m[36m(CompileWorker pid=3989399)[0m  tensor (Large latency) dimensions: (1, 1, 2048, 49152, 1, 1, 1, 1, 1, 1, 0, 0, 'CONV', 1, 1, 0, 0),  latency: 1.8724571428571428
[2m[36m(CompileWorker pid=3989396)[0m  tensor (Large latency) dimensions: (1, 1, 2048, 49152, 1, 1, 1, 1, 1, 1, 0, 0, 'CONV', 1, 1, 0, 0),  latency: 1.8724571428571428
[2m[36m(CompileWorker pid=3989395)[0m  tensor (Large latency) dimensions: (1, 1, 2048, 49152, 1, 1, 1, 1, 1, 1, 0, 0, 'CONV', 1, 1, 0, 0),  latency: 1.8724571428571428
[2m[36m(CompileWorker pid=3989398)[0m  tensor (Large latency) dimensions: (1, 49152, 12288, 1, 1, 1, 1, 1, 1, 1, 0, 0, 'CONV', 1, 1, 0, 0),  latency: 8.987794285714285
[2m[36m(CompileWorker pid=3989397)[0m  tensor (Large latency) dimensions: (1, 49152, 12288, 1, 1, 1, 1, 1, 1, 1, 0, 0, 'CONV', 1, 1, 0, 0),  latency: 8.987794285714285
[2m[36m(CompileWorker pid=3989391)[0m  tensor (Large latency) dimensions: (1, 49152, 12288, 1, 1, 1, 1, 1, 1, 1, 0, 0, 'CONV', 1, 1, 0, 0),  latency: 8.987794285714285
[2m[36m(CompileWorker pid=3989383)[0m  tensor (Large latency) dimensions: (1, 49152, 12288, 1, 1, 1, 1, 1, 1, 1, 0, 0, 'CONV', 1, 1, 0, 0),  latency: 8.987794285714285
[2m[36m(CompileWorker pid=3989394)[0m  tensor (Large latency) dimensions: (1, 49152, 12288, 1, 1, 1, 1, 1, 1, 1, 0, 0, 'CONV', 1, 1, 0, 0),  latency: 8.987794285714285
[2m[36m(CompileWorker pid=3989400)[0m  tensor (Large latency) dimensions: (1, 36864, 12288, 1, 1, 1, 1, 1, 1, 1, 0, 0, 'CONV', 1, 1, 0, 0),  latency: 6.740845714285714
[2m[36m(CompileWorker pid=3989399)[0m  tensor (Large latency) dimensions: (1, 49152, 12288, 1, 1, 1, 1, 1, 1, 1, 0, 0, 'CONV', 1, 1, 0, 0),  latency: 8.987794285714285
[2m[36m(CompileWorker pid=3989395)[0m  tensor (Large latency) dimensions: (1, 49152, 12288, 1, 1, 1, 1, 1, 1, 1, 0, 0, 'CONV', 1, 1, 0, 0),  latency: 8.987794285714285
[2m[36m(CompileWorker pid=3989396)[0m  tensor (Large latency) dimensions: (1, 49152, 12288, 1, 1, 1, 1, 1, 1, 1, 0, 0, 'CONV', 1, 1, 0, 0),  latency: 8.987794285714285
[2m[36m(CompileWorker pid=3989403)[0m  tensor (Large latency) dimensions: (1, 12288, 50257, 1, 1, 1, 1, 1, 1, 1, 0, 0, 'CONV', 1, 1, 0, 0),  latency: 9.190599300595238
[2m[36m(CompileWorker pid=3989402)[0m  tensor (Large latency) dimensions: (1, 12288, 50257, 1, 1, 1, 1, 1, 1, 1, 0, 0, 'CONV', 1, 1, 0, 0),  latency: 9.190599300595238
[2m[36m(CompileWorker pid=3989401)[0m  tensor (Large latency) dimensions: (1, 12288, 50257, 1, 1, 1, 1, 1, 1, 1, 0, 0, 'CONV', 1, 1, 0, 0),  latency: 9.190599300595238
[2m[36m(CompileWorker pid=3989398)[0m  tensor (Large latency) dimensions: (1, 12288, 50257, 1, 1, 1, 1, 1, 1, 1, 0, 0, 'CONV', 1, 1, 0, 0),  latency: 9.190599300595238
[2m[36m(CompileWorker pid=3989397)[0m  tensor (Large latency) dimensions: (1, 12288, 50257, 1, 1, 1, 1, 1, 1, 1, 0, 0, 'CONV', 1, 1, 0, 0),  latency: 9.190599300595238
[2m[36m(CompileWorker pid=3989391)[0m  tensor (Large latency) dimensions: (1, 12288, 50257, 1, 1, 1, 1, 1, 1, 1, 0, 0, 'CONV', 1, 1, 0, 0),  latency: 9.190599300595238
[2m[36m(CompileWorker pid=3989403)[0m compiled for stage:12 name: stage_0_6_acc_grad_0 module id: 0
[2m[36m(CompileWorker pid=3989402)[0m compiled for stage:13 name: stage_0_6_acc_grad_0 module id: 0
[2m[36m(CompileWorker pid=3989401)[0m compiled for stage:14 name: stage_0_7_acc_grad_0 module id: 0
[2m[36m(CompileWorker pid=3989383)[0m  tensor (Large latency) dimensions: (1, 12288, 50257, 1, 1, 1, 1, 1, 1, 1, 0, 0, 'CONV', 1, 1, 0, 0),  latency: 9.190599300595238
[2m[36m(CompileWorker pid=3989403)[0m compiled for stage:12 name: stage_0_6_acc_grad_1 module id: 1
[2m[36m(CompileWorker pid=3989402)[0m compiled for stage:13 name: stage_0_6_acc_grad_1 module id: 1
[2m[36m(CompileWorker pid=3989399)[0m  tensor (Large latency) dimensions: (1, 12288, 50257, 1, 1, 1, 1, 1, 1, 1, 0, 0, 'CONV', 1, 1, 0, 0),  latency: 9.190599300595238
[2m[36m(CompileWorker pid=3989394)[0m  tensor (Large latency) dimensions: (1, 12288, 50257, 1, 1, 1, 1, 1, 1, 1, 0, 0, 'CONV', 1, 1, 0, 0),  latency: 9.190599300595238
[2m[36m(CompileWorker pid=3989401)[0m compiled for stage:14 name: stage_0_7_acc_grad_1 module id: 1
[2m[36m(CompileWorker pid=3989396)[0m  tensor (Large latency) dimensions: (1, 12288, 50257, 1, 1, 1, 1, 1, 1, 1, 0, 0, 'CONV', 1, 1, 0, 0),  latency: 9.190599300595238
[2m[36m(CompileWorker pid=3989400)[0m  tensor (Large latency) dimensions: (1, 12288, 50257, 1, 1, 1, 1, 1, 1, 1, 0, 0, 'CONV', 1, 1, 0, 0),  latency: 9.190599300595238
[2m[36m(CompileWorker pid=3989398)[0m compiled for stage:15 name: stage_0_7_acc_grad_0 module id: 0
[2m[36m(CompileWorker pid=3989395)[0m  tensor (Large latency) dimensions: (1, 12288, 50257, 1, 1, 1, 1, 1, 1, 1, 0, 0, 'CONV', 1, 1, 0, 0),  latency: 9.190599300595238
[2m[36m(CompileWorker pid=3989398)[0m compiled for stage:15 name: stage_0_7_acc_grad_1 module id: 1
[2m[36m(CompileWorker pid=3989391)[0m compiled for stage:16 name: stage_0_8_acc_grad_0 module id: 0
[2m[36m(CompileWorker pid=3989397)[0m compiled for stage:17 name: stage_0_8_acc_grad_0 module id: 0
[2m[36m(CompileWorker pid=3989391)[0m compiled for stage:16 name: stage_0_8_acc_grad_1 module id: 1
[2m[36m(CompileWorker pid=3989397)[0m compiled for stage:17 name: stage_0_8_acc_grad_1 module id: 1
[2m[36m(CompileWorker pid=3989396)[0m compiled for stage:18 name: stage_0_9_acc_grad_0 module id: 0
[2m[36m(CompileWorker pid=3989396)[0m compiled for stage:18 name: stage_0_9_acc_grad_1 module id: 1
[2m[36m(CompileWorker pid=3989395)[0m compiled for stage:19 name: stage_0_9_acc_grad_0 module id: 0
[2m[36m(CompileWorker pid=3989395)[0m compiled for stage:19 name: stage_0_9_acc_grad_1 module id: 1
[2m[36m(CompileWorker pid=3989383)[0m compiled for stage:20 name: stage_0_10_acc_grad_0 module id: 0
[2m[36m(CompileWorker pid=3989383)[0m compiled for stage:20 name: stage_0_10_acc_grad_1 module id: 1
[2m[36m(CompileWorker pid=3989398)[0m compiled for stage:21 name: stage_0_10_acc_grad_0 module id: 0
[2m[36m(CompileWorker pid=3989398)[0m compiled for stage:21 name: stage_0_10_acc_grad_1 module id: 1
[2m[36m(CompileWorker pid=3989391)[0m compiled for stage:22 name: stage_0_11_acc_grad_0 module id: 0
[2m[36m(CompileWorker pid=3989399)[0m compiled for stage:24 name: stage_1_1_acc_grad_0 module id: 0
[2m[36m(CompileWorker pid=3989399)[0m compiled for stage:24 name: stage_1_1_acc_grad_1 module id: 1
[2m[36m(CompileWorker pid=3989400)[0m compiled for stage:25 name: stage_1_1_acc_grad_0 module id: 0
[2m[36m(CompileWorker pid=3989400)[0m compiled for stage:25 name: stage_1_1_acc_grad_1 module id: 1
[2m[36m(CompileWorker pid=3989398)[0m compiled for stage:26 name: stage_1_2_acc_grad_0 module id: 0
[2m[36m(CompileWorker pid=3989391)[0m compiled for stage:22 name: stage_0_11_acc_grad_1 module id: 1
[2m[36m(CompileWorker pid=3989398)[0m compiled for stage:26 name: stage_1_2_acc_grad_1 module id: 1
[2m[36m(CompileWorker pid=3989403)[0m compiled for stage:23 name: stage_0_11_acc_grad_0 module id: 0
[2m[36m(CompileWorker pid=3989394)[0m compiled for stage:27 name: stage_1_2_acc_grad_0 module id: 0
[2m[36m(CompileWorker pid=3989394)[0m compiled for stage:27 name: stage_1_2_acc_grad_1 module id: 1
[2m[36m(CompileWorker pid=3989403)[0m compiled for stage:23 name: stage_0_11_acc_grad_1 module id: 1
[2m[36m(CompileWorker pid=3989400)[0m compiled for stage:28 name: stage_1_3_acc_grad_0 module id: 0
[2m[36m(CompileWorker pid=3989400)[0m compiled for stage:28 name: stage_1_3_acc_grad_1 module id: 1
[2m[36m(CompileWorker pid=3989401)[0m compiled for stage:29 name: stage_1_3_acc_grad_0 module id: 0
[2m[36m(CompileWorker pid=3989391)[0m  tensor (Large latency) dimensions: (1, 50257, 12288, 1, 1, 1, 1, 1, 1, 1, 0, 0, 'CONV', 1, 1, 0, 0),  latency: 9.190599300595238
[2m[36m(CompileWorker pid=3989401)[0m compiled for stage:29 name: stage_1_3_acc_grad_1 module id: 1
[2m[36m(CompileWorker pid=3989396)[0m compiled for stage:30 name: stage_1_4_acc_grad_0 module id: 0
[2m[36m(CompileWorker pid=3989396)[0m compiled for stage:30 name: stage_1_4_acc_grad_1 module id: 1
[2m[36m(CompileWorker pid=3989403)[0m  tensor (Large latency) dimensions: (1, 50257, 12288, 1, 1, 1, 1, 1, 1, 1, 0, 0, 'CONV', 1, 1, 0, 0),  latency: 9.190599300595238
[2m[36m(CompileWorker pid=3989397)[0m compiled for stage:31 name: stage_1_4_acc_grad_0 module id: 0
[2m[36m(CompileWorker pid=3989397)[0m compiled for stage:31 name: stage_1_4_acc_grad_1 module id: 1
[2m[36m(CompileWorker pid=3989400)[0m compiled for stage:32 name: stage_1_5_acc_grad_0 module id: 0
[2m[36m(CompileWorker pid=3989400)[0m compiled for stage:32 name: stage_1_5_acc_grad_1 module id: 1
[2m[36m(CompileWorker pid=3989395)[0m compiled for stage:33 name: stage_1_5_acc_grad_0 module id: 0
[2m[36m(CompileWorker pid=3989395)[0m compiled for stage:33 name: stage_1_5_acc_grad_1 module id: 1
[2m[36m(CompileWorker pid=3989402)[0m compiled for stage:34 name: stage_1_6_acc_grad_0 module id: 0
[2m[36m(CompileWorker pid=3989402)[0m compiled for stage:34 name: stage_1_6_acc_grad_1 module id: 1
[2m[36m(CompileWorker pid=3989383)[0m compiled for stage:35 name: stage_1_6_acc_grad_0 module id: 0
[2m[36m(CompileWorker pid=3989383)[0m compiled for stage:35 name: stage_1_6_acc_grad_1 module id: 1
[2m[36m(CompileWorker pid=3989403)[0m compiled for stage:36 name: stage_1_7_acc_grad_0 module id: 0
[2m[36m(CompileWorker pid=3989403)[0m compiled for stage:36 name: stage_1_7_acc_grad_1 module id: 1
[2m[36m(CompileWorker pid=3989394)[0m compiled for stage:37 name: stage_1_7_acc_grad_0 module id: 0
[2m[36m(CompileWorker pid=3989394)[0m compiled for stage:37 name: stage_1_7_acc_grad_1 module id: 1
[2m[36m(CompileWorker pid=3989399)[0m compiled for stage:38 name: stage_1_8_acc_grad_0 module id: 0
[2m[36m(CompileWorker pid=3989396)[0m compiled for stage:39 name: stage_1_8_acc_grad_0 module id: 0
[2m[36m(CompileWorker pid=3989399)[0m compiled for stage:38 name: stage_1_8_acc_grad_1 module id: 1
[2m[36m(CompileWorker pid=3989396)[0m compiled for stage:39 name: stage_1_8_acc_grad_1 module id: 1
[2m[36m(CompileWorker pid=3989398)[0m compiled for stage:40 name: stage_1_9_acc_grad_0 module id: 0
[2m[36m(CompileWorker pid=3989398)[0m compiled for stage:40 name: stage_1_9_acc_grad_1 module id: 1
[2m[36m(CompileWorker pid=3989397)[0m compiled for stage:41 name: stage_1_9_acc_grad_0 module id: 0
[2m[36m(CompileWorker pid=3989397)[0m compiled for stage:41 name: stage_1_9_acc_grad_1 module id: 1
[2m[36m(CompileWorker pid=3989391)[0m compiled for stage:42 name: stage_1_10_acc_grad_0 module id: 0
[2m[36m(CompileWorker pid=3989391)[0m compiled for stage:42 name: stage_1_10_acc_grad_1 module id: 1
[2m[36m(CompileWorker pid=3989403)[0m compiled for stage:43 name: stage_1_10_acc_grad_0 module id: 0
[2m[36m(CompileWorker pid=3989403)[0m compiled for stage:43 name: stage_1_10_acc_grad_1 module id: 1
[2m[36m(CompileWorker pid=3989399)[0m compiled for stage:46 name: stage_2_2_acc_grad_0 module id: 0
[2m[36m(CompileWorker pid=3989399)[0m compiled for stage:46 name: stage_2_2_acc_grad_1 module id: 1
[2m[36m(CompileWorker pid=3989394)[0m compiled for stage:44 name: stage_1_11_acc_grad_0 module id: 0
[2m[36m(CompileWorker pid=3989398)[0m compiled for stage:47 name: stage_2_2_acc_grad_0 module id: 0
[2m[36m(CompileWorker pid=3989398)[0m compiled for stage:47 name: stage_2_2_acc_grad_1 module id: 1
[2m[36m(CompileWorker pid=3989394)[0m compiled for stage:44 name: stage_1_11_acc_grad_1 module id: 1
[2m[36m(CompileWorker pid=3989383)[0m compiled for stage:45 name: stage_1_11_acc_grad_0 module id: 0
[2m[36m(CompileWorker pid=3989396)[0m compiled for stage:48 name: stage_2_3_acc_grad_0 module id: 0
[2m[36m(CompileWorker pid=3989396)[0m compiled for stage:48 name: stage_2_3_acc_grad_1 module id: 1
[2m[36m(CompileWorker pid=3989383)[0m compiled for stage:45 name: stage_1_11_acc_grad_1 module id: 1
[2m[36m(CompileWorker pid=3989402)[0m compiled for stage:49 name: stage_2_3_acc_grad_0 module id: 0
[2m[36m(CompileWorker pid=3989402)[0m compiled for stage:49 name: stage_2_3_acc_grad_1 module id: 1
[2m[36m(CompileWorker pid=3989403)[0m compiled for stage:50 name: stage_2_4_acc_grad_0 module id: 0
[2m[36m(CompileWorker pid=3989403)[0m compiled for stage:50 name: stage_2_4_acc_grad_1 module id: 1
[2m[36m(CompileWorker pid=3989394)[0m  tensor (Large latency) dimensions: (1, 50257, 12288, 1, 1, 1, 1, 1, 1, 1, 0, 0, 'CONV', 1, 1, 0, 0),  latency: 9.190599300595238
[2m[36m(CompileWorker pid=3989395)[0m compiled for stage:51 name: stage_2_4_acc_grad_0 module id: 0
[2m[36m(CompileWorker pid=3989395)[0m compiled for stage:51 name: stage_2_4_acc_grad_1 module id: 1
[2m[36m(CompileWorker pid=3989397)[0m compiled for stage:52 name: stage_2_5_acc_grad_0 module id: 0
[2m[36m(CompileWorker pid=3989383)[0m  tensor (Large latency) dimensions: (1, 50257, 12288, 1, 1, 1, 1, 1, 1, 1, 0, 0, 'CONV', 1, 1, 0, 0),  latency: 9.190599300595238
[2m[36m(CompileWorker pid=3989397)[0m compiled for stage:52 name: stage_2_5_acc_grad_1 module id: 1
[2m[36m(CompileWorker pid=3989391)[0m compiled for stage:53 name: stage_2_5_acc_grad_0 module id: 0
[2m[36m(CompileWorker pid=3989391)[0m compiled for stage:53 name: stage_2_5_acc_grad_1 module id: 1
[2m[36m(CompileWorker pid=3989399)[0m compiled for stage:54 name: stage_2_6_acc_grad_0 module id: 0
[2m[36m(CompileWorker pid=3989402)[0m compiled for stage:55 name: stage_2_6_acc_grad_0 module id: 0
[2m[36m(CompileWorker pid=3989399)[0m compiled for stage:54 name: stage_2_6_acc_grad_1 module id: 1
[2m[36m(CompileWorker pid=3989402)[0m compiled for stage:55 name: stage_2_6_acc_grad_1 module id: 1
[2m[36m(CompileWorker pid=3989400)[0m compiled for stage:56 name: stage_2_7_acc_grad_0 module id: 0
[2m[36m(CompileWorker pid=3989400)[0m compiled for stage:56 name: stage_2_7_acc_grad_1 module id: 1
[2m[36m(CompileWorker pid=3989401)[0m compiled for stage:57 name: stage_2_7_acc_grad_0 module id: 0
[2m[36m(CompileWorker pid=3989401)[0m compiled for stage:57 name: stage_2_7_acc_grad_1 module id: 1
[2m[36m(CompileWorker pid=3989403)[0m compiled for stage:58 name: stage_2_8_acc_grad_0 module id: 0
[2m[36m(CompileWorker pid=3989403)[0m compiled for stage:58 name: stage_2_8_acc_grad_1 module id: 1
[2m[36m(CompileWorker pid=3989399)[0m compiled for stage:59 name: stage_2_8_acc_grad_0 module id: 0
[2m[36m(CompileWorker pid=3989399)[0m compiled for stage:59 name: stage_2_8_acc_grad_1 module id: 1
[2m[36m(CompileWorker pid=3989395)[0m compiled for stage:60 name: stage_2_9_acc_grad_0 module id: 0
[2m[36m(CompileWorker pid=3989395)[0m compiled for stage:60 name: stage_2_9_acc_grad_1 module id: 1
[2m[36m(CompileWorker pid=3989394)[0m compiled for stage:61 name: stage_2_9_acc_grad_0 module id: 0
[2m[36m(CompileWorker pid=3989394)[0m compiled for stage:61 name: stage_2_9_acc_grad_1 module id: 1
[2m[36m(CompileWorker pid=3989401)[0m compiled for stage:62 name: stage_2_10_acc_grad_0 module id: 0
[2m[36m(CompileWorker pid=3989401)[0m compiled for stage:62 name: stage_2_10_acc_grad_1 module id: 1
[2m[36m(CompileWorker pid=3989403)[0m compiled for stage:63 name: stage_2_10_acc_grad_0 module id: 0
[2m[36m(CompileWorker pid=3989391)[0m compiled for stage:66 name: stage_3_3_acc_grad_0 module id: 0
[2m[36m(CompileWorker pid=3989391)[0m compiled for stage:66 name: stage_3_3_acc_grad_1 module id: 1
[2m[36m(CompileWorker pid=3989403)[0m compiled for stage:63 name: stage_2_10_acc_grad_1 module id: 1
[2m[36m(CompileWorker pid=3989398)[0m compiled for stage:64 name: stage_2_11_acc_grad_0 module id: 0
[2m[36m(CompileWorker pid=3989394)[0m compiled for stage:67 name: stage_3_3_acc_grad_0 module id: 0
[2m[36m(CompileWorker pid=3989394)[0m compiled for stage:67 name: stage_3_3_acc_grad_1 module id: 1
[2m[36m(CompileWorker pid=3989383)[0m compiled for stage:65 name: stage_2_11_acc_grad_0 module id: 0
[2m[36m(CompileWorker pid=3989398)[0m compiled for stage:64 name: stage_2_11_acc_grad_1 module id: 1
[2m[36m(CompileWorker pid=3989401)[0m compiled for stage:68 name: stage_3_4_acc_grad_0 module id: 0
[2m[36m(CompileWorker pid=3989401)[0m compiled for stage:68 name: stage_3_4_acc_grad_1 module id: 1
[2m[36m(CompileWorker pid=3989396)[0m compiled for stage:69 name: stage_3_4_acc_grad_0 module id: 0
[2m[36m(CompileWorker pid=3989383)[0m compiled for stage:65 name: stage_2_11_acc_grad_1 module id: 1
[2m[36m(CompileWorker pid=3989396)[0m compiled for stage:69 name: stage_3_4_acc_grad_1 module id: 1
[2m[36m(CompileWorker pid=3989394)[0m compiled for stage:70 name: stage_3_5_acc_grad_0 module id: 0
[2m[36m(CompileWorker pid=3989394)[0m compiled for stage:70 name: stage_3_5_acc_grad_1 module id: 1
[2m[36m(CompileWorker pid=3989397)[0m compiled for stage:71 name: stage_3_5_acc_grad_0 module id: 0
[2m[36m(CompileWorker pid=3989397)[0m compiled for stage:71 name: stage_3_5_acc_grad_1 module id: 1
[2m[36m(CompileWorker pid=3989399)[0m compiled for stage:72 name: stage_3_6_acc_grad_0 module id: 0
[2m[36m(CompileWorker pid=3989399)[0m compiled for stage:72 name: stage_3_6_acc_grad_1 module id: 1
[2m[36m(CompileWorker pid=3989398)[0m  tensor (Large latency) dimensions: (1, 50257, 12288, 1, 1, 1, 1, 1, 1, 1, 0, 0, 'CONV', 1, 1, 0, 0),  latency: 9.190599300595238
[2m[36m(CompileWorker pid=3989401)[0m compiled for stage:73 name: stage_3_6_acc_grad_0 module id: 0
[2m[36m(CompileWorker pid=3989401)[0m compiled for stage:73 name: stage_3_6_acc_grad_1 module id: 1
[2m[36m(CompileWorker pid=3989396)[0m compiled for stage:74 name: stage_3_7_acc_grad_0 module id: 0
[2m[36m(CompileWorker pid=3989396)[0m compiled for stage:74 name: stage_3_7_acc_grad_1 module id: 1
[2m[36m(CompileWorker pid=3989402)[0m compiled for stage:75 name: stage_3_7_acc_grad_0 module id: 0
[2m[36m(CompileWorker pid=3989402)[0m compiled for stage:75 name: stage_3_7_acc_grad_1 module id: 1
[2m[36m(CompileWorker pid=3989399)[0m compiled for stage:76 name: stage_3_8_acc_grad_0 module id: 0
[2m[36m(CompileWorker pid=3989395)[0m compiled for stage:77 name: stage_3_8_acc_grad_0 module id: 0
[2m[36m(CompileWorker pid=3989399)[0m compiled for stage:76 name: stage_3_8_acc_grad_1 module id: 1
[2m[36m(CompileWorker pid=3989395)[0m compiled for stage:77 name: stage_3_8_acc_grad_1 module id: 1
[2m[36m(CompileWorker pid=3989397)[0m compiled for stage:78 name: stage_3_9_acc_grad_0 module id: 0
[2m[36m(CompileWorker pid=3989397)[0m compiled for stage:78 name: stage_3_9_acc_grad_1 module id: 1
[2m[36m(CompileWorker pid=3989403)[0m compiled for stage:79 name: stage_3_9_acc_grad_0 module id: 0
[2m[36m(CompileWorker pid=3989403)[0m compiled for stage:79 name: stage_3_9_acc_grad_1 module id: 1
[2m[36m(CompileWorker pid=3989398)[0m compiled for stage:80 name: stage_3_10_acc_grad_0 module id: 0
[2m[36m(CompileWorker pid=3989398)[0m compiled for stage:80 name: stage_3_10_acc_grad_1 module id: 1
[2m[36m(CompileWorker pid=3989399)[0m compiled for stage:81 name: stage_3_10_acc_grad_0 module id: 0
[2m[36m(CompileWorker pid=3989394)[0m compiled for stage:84 name: stage_4_4_acc_grad_0 module id: 0
[2m[36m(CompileWorker pid=3989394)[0m compiled for stage:84 name: stage_4_4_acc_grad_1 module id: 1
[2m[36m(CompileWorker pid=3989397)[0m compiled for stage:85 name: stage_4_4_acc_grad_0 module id: 0
[2m[36m(CompileWorker pid=3989397)[0m compiled for stage:85 name: stage_4_4_acc_grad_1 module id: 1
[2m[36m(CompileWorker pid=3989399)[0m compiled for stage:81 name: stage_3_10_acc_grad_1 module id: 1
[2m[36m(CompileWorker pid=3989402)[0m compiled for stage:82 name: stage_3_11_acc_grad_0 module id: 0
[2m[36m(CompileWorker pid=3989400)[0m compiled for stage:86 name: stage_4_5_acc_grad_0 module id: 0
[2m[36m(CompileWorker pid=3989400)[0m compiled for stage:86 name: stage_4_5_acc_grad_1 module id: 1
[2m[36m(CompileWorker pid=3989402)[0m compiled for stage:82 name: stage_3_11_acc_grad_1 module id: 1
[2m[36m(CompileWorker pid=3989391)[0m compiled for stage:83 name: stage_3_11_acc_grad_0 module id: 0
[2m[36m(CompileWorker pid=3989401)[0m compiled for stage:87 name: stage_4_5_acc_grad_0 module id: 0
[2m[36m(CompileWorker pid=3989401)[0m compiled for stage:87 name: stage_4_5_acc_grad_1 module id: 1
[2m[36m(CompileWorker pid=3989391)[0m compiled for stage:83 name: stage_3_11_acc_grad_1 module id: 1
[2m[36m(CompileWorker pid=3989395)[0m compiled for stage:88 name: stage_4_6_acc_grad_0 module id: 0
[2m[36m(CompileWorker pid=3989395)[0m compiled for stage:88 name: stage_4_6_acc_grad_1 module id: 1
[2m[36m(CompileWorker pid=3989398)[0m compiled for stage:89 name: stage_4_6_acc_grad_0 module id: 0
[2m[36m(CompileWorker pid=3989398)[0m compiled for stage:89 name: stage_4_6_acc_grad_1 module id: 1
[2m[36m(CompileWorker pid=3989402)[0m  tensor (Large latency) dimensions: (1, 50257, 12288, 1, 1, 1, 1, 1, 1, 1, 0, 0, 'CONV', 1, 1, 0, 0),  latency: 9.190599300595238
[2m[36m(CompileWorker pid=3989401)[0m compiled for stage:90 name: stage_4_7_acc_grad_0 module id: 0
[2m[36m(CompileWorker pid=3989383)[0m compiled for stage:91 name: stage_4_7_acc_grad_0 module id: 0
[2m[36m(CompileWorker pid=3989401)[0m compiled for stage:90 name: stage_4_7_acc_grad_1 module id: 1
[2m[36m(CompileWorker pid=3989383)[0m compiled for stage:91 name: stage_4_7_acc_grad_1 module id: 1
[2m[36m(CompileWorker pid=3989391)[0m compiled for stage:92 name: stage_4_8_acc_grad_0 module id: 0
[2m[36m(CompileWorker pid=3989391)[0m compiled for stage:92 name: stage_4_8_acc_grad_1 module id: 1
[2m[36m(CompileWorker pid=3989397)[0m compiled for stage:93 name: stage_4_8_acc_grad_0 module id: 0
[2m[36m(CompileWorker pid=3989397)[0m compiled for stage:93 name: stage_4_8_acc_grad_1 module id: 1
[2m[36m(CompileWorker pid=3989401)[0m compiled for stage:94 name: stage_4_9_acc_grad_0 module id: 0
[2m[36m(CompileWorker pid=3989401)[0m compiled for stage:94 name: stage_4_9_acc_grad_1 module id: 1
[2m[36m(CompileWorker pid=3989402)[0m compiled for stage:95 name: stage_4_9_acc_grad_0 module id: 0
[2m[36m(CompileWorker pid=3989402)[0m compiled for stage:95 name: stage_4_9_acc_grad_1 module id: 1
[2m[36m(CompileWorker pid=3989383)[0m compiled for stage:96 name: stage_4_10_acc_grad_0 module id: 0
[2m[36m(CompileWorker pid=3989383)[0m compiled for stage:96 name: stage_4_10_acc_grad_1 module id: 1
[2m[36m(CompileWorker pid=3989396)[0m compiled for stage:97 name: stage_4_10_acc_grad_0 module id: 0
[2m[36m(CompileWorker pid=3989396)[0m compiled for stage:97 name: stage_4_10_acc_grad_1 module id: 1
[2m[36m(CompileWorker pid=3989399)[0m compiled for stage:100 name: stage_5_5_acc_grad_0 module id: 0
[2m[36m(CompileWorker pid=3989399)[0m compiled for stage:100 name: stage_5_5_acc_grad_1 module id: 1
[2m[36m(CompileWorker pid=3989401)[0m compiled for stage:98 name: stage_4_11_acc_grad_0 module id: 0
[2m[36m(CompileWorker pid=3989395)[0m compiled for stage:101 name: stage_5_5_acc_grad_0 module id: 0
[2m[36m(CompileWorker pid=3989395)[0m compiled for stage:101 name: stage_5_5_acc_grad_1 module id: 1
[2m[36m(CompileWorker pid=3989401)[0m compiled for stage:98 name: stage_4_11_acc_grad_1 module id: 1
[2m[36m(CompileWorker pid=3989403)[0m compiled for stage:102 name: stage_5_6_acc_grad_0 module id: 0
[2m[36m(CompileWorker pid=3989403)[0m compiled for stage:102 name: stage_5_6_acc_grad_1 module id: 1
[2m[36m(CompileWorker pid=3989402)[0m compiled for stage:99 name: stage_4_11_acc_grad_0 module id: 0
[2m[36m(CompileWorker pid=3989394)[0m compiled for stage:103 name: stage_5_6_acc_grad_0 module id: 0
[2m[36m(CompileWorker pid=3989402)[0m compiled for stage:99 name: stage_4_11_acc_grad_1 module id: 1
[2m[36m(CompileWorker pid=3989394)[0m compiled for stage:103 name: stage_5_6_acc_grad_1 module id: 1
[2m[36m(CompileWorker pid=3989398)[0m compiled for stage:104 name: stage_5_7_acc_grad_0 module id: 0
[2m[36m(CompileWorker pid=3989398)[0m compiled for stage:104 name: stage_5_7_acc_grad_1 module id: 1
[2m[36m(CompileWorker pid=3989397)[0m compiled for stage:105 name: stage_5_7_acc_grad_0 module id: 0
[2m[36m(CompileWorker pid=3989397)[0m compiled for stage:105 name: stage_5_7_acc_grad_1 module id: 1
[2m[36m(CompileWorker pid=3989396)[0m compiled for stage:106 name: stage_5_8_acc_grad_0 module id: 0
[2m[36m(CompileWorker pid=3989401)[0m  tensor (Large latency) dimensions: (1, 50257, 12288, 1, 1, 1, 1, 1, 1, 1, 0, 0, 'CONV', 1, 1, 0, 0),  latency: 9.190599300595238
[2m[36m(CompileWorker pid=3989396)[0m compiled for stage:106 name: stage_5_8_acc_grad_1 module id: 1
[2m[36m(CompileWorker pid=3989400)[0m compiled for stage:107 name: stage_5_8_acc_grad_0 module id: 0
[2m[36m(CompileWorker pid=3989400)[0m compiled for stage:107 name: stage_5_8_acc_grad_1 module id: 1
[2m[36m(CompileWorker pid=3989383)[0m compiled for stage:108 name: stage_5_9_acc_grad_0 module id: 0
[2m[36m(CompileWorker pid=3989383)[0m compiled for stage:108 name: stage_5_9_acc_grad_1 module id: 1
[2m[36m(CompileWorker pid=3989394)[0m compiled for stage:109 name: stage_5_9_acc_grad_0 module id: 0
[2m[36m(CompileWorker pid=3989394)[0m compiled for stage:109 name: stage_5_9_acc_grad_1 module id: 1
[2m[36m(CompileWorker pid=3989398)[0m compiled for stage:110 name: stage_5_10_acc_grad_0 module id: 0
[2m[36m(CompileWorker pid=3989398)[0m compiled for stage:110 name: stage_5_10_acc_grad_1 module id: 1
[2m[36m(CompileWorker pid=3989401)[0m compiled for stage:111 name: stage_5_10_acc_grad_0 module id: 0
[2m[36m(CompileWorker pid=3989391)[0m compiled for stage:114 name: stage_6_6_acc_grad_0 module id: 0
[2m[36m(CompileWorker pid=3989401)[0m compiled for stage:111 name: stage_5_10_acc_grad_1 module id: 1
[2m[36m(CompileWorker pid=3989391)[0m compiled for stage:114 name: stage_6_6_acc_grad_1 module id: 1
[2m[36m(CompileWorker pid=3989402)[0m compiled for stage:115 name: stage_6_6_acc_grad_0 module id: 0
[2m[36m(CompileWorker pid=3989400)[0m compiled for stage:112 name: stage_5_11_acc_grad_0 module id: 0
[2m[36m(CompileWorker pid=3989402)[0m compiled for stage:115 name: stage_6_6_acc_grad_1 module id: 1
[2m[36m(CompileWorker pid=3989400)[0m compiled for stage:112 name: stage_5_11_acc_grad_1 module id: 1
[2m[36m(CompileWorker pid=3989383)[0m compiled for stage:116 name: stage_6_7_acc_grad_0 module id: 0
[2m[36m(CompileWorker pid=3989383)[0m compiled for stage:116 name: stage_6_7_acc_grad_1 module id: 1
[2m[36m(CompileWorker pid=3989399)[0m compiled for stage:113 name: stage_5_11_acc_grad_0 module id: 0
[2m[36m(CompileWorker pid=3989403)[0m compiled for stage:117 name: stage_6_7_acc_grad_0 module id: 0
[2m[36m(CompileWorker pid=3989403)[0m compiled for stage:117 name: stage_6_7_acc_grad_1 module id: 1
[2m[36m(CompileWorker pid=3989399)[0m compiled for stage:113 name: stage_5_11_acc_grad_1 module id: 1
[2m[36m(CompileWorker pid=3989402)[0m compiled for stage:118 name: stage_6_8_acc_grad_0 module id: 0
[2m[36m(CompileWorker pid=3989396)[0m compiled for stage:119 name: stage_6_8_acc_grad_0 module id: 0
[2m[36m(CompileWorker pid=3989402)[0m compiled for stage:118 name: stage_6_8_acc_grad_1 module id: 1
[2m[36m(CompileWorker pid=3989396)[0m compiled for stage:119 name: stage_6_8_acc_grad_1 module id: 1
[2m[36m(CompileWorker pid=3989394)[0m compiled for stage:120 name: stage_6_9_acc_grad_0 module id: 0
[2m[36m(CompileWorker pid=3989395)[0m compiled for stage:121 name: stage_6_9_acc_grad_0 module id: 0
[2m[36m(CompileWorker pid=3989394)[0m compiled for stage:120 name: stage_6_9_acc_grad_1 module id: 1
[2m[36m(CompileWorker pid=3989400)[0m  tensor (Large latency) dimensions: (1, 50257, 12288, 1, 1, 1, 1, 1, 1, 1, 0, 0, 'CONV', 1, 1, 0, 0),  latency: 9.190599300595238
[2m[36m(CompileWorker pid=3989395)[0m compiled for stage:121 name: stage_6_9_acc_grad_1 module id: 1
[2m[36m(CompileWorker pid=3989383)[0m compiled for stage:122 name: stage_6_10_acc_grad_0 module id: 0
[2m[36m(CompileWorker pid=3989399)[0m  tensor (Large latency) dimensions: (1, 50257, 12288, 1, 1, 1, 1, 1, 1, 1, 0, 0, 'CONV', 1, 1, 0, 0),  latency: 9.190599300595238
[2m[36m(CompileWorker pid=3989396)[0m compiled for stage:123 name: stage_6_10_acc_grad_0 module id: 0
[2m[36m(CompileWorker pid=3989383)[0m compiled for stage:122 name: stage_6_10_acc_grad_1 module id: 1
[2m[36m(CompileWorker pid=3989395)[0m compiled for stage:126 name: stage_7_7_acc_grad_0 module id: 0
[2m[36m(CompileWorker pid=3989395)[0m compiled for stage:126 name: stage_7_7_acc_grad_1 module id: 1
[2m[36m(CompileWorker pid=3989402)[0m compiled for stage:124 name: stage_6_11_acc_grad_0 module id: 0
[2m[36m(CompileWorker pid=3989396)[0m compiled for stage:123 name: stage_6_10_acc_grad_1 module id: 1
[2m[36m(CompileWorker pid=3989401)[0m compiled for stage:127 name: stage_7_7_acc_grad_0 module id: 0
[2m[36m(CompileWorker pid=3989401)[0m compiled for stage:127 name: stage_7_7_acc_grad_1 module id: 1
[2m[36m(CompileWorker pid=3989403)[0m compiled for stage:128 name: stage_7_8_acc_grad_0 module id: 0
[2m[36m(CompileWorker pid=3989403)[0m compiled for stage:128 name: stage_7_8_acc_grad_1 module id: 1
[2m[36m(CompileWorker pid=3989402)[0m compiled for stage:124 name: stage_6_11_acc_grad_1 module id: 1
[2m[36m(CompileWorker pid=3989383)[0m compiled for stage:129 name: stage_7_8_acc_grad_0 module id: 0
[2m[36m(CompileWorker pid=3989383)[0m compiled for stage:129 name: stage_7_8_acc_grad_1 module id: 1
[2m[36m(CompileWorker pid=3989394)[0m compiled for stage:125 name: stage_6_11_acc_grad_0 module id: 0
[2m[36m(CompileWorker pid=3989397)[0m compiled for stage:130 name: stage_7_9_acc_grad_0 module id: 0
[2m[36m(CompileWorker pid=3989394)[0m compiled for stage:125 name: stage_6_11_acc_grad_1 module id: 1
[2m[36m(CompileWorker pid=3989397)[0m compiled for stage:130 name: stage_7_9_acc_grad_1 module id: 1
[2m[36m(CompileWorker pid=3989400)[0m compiled for stage:131 name: stage_7_9_acc_grad_0 module id: 0
[2m[36m(CompileWorker pid=3989403)[0m compiled for stage:132 name: stage_7_10_acc_grad_0 module id: 0
[2m[36m(CompileWorker pid=3989400)[0m compiled for stage:131 name: stage_7_9_acc_grad_1 module id: 1
[2m[36m(CompileWorker pid=3989396)[0m compiled for stage:133 name: stage_7_10_acc_grad_0 module id: 0
[2m[36m(CompileWorker pid=3989403)[0m compiled for stage:132 name: stage_7_10_acc_grad_1 module id: 1
[2m[36m(CompileWorker pid=3989396)[0m compiled for stage:133 name: stage_7_10_acc_grad_1 module id: 1
[2m[36m(CompileWorker pid=3989395)[0m compiled for stage:134 name: stage_7_11_acc_grad_0 module id: 0
[2m[36m(CompileWorker pid=3989399)[0m compiled for stage:136 name: stage_8_8_acc_grad_0 module id: 0
[2m[36m(CompileWorker pid=3989399)[0m compiled for stage:136 name: stage_8_8_acc_grad_1 module id: 1
[2m[36m(CompileWorker pid=3989395)[0m compiled for stage:134 name: stage_7_11_acc_grad_1 module id: 1
[2m[36m(CompileWorker pid=3989397)[0m compiled for stage:135 name: stage_7_11_acc_grad_0 module id: 0
[2m[36m(CompileWorker pid=3989394)[0m compiled for stage:137 name: stage_8_8_acc_grad_0 module id: 0
[2m[36m(CompileWorker pid=3989394)[0m compiled for stage:137 name: stage_8_8_acc_grad_1 module id: 1
[2m[36m(CompileWorker pid=3989396)[0m compiled for stage:138 name: stage_8_9_acc_grad_0 module id: 0
[2m[36m(CompileWorker pid=3989396)[0m compiled for stage:138 name: stage_8_9_acc_grad_1 module id: 1
[2m[36m(CompileWorker pid=3989397)[0m compiled for stage:135 name: stage_7_11_acc_grad_1 module id: 1
[2m[36m(CompileWorker pid=3989402)[0m compiled for stage:139 name: stage_8_9_acc_grad_0 module id: 0
[2m[36m(CompileWorker pid=3989402)[0m compiled for stage:139 name: stage_8_9_acc_grad_1 module id: 1
[2m[36m(CompileWorker pid=3989398)[0m compiled for stage:140 name: stage_8_10_acc_grad_0 module id: 0
[2m[36m(CompileWorker pid=3989398)[0m compiled for stage:140 name: stage_8_10_acc_grad_1 module id: 1
[2m[36m(CompileWorker pid=3989401)[0m compiled for stage:141 name: stage_8_10_acc_grad_0 module id: 0
[2m[36m(CompileWorker pid=3989395)[0m  tensor (Large latency) dimensions: (1, 50257, 12288, 1, 1, 1, 1, 1, 1, 1, 0, 0, 'CONV', 1, 1, 0, 0),  latency: 9.190599300595238
[2m[36m(CompileWorker pid=3989391)[0m compiled for stage:144 name: stage_9_9_acc_grad_0 module id: 0
[2m[36m(CompileWorker pid=3989401)[0m compiled for stage:141 name: stage_8_10_acc_grad_1 module id: 1
[2m[36m(CompileWorker pid=3989402)[0m compiled for stage:142 name: stage_8_11_acc_grad_0 module id: 0
[2m[36m(CompileWorker pid=3989391)[0m compiled for stage:144 name: stage_9_9_acc_grad_1 module id: 1
[2m[36m(CompileWorker pid=3989402)[0m compiled for stage:142 name: stage_8_11_acc_grad_1 module id: 1
[2m[36m(CompileWorker pid=3989397)[0m  tensor (Large latency) dimensions: (1, 50257, 12288, 1, 1, 1, 1, 1, 1, 1, 0, 0, 'CONV', 1, 1, 0, 0),  latency: 9.190599300595238
[2m[36m(CompileWorker pid=3989403)[0m compiled for stage:143 name: stage_8_11_acc_grad_0 module id: 0
[2m[36m(CompileWorker pid=3989400)[0m compiled for stage:145 name: stage_9_9_acc_grad_0 module id: 0
[2m[36m(CompileWorker pid=3989403)[0m compiled for stage:143 name: stage_8_11_acc_grad_1 module id: 1
[2m[36m(CompileWorker pid=3989394)[0m compiled for stage:146 name: stage_9_10_acc_grad_0 module id: 0
[2m[36m(CompileWorker pid=3989400)[0m compiled for stage:145 name: stage_9_9_acc_grad_1 module id: 1
[2m[36m(CompileWorker pid=3989398)[0m compiled for stage:151 name: stage_10_10_acc_grad_0 module id: 0
[2m[36m(CompileWorker pid=3989396)[0m compiled for stage:147 name: stage_9_10_acc_grad_0 module id: 0
[2m[36m(CompileWorker pid=3989396)[0m compiled for stage:147 name: stage_9_10_acc_grad_1 module id: 1
[2m[36m(CompileWorker pid=3989394)[0m compiled for stage:146 name: stage_9_10_acc_grad_1 module id: 1
[2m[36m(CompileWorker pid=3989383)[0m compiled for stage:150 name: stage_10_10_acc_grad_0 module id: 0
[2m[36m(CompileWorker pid=3989383)[0m compiled for stage:150 name: stage_10_10_acc_grad_1 module id: 1
[2m[36m(CompileWorker pid=3989398)[0m compiled for stage:151 name: stage_10_10_acc_grad_1 module id: 1
[2m[36m(CompileWorker pid=3989391)[0m compiled for stage:148 name: stage_9_11_acc_grad_0 module id: 0
[2m[36m(CompileWorker pid=3989391)[0m compiled for stage:148 name: stage_9_11_acc_grad_1 module id: 1
[2m[36m(CompileWorker pid=3989394)[0m compiled for stage:155 name: stage_11_11_acc_grad_0 module id: 0
[2m[36m(CompileWorker pid=3989394)[0m compiled for stage:155 name: stage_11_11_acc_grad_1 module id: 1
[2m[36m(CompileWorker pid=3989401)[0m compiled for stage:152 name: stage_10_11_acc_grad_0 module id: 0
[2m[36m(CompileWorker pid=3989402)[0m compiled for stage:154 name: stage_11_11_acc_grad_0 module id: 0
[2m[36m(CompileWorker pid=3989399)[0m compiled for stage:149 name: stage_9_11_acc_grad_0 module id: 0
[2m[36m(CompileWorker pid=3989399)[0m compiled for stage:149 name: stage_9_11_acc_grad_1 module id: 1
[2m[36m(CompileWorker pid=3989401)[0m compiled for stage:152 name: stage_10_11_acc_grad_1 module id: 1
[2m[36m(CompileWorker pid=3989402)[0m compiled for stage:154 name: stage_11_11_acc_grad_1 module id: 1
[2m[36m(CompileWorker pid=3989400)[0m compiled for stage:153 name: stage_10_11_acc_grad_0 module id: 0
[2m[36m(CompileWorker pid=3989400)[0m compiled for stage:153 name: stage_10_11_acc_grad_1 module id: 1
- parse estimation results for all stages
result[(0, 0, 0, 0), 0] = ModuleProfileResult(compute_cost=62.582, peak_memory=12.861 GB, invar_size=4.572 GB, outvar_size=7.138 GB, temp_buffer_size=1.150 GB, available_memory=64.000 GB, comm_cost=0.000)
result[(0, 0, 0, 0), 1] = ModuleProfileResult(compute_cost=77.002, peak_memory=13.778 GB, invar_size=11.710 GB, outvar_size=4.572 GB, temp_buffer_size=2.068 GB, available_memory=64.000 GB, comm_cost=0.000)
result[(0, 0, 0, 1), 0] = ModuleProfileResult(compute_cost=62.582, peak_memory=12.861 GB, invar_size=4.572 GB, outvar_size=7.138 GB, temp_buffer_size=1.150 GB, available_memory=64.000 GB, comm_cost=0.000)
result[(0, 0, 0, 1), 1] = ModuleProfileResult(compute_cost=77.002, peak_memory=13.778 GB, invar_size=11.710 GB, outvar_size=4.572 GB, temp_buffer_size=2.068 GB, available_memory=64.000 GB, comm_cost=0.000)
result[(0, 1, 0, 0), 0] = ModuleProfileResult(compute_cost=123.610, peak_memory=23.175 GB, invar_size=7.948 GB, outvar_size=14.076 GB, temp_buffer_size=1.150 GB, available_memory=64.000 GB, comm_cost=0.000)
result[(0, 1, 0, 0), 1] = ModuleProfileResult(compute_cost=142.330, peak_memory=24.842 GB, invar_size=22.024 GB, outvar_size=7.948 GB, temp_buffer_size=2.817 GB, available_memory=64.000 GB, comm_cost=0.000)
result[(0, 1, 0, 1), 0] = ModuleProfileResult(compute_cost=123.610, peak_memory=23.175 GB, invar_size=7.948 GB, outvar_size=14.076 GB, temp_buffer_size=1.150 GB, available_memory=64.000 GB, comm_cost=0.000)
result[(0, 1, 0, 1), 1] = ModuleProfileResult(compute_cost=142.330, peak_memory=24.842 GB, invar_size=22.024 GB, outvar_size=7.948 GB, temp_buffer_size=2.817 GB, available_memory=64.000 GB, comm_cost=0.000)
result[(0, 2, 0, 0), 0] = ModuleProfileResult(compute_cost=227.479, peak_memory=37.682 GB, invar_size=12.448 GB, outvar_size=23.969 GB, temp_buffer_size=1.266 GB, available_memory=64.000 GB, comm_cost=0.000)
result[(0, 2, 0, 0), 1] = ModuleProfileResult(compute_cost=242.439, peak_memory=40.219 GB, invar_size=36.417 GB, outvar_size=12.448 GB, temp_buffer_size=3.802 GB, available_memory=64.000 GB, comm_cost=0.000)
result[(0, 2, 0, 1), 0] = ModuleProfileResult(compute_cost=227.479, peak_memory=37.682 GB, invar_size=12.448 GB, outvar_size=23.969 GB, temp_buffer_size=1.266 GB, available_memory=64.000 GB, comm_cost=0.000)
result[(0, 2, 0, 1), 1] = ModuleProfileResult(compute_cost=242.439, peak_memory=40.219 GB, invar_size=36.417 GB, outvar_size=12.448 GB, temp_buffer_size=3.802 GB, available_memory=64.000 GB, comm_cost=0.000)
result[(0, 3, 0, 0), 0] = ModuleProfileResult(compute_cost=288.319, peak_memory=48.043 GB, invar_size=15.824 GB, outvar_size=30.813 GB, temp_buffer_size=1.406 GB, available_memory=64.000 GB, comm_cost=0.000)
result[(0, 3, 0, 0), 1] = ModuleProfileResult(compute_cost=307.485, peak_memory=50.955 GB, invar_size=46.637 GB, outvar_size=15.823 GB, temp_buffer_size=4.318 GB, available_memory=64.000 GB, comm_cost=0.000)
result[(0, 3, 0, 1), 0] = ModuleProfileResult(compute_cost=288.319, peak_memory=48.043 GB, invar_size=15.824 GB, outvar_size=30.813 GB, temp_buffer_size=1.406 GB, available_memory=64.000 GB, comm_cost=0.000)
result[(0, 3, 0, 1), 1] = ModuleProfileResult(compute_cost=307.485, peak_memory=50.955 GB, invar_size=46.637 GB, outvar_size=15.823 GB, temp_buffer_size=4.318 GB, available_memory=64.000 GB, comm_cost=0.000)
result[(0, 4, 0, 0), 0] = ModuleProfileResult(compute_cost=349.159, peak_memory=58.263 GB, invar_size=19.199 GB, outvar_size=37.658 GB, temp_buffer_size=1.406 GB, available_memory=64.000 GB, comm_cost=0.000)
result[(0, 4, 0, 0), 1] = ModuleProfileResult(compute_cost=372.531, peak_memory=61.409 GB, invar_size=56.857 GB, outvar_size=19.199 GB, temp_buffer_size=4.552 GB, available_memory=64.000 GB, comm_cost=0.000)
result[(0, 4, 0, 1), 0] = ModuleProfileResult(compute_cost=349.159, peak_memory=58.263 GB, invar_size=19.199 GB, outvar_size=37.658 GB, temp_buffer_size=1.406 GB, available_memory=64.000 GB, comm_cost=0.000)
result[(0, 4, 0, 1), 1] = ModuleProfileResult(compute_cost=372.531, peak_memory=61.409 GB, invar_size=56.857 GB, outvar_size=19.199 GB, temp_buffer_size=4.552 GB, available_memory=64.000 GB, comm_cost=0.000)
result[(0, 5, 0, 0), 0] = ModuleProfileResult(compute_cost=410.000, peak_memory=68.624 GB, invar_size=22.574 GB, outvar_size=44.503 GB, temp_buffer_size=1.547 GB, available_memory=64.000 GB, comm_cost=0.000)
result[(0, 5, 0, 0), 1] = ModuleProfileResult(compute_cost=437.577, peak_memory=72.520 GB, invar_size=67.077 GB, outvar_size=22.574 GB, temp_buffer_size=5.443 GB, available_memory=64.000 GB, comm_cost=0.000)
result[(0, 5, 0, 1), 0] = ModuleProfileResult(compute_cost=410.000, peak_memory=68.624 GB, invar_size=22.574 GB, outvar_size=44.503 GB, temp_buffer_size=1.547 GB, available_memory=64.000 GB, comm_cost=0.000)
result[(0, 5, 0, 1), 1] = ModuleProfileResult(compute_cost=437.577, peak_memory=72.520 GB, invar_size=67.077 GB, outvar_size=22.574 GB, temp_buffer_size=5.443 GB, available_memory=64.000 GB, comm_cost=0.000)
result[(0, 6, 0, 0), 0] = ModuleProfileResult(compute_cost=470.840, peak_memory=78.984 GB, invar_size=25.949 GB, outvar_size=51.347 GB, temp_buffer_size=1.688 GB, available_memory=64.000 GB, comm_cost=0.000)
result[(0, 6, 0, 0), 1] = ModuleProfileResult(compute_cost=502.623, peak_memory=82.176 GB, invar_size=77.297 GB, outvar_size=25.949 GB, temp_buffer_size=4.880 GB, available_memory=64.000 GB, comm_cost=0.000)
result[(0, 6, 0, 1), 0] = ModuleProfileResult(compute_cost=470.840, peak_memory=78.984 GB, invar_size=25.949 GB, outvar_size=51.347 GB, temp_buffer_size=1.688 GB, available_memory=64.000 GB, comm_cost=0.000)
result[(0, 6, 0, 1), 1] = ModuleProfileResult(compute_cost=502.623, peak_memory=82.176 GB, invar_size=77.297 GB, outvar_size=25.949 GB, temp_buffer_size=4.880 GB, available_memory=64.000 GB, comm_cost=0.000)
result[(0, 7, 0, 0), 0] = ModuleProfileResult(compute_cost=531.681, peak_memory=89.392 GB, invar_size=29.325 GB, outvar_size=58.192 GB, temp_buffer_size=1.875 GB, available_memory=64.000 GB, comm_cost=0.000)
result[(0, 7, 0, 0), 1] = ModuleProfileResult(compute_cost=567.670, peak_memory=93.569 GB, invar_size=87.516 GB, outvar_size=29.325 GB, temp_buffer_size=6.053 GB, available_memory=64.000 GB, comm_cost=0.000)
result[(0, 7, 0, 1), 0] = ModuleProfileResult(compute_cost=531.681, peak_memory=89.392 GB, invar_size=29.325 GB, outvar_size=58.192 GB, temp_buffer_size=1.875 GB, available_memory=64.000 GB, comm_cost=0.000)
result[(0, 7, 0, 1), 1] = ModuleProfileResult(compute_cost=567.670, peak_memory=93.569 GB, invar_size=87.516 GB, outvar_size=29.325 GB, temp_buffer_size=6.053 GB, available_memory=64.000 GB, comm_cost=0.000)
result[(0, 8, 0, 0), 0] = ModuleProfileResult(compute_cost=592.521, peak_memory=99.752 GB, invar_size=32.700 GB, outvar_size=65.036 GB, temp_buffer_size=2.016 GB, available_memory=64.000 GB, comm_cost=0.000)
result[(0, 8, 0, 0), 1] = ModuleProfileResult(compute_cost=632.716, peak_memory=104.211 GB, invar_size=97.736 GB, outvar_size=32.700 GB, temp_buffer_size=6.475 GB, available_memory=64.000 GB, comm_cost=0.000)
result[(0, 8, 0, 1), 0] = ModuleProfileResult(compute_cost=592.521, peak_memory=99.752 GB, invar_size=32.700 GB, outvar_size=65.036 GB, temp_buffer_size=2.016 GB, available_memory=64.000 GB, comm_cost=0.000)
result[(0, 8, 0, 1), 1] = ModuleProfileResult(compute_cost=632.716, peak_memory=104.211 GB, invar_size=97.736 GB, outvar_size=32.700 GB, temp_buffer_size=6.475 GB, available_memory=64.000 GB, comm_cost=0.000)
result[(0, 9, 0, 0), 0] = ModuleProfileResult(compute_cost=653.362, peak_memory=110.113 GB, invar_size=36.075 GB, outvar_size=71.881 GB, temp_buffer_size=2.156 GB, available_memory=64.000 GB, comm_cost=0.000)
result[(0, 9, 0, 0), 1] = ModuleProfileResult(compute_cost=697.762, peak_memory=115.649 GB, invar_size=107.956 GB, outvar_size=36.075 GB, temp_buffer_size=7.693 GB, available_memory=64.000 GB, comm_cost=0.000)
result[(0, 9, 0, 1), 0] = ModuleProfileResult(compute_cost=653.362, peak_memory=110.113 GB, invar_size=36.075 GB, outvar_size=71.881 GB, temp_buffer_size=2.156 GB, available_memory=64.000 GB, comm_cost=0.000)
result[(0, 9, 0, 1), 1] = ModuleProfileResult(compute_cost=697.762, peak_memory=115.649 GB, invar_size=107.956 GB, outvar_size=36.075 GB, temp_buffer_size=7.693 GB, available_memory=64.000 GB, comm_cost=0.000)
result[(0, 10, 0, 0), 0] = ModuleProfileResult(compute_cost=714.202, peak_memory=120.473 GB, invar_size=39.451 GB, outvar_size=78.726 GB, temp_buffer_size=2.297 GB, available_memory=64.000 GB, comm_cost=0.000)
result[(0, 10, 0, 0), 1] = ModuleProfileResult(compute_cost=762.808, peak_memory=125.401 GB, invar_size=118.176 GB, outvar_size=39.451 GB, temp_buffer_size=7.224 GB, available_memory=64.000 GB, comm_cost=0.000)
result[(0, 10, 0, 1), 0] = ModuleProfileResult(compute_cost=714.202, peak_memory=120.473 GB, invar_size=39.451 GB, outvar_size=78.726 GB, temp_buffer_size=2.297 GB, available_memory=64.000 GB, comm_cost=0.000)
result[(0, 10, 0, 1), 1] = ModuleProfileResult(compute_cost=762.808, peak_memory=125.401 GB, invar_size=118.176 GB, outvar_size=39.451 GB, temp_buffer_size=7.224 GB, available_memory=64.000 GB, comm_cost=0.000)
result[(0, 11, 0, 0), 0] = ModuleProfileResult(compute_cost=732.389, peak_memory=127.155 GB, invar_size=41.701 GB, outvar_size=83.814 GB, temp_buffer_size=1.641 GB, available_memory=64.000 GB, comm_cost=0.000)
result[(0, 11, 0, 0), 1] = ModuleProfileResult(compute_cost=805.146, peak_memory=134.456 GB, invar_size=126.665 GB, outvar_size=42.851 GB, temp_buffer_size=7.791 GB, available_memory=64.000 GB, comm_cost=0.000)
result[(0, 11, 0, 1), 0] = ModuleProfileResult(compute_cost=732.389, peak_memory=127.155 GB, invar_size=41.701 GB, outvar_size=83.814 GB, temp_buffer_size=1.641 GB, available_memory=64.000 GB, comm_cost=0.000)
result[(0, 11, 0, 1), 1] = ModuleProfileResult(compute_cost=805.146, peak_memory=134.456 GB, invar_size=126.665 GB, outvar_size=42.851 GB, temp_buffer_size=7.791 GB, available_memory=64.000 GB, comm_cost=0.000)
result[(1, 1, 0, 0), 0] = ModuleProfileResult(compute_cost=61.028, peak_memory=10.595 GB, invar_size=3.469 GB, outvar_size=7.032 GB, temp_buffer_size=0.094 GB, available_memory=64.000 GB, comm_cost=0.000)
result[(1, 1, 0, 0), 1] = ModuleProfileResult(compute_cost=65.327, peak_memory=12.330 GB, invar_size=10.407 GB, outvar_size=3.469 GB, temp_buffer_size=1.829 GB, available_memory=64.000 GB, comm_cost=0.000)
result[(1, 1, 0, 1), 0] = ModuleProfileResult(compute_cost=61.028, peak_memory=10.595 GB, invar_size=3.469 GB, outvar_size=7.032 GB, temp_buffer_size=0.094 GB, available_memory=64.000 GB, comm_cost=0.000)
result[(1, 1, 0, 1), 1] = ModuleProfileResult(compute_cost=65.327, peak_memory=12.330 GB, invar_size=10.407 GB, outvar_size=3.469 GB, temp_buffer_size=1.829 GB, available_memory=64.000 GB, comm_cost=0.000)
result[(1, 2, 0, 0), 0] = ModuleProfileResult(compute_cost=164.896, peak_memory=26.066 GB, invar_size=7.969 GB, outvar_size=16.924 GB, temp_buffer_size=1.172 GB, available_memory=64.000 GB, comm_cost=0.000)
result[(1, 2, 0, 0), 1] = ModuleProfileResult(compute_cost=165.436, peak_memory=27.567 GB, invar_size=24.800 GB, outvar_size=7.969 GB, temp_buffer_size=2.673 GB, available_memory=64.000 GB, comm_cost=0.000)
result[(1, 2, 0, 1), 0] = ModuleProfileResult(compute_cost=164.896, peak_memory=26.066 GB, invar_size=7.969 GB, outvar_size=16.924 GB, temp_buffer_size=1.172 GB, available_memory=64.000 GB, comm_cost=0.000)
result[(1, 2, 0, 1), 1] = ModuleProfileResult(compute_cost=165.436, peak_memory=27.567 GB, invar_size=24.800 GB, outvar_size=7.969 GB, temp_buffer_size=2.673 GB, available_memory=64.000 GB, comm_cost=0.000)
result[(1, 3, 0, 0), 0] = ModuleProfileResult(compute_cost=225.737, peak_memory=36.426 GB, invar_size=11.345 GB, outvar_size=23.769 GB, temp_buffer_size=1.313 GB, available_memory=64.000 GB, comm_cost=0.000)
result[(1, 3, 0, 0), 1] = ModuleProfileResult(compute_cost=230.482, peak_memory=38.630 GB, invar_size=35.020 GB, outvar_size=11.345 GB, temp_buffer_size=3.517 GB, available_memory=64.000 GB, comm_cost=0.000)
result[(1, 3, 0, 1), 0] = ModuleProfileResult(compute_cost=225.737, peak_memory=36.426 GB, invar_size=11.345 GB, outvar_size=23.769 GB, temp_buffer_size=1.313 GB, available_memory=64.000 GB, comm_cost=0.000)
result[(1, 3, 0, 1), 1] = ModuleProfileResult(compute_cost=230.482, peak_memory=38.630 GB, invar_size=35.020 GB, outvar_size=11.345 GB, temp_buffer_size=3.517 GB, available_memory=64.000 GB, comm_cost=0.000)
result[(1, 4, 0, 0), 0] = ModuleProfileResult(compute_cost=286.577, peak_memory=46.787 GB, invar_size=14.720 GB, outvar_size=30.614 GB, temp_buffer_size=1.453 GB, available_memory=64.000 GB, comm_cost=0.000)
result[(1, 4, 0, 0), 1] = ModuleProfileResult(compute_cost=295.529, peak_memory=49.366 GB, invar_size=45.240 GB, outvar_size=14.720 GB, temp_buffer_size=4.032 GB, available_memory=64.000 GB, comm_cost=0.000)
result[(1, 4, 0, 1), 0] = ModuleProfileResult(compute_cost=286.577, peak_memory=46.787 GB, invar_size=14.720 GB, outvar_size=30.614 GB, temp_buffer_size=1.453 GB, available_memory=64.000 GB, comm_cost=0.000)
result[(1, 4, 0, 1), 1] = ModuleProfileResult(compute_cost=295.529, peak_memory=49.366 GB, invar_size=45.240 GB, outvar_size=14.720 GB, temp_buffer_size=4.032 GB, available_memory=64.000 GB, comm_cost=0.000)
result[(1, 5, 0, 0), 0] = ModuleProfileResult(compute_cost=347.418, peak_memory=57.147 GB, invar_size=18.095 GB, outvar_size=37.458 GB, temp_buffer_size=1.594 GB, available_memory=64.000 GB, comm_cost=0.000)
result[(1, 5, 0, 0), 1] = ModuleProfileResult(compute_cost=360.575, peak_memory=59.821 GB, invar_size=55.460 GB, outvar_size=18.095 GB, temp_buffer_size=4.267 GB, available_memory=64.000 GB, comm_cost=0.000)
result[(1, 5, 0, 1), 0] = ModuleProfileResult(compute_cost=347.418, peak_memory=57.147 GB, invar_size=18.095 GB, outvar_size=37.458 GB, temp_buffer_size=1.594 GB, available_memory=64.000 GB, comm_cost=0.000)
result[(1, 5, 0, 1), 1] = ModuleProfileResult(compute_cost=360.575, peak_memory=59.821 GB, invar_size=55.460 GB, outvar_size=18.095 GB, temp_buffer_size=4.267 GB, available_memory=64.000 GB, comm_cost=0.000)
result[(1, 6, 0, 0), 0] = ModuleProfileResult(compute_cost=408.258, peak_memory=67.508 GB, invar_size=21.471 GB, outvar_size=44.303 GB, temp_buffer_size=1.734 GB, available_memory=64.000 GB, comm_cost=0.000)
result[(1, 6, 0, 0), 1] = ModuleProfileResult(compute_cost=425.621, peak_memory=70.931 GB, invar_size=65.680 GB, outvar_size=21.471 GB, temp_buffer_size=5.158 GB, available_memory=64.000 GB, comm_cost=0.000)
result[(1, 6, 0, 1), 0] = ModuleProfileResult(compute_cost=408.258, peak_memory=67.508 GB, invar_size=21.471 GB, outvar_size=44.303 GB, temp_buffer_size=1.734 GB, available_memory=64.000 GB, comm_cost=0.000)
result[(1, 6, 0, 1), 1] = ModuleProfileResult(compute_cost=425.621, peak_memory=70.931 GB, invar_size=65.680 GB, outvar_size=21.471 GB, temp_buffer_size=5.158 GB, available_memory=64.000 GB, comm_cost=0.000)
result[(1, 7, 0, 0), 0] = ModuleProfileResult(compute_cost=469.098, peak_memory=77.869 GB, invar_size=24.846 GB, outvar_size=51.148 GB, temp_buffer_size=1.875 GB, available_memory=64.000 GB, comm_cost=0.000)
result[(1, 7, 0, 0), 1] = ModuleProfileResult(compute_cost=490.667, peak_memory=80.542 GB, invar_size=75.900 GB, outvar_size=24.846 GB, temp_buffer_size=4.548 GB, available_memory=64.000 GB, comm_cost=0.000)
result[(1, 7, 0, 1), 0] = ModuleProfileResult(compute_cost=469.098, peak_memory=77.869 GB, invar_size=24.846 GB, outvar_size=51.148 GB, temp_buffer_size=1.875 GB, available_memory=64.000 GB, comm_cost=0.000)
result[(1, 7, 0, 1), 1] = ModuleProfileResult(compute_cost=490.667, peak_memory=80.542 GB, invar_size=75.900 GB, outvar_size=24.846 GB, temp_buffer_size=4.548 GB, available_memory=64.000 GB, comm_cost=0.000)
result[(1, 8, 0, 0), 0] = ModuleProfileResult(compute_cost=529.939, peak_memory=88.229 GB, invar_size=28.221 GB, outvar_size=57.992 GB, temp_buffer_size=2.016 GB, available_memory=64.000 GB, comm_cost=0.000)
result[(1, 8, 0, 0), 1] = ModuleProfileResult(compute_cost=555.713, peak_memory=91.934 GB, invar_size=86.120 GB, outvar_size=28.221 GB, temp_buffer_size=5.721 GB, available_memory=64.000 GB, comm_cost=0.000)
result[(1, 8, 0, 1), 0] = ModuleProfileResult(compute_cost=529.939, peak_memory=88.229 GB, invar_size=28.221 GB, outvar_size=57.992 GB, temp_buffer_size=2.016 GB, available_memory=64.000 GB, comm_cost=0.000)
result[(1, 8, 0, 1), 1] = ModuleProfileResult(compute_cost=555.713, peak_memory=91.934 GB, invar_size=86.120 GB, outvar_size=28.221 GB, temp_buffer_size=5.721 GB, available_memory=64.000 GB, comm_cost=0.000)
result[(1, 9, 0, 0), 0] = ModuleProfileResult(compute_cost=590.779, peak_memory=98.637 GB, invar_size=31.597 GB, outvar_size=64.837 GB, temp_buffer_size=2.203 GB, available_memory=64.000 GB, comm_cost=0.000)
result[(1, 9, 0, 0), 1] = ModuleProfileResult(compute_cost=620.760, peak_memory=102.623 GB, invar_size=96.340 GB, outvar_size=31.597 GB, temp_buffer_size=6.189 GB, available_memory=64.000 GB, comm_cost=0.000)
result[(1, 9, 0, 1), 0] = ModuleProfileResult(compute_cost=590.779, peak_memory=98.637 GB, invar_size=31.597 GB, outvar_size=64.837 GB, temp_buffer_size=2.203 GB, available_memory=64.000 GB, comm_cost=0.000)
result[(1, 9, 0, 1), 1] = ModuleProfileResult(compute_cost=620.760, peak_memory=102.623 GB, invar_size=96.340 GB, outvar_size=31.597 GB, temp_buffer_size=6.189 GB, available_memory=64.000 GB, comm_cost=0.000)
result[(1, 10, 0, 0), 0] = ModuleProfileResult(compute_cost=651.620, peak_memory=108.950 GB, invar_size=34.972 GB, outvar_size=71.682 GB, temp_buffer_size=2.297 GB, available_memory=64.000 GB, comm_cost=0.000)
result[(1, 10, 0, 0), 1] = ModuleProfileResult(compute_cost=685.806, peak_memory=114.061 GB, invar_size=106.560 GB, outvar_size=34.972 GB, temp_buffer_size=7.407 GB, available_memory=64.000 GB, comm_cost=0.000)
result[(1, 10, 0, 1), 0] = ModuleProfileResult(compute_cost=651.620, peak_memory=108.950 GB, invar_size=34.972 GB, outvar_size=71.682 GB, temp_buffer_size=2.297 GB, available_memory=64.000 GB, comm_cost=0.000)
result[(1, 10, 0, 1), 1] = ModuleProfileResult(compute_cost=685.806, peak_memory=114.061 GB, invar_size=106.560 GB, outvar_size=34.972 GB, temp_buffer_size=7.407 GB, available_memory=64.000 GB, comm_cost=0.000)
result[(1, 11, 0, 0), 0] = ModuleProfileResult(compute_cost=669.807, peak_memory=115.236 GB, invar_size=38.372 GB, outvar_size=76.769 GB, temp_buffer_size=0.094 GB, available_memory=64.000 GB, comm_cost=0.000)
result[(1, 11, 0, 0), 1] = ModuleProfileResult(compute_cost=728.143, peak_memory=123.022 GB, invar_size=115.048 GB, outvar_size=38.372 GB, temp_buffer_size=7.880 GB, available_memory=64.000 GB, comm_cost=0.000)
result[(1, 11, 0, 1), 0] = ModuleProfileResult(compute_cost=669.807, peak_memory=115.236 GB, invar_size=38.372 GB, outvar_size=76.769 GB, temp_buffer_size=0.094 GB, available_memory=64.000 GB, comm_cost=0.000)
result[(1, 11, 0, 1), 1] = ModuleProfileResult(compute_cost=728.143, peak_memory=123.022 GB, invar_size=115.048 GB, outvar_size=38.372 GB, temp_buffer_size=7.880 GB, available_memory=64.000 GB, comm_cost=0.000)
result[(2, 2, 0, 0), 0] = ModuleProfileResult(compute_cost=103.868, peak_memory=15.612 GB, invar_size=4.594 GB, outvar_size=9.986 GB, temp_buffer_size=1.031 GB, available_memory=64.000 GB, comm_cost=0.000)
result[(2, 2, 0, 0), 1] = ModuleProfileResult(compute_cost=100.109, peak_memory=16.643 GB, invar_size=14.486 GB, outvar_size=4.594 GB, temp_buffer_size=2.063 GB, available_memory=64.000 GB, comm_cost=0.000)
result[(2, 2, 0, 1), 0] = ModuleProfileResult(compute_cost=103.868, peak_memory=15.612 GB, invar_size=4.594 GB, outvar_size=9.986 GB, temp_buffer_size=1.031 GB, available_memory=64.000 GB, comm_cost=0.000)
result[(2, 2, 0, 1), 1] = ModuleProfileResult(compute_cost=100.109, peak_memory=16.643 GB, invar_size=14.486 GB, outvar_size=4.594 GB, temp_buffer_size=2.063 GB, available_memory=64.000 GB, comm_cost=0.000)
result[(2, 3, 0, 0), 0] = ModuleProfileResult(compute_cost=164.709, peak_memory=25.785 GB, invar_size=7.970 GB, outvar_size=16.831 GB, temp_buffer_size=0.984 GB, available_memory=64.000 GB, comm_cost=0.000)
result[(2, 3, 0, 0), 1] = ModuleProfileResult(compute_cost=165.155, peak_memory=27.473 GB, invar_size=24.706 GB, outvar_size=7.969 GB, temp_buffer_size=2.673 GB, available_memory=64.000 GB, comm_cost=0.000)
result[(2, 3, 0, 1), 0] = ModuleProfileResult(compute_cost=164.709, peak_memory=25.785 GB, invar_size=7.970 GB, outvar_size=16.831 GB, temp_buffer_size=0.984 GB, available_memory=64.000 GB, comm_cost=0.000)
result[(2, 3, 0, 1), 1] = ModuleProfileResult(compute_cost=165.155, peak_memory=27.473 GB, invar_size=24.706 GB, outvar_size=7.969 GB, temp_buffer_size=2.673 GB, available_memory=64.000 GB, comm_cost=0.000)
result[(2, 4, 0, 0), 0] = ModuleProfileResult(compute_cost=225.549, peak_memory=36.192 GB, invar_size=11.345 GB, outvar_size=23.675 GB, temp_buffer_size=1.172 GB, available_memory=64.000 GB, comm_cost=0.000)
result[(2, 4, 0, 0), 1] = ModuleProfileResult(compute_cost=230.201, peak_memory=38.396 GB, invar_size=34.926 GB, outvar_size=11.345 GB, temp_buffer_size=3.376 GB, available_memory=64.000 GB, comm_cost=0.000)
result[(2, 4, 0, 1), 0] = ModuleProfileResult(compute_cost=225.549, peak_memory=36.192 GB, invar_size=11.345 GB, outvar_size=23.675 GB, temp_buffer_size=1.172 GB, available_memory=64.000 GB, comm_cost=0.000)
result[(2, 4, 0, 1), 1] = ModuleProfileResult(compute_cost=230.201, peak_memory=38.396 GB, invar_size=34.926 GB, outvar_size=11.345 GB, temp_buffer_size=3.376 GB, available_memory=64.000 GB, comm_cost=0.000)
result[(2, 5, 0, 0), 0] = ModuleProfileResult(compute_cost=286.390, peak_memory=46.553 GB, invar_size=14.720 GB, outvar_size=30.520 GB, temp_buffer_size=1.313 GB, available_memory=64.000 GB, comm_cost=0.000)
result[(2, 5, 0, 0), 1] = ModuleProfileResult(compute_cost=295.248, peak_memory=49.647 GB, invar_size=45.146 GB, outvar_size=14.720 GB, temp_buffer_size=4.407 GB, available_memory=64.000 GB, comm_cost=0.000)
result[(2, 5, 0, 1), 0] = ModuleProfileResult(compute_cost=286.390, peak_memory=46.553 GB, invar_size=14.720 GB, outvar_size=30.520 GB, temp_buffer_size=1.313 GB, available_memory=64.000 GB, comm_cost=0.000)
result[(2, 5, 0, 1), 1] = ModuleProfileResult(compute_cost=295.248, peak_memory=49.647 GB, invar_size=45.146 GB, outvar_size=14.720 GB, temp_buffer_size=4.407 GB, available_memory=64.000 GB, comm_cost=0.000)
result[(2, 6, 0, 0), 0] = ModuleProfileResult(compute_cost=347.230, peak_memory=56.913 GB, invar_size=18.095 GB, outvar_size=37.365 GB, temp_buffer_size=1.453 GB, available_memory=64.000 GB, comm_cost=0.000)
result[(2, 6, 0, 0), 1] = ModuleProfileResult(compute_cost=360.294, peak_memory=59.727 GB, invar_size=55.366 GB, outvar_size=18.095 GB, temp_buffer_size=4.267 GB, available_memory=64.000 GB, comm_cost=0.000)
result[(2, 6, 0, 1), 0] = ModuleProfileResult(compute_cost=347.230, peak_memory=56.913 GB, invar_size=18.095 GB, outvar_size=37.365 GB, temp_buffer_size=1.453 GB, available_memory=64.000 GB, comm_cost=0.000)
result[(2, 6, 0, 1), 1] = ModuleProfileResult(compute_cost=360.294, peak_memory=59.727 GB, invar_size=55.366 GB, outvar_size=18.095 GB, temp_buffer_size=4.267 GB, available_memory=64.000 GB, comm_cost=0.000)
result[(2, 7, 0, 0), 0] = ModuleProfileResult(compute_cost=408.070, peak_memory=67.274 GB, invar_size=21.471 GB, outvar_size=44.209 GB, temp_buffer_size=1.595 GB, available_memory=64.000 GB, comm_cost=0.000)
result[(2, 7, 0, 0), 1] = ModuleProfileResult(compute_cost=425.340, peak_memory=70.181 GB, invar_size=65.586 GB, outvar_size=21.471 GB, temp_buffer_size=4.501 GB, available_memory=64.000 GB, comm_cost=0.000)
result[(2, 7, 0, 1), 0] = ModuleProfileResult(compute_cost=408.070, peak_memory=67.274 GB, invar_size=21.471 GB, outvar_size=44.209 GB, temp_buffer_size=1.595 GB, available_memory=64.000 GB, comm_cost=0.000)
result[(2, 7, 0, 1), 1] = ModuleProfileResult(compute_cost=425.340, peak_memory=70.181 GB, invar_size=65.586 GB, outvar_size=21.471 GB, temp_buffer_size=4.501 GB, available_memory=64.000 GB, comm_cost=0.000)
result[(2, 8, 0, 0), 0] = ModuleProfileResult(compute_cost=468.911, peak_memory=77.635 GB, invar_size=24.846 GB, outvar_size=51.054 GB, temp_buffer_size=1.735 GB, available_memory=64.000 GB, comm_cost=0.000)
result[(2, 8, 0, 0), 1] = ModuleProfileResult(compute_cost=490.386, peak_memory=80.729 GB, invar_size=75.806 GB, outvar_size=24.846 GB, temp_buffer_size=4.829 GB, available_memory=64.000 GB, comm_cost=0.000)
result[(2, 8, 0, 1), 0] = ModuleProfileResult(compute_cost=468.911, peak_memory=77.635 GB, invar_size=24.846 GB, outvar_size=51.054 GB, temp_buffer_size=1.735 GB, available_memory=64.000 GB, comm_cost=0.000)
result[(2, 8, 0, 1), 1] = ModuleProfileResult(compute_cost=490.386, peak_memory=80.729 GB, invar_size=75.806 GB, outvar_size=24.846 GB, temp_buffer_size=4.829 GB, available_memory=64.000 GB, comm_cost=0.000)
result[(2, 9, 0, 0), 0] = ModuleProfileResult(compute_cost=529.751, peak_memory=87.996 GB, invar_size=28.221 GB, outvar_size=57.898 GB, temp_buffer_size=1.876 GB, available_memory=64.000 GB, comm_cost=0.000)
result[(2, 9, 0, 0), 1] = ModuleProfileResult(compute_cost=555.432, peak_memory=92.028 GB, invar_size=86.026 GB, outvar_size=28.221 GB, temp_buffer_size=5.908 GB, available_memory=64.000 GB, comm_cost=0.000)
result[(2, 9, 0, 1), 0] = ModuleProfileResult(compute_cost=529.751, peak_memory=87.996 GB, invar_size=28.221 GB, outvar_size=57.898 GB, temp_buffer_size=1.876 GB, available_memory=64.000 GB, comm_cost=0.000)
result[(2, 9, 0, 1), 1] = ModuleProfileResult(compute_cost=555.432, peak_memory=92.028 GB, invar_size=86.026 GB, outvar_size=28.221 GB, temp_buffer_size=5.908 GB, available_memory=64.000 GB, comm_cost=0.000)
result[(2, 10, 0, 0), 0] = ModuleProfileResult(compute_cost=590.592, peak_memory=98.356 GB, invar_size=31.597 GB, outvar_size=64.743 GB, temp_buffer_size=2.016 GB, available_memory=64.000 GB, comm_cost=0.000)
result[(2, 10, 0, 0), 1] = ModuleProfileResult(compute_cost=620.479, peak_memory=102.669 GB, invar_size=96.246 GB, outvar_size=31.597 GB, temp_buffer_size=6.330 GB, available_memory=64.000 GB, comm_cost=0.000)
result[(2, 10, 0, 1), 0] = ModuleProfileResult(compute_cost=590.592, peak_memory=98.356 GB, invar_size=31.597 GB, outvar_size=64.743 GB, temp_buffer_size=2.016 GB, available_memory=64.000 GB, comm_cost=0.000)
result[(2, 10, 0, 1), 1] = ModuleProfileResult(compute_cost=620.479, peak_memory=102.669 GB, invar_size=96.246 GB, outvar_size=31.597 GB, temp_buffer_size=6.330 GB, available_memory=64.000 GB, comm_cost=0.000)
result[(2, 11, 0, 0), 0] = ModuleProfileResult(compute_cost=608.779, peak_memory=104.922 GB, invar_size=34.997 GB, outvar_size=69.831 GB, temp_buffer_size=0.094 GB, available_memory=64.000 GB, comm_cost=0.000)
result[(2, 11, 0, 0), 1] = ModuleProfileResult(compute_cost=662.816, peak_memory=112.287 GB, invar_size=104.734 GB, outvar_size=34.997 GB, temp_buffer_size=7.459 GB, available_memory=64.000 GB, comm_cost=0.000)
result[(2, 11, 0, 1), 0] = ModuleProfileResult(compute_cost=608.779, peak_memory=104.922 GB, invar_size=34.997 GB, outvar_size=69.831 GB, temp_buffer_size=0.094 GB, available_memory=64.000 GB, comm_cost=0.000)
result[(2, 11, 0, 1), 1] = ModuleProfileResult(compute_cost=662.816, peak_memory=112.287 GB, invar_size=104.734 GB, outvar_size=34.997 GB, temp_buffer_size=7.459 GB, available_memory=64.000 GB, comm_cost=0.000)
result[(3, 3, 0, 0), 0] = ModuleProfileResult(compute_cost=60.840, peak_memory=11.298 GB, invar_size=3.469 GB, outvar_size=6.938 GB, temp_buffer_size=0.891 GB, available_memory=64.000 GB, comm_cost=0.000)
result[(3, 3, 0, 0), 1] = ModuleProfileResult(compute_cost=65.046, peak_memory=11.908 GB, invar_size=10.314 GB, outvar_size=3.469 GB, temp_buffer_size=1.501 GB, available_memory=64.000 GB, comm_cost=0.000)
result[(3, 3, 0, 1), 0] = ModuleProfileResult(compute_cost=60.840, peak_memory=11.298 GB, invar_size=3.469 GB, outvar_size=6.938 GB, temp_buffer_size=0.891 GB, available_memory=64.000 GB, comm_cost=0.000)
result[(3, 3, 0, 1), 1] = ModuleProfileResult(compute_cost=65.046, peak_memory=11.908 GB, invar_size=10.314 GB, outvar_size=3.469 GB, temp_buffer_size=1.501 GB, available_memory=64.000 GB, comm_cost=0.000)
result[(3, 4, 0, 0), 0] = ModuleProfileResult(compute_cost=121.681, peak_memory=21.612 GB, invar_size=6.844 GB, outvar_size=13.783 GB, temp_buffer_size=0.984 GB, available_memory=64.000 GB, comm_cost=0.000)
result[(3, 4, 0, 0), 1] = ModuleProfileResult(compute_cost=130.092, peak_memory=23.065 GB, invar_size=20.534 GB, outvar_size=6.844 GB, temp_buffer_size=2.438 GB, available_memory=64.000 GB, comm_cost=0.000)
result[(3, 4, 0, 1), 0] = ModuleProfileResult(compute_cost=121.681, peak_memory=21.612 GB, invar_size=6.844 GB, outvar_size=13.783 GB, temp_buffer_size=0.984 GB, available_memory=64.000 GB, comm_cost=0.000)
result[(3, 4, 0, 1), 1] = ModuleProfileResult(compute_cost=130.092, peak_memory=23.065 GB, invar_size=20.534 GB, outvar_size=6.844 GB, temp_buffer_size=2.438 GB, available_memory=64.000 GB, comm_cost=0.000)
result[(3, 5, 0, 0), 0] = ModuleProfileResult(compute_cost=182.521, peak_memory=31.832 GB, invar_size=10.220 GB, outvar_size=20.628 GB, temp_buffer_size=0.984 GB, available_memory=64.000 GB, comm_cost=0.000)
result[(3, 5, 0, 0), 1] = ModuleProfileResult(compute_cost=195.139, peak_memory=34.316 GB, invar_size=30.754 GB, outvar_size=10.220 GB, temp_buffer_size=3.469 GB, available_memory=64.000 GB, comm_cost=0.000)
result[(3, 5, 0, 1), 0] = ModuleProfileResult(compute_cost=182.521, peak_memory=31.832 GB, invar_size=10.220 GB, outvar_size=20.628 GB, temp_buffer_size=0.984 GB, available_memory=64.000 GB, comm_cost=0.000)
result[(3, 5, 0, 1), 1] = ModuleProfileResult(compute_cost=195.139, peak_memory=34.316 GB, invar_size=30.754 GB, outvar_size=10.220 GB, temp_buffer_size=3.469 GB, available_memory=64.000 GB, comm_cost=0.000)
result[(3, 6, 0, 0), 0] = ModuleProfileResult(compute_cost=243.362, peak_memory=42.192 GB, invar_size=13.595 GB, outvar_size=27.472 GB, temp_buffer_size=1.125 GB, available_memory=64.000 GB, comm_cost=0.000)
result[(3, 6, 0, 0), 1] = ModuleProfileResult(compute_cost=260.185, peak_memory=45.380 GB, invar_size=40.973 GB, outvar_size=13.595 GB, temp_buffer_size=4.313 GB, available_memory=64.000 GB, comm_cost=0.000)
result[(3, 6, 0, 1), 0] = ModuleProfileResult(compute_cost=243.362, peak_memory=42.192 GB, invar_size=13.595 GB, outvar_size=27.472 GB, temp_buffer_size=1.125 GB, available_memory=64.000 GB, comm_cost=0.000)
result[(3, 6, 0, 1), 1] = ModuleProfileResult(compute_cost=260.185, peak_memory=45.380 GB, invar_size=40.973 GB, outvar_size=13.595 GB, temp_buffer_size=4.313 GB, available_memory=64.000 GB, comm_cost=0.000)
result[(3, 7, 0, 0), 0] = ModuleProfileResult(compute_cost=304.202, peak_memory=52.553 GB, invar_size=16.970 GB, outvar_size=34.317 GB, temp_buffer_size=1.266 GB, available_memory=64.000 GB, comm_cost=0.000)
result[(3, 7, 0, 0), 1] = ModuleProfileResult(compute_cost=325.231, peak_memory=55.647 GB, invar_size=51.193 GB, outvar_size=16.970 GB, temp_buffer_size=4.360 GB, available_memory=64.000 GB, comm_cost=0.000)
result[(3, 7, 0, 1), 0] = ModuleProfileResult(compute_cost=304.202, peak_memory=52.553 GB, invar_size=16.970 GB, outvar_size=34.317 GB, temp_buffer_size=1.266 GB, available_memory=64.000 GB, comm_cost=0.000)
result[(3, 7, 0, 1), 1] = ModuleProfileResult(compute_cost=325.231, peak_memory=55.647 GB, invar_size=51.193 GB, outvar_size=16.970 GB, temp_buffer_size=4.360 GB, available_memory=64.000 GB, comm_cost=0.000)
result[(3, 8, 0, 0), 0] = ModuleProfileResult(compute_cost=365.043, peak_memory=62.913 GB, invar_size=20.346 GB, outvar_size=41.162 GB, temp_buffer_size=1.406 GB, available_memory=64.000 GB, comm_cost=0.000)
result[(3, 8, 0, 0), 1] = ModuleProfileResult(compute_cost=390.277, peak_memory=66.054 GB, invar_size=61.413 GB, outvar_size=20.346 GB, temp_buffer_size=4.547 GB, available_memory=64.000 GB, comm_cost=0.000)
result[(3, 8, 0, 1), 0] = ModuleProfileResult(compute_cost=365.043, peak_memory=62.913 GB, invar_size=20.346 GB, outvar_size=41.162 GB, temp_buffer_size=1.406 GB, available_memory=64.000 GB, comm_cost=0.000)
result[(3, 8, 0, 1), 1] = ModuleProfileResult(compute_cost=390.277, peak_memory=66.054 GB, invar_size=61.413 GB, outvar_size=20.346 GB, temp_buffer_size=4.547 GB, available_memory=64.000 GB, comm_cost=0.000)
result[(3, 9, 0, 0), 0] = ModuleProfileResult(compute_cost=425.883, peak_memory=73.274 GB, invar_size=23.721 GB, outvar_size=48.006 GB, temp_buffer_size=1.547 GB, available_memory=64.000 GB, comm_cost=0.000)
result[(3, 9, 0, 0), 1] = ModuleProfileResult(compute_cost=455.323, peak_memory=76.649 GB, invar_size=71.633 GB, outvar_size=23.721 GB, temp_buffer_size=4.922 GB, available_memory=64.000 GB, comm_cost=0.000)
result[(3, 9, 0, 1), 0] = ModuleProfileResult(compute_cost=425.883, peak_memory=73.274 GB, invar_size=23.721 GB, outvar_size=48.006 GB, temp_buffer_size=1.547 GB, available_memory=64.000 GB, comm_cost=0.000)
result[(3, 9, 0, 1), 1] = ModuleProfileResult(compute_cost=455.323, peak_memory=76.649 GB, invar_size=71.633 GB, outvar_size=23.721 GB, temp_buffer_size=4.922 GB, available_memory=64.000 GB, comm_cost=0.000)
result[(3, 10, 0, 0), 0] = ModuleProfileResult(compute_cost=486.723, peak_memory=83.635 GB, invar_size=27.096 GB, outvar_size=54.851 GB, temp_buffer_size=1.688 GB, available_memory=64.000 GB, comm_cost=0.000)
result[(3, 10, 0, 0), 1] = ModuleProfileResult(compute_cost=520.370, peak_memory=86.072 GB, invar_size=81.853 GB, outvar_size=27.096 GB, temp_buffer_size=4.125 GB, available_memory=64.000 GB, comm_cost=0.000)
result[(3, 10, 0, 1), 0] = ModuleProfileResult(compute_cost=486.723, peak_memory=83.635 GB, invar_size=27.096 GB, outvar_size=54.851 GB, temp_buffer_size=1.688 GB, available_memory=64.000 GB, comm_cost=0.000)
result[(3, 10, 0, 1), 1] = ModuleProfileResult(compute_cost=520.370, peak_memory=86.072 GB, invar_size=81.853 GB, outvar_size=27.096 GB, temp_buffer_size=4.125 GB, available_memory=64.000 GB, comm_cost=0.000)
result[(3, 11, 0, 0), 0] = ModuleProfileResult(compute_cost=504.911, peak_memory=90.483 GB, invar_size=30.497 GB, outvar_size=59.939 GB, temp_buffer_size=0.047 GB, available_memory=64.000 GB, comm_cost=0.000)
result[(3, 11, 0, 0), 1] = ModuleProfileResult(compute_cost=562.707, peak_memory=96.582 GB, invar_size=90.342 GB, outvar_size=30.497 GB, temp_buffer_size=6.147 GB, available_memory=64.000 GB, comm_cost=0.000)
result[(3, 11, 0, 1), 0] = ModuleProfileResult(compute_cost=504.911, peak_memory=90.483 GB, invar_size=30.497 GB, outvar_size=59.939 GB, temp_buffer_size=0.047 GB, available_memory=64.000 GB, comm_cost=0.000)
result[(3, 11, 0, 1), 1] = ModuleProfileResult(compute_cost=562.707, peak_memory=96.582 GB, invar_size=90.342 GB, outvar_size=30.497 GB, temp_buffer_size=6.147 GB, available_memory=64.000 GB, comm_cost=0.000)
result[(4, 4, 0, 0), 0] = ModuleProfileResult(compute_cost=60.840, peak_memory=11.298 GB, invar_size=3.469 GB, outvar_size=6.938 GB, temp_buffer_size=0.891 GB, available_memory=64.000 GB, comm_cost=0.000)
result[(4, 4, 0, 0), 1] = ModuleProfileResult(compute_cost=65.046, peak_memory=11.908 GB, invar_size=10.314 GB, outvar_size=3.469 GB, temp_buffer_size=1.501 GB, available_memory=64.000 GB, comm_cost=0.000)
result[(4, 4, 0, 1), 0] = ModuleProfileResult(compute_cost=60.840, peak_memory=11.298 GB, invar_size=3.469 GB, outvar_size=6.938 GB, temp_buffer_size=0.891 GB, available_memory=64.000 GB, comm_cost=0.000)
result[(4, 4, 0, 1), 1] = ModuleProfileResult(compute_cost=65.046, peak_memory=11.908 GB, invar_size=10.314 GB, outvar_size=3.469 GB, temp_buffer_size=1.501 GB, available_memory=64.000 GB, comm_cost=0.000)
result[(4, 5, 0, 0), 0] = ModuleProfileResult(compute_cost=121.681, peak_memory=21.612 GB, invar_size=6.844 GB, outvar_size=13.783 GB, temp_buffer_size=0.984 GB, available_memory=64.000 GB, comm_cost=0.000)
result[(4, 5, 0, 0), 1] = ModuleProfileResult(compute_cost=130.092, peak_memory=23.065 GB, invar_size=20.534 GB, outvar_size=6.844 GB, temp_buffer_size=2.438 GB, available_memory=64.000 GB, comm_cost=0.000)
result[(4, 5, 0, 1), 0] = ModuleProfileResult(compute_cost=121.681, peak_memory=21.612 GB, invar_size=6.844 GB, outvar_size=13.783 GB, temp_buffer_size=0.984 GB, available_memory=64.000 GB, comm_cost=0.000)
result[(4, 5, 0, 1), 1] = ModuleProfileResult(compute_cost=130.092, peak_memory=23.065 GB, invar_size=20.534 GB, outvar_size=6.844 GB, temp_buffer_size=2.438 GB, available_memory=64.000 GB, comm_cost=0.000)
result[(4, 6, 0, 0), 0] = ModuleProfileResult(compute_cost=182.521, peak_memory=31.832 GB, invar_size=10.220 GB, outvar_size=20.628 GB, temp_buffer_size=0.984 GB, available_memory=64.000 GB, comm_cost=0.000)
result[(4, 6, 0, 0), 1] = ModuleProfileResult(compute_cost=195.139, peak_memory=34.316 GB, invar_size=30.754 GB, outvar_size=10.220 GB, temp_buffer_size=3.469 GB, available_memory=64.000 GB, comm_cost=0.000)
result[(4, 6, 0, 1), 0] = ModuleProfileResult(compute_cost=182.521, peak_memory=31.832 GB, invar_size=10.220 GB, outvar_size=20.628 GB, temp_buffer_size=0.984 GB, available_memory=64.000 GB, comm_cost=0.000)
result[(4, 6, 0, 1), 1] = ModuleProfileResult(compute_cost=195.139, peak_memory=34.316 GB, invar_size=30.754 GB, outvar_size=10.220 GB, temp_buffer_size=3.469 GB, available_memory=64.000 GB, comm_cost=0.000)
result[(4, 7, 0, 0), 0] = ModuleProfileResult(compute_cost=243.362, peak_memory=42.192 GB, invar_size=13.595 GB, outvar_size=27.472 GB, temp_buffer_size=1.125 GB, available_memory=64.000 GB, comm_cost=0.000)
result[(4, 7, 0, 0), 1] = ModuleProfileResult(compute_cost=260.185, peak_memory=45.380 GB, invar_size=40.973 GB, outvar_size=13.595 GB, temp_buffer_size=4.313 GB, available_memory=64.000 GB, comm_cost=0.000)
result[(4, 7, 0, 1), 0] = ModuleProfileResult(compute_cost=243.362, peak_memory=42.192 GB, invar_size=13.595 GB, outvar_size=27.472 GB, temp_buffer_size=1.125 GB, available_memory=64.000 GB, comm_cost=0.000)
result[(4, 7, 0, 1), 1] = ModuleProfileResult(compute_cost=260.185, peak_memory=45.380 GB, invar_size=40.973 GB, outvar_size=13.595 GB, temp_buffer_size=4.313 GB, available_memory=64.000 GB, comm_cost=0.000)
result[(4, 8, 0, 0), 0] = ModuleProfileResult(compute_cost=304.202, peak_memory=52.553 GB, invar_size=16.970 GB, outvar_size=34.317 GB, temp_buffer_size=1.266 GB, available_memory=64.000 GB, comm_cost=0.000)
result[(4, 8, 0, 0), 1] = ModuleProfileResult(compute_cost=325.231, peak_memory=55.647 GB, invar_size=51.193 GB, outvar_size=16.970 GB, temp_buffer_size=4.360 GB, available_memory=64.000 GB, comm_cost=0.000)
result[(4, 8, 0, 1), 0] = ModuleProfileResult(compute_cost=304.202, peak_memory=52.553 GB, invar_size=16.970 GB, outvar_size=34.317 GB, temp_buffer_size=1.266 GB, available_memory=64.000 GB, comm_cost=0.000)
result[(4, 8, 0, 1), 1] = ModuleProfileResult(compute_cost=325.231, peak_memory=55.647 GB, invar_size=51.193 GB, outvar_size=16.970 GB, temp_buffer_size=4.360 GB, available_memory=64.000 GB, comm_cost=0.000)
result[(4, 9, 0, 0), 0] = ModuleProfileResult(compute_cost=365.043, peak_memory=62.913 GB, invar_size=20.346 GB, outvar_size=41.162 GB, temp_buffer_size=1.406 GB, available_memory=64.000 GB, comm_cost=0.000)
result[(4, 9, 0, 0), 1] = ModuleProfileResult(compute_cost=390.277, peak_memory=66.054 GB, invar_size=61.413 GB, outvar_size=20.346 GB, temp_buffer_size=4.547 GB, available_memory=64.000 GB, comm_cost=0.000)
result[(4, 9, 0, 1), 0] = ModuleProfileResult(compute_cost=365.043, peak_memory=62.913 GB, invar_size=20.346 GB, outvar_size=41.162 GB, temp_buffer_size=1.406 GB, available_memory=64.000 GB, comm_cost=0.000)
result[(4, 9, 0, 1), 1] = ModuleProfileResult(compute_cost=390.277, peak_memory=66.054 GB, invar_size=61.413 GB, outvar_size=20.346 GB, temp_buffer_size=4.547 GB, available_memory=64.000 GB, comm_cost=0.000)
result[(4, 10, 0, 0), 0] = ModuleProfileResult(compute_cost=425.883, peak_memory=73.274 GB, invar_size=23.721 GB, outvar_size=48.006 GB, temp_buffer_size=1.547 GB, available_memory=64.000 GB, comm_cost=0.000)
result[(4, 10, 0, 0), 1] = ModuleProfileResult(compute_cost=455.323, peak_memory=76.649 GB, invar_size=71.633 GB, outvar_size=23.721 GB, temp_buffer_size=4.922 GB, available_memory=64.000 GB, comm_cost=0.000)
result[(4, 10, 0, 1), 0] = ModuleProfileResult(compute_cost=425.883, peak_memory=73.274 GB, invar_size=23.721 GB, outvar_size=48.006 GB, temp_buffer_size=1.547 GB, available_memory=64.000 GB, comm_cost=0.000)
result[(4, 10, 0, 1), 1] = ModuleProfileResult(compute_cost=455.323, peak_memory=76.649 GB, invar_size=71.633 GB, outvar_size=23.721 GB, temp_buffer_size=4.922 GB, available_memory=64.000 GB, comm_cost=0.000)
result[(4, 11, 0, 0), 0] = ModuleProfileResult(compute_cost=444.070, peak_memory=80.263 GB, invar_size=27.121 GB, outvar_size=53.094 GB, temp_buffer_size=0.047 GB, available_memory=64.000 GB, comm_cost=0.000)
result[(4, 11, 0, 0), 1] = ModuleProfileResult(compute_cost=497.661, peak_memory=85.705 GB, invar_size=80.122 GB, outvar_size=27.121 GB, temp_buffer_size=5.489 GB, available_memory=64.000 GB, comm_cost=0.000)
result[(4, 11, 0, 1), 0] = ModuleProfileResult(compute_cost=444.070, peak_memory=80.263 GB, invar_size=27.121 GB, outvar_size=53.094 GB, temp_buffer_size=0.047 GB, available_memory=64.000 GB, comm_cost=0.000)
result[(4, 11, 0, 1), 1] = ModuleProfileResult(compute_cost=497.661, peak_memory=85.705 GB, invar_size=80.122 GB, outvar_size=27.121 GB, temp_buffer_size=5.489 GB, available_memory=64.000 GB, comm_cost=0.000)
result[(5, 5, 0, 0), 0] = ModuleProfileResult(compute_cost=60.840, peak_memory=11.298 GB, invar_size=3.469 GB, outvar_size=6.938 GB, temp_buffer_size=0.891 GB, available_memory=64.000 GB, comm_cost=0.000)
result[(5, 5, 0, 0), 1] = ModuleProfileResult(compute_cost=65.046, peak_memory=11.908 GB, invar_size=10.314 GB, outvar_size=3.469 GB, temp_buffer_size=1.501 GB, available_memory=64.000 GB, comm_cost=0.000)
result[(5, 5, 0, 1), 0] = ModuleProfileResult(compute_cost=60.840, peak_memory=11.298 GB, invar_size=3.469 GB, outvar_size=6.938 GB, temp_buffer_size=0.891 GB, available_memory=64.000 GB, comm_cost=0.000)
result[(5, 5, 0, 1), 1] = ModuleProfileResult(compute_cost=65.046, peak_memory=11.908 GB, invar_size=10.314 GB, outvar_size=3.469 GB, temp_buffer_size=1.501 GB, available_memory=64.000 GB, comm_cost=0.000)
result[(5, 6, 0, 0), 0] = ModuleProfileResult(compute_cost=121.681, peak_memory=21.612 GB, invar_size=6.844 GB, outvar_size=13.783 GB, temp_buffer_size=0.984 GB, available_memory=64.000 GB, comm_cost=0.000)
result[(5, 6, 0, 0), 1] = ModuleProfileResult(compute_cost=130.092, peak_memory=23.065 GB, invar_size=20.534 GB, outvar_size=6.844 GB, temp_buffer_size=2.438 GB, available_memory=64.000 GB, comm_cost=0.000)
result[(5, 6, 0, 1), 0] = ModuleProfileResult(compute_cost=121.681, peak_memory=21.612 GB, invar_size=6.844 GB, outvar_size=13.783 GB, temp_buffer_size=0.984 GB, available_memory=64.000 GB, comm_cost=0.000)
result[(5, 6, 0, 1), 1] = ModuleProfileResult(compute_cost=130.092, peak_memory=23.065 GB, invar_size=20.534 GB, outvar_size=6.844 GB, temp_buffer_size=2.438 GB, available_memory=64.000 GB, comm_cost=0.000)
result[(5, 7, 0, 0), 0] = ModuleProfileResult(compute_cost=182.521, peak_memory=31.832 GB, invar_size=10.220 GB, outvar_size=20.628 GB, temp_buffer_size=0.984 GB, available_memory=64.000 GB, comm_cost=0.000)
result[(5, 7, 0, 0), 1] = ModuleProfileResult(compute_cost=195.139, peak_memory=34.316 GB, invar_size=30.754 GB, outvar_size=10.220 GB, temp_buffer_size=3.469 GB, available_memory=64.000 GB, comm_cost=0.000)
result[(5, 7, 0, 1), 0] = ModuleProfileResult(compute_cost=182.521, peak_memory=31.832 GB, invar_size=10.220 GB, outvar_size=20.628 GB, temp_buffer_size=0.984 GB, available_memory=64.000 GB, comm_cost=0.000)
result[(5, 7, 0, 1), 1] = ModuleProfileResult(compute_cost=195.139, peak_memory=34.316 GB, invar_size=30.754 GB, outvar_size=10.220 GB, temp_buffer_size=3.469 GB, available_memory=64.000 GB, comm_cost=0.000)
result[(5, 8, 0, 0), 0] = ModuleProfileResult(compute_cost=243.362, peak_memory=42.192 GB, invar_size=13.595 GB, outvar_size=27.472 GB, temp_buffer_size=1.125 GB, available_memory=64.000 GB, comm_cost=0.000)
result[(5, 8, 0, 0), 1] = ModuleProfileResult(compute_cost=260.185, peak_memory=45.380 GB, invar_size=40.973 GB, outvar_size=13.595 GB, temp_buffer_size=4.313 GB, available_memory=64.000 GB, comm_cost=0.000)
result[(5, 8, 0, 1), 0] = ModuleProfileResult(compute_cost=243.362, peak_memory=42.192 GB, invar_size=13.595 GB, outvar_size=27.472 GB, temp_buffer_size=1.125 GB, available_memory=64.000 GB, comm_cost=0.000)
result[(5, 8, 0, 1), 1] = ModuleProfileResult(compute_cost=260.185, peak_memory=45.380 GB, invar_size=40.973 GB, outvar_size=13.595 GB, temp_buffer_size=4.313 GB, available_memory=64.000 GB, comm_cost=0.000)
result[(5, 9, 0, 0), 0] = ModuleProfileResult(compute_cost=304.202, peak_memory=52.553 GB, invar_size=16.970 GB, outvar_size=34.317 GB, temp_buffer_size=1.266 GB, available_memory=64.000 GB, comm_cost=0.000)
result[(5, 9, 0, 0), 1] = ModuleProfileResult(compute_cost=325.231, peak_memory=55.647 GB, invar_size=51.193 GB, outvar_size=16.970 GB, temp_buffer_size=4.360 GB, available_memory=64.000 GB, comm_cost=0.000)
result[(5, 9, 0, 1), 0] = ModuleProfileResult(compute_cost=304.202, peak_memory=52.553 GB, invar_size=16.970 GB, outvar_size=34.317 GB, temp_buffer_size=1.266 GB, available_memory=64.000 GB, comm_cost=0.000)
result[(5, 9, 0, 1), 1] = ModuleProfileResult(compute_cost=325.231, peak_memory=55.647 GB, invar_size=51.193 GB, outvar_size=16.970 GB, temp_buffer_size=4.360 GB, available_memory=64.000 GB, comm_cost=0.000)
result[(5, 10, 0, 0), 0] = ModuleProfileResult(compute_cost=365.043, peak_memory=62.913 GB, invar_size=20.346 GB, outvar_size=41.162 GB, temp_buffer_size=1.406 GB, available_memory=64.000 GB, comm_cost=0.000)
result[(5, 10, 0, 0), 1] = ModuleProfileResult(compute_cost=390.277, peak_memory=66.054 GB, invar_size=61.413 GB, outvar_size=20.346 GB, temp_buffer_size=4.547 GB, available_memory=64.000 GB, comm_cost=0.000)
result[(5, 10, 0, 1), 0] = ModuleProfileResult(compute_cost=365.043, peak_memory=62.913 GB, invar_size=20.346 GB, outvar_size=41.162 GB, temp_buffer_size=1.406 GB, available_memory=64.000 GB, comm_cost=0.000)
result[(5, 10, 0, 1), 1] = ModuleProfileResult(compute_cost=390.277, peak_memory=66.054 GB, invar_size=61.413 GB, outvar_size=20.346 GB, temp_buffer_size=4.547 GB, available_memory=64.000 GB, comm_cost=0.000)
result[(5, 11, 0, 0), 0] = ModuleProfileResult(compute_cost=383.230, peak_memory=70.043 GB, invar_size=23.746 GB, outvar_size=46.250 GB, temp_buffer_size=0.047 GB, available_memory=64.000 GB, comm_cost=0.000)
result[(5, 11, 0, 0), 1] = ModuleProfileResult(compute_cost=432.615, peak_memory=75.344 GB, invar_size=69.902 GB, outvar_size=23.746 GB, temp_buffer_size=5.349 GB, available_memory=64.000 GB, comm_cost=0.000)
result[(5, 11, 0, 1), 0] = ModuleProfileResult(compute_cost=383.230, peak_memory=70.043 GB, invar_size=23.746 GB, outvar_size=46.250 GB, temp_buffer_size=0.047 GB, available_memory=64.000 GB, comm_cost=0.000)
result[(5, 11, 0, 1), 1] = ModuleProfileResult(compute_cost=432.615, peak_memory=75.344 GB, invar_size=69.902 GB, outvar_size=23.746 GB, temp_buffer_size=5.349 GB, available_memory=64.000 GB, comm_cost=0.000)
result[(6, 6, 0, 0), 0] = ModuleProfileResult(compute_cost=60.840, peak_memory=11.298 GB, invar_size=3.469 GB, outvar_size=6.938 GB, temp_buffer_size=0.891 GB, available_memory=64.000 GB, comm_cost=0.000)
result[(6, 6, 0, 0), 1] = ModuleProfileResult(compute_cost=65.046, peak_memory=11.908 GB, invar_size=10.314 GB, outvar_size=3.469 GB, temp_buffer_size=1.501 GB, available_memory=64.000 GB, comm_cost=0.000)
result[(6, 6, 0, 1), 0] = ModuleProfileResult(compute_cost=60.840, peak_memory=11.298 GB, invar_size=3.469 GB, outvar_size=6.938 GB, temp_buffer_size=0.891 GB, available_memory=64.000 GB, comm_cost=0.000)
result[(6, 6, 0, 1), 1] = ModuleProfileResult(compute_cost=65.046, peak_memory=11.908 GB, invar_size=10.314 GB, outvar_size=3.469 GB, temp_buffer_size=1.501 GB, available_memory=64.000 GB, comm_cost=0.000)
result[(6, 7, 0, 0), 0] = ModuleProfileResult(compute_cost=121.681, peak_memory=21.612 GB, invar_size=6.844 GB, outvar_size=13.783 GB, temp_buffer_size=0.984 GB, available_memory=64.000 GB, comm_cost=0.000)
result[(6, 7, 0, 0), 1] = ModuleProfileResult(compute_cost=130.092, peak_memory=23.065 GB, invar_size=20.534 GB, outvar_size=6.844 GB, temp_buffer_size=2.438 GB, available_memory=64.000 GB, comm_cost=0.000)
result[(6, 7, 0, 1), 0] = ModuleProfileResult(compute_cost=121.681, peak_memory=21.612 GB, invar_size=6.844 GB, outvar_size=13.783 GB, temp_buffer_size=0.984 GB, available_memory=64.000 GB, comm_cost=0.000)
result[(6, 7, 0, 1), 1] = ModuleProfileResult(compute_cost=130.092, peak_memory=23.065 GB, invar_size=20.534 GB, outvar_size=6.844 GB, temp_buffer_size=2.438 GB, available_memory=64.000 GB, comm_cost=0.000)
result[(6, 8, 0, 0), 0] = ModuleProfileResult(compute_cost=182.521, peak_memory=31.832 GB, invar_size=10.220 GB, outvar_size=20.628 GB, temp_buffer_size=0.984 GB, available_memory=64.000 GB, comm_cost=0.000)
result[(6, 8, 0, 0), 1] = ModuleProfileResult(compute_cost=195.139, peak_memory=34.316 GB, invar_size=30.754 GB, outvar_size=10.220 GB, temp_buffer_size=3.469 GB, available_memory=64.000 GB, comm_cost=0.000)
result[(6, 8, 0, 1), 0] = ModuleProfileResult(compute_cost=182.521, peak_memory=31.832 GB, invar_size=10.220 GB, outvar_size=20.628 GB, temp_buffer_size=0.984 GB, available_memory=64.000 GB, comm_cost=0.000)
result[(6, 8, 0, 1), 1] = ModuleProfileResult(compute_cost=195.139, peak_memory=34.316 GB, invar_size=30.754 GB, outvar_size=10.220 GB, temp_buffer_size=3.469 GB, available_memory=64.000 GB, comm_cost=0.000)
result[(6, 9, 0, 0), 0] = ModuleProfileResult(compute_cost=243.362, peak_memory=42.192 GB, invar_size=13.595 GB, outvar_size=27.472 GB, temp_buffer_size=1.125 GB, available_memory=64.000 GB, comm_cost=0.000)
result[(6, 9, 0, 0), 1] = ModuleProfileResult(compute_cost=260.185, peak_memory=45.380 GB, invar_size=40.973 GB, outvar_size=13.595 GB, temp_buffer_size=4.313 GB, available_memory=64.000 GB, comm_cost=0.000)
result[(6, 9, 0, 1), 0] = ModuleProfileResult(compute_cost=243.362, peak_memory=42.192 GB, invar_size=13.595 GB, outvar_size=27.472 GB, temp_buffer_size=1.125 GB, available_memory=64.000 GB, comm_cost=0.000)
result[(6, 9, 0, 1), 1] = ModuleProfileResult(compute_cost=260.185, peak_memory=45.380 GB, invar_size=40.973 GB, outvar_size=13.595 GB, temp_buffer_size=4.313 GB, available_memory=64.000 GB, comm_cost=0.000)
result[(6, 10, 0, 0), 0] = ModuleProfileResult(compute_cost=304.202, peak_memory=52.553 GB, invar_size=16.970 GB, outvar_size=34.317 GB, temp_buffer_size=1.266 GB, available_memory=64.000 GB, comm_cost=0.000)
result[(6, 10, 0, 0), 1] = ModuleProfileResult(compute_cost=325.231, peak_memory=55.647 GB, invar_size=51.193 GB, outvar_size=16.970 GB, temp_buffer_size=4.360 GB, available_memory=64.000 GB, comm_cost=0.000)
result[(6, 10, 0, 1), 0] = ModuleProfileResult(compute_cost=304.202, peak_memory=52.553 GB, invar_size=16.970 GB, outvar_size=34.317 GB, temp_buffer_size=1.266 GB, available_memory=64.000 GB, comm_cost=0.000)
result[(6, 10, 0, 1), 1] = ModuleProfileResult(compute_cost=325.231, peak_memory=55.647 GB, invar_size=51.193 GB, outvar_size=16.970 GB, temp_buffer_size=4.360 GB, available_memory=64.000 GB, comm_cost=0.000)
result[(6, 11, 0, 0), 0] = ModuleProfileResult(compute_cost=322.389, peak_memory=59.823 GB, invar_size=20.371 GB, outvar_size=39.405 GB, temp_buffer_size=0.047 GB, available_memory=64.000 GB, comm_cost=0.000)
result[(6, 11, 0, 0), 1] = ModuleProfileResult(compute_cost=367.569, peak_memory=64.749 GB, invar_size=59.682 GB, outvar_size=20.371 GB, temp_buffer_size=4.973 GB, available_memory=64.000 GB, comm_cost=0.000)
result[(6, 11, 0, 1), 0] = ModuleProfileResult(compute_cost=322.389, peak_memory=59.823 GB, invar_size=20.371 GB, outvar_size=39.405 GB, temp_buffer_size=0.047 GB, available_memory=64.000 GB, comm_cost=0.000)
result[(6, 11, 0, 1), 1] = ModuleProfileResult(compute_cost=367.569, peak_memory=64.749 GB, invar_size=59.682 GB, outvar_size=20.371 GB, temp_buffer_size=4.973 GB, available_memory=64.000 GB, comm_cost=0.000)
result[(7, 7, 0, 0), 0] = ModuleProfileResult(compute_cost=60.840, peak_memory=11.298 GB, invar_size=3.469 GB, outvar_size=6.938 GB, temp_buffer_size=0.891 GB, available_memory=64.000 GB, comm_cost=0.000)
result[(7, 7, 0, 0), 1] = ModuleProfileResult(compute_cost=65.046, peak_memory=11.908 GB, invar_size=10.314 GB, outvar_size=3.469 GB, temp_buffer_size=1.501 GB, available_memory=64.000 GB, comm_cost=0.000)
result[(7, 7, 0, 1), 0] = ModuleProfileResult(compute_cost=60.840, peak_memory=11.298 GB, invar_size=3.469 GB, outvar_size=6.938 GB, temp_buffer_size=0.891 GB, available_memory=64.000 GB, comm_cost=0.000)
result[(7, 7, 0, 1), 1] = ModuleProfileResult(compute_cost=65.046, peak_memory=11.908 GB, invar_size=10.314 GB, outvar_size=3.469 GB, temp_buffer_size=1.501 GB, available_memory=64.000 GB, comm_cost=0.000)
result[(7, 8, 0, 0), 0] = ModuleProfileResult(compute_cost=121.681, peak_memory=21.612 GB, invar_size=6.844 GB, outvar_size=13.783 GB, temp_buffer_size=0.984 GB, available_memory=64.000 GB, comm_cost=0.000)
result[(7, 8, 0, 0), 1] = ModuleProfileResult(compute_cost=130.092, peak_memory=23.065 GB, invar_size=20.534 GB, outvar_size=6.844 GB, temp_buffer_size=2.438 GB, available_memory=64.000 GB, comm_cost=0.000)
result[(7, 8, 0, 1), 0] = ModuleProfileResult(compute_cost=121.681, peak_memory=21.612 GB, invar_size=6.844 GB, outvar_size=13.783 GB, temp_buffer_size=0.984 GB, available_memory=64.000 GB, comm_cost=0.000)
result[(7, 8, 0, 1), 1] = ModuleProfileResult(compute_cost=130.092, peak_memory=23.065 GB, invar_size=20.534 GB, outvar_size=6.844 GB, temp_buffer_size=2.438 GB, available_memory=64.000 GB, comm_cost=0.000)
result[(7, 9, 0, 0), 0] = ModuleProfileResult(compute_cost=182.521, peak_memory=31.832 GB, invar_size=10.220 GB, outvar_size=20.628 GB, temp_buffer_size=0.984 GB, available_memory=64.000 GB, comm_cost=0.000)
result[(7, 9, 0, 0), 1] = ModuleProfileResult(compute_cost=195.139, peak_memory=34.316 GB, invar_size=30.754 GB, outvar_size=10.220 GB, temp_buffer_size=3.469 GB, available_memory=64.000 GB, comm_cost=0.000)
result[(7, 9, 0, 1), 0] = ModuleProfileResult(compute_cost=182.521, peak_memory=31.832 GB, invar_size=10.220 GB, outvar_size=20.628 GB, temp_buffer_size=0.984 GB, available_memory=64.000 GB, comm_cost=0.000)
result[(7, 9, 0, 1), 1] = ModuleProfileResult(compute_cost=195.139, peak_memory=34.316 GB, invar_size=30.754 GB, outvar_size=10.220 GB, temp_buffer_size=3.469 GB, available_memory=64.000 GB, comm_cost=0.000)
result[(7, 10, 0, 0), 0] = ModuleProfileResult(compute_cost=243.362, peak_memory=42.192 GB, invar_size=13.595 GB, outvar_size=27.472 GB, temp_buffer_size=1.125 GB, available_memory=64.000 GB, comm_cost=0.000)
result[(7, 10, 0, 0), 1] = ModuleProfileResult(compute_cost=260.185, peak_memory=45.380 GB, invar_size=40.973 GB, outvar_size=13.595 GB, temp_buffer_size=4.313 GB, available_memory=64.000 GB, comm_cost=0.000)
result[(7, 10, 0, 1), 0] = ModuleProfileResult(compute_cost=243.362, peak_memory=42.192 GB, invar_size=13.595 GB, outvar_size=27.472 GB, temp_buffer_size=1.125 GB, available_memory=64.000 GB, comm_cost=0.000)
result[(7, 10, 0, 1), 1] = ModuleProfileResult(compute_cost=260.185, peak_memory=45.380 GB, invar_size=40.973 GB, outvar_size=13.595 GB, temp_buffer_size=4.313 GB, available_memory=64.000 GB, comm_cost=0.000)
result[(7, 11, 0, 0), 0] = ModuleProfileResult(compute_cost=261.549, peak_memory=49.603 GB, invar_size=16.995 GB, outvar_size=32.560 GB, temp_buffer_size=0.047 GB, available_memory=64.000 GB, comm_cost=0.000)
result[(7, 11, 0, 0), 1] = ModuleProfileResult(compute_cost=302.522, peak_memory=54.389 GB, invar_size=49.462 GB, outvar_size=16.995 GB, temp_buffer_size=4.833 GB, available_memory=64.000 GB, comm_cost=0.000)
result[(7, 11, 0, 1), 0] = ModuleProfileResult(compute_cost=261.549, peak_memory=49.603 GB, invar_size=16.995 GB, outvar_size=32.560 GB, temp_buffer_size=0.047 GB, available_memory=64.000 GB, comm_cost=0.000)
result[(7, 11, 0, 1), 1] = ModuleProfileResult(compute_cost=302.522, peak_memory=54.389 GB, invar_size=49.462 GB, outvar_size=16.995 GB, temp_buffer_size=4.833 GB, available_memory=64.000 GB, comm_cost=0.000)
result[(8, 8, 0, 0), 0] = ModuleProfileResult(compute_cost=60.840, peak_memory=11.298 GB, invar_size=3.469 GB, outvar_size=6.938 GB, temp_buffer_size=0.891 GB, available_memory=64.000 GB, comm_cost=0.000)
result[(8, 8, 0, 0), 1] = ModuleProfileResult(compute_cost=65.046, peak_memory=11.908 GB, invar_size=10.314 GB, outvar_size=3.469 GB, temp_buffer_size=1.501 GB, available_memory=64.000 GB, comm_cost=0.000)
result[(8, 8, 0, 1), 0] = ModuleProfileResult(compute_cost=60.840, peak_memory=11.298 GB, invar_size=3.469 GB, outvar_size=6.938 GB, temp_buffer_size=0.891 GB, available_memory=64.000 GB, comm_cost=0.000)
result[(8, 8, 0, 1), 1] = ModuleProfileResult(compute_cost=65.046, peak_memory=11.908 GB, invar_size=10.314 GB, outvar_size=3.469 GB, temp_buffer_size=1.501 GB, available_memory=64.000 GB, comm_cost=0.000)
result[(8, 9, 0, 0), 0] = ModuleProfileResult(compute_cost=121.681, peak_memory=21.612 GB, invar_size=6.844 GB, outvar_size=13.783 GB, temp_buffer_size=0.984 GB, available_memory=64.000 GB, comm_cost=0.000)
result[(8, 9, 0, 0), 1] = ModuleProfileResult(compute_cost=130.092, peak_memory=23.065 GB, invar_size=20.534 GB, outvar_size=6.844 GB, temp_buffer_size=2.438 GB, available_memory=64.000 GB, comm_cost=0.000)
result[(8, 9, 0, 1), 0] = ModuleProfileResult(compute_cost=121.681, peak_memory=21.612 GB, invar_size=6.844 GB, outvar_size=13.783 GB, temp_buffer_size=0.984 GB, available_memory=64.000 GB, comm_cost=0.000)
result[(8, 9, 0, 1), 1] = ModuleProfileResult(compute_cost=130.092, peak_memory=23.065 GB, invar_size=20.534 GB, outvar_size=6.844 GB, temp_buffer_size=2.438 GB, available_memory=64.000 GB, comm_cost=0.000)
result[(8, 10, 0, 0), 0] = ModuleProfileResult(compute_cost=182.521, peak_memory=31.832 GB, invar_size=10.220 GB, outvar_size=20.628 GB, temp_buffer_size=0.984 GB, available_memory=64.000 GB, comm_cost=0.000)
result[(8, 10, 0, 0), 1] = ModuleProfileResult(compute_cost=195.139, peak_memory=34.316 GB, invar_size=30.754 GB, outvar_size=10.220 GB, temp_buffer_size=3.469 GB, available_memory=64.000 GB, comm_cost=0.000)
result[(8, 10, 0, 1), 0] = ModuleProfileResult(compute_cost=182.521, peak_memory=31.832 GB, invar_size=10.220 GB, outvar_size=20.628 GB, temp_buffer_size=0.984 GB, available_memory=64.000 GB, comm_cost=0.000)
result[(8, 10, 0, 1), 1] = ModuleProfileResult(compute_cost=195.139, peak_memory=34.316 GB, invar_size=30.754 GB, outvar_size=10.220 GB, temp_buffer_size=3.469 GB, available_memory=64.000 GB, comm_cost=0.000)
result[(8, 11, 0, 0), 0] = ModuleProfileResult(compute_cost=200.708, peak_memory=39.383 GB, invar_size=13.620 GB, outvar_size=25.716 GB, temp_buffer_size=0.047 GB, available_memory=64.000 GB, comm_cost=0.000)
result[(8, 11, 0, 0), 1] = ModuleProfileResult(compute_cost=237.476, peak_memory=43.559 GB, invar_size=39.242 GB, outvar_size=13.620 GB, temp_buffer_size=4.224 GB, available_memory=64.000 GB, comm_cost=0.000)
result[(8, 11, 0, 1), 0] = ModuleProfileResult(compute_cost=200.708, peak_memory=39.383 GB, invar_size=13.620 GB, outvar_size=25.716 GB, temp_buffer_size=0.047 GB, available_memory=64.000 GB, comm_cost=0.000)
result[(8, 11, 0, 1), 1] = ModuleProfileResult(compute_cost=237.476, peak_memory=43.559 GB, invar_size=39.242 GB, outvar_size=13.620 GB, temp_buffer_size=4.224 GB, available_memory=64.000 GB, comm_cost=0.000)
result[(9, 9, 0, 0), 0] = ModuleProfileResult(compute_cost=60.840, peak_memory=11.298 GB, invar_size=3.469 GB, outvar_size=6.938 GB, temp_buffer_size=0.891 GB, available_memory=64.000 GB, comm_cost=0.000)
result[(9, 9, 0, 0), 1] = ModuleProfileResult(compute_cost=65.046, peak_memory=11.908 GB, invar_size=10.314 GB, outvar_size=3.469 GB, temp_buffer_size=1.501 GB, available_memory=64.000 GB, comm_cost=0.000)
result[(9, 9, 0, 1), 0] = ModuleProfileResult(compute_cost=60.840, peak_memory=11.298 GB, invar_size=3.469 GB, outvar_size=6.938 GB, temp_buffer_size=0.891 GB, available_memory=64.000 GB, comm_cost=0.000)
result[(9, 9, 0, 1), 1] = ModuleProfileResult(compute_cost=65.046, peak_memory=11.908 GB, invar_size=10.314 GB, outvar_size=3.469 GB, temp_buffer_size=1.501 GB, available_memory=64.000 GB, comm_cost=0.000)
result[(9, 10, 0, 0), 0] = ModuleProfileResult(compute_cost=121.681, peak_memory=21.612 GB, invar_size=6.844 GB, outvar_size=13.783 GB, temp_buffer_size=0.984 GB, available_memory=64.000 GB, comm_cost=0.000)
result[(9, 10, 0, 0), 1] = ModuleProfileResult(compute_cost=130.092, peak_memory=23.065 GB, invar_size=20.534 GB, outvar_size=6.844 GB, temp_buffer_size=2.438 GB, available_memory=64.000 GB, comm_cost=0.000)
result[(9, 10, 0, 1), 0] = ModuleProfileResult(compute_cost=121.681, peak_memory=21.612 GB, invar_size=6.844 GB, outvar_size=13.783 GB, temp_buffer_size=0.984 GB, available_memory=64.000 GB, comm_cost=0.000)
result[(9, 10, 0, 1), 1] = ModuleProfileResult(compute_cost=130.092, peak_memory=23.065 GB, invar_size=20.534 GB, outvar_size=6.844 GB, temp_buffer_size=2.438 GB, available_memory=64.000 GB, comm_cost=0.000)
result[(9, 11, 0, 0), 0] = ModuleProfileResult(compute_cost=139.868, peak_memory=29.163 GB, invar_size=10.245 GB, outvar_size=18.871 GB, temp_buffer_size=0.047 GB, available_memory=64.000 GB, comm_cost=0.000)
result[(9, 11, 0, 0), 1] = ModuleProfileResult(compute_cost=172.430, peak_memory=32.542 GB, invar_size=29.022 GB, outvar_size=10.245 GB, temp_buffer_size=3.426 GB, available_memory=64.000 GB, comm_cost=0.000)
result[(9, 11, 0, 1), 0] = ModuleProfileResult(compute_cost=139.868, peak_memory=29.163 GB, invar_size=10.245 GB, outvar_size=18.871 GB, temp_buffer_size=0.047 GB, available_memory=64.000 GB, comm_cost=0.000)
result[(9, 11, 0, 1), 1] = ModuleProfileResult(compute_cost=172.430, peak_memory=32.542 GB, invar_size=29.022 GB, outvar_size=10.245 GB, temp_buffer_size=3.426 GB, available_memory=64.000 GB, comm_cost=0.000)
result[(10, 10, 0, 0), 0] = ModuleProfileResult(compute_cost=60.840, peak_memory=11.298 GB, invar_size=3.469 GB, outvar_size=6.938 GB, temp_buffer_size=0.891 GB, available_memory=64.000 GB, comm_cost=0.000)
result[(10, 10, 0, 0), 1] = ModuleProfileResult(compute_cost=65.046, peak_memory=11.908 GB, invar_size=10.314 GB, outvar_size=3.469 GB, temp_buffer_size=1.501 GB, available_memory=64.000 GB, comm_cost=0.000)
result[(10, 10, 0, 1), 0] = ModuleProfileResult(compute_cost=60.840, peak_memory=11.298 GB, invar_size=3.469 GB, outvar_size=6.938 GB, temp_buffer_size=0.891 GB, available_memory=64.000 GB, comm_cost=0.000)
result[(10, 10, 0, 1), 1] = ModuleProfileResult(compute_cost=65.046, peak_memory=11.908 GB, invar_size=10.314 GB, outvar_size=3.469 GB, temp_buffer_size=1.501 GB, available_memory=64.000 GB, comm_cost=0.000)
result[(10, 11, 0, 0), 0] = ModuleProfileResult(compute_cost=79.028, peak_memory=18.943 GB, invar_size=6.870 GB, outvar_size=12.026 GB, temp_buffer_size=0.047 GB, available_memory=64.000 GB, comm_cost=0.000)
result[(10, 11, 0, 0), 1] = ModuleProfileResult(compute_cost=107.384, peak_memory=21.432 GB, invar_size=18.802 GB, outvar_size=6.870 GB, temp_buffer_size=2.536 GB, available_memory=64.000 GB, comm_cost=0.000)
result[(10, 11, 0, 1), 0] = ModuleProfileResult(compute_cost=79.028, peak_memory=18.943 GB, invar_size=6.870 GB, outvar_size=12.026 GB, temp_buffer_size=0.047 GB, available_memory=64.000 GB, comm_cost=0.000)
result[(10, 11, 0, 1), 1] = ModuleProfileResult(compute_cost=107.384, peak_memory=21.432 GB, invar_size=18.802 GB, outvar_size=6.870 GB, temp_buffer_size=2.536 GB, available_memory=64.000 GB, comm_cost=0.000)
result[(11, 11, 0, 0), 0] = ModuleProfileResult(compute_cost=18.187, peak_memory=8.676 GB, invar_size=3.494 GB, outvar_size=5.182 GB, temp_buffer_size=0.000 GB, available_memory=64.000 GB, comm_cost=0.000)
result[(11, 11, 0, 0), 1] = ModuleProfileResult(compute_cost=42.338, peak_memory=10.082 GB, invar_size=8.582 GB, outvar_size=3.494 GB, temp_buffer_size=1.406 GB, available_memory=64.000 GB, comm_cost=0.000)
result[(11, 11, 0, 1), 0] = ModuleProfileResult(compute_cost=18.187, peak_memory=8.676 GB, invar_size=3.494 GB, outvar_size=5.182 GB, temp_buffer_size=0.000 GB, available_memory=64.000 GB, comm_cost=0.000)
result[(11, 11, 0, 1), 1] = ModuleProfileResult(compute_cost=42.338, peak_memory=10.082 GB, invar_size=8.582 GB, outvar_size=3.494 GB, temp_buffer_size=1.406 GB, available_memory=64.000 GB, comm_cost=0.000)
Profiling for submesh 0 (1, 1) takes 919.76 seconds
--------------------------------------------------
Profile result saved to: profile-results-2026-02-21-11-27-21.npy
----------------------------------------------------------------------
Best solution cost: 29024878.4921875
Result forward_stage_layer_ids: [[0], [1], [2, 3], [4, 5, 6, 7, 8, 9], [10, 11]]
Result mesh_shapes: [(1, 2), (1, 1), (1, 4), (1, 8), (1, 1)]
Result logical_mesh_shapes: [(1, 2), (1, 1), (4, 1), (8, 1), (1, 1)]
Result autosharding_option_dicts: [{'force_batch_dim_to_mesh_dim': 0}, {'force_batch_dim_to_mesh_dim': 0}, {}, {}, {}]
Elapsed time: 2978.37s
--------------------------------------------------
