2026-02-21 10:28:57,757	INFO worker.py:1352 -- Connecting to existing Ray cluster at address: 172.27.146.70:6379...
2026-02-21 10:28:58,358	INFO worker.py:1538 -- Connected to Ray cluster.
Running with: num_nodes=8, total_devices=64, num_layers=32, num_microbatch=4096
Compiling and running parallelized training step...
-------------------- Automatic stage clustering --------------------
submesh_choices: ((1, 1), (1, 2), (2, 2), (4, 2), (8, 2))
- Profiling for submesh 4 (8, 2):
- Generate all stage infos (Jaxpr -> HLO)
- Compile all stages, get estimations
num of workers:1
[2m[36m(CompileWorker pid=1877956)[0m compiled for stage:0 name: stage_0_31_acc_grad_0 module id: 0
[2m[36m(CompileWorker pid=1877956)[0m  tensor (Large latency) dimensions: (1, 4096, 4096, 2000, 1, 1, 1, 1, 1, 1, 0, 0, 'CONV', 1, 1, 0, 0),  latency: 2.6994590476190474
[2m[36m(CompileWorker pid=1877956)[0m  tensor (Large latency) dimensions: (1, 4096, 688, 4096, 1, 1, 1, 1, 1, 1, 0, 0, 'CONV', 1, 1, 0, 0),  latency: 1.1283504761904761
[2m[36m(CompileWorker pid=1877956)[0m compiled for stage:0 name: stage_0_31_acc_grad_1 module id: 1
[2m[36m(CompileWorker pid=1877956)[0m  tensor (Large latency) dimensions: (1, 256, 32000, 32000, 1, 1, 1, 1, 1, 1, 0, 0, 'CONV', 1, 1, 0, 0),  latency: 30.963809523809523
[2m[36m(CompileWorker pid=1877956)[0m  tensor (Large latency) dimensions: (1, 4096, 4096, 4096, 1, 1, 1, 1, 1, 1, 0, 0, 'CONV', 1, 1, 0, 0),  latency: 5.742201904761905
[2m[36m(CompileWorker pid=1877956)[0m  tensor (Large latency) dimensions: (1, 688, 4096, 4096, 1, 1, 1, 1, 1, 1, 0, 0, 'CONV', 1, 1, 0, 0),  latency: 1.1283504761904761
[2m[36m(CompileWorker pid=1877956)[0m  tensor (Large latency) dimensions: (1, 4096, 688, 688, 1, 1, 1, 1, 1, 1, 0, 0, 'CONV', 1, 1, 0, 0),  latency: 8.981184761904762
[2m[36m(CompileWorker pid=1877956)[0m  tensor (Large latency) dimensions: (1, 4096, 4096, 4096, 1, 1, 1, 1, 1, 1, 0, 0, 'CONV', 1, 1, 0, 0),  latency: 5.742201904761905
[2m[36m(CompileWorker pid=1877956)[0m  tensor (Large latency) dimensions: (1, 4096, 4096, 4096, 1, 1, 1, 1, 1, 1, 0, 0, 'CONV', 1, 1, 0, 0),  latency: 5.742201904761905
[2m[36m(CompileWorker pid=1877956)[0m  tensor (Large latency) dimensions: (1, 2000, 4096, 4096, 1, 1, 1, 1, 1, 1, 0, 0, 'CONV', 1, 1, 0, 0),  latency: 2.827215238095238
- parse estimation results for all stages
result[(0, 31, 4, 0), 0] = ModuleProfileResult(compute_cost=341.714, peak_memory=28.177 GB, invar_size=0.785 GB, outvar_size=25.392 GB, temp_buffer_size=2.000 GB, available_memory=64.000 GB, comm_cost=1.677)
Using pre computed peak Mem for (0, 31, 4, 0), module 1
result[(0, 31, 4, 0), 1] = ModuleProfileResult(compute_cost=2017.090, peak_memory=64.000 GB, invar_size=26.177 GB, outvar_size=0.785 GB, temp_buffer_size=37.823 GB, available_memory=64.000 GB, comm_cost=4.365)
Profiling for submesh 4 (8, 2) takes 258.54 seconds
--------------------------------------------------
- Profiling for submesh 3 (4, 2):
- Generate all stage infos (Jaxpr -> HLO)
- Compile all stages, get estimations
num of workers:12
[2m[36m(CompileWorker pid=1892578)[0m compiled for stage:0 name: stage_0_0_acc_grad_0 module id: 0
[2m[36m(CompileWorker pid=1892577)[0m compiled for stage:1 name: stage_0_1_acc_grad_0 module id: 0
[2m[36m(CompileWorker pid=1892578)[0m  tensor (Large latency) dimensions: (1, 4096, 4096, 4000, 1, 1, 1, 1, 1, 1, 0, 0, 'CONV', 1, 1, 0, 0),  latency: 5.648579047619048
[2m[36m(CompileWorker pid=1892577)[0m  tensor (Large latency) dimensions: (1, 4096, 4096, 4000, 1, 1, 1, 1, 1, 1, 0, 0, 'CONV', 1, 1, 0, 0),  latency: 5.648579047619048
[2m[36m(CompileWorker pid=1892576)[0m compiled for stage:2 name: stage_0_2_acc_grad_0 module id: 0
[2m[36m(CompileWorker pid=1892575)[0m compiled for stage:3 name: stage_0_3_acc_grad_0 module id: 0
[2m[36m(CompileWorker pid=1892576)[0m  tensor (Large latency) dimensions: (1, 4096, 4096, 4000, 1, 1, 1, 1, 1, 1, 0, 0, 'CONV', 1, 1, 0, 0),  latency: 5.648579047619048
[2m[36m(CompileWorker pid=1892574)[0m compiled for stage:4 name: stage_0_4_acc_grad_0 module id: 0
[2m[36m(CompileWorker pid=1892575)[0m  tensor (Large latency) dimensions: (1, 4096, 4096, 4000, 1, 1, 1, 1, 1, 1, 0, 0, 'CONV', 1, 1, 0, 0),  latency: 5.648579047619048
[2m[36m(CompileWorker pid=1892574)[0m  tensor (Large latency) dimensions: (1, 4096, 4096, 4000, 1, 1, 1, 1, 1, 1, 0, 0, 'CONV', 1, 1, 0, 0),  latency: 5.648579047619048
[2m[36m(CompileWorker pid=1892573)[0m compiled for stage:5 name: stage_0_5_acc_grad_0 module id: 0
[2m[36m(CompileWorker pid=1892573)[0m  tensor (Large latency) dimensions: (1, 4096, 4096, 4000, 1, 1, 1, 1, 1, 1, 0, 0, 'CONV', 1, 1, 0, 0),  latency: 5.648579047619048
[2m[36m(CompileWorker pid=1892578)[0m  tensor (Large latency) dimensions: (1, 4096, 1376, 4096, 1, 1, 1, 1, 1, 1, 0, 0, 'CONV', 1, 1, 0, 0),  latency: 2.2567009523809523
[2m[36m(CompileWorker pid=1892578)[0m compiled for stage:0 name: stage_0_0_acc_grad_1 module id: 1
[2m[36m(CompileWorker pid=1892577)[0m  tensor (Large latency) dimensions: (1, 4096, 1376, 4096, 1, 1, 1, 1, 1, 1, 0, 0, 'CONV', 1, 1, 0, 0),  latency: 2.2567009523809523
[2m[36m(CompileWorker pid=1892578)[0m  tensor (Large latency) dimensions: (1, 4096, 1376, 1376, 1, 1, 1, 1, 1, 1, 0, 0, 'CONV', 1, 1, 0, 0),  latency: 32.40217904761905
[2m[36m(CompileWorker pid=1892577)[0m  tensor (Large latency) dimensions: (1, 4096, 4096, 1376, 1, 1, 1, 1, 1, 1, 0, 0, 'CONV', 1, 1, 0, 0),  latency: 2.090910476190476
[2m[36m(CompileWorker pid=1892577)[0m compiled for stage:1 name: stage_0_1_acc_grad_1 module id: 1
[2m[36m(CompileWorker pid=1892577)[0m  tensor (Large latency) dimensions: (1, 1376, 4096, 4096, 1, 1, 1, 1, 1, 1, 0, 0, 'CONV', 1, 1, 0, 0),  latency: 2.2567009523809523
[2m[36m(CompileWorker pid=1892576)[0m  tensor (Large latency) dimensions: (1, 4096, 1376, 4096, 1, 1, 1, 1, 1, 1, 0, 0, 'CONV', 1, 1, 0, 0),  latency: 2.2567009523809523
[2m[36m(CompileWorker pid=1892577)[0m  tensor (Large latency) dimensions: (1, 4096, 1376, 1376, 1, 1, 1, 1, 1, 1, 0, 0, 'CONV', 1, 1, 0, 0),  latency: 32.40217904761905
[2m[36m(CompileWorker pid=1892578)[0m  tensor (Large latency) dimensions: (1, 4096, 4096, 4096, 1, 1, 1, 1, 1, 1, 0, 0, 'CONV', 1, 1, 0, 0),  latency: 5.742201904761905
[2m[36m(CompileWorker pid=1892576)[0m  tensor (Large latency) dimensions: (1, 4096, 4096, 1376, 1, 1, 1, 1, 1, 1, 0, 0, 'CONV', 1, 1, 0, 0),  latency: 2.090910476190476
[2m[36m(CompileWorker pid=1892576)[0m compiled for stage:2 name: stage_0_2_acc_grad_1 module id: 1
[2m[36m(CompileWorker pid=1892572)[0m compiled for stage:6 name: stage_0_6_acc_grad_0 module id: 0
[2m[36m(CompileWorker pid=1892575)[0m  tensor (Large latency) dimensions: (1, 4096, 1376, 4096, 1, 1, 1, 1, 1, 1, 0, 0, 'CONV', 1, 1, 0, 0),  latency: 2.2567009523809523
[2m[36m(CompileWorker pid=1892571)[0m compiled for stage:7 name: stage_0_7_acc_grad_0 module id: 0
[2m[36m(CompileWorker pid=1892576)[0m  tensor (Large latency) dimensions: (1, 1376, 4096, 4096, 1, 1, 1, 1, 1, 1, 0, 0, 'CONV', 1, 1, 0, 0),  latency: 2.2567009523809523
[2m[36m(CompileWorker pid=1892576)[0m  tensor (Large latency) dimensions: (1, 4096, 1376, 1376, 1, 1, 1, 1, 1, 1, 0, 0, 'CONV', 1, 1, 0, 0),  latency: 32.40217904761905
[2m[36m(CompileWorker pid=1892575)[0m  tensor (Large latency) dimensions: (1, 4096, 4096, 1376, 1, 1, 1, 1, 1, 1, 0, 0, 'CONV', 1, 1, 0, 0),  latency: 2.090910476190476
[2m[36m(CompileWorker pid=1892575)[0m compiled for stage:3 name: stage_0_3_acc_grad_1 module id: 1
[2m[36m(CompileWorker pid=1892574)[0m  tensor (Large latency) dimensions: (1, 4096, 1376, 4096, 1, 1, 1, 1, 1, 1, 0, 0, 'CONV', 1, 1, 0, 0),  latency: 2.2567009523809523
[2m[36m(CompileWorker pid=1892572)[0m  tensor (Large latency) dimensions: (1, 4096, 4096, 4000, 1, 1, 1, 1, 1, 1, 0, 0, 'CONV', 1, 1, 0, 0),  latency: 5.648579047619048
[2m[36m(CompileWorker pid=1892577)[0m  tensor (Large latency) dimensions: (1, 4096, 4096, 4096, 1, 1, 1, 1, 1, 1, 0, 0, 'CONV', 1, 1, 0, 0),  latency: 5.742201904761905
[2m[36m(CompileWorker pid=1892575)[0m  tensor (Large latency) dimensions: (1, 1376, 4096, 4096, 1, 1, 1, 1, 1, 1, 0, 0, 'CONV', 1, 1, 0, 0),  latency: 2.2567009523809523
[2m[36m(CompileWorker pid=1892571)[0m  tensor (Large latency) dimensions: (1, 4096, 4096, 4000, 1, 1, 1, 1, 1, 1, 0, 0, 'CONV', 1, 1, 0, 0),  latency: 5.648579047619048
[2m[36m(CompileWorker pid=1892575)[0m  tensor (Large latency) dimensions: (1, 4096, 1376, 1376, 1, 1, 1, 1, 1, 1, 0, 0, 'CONV', 1, 1, 0, 0),  latency: 32.40217904761905
[2m[36m(CompileWorker pid=1892574)[0m  tensor (Large latency) dimensions: (1, 4096, 4096, 1376, 1, 1, 1, 1, 1, 1, 0, 0, 'CONV', 1, 1, 0, 0),  latency: 2.090910476190476
[2m[36m(CompileWorker pid=1892574)[0m compiled for stage:4 name: stage_0_4_acc_grad_1 module id: 1
[2m[36m(CompileWorker pid=1892570)[0m compiled for stage:8 name: stage_0_8_acc_grad_0 module id: 0
[2m[36m(CompileWorker pid=1892574)[0m  tensor (Large latency) dimensions: (1, 1376, 4096, 4096, 1, 1, 1, 1, 1, 1, 0, 0, 'CONV', 1, 1, 0, 0),  latency: 2.2567009523809523
[2m[36m(CompileWorker pid=1892569)[0m compiled for stage:9 name: stage_0_9_acc_grad_0 module id: 0
[2m[36m(CompileWorker pid=1892576)[0m  tensor (Large latency) dimensions: (1, 4096, 4096, 4096, 1, 1, 1, 1, 1, 1, 0, 0, 'CONV', 1, 1, 0, 0),  latency: 5.742201904761905
[2m[36m(CompileWorker pid=1892574)[0m  tensor (Large latency) dimensions: (1, 4096, 1376, 1376, 1, 1, 1, 1, 1, 1, 0, 0, 'CONV', 1, 1, 0, 0),  latency: 32.40217904761905
[2m[36m(CompileWorker pid=1892573)[0m  tensor (Large latency) dimensions: (1, 4096, 1376, 4096, 1, 1, 1, 1, 1, 1, 0, 0, 'CONV', 1, 1, 0, 0),  latency: 2.2567009523809523
[2m[36m(CompileWorker pid=1892570)[0m  tensor (Large latency) dimensions: (1, 4096, 4096, 4000, 1, 1, 1, 1, 1, 1, 0, 0, 'CONV', 1, 1, 0, 0),  latency: 5.648579047619048
[2m[36m(CompileWorker pid=1892573)[0m  tensor (Large latency) dimensions: (1, 4096, 4096, 1376, 1, 1, 1, 1, 1, 1, 0, 0, 'CONV', 1, 1, 0, 0),  latency: 2.090910476190476
[2m[36m(CompileWorker pid=1892573)[0m compiled for stage:5 name: stage_0_5_acc_grad_1 module id: 1
[2m[36m(CompileWorker pid=1892569)[0m  tensor (Large latency) dimensions: (1, 4096, 4096, 4000, 1, 1, 1, 1, 1, 1, 0, 0, 'CONV', 1, 1, 0, 0),  latency: 5.648579047619048
[2m[36m(CompileWorker pid=1892575)[0m  tensor (Large latency) dimensions: (1, 4096, 4096, 4096, 1, 1, 1, 1, 1, 1, 0, 0, 'CONV', 1, 1, 0, 0),  latency: 5.742201904761905
[2m[36m(CompileWorker pid=1892573)[0m  tensor (Large latency) dimensions: (1, 1376, 4096, 4096, 1, 1, 1, 1, 1, 1, 0, 0, 'CONV', 1, 1, 0, 0),  latency: 2.2567009523809523
[2m[36m(CompileWorker pid=1892574)[0m  tensor (Large latency) dimensions: (1, 4096, 4096, 4096, 1, 1, 1, 1, 1, 1, 0, 0, 'CONV', 1, 1, 0, 0),  latency: 5.742201904761905
[2m[36m(CompileWorker pid=1892568)[0m compiled for stage:10 name: stage_0_10_acc_grad_0 module id: 0
[2m[36m(CompileWorker pid=1892578)[0m  tensor (Large latency) dimensions: (1, 4096, 4096, 4096, 1, 1, 1, 1, 1, 1, 0, 0, 'CONV', 1, 1, 0, 0),  latency: 5.742201904761905
[2m[36m(CompileWorker pid=1892573)[0m  tensor (Large latency) dimensions: (1, 4096, 1376, 1376, 1, 1, 1, 1, 1, 1, 0, 0, 'CONV', 1, 1, 0, 0),  latency: 32.40217904761905
[2m[36m(CompileWorker pid=1892578)[0m  tensor (Large latency) dimensions: (1, 4000, 4096, 4096, 1, 1, 1, 1, 1, 1, 0, 0, 'CONV', 1, 1, 0, 0),  latency: 5.654430476190476
[2m[36m(CompileWorker pid=1892577)[0m  tensor (Large latency) dimensions: (1, 4096, 4096, 4096, 1, 1, 1, 1, 1, 1, 0, 0, 'CONV', 1, 1, 0, 0),  latency: 5.742201904761905
[2m[36m(CompileWorker pid=1892568)[0m  tensor (Large latency) dimensions: (1, 4096, 4096, 4000, 1, 1, 1, 1, 1, 1, 0, 0, 'CONV', 1, 1, 0, 0),  latency: 5.648579047619048
[2m[36m(CompileWorker pid=1892577)[0m  tensor (Large latency) dimensions: (1, 4000, 4096, 4096, 1, 1, 1, 1, 1, 1, 0, 0, 'CONV', 1, 1, 0, 0),  latency: 5.654430476190476
[2m[36m(CompileWorker pid=1892572)[0m  tensor (Large latency) dimensions: (1, 4096, 1376, 4096, 1, 1, 1, 1, 1, 1, 0, 0, 'CONV', 1, 1, 0, 0),  latency: 2.2567009523809523
[2m[36m(CompileWorker pid=1892571)[0m  tensor (Large latency) dimensions: (1, 4096, 1376, 4096, 1, 1, 1, 1, 1, 1, 0, 0, 'CONV', 1, 1, 0, 0),  latency: 2.2567009523809523
[2m[36m(CompileWorker pid=1892573)[0m  tensor (Large latency) dimensions: (1, 4096, 4096, 4096, 1, 1, 1, 1, 1, 1, 0, 0, 'CONV', 1, 1, 0, 0),  latency: 5.742201904761905
[2m[36m(CompileWorker pid=1892567)[0m compiled for stage:11 name: stage_0_11_acc_grad_0 module id: 0
[2m[36m(CompileWorker pid=1892576)[0m  tensor (Large latency) dimensions: (1, 4096, 4096, 4096, 1, 1, 1, 1, 1, 1, 0, 0, 'CONV', 1, 1, 0, 0),  latency: 5.742201904761905
[2m[36m(CompileWorker pid=1892572)[0m  tensor (Large latency) dimensions: (1, 4096, 4096, 1376, 1, 1, 1, 1, 1, 1, 0, 0, 'CONV', 1, 1, 0, 0),  latency: 2.090910476190476
[2m[36m(CompileWorker pid=1892572)[0m compiled for stage:6 name: stage_0_6_acc_grad_1 module id: 1
[2m[36m(CompileWorker pid=1892571)[0m  tensor (Large latency) dimensions: (1, 4096, 4096, 1376, 1, 1, 1, 1, 1, 1, 0, 0, 'CONV', 1, 1, 0, 0),  latency: 2.090910476190476
[2m[36m(CompileWorker pid=1892571)[0m compiled for stage:7 name: stage_0_7_acc_grad_1 module id: 1
[2m[36m(CompileWorker pid=1892576)[0m  tensor (Large latency) dimensions: (1, 4000, 4096, 4096, 1, 1, 1, 1, 1, 1, 0, 0, 'CONV', 1, 1, 0, 0),  latency: 5.654430476190476
[2m[36m(CompileWorker pid=1892572)[0m  tensor (Large latency) dimensions: (1, 1376, 4096, 4096, 1, 1, 1, 1, 1, 1, 0, 0, 'CONV', 1, 1, 0, 0),  latency: 2.2567009523809523
[2m[36m(CompileWorker pid=1892571)[0m  tensor (Large latency) dimensions: (1, 1376, 4096, 4096, 1, 1, 1, 1, 1, 1, 0, 0, 'CONV', 1, 1, 0, 0),  latency: 2.2567009523809523
[2m[36m(CompileWorker pid=1892567)[0m  tensor (Large latency) dimensions: (1, 4096, 4096, 4000, 1, 1, 1, 1, 1, 1, 0, 0, 'CONV', 1, 1, 0, 0),  latency: 5.648579047619048
[2m[36m(CompileWorker pid=1892572)[0m  tensor (Large latency) dimensions: (1, 4096, 1376, 1376, 1, 1, 1, 1, 1, 1, 0, 0, 'CONV', 1, 1, 0, 0),  latency: 32.40217904761905
[2m[36m(CompileWorker pid=1892571)[0m  tensor (Large latency) dimensions: (1, 4096, 1376, 1376, 1, 1, 1, 1, 1, 1, 0, 0, 'CONV', 1, 1, 0, 0),  latency: 32.40217904761905
[2m[36m(CompileWorker pid=1892575)[0m  tensor (Large latency) dimensions: (1, 4096, 4096, 4096, 1, 1, 1, 1, 1, 1, 0, 0, 'CONV', 1, 1, 0, 0),  latency: 5.742201904761905
[2m[36m(CompileWorker pid=1892575)[0m  tensor (Large latency) dimensions: (1, 4000, 4096, 4096, 1, 1, 1, 1, 1, 1, 0, 0, 'CONV', 1, 1, 0, 0),  latency: 5.654430476190476
[2m[36m(CompileWorker pid=1892570)[0m  tensor (Large latency) dimensions: (1, 4096, 1376, 4096, 1, 1, 1, 1, 1, 1, 0, 0, 'CONV', 1, 1, 0, 0),  latency: 2.2567009523809523
[2m[36m(CompileWorker pid=1892574)[0m  tensor (Large latency) dimensions: (1, 4096, 4096, 4096, 1, 1, 1, 1, 1, 1, 0, 0, 'CONV', 1, 1, 0, 0),  latency: 5.742201904761905
[2m[36m(CompileWorker pid=1892569)[0m  tensor (Large latency) dimensions: (1, 4096, 1376, 4096, 1, 1, 1, 1, 1, 1, 0, 0, 'CONV', 1, 1, 0, 0),  latency: 2.2567009523809523
[2m[36m(CompileWorker pid=1892574)[0m  tensor (Large latency) dimensions: (1, 4000, 4096, 4096, 1, 1, 1, 1, 1, 1, 0, 0, 'CONV', 1, 1, 0, 0),  latency: 5.654430476190476
[2m[36m(CompileWorker pid=1892572)[0m  tensor (Large latency) dimensions: (1, 4096, 4096, 4096, 1, 1, 1, 1, 1, 1, 0, 0, 'CONV', 1, 1, 0, 0),  latency: 5.742201904761905
[2m[36m(CompileWorker pid=1892570)[0m  tensor (Large latency) dimensions: (1, 4096, 4096, 1376, 1, 1, 1, 1, 1, 1, 0, 0, 'CONV', 1, 1, 0, 0),  latency: 2.090910476190476
[2m[36m(CompileWorker pid=1892570)[0m compiled for stage:8 name: stage_0_8_acc_grad_1 module id: 1
[2m[36m(CompileWorker pid=1892571)[0m  tensor (Large latency) dimensions: (1, 4096, 4096, 4096, 1, 1, 1, 1, 1, 1, 0, 0, 'CONV', 1, 1, 0, 0),  latency: 5.742201904761905
[2m[36m(CompileWorker pid=1892569)[0m  tensor (Large latency) dimensions: (1, 4096, 4096, 1376, 1, 1, 1, 1, 1, 1, 0, 0, 'CONV', 1, 1, 0, 0),  latency: 2.090910476190476
[2m[36m(CompileWorker pid=1892569)[0m compiled for stage:9 name: stage_0_9_acc_grad_1 module id: 1
[2m[36m(CompileWorker pid=1892570)[0m  tensor (Large latency) dimensions: (1, 1376, 4096, 4096, 1, 1, 1, 1, 1, 1, 0, 0, 'CONV', 1, 1, 0, 0),  latency: 2.2567009523809523
[2m[36m(CompileWorker pid=1892569)[0m  tensor (Large latency) dimensions: (1, 1376, 4096, 4096, 1, 1, 1, 1, 1, 1, 0, 0, 'CONV', 1, 1, 0, 0),  latency: 2.2567009523809523
[2m[36m(CompileWorker pid=1892570)[0m  tensor (Large latency) dimensions: (1, 4096, 1376, 1376, 1, 1, 1, 1, 1, 1, 0, 0, 'CONV', 1, 1, 0, 0),  latency: 32.40217904761905
[2m[36m(CompileWorker pid=1892568)[0m  tensor (Large latency) dimensions: (1, 4096, 1376, 4096, 1, 1, 1, 1, 1, 1, 0, 0, 'CONV', 1, 1, 0, 0),  latency: 2.2567009523809523
[2m[36m(CompileWorker pid=1892569)[0m  tensor (Large latency) dimensions: (1, 4096, 1376, 1376, 1, 1, 1, 1, 1, 1, 0, 0, 'CONV', 1, 1, 0, 0),  latency: 32.40217904761905
[2m[36m(CompileWorker pid=1892573)[0m  tensor (Large latency) dimensions: (1, 4096, 4096, 4096, 1, 1, 1, 1, 1, 1, 0, 0, 'CONV', 1, 1, 0, 0),  latency: 5.742201904761905
[2m[36m(CompileWorker pid=1892573)[0m  tensor (Large latency) dimensions: (1, 4000, 4096, 4096, 1, 1, 1, 1, 1, 1, 0, 0, 'CONV', 1, 1, 0, 0),  latency: 5.654430476190476
[2m[36m(CompileWorker pid=1892568)[0m  tensor (Large latency) dimensions: (1, 4096, 4096, 1376, 1, 1, 1, 1, 1, 1, 0, 0, 'CONV', 1, 1, 0, 0),  latency: 2.090910476190476
[2m[36m(CompileWorker pid=1892568)[0m compiled for stage:10 name: stage_0_10_acc_grad_1 module id: 1
[2m[36m(CompileWorker pid=1892568)[0m  tensor (Large latency) dimensions: (1, 1376, 4096, 4096, 1, 1, 1, 1, 1, 1, 0, 0, 'CONV', 1, 1, 0, 0),  latency: 2.2567009523809523
[2m[36m(CompileWorker pid=1892570)[0m  tensor (Large latency) dimensions: (1, 4096, 4096, 4096, 1, 1, 1, 1, 1, 1, 0, 0, 'CONV', 1, 1, 0, 0),  latency: 5.742201904761905
[2m[36m(CompileWorker pid=1892569)[0m  tensor (Large latency) dimensions: (1, 4096, 4096, 4096, 1, 1, 1, 1, 1, 1, 0, 0, 'CONV', 1, 1, 0, 0),  latency: 5.742201904761905
[2m[36m(CompileWorker pid=1892568)[0m  tensor (Large latency) dimensions: (1, 4096, 1376, 1376, 1, 1, 1, 1, 1, 1, 0, 0, 'CONV', 1, 1, 0, 0),  latency: 32.40217904761905
[2m[36m(CompileWorker pid=1892567)[0m  tensor (Large latency) dimensions: (1, 4096, 1376, 4096, 1, 1, 1, 1, 1, 1, 0, 0, 'CONV', 1, 1, 0, 0),  latency: 2.2567009523809523
[2m[36m(CompileWorker pid=1892567)[0m  tensor (Large latency) dimensions: (1, 4096, 4096, 1376, 1, 1, 1, 1, 1, 1, 0, 0, 'CONV', 1, 1, 0, 0),  latency: 2.090910476190476
[2m[36m(CompileWorker pid=1892567)[0m compiled for stage:11 name: stage_0_11_acc_grad_1 module id: 1
[2m[36m(CompileWorker pid=1892572)[0m  tensor (Large latency) dimensions: (1, 4096, 4096, 4096, 1, 1, 1, 1, 1, 1, 0, 0, 'CONV', 1, 1, 0, 0),  latency: 5.742201904761905
[2m[36m(CompileWorker pid=1892571)[0m  tensor (Large latency) dimensions: (1, 4096, 4096, 4096, 1, 1, 1, 1, 1, 1, 0, 0, 'CONV', 1, 1, 0, 0),  latency: 5.742201904761905
[2m[36m(CompileWorker pid=1892568)[0m  tensor (Large latency) dimensions: (1, 4096, 4096, 4096, 1, 1, 1, 1, 1, 1, 0, 0, 'CONV', 1, 1, 0, 0),  latency: 5.742201904761905
[2m[36m(CompileWorker pid=1892572)[0m  tensor (Large latency) dimensions: (1, 4000, 4096, 4096, 1, 1, 1, 1, 1, 1, 0, 0, 'CONV', 1, 1, 0, 0),  latency: 5.654430476190476
[2m[36m(CompileWorker pid=1892567)[0m  tensor (Large latency) dimensions: (1, 1376, 4096, 4096, 1, 1, 1, 1, 1, 1, 0, 0, 'CONV', 1, 1, 0, 0),  latency: 2.2567009523809523
[2m[36m(CompileWorker pid=1892571)[0m  tensor (Large latency) dimensions: (1, 4000, 4096, 4096, 1, 1, 1, 1, 1, 1, 0, 0, 'CONV', 1, 1, 0, 0),  latency: 5.654430476190476
[2m[36m(CompileWorker pid=1892567)[0m  tensor (Large latency) dimensions: (1, 4096, 1376, 1376, 1, 1, 1, 1, 1, 1, 0, 0, 'CONV', 1, 1, 0, 0),  latency: 32.40217904761905
[2m[36m(CompileWorker pid=1892567)[0m  tensor (Large latency) dimensions: (1, 4096, 4096, 4096, 1, 1, 1, 1, 1, 1, 0, 0, 'CONV', 1, 1, 0, 0),  latency: 5.742201904761905
[2m[36m(CompileWorker pid=1892570)[0m  tensor (Large latency) dimensions: (1, 4096, 4096, 4096, 1, 1, 1, 1, 1, 1, 0, 0, 'CONV', 1, 1, 0, 0),  latency: 5.742201904761905
[2m[36m(CompileWorker pid=1892570)[0m  tensor (Large latency) dimensions: (1, 4000, 4096, 4096, 1, 1, 1, 1, 1, 1, 0, 0, 'CONV', 1, 1, 0, 0),  latency: 5.654430476190476
[2m[36m(CompileWorker pid=1892569)[0m  tensor (Large latency) dimensions: (1, 4096, 4096, 4096, 1, 1, 1, 1, 1, 1, 0, 0, 'CONV', 1, 1, 0, 0),  latency: 5.742201904761905
[2m[36m(CompileWorker pid=1892569)[0m  tensor (Large latency) dimensions: (1, 4000, 4096, 4096, 1, 1, 1, 1, 1, 1, 0, 0, 'CONV', 1, 1, 0, 0),  latency: 5.654430476190476
[2m[36m(CompileWorker pid=1892568)[0m  tensor (Large latency) dimensions: (1, 4096, 4096, 4096, 1, 1, 1, 1, 1, 1, 0, 0, 'CONV', 1, 1, 0, 0),  latency: 5.742201904761905
[2m[36m(CompileWorker pid=1892568)[0m  tensor (Large latency) dimensions: (1, 4000, 4096, 4096, 1, 1, 1, 1, 1, 1, 0, 0, 'CONV', 1, 1, 0, 0),  latency: 5.654430476190476
[2m[36m(CompileWorker pid=1892567)[0m  tensor (Large latency) dimensions: (1, 4096, 4096, 4096, 1, 1, 1, 1, 1, 1, 0, 0, 'CONV', 1, 1, 0, 0),  latency: 5.742201904761905
[2m[36m(CompileWorker pid=1892567)[0m  tensor (Large latency) dimensions: (1, 4000, 4096, 4096, 1, 1, 1, 1, 1, 1, 0, 0, 'CONV', 1, 1, 0, 0),  latency: 5.654430476190476
[2m[36m(CompileWorker pid=1892578)[0m compiled for stage:12 name: stage_0_12_acc_grad_0 module id: 0
[2m[36m(CompileWorker pid=1892578)[0m  tensor (Large latency) dimensions: (1, 4096, 4096, 1376, 1, 1, 1, 1, 1, 1, 0, 0, 'CONV', 1, 1, 0, 0),  latency: 2.090910476190476
[2m[36m(CompileWorker pid=1892577)[0m compiled for stage:13 name: stage_0_13_acc_grad_0 module id: 0
[2m[36m(CompileWorker pid=1892578)[0m compiled for stage:12 name: stage_0_12_acc_grad_1 module id: 1
[2m[36m(CompileWorker pid=1892577)[0m compiled for stage:13 name: stage_0_13_acc_grad_1 module id: 1
[2m[36m(CompileWorker pid=1892578)[0m  tensor (Large latency) dimensions: (1, 1376, 4096, 4096, 1, 1, 1, 1, 1, 1, 0, 0, 'CONV', 1, 1, 0, 0),  latency: 2.2567009523809523
[2m[36m(CompileWorker pid=1892576)[0m compiled for stage:14 name: stage_0_14_acc_grad_0 module id: 0
[2m[36m(CompileWorker pid=1892576)[0m compiled for stage:14 name: stage_0_14_acc_grad_1 module id: 1
[2m[36m(CompileWorker pid=1892575)[0m compiled for stage:15 name: stage_0_15_acc_grad_0 module id: 0
[2m[36m(CompileWorker pid=1892575)[0m compiled for stage:15 name: stage_0_15_acc_grad_1 module id: 1
[2m[36m(CompileWorker pid=1892574)[0m compiled for stage:16 name: stage_0_16_acc_grad_0 module id: 0
[2m[36m(CompileWorker pid=1892574)[0m compiled for stage:16 name: stage_0_16_acc_grad_1 module id: 1
[2m[36m(CompileWorker pid=1892573)[0m compiled for stage:17 name: stage_0_17_acc_grad_0 module id: 0
[2m[36m(CompileWorker pid=1892573)[0m compiled for stage:17 name: stage_0_17_acc_grad_1 module id: 1
[2m[36m(CompileWorker pid=1892572)[0m compiled for stage:18 name: stage_0_18_acc_grad_0 module id: 0
[2m[36m(CompileWorker pid=1892572)[0m compiled for stage:18 name: stage_0_18_acc_grad_1 module id: 1
[2m[36m(CompileWorker pid=1892571)[0m compiled for stage:19 name: stage_0_19_acc_grad_0 module id: 0
[2m[36m(CompileWorker pid=1892571)[0m compiled for stage:19 name: stage_0_19_acc_grad_1 module id: 1
[2m[36m(CompileWorker pid=1892570)[0m compiled for stage:20 name: stage_0_20_acc_grad_0 module id: 0
[2m[36m(CompileWorker pid=1892570)[0m compiled for stage:20 name: stage_0_20_acc_grad_1 module id: 1
[2m[36m(CompileWorker pid=1892570)[0m compiled for stage:32 name: stage_1_1_acc_grad_0 module id: 0
[2m[36m(CompileWorker pid=1892570)[0m compiled for stage:32 name: stage_1_1_acc_grad_1 module id: 1
[2m[36m(CompileWorker pid=1892570)[0m compiled for stage:33 name: stage_1_2_acc_grad_0 module id: 0
[2m[36m(CompileWorker pid=1892570)[0m compiled for stage:33 name: stage_1_2_acc_grad_1 module id: 1
[2m[36m(CompileWorker pid=1892569)[0m compiled for stage:21 name: stage_0_21_acc_grad_0 module id: 0
[2m[36m(CompileWorker pid=1892569)[0m compiled for stage:21 name: stage_0_21_acc_grad_1 module id: 1
[2m[36m(CompileWorker pid=1892570)[0m compiled for stage:34 name: stage_1_3_acc_grad_0 module id: 0
[2m[36m(CompileWorker pid=1892570)[0m compiled for stage:34 name: stage_1_3_acc_grad_1 module id: 1
[2m[36m(CompileWorker pid=1892569)[0m compiled for stage:35 name: stage_1_4_acc_grad_0 module id: 0
[2m[36m(CompileWorker pid=1892569)[0m compiled for stage:35 name: stage_1_4_acc_grad_1 module id: 1
[2m[36m(CompileWorker pid=1892570)[0m compiled for stage:36 name: stage_1_5_acc_grad_0 module id: 0
[2m[36m(CompileWorker pid=1892570)[0m compiled for stage:36 name: stage_1_5_acc_grad_1 module id: 1
[2m[36m(CompileWorker pid=1892568)[0m compiled for stage:22 name: stage_0_22_acc_grad_0 module id: 0
[2m[36m(CompileWorker pid=1892568)[0m compiled for stage:22 name: stage_0_22_acc_grad_1 module id: 1
[2m[36m(CompileWorker pid=1892569)[0m compiled for stage:37 name: stage_1_6_acc_grad_0 module id: 0
[2m[36m(CompileWorker pid=1892569)[0m compiled for stage:37 name: stage_1_6_acc_grad_1 module id: 1
[2m[36m(CompileWorker pid=1892567)[0m compiled for stage:23 name: stage_0_23_acc_grad_0 module id: 0
[2m[36m(CompileWorker pid=1892567)[0m compiled for stage:23 name: stage_0_23_acc_grad_1 module id: 1
[2m[36m(CompileWorker pid=1892570)[0m compiled for stage:38 name: stage_1_7_acc_grad_0 module id: 0
[2m[36m(CompileWorker pid=1892570)[0m compiled for stage:38 name: stage_1_7_acc_grad_1 module id: 1
[2m[36m(CompileWorker pid=1892568)[0m compiled for stage:39 name: stage_1_8_acc_grad_0 module id: 0
[2m[36m(CompileWorker pid=1892568)[0m compiled for stage:39 name: stage_1_8_acc_grad_1 module id: 1
[2m[36m(CompileWorker pid=1892577)[0m compiled for stage:24 name: stage_0_24_acc_grad_0 module id: 0
[2m[36m(CompileWorker pid=1892577)[0m compiled for stage:24 name: stage_0_24_acc_grad_1 module id: 1
[2m[36m(CompileWorker pid=1892569)[0m compiled for stage:40 name: stage_1_9_acc_grad_0 module id: 0
[2m[36m(CompileWorker pid=1892569)[0m compiled for stage:40 name: stage_1_9_acc_grad_1 module id: 1
[2m[36m(CompileWorker pid=1892567)[0m compiled for stage:41 name: stage_1_10_acc_grad_0 module id: 0
[2m[36m(CompileWorker pid=1892567)[0m compiled for stage:41 name: stage_1_10_acc_grad_1 module id: 1
[2m[36m(CompileWorker pid=1892570)[0m compiled for stage:42 name: stage_1_11_acc_grad_0 module id: 0
[2m[36m(CompileWorker pid=1892570)[0m compiled for stage:42 name: stage_1_11_acc_grad_1 module id: 1
[2m[36m(CompileWorker pid=1892578)[0m compiled for stage:25 name: stage_0_25_acc_grad_0 module id: 0
[2m[36m(CompileWorker pid=1892578)[0m compiled for stage:25 name: stage_0_25_acc_grad_1 module id: 1
[2m[36m(CompileWorker pid=1892568)[0m compiled for stage:43 name: stage_1_12_acc_grad_0 module id: 0
[2m[36m(CompileWorker pid=1892568)[0m compiled for stage:43 name: stage_1_12_acc_grad_1 module id: 1
[2m[36m(CompileWorker pid=1892577)[0m compiled for stage:44 name: stage_1_13_acc_grad_0 module id: 0
[2m[36m(CompileWorker pid=1892577)[0m compiled for stage:44 name: stage_1_13_acc_grad_1 module id: 1
[2m[36m(CompileWorker pid=1892569)[0m compiled for stage:45 name: stage_1_14_acc_grad_0 module id: 0
[2m[36m(CompileWorker pid=1892569)[0m compiled for stage:45 name: stage_1_14_acc_grad_1 module id: 1
[2m[36m(CompileWorker pid=1892567)[0m compiled for stage:46 name: stage_1_15_acc_grad_0 module id: 0
[2m[36m(CompileWorker pid=1892567)[0m compiled for stage:46 name: stage_1_15_acc_grad_1 module id: 1
[2m[36m(CompileWorker pid=1892575)[0m compiled for stage:27 name: stage_0_27_acc_grad_0 module id: 0
[2m[36m(CompileWorker pid=1892575)[0m compiled for stage:27 name: stage_0_27_acc_grad_1 module id: 1
[2m[36m(CompileWorker pid=1892570)[0m compiled for stage:47 name: stage_1_16_acc_grad_0 module id: 0
[2m[36m(CompileWorker pid=1892570)[0m compiled for stage:47 name: stage_1_16_acc_grad_1 module id: 1
[2m[36m(CompileWorker pid=1892575)[0m  tensor (Large latency) dimensions: (1, 4096, 4096, 4096, 1, 1, 1, 1, 1, 1, 0, 0, 'CONV', 1, 1, 0, 0),  latency: 5.742201904761905
[2m[36m(CompileWorker pid=1892578)[0m compiled for stage:48 name: stage_1_17_acc_grad_0 module id: 0
[2m[36m(CompileWorker pid=1892578)[0m compiled for stage:48 name: stage_1_17_acc_grad_1 module id: 1
[2m[36m(CompileWorker pid=1892568)[0m compiled for stage:49 name: stage_1_18_acc_grad_0 module id: 0
[2m[36m(CompileWorker pid=1892568)[0m compiled for stage:49 name: stage_1_18_acc_grad_1 module id: 1
[2m[36m(CompileWorker pid=1892576)[0m compiled for stage:26 name: stage_0_26_acc_grad_0 module id: 0
[2m[36m(CompileWorker pid=1892576)[0m compiled for stage:26 name: stage_0_26_acc_grad_1 module id: 1
[2m[36m(CompileWorker pid=1892572)[0m compiled for stage:30 name: stage_0_30_acc_grad_0 module id: 0
[2m[36m(CompileWorker pid=1892577)[0m compiled for stage:50 name: stage_1_19_acc_grad_0 module id: 0
[2m[36m(CompileWorker pid=1892569)[0m compiled for stage:51 name: stage_1_20_acc_grad_0 module id: 0
[2m[36m(CompileWorker pid=1892577)[0m compiled for stage:50 name: stage_1_19_acc_grad_1 module id: 1
[2m[36m(CompileWorker pid=1892569)[0m compiled for stage:51 name: stage_1_20_acc_grad_1 module id: 1
[2m[36m(CompileWorker pid=1892572)[0m compiled for stage:30 name: stage_0_30_acc_grad_1 module id: 1
[2m[36m(CompileWorker pid=1892572)[0m  tensor (Large latency) dimensions: (1, 4096, 4096, 4096, 1, 1, 1, 1, 1, 1, 0, 0, 'CONV', 1, 1, 0, 0),  latency: 5.742201904761905
[2m[36m(CompileWorker pid=1892567)[0m compiled for stage:52 name: stage_1_21_acc_grad_0 module id: 0
[2m[36m(CompileWorker pid=1892567)[0m compiled for stage:52 name: stage_1_21_acc_grad_1 module id: 1
[2m[36m(CompileWorker pid=1892573)[0m compiled for stage:29 name: stage_0_29_acc_grad_0 module id: 0
[2m[36m(CompileWorker pid=1892573)[0m compiled for stage:29 name: stage_0_29_acc_grad_1 module id: 1
[2m[36m(CompileWorker pid=1892574)[0m compiled for stage:28 name: stage_0_28_acc_grad_0 module id: 0
[2m[36m(CompileWorker pid=1892574)[0m compiled for stage:28 name: stage_0_28_acc_grad_1 module id: 1
[2m[36m(CompileWorker pid=1892574)[0m compiled for stage:63 name: stage_2_2_acc_grad_0 module id: 0
[2m[36m(CompileWorker pid=1892574)[0m compiled for stage:63 name: stage_2_2_acc_grad_1 module id: 1
[2m[36m(CompileWorker pid=1892574)[0m compiled for stage:64 name: stage_2_3_acc_grad_0 module id: 0
[2m[36m(CompileWorker pid=1892574)[0m compiled for stage:64 name: stage_2_3_acc_grad_1 module id: 1
[2m[36m(CompileWorker pid=1892574)[0m compiled for stage:65 name: stage_2_4_acc_grad_0 module id: 0
[2m[36m(CompileWorker pid=1892574)[0m compiled for stage:65 name: stage_2_4_acc_grad_1 module id: 1
[2m[36m(CompileWorker pid=1892574)[0m compiled for stage:66 name: stage_2_5_acc_grad_0 module id: 0
[2m[36m(CompileWorker pid=1892574)[0m compiled for stage:66 name: stage_2_5_acc_grad_1 module id: 1
[2m[36m(CompileWorker pid=1892571)[0m compiled for stage:31 name: stage_0_31_acc_grad_0 module id: 0
[2m[36m(CompileWorker pid=1892571)[0m compiled for stage:31 name: stage_0_31_acc_grad_1 module id: 1
[2m[36m(CompileWorker pid=1892574)[0m compiled for stage:67 name: stage_2_6_acc_grad_0 module id: 0
[2m[36m(CompileWorker pid=1892571)[0m  tensor (Large latency) dimensions: (1, 512, 32000, 32000, 1, 1, 1, 1, 1, 1, 0, 0, 'CONV', 1, 1, 0, 0),  latency: 54.97904761904762
[2m[36m(CompileWorker pid=1892574)[0m compiled for stage:67 name: stage_2_6_acc_grad_1 module id: 1
[2m[36m(CompileWorker pid=1892571)[0m  tensor (Large latency) dimensions: (1, 4096, 4096, 4096, 1, 1, 1, 1, 1, 1, 0, 0, 'CONV', 1, 1, 0, 0),  latency: 5.742201904761905
[2m[36m(CompileWorker pid=1892574)[0m compiled for stage:68 name: stage_2_7_acc_grad_0 module id: 0
[2m[36m(CompileWorker pid=1892574)[0m compiled for stage:68 name: stage_2_7_acc_grad_1 module id: 1
[2m[36m(CompileWorker pid=1892575)[0m compiled for stage:54 name: stage_1_23_acc_grad_0 module id: 0
[2m[36m(CompileWorker pid=1892571)[0m compiled for stage:69 name: stage_2_8_acc_grad_0 module id: 0
[2m[36m(CompileWorker pid=1892575)[0m compiled for stage:54 name: stage_1_23_acc_grad_1 module id: 1
[2m[36m(CompileWorker pid=1892571)[0m compiled for stage:69 name: stage_2_8_acc_grad_1 module id: 1
[2m[36m(CompileWorker pid=1892568)[0m compiled for stage:56 name: stage_1_25_acc_grad_0 module id: 0
[2m[36m(CompileWorker pid=1892568)[0m  tensor (Large latency) dimensions: (1, 4096, 4096, 11008, 1, 1, 1, 1, 1, 1, 0, 0, 'CONV', 1, 1, 0, 0),  latency: 18.474910476190477
[2m[36m(CompileWorker pid=1892568)[0m compiled for stage:56 name: stage_1_25_acc_grad_1 module id: 1
[2m[36m(CompileWorker pid=1892574)[0m compiled for stage:70 name: stage_2_9_acc_grad_0 module id: 0
[2m[36m(CompileWorker pid=1892574)[0m compiled for stage:70 name: stage_2_9_acc_grad_1 module id: 1
[2m[36m(CompileWorker pid=1892570)[0m compiled for stage:53 name: stage_1_22_acc_grad_0 module id: 0
[2m[36m(CompileWorker pid=1892570)[0m  tensor (Large latency) dimensions: (1, 4096, 4096, 11008, 1, 1, 1, 1, 1, 1, 0, 0, 'CONV', 1, 1, 0, 0),  latency: 18.474910476190477
[2m[36m(CompileWorker pid=1892570)[0m compiled for stage:53 name: stage_1_22_acc_grad_1 module id: 1
[2m[36m(CompileWorker pid=1892571)[0m compiled for stage:71 name: stage_2_10_acc_grad_0 module id: 0
[2m[36m(CompileWorker pid=1892571)[0m compiled for stage:71 name: stage_2_10_acc_grad_1 module id: 1
[2m[36m(CompileWorker pid=1892575)[0m compiled for stage:72 name: stage_2_11_acc_grad_0 module id: 0
[2m[36m(CompileWorker pid=1892575)[0m compiled for stage:72 name: stage_2_11_acc_grad_1 module id: 1
[2m[36m(CompileWorker pid=1892576)[0m compiled for stage:57 name: stage_1_26_acc_grad_0 module id: 0
[2m[36m(CompileWorker pid=1892576)[0m compiled for stage:57 name: stage_1_26_acc_grad_1 module id: 1
[2m[36m(CompileWorker pid=1892578)[0m compiled for stage:55 name: stage_1_24_acc_grad_0 module id: 0
[2m[36m(CompileWorker pid=1892568)[0m compiled for stage:73 name: stage_2_12_acc_grad_0 module id: 0
[2m[36m(CompileWorker pid=1892578)[0m compiled for stage:55 name: stage_1_24_acc_grad_1 module id: 1
[2m[36m(CompileWorker pid=1892568)[0m compiled for stage:73 name: stage_2_12_acc_grad_1 module id: 1
[2m[36m(CompileWorker pid=1892574)[0m compiled for stage:74 name: stage_2_13_acc_grad_0 module id: 0
[2m[36m(CompileWorker pid=1892574)[0m compiled for stage:74 name: stage_2_13_acc_grad_1 module id: 1
[2m[36m(CompileWorker pid=1892576)[0m  tensor (Large latency) dimensions: (1, 4096, 4096, 4096, 1, 1, 1, 1, 1, 1, 0, 0, 'CONV', 1, 1, 0, 0),  latency: 5.742201904761905
[2m[36m(CompileWorker pid=1892570)[0m compiled for stage:75 name: stage_2_14_acc_grad_0 module id: 0
[2m[36m(CompileWorker pid=1892570)[0m compiled for stage:75 name: stage_2_14_acc_grad_1 module id: 1
[2m[36m(CompileWorker pid=1892575)[0m compiled for stage:77 name: stage_2_16_acc_grad_0 module id: 0
[2m[36m(CompileWorker pid=1892575)[0m compiled for stage:77 name: stage_2_16_acc_grad_1 module id: 1
[2m[36m(CompileWorker pid=1892571)[0m compiled for stage:76 name: stage_2_15_acc_grad_0 module id: 0
[2m[36m(CompileWorker pid=1892571)[0m compiled for stage:76 name: stage_2_15_acc_grad_1 module id: 1
[2m[36m(CompileWorker pid=1892568)[0m compiled for stage:78 name: stage_2_17_acc_grad_0 module id: 0
[2m[36m(CompileWorker pid=1892568)[0m compiled for stage:78 name: stage_2_17_acc_grad_1 module id: 1
[2m[36m(CompileWorker pid=1892577)[0m compiled for stage:58 name: stage_1_27_acc_grad_0 module id: 0
[2m[36m(CompileWorker pid=1892578)[0m compiled for stage:79 name: stage_2_18_acc_grad_0 module id: 0
[2m[36m(CompileWorker pid=1892577)[0m compiled for stage:58 name: stage_1_27_acc_grad_1 module id: 1
[2m[36m(CompileWorker pid=1892578)[0m compiled for stage:79 name: stage_2_18_acc_grad_1 module id: 1
[2m[36m(CompileWorker pid=1892574)[0m compiled for stage:80 name: stage_2_19_acc_grad_0 module id: 0
[2m[36m(CompileWorker pid=1892574)[0m compiled for stage:80 name: stage_2_19_acc_grad_1 module id: 1
[2m[36m(CompileWorker pid=1892570)[0m compiled for stage:82 name: stage_2_21_acc_grad_0 module id: 0
[2m[36m(CompileWorker pid=1892570)[0m compiled for stage:82 name: stage_2_21_acc_grad_1 module id: 1
[2m[36m(CompileWorker pid=1892567)[0m compiled for stage:61 name: stage_1_30_acc_grad_0 module id: 0
[2m[36m(CompileWorker pid=1892570)[0m  tensor (Large latency) dimensions: (1, 4096, 4096, 4096, 1, 1, 1, 1, 1, 1, 0, 0, 'CONV', 1, 1, 0, 0),  latency: 5.742201904761905
[2m[36m(CompileWorker pid=1892567)[0m compiled for stage:61 name: stage_1_30_acc_grad_1 module id: 1
[2m[36m(CompileWorker pid=1892569)[0m compiled for stage:59 name: stage_1_28_acc_grad_0 module id: 0
[2m[36m(CompileWorker pid=1892569)[0m compiled for stage:59 name: stage_1_28_acc_grad_1 module id: 1
[2m[36m(CompileWorker pid=1892575)[0m compiled for stage:83 name: stage_2_22_acc_grad_0 module id: 0
[2m[36m(CompileWorker pid=1892575)[0m compiled for stage:83 name: stage_2_22_acc_grad_1 module id: 1
[2m[36m(CompileWorker pid=1892576)[0m compiled for stage:81 name: stage_2_20_acc_grad_0 module id: 0
[2m[36m(CompileWorker pid=1892576)[0m compiled for stage:81 name: stage_2_20_acc_grad_1 module id: 1
[2m[36m(CompileWorker pid=1892576)[0m compiled for stage:93 name: stage_3_3_acc_grad_0 module id: 0
[2m[36m(CompileWorker pid=1892576)[0m compiled for stage:93 name: stage_3_3_acc_grad_1 module id: 1
[2m[36m(CompileWorker pid=1892576)[0m compiled for stage:94 name: stage_3_4_acc_grad_0 module id: 0
[2m[36m(CompileWorker pid=1892576)[0m compiled for stage:94 name: stage_3_4_acc_grad_1 module id: 1
[2m[36m(CompileWorker pid=1892576)[0m compiled for stage:95 name: stage_3_5_acc_grad_0 module id: 0
[2m[36m(CompileWorker pid=1892576)[0m compiled for stage:95 name: stage_3_5_acc_grad_1 module id: 1
[2m[36m(CompileWorker pid=1892572)[0m compiled for stage:60 name: stage_1_29_acc_grad_0 module id: 0
[2m[36m(CompileWorker pid=1892572)[0m compiled for stage:60 name: stage_1_29_acc_grad_1 module id: 1
[2m[36m(CompileWorker pid=1892576)[0m compiled for stage:96 name: stage_3_6_acc_grad_0 module id: 0
[2m[36m(CompileWorker pid=1892576)[0m compiled for stage:96 name: stage_3_6_acc_grad_1 module id: 1
[2m[36m(CompileWorker pid=1892571)[0m compiled for stage:84 name: stage_2_23_acc_grad_0 module id: 0
[2m[36m(CompileWorker pid=1892571)[0m compiled for stage:84 name: stage_2_23_acc_grad_1 module id: 1
[2m[36m(CompileWorker pid=1892572)[0m compiled for stage:97 name: stage_3_7_acc_grad_0 module id: 0
[2m[36m(CompileWorker pid=1892572)[0m compiled for stage:97 name: stage_3_7_acc_grad_1 module id: 1
[2m[36m(CompileWorker pid=1892576)[0m compiled for stage:98 name: stage_3_8_acc_grad_0 module id: 0
[2m[36m(CompileWorker pid=1892576)[0m compiled for stage:98 name: stage_3_8_acc_grad_1 module id: 1
[2m[36m(CompileWorker pid=1892571)[0m compiled for stage:99 name: stage_3_9_acc_grad_0 module id: 0
[2m[36m(CompileWorker pid=1892571)[0m compiled for stage:99 name: stage_3_9_acc_grad_1 module id: 1
[2m[36m(CompileWorker pid=1892573)[0m compiled for stage:62 name: stage_1_31_acc_grad_0 module id: 0
[2m[36m(CompileWorker pid=1892573)[0m compiled for stage:62 name: stage_1_31_acc_grad_1 module id: 1
[2m[36m(CompileWorker pid=1892572)[0m compiled for stage:100 name: stage_3_10_acc_grad_0 module id: 0
[2m[36m(CompileWorker pid=1892572)[0m compiled for stage:100 name: stage_3_10_acc_grad_1 module id: 1
[2m[36m(CompileWorker pid=1892573)[0m  tensor (Large latency) dimensions: (1, 512, 32000, 32000, 1, 1, 1, 1, 1, 1, 0, 0, 'CONV', 1, 1, 0, 0),  latency: 54.97904761904762
[2m[36m(CompileWorker pid=1892576)[0m compiled for stage:101 name: stage_3_11_acc_grad_0 module id: 0
[2m[36m(CompileWorker pid=1892573)[0m  tensor (Large latency) dimensions: (1, 4096, 4096, 4096, 1, 1, 1, 1, 1, 1, 0, 0, 'CONV', 1, 1, 0, 0),  latency: 5.742201904761905
[2m[36m(CompileWorker pid=1892576)[0m  tensor (Large latency) dimensions: (1, 512, 4096, 11008, 1, 1, 1, 1, 1, 1, 0, 0, 'CONV', 1, 1, 0, 0),  latency: 2.3093638095238096
[2m[36m(CompileWorker pid=1892576)[0m compiled for stage:101 name: stage_3_11_acc_grad_1 module id: 1
[2m[36m(CompileWorker pid=1892576)[0m  tensor (Large latency) dimensions: (1, 11008, 4096, 4096, 1, 1, 1, 1, 1, 1, 0, 0, 'CONV', 1, 1, 0, 0),  latency: 18.053607619047618
[2m[36m(CompileWorker pid=1892571)[0m compiled for stage:102 name: stage_3_12_acc_grad_0 module id: 0
[2m[36m(CompileWorker pid=1892571)[0m compiled for stage:102 name: stage_3_12_acc_grad_1 module id: 1
[2m[36m(CompileWorker pid=1892568)[0m compiled for stage:85 name: stage_2_24_acc_grad_0 module id: 0
[2m[36m(CompileWorker pid=1892568)[0m compiled for stage:85 name: stage_2_24_acc_grad_1 module id: 1
[2m[36m(CompileWorker pid=1892572)[0m compiled for stage:103 name: stage_3_13_acc_grad_0 module id: 0
[2m[36m(CompileWorker pid=1892572)[0m compiled for stage:103 name: stage_3_13_acc_grad_1 module id: 1
[2m[36m(CompileWorker pid=1892573)[0m compiled for stage:104 name: stage_3_14_acc_grad_0 module id: 0
[2m[36m(CompileWorker pid=1892573)[0m compiled for stage:104 name: stage_3_14_acc_grad_1 module id: 1
[2m[36m(CompileWorker pid=1892576)[0m compiled for stage:105 name: stage_3_15_acc_grad_0 module id: 0
[2m[36m(CompileWorker pid=1892576)[0m compiled for stage:105 name: stage_3_15_acc_grad_1 module id: 1
[2m[36m(CompileWorker pid=1892571)[0m compiled for stage:106 name: stage_3_16_acc_grad_0 module id: 0
[2m[36m(CompileWorker pid=1892571)[0m compiled for stage:106 name: stage_3_16_acc_grad_1 module id: 1
[2m[36m(CompileWorker pid=1892578)[0m compiled for stage:86 name: stage_2_25_acc_grad_0 module id: 0
[2m[36m(CompileWorker pid=1892578)[0m compiled for stage:86 name: stage_2_25_acc_grad_1 module id: 1
[2m[36m(CompileWorker pid=1892568)[0m compiled for stage:107 name: stage_3_17_acc_grad_0 module id: 0
[2m[36m(CompileWorker pid=1892568)[0m compiled for stage:107 name: stage_3_17_acc_grad_1 module id: 1
[2m[36m(CompileWorker pid=1892572)[0m compiled for stage:108 name: stage_3_18_acc_grad_0 module id: 0
[2m[36m(CompileWorker pid=1892572)[0m compiled for stage:108 name: stage_3_18_acc_grad_1 module id: 1
[2m[36m(CompileWorker pid=1892574)[0m compiled for stage:88 name: stage_2_27_acc_grad_0 module id: 0
[2m[36m(CompileWorker pid=1892574)[0m compiled for stage:88 name: stage_2_27_acc_grad_1 module id: 1
[2m[36m(CompileWorker pid=1892573)[0m compiled for stage:109 name: stage_3_19_acc_grad_0 module id: 0
[2m[36m(CompileWorker pid=1892573)[0m compiled for stage:109 name: stage_3_19_acc_grad_1 module id: 1
[2m[36m(CompileWorker pid=1892576)[0m compiled for stage:110 name: stage_3_20_acc_grad_0 module id: 0
[2m[36m(CompileWorker pid=1892576)[0m compiled for stage:110 name: stage_3_20_acc_grad_1 module id: 1
[2m[36m(CompileWorker pid=1892570)[0m compiled for stage:89 name: stage_2_28_acc_grad_0 module id: 0
[2m[36m(CompileWorker pid=1892570)[0m compiled for stage:89 name: stage_2_28_acc_grad_1 module id: 1
[2m[36m(CompileWorker pid=1892577)[0m compiled for stage:87 name: stage_2_26_acc_grad_0 module id: 0
[2m[36m(CompileWorker pid=1892577)[0m compiled for stage:87 name: stage_2_26_acc_grad_1 module id: 1
[2m[36m(CompileWorker pid=1892571)[0m compiled for stage:111 name: stage_3_21_acc_grad_0 module id: 0
[2m[36m(CompileWorker pid=1892571)[0m compiled for stage:111 name: stage_3_21_acc_grad_1 module id: 1
[2m[36m(CompileWorker pid=1892568)[0m compiled for stage:113 name: stage_3_23_acc_grad_0 module id: 0
[2m[36m(CompileWorker pid=1892568)[0m compiled for stage:113 name: stage_3_23_acc_grad_1 module id: 1
[2m[36m(CompileWorker pid=1892578)[0m compiled for stage:112 name: stage_3_22_acc_grad_0 module id: 0
[2m[36m(CompileWorker pid=1892578)[0m compiled for stage:112 name: stage_3_22_acc_grad_1 module id: 1
[2m[36m(CompileWorker pid=1892578)[0m compiled for stage:122 name: stage_4_4_acc_grad_0 module id: 0
[2m[36m(CompileWorker pid=1892578)[0m compiled for stage:122 name: stage_4_4_acc_grad_1 module id: 1
[2m[36m(CompileWorker pid=1892578)[0m compiled for stage:123 name: stage_4_5_acc_grad_0 module id: 0
[2m[36m(CompileWorker pid=1892578)[0m compiled for stage:123 name: stage_4_5_acc_grad_1 module id: 1
[2m[36m(CompileWorker pid=1892567)[0m compiled for stage:90 name: stage_2_29_acc_grad_0 module id: 0
[2m[36m(CompileWorker pid=1892567)[0m compiled for stage:90 name: stage_2_29_acc_grad_1 module id: 1
[2m[36m(CompileWorker pid=1892578)[0m compiled for stage:124 name: stage_4_6_acc_grad_0 module id: 0
[2m[36m(CompileWorker pid=1892578)[0m compiled for stage:124 name: stage_4_6_acc_grad_1 module id: 1
[2m[36m(CompileWorker pid=1892578)[0m compiled for stage:125 name: stage_4_7_acc_grad_0 module id: 0
[2m[36m(CompileWorker pid=1892578)[0m compiled for stage:125 name: stage_4_7_acc_grad_1 module id: 1
[2m[36m(CompileWorker pid=1892567)[0m compiled for stage:126 name: stage_4_8_acc_grad_0 module id: 0
[2m[36m(CompileWorker pid=1892567)[0m compiled for stage:126 name: stage_4_8_acc_grad_1 module id: 1
[2m[36m(CompileWorker pid=1892578)[0m compiled for stage:127 name: stage_4_9_acc_grad_0 module id: 0
[2m[36m(CompileWorker pid=1892578)[0m compiled for stage:127 name: stage_4_9_acc_grad_1 module id: 1
[2m[36m(CompileWorker pid=1892572)[0m compiled for stage:114 name: stage_3_24_acc_grad_0 module id: 0
[2m[36m(CompileWorker pid=1892572)[0m compiled for stage:114 name: stage_3_24_acc_grad_1 module id: 1
[2m[36m(CompileWorker pid=1892574)[0m compiled for stage:115 name: stage_3_25_acc_grad_0 module id: 0
[2m[36m(CompileWorker pid=1892567)[0m compiled for stage:128 name: stage_4_10_acc_grad_0 module id: 0
[2m[36m(CompileWorker pid=1892574)[0m compiled for stage:115 name: stage_3_25_acc_grad_1 module id: 1
[2m[36m(CompileWorker pid=1892567)[0m compiled for stage:128 name: stage_4_10_acc_grad_1 module id: 1
[2m[36m(CompileWorker pid=1892574)[0m  tensor (Large latency) dimensions: (1, 4096, 4096, 4096, 1, 1, 1, 1, 1, 1, 0, 0, 'CONV', 1, 1, 0, 0),  latency: 5.742201904761905
[2m[36m(CompileWorker pid=1892578)[0m compiled for stage:129 name: stage_4_11_acc_grad_0 module id: 0
[2m[36m(CompileWorker pid=1892578)[0m compiled for stage:129 name: stage_4_11_acc_grad_1 module id: 1
[2m[36m(CompileWorker pid=1892572)[0m compiled for stage:130 name: stage_4_12_acc_grad_0 module id: 0
[2m[36m(CompileWorker pid=1892572)[0m compiled for stage:130 name: stage_4_12_acc_grad_1 module id: 1
[2m[36m(CompileWorker pid=1892567)[0m compiled for stage:131 name: stage_4_13_acc_grad_0 module id: 0
[2m[36m(CompileWorker pid=1892575)[0m compiled for stage:92 name: stage_2_31_acc_grad_0 module id: 0
[2m[36m(CompileWorker pid=1892567)[0m compiled for stage:131 name: stage_4_13_acc_grad_1 module id: 1
[2m[36m(CompileWorker pid=1892575)[0m compiled for stage:92 name: stage_2_31_acc_grad_1 module id: 1
[2m[36m(CompileWorker pid=1892575)[0m  tensor (Large latency) dimensions: (1, 512, 32000, 32000, 1, 1, 1, 1, 1, 1, 0, 0, 'CONV', 1, 1, 0, 0),  latency: 54.97904761904762
[2m[36m(CompileWorker pid=1892574)[0m compiled for stage:132 name: stage_4_14_acc_grad_0 module id: 0
[2m[36m(CompileWorker pid=1892574)[0m compiled for stage:132 name: stage_4_14_acc_grad_1 module id: 1
[2m[36m(CompileWorker pid=1892575)[0m  tensor (Large latency) dimensions: (1, 4096, 4096, 4096, 1, 1, 1, 1, 1, 1, 0, 0, 'CONV', 1, 1, 0, 0),  latency: 5.742201904761905
[2m[36m(CompileWorker pid=1892578)[0m compiled for stage:133 name: stage_4_15_acc_grad_0 module id: 0
[2m[36m(CompileWorker pid=1892578)[0m compiled for stage:133 name: stage_4_15_acc_grad_1 module id: 1
[2m[36m(CompileWorker pid=1892572)[0m compiled for stage:134 name: stage_4_16_acc_grad_0 module id: 0
[2m[36m(CompileWorker pid=1892572)[0m compiled for stage:134 name: stage_4_16_acc_grad_1 module id: 1
[2m[36m(CompileWorker pid=1892576)[0m compiled for stage:117 name: stage_3_27_acc_grad_0 module id: 0
[2m[36m(CompileWorker pid=1892576)[0m compiled for stage:117 name: stage_3_27_acc_grad_1 module id: 1
[2m[36m(CompileWorker pid=1892567)[0m compiled for stage:135 name: stage_4_17_acc_grad_0 module id: 0
[2m[36m(CompileWorker pid=1892567)[0m compiled for stage:135 name: stage_4_17_acc_grad_1 module id: 1
[2m[36m(CompileWorker pid=1892569)[0m compiled for stage:91 name: stage_2_30_acc_grad_0 module id: 0
[2m[36m(CompileWorker pid=1892569)[0m compiled for stage:91 name: stage_2_30_acc_grad_1 module id: 1
[2m[36m(CompileWorker pid=1892573)[0m compiled for stage:116 name: stage_3_26_acc_grad_0 module id: 0
[2m[36m(CompileWorker pid=1892573)[0m compiled for stage:116 name: stage_3_26_acc_grad_1 module id: 1
[2m[36m(CompileWorker pid=1892574)[0m compiled for stage:136 name: stage_4_18_acc_grad_0 module id: 0
[2m[36m(CompileWorker pid=1892573)[0m  tensor (Large latency) dimensions: (1, 4096, 4096, 4096, 1, 1, 1, 1, 1, 1, 0, 0, 'CONV', 1, 1, 0, 0),  latency: 5.742201904761905
[2m[36m(CompileWorker pid=1892574)[0m compiled for stage:136 name: stage_4_18_acc_grad_1 module id: 1
[2m[36m(CompileWorker pid=1892575)[0m compiled for stage:137 name: stage_4_19_acc_grad_0 module id: 0
[2m[36m(CompileWorker pid=1892575)[0m compiled for stage:137 name: stage_4_19_acc_grad_1 module id: 1
[2m[36m(CompileWorker pid=1892577)[0m compiled for stage:119 name: stage_3_29_acc_grad_0 module id: 0
[2m[36m(CompileWorker pid=1892577)[0m compiled for stage:119 name: stage_3_29_acc_grad_1 module id: 1
[2m[36m(CompileWorker pid=1892578)[0m compiled for stage:138 name: stage_4_20_acc_grad_0 module id: 0
[2m[36m(CompileWorker pid=1892578)[0m compiled for stage:138 name: stage_4_20_acc_grad_1 module id: 1
[2m[36m(CompileWorker pid=1892572)[0m compiled for stage:139 name: stage_4_21_acc_grad_0 module id: 0
[2m[36m(CompileWorker pid=1892572)[0m compiled for stage:139 name: stage_4_21_acc_grad_1 module id: 1
[2m[36m(CompileWorker pid=1892570)[0m compiled for stage:118 name: stage_3_28_acc_grad_0 module id: 0
[2m[36m(CompileWorker pid=1892570)[0m compiled for stage:118 name: stage_3_28_acc_grad_1 module id: 1
[2m[36m(CompileWorker pid=1892571)[0m compiled for stage:120 name: stage_3_30_acc_grad_0 module id: 0
[2m[36m(CompileWorker pid=1892571)[0m compiled for stage:120 name: stage_3_30_acc_grad_1 module id: 1
[2m[36m(CompileWorker pid=1892576)[0m compiled for stage:140 name: stage_4_22_acc_grad_0 module id: 0
[2m[36m(CompileWorker pid=1892576)[0m compiled for stage:140 name: stage_4_22_acc_grad_1 module id: 1
[2m[36m(CompileWorker pid=1892571)[0m compiled for stage:150 name: stage_5_5_acc_grad_0 module id: 0
[2m[36m(CompileWorker pid=1892571)[0m compiled for stage:150 name: stage_5_5_acc_grad_1 module id: 1
[2m[36m(CompileWorker pid=1892576)[0m compiled for stage:151 name: stage_5_6_acc_grad_0 module id: 0
[2m[36m(CompileWorker pid=1892576)[0m compiled for stage:151 name: stage_5_6_acc_grad_1 module id: 1
[2m[36m(CompileWorker pid=1892571)[0m compiled for stage:152 name: stage_5_7_acc_grad_0 module id: 0
[2m[36m(CompileWorker pid=1892571)[0m compiled for stage:152 name: stage_5_7_acc_grad_1 module id: 1
[2m[36m(CompileWorker pid=1892567)[0m compiled for stage:141 name: stage_4_23_acc_grad_0 module id: 0
[2m[36m(CompileWorker pid=1892567)[0m compiled for stage:141 name: stage_4_23_acc_grad_1 module id: 1
[2m[36m(CompileWorker pid=1892576)[0m compiled for stage:153 name: stage_5_8_acc_grad_0 module id: 0
[2m[36m(CompileWorker pid=1892576)[0m compiled for stage:153 name: stage_5_8_acc_grad_1 module id: 1
[2m[36m(CompileWorker pid=1892571)[0m compiled for stage:154 name: stage_5_9_acc_grad_0 module id: 0
[2m[36m(CompileWorker pid=1892571)[0m compiled for stage:154 name: stage_5_9_acc_grad_1 module id: 1
[2m[36m(CompileWorker pid=1892567)[0m compiled for stage:155 name: stage_5_10_acc_grad_0 module id: 0
[2m[36m(CompileWorker pid=1892567)[0m compiled for stage:155 name: stage_5_10_acc_grad_1 module id: 1
[2m[36m(CompileWorker pid=1892568)[0m compiled for stage:121 name: stage_3_31_acc_grad_0 module id: 0
[2m[36m(CompileWorker pid=1892576)[0m compiled for stage:156 name: stage_5_11_acc_grad_0 module id: 0
[2m[36m(CompileWorker pid=1892576)[0m compiled for stage:156 name: stage_5_11_acc_grad_1 module id: 1
[2m[36m(CompileWorker pid=1892568)[0m compiled for stage:121 name: stage_3_31_acc_grad_1 module id: 1
[2m[36m(CompileWorker pid=1892568)[0m  tensor (Large latency) dimensions: (1, 512, 32000, 32000, 1, 1, 1, 1, 1, 1, 0, 0, 'CONV', 1, 1, 0, 0),  latency: 54.97904761904762
[2m[36m(CompileWorker pid=1892571)[0m compiled for stage:157 name: stage_5_12_acc_grad_0 module id: 0
[2m[36m(CompileWorker pid=1892571)[0m compiled for stage:157 name: stage_5_12_acc_grad_1 module id: 1
[2m[36m(CompileWorker pid=1892568)[0m  tensor (Large latency) dimensions: (1, 4096, 4096, 4096, 1, 1, 1, 1, 1, 1, 0, 0, 'CONV', 1, 1, 0, 0),  latency: 5.742201904761905
[2m[36m(CompileWorker pid=1892567)[0m compiled for stage:158 name: stage_5_13_acc_grad_0 module id: 0
[2m[36m(CompileWorker pid=1892567)[0m compiled for stage:158 name: stage_5_13_acc_grad_1 module id: 1
[2m[36m(CompileWorker pid=1892569)[0m compiled for stage:142 name: stage_4_24_acc_grad_0 module id: 0
[2m[36m(CompileWorker pid=1892576)[0m compiled for stage:159 name: stage_5_14_acc_grad_0 module id: 0
[2m[36m(CompileWorker pid=1892576)[0m compiled for stage:159 name: stage_5_14_acc_grad_1 module id: 1
[2m[36m(CompileWorker pid=1892569)[0m compiled for stage:142 name: stage_4_24_acc_grad_1 module id: 1
[2m[36m(CompileWorker pid=1892571)[0m compiled for stage:160 name: stage_5_15_acc_grad_0 module id: 0
[2m[36m(CompileWorker pid=1892571)[0m compiled for stage:160 name: stage_5_15_acc_grad_1 module id: 1
[2m[36m(CompileWorker pid=1892569)[0m  tensor (Large latency) dimensions: (1, 4096, 4096, 4096, 1, 1, 1, 1, 1, 1, 0, 0, 'CONV', 1, 1, 0, 0),  latency: 5.742201904761905
[2m[36m(CompileWorker pid=1892573)[0m compiled for stage:143 name: stage_4_25_acc_grad_0 module id: 0
[2m[36m(CompileWorker pid=1892568)[0m compiled for stage:161 name: stage_5_16_acc_grad_0 module id: 0
[2m[36m(CompileWorker pid=1892573)[0m compiled for stage:143 name: stage_4_25_acc_grad_1 module id: 1
[2m[36m(CompileWorker pid=1892568)[0m compiled for stage:161 name: stage_5_16_acc_grad_1 module id: 1
[2m[36m(CompileWorker pid=1892567)[0m compiled for stage:162 name: stage_5_17_acc_grad_0 module id: 0
[2m[36m(CompileWorker pid=1892567)[0m compiled for stage:162 name: stage_5_17_acc_grad_1 module id: 1
[2m[36m(CompileWorker pid=1892574)[0m compiled for stage:144 name: stage_4_26_acc_grad_0 module id: 0
[2m[36m(CompileWorker pid=1892574)[0m compiled for stage:144 name: stage_4_26_acc_grad_1 module id: 1
[2m[36m(CompileWorker pid=1892576)[0m compiled for stage:163 name: stage_5_18_acc_grad_0 module id: 0
[2m[36m(CompileWorker pid=1892576)[0m compiled for stage:163 name: stage_5_18_acc_grad_1 module id: 1
[2m[36m(CompileWorker pid=1892571)[0m compiled for stage:164 name: stage_5_19_acc_grad_0 module id: 0
[2m[36m(CompileWorker pid=1892571)[0m compiled for stage:164 name: stage_5_19_acc_grad_1 module id: 1
[2m[36m(CompileWorker pid=1892569)[0m compiled for stage:165 name: stage_5_20_acc_grad_0 module id: 0
[2m[36m(CompileWorker pid=1892569)[0m compiled for stage:165 name: stage_5_20_acc_grad_1 module id: 1
[2m[36m(CompileWorker pid=1892575)[0m compiled for stage:145 name: stage_4_27_acc_grad_0 module id: 0
[2m[36m(CompileWorker pid=1892575)[0m compiled for stage:145 name: stage_4_27_acc_grad_1 module id: 1
[2m[36m(CompileWorker pid=1892568)[0m compiled for stage:166 name: stage_5_21_acc_grad_0 module id: 0
[2m[36m(CompileWorker pid=1892577)[0m compiled for stage:146 name: stage_4_28_acc_grad_0 module id: 0
[2m[36m(CompileWorker pid=1892568)[0m compiled for stage:166 name: stage_5_21_acc_grad_1 module id: 1
[2m[36m(CompileWorker pid=1892577)[0m compiled for stage:146 name: stage_4_28_acc_grad_1 module id: 1
[2m[36m(CompileWorker pid=1892573)[0m compiled for stage:167 name: stage_5_22_acc_grad_0 module id: 0
[2m[36m(CompileWorker pid=1892573)[0m compiled for stage:167 name: stage_5_22_acc_grad_1 module id: 1
[2m[36m(CompileWorker pid=1892572)[0m compiled for stage:148 name: stage_4_30_acc_grad_0 module id: 0
[2m[36m(CompileWorker pid=1892572)[0m compiled for stage:148 name: stage_4_30_acc_grad_1 module id: 1
[2m[36m(CompileWorker pid=1892572)[0m compiled for stage:177 name: stage_6_6_acc_grad_0 module id: 0
[2m[36m(CompileWorker pid=1892572)[0m compiled for stage:177 name: stage_6_6_acc_grad_1 module id: 1
[2m[36m(CompileWorker pid=1892572)[0m compiled for stage:178 name: stage_6_7_acc_grad_0 module id: 0
[2m[36m(CompileWorker pid=1892572)[0m compiled for stage:178 name: stage_6_7_acc_grad_1 module id: 1
[2m[36m(CompileWorker pid=1892578)[0m compiled for stage:147 name: stage_4_29_acc_grad_0 module id: 0
[2m[36m(CompileWorker pid=1892567)[0m compiled for stage:168 name: stage_5_23_acc_grad_0 module id: 0
[2m[36m(CompileWorker pid=1892567)[0m compiled for stage:168 name: stage_5_23_acc_grad_1 module id: 1
[2m[36m(CompileWorker pid=1892578)[0m compiled for stage:147 name: stage_4_29_acc_grad_1 module id: 1
[2m[36m(CompileWorker pid=1892572)[0m compiled for stage:179 name: stage_6_8_acc_grad_0 module id: 0
[2m[36m(CompileWorker pid=1892572)[0m compiled for stage:179 name: stage_6_8_acc_grad_1 module id: 1
[2m[36m(CompileWorker pid=1892567)[0m compiled for stage:180 name: stage_6_9_acc_grad_0 module id: 0
[2m[36m(CompileWorker pid=1892567)[0m compiled for stage:180 name: stage_6_9_acc_grad_1 module id: 1
[2m[36m(CompileWorker pid=1892578)[0m compiled for stage:181 name: stage_6_10_acc_grad_0 module id: 0
[2m[36m(CompileWorker pid=1892578)[0m compiled for stage:181 name: stage_6_10_acc_grad_1 module id: 1
[2m[36m(CompileWorker pid=1892572)[0m compiled for stage:182 name: stage_6_11_acc_grad_0 module id: 0
[2m[36m(CompileWorker pid=1892572)[0m compiled for stage:182 name: stage_6_11_acc_grad_1 module id: 1
[2m[36m(CompileWorker pid=1892576)[0m compiled for stage:170 name: stage_5_25_acc_grad_0 module id: 0
[2m[36m(CompileWorker pid=1892567)[0m compiled for stage:183 name: stage_6_12_acc_grad_0 module id: 0
[2m[36m(CompileWorker pid=1892576)[0m compiled for stage:170 name: stage_5_25_acc_grad_1 module id: 1
[2m[36m(CompileWorker pid=1892567)[0m compiled for stage:183 name: stage_6_12_acc_grad_1 module id: 1
[2m[36m(CompileWorker pid=1892574)[0m compiled for stage:169 name: stage_5_24_acc_grad_0 module id: 0
[2m[36m(CompileWorker pid=1892574)[0m compiled for stage:169 name: stage_5_24_acc_grad_1 module id: 1
[2m[36m(CompileWorker pid=1892578)[0m compiled for stage:184 name: stage_6_13_acc_grad_0 module id: 0
[2m[36m(CompileWorker pid=1892578)[0m compiled for stage:184 name: stage_6_13_acc_grad_1 module id: 1
[2m[36m(CompileWorker pid=1892570)[0m compiled for stage:149 name: stage_4_31_acc_grad_0 module id: 0
[2m[36m(CompileWorker pid=1892570)[0m compiled for stage:149 name: stage_4_31_acc_grad_1 module id: 1
[2m[36m(CompileWorker pid=1892570)[0m  tensor (Large latency) dimensions: (1, 512, 32000, 32000, 1, 1, 1, 1, 1, 1, 0, 0, 'CONV', 1, 1, 0, 0),  latency: 54.97904761904762
[2m[36m(CompileWorker pid=1892572)[0m compiled for stage:185 name: stage_6_14_acc_grad_0 module id: 0
[2m[36m(CompileWorker pid=1892572)[0m compiled for stage:185 name: stage_6_14_acc_grad_1 module id: 1
[2m[36m(CompileWorker pid=1892567)[0m compiled for stage:186 name: stage_6_15_acc_grad_0 module id: 0
[2m[36m(CompileWorker pid=1892567)[0m compiled for stage:186 name: stage_6_15_acc_grad_1 module id: 1
[2m[36m(CompileWorker pid=1892570)[0m  tensor (Large latency) dimensions: (1, 4096, 4096, 4096, 1, 1, 1, 1, 1, 1, 0, 0, 'CONV', 1, 1, 0, 0),  latency: 5.742201904761905
[2m[36m(CompileWorker pid=1892576)[0m compiled for stage:187 name: stage_6_16_acc_grad_0 module id: 0
[2m[36m(CompileWorker pid=1892576)[0m compiled for stage:187 name: stage_6_16_acc_grad_1 module id: 1
[2m[36m(CompileWorker pid=1892571)[0m compiled for stage:171 name: stage_5_26_acc_grad_0 module id: 0
[2m[36m(CompileWorker pid=1892571)[0m compiled for stage:171 name: stage_5_26_acc_grad_1 module id: 1
[2m[36m(CompileWorker pid=1892575)[0m compiled for stage:173 name: stage_5_28_acc_grad_0 module id: 0
[2m[36m(CompileWorker pid=1892575)[0m compiled for stage:173 name: stage_5_28_acc_grad_1 module id: 1
[2m[36m(CompileWorker pid=1892578)[0m compiled for stage:189 name: stage_6_18_acc_grad_0 module id: 0
[2m[36m(CompileWorker pid=1892578)[0m compiled for stage:189 name: stage_6_18_acc_grad_1 module id: 1
[2m[36m(CompileWorker pid=1892574)[0m compiled for stage:188 name: stage_6_17_acc_grad_0 module id: 0
[2m[36m(CompileWorker pid=1892574)[0m compiled for stage:188 name: stage_6_17_acc_grad_1 module id: 1
[2m[36m(CompileWorker pid=1892569)[0m compiled for stage:172 name: stage_5_27_acc_grad_0 module id: 0
[2m[36m(CompileWorker pid=1892569)[0m compiled for stage:172 name: stage_5_27_acc_grad_1 module id: 1
[2m[36m(CompileWorker pid=1892569)[0m  tensor (Large latency) dimensions: (1, 4096, 4096, 4096, 1, 1, 1, 1, 1, 1, 0, 0, 'CONV', 1, 1, 0, 0),  latency: 5.742201904761905
[2m[36m(CompileWorker pid=1892572)[0m compiled for stage:190 name: stage_6_19_acc_grad_0 module id: 0
[2m[36m(CompileWorker pid=1892572)[0m compiled for stage:190 name: stage_6_19_acc_grad_1 module id: 1
[2m[36m(CompileWorker pid=1892567)[0m compiled for stage:191 name: stage_6_20_acc_grad_0 module id: 0
[2m[36m(CompileWorker pid=1892567)[0m compiled for stage:191 name: stage_6_20_acc_grad_1 module id: 1
[2m[36m(CompileWorker pid=1892570)[0m compiled for stage:192 name: stage_6_21_acc_grad_0 module id: 0
[2m[36m(CompileWorker pid=1892570)[0m compiled for stage:192 name: stage_6_21_acc_grad_1 module id: 1
[2m[36m(CompileWorker pid=1892568)[0m compiled for stage:174 name: stage_5_29_acc_grad_0 module id: 0
[2m[36m(CompileWorker pid=1892568)[0m compiled for stage:174 name: stage_5_29_acc_grad_1 module id: 1
[2m[36m(CompileWorker pid=1892576)[0m compiled for stage:193 name: stage_6_22_acc_grad_0 module id: 0
[2m[36m(CompileWorker pid=1892571)[0m compiled for stage:194 name: stage_6_23_acc_grad_0 module id: 0
[2m[36m(CompileWorker pid=1892576)[0m compiled for stage:193 name: stage_6_22_acc_grad_1 module id: 1
[2m[36m(CompileWorker pid=1892571)[0m compiled for stage:194 name: stage_6_23_acc_grad_1 module id: 1
[2m[36m(CompileWorker pid=1892576)[0m compiled for stage:203 name: stage_7_7_acc_grad_0 module id: 0
[2m[36m(CompileWorker pid=1892576)[0m compiled for stage:203 name: stage_7_7_acc_grad_1 module id: 1
[2m[36m(CompileWorker pid=1892571)[0m compiled for stage:204 name: stage_7_8_acc_grad_0 module id: 0
[2m[36m(CompileWorker pid=1892571)[0m compiled for stage:204 name: stage_7_8_acc_grad_1 module id: 1
[2m[36m(CompileWorker pid=1892576)[0m compiled for stage:205 name: stage_7_9_acc_grad_0 module id: 0
[2m[36m(CompileWorker pid=1892576)[0m compiled for stage:205 name: stage_7_9_acc_grad_1 module id: 1
[2m[36m(CompileWorker pid=1892571)[0m compiled for stage:206 name: stage_7_10_acc_grad_0 module id: 0
[2m[36m(CompileWorker pid=1892571)[0m compiled for stage:206 name: stage_7_10_acc_grad_1 module id: 1
[2m[36m(CompileWorker pid=1892576)[0m compiled for stage:207 name: stage_7_11_acc_grad_0 module id: 0
[2m[36m(CompileWorker pid=1892576)[0m compiled for stage:207 name: stage_7_11_acc_grad_1 module id: 1
[2m[36m(CompileWorker pid=1892571)[0m compiled for stage:208 name: stage_7_12_acc_grad_0 module id: 0
[2m[36m(CompileWorker pid=1892571)[0m compiled for stage:208 name: stage_7_12_acc_grad_1 module id: 1
[2m[36m(CompileWorker pid=1892575)[0m compiled for stage:195 name: stage_6_24_acc_grad_0 module id: 0
[2m[36m(CompileWorker pid=1892576)[0m compiled for stage:209 name: stage_7_13_acc_grad_0 module id: 0
[2m[36m(CompileWorker pid=1892576)[0m compiled for stage:209 name: stage_7_13_acc_grad_1 module id: 1
[2m[36m(CompileWorker pid=1892575)[0m compiled for stage:195 name: stage_6_24_acc_grad_1 module id: 1
[2m[36m(CompileWorker pid=1892575)[0m  tensor (Large latency) dimensions: (1, 4096, 4096, 4096, 1, 1, 1, 1, 1, 1, 0, 0, 'CONV', 1, 1, 0, 0),  latency: 5.742201904761905
[2m[36m(CompileWorker pid=1892577)[0m compiled for stage:175 name: stage_5_30_acc_grad_0 module id: 0
[2m[36m(CompileWorker pid=1892577)[0m compiled for stage:175 name: stage_5_30_acc_grad_1 module id: 1
[2m[36m(CompileWorker pid=1892571)[0m compiled for stage:210 name: stage_7_14_acc_grad_0 module id: 0
[2m[36m(CompileWorker pid=1892571)[0m compiled for stage:210 name: stage_7_14_acc_grad_1 module id: 1
[2m[36m(CompileWorker pid=1892573)[0m compiled for stage:176 name: stage_5_31_acc_grad_0 module id: 0
[2m[36m(CompileWorker pid=1892573)[0m compiled for stage:176 name: stage_5_31_acc_grad_1 module id: 1
[2m[36m(CompileWorker pid=1892576)[0m compiled for stage:211 name: stage_7_15_acc_grad_0 module id: 0
[2m[36m(CompileWorker pid=1892576)[0m compiled for stage:211 name: stage_7_15_acc_grad_1 module id: 1
[2m[36m(CompileWorker pid=1892573)[0m  tensor (Large latency) dimensions: (1, 4096, 4000, 4000, 1, 1, 1, 1, 1, 1, 0, 0, 'CONV', 1, 1, 0, 0),  latency: 9.66095238095238
[2m[36m(CompileWorker pid=1892573)[0m  tensor (Large latency) dimensions: (1, 4096, 4096, 4096, 1, 1, 1, 1, 1, 1, 0, 0, 'CONV', 1, 1, 0, 0),  latency: 5.742201904761905
[2m[36m(CompileWorker pid=1892578)[0m compiled for stage:196 name: stage_6_25_acc_grad_0 module id: 0
[2m[36m(CompileWorker pid=1892578)[0m compiled for stage:196 name: stage_6_25_acc_grad_1 module id: 1
[2m[36m(CompileWorker pid=1892578)[0m  tensor (Large latency) dimensions: (1, 4096, 4096, 4096, 1, 1, 1, 1, 1, 1, 0, 0, 'CONV', 1, 1, 0, 0),  latency: 5.742201904761905
[2m[36m(CompileWorker pid=1892575)[0m compiled for stage:212 name: stage_7_16_acc_grad_0 module id: 0
[2m[36m(CompileWorker pid=1892575)[0m compiled for stage:212 name: stage_7_16_acc_grad_1 module id: 1
[2m[36m(CompileWorker pid=1892577)[0m compiled for stage:213 name: stage_7_17_acc_grad_0 module id: 0
[2m[36m(CompileWorker pid=1892577)[0m compiled for stage:213 name: stage_7_17_acc_grad_1 module id: 1
[2m[36m(CompileWorker pid=1892571)[0m compiled for stage:214 name: stage_7_18_acc_grad_0 module id: 0
[2m[36m(CompileWorker pid=1892571)[0m compiled for stage:214 name: stage_7_18_acc_grad_1 module id: 1
[2m[36m(CompileWorker pid=1892569)[0m compiled for stage:198 name: stage_6_27_acc_grad_0 module id: 0
[2m[36m(CompileWorker pid=1892569)[0m compiled for stage:198 name: stage_6_27_acc_grad_1 module id: 1
[2m[36m(CompileWorker pid=1892574)[0m compiled for stage:197 name: stage_6_26_acc_grad_0 module id: 0
[2m[36m(CompileWorker pid=1892574)[0m compiled for stage:197 name: stage_6_26_acc_grad_1 module id: 1
[2m[36m(CompileWorker pid=1892576)[0m compiled for stage:215 name: stage_7_19_acc_grad_0 module id: 0
[2m[36m(CompileWorker pid=1892576)[0m compiled for stage:215 name: stage_7_19_acc_grad_1 module id: 1
[2m[36m(CompileWorker pid=1892573)[0m compiled for stage:216 name: stage_7_20_acc_grad_0 module id: 0
[2m[36m(CompileWorker pid=1892573)[0m compiled for stage:216 name: stage_7_20_acc_grad_1 module id: 1
[2m[36m(CompileWorker pid=1892572)[0m compiled for stage:199 name: stage_6_28_acc_grad_0 module id: 0
[2m[36m(CompileWorker pid=1892572)[0m compiled for stage:199 name: stage_6_28_acc_grad_1 module id: 1
[2m[36m(CompileWorker pid=1892578)[0m compiled for stage:217 name: stage_7_21_acc_grad_0 module id: 0
[2m[36m(CompileWorker pid=1892578)[0m compiled for stage:217 name: stage_7_21_acc_grad_1 module id: 1
[2m[36m(CompileWorker pid=1892575)[0m compiled for stage:218 name: stage_7_22_acc_grad_0 module id: 0
[2m[36m(CompileWorker pid=1892575)[0m compiled for stage:218 name: stage_7_22_acc_grad_1 module id: 1
[2m[36m(CompileWorker pid=1892577)[0m compiled for stage:219 name: stage_7_23_acc_grad_0 module id: 0
[2m[36m(CompileWorker pid=1892577)[0m compiled for stage:219 name: stage_7_23_acc_grad_1 module id: 1
[2m[36m(CompileWorker pid=1892577)[0m compiled for stage:228 name: stage_8_8_acc_grad_0 module id: 0
[2m[36m(CompileWorker pid=1892577)[0m compiled for stage:228 name: stage_8_8_acc_grad_1 module id: 1
[2m[36m(CompileWorker pid=1892577)[0m compiled for stage:229 name: stage_8_9_acc_grad_0 module id: 0
[2m[36m(CompileWorker pid=1892577)[0m compiled for stage:229 name: stage_8_9_acc_grad_1 module id: 1
[2m[36m(CompileWorker pid=1892567)[0m compiled for stage:200 name: stage_6_29_acc_grad_0 module id: 0
[2m[36m(CompileWorker pid=1892567)[0m compiled for stage:200 name: stage_6_29_acc_grad_1 module id: 1
[2m[36m(CompileWorker pid=1892577)[0m compiled for stage:230 name: stage_8_10_acc_grad_0 module id: 0
[2m[36m(CompileWorker pid=1892577)[0m compiled for stage:230 name: stage_8_10_acc_grad_1 module id: 1
[2m[36m(CompileWorker pid=1892567)[0m compiled for stage:231 name: stage_8_11_acc_grad_0 module id: 0
[2m[36m(CompileWorker pid=1892567)[0m compiled for stage:231 name: stage_8_11_acc_grad_1 module id: 1
[2m[36m(CompileWorker pid=1892577)[0m compiled for stage:232 name: stage_8_12_acc_grad_0 module id: 0
[2m[36m(CompileWorker pid=1892577)[0m compiled for stage:232 name: stage_8_12_acc_grad_1 module id: 1
[2m[36m(CompileWorker pid=1892571)[0m compiled for stage:220 name: stage_7_24_acc_grad_0 module id: 0
[2m[36m(CompileWorker pid=1892570)[0m compiled for stage:201 name: stage_6_30_acc_grad_0 module id: 0
[2m[36m(CompileWorker pid=1892567)[0m compiled for stage:233 name: stage_8_13_acc_grad_0 module id: 0
[2m[36m(CompileWorker pid=1892567)[0m compiled for stage:233 name: stage_8_13_acc_grad_1 module id: 1
[2m[36m(CompileWorker pid=1892570)[0m compiled for stage:201 name: stage_6_30_acc_grad_1 module id: 1
[2m[36m(CompileWorker pid=1892571)[0m compiled for stage:220 name: stage_7_24_acc_grad_1 module id: 1
[2m[36m(CompileWorker pid=1892570)[0m  tensor (Large latency) dimensions: (1, 4096, 4096, 4096, 1, 1, 1, 1, 1, 1, 0, 0, 'CONV', 1, 1, 0, 0),  latency: 5.742201904761905
[2m[36m(CompileWorker pid=1892577)[0m compiled for stage:234 name: stage_8_14_acc_grad_0 module id: 0
[2m[36m(CompileWorker pid=1892577)[0m compiled for stage:234 name: stage_8_14_acc_grad_1 module id: 1
[2m[36m(CompileWorker pid=1892569)[0m compiled for stage:221 name: stage_7_25_acc_grad_0 module id: 0
[2m[36m(CompileWorker pid=1892569)[0m compiled for stage:221 name: stage_7_25_acc_grad_1 module id: 1
[2m[36m(CompileWorker pid=1892567)[0m compiled for stage:235 name: stage_8_15_acc_grad_0 module id: 0
[2m[36m(CompileWorker pid=1892567)[0m compiled for stage:235 name: stage_8_15_acc_grad_1 module id: 1
[2m[36m(CompileWorker pid=1892568)[0m compiled for stage:202 name: stage_6_31_acc_grad_0 module id: 0
[2m[36m(CompileWorker pid=1892568)[0m compiled for stage:202 name: stage_6_31_acc_grad_1 module id: 1
[2m[36m(CompileWorker pid=1892571)[0m compiled for stage:236 name: stage_8_16_acc_grad_0 module id: 0
[2m[36m(CompileWorker pid=1892571)[0m compiled for stage:236 name: stage_8_16_acc_grad_1 module id: 1
[2m[36m(CompileWorker pid=1892576)[0m compiled for stage:223 name: stage_7_27_acc_grad_0 module id: 0
[2m[36m(CompileWorker pid=1892576)[0m compiled for stage:223 name: stage_7_27_acc_grad_1 module id: 1
[2m[36m(CompileWorker pid=1892570)[0m compiled for stage:237 name: stage_8_17_acc_grad_0 module id: 0
[2m[36m(CompileWorker pid=1892570)[0m compiled for stage:237 name: stage_8_17_acc_grad_1 module id: 1
[2m[36m(CompileWorker pid=1892574)[0m compiled for stage:222 name: stage_7_26_acc_grad_0 module id: 0
[2m[36m(CompileWorker pid=1892574)[0m compiled for stage:222 name: stage_7_26_acc_grad_1 module id: 1
[2m[36m(CompileWorker pid=1892577)[0m compiled for stage:238 name: stage_8_18_acc_grad_0 module id: 0
[2m[36m(CompileWorker pid=1892577)[0m compiled for stage:238 name: stage_8_18_acc_grad_1 module id: 1
[2m[36m(CompileWorker pid=1892567)[0m compiled for stage:240 name: stage_8_20_acc_grad_0 module id: 0
[2m[36m(CompileWorker pid=1892567)[0m compiled for stage:240 name: stage_8_20_acc_grad_1 module id: 1
[2m[36m(CompileWorker pid=1892573)[0m compiled for stage:224 name: stage_7_28_acc_grad_0 module id: 0
[2m[36m(CompileWorker pid=1892573)[0m compiled for stage:224 name: stage_7_28_acc_grad_1 module id: 1
[2m[36m(CompileWorker pid=1892569)[0m compiled for stage:239 name: stage_8_19_acc_grad_0 module id: 0
[2m[36m(CompileWorker pid=1892569)[0m compiled for stage:239 name: stage_8_19_acc_grad_1 module id: 1
[2m[36m(CompileWorker pid=1892568)[0m compiled for stage:241 name: stage_8_21_acc_grad_0 module id: 0
[2m[36m(CompileWorker pid=1892568)[0m compiled for stage:241 name: stage_8_21_acc_grad_1 module id: 1
[2m[36m(CompileWorker pid=1892571)[0m compiled for stage:242 name: stage_8_22_acc_grad_0 module id: 0
[2m[36m(CompileWorker pid=1892571)[0m compiled for stage:242 name: stage_8_22_acc_grad_1 module id: 1
[2m[36m(CompileWorker pid=1892576)[0m compiled for stage:243 name: stage_8_23_acc_grad_0 module id: 0
[2m[36m(CompileWorker pid=1892576)[0m compiled for stage:243 name: stage_8_23_acc_grad_1 module id: 1
[2m[36m(CompileWorker pid=1892572)[0m compiled for stage:225 name: stage_7_29_acc_grad_0 module id: 0
[2m[36m(CompileWorker pid=1892576)[0m compiled for stage:252 name: stage_9_9_acc_grad_0 module id: 0
[2m[36m(CompileWorker pid=1892576)[0m compiled for stage:252 name: stage_9_9_acc_grad_1 module id: 1
[2m[36m(CompileWorker pid=1892572)[0m compiled for stage:225 name: stage_7_29_acc_grad_1 module id: 1
[2m[36m(CompileWorker pid=1892576)[0m compiled for stage:253 name: stage_9_10_acc_grad_0 module id: 0
[2m[36m(CompileWorker pid=1892576)[0m compiled for stage:253 name: stage_9_10_acc_grad_1 module id: 1
[2m[36m(CompileWorker pid=1892572)[0m compiled for stage:254 name: stage_9_11_acc_grad_0 module id: 0
[2m[36m(CompileWorker pid=1892572)[0m compiled for stage:254 name: stage_9_11_acc_grad_1 module id: 1
[2m[36m(CompileWorker pid=1892576)[0m compiled for stage:255 name: stage_9_12_acc_grad_0 module id: 0
[2m[36m(CompileWorker pid=1892576)[0m compiled for stage:255 name: stage_9_12_acc_grad_1 module id: 1
[2m[36m(CompileWorker pid=1892570)[0m compiled for stage:244 name: stage_8_24_acc_grad_0 module id: 0
[2m[36m(CompileWorker pid=1892574)[0m compiled for stage:245 name: stage_8_25_acc_grad_0 module id: 0
[2m[36m(CompileWorker pid=1892570)[0m compiled for stage:244 name: stage_8_24_acc_grad_1 module id: 1
[2m[36m(CompileWorker pid=1892574)[0m compiled for stage:245 name: stage_8_25_acc_grad_1 module id: 1
[2m[36m(CompileWorker pid=1892572)[0m compiled for stage:256 name: stage_9_13_acc_grad_0 module id: 0
[2m[36m(CompileWorker pid=1892572)[0m compiled for stage:256 name: stage_9_13_acc_grad_1 module id: 1
[2m[36m(CompileWorker pid=1892576)[0m compiled for stage:257 name: stage_9_14_acc_grad_0 module id: 0
[2m[36m(CompileWorker pid=1892576)[0m compiled for stage:257 name: stage_9_14_acc_grad_1 module id: 1
[2m[36m(CompileWorker pid=1892570)[0m compiled for stage:258 name: stage_9_15_acc_grad_0 module id: 0
[2m[36m(CompileWorker pid=1892570)[0m compiled for stage:258 name: stage_9_15_acc_grad_1 module id: 1
[2m[36m(CompileWorker pid=1892574)[0m compiled for stage:259 name: stage_9_16_acc_grad_0 module id: 0
[2m[36m(CompileWorker pid=1892574)[0m compiled for stage:259 name: stage_9_16_acc_grad_1 module id: 1
[2m[36m(CompileWorker pid=1892572)[0m compiled for stage:260 name: stage_9_17_acc_grad_0 module id: 0
[2m[36m(CompileWorker pid=1892572)[0m compiled for stage:260 name: stage_9_17_acc_grad_1 module id: 1
[2m[36m(CompileWorker pid=1892578)[0m compiled for stage:226 name: stage_7_30_acc_grad_0 module id: 0
[2m[36m(CompileWorker pid=1892578)[0m compiled for stage:226 name: stage_7_30_acc_grad_1 module id: 1
[2m[36m(CompileWorker pid=1892577)[0m compiled for stage:246 name: stage_8_26_acc_grad_0 module id: 0
[2m[36m(CompileWorker pid=1892577)[0m compiled for stage:246 name: stage_8_26_acc_grad_1 module id: 1
[2m[36m(CompileWorker pid=1892575)[0m compiled for stage:227 name: stage_7_31_acc_grad_0 module id: 0
[2m[36m(CompileWorker pid=1892575)[0m compiled for stage:227 name: stage_7_31_acc_grad_1 module id: 1
[2m[36m(CompileWorker pid=1892576)[0m compiled for stage:261 name: stage_9_18_acc_grad_0 module id: 0
[2m[36m(CompileWorker pid=1892576)[0m compiled for stage:261 name: stage_9_18_acc_grad_1 module id: 1
[2m[36m(CompileWorker pid=1892570)[0m compiled for stage:262 name: stage_9_19_acc_grad_0 module id: 0
[2m[36m(CompileWorker pid=1892570)[0m compiled for stage:262 name: stage_9_19_acc_grad_1 module id: 1
[2m[36m(CompileWorker pid=1892573)[0m compiled for stage:248 name: stage_8_28_acc_grad_0 module id: 0
[2m[36m(CompileWorker pid=1892573)[0m compiled for stage:248 name: stage_8_28_acc_grad_1 module id: 1
[2m[36m(CompileWorker pid=1892567)[0m compiled for stage:247 name: stage_8_27_acc_grad_0 module id: 0
[2m[36m(CompileWorker pid=1892567)[0m compiled for stage:247 name: stage_8_27_acc_grad_1 module id: 1
[2m[36m(CompileWorker pid=1892574)[0m compiled for stage:263 name: stage_9_20_acc_grad_0 module id: 0
[2m[36m(CompileWorker pid=1892574)[0m compiled for stage:263 name: stage_9_20_acc_grad_1 module id: 1
[2m[36m(CompileWorker pid=1892572)[0m compiled for stage:264 name: stage_9_21_acc_grad_0 module id: 0
[2m[36m(CompileWorker pid=1892572)[0m compiled for stage:264 name: stage_9_21_acc_grad_1 module id: 1
[2m[36m(CompileWorker pid=1892578)[0m compiled for stage:265 name: stage_9_22_acc_grad_0 module id: 0
[2m[36m(CompileWorker pid=1892578)[0m compiled for stage:265 name: stage_9_22_acc_grad_1 module id: 1
[2m[36m(CompileWorker pid=1892577)[0m compiled for stage:266 name: stage_9_23_acc_grad_0 module id: 0
[2m[36m(CompileWorker pid=1892577)[0m compiled for stage:266 name: stage_9_23_acc_grad_1 module id: 1
[2m[36m(CompileWorker pid=1892577)[0m compiled for stage:275 name: stage_10_10_acc_grad_0 module id: 0
[2m[36m(CompileWorker pid=1892577)[0m compiled for stage:275 name: stage_10_10_acc_grad_1 module id: 1
[2m[36m(CompileWorker pid=1892577)[0m compiled for stage:276 name: stage_10_11_acc_grad_0 module id: 0
[2m[36m(CompileWorker pid=1892577)[0m compiled for stage:276 name: stage_10_11_acc_grad_1 module id: 1
[2m[36m(CompileWorker pid=1892577)[0m compiled for stage:277 name: stage_10_12_acc_grad_0 module id: 0
[2m[36m(CompileWorker pid=1892577)[0m compiled for stage:277 name: stage_10_12_acc_grad_1 module id: 1
[2m[36m(CompileWorker pid=1892575)[0m compiled for stage:267 name: stage_9_24_acc_grad_0 module id: 0
[2m[36m(CompileWorker pid=1892575)[0m compiled for stage:267 name: stage_9_24_acc_grad_1 module id: 1
[2m[36m(CompileWorker pid=1892577)[0m compiled for stage:278 name: stage_10_13_acc_grad_0 module id: 0
[2m[36m(CompileWorker pid=1892577)[0m compiled for stage:278 name: stage_10_13_acc_grad_1 module id: 1
[2m[36m(CompileWorker pid=1892568)[0m compiled for stage:250 name: stage_8_30_acc_grad_0 module id: 0
[2m[36m(CompileWorker pid=1892575)[0m compiled for stage:279 name: stage_10_14_acc_grad_0 module id: 0
[2m[36m(CompileWorker pid=1892568)[0m compiled for stage:250 name: stage_8_30_acc_grad_1 module id: 1
[2m[36m(CompileWorker pid=1892575)[0m compiled for stage:279 name: stage_10_14_acc_grad_1 module id: 1
[2m[36m(CompileWorker pid=1892569)[0m compiled for stage:249 name: stage_8_29_acc_grad_0 module id: 0
[2m[36m(CompileWorker pid=1892569)[0m compiled for stage:249 name: stage_8_29_acc_grad_1 module id: 1
[2m[36m(CompileWorker pid=1892576)[0m compiled for stage:268 name: stage_9_25_acc_grad_0 module id: 0
[2m[36m(CompileWorker pid=1892576)[0m compiled for stage:268 name: stage_9_25_acc_grad_1 module id: 1
[2m[36m(CompileWorker pid=1892577)[0m compiled for stage:280 name: stage_10_15_acc_grad_0 module id: 0
[2m[36m(CompileWorker pid=1892577)[0m compiled for stage:280 name: stage_10_15_acc_grad_1 module id: 1
[2m[36m(CompileWorker pid=1892568)[0m  tensor (Large latency) dimensions: (1, 4096, 4096, 4096, 1, 1, 1, 1, 1, 1, 0, 0, 'CONV', 1, 1, 0, 0),  latency: 5.742201904761905
[2m[36m(CompileWorker pid=1892575)[0m compiled for stage:281 name: stage_10_16_acc_grad_0 module id: 0
[2m[36m(CompileWorker pid=1892575)[0m compiled for stage:281 name: stage_10_16_acc_grad_1 module id: 1
[2m[36m(CompileWorker pid=1892571)[0m compiled for stage:251 name: stage_8_31_acc_grad_0 module id: 0
[2m[36m(CompileWorker pid=1892571)[0m compiled for stage:251 name: stage_8_31_acc_grad_1 module id: 1
[2m[36m(CompileWorker pid=1892569)[0m compiled for stage:282 name: stage_10_17_acc_grad_0 module id: 0
[2m[36m(CompileWorker pid=1892569)[0m compiled for stage:282 name: stage_10_17_acc_grad_1 module id: 1
[2m[36m(CompileWorker pid=1892576)[0m compiled for stage:283 name: stage_10_18_acc_grad_0 module id: 0
[2m[36m(CompileWorker pid=1892576)[0m compiled for stage:283 name: stage_10_18_acc_grad_1 module id: 1
[2m[36m(CompileWorker pid=1892570)[0m compiled for stage:269 name: stage_9_26_acc_grad_0 module id: 0
[2m[36m(CompileWorker pid=1892570)[0m compiled for stage:269 name: stage_9_26_acc_grad_1 module id: 1
[2m[36m(CompileWorker pid=1892577)[0m compiled for stage:284 name: stage_10_19_acc_grad_0 module id: 0
[2m[36m(CompileWorker pid=1892577)[0m compiled for stage:284 name: stage_10_19_acc_grad_1 module id: 1
[2m[36m(CompileWorker pid=1892573)[0m compiled for stage:270 name: stage_9_27_acc_grad_0 module id: 0
[2m[36m(CompileWorker pid=1892573)[0m compiled for stage:270 name: stage_9_27_acc_grad_1 module id: 1
[2m[36m(CompileWorker pid=1892568)[0m compiled for stage:285 name: stage_10_20_acc_grad_0 module id: 0
[2m[36m(CompileWorker pid=1892568)[0m compiled for stage:285 name: stage_10_20_acc_grad_1 module id: 1
[2m[36m(CompileWorker pid=1892575)[0m compiled for stage:286 name: stage_10_21_acc_grad_0 module id: 0
[2m[36m(CompileWorker pid=1892575)[0m compiled for stage:286 name: stage_10_21_acc_grad_1 module id: 1
[2m[36m(CompileWorker pid=1892571)[0m compiled for stage:287 name: stage_10_22_acc_grad_0 module id: 0
[2m[36m(CompileWorker pid=1892571)[0m compiled for stage:287 name: stage_10_22_acc_grad_1 module id: 1
[2m[36m(CompileWorker pid=1892567)[0m compiled for stage:271 name: stage_9_28_acc_grad_0 module id: 0
[2m[36m(CompileWorker pid=1892567)[0m compiled for stage:271 name: stage_9_28_acc_grad_1 module id: 1
[2m[36m(CompileWorker pid=1892569)[0m compiled for stage:288 name: stage_10_23_acc_grad_0 module id: 0
[2m[36m(CompileWorker pid=1892569)[0m compiled for stage:288 name: stage_10_23_acc_grad_1 module id: 1
[2m[36m(CompileWorker pid=1892569)[0m compiled for stage:297 name: stage_11_11_acc_grad_0 module id: 0
[2m[36m(CompileWorker pid=1892569)[0m compiled for stage:297 name: stage_11_11_acc_grad_1 module id: 1
[2m[36m(CompileWorker pid=1892569)[0m compiled for stage:298 name: stage_11_12_acc_grad_0 module id: 0
[2m[36m(CompileWorker pid=1892569)[0m compiled for stage:298 name: stage_11_12_acc_grad_1 module id: 1
[2m[36m(CompileWorker pid=1892576)[0m compiled for stage:289 name: stage_10_24_acc_grad_0 module id: 0
[2m[36m(CompileWorker pid=1892576)[0m compiled for stage:289 name: stage_10_24_acc_grad_1 module id: 1
[2m[36m(CompileWorker pid=1892574)[0m compiled for stage:272 name: stage_9_29_acc_grad_0 module id: 0
[2m[36m(CompileWorker pid=1892569)[0m compiled for stage:299 name: stage_11_13_acc_grad_0 module id: 0
[2m[36m(CompileWorker pid=1892574)[0m compiled for stage:272 name: stage_9_29_acc_grad_1 module id: 1
[2m[36m(CompileWorker pid=1892569)[0m compiled for stage:299 name: stage_11_13_acc_grad_1 module id: 1
[2m[36m(CompileWorker pid=1892576)[0m compiled for stage:300 name: stage_11_14_acc_grad_0 module id: 0
[2m[36m(CompileWorker pid=1892576)[0m compiled for stage:300 name: stage_11_14_acc_grad_1 module id: 1
[2m[36m(CompileWorker pid=1892569)[0m compiled for stage:301 name: stage_11_15_acc_grad_0 module id: 0
[2m[36m(CompileWorker pid=1892569)[0m compiled for stage:301 name: stage_11_15_acc_grad_1 module id: 1
[2m[36m(CompileWorker pid=1892574)[0m compiled for stage:302 name: stage_11_16_acc_grad_0 module id: 0
[2m[36m(CompileWorker pid=1892574)[0m compiled for stage:302 name: stage_11_16_acc_grad_1 module id: 1
[2m[36m(CompileWorker pid=1892578)[0m compiled for stage:274 name: stage_9_31_acc_grad_0 module id: 0
[2m[36m(CompileWorker pid=1892578)[0m compiled for stage:274 name: stage_9_31_acc_grad_1 module id: 1
[2m[36m(CompileWorker pid=1892577)[0m compiled for stage:290 name: stage_10_25_acc_grad_0 module id: 0
[2m[36m(CompileWorker pid=1892577)[0m compiled for stage:290 name: stage_10_25_acc_grad_1 module id: 1
[2m[36m(CompileWorker pid=1892576)[0m compiled for stage:303 name: stage_11_17_acc_grad_0 module id: 0
[2m[36m(CompileWorker pid=1892576)[0m compiled for stage:303 name: stage_11_17_acc_grad_1 module id: 1
[2m[36m(CompileWorker pid=1892572)[0m compiled for stage:273 name: stage_9_30_acc_grad_0 module id: 0
[2m[36m(CompileWorker pid=1892578)[0m  tensor (Large latency) dimensions: (1, 512, 32000, 32000, 1, 1, 1, 1, 1, 1, 0, 0, 'CONV', 1, 1, 0, 0),  latency: 54.97904761904762
[2m[36m(CompileWorker pid=1892572)[0m compiled for stage:273 name: stage_9_30_acc_grad_1 module id: 1
[2m[36m(CompileWorker pid=1892570)[0m compiled for stage:291 name: stage_10_26_acc_grad_0 module id: 0
[2m[36m(CompileWorker pid=1892578)[0m  tensor (Large latency) dimensions: (1, 4096, 4096, 4096, 1, 1, 1, 1, 1, 1, 0, 0, 'CONV', 1, 1, 0, 0),  latency: 5.742201904761905
[2m[36m(CompileWorker pid=1892570)[0m compiled for stage:291 name: stage_10_26_acc_grad_1 module id: 1
[2m[36m(CompileWorker pid=1892569)[0m compiled for stage:304 name: stage_11_18_acc_grad_0 module id: 0
[2m[36m(CompileWorker pid=1892569)[0m compiled for stage:304 name: stage_11_18_acc_grad_1 module id: 1
[2m[36m(CompileWorker pid=1892574)[0m compiled for stage:305 name: stage_11_19_acc_grad_0 module id: 0
[2m[36m(CompileWorker pid=1892574)[0m compiled for stage:305 name: stage_11_19_acc_grad_1 module id: 1
[2m[36m(CompileWorker pid=1892577)[0m compiled for stage:306 name: stage_11_20_acc_grad_0 module id: 0
[2m[36m(CompileWorker pid=1892577)[0m compiled for stage:306 name: stage_11_20_acc_grad_1 module id: 1
[2m[36m(CompileWorker pid=1892576)[0m compiled for stage:307 name: stage_11_21_acc_grad_0 module id: 0
[2m[36m(CompileWorker pid=1892576)[0m compiled for stage:307 name: stage_11_21_acc_grad_1 module id: 1
[2m[36m(CompileWorker pid=1892573)[0m compiled for stage:292 name: stage_10_27_acc_grad_0 module id: 0
[2m[36m(CompileWorker pid=1892573)[0m compiled for stage:292 name: stage_10_27_acc_grad_1 module id: 1
[2m[36m(CompileWorker pid=1892572)[0m compiled for stage:308 name: stage_11_22_acc_grad_0 module id: 0
[2m[36m(CompileWorker pid=1892572)[0m compiled for stage:308 name: stage_11_22_acc_grad_1 module id: 1
[2m[36m(CompileWorker pid=1892578)[0m compiled for stage:309 name: stage_11_23_acc_grad_0 module id: 0
[2m[36m(CompileWorker pid=1892578)[0m compiled for stage:309 name: stage_11_23_acc_grad_1 module id: 1
[2m[36m(CompileWorker pid=1892568)[0m compiled for stage:293 name: stage_10_28_acc_grad_0 module id: 0
[2m[36m(CompileWorker pid=1892568)[0m compiled for stage:293 name: stage_10_28_acc_grad_1 module id: 1
[2m[36m(CompileWorker pid=1892570)[0m compiled for stage:310 name: stage_11_24_acc_grad_0 module id: 0
[2m[36m(CompileWorker pid=1892570)[0m compiled for stage:310 name: stage_11_24_acc_grad_1 module id: 1
[2m[36m(CompileWorker pid=1892569)[0m compiled for stage:311 name: stage_11_25_acc_grad_0 module id: 0
[2m[36m(CompileWorker pid=1892568)[0m compiled for stage:318 name: stage_12_12_acc_grad_0 module id: 0
[2m[36m(CompileWorker pid=1892568)[0m compiled for stage:318 name: stage_12_12_acc_grad_1 module id: 1
[2m[36m(CompileWorker pid=1892569)[0m compiled for stage:311 name: stage_11_25_acc_grad_1 module id: 1
[2m[36m(CompileWorker pid=1892570)[0m compiled for stage:319 name: stage_12_13_acc_grad_0 module id: 0
[2m[36m(CompileWorker pid=1892570)[0m compiled for stage:319 name: stage_12_13_acc_grad_1 module id: 1
[2m[36m(CompileWorker pid=1892568)[0m compiled for stage:320 name: stage_12_14_acc_grad_0 module id: 0
[2m[36m(CompileWorker pid=1892568)[0m compiled for stage:320 name: stage_12_14_acc_grad_1 module id: 1
[2m[36m(CompileWorker pid=1892575)[0m compiled for stage:294 name: stage_10_29_acc_grad_0 module id: 0
[2m[36m(CompileWorker pid=1892569)[0m compiled for stage:321 name: stage_12_15_acc_grad_0 module id: 0
[2m[36m(CompileWorker pid=1892575)[0m compiled for stage:294 name: stage_10_29_acc_grad_1 module id: 1
[2m[36m(CompileWorker pid=1892569)[0m compiled for stage:321 name: stage_12_15_acc_grad_1 module id: 1
[2m[36m(CompileWorker pid=1892570)[0m compiled for stage:322 name: stage_12_16_acc_grad_0 module id: 0
[2m[36m(CompileWorker pid=1892570)[0m compiled for stage:322 name: stage_12_16_acc_grad_1 module id: 1
[2m[36m(CompileWorker pid=1892574)[0m compiled for stage:312 name: stage_11_26_acc_grad_0 module id: 0
[2m[36m(CompileWorker pid=1892574)[0m compiled for stage:312 name: stage_11_26_acc_grad_1 module id: 1
[2m[36m(CompileWorker pid=1892571)[0m compiled for stage:295 name: stage_10_30_acc_grad_0 module id: 0
[2m[36m(CompileWorker pid=1892571)[0m compiled for stage:295 name: stage_10_30_acc_grad_1 module id: 1
[2m[36m(CompileWorker pid=1892568)[0m compiled for stage:323 name: stage_12_17_acc_grad_0 module id: 0
[2m[36m(CompileWorker pid=1892568)[0m compiled for stage:323 name: stage_12_17_acc_grad_1 module id: 1
[2m[36m(CompileWorker pid=1892569)[0m compiled for stage:324 name: stage_12_18_acc_grad_0 module id: 0
[2m[36m(CompileWorker pid=1892569)[0m compiled for stage:324 name: stage_12_18_acc_grad_1 module id: 1
[2m[36m(CompileWorker pid=1892575)[0m compiled for stage:325 name: stage_12_19_acc_grad_0 module id: 0
[2m[36m(CompileWorker pid=1892575)[0m compiled for stage:325 name: stage_12_19_acc_grad_1 module id: 1
[2m[36m(CompileWorker pid=1892570)[0m compiled for stage:326 name: stage_12_20_acc_grad_0 module id: 0
[2m[36m(CompileWorker pid=1892570)[0m compiled for stage:326 name: stage_12_20_acc_grad_1 module id: 1
[2m[36m(CompileWorker pid=1892567)[0m compiled for stage:296 name: stage_10_31_acc_grad_0 module id: 0
[2m[36m(CompileWorker pid=1892567)[0m compiled for stage:296 name: stage_10_31_acc_grad_1 module id: 1
[2m[36m(CompileWorker pid=1892577)[0m compiled for stage:313 name: stage_11_27_acc_grad_0 module id: 0
[2m[36m(CompileWorker pid=1892577)[0m compiled for stage:313 name: stage_11_27_acc_grad_1 module id: 1
[2m[36m(CompileWorker pid=1892574)[0m compiled for stage:327 name: stage_12_21_acc_grad_0 module id: 0
[2m[36m(CompileWorker pid=1892574)[0m compiled for stage:327 name: stage_12_21_acc_grad_1 module id: 1
[2m[36m(CompileWorker pid=1892567)[0m  tensor (Large latency) dimensions: (1, 512, 32000, 32000, 1, 1, 1, 1, 1, 1, 0, 0, 'CONV', 1, 1, 0, 0),  latency: 54.97904761904762
[2m[36m(CompileWorker pid=1892571)[0m compiled for stage:328 name: stage_12_22_acc_grad_0 module id: 0
[2m[36m(CompileWorker pid=1892571)[0m compiled for stage:328 name: stage_12_22_acc_grad_1 module id: 1
[2m[36m(CompileWorker pid=1892567)[0m  tensor (Large latency) dimensions: (1, 4096, 4096, 4096, 1, 1, 1, 1, 1, 1, 0, 0, 'CONV', 1, 1, 0, 0),  latency: 5.742201904761905
[2m[36m(CompileWorker pid=1892568)[0m compiled for stage:329 name: stage_12_23_acc_grad_0 module id: 0
[2m[36m(CompileWorker pid=1892568)[0m compiled for stage:329 name: stage_12_23_acc_grad_1 module id: 1
[2m[36m(CompileWorker pid=1892576)[0m compiled for stage:314 name: stage_11_28_acc_grad_0 module id: 0
[2m[36m(CompileWorker pid=1892576)[0m compiled for stage:314 name: stage_11_28_acc_grad_1 module id: 1
[2m[36m(CompileWorker pid=1892576)[0m compiled for stage:338 name: stage_13_13_acc_grad_0 module id: 0
[2m[36m(CompileWorker pid=1892576)[0m compiled for stage:338 name: stage_13_13_acc_grad_1 module id: 1
[2m[36m(CompileWorker pid=1892569)[0m compiled for stage:330 name: stage_12_24_acc_grad_0 module id: 0
[2m[36m(CompileWorker pid=1892569)[0m compiled for stage:330 name: stage_12_24_acc_grad_1 module id: 1
[2m[36m(CompileWorker pid=1892576)[0m compiled for stage:339 name: stage_13_14_acc_grad_0 module id: 0
[2m[36m(CompileWorker pid=1892576)[0m compiled for stage:339 name: stage_13_14_acc_grad_1 module id: 1
[2m[36m(CompileWorker pid=1892569)[0m compiled for stage:340 name: stage_13_15_acc_grad_0 module id: 0
[2m[36m(CompileWorker pid=1892569)[0m compiled for stage:340 name: stage_13_15_acc_grad_1 module id: 1
[2m[36m(CompileWorker pid=1892576)[0m compiled for stage:341 name: stage_13_16_acc_grad_0 module id: 0
[2m[36m(CompileWorker pid=1892576)[0m compiled for stage:341 name: stage_13_16_acc_grad_1 module id: 1
[2m[36m(CompileWorker pid=1892575)[0m compiled for stage:331 name: stage_12_25_acc_grad_0 module id: 0
[2m[36m(CompileWorker pid=1892575)[0m compiled for stage:331 name: stage_12_25_acc_grad_1 module id: 1
[2m[36m(CompileWorker pid=1892569)[0m compiled for stage:342 name: stage_13_17_acc_grad_0 module id: 0
[2m[36m(CompileWorker pid=1892569)[0m compiled for stage:342 name: stage_13_17_acc_grad_1 module id: 1
[2m[36m(CompileWorker pid=1892570)[0m compiled for stage:332 name: stage_12_26_acc_grad_0 module id: 0
[2m[36m(CompileWorker pid=1892570)[0m compiled for stage:332 name: stage_12_26_acc_grad_1 module id: 1
[2m[36m(CompileWorker pid=1892573)[0m compiled for stage:315 name: stage_11_29_acc_grad_0 module id: 0
[2m[36m(CompileWorker pid=1892578)[0m compiled for stage:317 name: stage_11_31_acc_grad_0 module id: 0
[2m[36m(CompileWorker pid=1892576)[0m compiled for stage:343 name: stage_13_18_acc_grad_0 module id: 0
[2m[36m(CompileWorker pid=1892576)[0m compiled for stage:343 name: stage_13_18_acc_grad_1 module id: 1
[2m[36m(CompileWorker pid=1892573)[0m compiled for stage:315 name: stage_11_29_acc_grad_1 module id: 1
[2m[36m(CompileWorker pid=1892578)[0m compiled for stage:317 name: stage_11_31_acc_grad_1 module id: 1
[2m[36m(CompileWorker pid=1892575)[0m compiled for stage:344 name: stage_13_19_acc_grad_0 module id: 0
[2m[36m(CompileWorker pid=1892575)[0m compiled for stage:344 name: stage_13_19_acc_grad_1 module id: 1
[2m[36m(CompileWorker pid=1892577)[0m compiled for stage:333 name: stage_12_27_acc_grad_0 module id: 0
[2m[36m(CompileWorker pid=1892577)[0m compiled for stage:333 name: stage_12_27_acc_grad_1 module id: 1
[2m[36m(CompileWorker pid=1892569)[0m compiled for stage:345 name: stage_13_20_acc_grad_0 module id: 0
[2m[36m(CompileWorker pid=1892569)[0m compiled for stage:345 name: stage_13_20_acc_grad_1 module id: 1
[2m[36m(CompileWorker pid=1892570)[0m compiled for stage:346 name: stage_13_21_acc_grad_0 module id: 0
[2m[36m(CompileWorker pid=1892570)[0m compiled for stage:346 name: stage_13_21_acc_grad_1 module id: 1
[2m[36m(CompileWorker pid=1892574)[0m compiled for stage:334 name: stage_12_28_acc_grad_0 module id: 0
[2m[36m(CompileWorker pid=1892574)[0m compiled for stage:334 name: stage_12_28_acc_grad_1 module id: 1
[2m[36m(CompileWorker pid=1892573)[0m compiled for stage:348 name: stage_13_23_acc_grad_0 module id: 0
[2m[36m(CompileWorker pid=1892573)[0m compiled for stage:348 name: stage_13_23_acc_grad_1 module id: 1
[2m[36m(CompileWorker pid=1892576)[0m compiled for stage:347 name: stage_13_22_acc_grad_0 module id: 0
[2m[36m(CompileWorker pid=1892576)[0m compiled for stage:347 name: stage_13_22_acc_grad_1 module id: 1
[2m[36m(CompileWorker pid=1892578)[0m compiled for stage:349 name: stage_13_24_acc_grad_0 module id: 0
[2m[36m(CompileWorker pid=1892578)[0m compiled for stage:349 name: stage_13_24_acc_grad_1 module id: 1
[2m[36m(CompileWorker pid=1892578)[0m compiled for stage:357 name: stage_14_14_acc_grad_0 module id: 0
[2m[36m(CompileWorker pid=1892578)[0m compiled for stage:357 name: stage_14_14_acc_grad_1 module id: 1
[2m[36m(CompileWorker pid=1892578)[0m compiled for stage:358 name: stage_14_15_acc_grad_0 module id: 0
[2m[36m(CompileWorker pid=1892578)[0m compiled for stage:358 name: stage_14_15_acc_grad_1 module id: 1
[2m[36m(CompileWorker pid=1892575)[0m compiled for stage:350 name: stage_13_25_acc_grad_0 module id: 0
[2m[36m(CompileWorker pid=1892575)[0m compiled for stage:350 name: stage_13_25_acc_grad_1 module id: 1
[2m[36m(CompileWorker pid=1892578)[0m compiled for stage:359 name: stage_14_16_acc_grad_0 module id: 0
[2m[36m(CompileWorker pid=1892578)[0m compiled for stage:359 name: stage_14_16_acc_grad_1 module id: 1
[2m[36m(CompileWorker pid=1892571)[0m compiled for stage:335 name: stage_12_29_acc_grad_0 module id: 0
[2m[36m(CompileWorker pid=1892571)[0m compiled for stage:335 name: stage_12_29_acc_grad_1 module id: 1
[2m[36m(CompileWorker pid=1892578)[0m compiled for stage:360 name: stage_14_17_acc_grad_0 module id: 0
[2m[36m(CompileWorker pid=1892578)[0m compiled for stage:360 name: stage_14_17_acc_grad_1 module id: 1
[2m[36m(CompileWorker pid=1892572)[0m compiled for stage:316 name: stage_11_30_acc_grad_0 module id: 0
[2m[36m(CompileWorker pid=1892569)[0m compiled for stage:352 name: stage_13_27_acc_grad_0 module id: 0
[2m[36m(CompileWorker pid=1892569)[0m compiled for stage:352 name: stage_13_27_acc_grad_1 module id: 1
[2m[36m(CompileWorker pid=1892572)[0m compiled for stage:316 name: stage_11_30_acc_grad_1 module id: 1
[2m[36m(CompileWorker pid=1892577)[0m compiled for stage:351 name: stage_13_26_acc_grad_0 module id: 0
[2m[36m(CompileWorker pid=1892577)[0m compiled for stage:351 name: stage_13_26_acc_grad_1 module id: 1
[2m[36m(CompileWorker pid=1892575)[0m compiled for stage:361 name: stage_14_18_acc_grad_0 module id: 0
[2m[36m(CompileWorker pid=1892575)[0m compiled for stage:361 name: stage_14_18_acc_grad_1 module id: 1
[2m[36m(CompileWorker pid=1892567)[0m compiled for stage:336 name: stage_12_30_acc_grad_0 module id: 0
[2m[36m(CompileWorker pid=1892567)[0m compiled for stage:336 name: stage_12_30_acc_grad_1 module id: 1
[2m[36m(CompileWorker pid=1892571)[0m compiled for stage:362 name: stage_14_19_acc_grad_0 module id: 0
[2m[36m(CompileWorker pid=1892571)[0m compiled for stage:362 name: stage_14_19_acc_grad_1 module id: 1
[2m[36m(CompileWorker pid=1892570)[0m compiled for stage:353 name: stage_13_28_acc_grad_0 module id: 0
[2m[36m(CompileWorker pid=1892578)[0m compiled for stage:363 name: stage_14_20_acc_grad_0 module id: 0
[2m[36m(CompileWorker pid=1892570)[0m compiled for stage:353 name: stage_13_28_acc_grad_1 module id: 1
[2m[36m(CompileWorker pid=1892578)[0m compiled for stage:363 name: stage_14_20_acc_grad_1 module id: 1
[2m[36m(CompileWorker pid=1892569)[0m compiled for stage:364 name: stage_14_21_acc_grad_0 module id: 0
[2m[36m(CompileWorker pid=1892569)[0m compiled for stage:364 name: stage_14_21_acc_grad_1 module id: 1
[2m[36m(CompileWorker pid=1892568)[0m compiled for stage:337 name: stage_12_31_acc_grad_0 module id: 0
[2m[36m(CompileWorker pid=1892568)[0m compiled for stage:337 name: stage_12_31_acc_grad_1 module id: 1
[2m[36m(CompileWorker pid=1892572)[0m compiled for stage:365 name: stage_14_22_acc_grad_0 module id: 0
[2m[36m(CompileWorker pid=1892572)[0m compiled for stage:365 name: stage_14_22_acc_grad_1 module id: 1
[2m[36m(CompileWorker pid=1892575)[0m compiled for stage:367 name: stage_14_24_acc_grad_0 module id: 0
[2m[36m(CompileWorker pid=1892575)[0m compiled for stage:367 name: stage_14_24_acc_grad_1 module id: 1
[2m[36m(CompileWorker pid=1892575)[0m compiled for stage:375 name: stage_15_15_acc_grad_0 module id: 0
[2m[36m(CompileWorker pid=1892575)[0m compiled for stage:375 name: stage_15_15_acc_grad_1 module id: 1
[2m[36m(CompileWorker pid=1892577)[0m compiled for stage:366 name: stage_14_23_acc_grad_0 module id: 0
[2m[36m(CompileWorker pid=1892577)[0m compiled for stage:366 name: stage_14_23_acc_grad_1 module id: 1
[2m[36m(CompileWorker pid=1892575)[0m compiled for stage:376 name: stage_15_16_acc_grad_0 module id: 0
[2m[36m(CompileWorker pid=1892575)[0m compiled for stage:376 name: stage_15_16_acc_grad_1 module id: 1
[2m[36m(CompileWorker pid=1892577)[0m compiled for stage:377 name: stage_15_17_acc_grad_0 module id: 0
[2m[36m(CompileWorker pid=1892577)[0m compiled for stage:377 name: stage_15_17_acc_grad_1 module id: 1
[2m[36m(CompileWorker pid=1892574)[0m compiled for stage:354 name: stage_13_29_acc_grad_0 module id: 0
[2m[36m(CompileWorker pid=1892574)[0m compiled for stage:354 name: stage_13_29_acc_grad_1 module id: 1
[2m[36m(CompileWorker pid=1892575)[0m compiled for stage:378 name: stage_15_18_acc_grad_0 module id: 0
[2m[36m(CompileWorker pid=1892575)[0m compiled for stage:378 name: stage_15_18_acc_grad_1 module id: 1
[2m[36m(CompileWorker pid=1892577)[0m compiled for stage:379 name: stage_15_19_acc_grad_0 module id: 0
[2m[36m(CompileWorker pid=1892577)[0m compiled for stage:379 name: stage_15_19_acc_grad_1 module id: 1
[2m[36m(CompileWorker pid=1892567)[0m compiled for stage:368 name: stage_14_25_acc_grad_0 module id: 0
[2m[36m(CompileWorker pid=1892567)[0m compiled for stage:368 name: stage_14_25_acc_grad_1 module id: 1
[2m[36m(CompileWorker pid=1892576)[0m compiled for stage:356 name: stage_13_31_acc_grad_0 module id: 0
[2m[36m(CompileWorker pid=1892578)[0m compiled for stage:370 name: stage_14_27_acc_grad_0 module id: 0
[2m[36m(CompileWorker pid=1892576)[0m compiled for stage:356 name: stage_13_31_acc_grad_1 module id: 1
[2m[36m(CompileWorker pid=1892578)[0m compiled for stage:370 name: stage_14_27_acc_grad_1 module id: 1
[2m[36m(CompileWorker pid=1892571)[0m compiled for stage:369 name: stage_14_26_acc_grad_0 module id: 0
[2m[36m(CompileWorker pid=1892571)[0m compiled for stage:369 name: stage_14_26_acc_grad_1 module id: 1
[2m[36m(CompileWorker pid=1892575)[0m compiled for stage:380 name: stage_15_20_acc_grad_0 module id: 0
[2m[36m(CompileWorker pid=1892575)[0m compiled for stage:380 name: stage_15_20_acc_grad_1 module id: 1
[2m[36m(CompileWorker pid=1892570)[0m compiled for stage:371 name: stage_14_28_acc_grad_0 module id: 0
[2m[36m(CompileWorker pid=1892574)[0m compiled for stage:381 name: stage_15_21_acc_grad_0 module id: 0
[2m[36m(CompileWorker pid=1892570)[0m compiled for stage:371 name: stage_14_28_acc_grad_1 module id: 1
[2m[36m(CompileWorker pid=1892574)[0m compiled for stage:381 name: stage_15_21_acc_grad_1 module id: 1
[2m[36m(CompileWorker pid=1892576)[0m  tensor (Large latency) dimensions: (1, 512, 32000, 32000, 1, 1, 1, 1, 1, 1, 0, 0, 'CONV', 1, 1, 0, 0),  latency: 54.97904761904762
[2m[36m(CompileWorker pid=1892576)[0m  tensor (Large latency) dimensions: (1, 4096, 4096, 4096, 1, 1, 1, 1, 1, 1, 0, 0, 'CONV', 1, 1, 0, 0),  latency: 5.742201904761905
[2m[36m(CompileWorker pid=1892569)[0m compiled for stage:372 name: stage_14_29_acc_grad_0 module id: 0
[2m[36m(CompileWorker pid=1892577)[0m compiled for stage:382 name: stage_15_22_acc_grad_0 module id: 0
[2m[36m(CompileWorker pid=1892569)[0m compiled for stage:372 name: stage_14_29_acc_grad_1 module id: 1
[2m[36m(CompileWorker pid=1892577)[0m compiled for stage:382 name: stage_15_22_acc_grad_1 module id: 1
[2m[36m(CompileWorker pid=1892567)[0m compiled for stage:383 name: stage_15_23_acc_grad_0 module id: 0
[2m[36m(CompileWorker pid=1892567)[0m compiled for stage:383 name: stage_15_23_acc_grad_1 module id: 1
[2m[36m(CompileWorker pid=1892573)[0m compiled for stage:355 name: stage_13_30_acc_grad_0 module id: 0
[2m[36m(CompileWorker pid=1892573)[0m compiled for stage:355 name: stage_13_30_acc_grad_1 module id: 1
[2m[36m(CompileWorker pid=1892567)[0m compiled for stage:392 name: stage_16_16_acc_grad_0 module id: 0
[2m[36m(CompileWorker pid=1892567)[0m compiled for stage:392 name: stage_16_16_acc_grad_1 module id: 1
[2m[36m(CompileWorker pid=1892578)[0m compiled for stage:384 name: stage_15_24_acc_grad_0 module id: 0
[2m[36m(CompileWorker pid=1892567)[0m compiled for stage:393 name: stage_16_17_acc_grad_0 module id: 0
[2m[36m(CompileWorker pid=1892567)[0m compiled for stage:393 name: stage_16_17_acc_grad_1 module id: 1
[2m[36m(CompileWorker pid=1892578)[0m compiled for stage:384 name: stage_15_24_acc_grad_1 module id: 1
[2m[36m(CompileWorker pid=1892571)[0m compiled for stage:385 name: stage_15_25_acc_grad_0 module id: 0
[2m[36m(CompileWorker pid=1892571)[0m compiled for stage:385 name: stage_15_25_acc_grad_1 module id: 1
[2m[36m(CompileWorker pid=1892568)[0m compiled for stage:373 name: stage_14_30_acc_grad_0 module id: 0
[2m[36m(CompileWorker pid=1892568)[0m compiled for stage:373 name: stage_14_30_acc_grad_1 module id: 1
[2m[36m(CompileWorker pid=1892573)[0m compiled for stage:394 name: stage_16_18_acc_grad_0 module id: 0
[2m[36m(CompileWorker pid=1892573)[0m compiled for stage:394 name: stage_16_18_acc_grad_1 module id: 1
[2m[36m(CompileWorker pid=1892575)[0m compiled for stage:386 name: stage_15_26_acc_grad_0 module id: 0
[2m[36m(CompileWorker pid=1892575)[0m compiled for stage:386 name: stage_15_26_acc_grad_1 module id: 1
[2m[36m(CompileWorker pid=1892567)[0m compiled for stage:395 name: stage_16_19_acc_grad_0 module id: 0
[2m[36m(CompileWorker pid=1892567)[0m compiled for stage:395 name: stage_16_19_acc_grad_1 module id: 1
[2m[36m(CompileWorker pid=1892578)[0m compiled for stage:396 name: stage_16_20_acc_grad_0 module id: 0
[2m[36m(CompileWorker pid=1892578)[0m compiled for stage:396 name: stage_16_20_acc_grad_1 module id: 1
[2m[36m(CompileWorker pid=1892574)[0m compiled for stage:387 name: stage_15_27_acc_grad_0 module id: 0
[2m[36m(CompileWorker pid=1892574)[0m compiled for stage:387 name: stage_15_27_acc_grad_1 module id: 1
[2m[36m(CompileWorker pid=1892572)[0m compiled for stage:374 name: stage_14_31_acc_grad_0 module id: 0
[2m[36m(CompileWorker pid=1892572)[0m compiled for stage:374 name: stage_14_31_acc_grad_1 module id: 1
[2m[36m(CompileWorker pid=1892571)[0m compiled for stage:397 name: stage_16_21_acc_grad_0 module id: 0
[2m[36m(CompileWorker pid=1892571)[0m compiled for stage:397 name: stage_16_21_acc_grad_1 module id: 1
[2m[36m(CompileWorker pid=1892573)[0m compiled for stage:398 name: stage_16_22_acc_grad_0 module id: 0
[2m[36m(CompileWorker pid=1892573)[0m compiled for stage:398 name: stage_16_22_acc_grad_1 module id: 1
[2m[36m(CompileWorker pid=1892572)[0m  tensor (Large latency) dimensions: (1, 4096, 4000, 4000, 1, 1, 1, 1, 1, 1, 0, 0, 'CONV', 1, 1, 0, 0),  latency: 9.66095238095238
[2m[36m(CompileWorker pid=1892568)[0m compiled for stage:399 name: stage_16_23_acc_grad_0 module id: 0
[2m[36m(CompileWorker pid=1892568)[0m compiled for stage:399 name: stage_16_23_acc_grad_1 module id: 1
[2m[36m(CompileWorker pid=1892572)[0m  tensor (Large latency) dimensions: (1, 4096, 4096, 4096, 1, 1, 1, 1, 1, 1, 0, 0, 'CONV', 1, 1, 0, 0),  latency: 5.742201904761905
[2m[36m(CompileWorker pid=1892570)[0m compiled for stage:388 name: stage_15_28_acc_grad_0 module id: 0
[2m[36m(CompileWorker pid=1892570)[0m compiled for stage:388 name: stage_15_28_acc_grad_1 module id: 1
[2m[36m(CompileWorker pid=1892570)[0m compiled for stage:408 name: stage_17_17_acc_grad_0 module id: 0
[2m[36m(CompileWorker pid=1892570)[0m compiled for stage:408 name: stage_17_17_acc_grad_1 module id: 1
[2m[36m(CompileWorker pid=1892575)[0m compiled for stage:400 name: stage_16_24_acc_grad_0 module id: 0
[2m[36m(CompileWorker pid=1892576)[0m compiled for stage:389 name: stage_15_29_acc_grad_0 module id: 0
[2m[36m(CompileWorker pid=1892575)[0m compiled for stage:400 name: stage_16_24_acc_grad_1 module id: 1
[2m[36m(CompileWorker pid=1892576)[0m compiled for stage:389 name: stage_15_29_acc_grad_1 module id: 1
[2m[36m(CompileWorker pid=1892570)[0m compiled for stage:409 name: stage_17_18_acc_grad_0 module id: 0
[2m[36m(CompileWorker pid=1892570)[0m compiled for stage:409 name: stage_17_18_acc_grad_1 module id: 1
[2m[36m(CompileWorker pid=1892567)[0m compiled for stage:401 name: stage_16_25_acc_grad_0 module id: 0
[2m[36m(CompileWorker pid=1892575)[0m compiled for stage:410 name: stage_17_19_acc_grad_0 module id: 0
[2m[36m(CompileWorker pid=1892575)[0m compiled for stage:410 name: stage_17_19_acc_grad_1 module id: 1
[2m[36m(CompileWorker pid=1892567)[0m compiled for stage:401 name: stage_16_25_acc_grad_1 module id: 1
[2m[36m(CompileWorker pid=1892576)[0m compiled for stage:411 name: stage_17_20_acc_grad_0 module id: 0
[2m[36m(CompileWorker pid=1892578)[0m compiled for stage:402 name: stage_16_26_acc_grad_0 module id: 0
[2m[36m(CompileWorker pid=1892576)[0m compiled for stage:411 name: stage_17_20_acc_grad_1 module id: 1
[2m[36m(CompileWorker pid=1892578)[0m compiled for stage:402 name: stage_16_26_acc_grad_1 module id: 1
[2m[36m(CompileWorker pid=1892577)[0m compiled for stage:390 name: stage_15_30_acc_grad_0 module id: 0
[2m[36m(CompileWorker pid=1892577)[0m compiled for stage:390 name: stage_15_30_acc_grad_1 module id: 1
[2m[36m(CompileWorker pid=1892570)[0m compiled for stage:412 name: stage_17_21_acc_grad_0 module id: 0
[2m[36m(CompileWorker pid=1892570)[0m compiled for stage:412 name: stage_17_21_acc_grad_1 module id: 1
[2m[36m(CompileWorker pid=1892569)[0m compiled for stage:391 name: stage_15_31_acc_grad_0 module id: 0
[2m[36m(CompileWorker pid=1892569)[0m compiled for stage:391 name: stage_15_31_acc_grad_1 module id: 1
[2m[36m(CompileWorker pid=1892569)[0m  tensor (Large latency) dimensions: (1, 4096, 4000, 4000, 1, 1, 1, 1, 1, 1, 0, 0, 'CONV', 1, 1, 0, 0),  latency: 9.66095238095238
[2m[36m(CompileWorker pid=1892575)[0m compiled for stage:413 name: stage_17_22_acc_grad_0 module id: 0
[2m[36m(CompileWorker pid=1892575)[0m compiled for stage:413 name: stage_17_22_acc_grad_1 module id: 1
[2m[36m(CompileWorker pid=1892567)[0m compiled for stage:414 name: stage_17_23_acc_grad_0 module id: 0
[2m[36m(CompileWorker pid=1892567)[0m compiled for stage:414 name: stage_17_23_acc_grad_1 module id: 1
[2m[36m(CompileWorker pid=1892574)[0m compiled for stage:403 name: stage_16_27_acc_grad_0 module id: 0
[2m[36m(CompileWorker pid=1892574)[0m compiled for stage:403 name: stage_16_27_acc_grad_1 module id: 1
[2m[36m(CompileWorker pid=1892569)[0m  tensor (Large latency) dimensions: (1, 4096, 4096, 4096, 1, 1, 1, 1, 1, 1, 0, 0, 'CONV', 1, 1, 0, 0),  latency: 5.742201904761905
[2m[36m(CompileWorker pid=1892576)[0m compiled for stage:415 name: stage_17_24_acc_grad_0 module id: 0
[2m[36m(CompileWorker pid=1892576)[0m compiled for stage:415 name: stage_17_24_acc_grad_1 module id: 1
[2m[36m(CompileWorker pid=1892576)[0m compiled for stage:423 name: stage_18_18_acc_grad_0 module id: 0
[2m[36m(CompileWorker pid=1892576)[0m compiled for stage:423 name: stage_18_18_acc_grad_1 module id: 1
[2m[36m(CompileWorker pid=1892571)[0m compiled for stage:404 name: stage_16_28_acc_grad_0 module id: 0
[2m[36m(CompileWorker pid=1892571)[0m compiled for stage:404 name: stage_16_28_acc_grad_1 module id: 1
[2m[36m(CompileWorker pid=1892578)[0m compiled for stage:416 name: stage_17_25_acc_grad_0 module id: 0
[2m[36m(CompileWorker pid=1892578)[0m compiled for stage:416 name: stage_17_25_acc_grad_1 module id: 1
[2m[36m(CompileWorker pid=1892576)[0m compiled for stage:424 name: stage_18_19_acc_grad_0 module id: 0
[2m[36m(CompileWorker pid=1892576)[0m compiled for stage:424 name: stage_18_19_acc_grad_1 module id: 1
[2m[36m(CompileWorker pid=1892568)[0m compiled for stage:406 name: stage_16_30_acc_grad_0 module id: 0
[2m[36m(CompileWorker pid=1892568)[0m compiled for stage:406 name: stage_16_30_acc_grad_1 module id: 1
[2m[36m(CompileWorker pid=1892577)[0m compiled for stage:417 name: stage_17_26_acc_grad_0 module id: 0
[2m[36m(CompileWorker pid=1892570)[0m compiled for stage:418 name: stage_17_27_acc_grad_0 module id: 0
[2m[36m(CompileWorker pid=1892577)[0m compiled for stage:417 name: stage_17_26_acc_grad_1 module id: 1
[2m[36m(CompileWorker pid=1892570)[0m compiled for stage:418 name: stage_17_27_acc_grad_1 module id: 1
[2m[36m(CompileWorker pid=1892571)[0m compiled for stage:425 name: stage_18_20_acc_grad_0 module id: 0
[2m[36m(CompileWorker pid=1892571)[0m compiled for stage:425 name: stage_18_20_acc_grad_1 module id: 1
[2m[36m(CompileWorker pid=1892578)[0m compiled for stage:426 name: stage_18_21_acc_grad_0 module id: 0
[2m[36m(CompileWorker pid=1892578)[0m compiled for stage:426 name: stage_18_21_acc_grad_1 module id: 1
[2m[36m(CompileWorker pid=1892576)[0m compiled for stage:427 name: stage_18_22_acc_grad_0 module id: 0
[2m[36m(CompileWorker pid=1892576)[0m compiled for stage:427 name: stage_18_22_acc_grad_1 module id: 1
[2m[36m(CompileWorker pid=1892573)[0m compiled for stage:405 name: stage_16_29_acc_grad_0 module id: 0
[2m[36m(CompileWorker pid=1892573)[0m compiled for stage:405 name: stage_16_29_acc_grad_1 module id: 1
[2m[36m(CompileWorker pid=1892572)[0m compiled for stage:407 name: stage_16_31_acc_grad_0 module id: 0
[2m[36m(CompileWorker pid=1892572)[0m compiled for stage:407 name: stage_16_31_acc_grad_1 module id: 1
[2m[36m(CompileWorker pid=1892568)[0m compiled for stage:428 name: stage_18_23_acc_grad_0 module id: 0
[2m[36m(CompileWorker pid=1892568)[0m compiled for stage:428 name: stage_18_23_acc_grad_1 module id: 1
[2m[36m(CompileWorker pid=1892577)[0m compiled for stage:429 name: stage_18_24_acc_grad_0 module id: 0
[2m[36m(CompileWorker pid=1892577)[0m compiled for stage:429 name: stage_18_24_acc_grad_1 module id: 1
[2m[36m(CompileWorker pid=1892577)[0m compiled for stage:437 name: stage_19_19_acc_grad_0 module id: 0
[2m[36m(CompileWorker pid=1892577)[0m compiled for stage:437 name: stage_19_19_acc_grad_1 module id: 1
[2m[36m(CompileWorker pid=1892577)[0m compiled for stage:438 name: stage_19_20_acc_grad_0 module id: 0
[2m[36m(CompileWorker pid=1892577)[0m compiled for stage:438 name: stage_19_20_acc_grad_1 module id: 1
[2m[36m(CompileWorker pid=1892570)[0m compiled for stage:430 name: stage_18_25_acc_grad_0 module id: 0
[2m[36m(CompileWorker pid=1892570)[0m compiled for stage:430 name: stage_18_25_acc_grad_1 module id: 1
[2m[36m(CompileWorker pid=1892577)[0m compiled for stage:439 name: stage_19_21_acc_grad_0 module id: 0
[2m[36m(CompileWorker pid=1892577)[0m compiled for stage:439 name: stage_19_21_acc_grad_1 module id: 1
[2m[36m(CompileWorker pid=1892571)[0m compiled for stage:431 name: stage_18_26_acc_grad_0 module id: 0
[2m[36m(CompileWorker pid=1892575)[0m compiled for stage:419 name: stage_17_28_acc_grad_0 module id: 0
[2m[36m(CompileWorker pid=1892571)[0m compiled for stage:431 name: stage_18_26_acc_grad_1 module id: 1
[2m[36m(CompileWorker pid=1892567)[0m compiled for stage:420 name: stage_17_29_acc_grad_0 module id: 0
[2m[36m(CompileWorker pid=1892575)[0m compiled for stage:419 name: stage_17_28_acc_grad_1 module id: 1
[2m[36m(CompileWorker pid=1892567)[0m compiled for stage:420 name: stage_17_29_acc_grad_1 module id: 1
[2m[36m(CompileWorker pid=1892570)[0m compiled for stage:440 name: stage_19_22_acc_grad_0 module id: 0
[2m[36m(CompileWorker pid=1892570)[0m compiled for stage:440 name: stage_19_22_acc_grad_1 module id: 1
[2m[36m(CompileWorker pid=1892574)[0m compiled for stage:422 name: stage_17_31_acc_grad_0 module id: 0
[2m[36m(CompileWorker pid=1892578)[0m compiled for stage:432 name: stage_18_27_acc_grad_0 module id: 0
[2m[36m(CompileWorker pid=1892578)[0m compiled for stage:432 name: stage_18_27_acc_grad_1 module id: 1
[2m[36m(CompileWorker pid=1892574)[0m compiled for stage:422 name: stage_17_31_acc_grad_1 module id: 1
[2m[36m(CompileWorker pid=1892569)[0m compiled for stage:421 name: stage_17_30_acc_grad_0 module id: 0
[2m[36m(CompileWorker pid=1892569)[0m compiled for stage:421 name: stage_17_30_acc_grad_1 module id: 1
[2m[36m(CompileWorker pid=1892574)[0m  tensor (Large latency) dimensions: (1, 4096, 4000, 4000, 1, 1, 1, 1, 1, 1, 0, 0, 'CONV', 1, 1, 0, 0),  latency: 9.66095238095238
[2m[36m(CompileWorker pid=1892577)[0m compiled for stage:441 name: stage_19_23_acc_grad_0 module id: 0
[2m[36m(CompileWorker pid=1892577)[0m compiled for stage:441 name: stage_19_23_acc_grad_1 module id: 1
[2m[36m(CompileWorker pid=1892576)[0m compiled for stage:433 name: stage_18_28_acc_grad_0 module id: 0
[2m[36m(CompileWorker pid=1892576)[0m compiled for stage:433 name: stage_18_28_acc_grad_1 module id: 1
[2m[36m(CompileWorker pid=1892571)[0m compiled for stage:442 name: stage_19_24_acc_grad_0 module id: 0
[2m[36m(CompileWorker pid=1892571)[0m compiled for stage:442 name: stage_19_24_acc_grad_1 module id: 1
[2m[36m(CompileWorker pid=1892574)[0m  tensor (Large latency) dimensions: (1, 4096, 4096, 4096, 1, 1, 1, 1, 1, 1, 0, 0, 'CONV', 1, 1, 0, 0),  latency: 5.742201904761905
[2m[36m(CompileWorker pid=1892571)[0m compiled for stage:450 name: stage_20_20_acc_grad_0 module id: 0
[2m[36m(CompileWorker pid=1892571)[0m compiled for stage:450 name: stage_20_20_acc_grad_1 module id: 1
[2m[36m(CompileWorker pid=1892575)[0m compiled for stage:443 name: stage_19_25_acc_grad_0 module id: 0
[2m[36m(CompileWorker pid=1892575)[0m compiled for stage:443 name: stage_19_25_acc_grad_1 module id: 1
[2m[36m(CompileWorker pid=1892573)[0m compiled for stage:434 name: stage_18_29_acc_grad_0 module id: 0
[2m[36m(CompileWorker pid=1892574)[0m compiled for stage:451 name: stage_20_21_acc_grad_0 module id: 0
[2m[36m(CompileWorker pid=1892573)[0m compiled for stage:434 name: stage_18_29_acc_grad_1 module id: 1
[2m[36m(CompileWorker pid=1892574)[0m compiled for stage:451 name: stage_20_21_acc_grad_1 module id: 1
[2m[36m(CompileWorker pid=1892567)[0m compiled for stage:444 name: stage_19_26_acc_grad_0 module id: 0
[2m[36m(CompileWorker pid=1892571)[0m compiled for stage:452 name: stage_20_22_acc_grad_0 module id: 0
[2m[36m(CompileWorker pid=1892571)[0m compiled for stage:452 name: stage_20_22_acc_grad_1 module id: 1
[2m[36m(CompileWorker pid=1892567)[0m compiled for stage:444 name: stage_19_26_acc_grad_1 module id: 1
[2m[36m(CompileWorker pid=1892575)[0m compiled for stage:453 name: stage_20_23_acc_grad_0 module id: 0
[2m[36m(CompileWorker pid=1892575)[0m compiled for stage:453 name: stage_20_23_acc_grad_1 module id: 1
[2m[36m(CompileWorker pid=1892574)[0m compiled for stage:454 name: stage_20_24_acc_grad_0 module id: 0
[2m[36m(CompileWorker pid=1892574)[0m compiled for stage:454 name: stage_20_24_acc_grad_1 module id: 1
[2m[36m(CompileWorker pid=1892578)[0m compiled for stage:446 name: stage_19_28_acc_grad_0 module id: 0
[2m[36m(CompileWorker pid=1892578)[0m compiled for stage:446 name: stage_19_28_acc_grad_1 module id: 1
[2m[36m(CompileWorker pid=1892568)[0m compiled for stage:436 name: stage_18_31_acc_grad_0 module id: 0
[2m[36m(CompileWorker pid=1892568)[0m compiled for stage:436 name: stage_18_31_acc_grad_1 module id: 1
[2m[36m(CompileWorker pid=1892573)[0m compiled for stage:455 name: stage_20_25_acc_grad_0 module id: 0
[2m[36m(CompileWorker pid=1892573)[0m compiled for stage:455 name: stage_20_25_acc_grad_1 module id: 1
[2m[36m(CompileWorker pid=1892572)[0m compiled for stage:435 name: stage_18_30_acc_grad_0 module id: 0
[2m[36m(CompileWorker pid=1892570)[0m compiled for stage:445 name: stage_19_27_acc_grad_0 module id: 0
[2m[36m(CompileWorker pid=1892572)[0m compiled for stage:435 name: stage_18_30_acc_grad_1 module id: 1
[2m[36m(CompileWorker pid=1892570)[0m compiled for stage:445 name: stage_19_27_acc_grad_1 module id: 1
[2m[36m(CompileWorker pid=1892568)[0m  tensor (Large latency) dimensions: (1, 4096, 4000, 4000, 1, 1, 1, 1, 1, 1, 0, 0, 'CONV', 1, 1, 0, 0),  latency: 9.66095238095238
[2m[36m(CompileWorker pid=1892572)[0m compiled for stage:462 name: stage_21_21_acc_grad_0 module id: 0
[2m[36m(CompileWorker pid=1892572)[0m compiled for stage:462 name: stage_21_21_acc_grad_1 module id: 1
[2m[36m(CompileWorker pid=1892571)[0m compiled for stage:456 name: stage_20_26_acc_grad_0 module id: 0
[2m[36m(CompileWorker pid=1892571)[0m compiled for stage:456 name: stage_20_26_acc_grad_1 module id: 1
[2m[36m(CompileWorker pid=1892570)[0m compiled for stage:463 name: stage_21_22_acc_grad_0 module id: 0
[2m[36m(CompileWorker pid=1892570)[0m compiled for stage:463 name: stage_21_22_acc_grad_1 module id: 1
[2m[36m(CompileWorker pid=1892567)[0m compiled for stage:457 name: stage_20_27_acc_grad_0 module id: 0
[2m[36m(CompileWorker pid=1892567)[0m compiled for stage:457 name: stage_20_27_acc_grad_1 module id: 1
[2m[36m(CompileWorker pid=1892569)[0m compiled for stage:447 name: stage_19_29_acc_grad_0 module id: 0
[2m[36m(CompileWorker pid=1892568)[0m  tensor (Large latency) dimensions: (1, 4096, 4096, 4096, 1, 1, 1, 1, 1, 1, 0, 0, 'CONV', 1, 1, 0, 0),  latency: 5.742201904761905
[2m[36m(CompileWorker pid=1892569)[0m compiled for stage:447 name: stage_19_29_acc_grad_1 module id: 1
[2m[36m(CompileWorker pid=1892572)[0m compiled for stage:464 name: stage_21_23_acc_grad_0 module id: 0
[2m[36m(CompileWorker pid=1892572)[0m compiled for stage:464 name: stage_21_23_acc_grad_1 module id: 1
[2m[36m(CompileWorker pid=1892571)[0m compiled for stage:465 name: stage_21_24_acc_grad_0 module id: 0
[2m[36m(CompileWorker pid=1892571)[0m compiled for stage:465 name: stage_21_24_acc_grad_1 module id: 1
[2m[36m(CompileWorker pid=1892570)[0m compiled for stage:466 name: stage_21_25_acc_grad_0 module id: 0
[2m[36m(CompileWorker pid=1892570)[0m compiled for stage:466 name: stage_21_25_acc_grad_1 module id: 1
[2m[36m(CompileWorker pid=1892575)[0m compiled for stage:458 name: stage_20_28_acc_grad_0 module id: 0
[2m[36m(CompileWorker pid=1892575)[0m compiled for stage:458 name: stage_20_28_acc_grad_1 module id: 1
[2m[36m(CompileWorker pid=1892575)[0m compiled for stage:473 name: stage_22_22_acc_grad_0 module id: 0
[2m[36m(CompileWorker pid=1892575)[0m compiled for stage:473 name: stage_22_22_acc_grad_1 module id: 1
[2m[36m(CompileWorker pid=1892577)[0m compiled for stage:448 name: stage_19_30_acc_grad_0 module id: 0
[2m[36m(CompileWorker pid=1892575)[0m compiled for stage:474 name: stage_22_23_acc_grad_0 module id: 0
[2m[36m(CompileWorker pid=1892577)[0m compiled for stage:448 name: stage_19_30_acc_grad_1 module id: 1
[2m[36m(CompileWorker pid=1892575)[0m compiled for stage:474 name: stage_22_23_acc_grad_1 module id: 1
[2m[36m(CompileWorker pid=1892567)[0m compiled for stage:467 name: stage_21_26_acc_grad_0 module id: 0
[2m[36m(CompileWorker pid=1892567)[0m compiled for stage:467 name: stage_21_26_acc_grad_1 module id: 1
[2m[36m(CompileWorker pid=1892574)[0m compiled for stage:459 name: stage_20_29_acc_grad_0 module id: 0
[2m[36m(CompileWorker pid=1892574)[0m compiled for stage:459 name: stage_20_29_acc_grad_1 module id: 1
[2m[36m(CompileWorker pid=1892568)[0m compiled for stage:468 name: stage_21_27_acc_grad_0 module id: 0
[2m[36m(CompileWorker pid=1892568)[0m compiled for stage:468 name: stage_21_27_acc_grad_1 module id: 1
[2m[36m(CompileWorker pid=1892576)[0m compiled for stage:449 name: stage_19_31_acc_grad_0 module id: 0
[2m[36m(CompileWorker pid=1892576)[0m compiled for stage:449 name: stage_19_31_acc_grad_1 module id: 1
[2m[36m(CompileWorker pid=1892575)[0m compiled for stage:475 name: stage_22_24_acc_grad_0 module id: 0
[2m[36m(CompileWorker pid=1892575)[0m compiled for stage:475 name: stage_22_24_acc_grad_1 module id: 1
[2m[36m(CompileWorker pid=1892578)[0m compiled for stage:460 name: stage_20_30_acc_grad_0 module id: 0
[2m[36m(CompileWorker pid=1892578)[0m compiled for stage:460 name: stage_20_30_acc_grad_1 module id: 1
[2m[36m(CompileWorker pid=1892572)[0m compiled for stage:469 name: stage_21_28_acc_grad_0 module id: 0
[2m[36m(CompileWorker pid=1892572)[0m compiled for stage:469 name: stage_21_28_acc_grad_1 module id: 1
[2m[36m(CompileWorker pid=1892577)[0m compiled for stage:476 name: stage_22_25_acc_grad_0 module id: 0
[2m[36m(CompileWorker pid=1892577)[0m compiled for stage:476 name: stage_22_25_acc_grad_1 module id: 1
[2m[36m(CompileWorker pid=1892576)[0m  tensor (Large latency) dimensions: (1, 4096, 4000, 4000, 1, 1, 1, 1, 1, 1, 0, 0, 'CONV', 1, 1, 0, 0),  latency: 9.66095238095238
[2m[36m(CompileWorker pid=1892572)[0m compiled for stage:483 name: stage_23_23_acc_grad_0 module id: 0
[2m[36m(CompileWorker pid=1892572)[0m compiled for stage:483 name: stage_23_23_acc_grad_1 module id: 1
[2m[36m(CompileWorker pid=1892567)[0m compiled for stage:477 name: stage_22_26_acc_grad_0 module id: 0
[2m[36m(CompileWorker pid=1892569)[0m compiled for stage:470 name: stage_21_29_acc_grad_0 module id: 0
[2m[36m(CompileWorker pid=1892567)[0m compiled for stage:477 name: stage_22_26_acc_grad_1 module id: 1
[2m[36m(CompileWorker pid=1892569)[0m compiled for stage:470 name: stage_21_29_acc_grad_1 module id: 1
[2m[36m(CompileWorker pid=1892573)[0m compiled for stage:461 name: stage_20_31_acc_grad_0 module id: 0
[2m[36m(CompileWorker pid=1892573)[0m compiled for stage:461 name: stage_20_31_acc_grad_1 module id: 1
[2m[36m(CompileWorker pid=1892572)[0m compiled for stage:484 name: stage_23_24_acc_grad_0 module id: 0
[2m[36m(CompileWorker pid=1892572)[0m compiled for stage:484 name: stage_23_24_acc_grad_1 module id: 1
[2m[36m(CompileWorker pid=1892576)[0m  tensor (Large latency) dimensions: (1, 4096, 4096, 4096, 1, 1, 1, 1, 1, 1, 0, 0, 'CONV', 1, 1, 0, 0),  latency: 5.742201904761905
[2m[36m(CompileWorker pid=1892571)[0m compiled for stage:471 name: stage_21_30_acc_grad_0 module id: 0
[2m[36m(CompileWorker pid=1892571)[0m compiled for stage:471 name: stage_21_30_acc_grad_1 module id: 1
[2m[36m(CompileWorker pid=1892567)[0m compiled for stage:485 name: stage_23_25_acc_grad_0 module id: 0
[2m[36m(CompileWorker pid=1892567)[0m compiled for stage:485 name: stage_23_25_acc_grad_1 module id: 1
[2m[36m(CompileWorker pid=1892574)[0m compiled for stage:478 name: stage_22_27_acc_grad_0 module id: 0
[2m[36m(CompileWorker pid=1892574)[0m compiled for stage:478 name: stage_22_27_acc_grad_1 module id: 1
[2m[36m(CompileWorker pid=1892568)[0m compiled for stage:479 name: stage_22_28_acc_grad_0 module id: 0
[2m[36m(CompileWorker pid=1892569)[0m compiled for stage:486 name: stage_23_26_acc_grad_0 module id: 0
[2m[36m(CompileWorker pid=1892568)[0m compiled for stage:479 name: stage_22_28_acc_grad_1 module id: 1
[2m[36m(CompileWorker pid=1892569)[0m compiled for stage:486 name: stage_23_26_acc_grad_1 module id: 1
[2m[36m(CompileWorker pid=1892574)[0m compiled for stage:492 name: stage_24_24_acc_grad_0 module id: 0
[2m[36m(CompileWorker pid=1892574)[0m compiled for stage:492 name: stage_24_24_acc_grad_1 module id: 1
[2m[36m(CompileWorker pid=1892573)[0m compiled for stage:487 name: stage_23_27_acc_grad_0 module id: 0
[2m[36m(CompileWorker pid=1892573)[0m compiled for stage:487 name: stage_23_27_acc_grad_1 module id: 1
[2m[36m(CompileWorker pid=1892574)[0m compiled for stage:493 name: stage_24_25_acc_grad_0 module id: 0
[2m[36m(CompileWorker pid=1892574)[0m compiled for stage:493 name: stage_24_25_acc_grad_1 module id: 1
[2m[36m(CompileWorker pid=1892572)[0m compiled for stage:488 name: stage_23_28_acc_grad_0 module id: 0
[2m[36m(CompileWorker pid=1892572)[0m compiled for stage:488 name: stage_23_28_acc_grad_1 module id: 1
[2m[36m(CompileWorker pid=1892570)[0m compiled for stage:472 name: stage_21_31_acc_grad_0 module id: 0
[2m[36m(CompileWorker pid=1892570)[0m compiled for stage:472 name: stage_21_31_acc_grad_1 module id: 1
[2m[36m(CompileWorker pid=1892569)[0m compiled for stage:494 name: stage_24_26_acc_grad_0 module id: 0
[2m[36m(CompileWorker pid=1892569)[0m compiled for stage:494 name: stage_24_26_acc_grad_1 module id: 1
[2m[36m(CompileWorker pid=1892575)[0m compiled for stage:480 name: stage_22_29_acc_grad_0 module id: 0
[2m[36m(CompileWorker pid=1892568)[0m compiled for stage:495 name: stage_24_27_acc_grad_0 module id: 0
[2m[36m(CompileWorker pid=1892568)[0m compiled for stage:495 name: stage_24_27_acc_grad_1 module id: 1
[2m[36m(CompileWorker pid=1892575)[0m compiled for stage:480 name: stage_22_29_acc_grad_1 module id: 1
[2m[36m(CompileWorker pid=1892578)[0m compiled for stage:481 name: stage_22_30_acc_grad_0 module id: 0
[2m[36m(CompileWorker pid=1892578)[0m compiled for stage:481 name: stage_22_30_acc_grad_1 module id: 1
[2m[36m(CompileWorker pid=1892568)[0m compiled for stage:500 name: stage_25_25_acc_grad_0 module id: 0
[2m[36m(CompileWorker pid=1892568)[0m compiled for stage:500 name: stage_25_25_acc_grad_1 module id: 1
[2m[36m(CompileWorker pid=1892570)[0m  tensor (Large latency) dimensions: (1, 4096, 4000, 4000, 1, 1, 1, 1, 1, 1, 0, 0, 'CONV', 1, 1, 0, 0),  latency: 9.66095238095238
[2m[36m(CompileWorker pid=1892577)[0m compiled for stage:482 name: stage_22_31_acc_grad_0 module id: 0
[2m[36m(CompileWorker pid=1892577)[0m compiled for stage:482 name: stage_22_31_acc_grad_1 module id: 1
[2m[36m(CompileWorker pid=1892575)[0m compiled for stage:501 name: stage_25_26_acc_grad_0 module id: 0
[2m[36m(CompileWorker pid=1892575)[0m compiled for stage:501 name: stage_25_26_acc_grad_1 module id: 1
[2m[36m(CompileWorker pid=1892573)[0m compiled for stage:496 name: stage_24_28_acc_grad_0 module id: 0
[2m[36m(CompileWorker pid=1892573)[0m compiled for stage:496 name: stage_24_28_acc_grad_1 module id: 1
[2m[36m(CompileWorker pid=1892571)[0m compiled for stage:490 name: stage_23_30_acc_grad_0 module id: 0
[2m[36m(CompileWorker pid=1892578)[0m compiled for stage:502 name: stage_25_27_acc_grad_0 module id: 0
[2m[36m(CompileWorker pid=1892571)[0m compiled for stage:490 name: stage_23_30_acc_grad_1 module id: 1
[2m[36m(CompileWorker pid=1892578)[0m compiled for stage:502 name: stage_25_27_acc_grad_1 module id: 1
[2m[36m(CompileWorker pid=1892576)[0m compiled for stage:489 name: stage_23_29_acc_grad_0 module id: 0
[2m[36m(CompileWorker pid=1892570)[0m  tensor (Large latency) dimensions: (1, 4096, 4096, 4096, 1, 1, 1, 1, 1, 1, 0, 0, 'CONV', 1, 1, 0, 0),  latency: 5.742201904761905
[2m[36m(CompileWorker pid=1892576)[0m compiled for stage:489 name: stage_23_29_acc_grad_1 module id: 1
[2m[36m(CompileWorker pid=1892571)[0m compiled for stage:507 name: stage_26_26_acc_grad_0 module id: 0
[2m[36m(CompileWorker pid=1892571)[0m compiled for stage:507 name: stage_26_26_acc_grad_1 module id: 1
[2m[36m(CompileWorker pid=1892577)[0m  tensor (Large latency) dimensions: (1, 4096, 4000, 4000, 1, 1, 1, 1, 1, 1, 0, 0, 'CONV', 1, 1, 0, 0),  latency: 9.66095238095238
[2m[36m(CompileWorker pid=1892568)[0m compiled for stage:503 name: stage_25_28_acc_grad_0 module id: 0
[2m[36m(CompileWorker pid=1892568)[0m compiled for stage:503 name: stage_25_28_acc_grad_1 module id: 1
[2m[36m(CompileWorker pid=1892574)[0m compiled for stage:497 name: stage_24_29_acc_grad_0 module id: 0
[2m[36m(CompileWorker pid=1892574)[0m compiled for stage:497 name: stage_24_29_acc_grad_1 module id: 1
[2m[36m(CompileWorker pid=1892576)[0m compiled for stage:508 name: stage_26_27_acc_grad_0 module id: 0
[2m[36m(CompileWorker pid=1892576)[0m compiled for stage:508 name: stage_26_27_acc_grad_1 module id: 1
[2m[36m(CompileWorker pid=1892576)[0m compiled for stage:513 name: stage_27_27_acc_grad_0 module id: 0
[2m[36m(CompileWorker pid=1892576)[0m compiled for stage:513 name: stage_27_27_acc_grad_1 module id: 1
[2m[36m(CompileWorker pid=1892570)[0m compiled for stage:509 name: stage_26_28_acc_grad_0 module id: 0
[2m[36m(CompileWorker pid=1892570)[0m compiled for stage:509 name: stage_26_28_acc_grad_1 module id: 1
[2m[36m(CompileWorker pid=1892572)[0m compiled for stage:498 name: stage_24_30_acc_grad_0 module id: 0
[2m[36m(CompileWorker pid=1892572)[0m compiled for stage:498 name: stage_24_30_acc_grad_1 module id: 1
[2m[36m(CompileWorker pid=1892575)[0m compiled for stage:504 name: stage_25_29_acc_grad_0 module id: 0
[2m[36m(CompileWorker pid=1892575)[0m compiled for stage:504 name: stage_25_29_acc_grad_1 module id: 1
[2m[36m(CompileWorker pid=1892567)[0m compiled for stage:491 name: stage_23_31_acc_grad_0 module id: 0
[2m[36m(CompileWorker pid=1892567)[0m compiled for stage:491 name: stage_23_31_acc_grad_1 module id: 1
[2m[36m(CompileWorker pid=1892577)[0m  tensor (Large latency) dimensions: (1, 4096, 4096, 4096, 1, 1, 1, 1, 1, 1, 0, 0, 'CONV', 1, 1, 0, 0),  latency: 5.742201904761905
[2m[36m(CompileWorker pid=1892576)[0m compiled for stage:514 name: stage_27_28_acc_grad_0 module id: 0
[2m[36m(CompileWorker pid=1892576)[0m compiled for stage:514 name: stage_27_28_acc_grad_1 module id: 1
[2m[36m(CompileWorker pid=1892577)[0m compiled for stage:518 name: stage_28_28_acc_grad_0 module id: 0
[2m[36m(CompileWorker pid=1892577)[0m compiled for stage:518 name: stage_28_28_acc_grad_1 module id: 1
[2m[36m(CompileWorker pid=1892571)[0m compiled for stage:510 name: stage_26_29_acc_grad_0 module id: 0
[2m[36m(CompileWorker pid=1892571)[0m compiled for stage:510 name: stage_26_29_acc_grad_1 module id: 1
[2m[36m(CompileWorker pid=1892569)[0m compiled for stage:499 name: stage_24_31_acc_grad_0 module id: 0
[2m[36m(CompileWorker pid=1892569)[0m compiled for stage:499 name: stage_24_31_acc_grad_1 module id: 1
[2m[36m(CompileWorker pid=1892573)[0m compiled for stage:505 name: stage_25_30_acc_grad_0 module id: 0
[2m[36m(CompileWorker pid=1892568)[0m compiled for stage:511 name: stage_26_30_acc_grad_0 module id: 0
[2m[36m(CompileWorker pid=1892573)[0m compiled for stage:505 name: stage_25_30_acc_grad_1 module id: 1
[2m[36m(CompileWorker pid=1892568)[0m compiled for stage:511 name: stage_26_30_acc_grad_1 module id: 1
[2m[36m(CompileWorker pid=1892576)[0m compiled for stage:519 name: stage_28_29_acc_grad_0 module id: 0
[2m[36m(CompileWorker pid=1892576)[0m compiled for stage:519 name: stage_28_29_acc_grad_1 module id: 1
[2m[36m(CompileWorker pid=1892570)[0m compiled for stage:515 name: stage_27_29_acc_grad_0 module id: 0
[2m[36m(CompileWorker pid=1892570)[0m compiled for stage:515 name: stage_27_29_acc_grad_1 module id: 1
[2m[36m(CompileWorker pid=1892569)[0m compiled for stage:522 name: stage_29_29_acc_grad_0 module id: 0
[2m[36m(CompileWorker pid=1892569)[0m compiled for stage:522 name: stage_29_29_acc_grad_1 module id: 1
[2m[36m(CompileWorker pid=1892567)[0m  tensor (Large latency) dimensions: (1, 4096, 4000, 4000, 1, 1, 1, 1, 1, 1, 0, 0, 'CONV', 1, 1, 0, 0),  latency: 9.66095238095238
[2m[36m(CompileWorker pid=1892578)[0m compiled for stage:506 name: stage_25_31_acc_grad_0 module id: 0
[2m[36m(CompileWorker pid=1892578)[0m compiled for stage:506 name: stage_25_31_acc_grad_1 module id: 1
[2m[36m(CompileWorker pid=1892576)[0m compiled for stage:525 name: stage_30_30_acc_grad_0 module id: 0
[2m[36m(CompileWorker pid=1892576)[0m compiled for stage:525 name: stage_30_30_acc_grad_1 module id: 1
[2m[36m(CompileWorker pid=1892569)[0m compiled for stage:527 name: stage_31_31_acc_grad_0 module id: 0
[2m[36m(CompileWorker pid=1892569)[0m compiled for stage:527 name: stage_31_31_acc_grad_1 module id: 1
[2m[36m(CompileWorker pid=1892572)[0m compiled for stage:516 name: stage_27_30_acc_grad_0 module id: 0
[2m[36m(CompileWorker pid=1892572)[0m compiled for stage:516 name: stage_27_30_acc_grad_1 module id: 1
[2m[36m(CompileWorker pid=1892570)[0m compiled for stage:526 name: stage_30_31_acc_grad_0 module id: 0
[2m[36m(CompileWorker pid=1892573)[0m compiled for stage:523 name: stage_29_30_acc_grad_0 module id: 0
[2m[36m(CompileWorker pid=1892573)[0m compiled for stage:523 name: stage_29_30_acc_grad_1 module id: 1
[2m[36m(CompileWorker pid=1892577)[0m compiled for stage:520 name: stage_28_30_acc_grad_0 module id: 0
[2m[36m(CompileWorker pid=1892570)[0m compiled for stage:526 name: stage_30_31_acc_grad_1 module id: 1
[2m[36m(CompileWorker pid=1892577)[0m compiled for stage:520 name: stage_28_30_acc_grad_1 module id: 1
[2m[36m(CompileWorker pid=1892574)[0m compiled for stage:512 name: stage_26_31_acc_grad_0 module id: 0
[2m[36m(CompileWorker pid=1892574)[0m compiled for stage:512 name: stage_26_31_acc_grad_1 module id: 1
[2m[36m(CompileWorker pid=1892575)[0m compiled for stage:517 name: stage_27_31_acc_grad_0 module id: 0
[2m[36m(CompileWorker pid=1892575)[0m compiled for stage:517 name: stage_27_31_acc_grad_1 module id: 1
[2m[36m(CompileWorker pid=1892571)[0m compiled for stage:521 name: stage_28_31_acc_grad_0 module id: 0
[2m[36m(CompileWorker pid=1892568)[0m compiled for stage:524 name: stage_29_31_acc_grad_0 module id: 0
[2m[36m(CompileWorker pid=1892568)[0m compiled for stage:524 name: stage_29_31_acc_grad_1 module id: 1
[2m[36m(CompileWorker pid=1892571)[0m compiled for stage:521 name: stage_28_31_acc_grad_1 module id: 1
[2m[36m(CompileWorker pid=1892578)[0m  tensor (Large latency) dimensions: (1, 4096, 4000, 4000, 1, 1, 1, 1, 1, 1, 0, 0, 'CONV', 1, 1, 0, 0),  latency: 9.66095238095238
[2m[36m(CompileWorker pid=1892567)[0m  tensor (Large latency) dimensions: (1, 4096, 4096, 4096, 1, 1, 1, 1, 1, 1, 0, 0, 'CONV', 1, 1, 0, 0),  latency: 5.742201904761905
[2m[36m(CompileWorker pid=1892575)[0m  tensor (Large latency) dimensions: (1, 4096, 4000, 4000, 1, 1, 1, 1, 1, 1, 0, 0, 'CONV', 1, 1, 0, 0),  latency: 9.66095238095238
[2m[36m(CompileWorker pid=1892574)[0m  tensor (Large latency) dimensions: (1, 512, 32000, 32000, 1, 1, 1, 1, 1, 1, 0, 0, 'CONV', 1, 1, 0, 0),  latency: 54.97904761904762
[2m[36m(CompileWorker pid=1892578)[0m  tensor (Large latency) dimensions: (1, 4096, 4096, 4096, 1, 1, 1, 1, 1, 1, 0, 0, 'CONV', 1, 1, 0, 0),  latency: 5.742201904761905
[2m[36m(CompileWorker pid=1892571)[0m  tensor (Large latency) dimensions: (1, 4096, 4000, 4000, 1, 1, 1, 1, 1, 1, 0, 0, 'CONV', 1, 1, 0, 0),  latency: 9.66095238095238
[2m[36m(CompileWorker pid=1892575)[0m  tensor (Large latency) dimensions: (1, 4096, 4096, 4096, 1, 1, 1, 1, 1, 1, 0, 0, 'CONV', 1, 1, 0, 0),  latency: 5.742201904761905
[2m[36m(CompileWorker pid=1892574)[0m  tensor (Large latency) dimensions: (1, 4096, 4096, 4096, 1, 1, 1, 1, 1, 1, 0, 0, 'CONV', 1, 1, 0, 0),  latency: 5.742201904761905
[2m[36m(CompileWorker pid=1892571)[0m  tensor (Large latency) dimensions: (1, 4096, 4096, 4096, 1, 1, 1, 1, 1, 1, 0, 0, 'CONV', 1, 1, 0, 0),  latency: 5.742201904761905
- parse estimation results for all stages
result[(0, 0, 3, 0), 0] = ModuleProfileResult(compute_cost=22.104, peak_memory=1.502 GB, invar_size=0.067 GB, outvar_size=1.123 GB, temp_buffer_size=0.313 GB, available_memory=64.000 GB, comm_cost=0.058)
result[(0, 0, 3, 0), 1] = ModuleProfileResult(compute_cost=106.407, peak_memory=1.726 GB, invar_size=1.263 GB, outvar_size=0.067 GB, temp_buffer_size=0.462 GB, available_memory=64.000 GB, comm_cost=0.126)
result[(0, 1, 3, 0), 0] = ModuleProfileResult(compute_cost=42.739, peak_memory=2.548 GB, invar_size=0.125 GB, outvar_size=2.173 GB, temp_buffer_size=0.250 GB, available_memory=64.000 GB, comm_cost=0.134)
result[(0, 1, 3, 0), 1] = ModuleProfileResult(compute_cost=276.459, peak_memory=2.985 GB, invar_size=2.298 GB, outvar_size=0.125 GB, temp_buffer_size=0.688 GB, available_memory=64.000 GB, comm_cost=0.253)
result[(0, 2, 3, 0), 0] = ModuleProfileResult(compute_cost=61.195, peak_memory=3.635 GB, invar_size=0.172 GB, outvar_size=3.213 GB, temp_buffer_size=0.250 GB, available_memory=64.000 GB, comm_cost=0.184)
result[(0, 2, 3, 0), 1] = ModuleProfileResult(compute_cost=411.830, peak_memory=4.076 GB, invar_size=3.385 GB, outvar_size=0.172 GB, temp_buffer_size=0.691 GB, available_memory=64.000 GB, comm_cost=0.379)
result[(0, 3, 3, 0), 0] = ModuleProfileResult(compute_cost=79.651, peak_memory=4.722 GB, invar_size=0.219 GB, outvar_size=4.253 GB, temp_buffer_size=0.250 GB, available_memory=64.000 GB, comm_cost=0.235)
result[(0, 3, 3, 0), 1] = ModuleProfileResult(compute_cost=547.202, peak_memory=5.320 GB, invar_size=4.472 GB, outvar_size=0.219 GB, temp_buffer_size=0.848 GB, available_memory=64.000 GB, comm_cost=0.506)
result[(0, 4, 3, 0), 0] = ModuleProfileResult(compute_cost=98.107, peak_memory=5.809 GB, invar_size=0.266 GB, outvar_size=5.293 GB, temp_buffer_size=0.250 GB, available_memory=64.000 GB, comm_cost=0.286)
result[(0, 4, 3, 0), 1] = ModuleProfileResult(compute_cost=682.574, peak_memory=6.684 GB, invar_size=5.559 GB, outvar_size=0.266 GB, temp_buffer_size=1.125 GB, available_memory=64.000 GB, comm_cost=0.632)
result[(0, 5, 3, 0), 0] = ModuleProfileResult(compute_cost=116.563, peak_memory=6.897 GB, invar_size=0.313 GB, outvar_size=6.333 GB, temp_buffer_size=0.250 GB, available_memory=64.000 GB, comm_cost=0.336)
result[(0, 5, 3, 0), 1] = ModuleProfileResult(compute_cost=817.945, peak_memory=7.709 GB, invar_size=6.647 GB, outvar_size=0.313 GB, temp_buffer_size=1.063 GB, available_memory=64.000 GB, comm_cost=0.759)
result[(0, 6, 3, 0), 0] = ModuleProfileResult(compute_cost=135.019, peak_memory=7.984 GB, invar_size=0.360 GB, outvar_size=7.373 GB, temp_buffer_size=0.250 GB, available_memory=64.000 GB, comm_cost=0.387)
result[(0, 6, 3, 0), 1] = ModuleProfileResult(compute_cost=953.317, peak_memory=8.796 GB, invar_size=7.734 GB, outvar_size=0.360 GB, temp_buffer_size=1.063 GB, available_memory=64.000 GB, comm_cost=0.885)
result[(0, 7, 3, 0), 0] = ModuleProfileResult(compute_cost=153.475, peak_memory=9.071 GB, invar_size=0.408 GB, outvar_size=8.413 GB, temp_buffer_size=0.250 GB, available_memory=64.000 GB, comm_cost=0.437)
result[(0, 7, 3, 0), 1] = ModuleProfileResult(compute_cost=1088.689, peak_memory=9.977 GB, invar_size=8.821 GB, outvar_size=0.408 GB, temp_buffer_size=1.156 GB, available_memory=64.000 GB, comm_cost=1.012)
result[(0, 8, 3, 0), 0] = ModuleProfileResult(compute_cost=171.931, peak_memory=10.158 GB, invar_size=0.455 GB, outvar_size=9.453 GB, temp_buffer_size=0.250 GB, available_memory=64.000 GB, comm_cost=0.488)
result[(0, 8, 3, 0), 1] = ModuleProfileResult(compute_cost=1224.060, peak_memory=11.377 GB, invar_size=9.908 GB, outvar_size=0.455 GB, temp_buffer_size=1.469 GB, available_memory=64.000 GB, comm_cost=1.138)
result[(0, 9, 3, 0), 0] = ModuleProfileResult(compute_cost=190.387, peak_memory=11.245 GB, invar_size=0.502 GB, outvar_size=10.493 GB, temp_buffer_size=0.250 GB, available_memory=64.000 GB, comm_cost=0.539)
result[(0, 9, 3, 0), 1] = ModuleProfileResult(compute_cost=1359.432, peak_memory=12.683 GB, invar_size=10.995 GB, outvar_size=0.502 GB, temp_buffer_size=1.688 GB, available_memory=64.000 GB, comm_cost=1.265)
result[(0, 10, 3, 0), 0] = ModuleProfileResult(compute_cost=208.854, peak_memory=12.332 GB, invar_size=0.549 GB, outvar_size=11.533 GB, temp_buffer_size=0.250 GB, available_memory=64.000 GB, comm_cost=0.592)
result[(0, 10, 3, 0), 1] = ModuleProfileResult(compute_cost=1494.804, peak_memory=13.864 GB, invar_size=12.082 GB, outvar_size=0.549 GB, temp_buffer_size=1.781 GB, available_memory=64.000 GB, comm_cost=1.391)
result[(0, 11, 3, 0), 0] = ModuleProfileResult(compute_cost=227.300, peak_memory=13.420 GB, invar_size=0.596 GB, outvar_size=12.573 GB, temp_buffer_size=0.250 GB, available_memory=64.000 GB, comm_cost=0.640)
result[(0, 11, 3, 0), 1] = ModuleProfileResult(compute_cost=1630.175, peak_memory=14.857 GB, invar_size=13.170 GB, outvar_size=0.596 GB, temp_buffer_size=1.688 GB, available_memory=64.000 GB, comm_cost=1.518)
result[(0, 12, 3, 0), 0] = ModuleProfileResult(compute_cost=245.756, peak_memory=14.507 GB, invar_size=0.643 GB, outvar_size=13.614 GB, temp_buffer_size=0.250 GB, available_memory=64.000 GB, comm_cost=0.690)
result[(0, 12, 3, 0), 1] = ModuleProfileResult(compute_cost=1765.547, peak_memory=16.163 GB, invar_size=14.257 GB, outvar_size=0.643 GB, temp_buffer_size=1.906 GB, available_memory=64.000 GB, comm_cost=1.644)
result[(0, 13, 3, 0), 0] = ModuleProfileResult(compute_cost=264.212, peak_memory=15.594 GB, invar_size=0.690 GB, outvar_size=14.654 GB, temp_buffer_size=0.250 GB, available_memory=64.000 GB, comm_cost=0.741)
result[(0, 13, 3, 0), 1] = ModuleProfileResult(compute_cost=1900.918, peak_memory=17.282 GB, invar_size=15.344 GB, outvar_size=0.690 GB, temp_buffer_size=1.938 GB, available_memory=64.000 GB, comm_cost=1.771)
result[(0, 14, 3, 0), 0] = ModuleProfileResult(compute_cost=282.668, peak_memory=16.681 GB, invar_size=0.738 GB, outvar_size=15.694 GB, temp_buffer_size=0.250 GB, available_memory=64.000 GB, comm_cost=0.792)
result[(0, 14, 3, 0), 1] = ModuleProfileResult(compute_cost=2036.290, peak_memory=18.525 GB, invar_size=16.431 GB, outvar_size=0.738 GB, temp_buffer_size=2.094 GB, available_memory=64.000 GB, comm_cost=1.897)
result[(0, 15, 3, 0), 0] = ModuleProfileResult(compute_cost=301.124, peak_memory=17.768 GB, invar_size=0.785 GB, outvar_size=16.734 GB, temp_buffer_size=0.250 GB, available_memory=64.000 GB, comm_cost=0.842)
result[(0, 15, 3, 0), 1] = ModuleProfileResult(compute_cost=2171.662, peak_memory=19.456 GB, invar_size=17.518 GB, outvar_size=0.785 GB, temp_buffer_size=1.938 GB, available_memory=64.000 GB, comm_cost=2.024)
result[(0, 16, 3, 0), 0] = ModuleProfileResult(compute_cost=319.580, peak_memory=18.856 GB, invar_size=0.832 GB, outvar_size=17.774 GB, temp_buffer_size=0.250 GB, available_memory=64.000 GB, comm_cost=0.893)
result[(0, 16, 3, 0), 1] = ModuleProfileResult(compute_cost=2307.033, peak_memory=20.106 GB, invar_size=18.605 GB, outvar_size=0.832 GB, temp_buffer_size=1.500 GB, available_memory=64.000 GB, comm_cost=2.150)
result[(0, 17, 3, 0), 0] = ModuleProfileResult(compute_cost=338.036, peak_memory=19.943 GB, invar_size=0.879 GB, outvar_size=18.814 GB, temp_buffer_size=0.250 GB, available_memory=64.000 GB, comm_cost=0.943)
result[(0, 17, 3, 0), 1] = ModuleProfileResult(compute_cost=2442.405, peak_memory=21.787 GB, invar_size=19.693 GB, outvar_size=0.879 GB, temp_buffer_size=2.094 GB, available_memory=64.000 GB, comm_cost=2.277)
result[(0, 18, 3, 0), 0] = ModuleProfileResult(compute_cost=356.620, peak_memory=21.092 GB, invar_size=0.926 GB, outvar_size=19.916 GB, temp_buffer_size=0.250 GB, available_memory=64.000 GB, comm_cost=0.997)
result[(0, 18, 3, 0), 1] = ModuleProfileResult(compute_cost=2577.918, peak_memory=22.627 GB, invar_size=20.842 GB, outvar_size=0.926 GB, temp_buffer_size=1.784 GB, available_memory=64.000 GB, comm_cost=2.420)
result[(0, 19, 3, 0), 0] = ModuleProfileResult(compute_cost=385.262, peak_memory=22.828 GB, invar_size=0.989 GB, outvar_size=21.589 GB, temp_buffer_size=0.250 GB, available_memory=64.000 GB, comm_cost=1.082)
result[(0, 19, 3, 0), 1] = ModuleProfileResult(compute_cost=2736.243, peak_memory=24.386 GB, invar_size=22.578 GB, outvar_size=0.989 GB, temp_buffer_size=1.808 GB, available_memory=64.000 GB, comm_cost=2.639)
result[(0, 20, 3, 0), 0] = ModuleProfileResult(compute_cost=403.741, peak_memory=23.915 GB, invar_size=1.036 GB, outvar_size=22.629 GB, temp_buffer_size=0.250 GB, available_memory=64.000 GB, comm_cost=1.155)
result[(0, 20, 3, 0), 1] = ModuleProfileResult(compute_cost=2871.652, peak_memory=25.154 GB, invar_size=23.665 GB, outvar_size=1.036 GB, temp_buffer_size=1.488 GB, available_memory=64.000 GB, comm_cost=2.803)
result[(0, 21, 3, 0), 0] = ModuleProfileResult(compute_cost=422.166, peak_memory=25.002 GB, invar_size=1.083 GB, outvar_size=23.669 GB, temp_buffer_size=0.250 GB, available_memory=64.000 GB, comm_cost=1.175)
result[(0, 21, 3, 0), 1] = ModuleProfileResult(compute_cost=3006.991, peak_memory=26.448 GB, invar_size=24.752 GB, outvar_size=1.083 GB, temp_buffer_size=1.695 GB, available_memory=64.000 GB, comm_cost=2.897)
result[(0, 22, 3, 0), 0] = ModuleProfileResult(compute_cost=440.659, peak_memory=26.090 GB, invar_size=1.130 GB, outvar_size=24.709 GB, temp_buffer_size=0.250 GB, available_memory=64.000 GB, comm_cost=1.263)
result[(0, 22, 3, 0), 1] = ModuleProfileResult(compute_cost=3142.405, peak_memory=27.645 GB, invar_size=25.840 GB, outvar_size=1.130 GB, temp_buffer_size=1.806 GB, available_memory=64.000 GB, comm_cost=3.066)
result[(0, 23, 3, 0), 0] = ModuleProfileResult(compute_cost=459.168, peak_memory=27.177 GB, invar_size=1.177 GB, outvar_size=25.749 GB, temp_buffer_size=0.250 GB, available_memory=64.000 GB, comm_cost=1.366)
result[(0, 23, 3, 0), 1] = ModuleProfileResult(compute_cost=3277.918, peak_memory=29.123 GB, invar_size=26.927 GB, outvar_size=1.177 GB, temp_buffer_size=2.197 GB, available_memory=64.000 GB, comm_cost=3.333)
result[(0, 24, 3, 0), 0] = ModuleProfileResult(compute_cost=477.531, peak_memory=28.264 GB, invar_size=1.225 GB, outvar_size=26.789 GB, temp_buffer_size=0.250 GB, available_memory=64.000 GB, comm_cost=1.323)
result[(0, 24, 3, 0), 1] = ModuleProfileResult(compute_cost=3413.131, peak_memory=29.670 GB, invar_size=28.014 GB, outvar_size=1.225 GB, temp_buffer_size=1.656 GB, available_memory=64.000 GB, comm_cost=3.301)
result[(0, 25, 3, 0), 0] = ModuleProfileResult(compute_cost=495.987, peak_memory=29.351 GB, invar_size=1.272 GB, outvar_size=27.830 GB, temp_buffer_size=0.250 GB, available_memory=64.000 GB, comm_cost=1.373)
result[(0, 25, 3, 0), 1] = ModuleProfileResult(compute_cost=3548.494, peak_memory=30.805 GB, invar_size=29.101 GB, outvar_size=1.272 GB, temp_buffer_size=1.704 GB, available_memory=64.000 GB, comm_cost=3.420)
result[(0, 26, 3, 0), 0] = ModuleProfileResult(compute_cost=514.446, peak_memory=30.438 GB, invar_size=1.319 GB, outvar_size=28.870 GB, temp_buffer_size=0.250 GB, available_memory=64.000 GB, comm_cost=1.427)
result[(0, 26, 3, 0), 1] = ModuleProfileResult(compute_cost=3683.888, peak_memory=31.776 GB, invar_size=30.188 GB, outvar_size=1.319 GB, temp_buffer_size=1.588 GB, available_memory=64.000 GB, comm_cost=3.568)
result[(0, 27, 3, 0), 0] = ModuleProfileResult(compute_cost=533.132, peak_memory=31.526 GB, invar_size=1.393 GB, outvar_size=29.882 GB, temp_buffer_size=0.250 GB, available_memory=64.000 GB, comm_cost=1.544)
result[(0, 27, 3, 0), 1] = ModuleProfileResult(compute_cost=3825.094, peak_memory=33.195 GB, invar_size=31.330 GB, outvar_size=1.393 GB, temp_buffer_size=1.865 GB, available_memory=64.000 GB, comm_cost=3.794)
result[(0, 28, 3, 0), 0] = ModuleProfileResult(compute_cost=551.364, peak_memory=32.613 GB, invar_size=1.413 GB, outvar_size=30.950 GB, temp_buffer_size=0.250 GB, available_memory=64.000 GB, comm_cost=1.534)
result[(0, 28, 3, 0), 1] = ModuleProfileResult(compute_cost=3954.634, peak_memory=34.155 GB, invar_size=32.363 GB, outvar_size=1.413 GB, temp_buffer_size=1.792 GB, available_memory=64.000 GB, comm_cost=3.824)
result[(0, 29, 3, 0), 0] = ModuleProfileResult(compute_cost=569.811, peak_memory=33.700 GB, invar_size=1.460 GB, outvar_size=31.990 GB, temp_buffer_size=0.250 GB, available_memory=64.000 GB, comm_cost=1.576)
result[(0, 29, 3, 0), 1] = ModuleProfileResult(compute_cost=4089.986, peak_memory=35.190 GB, invar_size=33.450 GB, outvar_size=1.460 GB, temp_buffer_size=1.740 GB, available_memory=64.000 GB, comm_cost=3.931)
result[(0, 30, 3, 0), 0] = ModuleProfileResult(compute_cost=588.420, peak_memory=34.787 GB, invar_size=1.535 GB, outvar_size=33.002 GB, temp_buffer_size=0.250 GB, available_memory=64.000 GB, comm_cost=1.615)
result[(0, 30, 3, 0), 1] = ModuleProfileResult(compute_cost=4231.137, peak_memory=36.313 GB, invar_size=34.592 GB, outvar_size=1.535 GB, temp_buffer_size=1.722 GB, available_memory=64.000 GB, comm_cost=4.102)
result[(0, 31, 3, 0), 0] = ModuleProfileResult(compute_cost=597.242, peak_memory=39.130 GB, invar_size=1.569 GB, outvar_size=33.561 GB, temp_buffer_size=4.000 GB, available_memory=64.000 GB, comm_cost=1.660)
Using pre computed peak Mem for (0, 31, 3, 0), module 1
result[(0, 31, 3, 0), 1] = ModuleProfileResult(compute_cost=4399.661, peak_memory=78.400 GB, invar_size=35.130 GB, outvar_size=1.569 GB, temp_buffer_size=43.270 GB, available_memory=64.000 GB, comm_cost=4.319)
result[(1, 1, 3, 0), 0] = ModuleProfileResult(compute_cost=20.665, peak_memory=1.567 GB, invar_size=0.204 GB, outvar_size=1.113 GB, temp_buffer_size=0.250 GB, available_memory=64.000 GB, comm_cost=0.083)
result[(1, 1, 3, 0), 1] = ModuleProfileResult(compute_cost=170.051, peak_memory=1.769 GB, invar_size=1.255 GB, outvar_size=0.131 GB, temp_buffer_size=0.441 GB, available_memory=64.000 GB, comm_cost=0.126)
result[(1, 2, 3, 0), 0] = ModuleProfileResult(compute_cost=39.122, peak_memory=2.581 GB, invar_size=0.178 GB, outvar_size=2.153 GB, temp_buffer_size=0.250 GB, available_memory=64.000 GB, comm_cost=0.134)
result[(1, 2, 3, 0), 1] = ModuleProfileResult(compute_cost=305.423, peak_memory=2.966 GB, invar_size=2.268 GB, outvar_size=0.178 GB, temp_buffer_size=0.625 GB, available_memory=64.000 GB, comm_cost=0.253)
result[(1, 3, 3, 0), 0] = ModuleProfileResult(compute_cost=57.578, peak_memory=3.668 GB, invar_size=0.225 GB, outvar_size=3.193 GB, temp_buffer_size=0.250 GB, available_memory=64.000 GB, comm_cost=0.184)
result[(1, 3, 3, 0), 1] = ModuleProfileResult(compute_cost=440.795, peak_memory=4.054 GB, invar_size=3.356 GB, outvar_size=0.225 GB, temp_buffer_size=0.625 GB, available_memory=64.000 GB, comm_cost=0.379)
result[(1, 4, 3, 0), 0] = ModuleProfileResult(compute_cost=76.034, peak_memory=4.829 GB, invar_size=0.346 GB, outvar_size=4.233 GB, temp_buffer_size=0.250 GB, available_memory=64.000 GB, comm_cost=0.235)
result[(1, 4, 3, 0), 1] = ModuleProfileResult(compute_cost=576.166, peak_memory=5.443 GB, invar_size=4.516 GB, outvar_size=0.272 GB, temp_buffer_size=0.854 GB, available_memory=64.000 GB, comm_cost=0.506)
result[(1, 5, 3, 0), 0] = ModuleProfileResult(compute_cost=94.490, peak_memory=5.842 GB, invar_size=0.319 GB, outvar_size=5.273 GB, temp_buffer_size=0.250 GB, available_memory=64.000 GB, comm_cost=0.286)
result[(1, 5, 3, 0), 1] = ModuleProfileResult(compute_cost=711.538, peak_memory=6.603 GB, invar_size=5.530 GB, outvar_size=0.319 GB, temp_buffer_size=1.000 GB, available_memory=64.000 GB, comm_cost=0.632)
result[(1, 6, 3, 0), 0] = ModuleProfileResult(compute_cost=112.946, peak_memory=6.930 GB, invar_size=0.366 GB, outvar_size=6.313 GB, temp_buffer_size=0.250 GB, available_memory=64.000 GB, comm_cost=0.336)
result[(1, 6, 3, 0), 1] = ModuleProfileResult(compute_cost=846.910, peak_memory=7.690 GB, invar_size=6.617 GB, outvar_size=0.366 GB, temp_buffer_size=1.000 GB, available_memory=64.000 GB, comm_cost=0.759)
result[(1, 7, 3, 0), 0] = ModuleProfileResult(compute_cost=131.402, peak_memory=8.017 GB, invar_size=0.413 GB, outvar_size=7.353 GB, temp_buffer_size=0.250 GB, available_memory=64.000 GB, comm_cost=0.387)
result[(1, 7, 3, 0), 1] = ModuleProfileResult(compute_cost=982.281, peak_memory=8.777 GB, invar_size=7.704 GB, outvar_size=0.413 GB, temp_buffer_size=1.000 GB, available_memory=64.000 GB, comm_cost=0.885)
result[(1, 8, 3, 0), 0] = ModuleProfileResult(compute_cost=149.858, peak_memory=9.104 GB, invar_size=0.461 GB, outvar_size=8.393 GB, temp_buffer_size=0.250 GB, available_memory=64.000 GB, comm_cost=0.437)
result[(1, 8, 3, 0), 1] = ModuleProfileResult(compute_cost=1117.653, peak_memory=9.958 GB, invar_size=8.791 GB, outvar_size=0.461 GB, temp_buffer_size=1.094 GB, available_memory=64.000 GB, comm_cost=1.012)
result[(1, 9, 3, 0), 0] = ModuleProfileResult(compute_cost=168.314, peak_memory=10.191 GB, invar_size=0.508 GB, outvar_size=9.433 GB, temp_buffer_size=0.250 GB, available_memory=64.000 GB, comm_cost=0.488)
result[(1, 9, 3, 0), 1] = ModuleProfileResult(compute_cost=1253.025, peak_memory=11.358 GB, invar_size=9.879 GB, outvar_size=0.508 GB, temp_buffer_size=1.406 GB, available_memory=64.000 GB, comm_cost=1.138)
result[(1, 10, 3, 0), 0] = ModuleProfileResult(compute_cost=186.770, peak_memory=11.352 GB, invar_size=0.628 GB, outvar_size=10.473 GB, temp_buffer_size=0.250 GB, available_memory=64.000 GB, comm_cost=0.539)
result[(1, 10, 3, 0), 1] = ModuleProfileResult(compute_cost=1388.396, peak_memory=12.748 GB, invar_size=11.039 GB, outvar_size=0.555 GB, temp_buffer_size=1.636 GB, available_memory=64.000 GB, comm_cost=1.265)
result[(1, 11, 3, 0), 0] = ModuleProfileResult(compute_cost=205.226, peak_memory=12.365 GB, invar_size=0.602 GB, outvar_size=11.513 GB, temp_buffer_size=0.250 GB, available_memory=64.000 GB, comm_cost=0.589)
result[(1, 11, 3, 0), 1] = ModuleProfileResult(compute_cost=1523.768, peak_memory=13.845 GB, invar_size=12.053 GB, outvar_size=0.602 GB, temp_buffer_size=1.719 GB, available_memory=64.000 GB, comm_cost=1.391)
result[(1, 12, 3, 0), 0] = ModuleProfileResult(compute_cost=223.682, peak_memory=13.453 GB, invar_size=0.649 GB, outvar_size=12.553 GB, temp_buffer_size=0.250 GB, available_memory=64.000 GB, comm_cost=0.640)
result[(1, 12, 3, 0), 1] = ModuleProfileResult(compute_cost=1659.140, peak_memory=14.838 GB, invar_size=13.140 GB, outvar_size=0.649 GB, temp_buffer_size=1.625 GB, available_memory=64.000 GB, comm_cost=1.518)
result[(1, 13, 3, 0), 0] = ModuleProfileResult(compute_cost=242.138, peak_memory=14.540 GB, invar_size=0.696 GB, outvar_size=13.594 GB, temp_buffer_size=0.250 GB, available_memory=64.000 GB, comm_cost=0.690)
result[(1, 13, 3, 0), 1] = ModuleProfileResult(compute_cost=1794.511, peak_memory=16.144 GB, invar_size=14.227 GB, outvar_size=0.696 GB, temp_buffer_size=1.844 GB, available_memory=64.000 GB, comm_cost=1.644)
result[(1, 14, 3, 0), 0] = ModuleProfileResult(compute_cost=260.595, peak_memory=15.627 GB, invar_size=0.743 GB, outvar_size=14.634 GB, temp_buffer_size=0.250 GB, available_memory=64.000 GB, comm_cost=0.741)
result[(1, 14, 3, 0), 1] = ModuleProfileResult(compute_cost=1929.883, peak_memory=17.262 GB, invar_size=15.314 GB, outvar_size=0.743 GB, temp_buffer_size=1.875 GB, available_memory=64.000 GB, comm_cost=1.771)
result[(1, 15, 3, 0), 0] = ModuleProfileResult(compute_cost=279.051, peak_memory=16.714 GB, invar_size=0.791 GB, outvar_size=15.674 GB, temp_buffer_size=0.250 GB, available_memory=64.000 GB, comm_cost=0.792)
result[(1, 15, 3, 0), 1] = ModuleProfileResult(compute_cost=2065.255, peak_memory=18.506 GB, invar_size=16.402 GB, outvar_size=0.791 GB, temp_buffer_size=2.031 GB, available_memory=64.000 GB, comm_cost=1.897)
result[(1, 16, 3, 0), 0] = ModuleProfileResult(compute_cost=297.507, peak_memory=17.801 GB, invar_size=0.838 GB, outvar_size=16.714 GB, temp_buffer_size=0.250 GB, available_memory=64.000 GB, comm_cost=0.842)
result[(1, 16, 3, 0), 1] = ModuleProfileResult(compute_cost=2200.626, peak_memory=19.437 GB, invar_size=17.489 GB, outvar_size=0.838 GB, temp_buffer_size=1.875 GB, available_memory=64.000 GB, comm_cost=2.024)
result[(1, 17, 3, 0), 0] = ModuleProfileResult(compute_cost=315.963, peak_memory=18.888 GB, invar_size=0.885 GB, outvar_size=17.754 GB, temp_buffer_size=0.250 GB, available_memory=64.000 GB, comm_cost=0.893)
result[(1, 17, 3, 0), 1] = ModuleProfileResult(compute_cost=2335.998, peak_memory=20.087 GB, invar_size=18.576 GB, outvar_size=0.885 GB, temp_buffer_size=1.438 GB, available_memory=64.000 GB, comm_cost=2.150)
result[(1, 18, 3, 0), 0] = ModuleProfileResult(compute_cost=334.544, peak_memory=20.038 GB, invar_size=0.932 GB, outvar_size=18.856 GB, temp_buffer_size=0.250 GB, available_memory=64.000 GB, comm_cost=0.943)
result[(1, 18, 3, 0), 1] = ModuleProfileResult(compute_cost=2471.494, peak_memory=21.830 GB, invar_size=19.726 GB, outvar_size=0.932 GB, temp_buffer_size=2.031 GB, available_memory=64.000 GB, comm_cost=2.277)
result[(1, 19, 3, 0), 0] = ModuleProfileResult(compute_cost=363.189, peak_memory=21.847 GB, invar_size=1.068 GB, outvar_size=20.529 GB, temp_buffer_size=0.250 GB, available_memory=64.000 GB, comm_cost=1.031)
result[(1, 19, 3, 0), 1] = ModuleProfileResult(compute_cost=2629.830, peak_memory=23.098 GB, invar_size=21.535 GB, outvar_size=0.995 GB, temp_buffer_size=1.490 GB, available_memory=64.000 GB, comm_cost=2.507)
result[(1, 20, 3, 0), 0] = ModuleProfileResult(compute_cost=381.659, peak_memory=22.861 GB, invar_size=1.042 GB, outvar_size=21.569 GB, temp_buffer_size=0.250 GB, available_memory=64.000 GB, comm_cost=1.096)
result[(1, 20, 3, 0), 1] = ModuleProfileResult(compute_cost=2765.227, peak_memory=24.345 GB, invar_size=22.549 GB, outvar_size=1.042 GB, temp_buffer_size=1.724 GB, available_memory=64.000 GB, comm_cost=2.658)
result[(1, 21, 3, 0), 0] = ModuleProfileResult(compute_cost=400.161, peak_memory=23.948 GB, invar_size=1.089 GB, outvar_size=22.609 GB, temp_buffer_size=0.250 GB, available_memory=64.000 GB, comm_cost=1.193)
result[(1, 21, 3, 0), 1] = ModuleProfileResult(compute_cost=2900.659, peak_memory=25.265 GB, invar_size=23.636 GB, outvar_size=1.089 GB, temp_buffer_size=1.556 GB, available_memory=64.000 GB, comm_cost=2.846)
Using pre computed peak Mem for (1, 22, 3, 0), module 0
