2026-02-21 13:38:26,479	INFO worker.py:1352 -- Connecting to existing Ray cluster at address: 172.27.147.10:6379...
2026-02-21 13:38:28,740	INFO worker.py:1538 -- Connected to Ray cluster.
2026-02-21 13:40:49.294846: E external/org_tensorflow/tensorflow/compiler/xla/service/slow_operation_alarm.cc:65] Constant folding an instruction is taking > 1s:

  pad.1 (displaying the full instruction incurs a runtime overhead. Raise your logging level to 4 or above).

This isn't necessarily a bug; constant-folding is inherently a trade-off between compilation time and speed at runtime.  XLA has some guards that attempt to keep constant folding from taking too long, but fundamentally you'll always be able to come up with an input program that takes a long time.

If you'd like to file a bug, run with envvar XLA_FLAGS=--xla_dump_to=/tmp/foo and attach the results.
2026-02-21 13:40:50.430461: E external/org_tensorflow/tensorflow/compiler/xla/service/slow_operation_alarm.cc:133] The operation took 2.13603129s
Constant folding an instruction is taking > 1s:

  pad.1 (displaying the full instruction incurs a runtime overhead. Raise your logging level to 4 or above).

This isn't necessarily a bug; constant-folding is inherently a trade-off between compilation time and speed at runtime.  XLA has some guards that attempt to keep constant folding from taking too long, but fundamentally you'll always be able to come up with an input program that takes a long time.

If you'd like to file a bug, run with envvar XLA_FLAGS=--xla_dump_to=/tmp/foo and attach the results.
2026-02-21 13:41:07.977943: E external/org_tensorflow/tensorflow/compiler/xla/service/slow_operation_alarm.cc:65] Constant folding an instruction is taking > 2s:

  pad.2 (displaying the full instruction incurs a runtime overhead. Raise your logging level to 4 or above).

This isn't necessarily a bug; constant-folding is inherently a trade-off between compilation time and speed at runtime.  XLA has some guards that attempt to keep constant folding from taking too long, but fundamentally you'll always be able to come up with an input program that takes a long time.

If you'd like to file a bug, run with envvar XLA_FLAGS=--xla_dump_to=/tmp/foo and attach the results.
2026-02-21 13:41:08.120293: E external/org_tensorflow/tensorflow/compiler/xla/service/slow_operation_alarm.cc:133] The operation took 2.142410951s
Constant folding an instruction is taking > 2s:

  pad.2 (displaying the full instruction incurs a runtime overhead. Raise your logging level to 4 or above).

This isn't necessarily a bug; constant-folding is inherently a trade-off between compilation time and speed at runtime.  XLA has some guards that attempt to keep constant folding from taking too long, but fundamentally you'll always be able to come up with an input program that takes a long time.

If you'd like to file a bug, run with envvar XLA_FLAGS=--xla_dump_to=/tmp/foo and attach the results.
Running with: num_nodes=8, total_devices=64, num_layers=4, num_microbatch=4096
Compiling and running parallelized training step...
-------------------- Automatic stage clustering --------------------
submesh_choices: ((1, 1), (1, 2), (1, 4), (1, 8), (2, 8), (4, 8), (8, 8))
- Profiling for submesh 6 (8, 8):
- Generate all stage infos (Jaxpr -> HLO)
- Compile all stages, get estimations
num of workers:1
[2m[36m(CompileWorker pid=2608224)[0m compiled for stage:0 name: stage_0_4_acc_grad_0 module id: 0
[2m[36m(CompileWorker pid=2608224)[0m  tensor (Large latency) dimensions: (1, 4096, 1024, 4096, 1, 1, 1, 1, 1, 1, 0, 0, 'CONV', 1, 1, 0, 0),  latency: 1.4355504761904763
[2m[36m(CompileWorker pid=2608224)[0m compiled for stage:0 name: stage_0_4_acc_grad_1 module id: 1
[2m[36m(CompileWorker pid=2608224)[0m  tensor (Large latency) dimensions: (1, 64, 14336, 14336, 1, 1, 1, 1, 1, 1, 0, 0, 'CONV', 1, 1, 0, 0),  latency: 6.157653333333333
[2m[36m(CompileWorker pid=2608224)[0m  tensor (Large latency) dimensions: (1, 4096, 4096, 4096, 1, 1, 1, 1, 1, 1, 0, 0, 'CONV', 1, 1, 0, 0),  latency: 5.742201904761905
[2m[36m(CompileWorker pid=2608224)[0m  tensor (Large latency) dimensions: (1, 4096, 4096, 4096, 1, 1, 1, 1, 1, 1, 0, 0, 'CONV', 1, 1, 0, 0),  latency: 5.742201904761905
[2m[36m(CompileWorker pid=2608224)[0m  tensor (Large latency) dimensions: (1, 4096, 4096, 4096, 1, 1, 1, 1, 1, 1, 0, 0, 'CONV', 1, 1, 0, 0),  latency: 5.742201904761905
[2m[36m(CompileWorker pid=2608224)[0m  tensor (Large latency) dimensions: (1, 4096, 4096, 4096, 1, 1, 1, 1, 1, 1, 0, 0, 'CONV', 1, 1, 0, 0),  latency: 5.742201904761905
- parse estimation results for all stages
Using pre computed peak Mem for (0, 4, 6, 0), module 0
result[(0, 4, 6, 0), 0] = ModuleProfileResult(compute_cost=85.523, peak_memory=5.000 GB, invar_size=3.618 GB, outvar_size=9.516 GB, temp_buffer_size=-8.134 GB, available_memory=64.000 GB, comm_cost=2.270)
Using pre computed peak Mem for (0, 4, 6, 0), module 1
result[(0, 4, 6, 0), 1] = ModuleProfileResult(compute_cost=739.738, peak_memory=8.750 GB, invar_size=13.134 GB, outvar_size=3.618 GB, temp_buffer_size=-4.384 GB, available_memory=64.000 GB, comm_cost=17.589)
Profiling for submesh 6 (8, 8) takes 3361.42 seconds
--------------------------------------------------
- Profiling for submesh 5 (4, 8):
- Generate all stage infos (Jaxpr -> HLO)
- Compile all stages, get estimations
num of workers:12
[2m[36m(CompileWorker pid=2612637)[0m compiled for stage:9 name: stage_2_2_acc_grad_0 module id: 0
[2m[36m(CompileWorker pid=2612641)[0m compiled for stage:5 name: stage_1_1_acc_grad_0 module id: 0
[2m[36m(CompileWorker pid=2612636)[0m compiled for stage:10 name: stage_2_3_acc_grad_0 module id: 0
[2m[36m(CompileWorker pid=2612646)[0m compiled for stage:0 name: stage_0_0_acc_grad_0 module id: 0
[2m[36m(CompileWorker pid=2612640)[0m compiled for stage:6 name: stage_1_2_acc_grad_0 module id: 0
[2m[36m(CompileWorker pid=2612635)[0m compiled for stage:11 name: stage_2_4_acc_grad_0 module id: 0
[2m[36m(CompileWorker pid=2612639)[0m compiled for stage:7 name: stage_1_3_acc_grad_0 module id: 0
[2m[36m(CompileWorker pid=2612645)[0m compiled for stage:1 name: stage_0_1_acc_grad_0 module id: 0
[2m[36m(CompileWorker pid=2612644)[0m compiled for stage:2 name: stage_0_2_acc_grad_0 module id: 0
[2m[36m(CompileWorker pid=2612638)[0m compiled for stage:8 name: stage_1_4_acc_grad_0 module id: 0
[2m[36m(CompileWorker pid=2612643)[0m compiled for stage:3 name: stage_0_3_acc_grad_0 module id: 0
[2m[36m(CompileWorker pid=2612637)[0m  tensor (Large latency) dimensions: (1, 128, 14336, 4096, 1, 1, 1, 1, 1, 1, 0, 0, 'CONV', 1, 1, 0, 0),  latency: 1.7749333333333333
[2m[36m(CompileWorker pid=2612645)[0m  tensor (Large latency) dimensions: (1, 4096, 4096, 1000, 1, 1, 1, 1, 1, 1, 0, 0, 'CONV', 1, 1, 0, 0),  latency: 1.2248990476190476
[2m[36m(CompileWorker pid=2612643)[0m  tensor (Large latency) dimensions: (1, 4096, 4096, 1000, 1, 1, 1, 1, 1, 1, 0, 0, 'CONV', 1, 1, 0, 0),  latency: 1.2248990476190476
[2m[36m(CompileWorker pid=2612644)[0m  tensor (Large latency) dimensions: (1, 4096, 4096, 1000, 1, 1, 1, 1, 1, 1, 0, 0, 'CONV', 1, 1, 0, 0),  latency: 1.2248990476190476
[2m[36m(CompileWorker pid=2612646)[0m  tensor (Large latency) dimensions: (1, 4096, 4096, 1000, 1, 1, 1, 1, 1, 1, 0, 0, 'CONV', 1, 1, 0, 0),  latency: 1.2248990476190476
[2m[36m(CompileWorker pid=2612637)[0m  tensor (Large latency) dimensions: (1, 4096, 4096, 14336, 1, 1, 1, 1, 1, 1, 0, 0, 'CONV', 1, 1, 0, 0),  latency: 20.72185904761905
[2m[36m(CompileWorker pid=2612637)[0m compiled for stage:9 name: stage_2_2_acc_grad_1 module id: 1
[2m[36m(CompileWorker pid=2612642)[0m compiled for stage:4 name: stage_0_4_acc_grad_0 module id: 0
[2m[36m(CompileWorker pid=2612637)[0m  tensor (Large latency) dimensions: (1, 128, 14336, 14336, 1, 1, 1, 1, 1, 1, 0, 0, 'CONV', 1, 1, 0, 0),  latency: 6.2805333333333335
[2m[36m(CompileWorker pid=2612642)[0m  tensor (Large latency) dimensions: (1, 4096, 4096, 1000, 1, 1, 1, 1, 1, 1, 0, 0, 'CONV', 1, 1, 0, 0),  latency: 1.2248990476190476
[2m[36m(CompileWorker pid=2612637)[0m compiled for stage:12 name: stage_3_3_acc_grad_0 module id: 0
[2m[36m(CompileWorker pid=2612636)[0m compiled for stage:10 name: stage_2_3_acc_grad_1 module id: 1
[2m[36m(CompileWorker pid=2612640)[0m compiled for stage:6 name: stage_1_2_acc_grad_1 module id: 1
[2m[36m(CompileWorker pid=2612641)[0m compiled for stage:5 name: stage_1_1_acc_grad_1 module id: 1
[2m[36m(CompileWorker pid=2612635)[0m compiled for stage:11 name: stage_2_4_acc_grad_1 module id: 1
[2m[36m(CompileWorker pid=2612639)[0m compiled for stage:7 name: stage_1_3_acc_grad_1 module id: 1
[2m[36m(CompileWorker pid=2612646)[0m compiled for stage:0 name: stage_0_0_acc_grad_1 module id: 1
[2m[36m(CompileWorker pid=2612640)[0m  tensor (Large latency) dimensions: (1, 128, 14336, 14336, 1, 1, 1, 1, 1, 1, 0, 0, 'CONV', 1, 1, 0, 0),  latency: 6.2805333333333335
[2m[36m(CompileWorker pid=2612645)[0m compiled for stage:1 name: stage_0_1_acc_grad_1 module id: 1
[2m[36m(CompileWorker pid=2612638)[0m compiled for stage:8 name: stage_1_4_acc_grad_1 module id: 1
[2m[36m(CompileWorker pid=2612635)[0m  tensor (Large latency) dimensions: (1, 128, 14336, 14336, 1, 1, 1, 1, 1, 1, 0, 0, 'CONV', 1, 1, 0, 0),  latency: 6.2805333333333335
[2m[36m(CompileWorker pid=2612637)[0m compiled for stage:12 name: stage_3_3_acc_grad_1 module id: 1
[2m[36m(CompileWorker pid=2612643)[0m compiled for stage:3 name: stage_0_3_acc_grad_1 module id: 1
[2m[36m(CompileWorker pid=2612638)[0m  tensor (Large latency) dimensions: (1, 128, 14336, 14336, 1, 1, 1, 1, 1, 1, 0, 0, 'CONV', 1, 1, 0, 0),  latency: 6.2805333333333335
[2m[36m(CompileWorker pid=2612644)[0m compiled for stage:2 name: stage_0_2_acc_grad_1 module id: 1
[2m[36m(CompileWorker pid=2612640)[0m  tensor (Large latency) dimensions: (1, 4096, 4096, 4096, 1, 1, 1, 1, 1, 1, 0, 0, 'CONV', 1, 1, 0, 0),  latency: 5.742201904761905
[2m[36m(CompileWorker pid=2612636)[0m  tensor (Large latency) dimensions: (1, 4096, 4096, 4096, 1, 1, 1, 1, 1, 1, 0, 0, 'CONV', 1, 1, 0, 0),  latency: 5.742201904761905
[2m[36m(CompileWorker pid=2612641)[0m  tensor (Large latency) dimensions: (1, 4096, 4096, 4096, 1, 1, 1, 1, 1, 1, 0, 0, 'CONV', 1, 1, 0, 0),  latency: 5.742201904761905
[2m[36m(CompileWorker pid=2612644)[0m  tensor (Large latency) dimensions: (1, 128, 14336, 14336, 1, 1, 1, 1, 1, 1, 0, 0, 'CONV', 1, 1, 0, 0),  latency: 6.2805333333333335
[2m[36m(CompileWorker pid=2612635)[0m  tensor (Large latency) dimensions: (1, 4096, 4096, 4096, 1, 1, 1, 1, 1, 1, 0, 0, 'CONV', 1, 1, 0, 0),  latency: 5.742201904761905
[2m[36m(CompileWorker pid=2612639)[0m  tensor (Large latency) dimensions: (1, 4096, 4096, 4096, 1, 1, 1, 1, 1, 1, 0, 0, 'CONV', 1, 1, 0, 0),  latency: 5.742201904761905
[2m[36m(CompileWorker pid=2612646)[0m  tensor (Large latency) dimensions: (1, 4096, 4096, 4096, 1, 1, 1, 1, 1, 1, 0, 0, 'CONV', 1, 1, 0, 0),  latency: 5.742201904761905
[2m[36m(CompileWorker pid=2612636)[0m  tensor (Large latency) dimensions: (1, 4096, 4096, 4096, 1, 1, 1, 1, 1, 1, 0, 0, 'CONV', 1, 1, 0, 0),  latency: 5.742201904761905
[2m[36m(CompileWorker pid=2612641)[0m  tensor (Large latency) dimensions: (1, 4096, 4096, 4096, 1, 1, 1, 1, 1, 1, 0, 0, 'CONV', 1, 1, 0, 0),  latency: 5.742201904761905
[2m[36m(CompileWorker pid=2612637)[0m  tensor (Large latency) dimensions: (1, 4096, 4096, 4096, 1, 1, 1, 1, 1, 1, 0, 0, 'CONV', 1, 1, 0, 0),  latency: 5.742201904761905
[2m[36m(CompileWorker pid=2612638)[0m  tensor (Large latency) dimensions: (1, 4096, 4096, 4096, 1, 1, 1, 1, 1, 1, 0, 0, 'CONV', 1, 1, 0, 0),  latency: 5.742201904761905
[2m[36m(CompileWorker pid=2612636)[0m  tensor (Large latency) dimensions: (1, 128, 14336, 14336, 1, 1, 1, 1, 1, 1, 0, 0, 'CONV', 1, 1, 0, 0),  latency: 6.2805333333333335
[2m[36m(CompileWorker pid=2612641)[0m  tensor (Large latency) dimensions: (1, 128, 14336, 14336, 1, 1, 1, 1, 1, 1, 0, 0, 'CONV', 1, 1, 0, 0),  latency: 6.2805333333333335
[2m[36m(CompileWorker pid=2612646)[0m  tensor (Large latency) dimensions: (1, 4096, 4096, 4096, 1, 1, 1, 1, 1, 1, 0, 0, 'CONV', 1, 1, 0, 0),  latency: 5.742201904761905
[2m[36m(CompileWorker pid=2612642)[0m compiled for stage:4 name: stage_0_4_acc_grad_1 module id: 1
[2m[36m(CompileWorker pid=2612645)[0m  tensor (Large latency) dimensions: (1, 4096, 4096, 4096, 1, 1, 1, 1, 1, 1, 0, 0, 'CONV', 1, 1, 0, 0),  latency: 5.742201904761905
[2m[36m(CompileWorker pid=2612639)[0m  tensor (Large latency) dimensions: (1, 4096, 4096, 4096, 1, 1, 1, 1, 1, 1, 0, 0, 'CONV', 1, 1, 0, 0),  latency: 5.742201904761905
[2m[36m(CompileWorker pid=2612637)[0m  tensor (Large latency) dimensions: (1, 4096, 4096, 4096, 1, 1, 1, 1, 1, 1, 0, 0, 'CONV', 1, 1, 0, 0),  latency: 5.742201904761905
[2m[36m(CompileWorker pid=2612644)[0m  tensor (Large latency) dimensions: (1, 4096, 4096, 4096, 1, 1, 1, 1, 1, 1, 0, 0, 'CONV', 1, 1, 0, 0),  latency: 5.742201904761905
[2m[36m(CompileWorker pid=2612646)[0m  tensor (Large latency) dimensions: (1, 128, 14336, 14336, 1, 1, 1, 1, 1, 1, 0, 0, 'CONV', 1, 1, 0, 0),  latency: 6.2805333333333335
[2m[36m(CompileWorker pid=2612639)[0m  tensor (Large latency) dimensions: (1, 128, 14336, 14336, 1, 1, 1, 1, 1, 1, 0, 0, 'CONV', 1, 1, 0, 0),  latency: 6.2805333333333335
[2m[36m(CompileWorker pid=2612635)[0m  tensor (Large latency) dimensions: (1, 4096, 4096, 4096, 1, 1, 1, 1, 1, 1, 0, 0, 'CONV', 1, 1, 0, 0),  latency: 5.742201904761905
[2m[36m(CompileWorker pid=2612640)[0m  tensor (Large latency) dimensions: (1, 4096, 4096, 4096, 1, 1, 1, 1, 1, 1, 0, 0, 'CONV', 1, 1, 0, 0),  latency: 5.742201904761905
[2m[36m(CompileWorker pid=2612641)[0m  tensor (Large latency) dimensions: (1, 4096, 4096, 4096, 1, 1, 1, 1, 1, 1, 0, 0, 'CONV', 1, 1, 0, 0),  latency: 5.742201904761905
[2m[36m(CompileWorker pid=2612642)[0m  tensor (Large latency) dimensions: (1, 128, 14336, 14336, 1, 1, 1, 1, 1, 1, 0, 0, 'CONV', 1, 1, 0, 0),  latency: 6.2805333333333335
[2m[36m(CompileWorker pid=2612645)[0m  tensor (Large latency) dimensions: (1, 4096, 4096, 4096, 1, 1, 1, 1, 1, 1, 0, 0, 'CONV', 1, 1, 0, 0),  latency: 5.742201904761905
[2m[36m(CompileWorker pid=2612643)[0m  tensor (Large latency) dimensions: (1, 4096, 4096, 4096, 1, 1, 1, 1, 1, 1, 0, 0, 'CONV', 1, 1, 0, 0),  latency: 5.742201904761905
[2m[36m(CompileWorker pid=2612636)[0m  tensor (Large latency) dimensions: (1, 4096, 4096, 4096, 1, 1, 1, 1, 1, 1, 0, 0, 'CONV', 1, 1, 0, 0),  latency: 5.742201904761905
[2m[36m(CompileWorker pid=2612645)[0m  tensor (Large latency) dimensions: (1, 128, 14336, 14336, 1, 1, 1, 1, 1, 1, 0, 0, 'CONV', 1, 1, 0, 0),  latency: 6.2805333333333335
[2m[36m(CompileWorker pid=2612646)[0m  tensor (Large latency) dimensions: (1, 4096, 4096, 4096, 1, 1, 1, 1, 1, 1, 0, 0, 'CONV', 1, 1, 0, 0),  latency: 5.742201904761905
[2m[36m(CompileWorker pid=2612635)[0m  tensor (Large latency) dimensions: (1, 4096, 4096, 4096, 1, 1, 1, 1, 1, 1, 0, 0, 'CONV', 1, 1, 0, 0),  latency: 5.742201904761905
[2m[36m(CompileWorker pid=2612646)[0m  tensor (Large latency) dimensions: (1, 1000, 4096, 4096, 1, 1, 1, 1, 1, 1, 0, 0, 'CONV', 1, 1, 0, 0),  latency: 1.413607619047619
[2m[36m(CompileWorker pid=2612640)[0m  tensor (Large latency) dimensions: (1, 4096, 4096, 4096, 1, 1, 1, 1, 1, 1, 0, 0, 'CONV', 1, 1, 0, 0),  latency: 5.742201904761905
[2m[36m(CompileWorker pid=2612637)[0m compiled for stage:13 name: stage_3_4_acc_grad_0 module id: 0
[2m[36m(CompileWorker pid=2612639)[0m  tensor (Large latency) dimensions: (1, 4096, 4096, 4096, 1, 1, 1, 1, 1, 1, 0, 0, 'CONV', 1, 1, 0, 0),  latency: 5.742201904761905
[2m[36m(CompileWorker pid=2612641)[0m compiled for stage:14 name: stage_4_4_acc_grad_0 module id: 0
[2m[36m(CompileWorker pid=2612638)[0m  tensor (Large latency) dimensions: (1, 4096, 4096, 4096, 1, 1, 1, 1, 1, 1, 0, 0, 'CONV', 1, 1, 0, 0),  latency: 5.742201904761905
[2m[36m(CompileWorker pid=2612643)[0m  tensor (Large latency) dimensions: (1, 4096, 4096, 4096, 1, 1, 1, 1, 1, 1, 0, 0, 'CONV', 1, 1, 0, 0),  latency: 5.742201904761905
[2m[36m(CompileWorker pid=2612641)[0m  tensor (Large latency) dimensions: (1, 128, 14336, 4096, 1, 1, 1, 1, 1, 1, 0, 0, 'CONV', 1, 1, 0, 0),  latency: 1.7749333333333333
[2m[36m(CompileWorker pid=2612645)[0m  tensor (Large latency) dimensions: (1, 4096, 4096, 4096, 1, 1, 1, 1, 1, 1, 0, 0, 'CONV', 1, 1, 0, 0),  latency: 5.742201904761905
[2m[36m(CompileWorker pid=2612637)[0m compiled for stage:13 name: stage_3_4_acc_grad_1 module id: 1
[2m[36m(CompileWorker pid=2612641)[0m  tensor (Large latency) dimensions: (1, 4096, 4096, 14336, 1, 1, 1, 1, 1, 1, 0, 0, 'CONV', 1, 1, 0, 0),  latency: 20.72185904761905
[2m[36m(CompileWorker pid=2612643)[0m  tensor (Large latency) dimensions: (1, 128, 14336, 14336, 1, 1, 1, 1, 1, 1, 0, 0, 'CONV', 1, 1, 0, 0),  latency: 6.2805333333333335
[2m[36m(CompileWorker pid=2612644)[0m  tensor (Large latency) dimensions: (1, 4096, 4096, 4096, 1, 1, 1, 1, 1, 1, 0, 0, 'CONV', 1, 1, 0, 0),  latency: 5.742201904761905
[2m[36m(CompileWorker pid=2612642)[0m  tensor (Large latency) dimensions: (1, 4096, 4096, 4096, 1, 1, 1, 1, 1, 1, 0, 0, 'CONV', 1, 1, 0, 0),  latency: 5.742201904761905
[2m[36m(CompileWorker pid=2612641)[0m compiled for stage:14 name: stage_4_4_acc_grad_1 module id: 1
[2m[36m(CompileWorker pid=2612645)[0m  tensor (Large latency) dimensions: (1, 1000, 4096, 4096, 1, 1, 1, 1, 1, 1, 0, 0, 'CONV', 1, 1, 0, 0),  latency: 1.413607619047619
[2m[36m(CompileWorker pid=2612638)[0m  tensor (Large latency) dimensions: (1, 4096, 4096, 4096, 1, 1, 1, 1, 1, 1, 0, 0, 'CONV', 1, 1, 0, 0),  latency: 5.742201904761905
[2m[36m(CompileWorker pid=2612641)[0m  tensor (Large latency) dimensions: (1, 14336, 128, 4096, 1, 1, 1, 1, 1, 1, 0, 0, 'CONV', 1, 1, 0, 0),  latency: 1.7749333333333333
[2m[36m(CompileWorker pid=2612637)[0m  tensor (Large latency) dimensions: (1, 4096, 4096, 4096, 1, 1, 1, 1, 1, 1, 0, 0, 'CONV', 1, 1, 0, 0),  latency: 5.742201904761905
[2m[36m(CompileWorker pid=2612644)[0m  tensor (Large latency) dimensions: (1, 4096, 4096, 4096, 1, 1, 1, 1, 1, 1, 0, 0, 'CONV', 1, 1, 0, 0),  latency: 5.742201904761905
[2m[36m(CompileWorker pid=2612641)[0m  tensor (Large latency) dimensions: (1, 4096, 14336, 14336, 1, 1, 1, 1, 1, 1, 0, 0, 'CONV', 1, 1, 0, 0),  latency: 72.52650666666666
[2m[36m(CompileWorker pid=2612641)[0m  tensor (Large latency) dimensions: (1, 128, 14336, 4096, 1, 1, 1, 1, 1, 1, 0, 0, 'CONV', 1, 1, 0, 0),  latency: 1.7749333333333333
[2m[36m(CompileWorker pid=2612644)[0m  tensor (Large latency) dimensions: (1, 1000, 4096, 4096, 1, 1, 1, 1, 1, 1, 0, 0, 'CONV', 1, 1, 0, 0),  latency: 1.413607619047619
[2m[36m(CompileWorker pid=2612643)[0m  tensor (Large latency) dimensions: (1, 4096, 4096, 4096, 1, 1, 1, 1, 1, 1, 0, 0, 'CONV', 1, 1, 0, 0),  latency: 5.742201904761905
[2m[36m(CompileWorker pid=2612643)[0m  tensor (Large latency) dimensions: (1, 1000, 4096, 4096, 1, 1, 1, 1, 1, 1, 0, 0, 'CONV', 1, 1, 0, 0),  latency: 1.413607619047619
2026-02-21 15:04:31.254920: E external/org_tensorflow/tensorflow/compiler/xla/service/slow_operation_alarm.cc:65] 
********************************
[Compiling module stage_0_4-stage_0_4_acc_grad_1] Very slow compile?  If you want to file a bug, run with envvar XLA_FLAGS=--xla_dump_to=/tmp/foo and attach the results.
********************************
2026-02-21 15:04:42.112530: E external/org_tensorflow/tensorflow/compiler/xla/service/slow_operation_alarm.cc:133] The operation took 2m10.850836004s

********************************
[Compiling module stage_0_4-stage_0_4_acc_grad_1] Very slow compile?  If you want to file a bug, run with envvar XLA_FLAGS=--xla_dump_to=/tmp/foo and attach the results.
********************************
[2m[36m(CompileWorker pid=2608224)[0m /storage/coda1/p-dmahajan7/0/iwang73/Nest/scripts/alpa/alpa/alpa/shard_parallel/auto_sharding.py:880: UserWarning: Detect unexpected behaviors in the auto-sharding pass.
[2m[36m(CompileWorker pid=2608224)[0m   warnings.warn("Detect unexpected behaviors in the auto-sharding pass.")
[2m[36m(CompileWorker pid=2612637)[0m /storage/coda1/p-dmahajan7/0/iwang73/Nest/scripts/alpa/alpa/alpa/shard_parallel/auto_sharding.py:880: UserWarning: Detect unexpected behaviors in the auto-sharding pass.
[2m[36m(CompileWorker pid=2612637)[0m   warnings.warn("Detect unexpected behaviors in the auto-sharding pass.")
[2m[36m(CompileWorker pid=2612636)[0m /storage/coda1/p-dmahajan7/0/iwang73/Nest/scripts/alpa/alpa/alpa/shard_parallel/auto_sharding.py:880: UserWarning: Detect unexpected behaviors in the auto-sharding pass.
[2m[36m(CompileWorker pid=2612636)[0m   warnings.warn("Detect unexpected behaviors in the auto-sharding pass.")
[2m[36m(CompileWorker pid=2612641)[0m /storage/coda1/p-dmahajan7/0/iwang73/Nest/scripts/alpa/alpa/alpa/shard_parallel/auto_sharding.py:880: UserWarning: Detect unexpected behaviors in the auto-sharding pass.
[2m[36m(CompileWorker pid=2612641)[0m   warnings.warn("Detect unexpected behaviors in the auto-sharding pass.")
[2m[36m(CompileWorker pid=2612646)[0m /storage/coda1/p-dmahajan7/0/iwang73/Nest/scripts/alpa/alpa/alpa/shard_parallel/auto_sharding.py:880: UserWarning: Detect unexpected behaviors in the auto-sharding pass.
[2m[36m(CompileWorker pid=2612646)[0m   warnings.warn("Detect unexpected behaviors in the auto-sharding pass.")
[2m[36m(CompileWorker pid=2612640)[0m /storage/coda1/p-dmahajan7/0/iwang73/Nest/scripts/alpa/alpa/alpa/shard_parallel/auto_sharding.py:880: UserWarning: Detect unexpected behaviors in the auto-sharding pass.
[2m[36m(CompileWorker pid=2612640)[0m   warnings.warn("Detect unexpected behaviors in the auto-sharding pass.")
[2m[36m(CompileWorker pid=2612635)[0m /storage/coda1/p-dmahajan7/0/iwang73/Nest/scripts/alpa/alpa/alpa/shard_parallel/auto_sharding.py:880: UserWarning: Detect unexpected behaviors in the auto-sharding pass.
[2m[36m(CompileWorker pid=2612635)[0m   warnings.warn("Detect unexpected behaviors in the auto-sharding pass.")
[2m[36m(CompileWorker pid=2612639)[0m /storage/coda1/p-dmahajan7/0/iwang73/Nest/scripts/alpa/alpa/alpa/shard_parallel/auto_sharding.py:880: UserWarning: Detect unexpected behaviors in the auto-sharding pass.
[2m[36m(CompileWorker pid=2612639)[0m   warnings.warn("Detect unexpected behaviors in the auto-sharding pass.")
[2m[36m(CompileWorker pid=2612645)[0m /storage/coda1/p-dmahajan7/0/iwang73/Nest/scripts/alpa/alpa/alpa/shard_parallel/auto_sharding.py:880: UserWarning: Detect unexpected behaviors in the auto-sharding pass.
[2m[36m(CompileWorker pid=2612645)[0m   warnings.warn("Detect unexpected behaviors in the auto-sharding pass.")
[2m[36m(CompileWorker pid=2612644)[0m /storage/coda1/p-dmahajan7/0/iwang73/Nest/scripts/alpa/alpa/alpa/shard_parallel/auto_sharding.py:880: UserWarning: Detect unexpected behaviors in the auto-sharding pass.
[2m[36m(CompileWorker pid=2612644)[0m   warnings.warn("Detect unexpected behaviors in the auto-sharding pass.")
[2m[36m(CompileWorker pid=2612638)[0m /storage/coda1/p-dmahajan7/0/iwang73/Nest/scripts/alpa/alpa/alpa/shard_parallel/auto_sharding.py:880: UserWarning: Detect unexpected behaviors in the auto-sharding pass.
[2m[36m(CompileWorker pid=2612638)[0m   warnings.warn("Detect unexpected behaviors in the auto-sharding pass.")
[2m[36m(CompileWorker pid=2612643)[0m /storage/coda1/p-dmahajan7/0/iwang73/Nest/scripts/alpa/alpa/alpa/shard_parallel/auto_sharding.py:880: UserWarning: Detect unexpected behaviors in the auto-sharding pass.
[2m[36m(CompileWorker pid=2612643)[0m   warnings.warn("Detect unexpected behaviors in the auto-sharding pass.")
[2m[36m(CompileWorker pid=2612642)[0m /storage/coda1/p-dmahajan7/0/iwang73/Nest/scripts/alpa/alpa/alpa/shard_parallel/auto_sharding.py:880: UserWarning: Detect unexpected behaviors in the auto-sharding pass.
[2m[36m(CompileWorker pid=2612642)[0m   warnings.warn("Detect unexpected behaviors in the auto-sharding pass.")
[2m[33m(raylet)[0m [2026-02-21 15:23:05,806 E 1932333 1932333] (raylet) worker_pool.cc:524: Some workers of the worker process(2629047) have not registered within the timeout. The process is still alive, probably it's hanging during start.
[2m[33m(raylet)[0m [2026-02-21 15:23:05,850 E 1932333 1932333] (raylet) worker_pool.cc:524: Some workers of the worker process(2629048) have not registered within the timeout. The process is still alive, probably it's hanging during start.
[2m[33m(raylet)[0m [2026-02-21 15:23:05,852 E 1932333 1932333] (raylet) worker_pool.cc:524: Some workers of the worker process(2629049) have not registered within the timeout. The process is still alive, probably it's hanging during start.
[2m[33m(raylet)[0m [2026-02-21 15:23:05,854 E 1932333 1932333] (raylet) worker_pool.cc:524: Some workers of the worker process(2629050) have not registered within the timeout. The process is still alive, probably it's hanging during start.
[2m[33m(raylet)[0m [2026-02-21 15:23:05,857 E 1932333 1932333] (raylet) worker_pool.cc:524: Some workers of the worker process(2629051) have not registered within the timeout. The process is still alive, probably it's hanging during start.
[2m[33m(raylet)[0m [2026-02-21 15:23:05,859 E 1932333 1932333] (raylet) worker_pool.cc:524: Some workers of the worker process(2629052) have not registered within the timeout. The process is still alive, probably it's hanging during start.
[2m[33m(raylet)[0m [2026-02-21 15:23:05,861 E 1932333 1932333] (raylet) worker_pool.cc:524: Some workers of the worker process(2629053) have not registered within the timeout. The process is still alive, probably it's hanging during start.
[2m[33m(raylet)[0m [2026-02-21 15:23:05,863 E 1932333 1932333] (raylet) worker_pool.cc:524: Some workers of the worker process(2629054) have not registered within the timeout. The process is still alive, probably it's hanging during start.
[2m[33m(raylet)[0m [2026-02-21 15:23:05,866 E 1932333 1932333] (raylet) worker_pool.cc:524: Some workers of the worker process(2629055) have not registered within the timeout. The process is still alive, probably it's hanging during start.
[2m[33m(raylet)[0m [2026-02-21 15:23:05,872 E 1932333 1932333] (raylet) worker_pool.cc:524: Some workers of the worker process(2629056) have not registered within the timeout. The process is still alive, probably it's hanging during start.
[2m[33m(raylet)[0m [2026-02-21 15:23:05,877 E 1932333 1932333] (raylet) worker_pool.cc:524: Some workers of the worker process(2629057) have not registered within the timeout. The process is still alive, probably it's hanging during start.
[2m[33m(raylet)[0m [2026-02-21 15:23:05,879 E 1932333 1932333] (raylet) worker_pool.cc:524: Some workers of the worker process(2629058) have not registered within the timeout. The process is still alive, probably it's hanging during start.
[2m[36m(CompileWorker pid=2629241)[0m /storage/coda1/p-dmahajan7/0/iwang73/Nest/scripts/alpa/alpa/alpa/shard_parallel/auto_sharding.py:880: UserWarning: Detect unexpected behaviors in the auto-sharding pass.
[2m[36m(CompileWorker pid=2629241)[0m   warnings.warn("Detect unexpected behaviors in the auto-sharding pass.")
[2m[36m(CompileWorker pid=2629240)[0m /storage/coda1/p-dmahajan7/0/iwang73/Nest/scripts/alpa/alpa/alpa/shard_parallel/auto_sharding.py:880: UserWarning: Detect unexpected behaviors in the auto-sharding pass.
[2m[36m(CompileWorker pid=2629240)[0m   warnings.warn("Detect unexpected behaviors in the auto-sharding pass.")
[2m[36m(CompileWorker pid=2629245)[0m /storage/coda1/p-dmahajan7/0/iwang73/Nest/scripts/alpa/alpa/alpa/shard_parallel/auto_sharding.py:880: UserWarning: Detect unexpected behaviors in the auto-sharding pass.
[2m[36m(CompileWorker pid=2629245)[0m   warnings.warn("Detect unexpected behaviors in the auto-sharding pass.")
[2m[36m(CompileWorker pid=2612642)[0m  tensor (Large latency) dimensions: (1, 4096, 4096, 4096, 1, 1, 1, 1, 1, 1, 0, 0, 'CONV', 1, 1, 0, 0),  latency: 5.742201904761905
[2m[36m(CompileWorker pid=2612642)[0m  tensor (Large latency) dimensions: (1, 4096, 4096, 4096, 1, 1, 1, 1, 1, 1, 0, 0, 'CONV', 1, 1, 0, 0),  latency: 5.742201904761905
[2m[36m(CompileWorker pid=2612642)[0m  tensor (Large latency) dimensions: (1, 1000, 4096, 4096, 1, 1, 1, 1, 1, 1, 0, 0, 'CONV', 1, 1, 0, 0),  latency: 1.413607619047619
- parse estimation results for all stages
result[(0, 0, 5, 0), 0] = ModuleProfileResult(compute_cost=40.147, peak_memory=5.045 GB, invar_size=0.942 GB, outvar_size=3.853 GB, temp_buffer_size=0.250 GB, available_memory=64.000 GB, comm_cost=0.691)
result[(0, 0, 5, 0), 1] = ModuleProfileResult(compute_cost=210.501, peak_memory=5.075 GB, invar_size=3.795 GB, outvar_size=0.942 GB, temp_buffer_size=1.280 GB, available_memory=64.000 GB, comm_cost=4.654)
result[(0, 1, 5, 0), 0] = ModuleProfileResult(compute_cost=62.585, peak_memory=8.376 GB, invar_size=1.874 GB, outvar_size=6.252 GB, temp_buffer_size=0.250 GB, available_memory=64.000 GB, comm_cost=0.936)
result[(0, 1, 5, 0), 1] = ModuleProfileResult(compute_cost=399.081, peak_memory=9.424 GB, invar_size=7.126 GB, outvar_size=1.874 GB, temp_buffer_size=2.297 GB, available_memory=64.000 GB, comm_cost=8.680)
result[(0, 2, 5, 0), 0] = ModuleProfileResult(compute_cost=80.890, peak_memory=11.322 GB, invar_size=2.804 GB, outvar_size=8.268 GB, temp_buffer_size=0.250 GB, available_memory=64.000 GB, comm_cost=1.132)
result[(0, 2, 5, 0), 1] = ModuleProfileResult(compute_cost=568.050, peak_memory=13.588 GB, invar_size=10.072 GB, outvar_size=2.804 GB, temp_buffer_size=3.516 GB, available_memory=64.000 GB, comm_cost=12.973)
result[(0, 3, 5, 0), 0] = ModuleProfileResult(compute_cost=85.127, peak_memory=10.770 GB, invar_size=2.807 GB, outvar_size=7.714 GB, temp_buffer_size=0.250 GB, available_memory=64.000 GB, comm_cost=1.160)
result[(0, 3, 5, 0), 1] = ModuleProfileResult(compute_cost=588.462, peak_memory=13.255 GB, invar_size=10.520 GB, outvar_size=2.807 GB, temp_buffer_size=2.734 GB, available_memory=64.000 GB, comm_cost=13.391)
result[(0, 4, 5, 0), 0] = ModuleProfileResult(compute_cost=104.067, peak_memory=13.778 GB, invar_size=3.736 GB, outvar_size=9.792 GB, temp_buffer_size=0.250 GB, available_memory=64.000 GB, comm_cost=1.367)
result[(0, 4, 5, 0), 1] = ModuleProfileResult(compute_cost=757.974, peak_memory=18.084 GB, invar_size=13.528 GB, outvar_size=3.736 GB, temp_buffer_size=4.556 GB, available_memory=64.000 GB, comm_cost=17.473)
result[(1, 1, 5, 0), 0] = ModuleProfileResult(compute_cost=22.770, peak_memory=4.644 GB, invar_size=1.995 GB, outvar_size=2.399 GB, temp_buffer_size=0.250 GB, available_memory=64.000 GB, comm_cost=0.636)
result[(1, 1, 5, 0), 1] = ModuleProfileResult(compute_cost=188.918, peak_memory=4.550 GB, invar_size=3.394 GB, outvar_size=0.995 GB, temp_buffer_size=1.094 GB, available_memory=64.000 GB, comm_cost=4.368)
result[(1, 2, 5, 0), 0] = ModuleProfileResult(compute_cost=41.086, peak_memory=7.589 GB, invar_size=2.924 GB, outvar_size=4.415 GB, temp_buffer_size=0.250 GB, available_memory=64.000 GB, comm_cost=0.843)
result[(1, 2, 5, 0), 1] = ModuleProfileResult(compute_cost=357.549, peak_memory=8.986 GB, invar_size=6.339 GB, outvar_size=1.924 GB, temp_buffer_size=2.584 GB, available_memory=64.000 GB, comm_cost=8.319)
result[(1, 3, 5, 0), 0] = ModuleProfileResult(compute_cost=45.323, peak_memory=8.038 GB, invar_size=2.927 GB, outvar_size=4.861 GB, temp_buffer_size=0.250 GB, available_memory=64.000 GB, comm_cost=0.871)
result[(1, 3, 5, 0), 1] = ModuleProfileResult(compute_cost=377.960, peak_memory=8.710 GB, invar_size=6.788 GB, outvar_size=1.927 GB, temp_buffer_size=1.859 GB, available_memory=64.000 GB, comm_cost=8.736)
result[(1, 4, 5, 0), 0] = ModuleProfileResult(compute_cost=64.268, peak_memory=11.046 GB, invar_size=3.857 GB, outvar_size=6.939 GB, temp_buffer_size=0.250 GB, available_memory=64.000 GB, comm_cost=1.083)
result[(1, 4, 5, 0), 1] = ModuleProfileResult(compute_cost=547.303, peak_memory=13.297 GB, invar_size=9.796 GB, outvar_size=2.856 GB, temp_buffer_size=3.439 GB, available_memory=64.000 GB, comm_cost=12.648)
Using pre computed peak Mem for (2, 2, 5, 0), module 0
result[(2, 2, 5, 0), 0] = ModuleProfileResult(compute_cost=200.393, peak_memory=1.140 GB, invar_size=2.688 GB, outvar_size=3.227 GB, temp_buffer_size=-4.774 GB, available_memory=64.000 GB, comm_cost=2.212)
result[(2, 2, 5, 0), 1] = ModuleProfileResult(compute_cost=92.067, peak_memory=8.592 GB, invar_size=5.854 GB, outvar_size=2.627 GB, temp_buffer_size=2.736 GB, available_memory=64.000 GB, comm_cost=5.692)
result[(2, 3, 5, 0), 0] = ModuleProfileResult(compute_cost=22.896, peak_memory=4.706 GB, invar_size=1.995 GB, outvar_size=2.462 GB, temp_buffer_size=0.250 GB, available_memory=64.000 GB, comm_cost=0.636)
result[(2, 3, 5, 0), 1] = ModuleProfileResult(compute_cost=189.043, peak_memory=4.648 GB, invar_size=3.456 GB, outvar_size=0.995 GB, temp_buffer_size=1.129 GB, available_memory=64.000 GB, comm_cost=4.368)
result[(2, 4, 5, 0), 0] = ModuleProfileResult(compute_cost=41.836, peak_memory=7.715 GB, invar_size=2.924 GB, outvar_size=4.540 GB, temp_buffer_size=0.250 GB, available_memory=64.000 GB, comm_cost=0.843)
result[(2, 4, 5, 0), 1] = ModuleProfileResult(compute_cost=358.555, peak_memory=9.111 GB, invar_size=6.464 GB, outvar_size=1.924 GB, temp_buffer_size=2.584 GB, available_memory=64.000 GB, comm_cost=8.450)
result[(3, 3, 5, 0), 0] = ModuleProfileResult(compute_cost=4.237, peak_memory=1.513 GB, invar_size=1.065 GB, outvar_size=0.446 GB, temp_buffer_size=0.002 GB, available_memory=64.000 GB, comm_cost=0.028)
result[(3, 3, 5, 0), 1] = ModuleProfileResult(compute_cost=20.280, peak_memory=0.761 GB, invar_size=0.511 GB, outvar_size=0.065 GB, temp_buffer_size=0.188 GB, available_memory=64.000 GB, comm_cost=0.286)
result[(3, 4, 5, 0), 0] = ModuleProfileResult(compute_cost=23.525, peak_memory=4.770 GB, invar_size=1.995 GB, outvar_size=2.524 GB, temp_buffer_size=0.251 GB, available_memory=64.000 GB, comm_cost=0.642)
result[(3, 4, 5, 0), 1] = ModuleProfileResult(compute_cost=189.623, peak_memory=4.582 GB, invar_size=3.519 GB, outvar_size=0.995 GB, temp_buffer_size=1.000 GB, available_memory=64.000 GB, comm_cost=4.197)
Using pre computed peak Mem for (4, 4, 5, 0), module 0
result[(4, 4, 5, 0), 0] = ModuleProfileResult(compute_cost=205.759, peak_memory=1.140 GB, invar_size=2.370 GB, outvar_size=4.092 GB, temp_buffer_size=-5.321 GB, available_memory=64.000 GB, comm_cost=2.086)
result[(4, 4, 5, 0), 1] = ModuleProfileResult(compute_cost=161.272, peak_memory=8.869 GB, invar_size=6.461 GB, outvar_size=2.309 GB, temp_buffer_size=2.406 GB, available_memory=64.000 GB, comm_cost=5.610)
Profiling for submesh 5 (4, 8) takes 2781.36 seconds
--------------------------------------------------
- Profiling for submesh 4 (2, 8):
- Generate all stage infos (Jaxpr -> HLO)
- Compile all stages, get estimations
num of workers:12
[2m[36m(CompileWorker pid=2629241)[0m compiled for stage:9 name: stage_2_2_acc_grad_0 module id: 0
[2m[36m(CompileWorker pid=2629240)[0m compiled for stage:10 name: stage_2_3_acc_grad_0 module id: 0
[2m[36m(CompileWorker pid=2629245)[0m compiled for stage:5 name: stage_1_1_acc_grad_0 module id: 0
[2m[36m(CompileWorker pid=2629250)[0m compiled for stage:0 name: stage_0_0_acc_grad_0 module id: 0
[2m[36m(CompileWorker pid=2629244)[0m compiled for stage:6 name: stage_1_2_acc_grad_0 module id: 0
[2m[36m(CompileWorker pid=2629239)[0m compiled for stage:11 name: stage_2_4_acc_grad_0 module id: 0
[2m[36m(CompileWorker pid=2629243)[0m compiled for stage:7 name: stage_1_3_acc_grad_0 module id: 0
[2m[36m(CompileWorker pid=2629249)[0m compiled for stage:1 name: stage_0_1_acc_grad_0 module id: 0
[2m[36m(CompileWorker pid=2629242)[0m compiled for stage:8 name: stage_1_4_acc_grad_0 module id: 0
[2m[36m(CompileWorker pid=2629248)[0m compiled for stage:2 name: stage_0_2_acc_grad_0 module id: 0
[2m[36m(CompileWorker pid=2629247)[0m compiled for stage:3 name: stage_0_3_acc_grad_0 module id: 0
[2m[36m(CompileWorker pid=2629241)[0m  tensor (Large latency) dimensions: (1, 256, 14336, 4096, 1, 1, 1, 1, 1, 1, 0, 0, 'CONV', 1, 1, 0, 0),  latency: 1.9114666666666666
[2m[36m(CompileWorker pid=2629243)[0m  tensor (Large latency) dimensions: (1, 4096, 896, 4096, 1, 1, 1, 1, 1, 1, 0, 0, 'CONV', 1, 1, 0, 0),  latency: 1.3185219047619048
[2m[36m(CompileWorker pid=2629245)[0m  tensor (Large latency) dimensions: (1, 4096, 896, 4096, 1, 1, 1, 1, 1, 1, 0, 0, 'CONV', 1, 1, 0, 0),  latency: 1.3185219047619048
[2m[36m(CompileWorker pid=2629240)[0m  tensor (Large latency) dimensions: (1, 4096, 896, 4096, 1, 1, 1, 1, 1, 1, 0, 0, 'CONV', 1, 1, 0, 0),  latency: 1.3185219047619048
[2m[36m(CompileWorker pid=2629244)[0m  tensor (Large latency) dimensions: (1, 4096, 896, 4096, 1, 1, 1, 1, 1, 1, 0, 0, 'CONV', 1, 1, 0, 0),  latency: 1.3185219047619048
[2m[36m(CompileWorker pid=2629239)[0m  tensor (Large latency) dimensions: (1, 4096, 896, 4096, 1, 1, 1, 1, 1, 1, 0, 0, 'CONV', 1, 1, 0, 0),  latency: 1.3185219047619048
[2m[36m(CompileWorker pid=2629242)[0m  tensor (Large latency) dimensions: (1, 4096, 896, 4096, 1, 1, 1, 1, 1, 1, 0, 0, 'CONV', 1, 1, 0, 0),  latency: 1.3185219047619048
[2m[36m(CompileWorker pid=2629250)[0m  tensor (Large latency) dimensions: (1, 4096, 4096, 2000, 1, 1, 1, 1, 1, 1, 0, 0, 'CONV', 1, 1, 0, 0),  latency: 2.6994590476190474
[2m[36m(CompileWorker pid=2629249)[0m  tensor (Large latency) dimensions: (1, 4096, 4096, 2000, 1, 1, 1, 1, 1, 1, 0, 0, 'CONV', 1, 1, 0, 0),  latency: 2.6994590476190474
[2m[36m(CompileWorker pid=2629248)[0m  tensor (Large latency) dimensions: (1, 4096, 4096, 2000, 1, 1, 1, 1, 1, 1, 0, 0, 'CONV', 1, 1, 0, 0),  latency: 2.6994590476190474
[2m[36m(CompileWorker pid=2629241)[0m  tensor (Large latency) dimensions: (1, 4096, 4096, 14336, 1, 1, 1, 1, 1, 1, 0, 0, 'CONV', 1, 1, 0, 0),  latency: 20.72185904761905
[2m[36m(CompileWorker pid=2629247)[0m  tensor (Large latency) dimensions: (1, 4096, 4096, 2000, 1, 1, 1, 1, 1, 1, 0, 0, 'CONV', 1, 1, 0, 0),  latency: 2.6994590476190474
[2m[36m(CompileWorker pid=2629241)[0m compiled for stage:9 name: stage_2_2_acc_grad_1 module id: 1
[2m[36m(CompileWorker pid=2629240)[0m  tensor (Large latency) dimensions: (1, 4096, 4096, 896, 1, 1, 1, 1, 1, 1, 0, 0, 'CONV', 1, 1, 0, 0),  latency: 1.1234742857142856
[2m[36m(CompileWorker pid=2629246)[0m compiled for stage:4 name: stage_0_4_acc_grad_0 module id: 0
[2m[36m(CompileWorker pid=2629245)[0m  tensor (Large latency) dimensions: (1, 4096, 4096, 896, 1, 1, 1, 1, 1, 1, 0, 0, 'CONV', 1, 1, 0, 0),  latency: 1.1234742857142856
[2m[36m(CompileWorker pid=2629244)[0m  tensor (Large latency) dimensions: (1, 4096, 4096, 896, 1, 1, 1, 1, 1, 1, 0, 0, 'CONV', 1, 1, 0, 0),  latency: 1.1234742857142856
[2m[36m(CompileWorker pid=2629239)[0m  tensor (Large latency) dimensions: (1, 4096, 4096, 896, 1, 1, 1, 1, 1, 1, 0, 0, 'CONV', 1, 1, 0, 0),  latency: 1.1234742857142856
[2m[36m(CompileWorker pid=2629243)[0m  tensor (Large latency) dimensions: (1, 4096, 4096, 896, 1, 1, 1, 1, 1, 1, 0, 0, 'CONV', 1, 1, 0, 0),  latency: 1.1234742857142856
[2m[36m(CompileWorker pid=2629242)[0m  tensor (Large latency) dimensions: (1, 4096, 4096, 896, 1, 1, 1, 1, 1, 1, 0, 0, 'CONV', 1, 1, 0, 0),  latency: 1.1234742857142856
[2m[36m(CompileWorker pid=2629246)[0m  tensor (Large latency) dimensions: (1, 4096, 4096, 2000, 1, 1, 1, 1, 1, 1, 0, 0, 'CONV', 1, 1, 0, 0),  latency: 2.6994590476190474
[2m[36m(CompileWorker pid=2629241)[0m  tensor (Large latency) dimensions: (1, 256, 14336, 14336, 1, 1, 1, 1, 1, 1, 0, 0, 'CONV', 1, 1, 0, 0),  latency: 6.826666666666667
[2m[36m(CompileWorker pid=2629249)[0m  tensor (Large latency) dimensions: (1, 4096, 4096, 4096, 1, 1, 1, 1, 1, 1, 0, 0, 'CONV', 1, 1, 0, 0),  latency: 5.742201904761905
[2m[36m(CompileWorker pid=2629250)[0m  tensor (Large latency) dimensions: (1, 4096, 896, 4096, 1, 1, 1, 1, 1, 1, 0, 0, 'CONV', 1, 1, 0, 0),  latency: 1.3185219047619048
[2m[36m(CompileWorker pid=2629240)[0m compiled for stage:10 name: stage_2_3_acc_grad_1 module id: 1
[2m[36m(CompileWorker pid=2629245)[0m compiled for stage:5 name: stage_1_1_acc_grad_1 module id: 1
[2m[36m(CompileWorker pid=2629241)[0m compiled for stage:12 name: stage_3_3_acc_grad_0 module id: 0
[2m[36m(CompileWorker pid=2629244)[0m compiled for stage:6 name: stage_1_2_acc_grad_1 module id: 1
[2m[36m(CompileWorker pid=2629239)[0m compiled for stage:11 name: stage_2_4_acc_grad_1 module id: 1
[2m[36m(CompileWorker pid=2629243)[0m compiled for stage:7 name: stage_1_3_acc_grad_1 module id: 1
[2m[36m(CompileWorker pid=2629250)[0m  tensor (Large latency) dimensions: (1, 4096, 4096, 896, 1, 1, 1, 1, 1, 1, 0, 0, 'CONV', 1, 1, 0, 0),  latency: 1.1234742857142856
[2m[36m(CompileWorker pid=2629250)[0m compiled for stage:0 name: stage_0_0_acc_grad_1 module id: 1
[2m[36m(CompileWorker pid=2629248)[0m  tensor (Large latency) dimensions: (1, 4096, 896, 4096, 1, 1, 1, 1, 1, 1, 0, 0, 'CONV', 1, 1, 0, 0),  latency: 1.3185219047619048
[2m[36m(CompileWorker pid=2629247)[0m  tensor (Large latency) dimensions: (1, 4096, 896, 4096, 1, 1, 1, 1, 1, 1, 0, 0, 'CONV', 1, 1, 0, 0),  latency: 1.3185219047619048
[2m[36m(CompileWorker pid=2629249)[0m  tensor (Large latency) dimensions: (1, 4096, 896, 4096, 1, 1, 1, 1, 1, 1, 0, 0, 'CONV', 1, 1, 0, 0),  latency: 1.3185219047619048
[2m[36m(CompileWorker pid=2629242)[0m compiled for stage:8 name: stage_1_4_acc_grad_1 module id: 1
[2m[36m(CompileWorker pid=2629248)[0m  tensor (Large latency) dimensions: (1, 4096, 4096, 896, 1, 1, 1, 1, 1, 1, 0, 0, 'CONV', 1, 1, 0, 0),  latency: 1.1234742857142856
[2m[36m(CompileWorker pid=2629249)[0m  tensor (Large latency) dimensions: (1, 4096, 4096, 896, 1, 1, 1, 1, 1, 1, 0, 0, 'CONV', 1, 1, 0, 0),  latency: 1.1234742857142856
[2m[36m(CompileWorker pid=2629244)[0m  tensor (Large latency) dimensions: (1, 256, 14336, 14336, 1, 1, 1, 1, 1, 1, 0, 0, 'CONV', 1, 1, 0, 0),  latency: 6.826666666666667
[2m[36m(CompileWorker pid=2629246)[0m  tensor (Large latency) dimensions: (1, 4096, 896, 4096, 1, 1, 1, 1, 1, 1, 0, 0, 'CONV', 1, 1, 0, 0),  latency: 1.3185219047619048
[2m[36m(CompileWorker pid=2629239)[0m  tensor (Large latency) dimensions: (1, 256, 14336, 14336, 1, 1, 1, 1, 1, 1, 0, 0, 'CONV', 1, 1, 0, 0),  latency: 6.826666666666667
[2m[36m(CompileWorker pid=2629247)[0m  tensor (Large latency) dimensions: (1, 4096, 4096, 896, 1, 1, 1, 1, 1, 1, 0, 0, 'CONV', 1, 1, 0, 0),  latency: 1.1234742857142856
[2m[36m(CompileWorker pid=2629247)[0m compiled for stage:3 name: stage_0_3_acc_grad_1 module id: 1
[2m[36m(CompileWorker pid=2629240)[0m  tensor (Large latency) dimensions: (1, 4096, 4096, 4096, 1, 1, 1, 1, 1, 1, 0, 0, 'CONV', 1, 1, 0, 0),  latency: 5.742201904761905
[2m[36m(CompileWorker pid=2629244)[0m  tensor (Large latency) dimensions: (1, 4096, 896, 4096, 1, 1, 1, 1, 1, 1, 0, 0, 'CONV', 1, 1, 0, 0),  latency: 1.3185219047619048
[2m[36m(CompileWorker pid=2629239)[0m  tensor (Large latency) dimensions: (1, 4096, 896, 4096, 1, 1, 1, 1, 1, 1, 0, 0, 'CONV', 1, 1, 0, 0),  latency: 1.3185219047619048
[2m[36m(CompileWorker pid=2629249)[0m compiled for stage:1 name: stage_0_1_acc_grad_1 module id: 1
[2m[36m(CompileWorker pid=2629245)[0m  tensor (Large latency) dimensions: (1, 4096, 4096, 4096, 1, 1, 1, 1, 1, 1, 0, 0, 'CONV', 1, 1, 0, 0),  latency: 5.742201904761905
[2m[36m(CompileWorker pid=2629241)[0m compiled for stage:12 name: stage_3_3_acc_grad_1 module id: 1
[2m[36m(CompileWorker pid=2629243)[0m  tensor (Large latency) dimensions: (1, 4096, 4096, 4096, 1, 1, 1, 1, 1, 1, 0, 0, 'CONV', 1, 1, 0, 0),  latency: 5.742201904761905
[2m[36m(CompileWorker pid=2629250)[0m  tensor (Large latency) dimensions: (1, 4096, 4096, 4096, 1, 1, 1, 1, 1, 1, 0, 0, 'CONV', 1, 1, 0, 0),  latency: 5.742201904761905
[2m[36m(CompileWorker pid=2629246)[0m  tensor (Large latency) dimensions: (1, 4096, 4096, 896, 1, 1, 1, 1, 1, 1, 0, 0, 'CONV', 1, 1, 0, 0),  latency: 1.1234742857142856
[2m[36m(CompileWorker pid=2629248)[0m  tensor (Large latency) dimensions: (1, 4096, 4096, 4096, 1, 1, 1, 1, 1, 1, 0, 0, 'CONV', 1, 1, 0, 0),  latency: 5.742201904761905
[2m[36m(CompileWorker pid=2629248)[0m compiled for stage:2 name: stage_0_2_acc_grad_1 module id: 1
[2m[36m(CompileWorker pid=2629246)[0m compiled for stage:4 name: stage_0_4_acc_grad_1 module id: 1
[2m[36m(CompileWorker pid=2629244)[0m  tensor (Large latency) dimensions: (1, 4096, 4096, 4096, 1, 1, 1, 1, 1, 1, 0, 0, 'CONV', 1, 1, 0, 0),  latency: 5.742201904761905
[2m[36m(CompileWorker pid=2629239)[0m  tensor (Large latency) dimensions: (1, 4096, 4096, 4096, 1, 1, 1, 1, 1, 1, 0, 0, 'CONV', 1, 1, 0, 0),  latency: 5.742201904761905
[2m[36m(CompileWorker pid=2629242)[0m  tensor (Large latency) dimensions: (1, 256, 14336, 14336, 1, 1, 1, 1, 1, 1, 0, 0, 'CONV', 1, 1, 0, 0),  latency: 6.826666666666667
[2m[36m(CompileWorker pid=2629245)[0m  tensor (Large latency) dimensions: (1, 4096, 4096, 4096, 1, 1, 1, 1, 1, 1, 0, 0, 'CONV', 1, 1, 0, 0),  latency: 5.742201904761905
[2m[36m(CompileWorker pid=2629240)[0m  tensor (Large latency) dimensions: (1, 4096, 4096, 4096, 1, 1, 1, 1, 1, 1, 0, 0, 'CONV', 1, 1, 0, 0),  latency: 5.742201904761905
[2m[36m(CompileWorker pid=2629242)[0m  tensor (Large latency) dimensions: (1, 4096, 896, 4096, 1, 1, 1, 1, 1, 1, 0, 0, 'CONV', 1, 1, 0, 0),  latency: 1.3185219047619048
[2m[36m(CompileWorker pid=2629250)[0m  tensor (Large latency) dimensions: (1, 4096, 4096, 4096, 1, 1, 1, 1, 1, 1, 0, 0, 'CONV', 1, 1, 0, 0),  latency: 5.742201904761905
[2m[36m(CompileWorker pid=2629243)[0m  tensor (Large latency) dimensions: (1, 4096, 4096, 4096, 1, 1, 1, 1, 1, 1, 0, 0, 'CONV', 1, 1, 0, 0),  latency: 5.742201904761905
[2m[36m(CompileWorker pid=2629241)[0m  tensor (Large latency) dimensions: (1, 4096, 4096, 4096, 1, 1, 1, 1, 1, 1, 0, 0, 'CONV', 1, 1, 0, 0),  latency: 5.742201904761905
[2m[36m(CompileWorker pid=2629245)[0m  tensor (Large latency) dimensions: (1, 256, 14336, 14336, 1, 1, 1, 1, 1, 1, 0, 0, 'CONV', 1, 1, 0, 0),  latency: 6.826666666666667
[2m[36m(CompileWorker pid=2629240)[0m  tensor (Large latency) dimensions: (1, 256, 14336, 14336, 1, 1, 1, 1, 1, 1, 0, 0, 'CONV', 1, 1, 0, 0),  latency: 6.826666666666667
[2m[36m(CompileWorker pid=2629249)[0m  tensor (Large latency) dimensions: (1, 4096, 4096, 4096, 1, 1, 1, 1, 1, 1, 0, 0, 'CONV', 1, 1, 0, 0),  latency: 5.742201904761905
[2m[36m(CompileWorker pid=2629245)[0m  tensor (Large latency) dimensions: (1, 4096, 896, 4096, 1, 1, 1, 1, 1, 1, 0, 0, 'CONV', 1, 1, 0, 0),  latency: 1.3185219047619048
[2m[36m(CompileWorker pid=2629242)[0m  tensor (Large latency) dimensions: (1, 4096, 4096, 4096, 1, 1, 1, 1, 1, 1, 0, 0, 'CONV', 1, 1, 0, 0),  latency: 5.742201904761905
[2m[36m(CompileWorker pid=2629240)[0m  tensor (Large latency) dimensions: (1, 4096, 896, 4096, 1, 1, 1, 1, 1, 1, 0, 0, 'CONV', 1, 1, 0, 0),  latency: 1.3185219047619048
[2m[36m(CompileWorker pid=2629246)[0m  tensor (Large latency) dimensions: (1, 256, 14336, 14336, 1, 1, 1, 1, 1, 1, 0, 0, 'CONV', 1, 1, 0, 0),  latency: 6.826666666666667
[2m[36m(CompileWorker pid=2629250)[0m  tensor (Large latency) dimensions: (1, 256, 14336, 14336, 1, 1, 1, 1, 1, 1, 0, 0, 'CONV', 1, 1, 0, 0),  latency: 6.826666666666667
[2m[36m(CompileWorker pid=2629248)[0m  tensor (Large latency) dimensions: (1, 256, 14336, 14336, 1, 1, 1, 1, 1, 1, 0, 0, 'CONV', 1, 1, 0, 0),  latency: 6.826666666666667
[2m[36m(CompileWorker pid=2629250)[0m  tensor (Large latency) dimensions: (1, 4096, 896, 4096, 1, 1, 1, 1, 1, 1, 0, 0, 'CONV', 1, 1, 0, 0),  latency: 1.3185219047619048
[2m[36m(CompileWorker pid=2629241)[0m  tensor (Large latency) dimensions: (1, 4096, 4096, 4096, 1, 1, 1, 1, 1, 1, 0, 0, 'CONV', 1, 1, 0, 0),  latency: 5.742201904761905
[2m[36m(CompileWorker pid=2629244)[0m  tensor (Large latency) dimensions: (1, 4096, 4096, 4096, 1, 1, 1, 1, 1, 1, 0, 0, 'CONV', 1, 1, 0, 0),  latency: 5.742201904761905
[2m[36m(CompileWorker pid=2629246)[0m  tensor (Large latency) dimensions: (1, 4096, 896, 4096, 1, 1, 1, 1, 1, 1, 0, 0, 'CONV', 1, 1, 0, 0),  latency: 1.3185219047619048
[2m[36m(CompileWorker pid=2629243)[0m  tensor (Large latency) dimensions: (1, 256, 14336, 14336, 1, 1, 1, 1, 1, 1, 0, 0, 'CONV', 1, 1, 0, 0),  latency: 6.826666666666667
[2m[36m(CompileWorker pid=2629248)[0m  tensor (Large latency) dimensions: (1, 4096, 896, 4096, 1, 1, 1, 1, 1, 1, 0, 0, 'CONV', 1, 1, 0, 0),  latency: 1.3185219047619048
[2m[36m(CompileWorker pid=2629239)[0m  tensor (Large latency) dimensions: (1, 4096, 4096, 4096, 1, 1, 1, 1, 1, 1, 0, 0, 'CONV', 1, 1, 0, 0),  latency: 5.742201904761905
[2m[36m(CompileWorker pid=2629247)[0m  tensor (Large latency) dimensions: (1, 4096, 4096, 4096, 1, 1, 1, 1, 1, 1, 0, 0, 'CONV', 1, 1, 0, 0),  latency: 5.742201904761905
[2m[36m(CompileWorker pid=2629243)[0m  tensor (Large latency) dimensions: (1, 4096, 896, 4096, 1, 1, 1, 1, 1, 1, 0, 0, 'CONV', 1, 1, 0, 0),  latency: 1.3185219047619048
[2m[36m(CompileWorker pid=2629240)[0m  tensor (Large latency) dimensions: (1, 4096, 4096, 4096, 1, 1, 1, 1, 1, 1, 0, 0, 'CONV', 1, 1, 0, 0),  latency: 5.742201904761905
[2m[36m(CompileWorker pid=2629249)[0m  tensor (Large latency) dimensions: (1, 4096, 4096, 4096, 1, 1, 1, 1, 1, 1, 0, 0, 'CONV', 1, 1, 0, 0),  latency: 5.742201904761905
[2m[36m(CompileWorker pid=2629245)[0m  tensor (Large latency) dimensions: (1, 4096, 4096, 4096, 1, 1, 1, 1, 1, 1, 0, 0, 'CONV', 1, 1, 0, 0),  latency: 5.742201904761905
[2m[36m(CompileWorker pid=2629250)[0m  tensor (Large latency) dimensions: (1, 4096, 4096, 4096, 1, 1, 1, 1, 1, 1, 0, 0, 'CONV', 1, 1, 0, 0),  latency: 5.742201904761905
[2m[36m(CompileWorker pid=2629250)[0m  tensor (Large latency) dimensions: (1, 2000, 4096, 4096, 1, 1, 1, 1, 1, 1, 0, 0, 'CONV', 1, 1, 0, 0),  latency: 2.827215238095238
[2m[36m(CompileWorker pid=2629244)[0m  tensor (Large latency) dimensions: (1, 4096, 4096, 4096, 1, 1, 1, 1, 1, 1, 0, 0, 'CONV', 1, 1, 0, 0),  latency: 5.742201904761905
[2m[36m(CompileWorker pid=2629239)[0m  tensor (Large latency) dimensions: (1, 4096, 4096, 4096, 1, 1, 1, 1, 1, 1, 0, 0, 'CONV', 1, 1, 0, 0),  latency: 5.742201904761905
[2m[36m(CompileWorker pid=2629246)[0m  tensor (Large latency) dimensions: (1, 4096, 4096, 4096, 1, 1, 1, 1, 1, 1, 0, 0, 'CONV', 1, 1, 0, 0),  latency: 5.742201904761905
[2m[36m(CompileWorker pid=2629248)[0m  tensor (Large latency) dimensions: (1, 4096, 4096, 4096, 1, 1, 1, 1, 1, 1, 0, 0, 'CONV', 1, 1, 0, 0),  latency: 5.742201904761905
[2m[36m(CompileWorker pid=2629243)[0m  tensor (Large latency) dimensions: (1, 4096, 4096, 4096, 1, 1, 1, 1, 1, 1, 0, 0, 'CONV', 1, 1, 0, 0),  latency: 5.742201904761905
[2m[36m(CompileWorker pid=2629241)[0m compiled for stage:13 name: stage_3_4_acc_grad_0 module id: 0
[2m[36m(CompileWorker pid=2629247)[0m  tensor (Large latency) dimensions: (1, 4096, 4096, 4096, 1, 1, 1, 1, 1, 1, 0, 0, 'CONV', 1, 1, 0, 0),  latency: 5.742201904761905
[2m[36m(CompileWorker pid=2629241)[0m  tensor (Large latency) dimensions: (1, 4096, 896, 4096, 1, 1, 1, 1, 1, 1, 0, 0, 'CONV', 1, 1, 0, 0),  latency: 1.3185219047619048
[2m[36m(CompileWorker pid=2629240)[0m compiled for stage:14 name: stage_4_4_acc_grad_0 module id: 0
[2m[36m(CompileWorker pid=2629249)[0m  tensor (Large latency) dimensions: (1, 256, 14336, 14336, 1, 1, 1, 1, 1, 1, 0, 0, 'CONV', 1, 1, 0, 0),  latency: 6.826666666666667
[2m[36m(CompileWorker pid=2629240)[0m  tensor (Large latency) dimensions: (1, 256, 14336, 4096, 1, 1, 1, 1, 1, 1, 0, 0, 'CONV', 1, 1, 0, 0),  latency: 1.9114666666666666
[2m[36m(CompileWorker pid=2629242)[0m  tensor (Large latency) dimensions: (1, 4096, 4096, 4096, 1, 1, 1, 1, 1, 1, 0, 0, 'CONV', 1, 1, 0, 0),  latency: 5.742201904761905
[2m[36m(CompileWorker pid=2629249)[0m  tensor (Large latency) dimensions: (1, 4096, 896, 4096, 1, 1, 1, 1, 1, 1, 0, 0, 'CONV', 1, 1, 0, 0),  latency: 1.3185219047619048
[2m[36m(CompileWorker pid=2629240)[0m  tensor (Large latency) dimensions: (1, 4096, 4096, 14336, 1, 1, 1, 1, 1, 1, 0, 0, 'CONV', 1, 1, 0, 0),  latency: 20.72185904761905
[2m[36m(CompileWorker pid=2629241)[0m  tensor (Large latency) dimensions: (1, 4096, 4096, 896, 1, 1, 1, 1, 1, 1, 0, 0, 'CONV', 1, 1, 0, 0),  latency: 1.1234742857142856
[2m[36m(CompileWorker pid=2629241)[0m compiled for stage:13 name: stage_3_4_acc_grad_1 module id: 1
[2m[36m(CompileWorker pid=2629241)[0m  tensor (Large latency) dimensions: (1, 4096, 896, 4096, 1, 1, 1, 1, 1, 1, 0, 0, 'CONV', 1, 1, 0, 0),  latency: 1.3185219047619048
[2m[36m(CompileWorker pid=2629247)[0m  tensor (Large latency) dimensions: (1, 256, 14336, 14336, 1, 1, 1, 1, 1, 1, 0, 0, 'CONV', 1, 1, 0, 0),  latency: 6.826666666666667
[2m[36m(CompileWorker pid=2629242)[0m  tensor (Large latency) dimensions: (1, 4096, 4096, 4096, 1, 1, 1, 1, 1, 1, 0, 0, 'CONV', 1, 1, 0, 0),  latency: 5.742201904761905
[2m[36m(CompileWorker pid=2629249)[0m  tensor (Large latency) dimensions: (1, 4096, 4096, 4096, 1, 1, 1, 1, 1, 1, 0, 0, 'CONV', 1, 1, 0, 0),  latency: 5.742201904761905
[2m[36m(CompileWorker pid=2629240)[0m compiled for stage:14 name: stage_4_4_acc_grad_1 module id: 1
[2m[36m(CompileWorker pid=2629247)[0m  tensor (Large latency) dimensions: (1, 4096, 896, 4096, 1, 1, 1, 1, 1, 1, 0, 0, 'CONV', 1, 1, 0, 0),  latency: 1.3185219047619048
[2m[36m(CompileWorker pid=2629240)[0m  tensor (Large latency) dimensions: (1, 14336, 256, 4096, 1, 1, 1, 1, 1, 1, 0, 0, 'CONV', 1, 1, 0, 0),  latency: 1.9114666666666666
[2m[36m(CompileWorker pid=2629246)[0m  tensor (Large latency) dimensions: (1, 4096, 4096, 4096, 1, 1, 1, 1, 1, 1, 0, 0, 'CONV', 1, 1, 0, 0),  latency: 5.742201904761905
[2m[36m(CompileWorker pid=2629249)[0m  tensor (Large latency) dimensions: (1, 2000, 4096, 4096, 1, 1, 1, 1, 1, 1, 0, 0, 'CONV', 1, 1, 0, 0),  latency: 2.827215238095238
[2m[36m(CompileWorker pid=2629241)[0m  tensor (Large latency) dimensions: (1, 4096, 4096, 4096, 1, 1, 1, 1, 1, 1, 0, 0, 'CONV', 1, 1, 0, 0),  latency: 5.742201904761905
[2m[36m(CompileWorker pid=2629248)[0m  tensor (Large latency) dimensions: (1, 4096, 4096, 4096, 1, 1, 1, 1, 1, 1, 0, 0, 'CONV', 1, 1, 0, 0),  latency: 5.742201904761905
[2m[36m(CompileWorker pid=2629240)[0m  tensor (Large latency) dimensions: (1, 4096, 14336, 14336, 1, 1, 1, 1, 1, 1, 0, 0, 'CONV', 1, 1, 0, 0),  latency: 72.52650666666666
[2m[36m(CompileWorker pid=2629240)[0m  tensor (Large latency) dimensions: (1, 256, 14336, 4096, 1, 1, 1, 1, 1, 1, 0, 0, 'CONV', 1, 1, 0, 0),  latency: 1.9114666666666666
[2m[36m(CompileWorker pid=2629247)[0m  tensor (Large latency) dimensions: (1, 4096, 4096, 4096, 1, 1, 1, 1, 1, 1, 0, 0, 'CONV', 1, 1, 0, 0),  latency: 5.742201904761905
[2m[36m(CompileWorker pid=2629246)[0m  tensor (Large latency) dimensions: (1, 4096, 4096, 4096, 1, 1, 1, 1, 1, 1, 0, 0, 'CONV', 1, 1, 0, 0),  latency: 5.742201904761905
[2m[36m(CompileWorker pid=2629247)[0m  tensor (Large latency) dimensions: (1, 2000, 4096, 4096, 1, 1, 1, 1, 1, 1, 0, 0, 'CONV', 1, 1, 0, 0),  latency: 2.827215238095238
[2m[36m(CompileWorker pid=2629246)[0m  tensor (Large latency) dimensions: (1, 2000, 4096, 4096, 1, 1, 1, 1, 1, 1, 0, 0, 'CONV', 1, 1, 0, 0),  latency: 2.827215238095238
[2m[36m(CompileWorker pid=2629248)[0m  tensor (Large latency) dimensions: (1, 4096, 4096, 4096, 1, 1, 1, 1, 1, 1, 0, 0, 'CONV', 1, 1, 0, 0),  latency: 5.742201904761905
[2m[36m(CompileWorker pid=2629248)[0m  tensor (Large latency) dimensions: (1, 2000, 4096, 4096, 1, 1, 1, 1, 1, 1, 0, 0, 'CONV', 1, 1, 0, 0),  latency: 2.827215238095238
- parse estimation results for all stages
result[(0, 0, 4, 0), 0] = ModuleProfileResult(compute_cost=63.309, peak_memory=5.668 GB, invar_size=1.009 GB, outvar_size=4.283 GB, temp_buffer_size=0.375 GB, available_memory=64.000 GB, comm_cost=0.689)
result[(0, 0, 4, 0), 1] = ModuleProfileResult(compute_cost=228.807, peak_memory=5.610 GB, invar_size=4.293 GB, outvar_size=1.009 GB, temp_buffer_size=1.317 GB, available_memory=64.000 GB, comm_cost=4.655)
Using pre computed peak Mem for (0, 1, 4, 0), module 0
result[(0, 1, 4, 0), 0] = ModuleProfileResult(compute_cost=110.885, peak_memory=3.100 GB, invar_size=1.999 GB, outvar_size=7.062 GB, temp_buffer_size=-5.961 GB, available_memory=64.000 GB, comm_cost=1.123)
result[(0, 1, 4, 0), 1] = ModuleProfileResult(compute_cost=433.416, peak_memory=10.327 GB, invar_size=8.061 GB, outvar_size=1.999 GB, temp_buffer_size=2.267 GB, available_memory=64.000 GB, comm_cost=8.834)
Using pre computed peak Mem for (0, 2, 4, 0), module 0
result[(0, 2, 4, 0), 0] = ModuleProfileResult(compute_cost=152.388, peak_memory=4.650 GB, invar_size=2.983 GB, outvar_size=9.355 GB, temp_buffer_size=-7.688 GB, available_memory=64.000 GB, comm_cost=1.529)
result[(0, 2, 4, 0), 1] = ModuleProfileResult(compute_cost=616.736, peak_memory=15.157 GB, invar_size=11.338 GB, outvar_size=2.983 GB, temp_buffer_size=3.818 GB, available_memory=64.000 GB, comm_cost=12.589)
result[(0, 3, 4, 0), 0] = ModuleProfileResult(compute_cost=147.680, peak_memory=12.149 GB, invar_size=2.988 GB, outvar_size=8.786 GB, temp_buffer_size=0.375 GB, available_memory=64.000 GB, comm_cost=1.161)
result[(0, 3, 4, 0), 1] = ModuleProfileResult(compute_cost=638.362, peak_memory=14.508 GB, invar_size=11.774 GB, outvar_size=2.988 GB, temp_buffer_size=2.734 GB, available_memory=64.000 GB, comm_cost=13.223)
result[(0, 4, 4, 0), 0] = ModuleProfileResult(compute_cost=184.358, peak_memory=15.431 GB, invar_size=3.972 GB, outvar_size=11.083 GB, temp_buffer_size=0.375 GB, available_memory=64.000 GB, comm_cost=1.372)
result[(0, 4, 4, 0), 1] = ModuleProfileResult(compute_cost=822.591, peak_memory=19.831 GB, invar_size=15.056 GB, outvar_size=3.972 GB, temp_buffer_size=4.775 GB, available_memory=64.000 GB, comm_cost=17.137)
result[(1, 1, 4, 0), 0] = ModuleProfileResult(compute_cost=42.467, peak_memory=5.022 GB, invar_size=2.052 GB, outvar_size=2.720 GB, temp_buffer_size=0.250 GB, available_memory=64.000 GB, comm_cost=0.635)
result[(1, 1, 4, 0), 1] = ModuleProfileResult(compute_cost=204.799, peak_memory=4.928 GB, invar_size=3.772 GB, outvar_size=1.052 GB, temp_buffer_size=1.094 GB, available_memory=64.000 GB, comm_cost=4.369)
result[(1, 2, 4, 0), 0] = ModuleProfileResult(compute_cost=78.515, peak_memory=8.241 GB, invar_size=3.036 GB, outvar_size=4.955 GB, temp_buffer_size=0.250 GB, available_memory=64.000 GB, comm_cost=0.840)
result[(1, 2, 4, 0), 1] = ModuleProfileResult(compute_cost=388.309, peak_memory=9.744 GB, invar_size=6.991 GB, outvar_size=2.036 GB, temp_buffer_size=2.691 GB, available_memory=64.000 GB, comm_cost=8.315)
result[(1, 3, 4, 0), 0] = ModuleProfileResult(compute_cost=84.713, peak_memory=8.919 GB, invar_size=3.041 GB, outvar_size=5.503 GB, temp_buffer_size=0.375 GB, available_memory=64.000 GB, comm_cost=0.868)
result[(1, 3, 4, 0), 1] = ModuleProfileResult(compute_cost=409.723, peak_memory=9.466 GB, invar_size=7.544 GB, outvar_size=2.041 GB, temp_buffer_size=1.859 GB, available_memory=64.000 GB, comm_cost=8.739)
result[(1, 4, 4, 0), 0] = ModuleProfileResult(compute_cost=121.390, peak_memory=12.200 GB, invar_size=4.025 GB, outvar_size=7.800 GB, temp_buffer_size=0.375 GB, available_memory=64.000 GB, comm_cost=1.079)
result[(1, 4, 4, 0), 1] = ModuleProfileResult(compute_cost=594.123, peak_memory=14.658 GB, invar_size=10.825 GB, outvar_size=3.025 GB, temp_buffer_size=3.771 GB, available_memory=64.000 GB, comm_cost=12.825)
Using pre computed peak Mem for (2, 2, 4, 0), module 0
result[(2, 2, 4, 0), 0] = ModuleProfileResult(compute_cost=204.277, peak_memory=1.550 GB, invar_size=2.688 GB, outvar_size=3.406 GB, temp_buffer_size=-4.544 GB, available_memory=64.000 GB, comm_cost=2.214)
result[(2, 2, 4, 0), 1] = ModuleProfileResult(compute_cost=96.104, peak_memory=8.778 GB, invar_size=6.035 GB, outvar_size=2.629 GB, temp_buffer_size=2.738 GB, available_memory=64.000 GB, comm_cost=5.680)
result[(2, 3, 4, 0), 0] = ModuleProfileResult(compute_cost=42.593, peak_memory=5.084 GB, invar_size=2.052 GB, outvar_size=2.783 GB, temp_buffer_size=0.250 GB, available_memory=64.000 GB, comm_cost=0.635)
result[(2, 3, 4, 0), 1] = ModuleProfileResult(compute_cost=204.924, peak_memory=5.061 GB, invar_size=3.834 GB, outvar_size=1.052 GB, temp_buffer_size=1.164 GB, available_memory=64.000 GB, comm_cost=4.369)
result[(2, 4, 4, 0), 0] = ModuleProfileResult(compute_cost=79.265, peak_memory=8.366 GB, invar_size=3.036 GB, outvar_size=5.080 GB, temp_buffer_size=0.250 GB, available_memory=64.000 GB, comm_cost=0.840)
result[(2, 4, 4, 0), 1] = ModuleProfileResult(compute_cost=389.321, peak_memory=9.869 GB, invar_size=7.116 GB, outvar_size=2.036 GB, temp_buffer_size=2.691 GB, available_memory=64.000 GB, comm_cost=8.453)
result[(3, 3, 4, 0), 0] = ModuleProfileResult(compute_cost=6.197, peak_memory=1.744 GB, invar_size=1.067 GB, outvar_size=0.548 GB, temp_buffer_size=0.129 GB, available_memory=64.000 GB, comm_cost=0.028)
result[(3, 3, 4, 0), 1] = ModuleProfileResult(compute_cost=21.275, peak_memory=0.865 GB, invar_size=0.615 GB, outvar_size=0.067 GB, temp_buffer_size=0.188 GB, available_memory=64.000 GB, comm_cost=0.286)
result[(3, 4, 4, 0), 0] = ModuleProfileResult(compute_cost=43.217, peak_memory=5.147 GB, invar_size=2.052 GB, outvar_size=2.845 GB, temp_buffer_size=0.250 GB, available_memory=64.000 GB, comm_cost=0.635)
result[(3, 4, 4, 0), 1] = ModuleProfileResult(compute_cost=205.673, peak_memory=4.959 GB, invar_size=3.897 GB, outvar_size=1.052 GB, temp_buffer_size=1.000 GB, available_memory=64.000 GB, comm_cost=4.369)
Using pre computed peak Mem for (4, 4, 4, 0), module 0
result[(4, 4, 4, 0), 0] = ModuleProfileResult(compute_cost=222.098, peak_memory=1.550 GB, invar_size=1.457 GB, outvar_size=5.168 GB, temp_buffer_size=-5.075 GB, available_memory=64.000 GB, comm_cost=2.316)
result[(4, 4, 4, 0), 1] = ModuleProfileResult(compute_cost=370.186, peak_memory=8.379 GB, invar_size=6.625 GB, outvar_size=1.398 GB, temp_buffer_size=1.750 GB, available_memory=64.000 GB, comm_cost=5.369)
Profiling for submesh 4 (2, 8) takes 1125.61 seconds
--------------------------------------------------
- Profiling for submesh 3 (1, 8):
- Generate all stage infos (Jaxpr -> HLO)
- Compile all stages, get estimations
num of workers:12
[2m[36m(CompileWorker pid=2649102)[0m compiled for stage:0 name: stage_0_0_acc_grad_0 module id: 0
[2m[36m(CompileWorker pid=2649092)[0m compiled for stage:10 name: stage_1_1_acc_grad_0 module id: 0
[2m[36m(CompileWorker pid=2649091)[0m compiled for stage:11 name: stage_1_1_acc_grad_0 module id: 0
[2m[36m(CompileWorker pid=2649101)[0m compiled for stage:1 name: stage_0_0_acc_grad_0 module id: 0
[2m[36m(CompileWorker pid=2649100)[0m compiled for stage:2 name: stage_0_1_acc_grad_0 module id: 0
[2m[36m(CompileWorker pid=2649099)[0m compiled for stage:3 name: stage_0_1_acc_grad_0 module id: 0
[2m[36m(CompileWorker pid=2649096)[0m compiled for stage:6 name: stage_0_3_acc_grad_0 module id: 0
[2m[36m(CompileWorker pid=2649094)[0m compiled for stage:8 name: stage_0_4_acc_grad_0 module id: 0
[2m[36m(CompileWorker pid=2649097)[0m compiled for stage:5 name: stage_0_2_acc_grad_0 module id: 0
[2m[36m(CompileWorker pid=2649091)[0m  tensor (Large latency) dimensions: (1, 4096, 1792, 4096, 1, 1, 1, 1, 1, 1, 0, 0, 'CONV', 1, 1, 0, 0),  latency: 2.6370438095238096
[2m[36m(CompileWorker pid=2649095)[0m compiled for stage:7 name: stage_0_3_acc_grad_0 module id: 0
[2m[36m(CompileWorker pid=2649101)[0m  tensor (Large latency) dimensions: (1, 4096, 4096, 4000, 1, 1, 1, 1, 1, 1, 0, 0, 'CONV', 1, 1, 0, 0),  latency: 5.648579047619048
[2m[36m(CompileWorker pid=2649102)[0m  tensor (Large latency) dimensions: (1, 4096, 4096, 4000, 1, 1, 1, 1, 1, 1, 0, 0, 'CONV', 1, 1, 0, 0),  latency: 5.648579047619048
[2m[36m(CompileWorker pid=2649100)[0m  tensor (Large latency) dimensions: (1, 4096, 4096, 4000, 1, 1, 1, 1, 1, 1, 0, 0, 'CONV', 1, 1, 0, 0),  latency: 5.648579047619048
[2m[36m(CompileWorker pid=2649099)[0m  tensor (Large latency) dimensions: (1, 4096, 4096, 4000, 1, 1, 1, 1, 1, 1, 0, 0, 'CONV', 1, 1, 0, 0),  latency: 5.648579047619048
[2m[36m(CompileWorker pid=2649097)[0m  tensor (Large latency) dimensions: (1, 4096, 4096, 4000, 1, 1, 1, 1, 1, 1, 0, 0, 'CONV', 1, 1, 0, 0),  latency: 5.648579047619048
[2m[36m(CompileWorker pid=2649096)[0m  tensor (Large latency) dimensions: (1, 4096, 4096, 4000, 1, 1, 1, 1, 1, 1, 0, 0, 'CONV', 1, 1, 0, 0),  latency: 5.648579047619048
[2m[36m(CompileWorker pid=2649094)[0m  tensor (Large latency) dimensions: (1, 4096, 4096, 4000, 1, 1, 1, 1, 1, 1, 0, 0, 'CONV', 1, 1, 0, 0),  latency: 5.648579047619048
[2m[36m(CompileWorker pid=2649091)[0m  tensor (Large latency) dimensions: (1, 4096, 4096, 1792, 1, 1, 1, 1, 1, 1, 0, 0, 'CONV', 1, 1, 0, 0),  latency: 2.4966095238095236
[2m[36m(CompileWorker pid=2649095)[0m  tensor (Large latency) dimensions: (1, 4096, 4096, 4000, 1, 1, 1, 1, 1, 1, 0, 0, 'CONV', 1, 1, 0, 0),  latency: 5.648579047619048
[2m[36m(CompileWorker pid=2649092)[0m  tensor (Large latency) dimensions: (1, 4096, 14336, 512, 1, 1, 1, 1, 1, 1, 0, 0, 'CONV', 1, 1, 0, 0),  latency: 1.7476266666666667
[2m[36m(CompileWorker pid=2649092)[0m  tensor (Large latency) dimensions: (1, 4096, 4096, 14336, 1, 1, 1, 1, 1, 1, 0, 0, 'CONV', 1, 1, 0, 0),  latency: 20.72185904761905
[2m[36m(CompileWorker pid=2649092)[0m  tensor (Large latency) dimensions: (1, 4096, 1792, 4096, 1, 1, 1, 1, 1, 1, 0, 0, 'CONV', 1, 1, 0, 0),  latency: 2.6370438095238096
[2m[36m(CompileWorker pid=2649093)[0m compiled for stage:9 name: stage_0_4_acc_grad_0 module id: 0
[2m[36m(CompileWorker pid=2649092)[0m  tensor (Large latency) dimensions: (1, 4096, 4096, 1792, 1, 1, 1, 1, 1, 1, 0, 0, 'CONV', 1, 1, 0, 0),  latency: 2.4966095238095236
[2m[36m(CompileWorker pid=2649098)[0m compiled for stage:4 name: stage_0_2_acc_grad_0 module id: 0
[2m[36m(CompileWorker pid=2649101)[0m  tensor (Large latency) dimensions: (1, 4096, 1792, 4096, 1, 1, 1, 1, 1, 1, 0, 0, 'CONV', 1, 1, 0, 0),  latency: 2.6370438095238096
[2m[36m(CompileWorker pid=2649093)[0m  tensor (Large latency) dimensions: (1, 4096, 4096, 4000, 1, 1, 1, 1, 1, 1, 0, 0, 'CONV', 1, 1, 0, 0),  latency: 5.648579047619048
[2m[36m(CompileWorker pid=2649091)[0m compiled for stage:11 name: stage_1_1_acc_grad_1 module id: 1
[2m[36m(CompileWorker pid=2649099)[0m  tensor (Large latency) dimensions: (1, 4096, 1792, 4096, 1, 1, 1, 1, 1, 1, 0, 0, 'CONV', 1, 1, 0, 0),  latency: 2.6370438095238096
[2m[36m(CompileWorker pid=2649098)[0m  tensor (Large latency) dimensions: (1, 4096, 4096, 4000, 1, 1, 1, 1, 1, 1, 0, 0, 'CONV', 1, 1, 0, 0),  latency: 5.648579047619048
[2m[36m(CompileWorker pid=2649101)[0m  tensor (Large latency) dimensions: (1, 4096, 4096, 1792, 1, 1, 1, 1, 1, 1, 0, 0, 'CONV', 1, 1, 0, 0),  latency: 2.4966095238095236
[2m[36m(CompileWorker pid=2649101)[0m compiled for stage:1 name: stage_0_0_acc_grad_1 module id: 1
[2m[36m(CompileWorker pid=2649097)[0m  tensor (Large latency) dimensions: (1, 4096, 1792, 4096, 1, 1, 1, 1, 1, 1, 0, 0, 'CONV', 1, 1, 0, 0),  latency: 2.6370438095238096
[2m[36m(CompileWorker pid=2649102)[0m  tensor (Large latency) dimensions: (1, 4096, 14336, 512, 1, 1, 1, 1, 1, 1, 0, 0, 'CONV', 1, 1, 0, 0),  latency: 1.7476266666666667
[2m[36m(CompileWorker pid=2649099)[0m  tensor (Large latency) dimensions: (1, 4096, 4096, 1792, 1, 1, 1, 1, 1, 1, 0, 0, 'CONV', 1, 1, 0, 0),  latency: 2.4966095238095236
[2m[36m(CompileWorker pid=2649100)[0m  tensor (Large latency) dimensions: (1, 4096, 14336, 4096, 1, 1, 1, 1, 1, 1, 0, 0, 'CONV', 1, 1, 0, 0),  latency: 20.097706666666667
[2m[36m(CompileWorker pid=2649099)[0m compiled for stage:3 name: stage_0_1_acc_grad_1 module id: 1
[2m[36m(CompileWorker pid=2649102)[0m  tensor (Large latency) dimensions: (1, 4096, 4096, 14336, 1, 1, 1, 1, 1, 1, 0, 0, 'CONV', 1, 1, 0, 0),  latency: 20.72185904761905
[2m[36m(CompileWorker pid=2649100)[0m  tensor (Large latency) dimensions: (1, 4096, 4096, 14336, 1, 1, 1, 1, 1, 1, 0, 0, 'CONV', 1, 1, 0, 0),  latency: 20.72185904761905
[2m[36m(CompileWorker pid=2649095)[0m  tensor (Large latency) dimensions: (1, 4096, 1792, 4096, 1, 1, 1, 1, 1, 1, 0, 0, 'CONV', 1, 1, 0, 0),  latency: 2.6370438095238096
[2m[36m(CompileWorker pid=2649097)[0m  tensor (Large latency) dimensions: (1, 4096, 4096, 1792, 1, 1, 1, 1, 1, 1, 0, 0, 'CONV', 1, 1, 0, 0),  latency: 2.4966095238095236
[2m[36m(CompileWorker pid=2649097)[0m compiled for stage:5 name: stage_0_2_acc_grad_1 module id: 1
[2m[36m(CompileWorker pid=2649092)[0m compiled for stage:10 name: stage_1_1_acc_grad_1 module id: 1
[2m[36m(CompileWorker pid=2649102)[0m  tensor (Large latency) dimensions: (1, 4096, 14336, 4096, 1, 1, 1, 1, 1, 1, 0, 0, 'CONV', 1, 1, 0, 0),  latency: 20.097706666666667
[2m[36m(CompileWorker pid=2649102)[0m compiled for stage:0 name: stage_0_0_acc_grad_1 module id: 1
[2m[36m(CompileWorker pid=2649095)[0m  tensor (Large latency) dimensions: (1, 4096, 4096, 1792, 1, 1, 1, 1, 1, 1, 0, 0, 'CONV', 1, 1, 0, 0),  latency: 2.4966095238095236
[2m[36m(CompileWorker pid=2649095)[0m compiled for stage:7 name: stage_0_3_acc_grad_1 module id: 1
[2m[36m(CompileWorker pid=2649096)[0m  tensor (Large latency) dimensions: (1, 4096, 14336, 512, 1, 1, 1, 1, 1, 1, 0, 0, 'CONV', 1, 1, 0, 0),  latency: 1.7476266666666667
[2m[36m(CompileWorker pid=2649091)[0m  tensor (Large latency) dimensions: (1, 4096, 4096, 4096, 1, 1, 1, 1, 1, 1, 0, 0, 'CONV', 1, 1, 0, 0),  latency: 5.742201904761905
[2m[36m(CompileWorker pid=2649100)[0m  tensor (Large latency) dimensions: (1, 4096, 14336, 512, 1, 1, 1, 1, 1, 1, 0, 0, 'CONV', 1, 1, 0, 0),  latency: 1.7476266666666667
[2m[36m(CompileWorker pid=2649100)[0m compiled for stage:2 name: stage_0_1_acc_grad_1 module id: 1
[2m[36m(CompileWorker pid=2649096)[0m  tensor (Large latency) dimensions: (1, 4096, 4096, 14336, 1, 1, 1, 1, 1, 1, 0, 0, 'CONV', 1, 1, 0, 0),  latency: 20.72185904761905
[2m[36m(CompileWorker pid=2649096)[0m compiled for stage:6 name: stage_0_3_acc_grad_1 module id: 1
[2m[36m(CompileWorker pid=2649101)[0m  tensor (Large latency) dimensions: (1, 4096, 4096, 4096, 1, 1, 1, 1, 1, 1, 0, 0, 'CONV', 1, 1, 0, 0),  latency: 5.742201904761905
[2m[36m(CompileWorker pid=2649091)[0m  tensor (Large latency) dimensions: (1, 4096, 4096, 4096, 1, 1, 1, 1, 1, 1, 0, 0, 'CONV', 1, 1, 0, 0),  latency: 5.742201904761905
[2m[36m(CompileWorker pid=2649097)[0m  tensor (Large latency) dimensions: (1, 14336, 4096, 512, 1, 1, 1, 1, 1, 1, 0, 0, 'CONV', 1, 1, 0, 0),  latency: 1.7476266666666667
[2m[36m(CompileWorker pid=2649094)[0m  tensor (Large latency) dimensions: (1, 4096, 14336, 512, 1, 1, 1, 1, 1, 1, 0, 0, 'CONV', 1, 1, 0, 0),  latency: 1.7476266666666667
[2m[36m(CompileWorker pid=2649101)[0m  tensor (Large latency) dimensions: (1, 4096, 4096, 4096, 1, 1, 1, 1, 1, 1, 0, 0, 'CONV', 1, 1, 0, 0),  latency: 5.742201904761905
[2m[36m(CompileWorker pid=2649099)[0m  tensor (Large latency) dimensions: (1, 4096, 4096, 4096, 1, 1, 1, 1, 1, 1, 0, 0, 'CONV', 1, 1, 0, 0),  latency: 5.742201904761905
[2m[36m(CompileWorker pid=2649092)[0m  tensor (Large latency) dimensions: (1, 4096, 4096, 4096, 1, 1, 1, 1, 1, 1, 0, 0, 'CONV', 1, 1, 0, 0),  latency: 5.742201904761905
[2m[36m(CompileWorker pid=2649097)[0m  tensor (Large latency) dimensions: (1, 512, 14336, 14336, 1, 1, 1, 1, 1, 1, 0, 0, 'CONV', 1, 1, 0, 0),  latency: 9.065813333333333
[2m[36m(CompileWorker pid=2649093)[0m  tensor (Large latency) dimensions: (1, 4096, 1792, 4096, 1, 1, 1, 1, 1, 1, 0, 0, 'CONV', 1, 1, 0, 0),  latency: 2.6370438095238096
[2m[36m(CompileWorker pid=2649097)[0m  tensor (Large latency) dimensions: (1, 4096, 1792, 4096, 1, 1, 1, 1, 1, 1, 0, 0, 'CONV', 1, 1, 0, 0),  latency: 2.6370438095238096
[2m[36m(CompileWorker pid=2649102)[0m  tensor (Large latency) dimensions: (1, 4096, 4096, 4096, 1, 1, 1, 1, 1, 1, 0, 0, 'CONV', 1, 1, 0, 0),  latency: 5.742201904761905
[2m[36m(CompileWorker pid=2649091)[0m  tensor (Large latency) dimensions: (1, 14336, 4096, 512, 1, 1, 1, 1, 1, 1, 0, 0, 'CONV', 1, 1, 0, 0),  latency: 1.7476266666666667
[2m[36m(CompileWorker pid=2649092)[0m  tensor (Large latency) dimensions: (1, 4096, 4096, 4096, 1, 1, 1, 1, 1, 1, 0, 0, 'CONV', 1, 1, 0, 0),  latency: 5.742201904761905
[2m[36m(CompileWorker pid=2649098)[0m  tensor (Large latency) dimensions: (1, 4096, 14336, 512, 1, 1, 1, 1, 1, 1, 0, 0, 'CONV', 1, 1, 0, 0),  latency: 1.7476266666666667
[2m[36m(CompileWorker pid=2649099)[0m  tensor (Large latency) dimensions: (1, 4096, 4096, 4096, 1, 1, 1, 1, 1, 1, 0, 0, 'CONV', 1, 1, 0, 0),  latency: 5.742201904761905
[2m[36m(CompileWorker pid=2649091)[0m  tensor (Large latency) dimensions: (1, 512, 14336, 14336, 1, 1, 1, 1, 1, 1, 0, 0, 'CONV', 1, 1, 0, 0),  latency: 9.065813333333333
[2m[36m(CompileWorker pid=2649094)[0m  tensor (Large latency) dimensions: (1, 4096, 14336, 4096, 1, 1, 1, 1, 1, 1, 0, 0, 'CONV', 1, 1, 0, 0),  latency: 20.097706666666667
[2m[36m(CompileWorker pid=2649091)[0m  tensor (Large latency) dimensions: (1, 4096, 1792, 4096, 1, 1, 1, 1, 1, 1, 0, 0, 'CONV', 1, 1, 0, 0),  latency: 2.6370438095238096
[2m[36m(CompileWorker pid=2649101)[0m  tensor (Large latency) dimensions: (1, 14336, 4096, 512, 1, 1, 1, 1, 1, 1, 0, 0, 'CONV', 1, 1, 0, 0),  latency: 1.7476266666666667
[2m[36m(CompileWorker pid=2649098)[0m  tensor (Large latency) dimensions: (1, 4096, 4096, 14336, 1, 1, 1, 1, 1, 1, 0, 0, 'CONV', 1, 1, 0, 0),  latency: 20.72185904761905
[2m[36m(CompileWorker pid=2649102)[0m  tensor (Large latency) dimensions: (1, 4096, 4096, 4096, 1, 1, 1, 1, 1, 1, 0, 0, 'CONV', 1, 1, 0, 0),  latency: 5.742201904761905
[2m[36m(CompileWorker pid=2649093)[0m  tensor (Large latency) dimensions: (1, 4096, 4096, 1792, 1, 1, 1, 1, 1, 1, 0, 0, 'CONV', 1, 1, 0, 0),  latency: 2.4966095238095236
[2m[36m(CompileWorker pid=2649093)[0m compiled for stage:9 name: stage_0_4_acc_grad_1 module id: 1
[2m[36m(CompileWorker pid=2649097)[0m  tensor (Large latency) dimensions: (1, 4096, 4096, 4096, 1, 1, 1, 1, 1, 1, 0, 0, 'CONV', 1, 1, 0, 0),  latency: 5.742201904761905
[2m[36m(CompileWorker pid=2649100)[0m  tensor (Large latency) dimensions: (1, 4096, 4096, 4096, 1, 1, 1, 1, 1, 1, 0, 0, 'CONV', 1, 1, 0, 0),  latency: 5.742201904761905
[2m[36m(CompileWorker pid=2649101)[0m  tensor (Large latency) dimensions: (1, 512, 14336, 14336, 1, 1, 1, 1, 1, 1, 0, 0, 'CONV', 1, 1, 0, 0),  latency: 9.065813333333333
[2m[36m(CompileWorker pid=2649102)[0m  tensor (Large latency) dimensions: (1, 14336, 512, 4096, 1, 1, 1, 1, 1, 1, 0, 0, 'CONV', 1, 1, 0, 0),  latency: 2.5122133333333334
[2m[36m(CompileWorker pid=2649101)[0m  tensor (Large latency) dimensions: (1, 4096, 1792, 4096, 1, 1, 1, 1, 1, 1, 0, 0, 'CONV', 1, 1, 0, 0),  latency: 2.6370438095238096
[2m[36m(CompileWorker pid=2649094)[0m  tensor (Large latency) dimensions: (1, 4096, 4096, 14336, 1, 1, 1, 1, 1, 1, 0, 0, 'CONV', 1, 1, 0, 0),  latency: 20.72185904761905
[2m[36m(CompileWorker pid=2649091)[0m  tensor (Large latency) dimensions: (1, 4096, 4096, 4096, 1, 1, 1, 1, 1, 1, 0, 0, 'CONV', 1, 1, 0, 0),  latency: 5.742201904761905
[2m[36m(CompileWorker pid=2649094)[0m compiled for stage:8 name: stage_0_4_acc_grad_1 module id: 1
[2m[36m(CompileWorker pid=2649095)[0m  tensor (Large latency) dimensions: (1, 4096, 4096, 4096, 1, 1, 1, 1, 1, 1, 0, 0, 'CONV', 1, 1, 0, 0),  latency: 5.742201904761905
[2m[36m(CompileWorker pid=2649092)[0m  tensor (Large latency) dimensions: (1, 14336, 4096, 512, 1, 1, 1, 1, 1, 1, 0, 0, 'CONV', 1, 1, 0, 0),  latency: 1.7476266666666667
[2m[36m(CompileWorker pid=2649099)[0m  tensor (Large latency) dimensions: (1, 14336, 4096, 512, 1, 1, 1, 1, 1, 1, 0, 0, 'CONV', 1, 1, 0, 0),  latency: 1.7476266666666667
[2m[36m(CompileWorker pid=2649098)[0m  tensor (Large latency) dimensions: (1, 4096, 14336, 4096, 1, 1, 1, 1, 1, 1, 0, 0, 'CONV', 1, 1, 0, 0),  latency: 20.097706666666667
[2m[36m(CompileWorker pid=2649102)[0m  tensor (Large latency) dimensions: (1, 4096, 14336, 14336, 1, 1, 1, 1, 1, 1, 0, 0, 'CONV', 1, 1, 0, 0),  latency: 72.52650666666666
[2m[36m(CompileWorker pid=2649098)[0m  tensor (Large latency) dimensions: (1, 4096, 1792, 4096, 1, 1, 1, 1, 1, 1, 0, 0, 'CONV', 1, 1, 0, 0),  latency: 2.6370438095238096
[2m[36m(CompileWorker pid=2649100)[0m  tensor (Large latency) dimensions: (1, 4096, 4096, 4096, 1, 1, 1, 1, 1, 1, 0, 0, 'CONV', 1, 1, 0, 0),  latency: 5.742201904761905
[2m[36m(CompileWorker pid=2649096)[0m  tensor (Large latency) dimensions: (1, 4096, 4096, 4096, 1, 1, 1, 1, 1, 1, 0, 0, 'CONV', 1, 1, 0, 0),  latency: 5.742201904761905
[2m[36m(CompileWorker pid=2649101)[0m  tensor (Large latency) dimensions: (1, 4096, 4096, 4096, 1, 1, 1, 1, 1, 1, 0, 0, 'CONV', 1, 1, 0, 0),  latency: 5.742201904761905
[2m[36m(CompileWorker pid=2649092)[0m  tensor (Large latency) dimensions: (1, 512, 14336, 14336, 1, 1, 1, 1, 1, 1, 0, 0, 'CONV', 1, 1, 0, 0),  latency: 9.065813333333333
[2m[36m(CompileWorker pid=2649099)[0m  tensor (Large latency) dimensions: (1, 512, 14336, 14336, 1, 1, 1, 1, 1, 1, 0, 0, 'CONV', 1, 1, 0, 0),  latency: 9.065813333333333
[2m[36m(CompileWorker pid=2649101)[0m  tensor (Large latency) dimensions: (1, 4000, 4096, 4096, 1, 1, 1, 1, 1, 1, 0, 0, 'CONV', 1, 1, 0, 0),  latency: 5.654430476190476
[2m[36m(CompileWorker pid=2649102)[0m  tensor (Large latency) dimensions: (1, 512, 14336, 4096, 1, 1, 1, 1, 1, 1, 0, 0, 'CONV', 1, 1, 0, 0),  latency: 2.5122133333333334
[2m[36m(CompileWorker pid=2649092)[0m  tensor (Large latency) dimensions: (1, 4096, 1792, 4096, 1, 1, 1, 1, 1, 1, 0, 0, 'CONV', 1, 1, 0, 0),  latency: 2.6370438095238096
[2m[36m(CompileWorker pid=2649094)[0m  tensor (Large latency) dimensions: (1, 14336, 512, 4096, 1, 1, 1, 1, 1, 1, 0, 0, 'CONV', 1, 1, 0, 0),  latency: 2.5122133333333334
[2m[36m(CompileWorker pid=2649099)[0m  tensor (Large latency) dimensions: (1, 4096, 1792, 4096, 1, 1, 1, 1, 1, 1, 0, 0, 'CONV', 1, 1, 0, 0),  latency: 2.6370438095238096
[2m[36m(CompileWorker pid=2649095)[0m  tensor (Large latency) dimensions: (1, 4096, 4096, 4096, 1, 1, 1, 1, 1, 1, 0, 0, 'CONV', 1, 1, 0, 0),  latency: 5.742201904761905
[2m[36m(CompileWorker pid=2649102)[0m  tensor (Large latency) dimensions: (1, 4096, 1792, 4096, 1, 1, 1, 1, 1, 1, 0, 0, 'CONV', 1, 1, 0, 0),  latency: 2.6370438095238096
[2m[36m(CompileWorker pid=2649100)[0m  tensor (Large latency) dimensions: (1, 14336, 512, 4096, 1, 1, 1, 1, 1, 1, 0, 0, 'CONV', 1, 1, 0, 0),  latency: 2.5122133333333334
[2m[36m(CompileWorker pid=2649098)[0m  tensor (Large latency) dimensions: (1, 4096, 4096, 1792, 1, 1, 1, 1, 1, 1, 0, 0, 'CONV', 1, 1, 0, 0),  latency: 2.4966095238095236
[2m[36m(CompileWorker pid=2649098)[0m compiled for stage:4 name: stage_0_2_acc_grad_1 module id: 1
[2m[36m(CompileWorker pid=2649092)[0m  tensor (Large latency) dimensions: (1, 14336, 512, 4096, 1, 1, 1, 1, 1, 1, 0, 0, 'CONV', 1, 1, 0, 0),  latency: 2.5122133333333334
[2m[36m(CompileWorker pid=2649096)[0m  tensor (Large latency) dimensions: (1, 4096, 4096, 4096, 1, 1, 1, 1, 1, 1, 0, 0, 'CONV', 1, 1, 0, 0),  latency: 5.742201904761905
[2m[36m(CompileWorker pid=2649093)[0m  tensor (Large latency) dimensions: (1, 14336, 4096, 512, 1, 1, 1, 1, 1, 1, 0, 0, 'CONV', 1, 1, 0, 0),  latency: 1.7476266666666667
[2m[36m(CompileWorker pid=2649102)[0m  tensor (Large latency) dimensions: (1, 4096, 4096, 4096, 1, 1, 1, 1, 1, 1, 0, 0, 'CONV', 1, 1, 0, 0),  latency: 5.742201904761905
[2m[36m(CompileWorker pid=2649099)[0m  tensor (Large latency) dimensions: (1, 4096, 4096, 4096, 1, 1, 1, 1, 1, 1, 0, 0, 'CONV', 1, 1, 0, 0),  latency: 5.742201904761905
[2m[36m(CompileWorker pid=2649100)[0m  tensor (Large latency) dimensions: (1, 4096, 14336, 14336, 1, 1, 1, 1, 1, 1, 0, 0, 'CONV', 1, 1, 0, 0),  latency: 72.52650666666666
[2m[36m(CompileWorker pid=2649094)[0m  tensor (Large latency) dimensions: (1, 4096, 14336, 14336, 1, 1, 1, 1, 1, 1, 0, 0, 'CONV', 1, 1, 0, 0),  latency: 72.52650666666666
[2m[36m(CompileWorker pid=2649099)[0m  tensor (Large latency) dimensions: (1, 4000, 4096, 4096, 1, 1, 1, 1, 1, 1, 0, 0, 'CONV', 1, 1, 0, 0),  latency: 5.654430476190476
[2m[36m(CompileWorker pid=2649092)[0m  tensor (Large latency) dimensions: (1, 4096, 14336, 14336, 1, 1, 1, 1, 1, 1, 0, 0, 'CONV', 1, 1, 0, 0),  latency: 72.52650666666666
[2m[36m(CompileWorker pid=2649096)[0m  tensor (Large latency) dimensions: (1, 14336, 512, 4096, 1, 1, 1, 1, 1, 1, 0, 0, 'CONV', 1, 1, 0, 0),  latency: 2.5122133333333334
[2m[36m(CompileWorker pid=2649091)[0m compiled for stage:12 name: stage_1_2_acc_grad_0 module id: 0
[2m[36m(CompileWorker pid=2649100)[0m  tensor (Large latency) dimensions: (1, 512, 14336, 4096, 1, 1, 1, 1, 1, 1, 0, 0, 'CONV', 1, 1, 0, 0),  latency: 2.5122133333333334
[2m[36m(CompileWorker pid=2649093)[0m  tensor (Large latency) dimensions: (1, 512, 14336, 14336, 1, 1, 1, 1, 1, 1, 0, 0, 'CONV', 1, 1, 0, 0),  latency: 9.065813333333333
[2m[36m(CompileWorker pid=2649102)[0m  tensor (Large latency) dimensions: (1, 4096, 4096, 4096, 1, 1, 1, 1, 1, 1, 0, 0, 'CONV', 1, 1, 0, 0),  latency: 5.742201904761905
[2m[36m(CompileWorker pid=2649092)[0m  tensor (Large latency) dimensions: (1, 512, 14336, 4096, 1, 1, 1, 1, 1, 1, 0, 0, 'CONV', 1, 1, 0, 0),  latency: 2.5122133333333334
[2m[36m(CompileWorker pid=2649095)[0m  tensor (Large latency) dimensions: (1, 14336, 4096, 512, 1, 1, 1, 1, 1, 1, 0, 0, 'CONV', 1, 1, 0, 0),  latency: 1.7476266666666667
[2m[36m(CompileWorker pid=2649100)[0m  tensor (Large latency) dimensions: (1, 4096, 1792, 4096, 1, 1, 1, 1, 1, 1, 0, 0, 'CONV', 1, 1, 0, 0),  latency: 2.6370438095238096
[2m[36m(CompileWorker pid=2649102)[0m  tensor (Large latency) dimensions: (1, 4000, 4096, 4096, 1, 1, 1, 1, 1, 1, 0, 0, 'CONV', 1, 1, 0, 0),  latency: 5.654430476190476
[2m[36m(CompileWorker pid=2649097)[0m  tensor (Large latency) dimensions: (1, 4096, 4096, 4096, 1, 1, 1, 1, 1, 1, 0, 0, 'CONV', 1, 1, 0, 0),  latency: 5.742201904761905
[2m[36m(CompileWorker pid=2649094)[0m  tensor (Large latency) dimensions: (1, 512, 14336, 4096, 1, 1, 1, 1, 1, 1, 0, 0, 'CONV', 1, 1, 0, 0),  latency: 2.5122133333333334
[2m[36m(CompileWorker pid=2649093)[0m  tensor (Large latency) dimensions: (1, 4096, 1792, 4096, 1, 1, 1, 1, 1, 1, 0, 0, 'CONV', 1, 1, 0, 0),  latency: 2.6370438095238096
[2m[36m(CompileWorker pid=2649096)[0m  tensor (Large latency) dimensions: (1, 4096, 14336, 14336, 1, 1, 1, 1, 1, 1, 0, 0, 'CONV', 1, 1, 0, 0),  latency: 72.52650666666666
[2m[36m(CompileWorker pid=2649098)[0m  tensor (Large latency) dimensions: (1, 14336, 4096, 512, 1, 1, 1, 1, 1, 1, 0, 0, 'CONV', 1, 1, 0, 0),  latency: 1.7476266666666667
[2m[36m(CompileWorker pid=2649101)[0m compiled for stage:13 name: stage_1_2_acc_grad_0 module id: 0
[2m[36m(CompileWorker pid=2649101)[0m compiled for stage:13 name: stage_1_2_acc_grad_1 module id: 1
[2m[36m(CompileWorker pid=2649091)[0m  tensor (Large latency) dimensions: (1, 4096, 14336, 4096, 1, 1, 1, 1, 1, 1, 0, 0, 'CONV', 1, 1, 0, 0),  latency: 20.097706666666667
[2m[36m(CompileWorker pid=2649094)[0m  tensor (Large latency) dimensions: (1, 4096, 1792, 4096, 1, 1, 1, 1, 1, 1, 0, 0, 'CONV', 1, 1, 0, 0),  latency: 2.6370438095238096
[2m[36m(CompileWorker pid=2649092)[0m  tensor (Large latency) dimensions: (1, 4096, 4096, 4096, 1, 1, 1, 1, 1, 1, 0, 0, 'CONV', 1, 1, 0, 0),  latency: 5.742201904761905
[2m[36m(CompileWorker pid=2649095)[0m  tensor (Large latency) dimensions: (1, 512, 14336, 14336, 1, 1, 1, 1, 1, 1, 0, 0, 'CONV', 1, 1, 0, 0),  latency: 9.065813333333333
[2m[36m(CompileWorker pid=2649091)[0m  tensor (Large latency) dimensions: (1, 4096, 4096, 14336, 1, 1, 1, 1, 1, 1, 0, 0, 'CONV', 1, 1, 0, 0),  latency: 20.72185904761905
[2m[36m(CompileWorker pid=2649091)[0m compiled for stage:12 name: stage_1_2_acc_grad_1 module id: 1
[2m[36m(CompileWorker pid=2649096)[0m  tensor (Large latency) dimensions: (1, 512, 14336, 4096, 1, 1, 1, 1, 1, 1, 0, 0, 'CONV', 1, 1, 0, 0),  latency: 2.5122133333333334
[2m[36m(CompileWorker pid=2649095)[0m  tensor (Large latency) dimensions: (1, 4096, 1792, 4096, 1, 1, 1, 1, 1, 1, 0, 0, 'CONV', 1, 1, 0, 0),  latency: 2.6370438095238096
[2m[36m(CompileWorker pid=2649100)[0m  tensor (Large latency) dimensions: (1, 4096, 4096, 4096, 1, 1, 1, 1, 1, 1, 0, 0, 'CONV', 1, 1, 0, 0),  latency: 5.742201904761905
[2m[36m(CompileWorker pid=2649098)[0m  tensor (Large latency) dimensions: (1, 4096, 14336, 14336, 1, 1, 1, 1, 1, 1, 0, 0, 'CONV', 1, 1, 0, 0),  latency: 72.52650666666666
[2m[36m(CompileWorker pid=2649097)[0m  tensor (Large latency) dimensions: (1, 4096, 4096, 4096, 1, 1, 1, 1, 1, 1, 0, 0, 'CONV', 1, 1, 0, 0),  latency: 5.742201904761905
[2m[36m(CompileWorker pid=2649093)[0m  tensor (Large latency) dimensions: (1, 4096, 4096, 4096, 1, 1, 1, 1, 1, 1, 0, 0, 'CONV', 1, 1, 0, 0),  latency: 5.742201904761905
[2m[36m(CompileWorker pid=2649092)[0m  tensor (Large latency) dimensions: (1, 4096, 4096, 4096, 1, 1, 1, 1, 1, 1, 0, 0, 'CONV', 1, 1, 0, 0),  latency: 5.742201904761905
[2m[36m(CompileWorker pid=2649098)[0m  tensor (Large latency) dimensions: (1, 4096, 1792, 4096, 1, 1, 1, 1, 1, 1, 0, 0, 'CONV', 1, 1, 0, 0),  latency: 2.6370438095238096
[2m[36m(CompileWorker pid=2649099)[0m compiled for stage:14 name: stage_1_3_acc_grad_0 module id: 0
[2m[36m(CompileWorker pid=2649097)[0m  tensor (Large latency) dimensions: (1, 4000, 4096, 4096, 1, 1, 1, 1, 1, 1, 0, 0, 'CONV', 1, 1, 0, 0),  latency: 5.654430476190476
[2m[36m(CompileWorker pid=2649091)[0m  tensor (Large latency) dimensions: (1, 14336, 512, 4096, 1, 1, 1, 1, 1, 1, 0, 0, 'CONV', 1, 1, 0, 0),  latency: 2.5122133333333334
[2m[36m(CompileWorker pid=2649100)[0m  tensor (Large latency) dimensions: (1, 4096, 4096, 4096, 1, 1, 1, 1, 1, 1, 0, 0, 'CONV', 1, 1, 0, 0),  latency: 5.742201904761905
[2m[36m(CompileWorker pid=2649094)[0m  tensor (Large latency) dimensions: (1, 4096, 4096, 4096, 1, 1, 1, 1, 1, 1, 0, 0, 'CONV', 1, 1, 0, 0),  latency: 5.742201904761905
[2m[36m(CompileWorker pid=2649100)[0m  tensor (Large latency) dimensions: (1, 4000, 4096, 4096, 1, 1, 1, 1, 1, 1, 0, 0, 'CONV', 1, 1, 0, 0),  latency: 5.654430476190476
[2m[36m(CompileWorker pid=2649095)[0m  tensor (Large latency) dimensions: (1, 4096, 4096, 4096, 1, 1, 1, 1, 1, 1, 0, 0, 'CONV', 1, 1, 0, 0),  latency: 5.742201904761905
[2m[36m(CompileWorker pid=2649096)[0m  tensor (Large latency) dimensions: (1, 4096, 4096, 4096, 1, 1, 1, 1, 1, 1, 0, 0, 'CONV', 1, 1, 0, 0),  latency: 5.742201904761905
[2m[36m(CompileWorker pid=2649091)[0m  tensor (Large latency) dimensions: (1, 4096, 14336, 14336, 1, 1, 1, 1, 1, 1, 0, 0, 'CONV', 1, 1, 0, 0),  latency: 72.52650666666666
[2m[36m(CompileWorker pid=2649097)[0m compiled for stage:18 name: stage_2_2_acc_grad_0 module id: 0
[2m[36m(CompileWorker pid=2649096)[0m  tensor (Large latency) dimensions: (1, 4000, 4096, 4096, 1, 1, 1, 1, 1, 1, 0, 0, 'CONV', 1, 1, 0, 0),  latency: 5.654430476190476
[2m[36m(CompileWorker pid=2649102)[0m compiled for stage:15 name: stage_1_3_acc_grad_0 module id: 0
[2m[36m(CompileWorker pid=2649095)[0m  tensor (Large latency) dimensions: (1, 4000, 4096, 4096, 1, 1, 1, 1, 1, 1, 0, 0, 'CONV', 1, 1, 0, 0),  latency: 5.654430476190476
[2m[36m(CompileWorker pid=2649098)[0m  tensor (Large latency) dimensions: (1, 4096, 4096, 4096, 1, 1, 1, 1, 1, 1, 0, 0, 'CONV', 1, 1, 0, 0),  latency: 5.742201904761905
[2m[36m(CompileWorker pid=2649102)[0m  tensor (Large latency) dimensions: (1, 4096, 1792, 4096, 1, 1, 1, 1, 1, 1, 0, 0, 'CONV', 1, 1, 0, 0),  latency: 2.6370438095238096
[2m[36m(CompileWorker pid=2649099)[0m  tensor (Large latency) dimensions: (1, 4096, 14336, 512, 1, 1, 1, 1, 1, 1, 0, 0, 'CONV', 1, 1, 0, 0),  latency: 1.7476266666666667
[2m[36m(CompileWorker pid=2649100)[0m compiled for stage:19 name: stage_2_2_acc_grad_0 module id: 0
[2m[36m(CompileWorker pid=2649094)[0m  tensor (Large latency) dimensions: (1, 4096, 4096, 4096, 1, 1, 1, 1, 1, 1, 0, 0, 'CONV', 1, 1, 0, 0),  latency: 5.742201904761905
[2m[36m(CompileWorker pid=2649091)[0m compiled for stage:20 name: stage_2_3_acc_grad_0 module id: 0
[2m[36m(CompileWorker pid=2649099)[0m  tensor (Large latency) dimensions: (1, 4096, 4096, 14336, 1, 1, 1, 1, 1, 1, 0, 0, 'CONV', 1, 1, 0, 0),  latency: 20.72185904761905
[2m[36m(CompileWorker pid=2649102)[0m  tensor (Large latency) dimensions: (1, 4096, 4096, 1792, 1, 1, 1, 1, 1, 1, 0, 0, 'CONV', 1, 1, 0, 0),  latency: 2.4966095238095236
[2m[36m(CompileWorker pid=2649099)[0m compiled for stage:14 name: stage_1_3_acc_grad_1 module id: 1
[2m[36m(CompileWorker pid=2649102)[0m compiled for stage:15 name: stage_1_3_acc_grad_1 module id: 1
[2m[36m(CompileWorker pid=2649096)[0m compiled for stage:21 name: stage_2_3_acc_grad_0 module id: 0
[2m[36m(CompileWorker pid=2649100)[0m  tensor (Large latency) dimensions: (1, 512, 14336, 4096, 1, 1, 1, 1, 1, 1, 0, 0, 'CONV', 1, 1, 0, 0),  latency: 2.5122133333333334
[2m[36m(CompileWorker pid=2649100)[0m compiled for stage:19 name: stage_2_2_acc_grad_1 module id: 1
[2m[36m(CompileWorker pid=2649096)[0m  tensor (Large latency) dimensions: (1, 4096, 1792, 4096, 1, 1, 1, 1, 1, 1, 0, 0, 'CONV', 1, 1, 0, 0),  latency: 2.6370438095238096
[2m[36m(CompileWorker pid=2649097)[0m  tensor (Large latency) dimensions: (1, 4096, 14336, 512, 1, 1, 1, 1, 1, 1, 0, 0, 'CONV', 1, 1, 0, 0),  latency: 1.7476266666666667
[2m[36m(CompileWorker pid=2649101)[0m compiled for stage:16 name: stage_1_4_acc_grad_0 module id: 0
[2m[36m(CompileWorker pid=2649099)[0m  tensor (Large latency) dimensions: (1, 14336, 512, 4096, 1, 1, 1, 1, 1, 1, 0, 0, 'CONV', 1, 1, 0, 0),  latency: 2.5122133333333334
[2m[36m(CompileWorker pid=2649097)[0m  tensor (Large latency) dimensions: (1, 4096, 4096, 14336, 1, 1, 1, 1, 1, 1, 0, 0, 'CONV', 1, 1, 0, 0),  latency: 20.72185904761905
[2m[36m(CompileWorker pid=2649095)[0m compiled for stage:22 name: stage_2_4_acc_grad_0 module id: 0
[2m[36m(CompileWorker pid=2649091)[0m  tensor (Large latency) dimensions: (1, 4096, 14336, 512, 1, 1, 1, 1, 1, 1, 0, 0, 'CONV', 1, 1, 0, 0),  latency: 1.7476266666666667
[2m[36m(CompileWorker pid=2649091)[0m compiled for stage:20 name: stage_2_3_acc_grad_1 module id: 1
[2m[36m(CompileWorker pid=2649096)[0m  tensor (Large latency) dimensions: (1, 4096, 4096, 1792, 1, 1, 1, 1, 1, 1, 0, 0, 'CONV', 1, 1, 0, 0),  latency: 2.4966095238095236
[2m[36m(CompileWorker pid=2649096)[0m compiled for stage:21 name: stage_2_3_acc_grad_1 module id: 1
[2m[36m(CompileWorker pid=2649102)[0m  tensor (Large latency) dimensions: (1, 14336, 4096, 512, 1, 1, 1, 1, 1, 1, 0, 0, 'CONV', 1, 1, 0, 0),  latency: 1.7476266666666667
[2m[36m(CompileWorker pid=2649099)[0m  tensor (Large latency) dimensions: (1, 4096, 14336, 14336, 1, 1, 1, 1, 1, 1, 0, 0, 'CONV', 1, 1, 0, 0),  latency: 72.52650666666666
[2m[36m(CompileWorker pid=2649097)[0m  tensor (Large latency) dimensions: (1, 512, 14336, 4096, 1, 1, 1, 1, 1, 1, 0, 0, 'CONV', 1, 1, 0, 0),  latency: 2.5122133333333334
[2m[36m(CompileWorker pid=2649097)[0m compiled for stage:18 name: stage_2_2_acc_grad_1 module id: 1
[2m[36m(CompileWorker pid=2649100)[0m  tensor (Large latency) dimensions: (1, 14336, 4096, 512, 1, 1, 1, 1, 1, 1, 0, 0, 'CONV', 1, 1, 0, 0),  latency: 1.7476266666666667
[2m[36m(CompileWorker pid=2649101)[0m  tensor (Large latency) dimensions: (1, 4096, 14336, 4096, 1, 1, 1, 1, 1, 1, 0, 0, 'CONV', 1, 1, 0, 0),  latency: 20.097706666666667
[2m[36m(CompileWorker pid=2649091)[0m  tensor (Large latency) dimensions: (1, 512, 14336, 4096, 1, 1, 1, 1, 1, 1, 0, 0, 'CONV', 1, 1, 0, 0),  latency: 2.5122133333333334
[2m[36m(CompileWorker pid=2649102)[0m  tensor (Large latency) dimensions: (1, 512, 14336, 14336, 1, 1, 1, 1, 1, 1, 0, 0, 'CONV', 1, 1, 0, 0),  latency: 9.065813333333333
[2m[36m(CompileWorker pid=2649099)[0m  tensor (Large latency) dimensions: (1, 512, 14336, 4096, 1, 1, 1, 1, 1, 1, 0, 0, 'CONV', 1, 1, 0, 0),  latency: 2.5122133333333334
[2m[36m(CompileWorker pid=2649092)[0m compiled for stage:17 name: stage_1_4_acc_grad_0 module id: 0
[2m[36m(CompileWorker pid=2649098)[0m  tensor (Large latency) dimensions: (1, 4096, 4096, 4096, 1, 1, 1, 1, 1, 1, 0, 0, 'CONV', 1, 1, 0, 0),  latency: 5.742201904761905
[2m[36m(CompileWorker pid=2649100)[0m  tensor (Large latency) dimensions: (1, 512, 14336, 14336, 1, 1, 1, 1, 1, 1, 0, 0, 'CONV', 1, 1, 0, 0),  latency: 9.065813333333333
[2m[36m(CompileWorker pid=2649093)[0m  tensor (Large latency) dimensions: (1, 4096, 4096, 4096, 1, 1, 1, 1, 1, 1, 0, 0, 'CONV', 1, 1, 0, 0),  latency: 5.742201904761905
[2m[36m(CompileWorker pid=2649092)[0m compiled for stage:17 name: stage_1_4_acc_grad_1 module id: 1
[2m[36m(CompileWorker pid=2649101)[0m  tensor (Large latency) dimensions: (1, 4096, 4096, 14336, 1, 1, 1, 1, 1, 1, 0, 0, 'CONV', 1, 1, 0, 0),  latency: 20.72185904761905
[2m[36m(CompileWorker pid=2649101)[0m compiled for stage:16 name: stage_1_4_acc_grad_1 module id: 1
[2m[36m(CompileWorker pid=2649091)[0m  tensor (Large latency) dimensions: (1, 4096, 4096, 4096, 1, 1, 1, 1, 1, 1, 0, 0, 'CONV', 1, 1, 0, 0),  latency: 5.742201904761905
[2m[36m(CompileWorker pid=2649092)[0m compiled for stage:24 name: stage_3_3_acc_grad_0 module id: 0
[2m[36m(CompileWorker pid=2649092)[0m compiled for stage:24 name: stage_3_3_acc_grad_1 module id: 1
[2m[36m(CompileWorker pid=2649095)[0m  tensor (Large latency) dimensions: (1, 4096, 14336, 512, 1, 1, 1, 1, 1, 1, 0, 0, 'CONV', 1, 1, 0, 0),  latency: 1.7476266666666667
[2m[36m(CompileWorker pid=2649091)[0m compiled for stage:25 name: stage_3_3_acc_grad_0 module id: 0
[2m[36m(CompileWorker pid=2649099)[0m  tensor (Large latency) dimensions: (1, 4096, 4096, 4096, 1, 1, 1, 1, 1, 1, 0, 0, 'CONV', 1, 1, 0, 0),  latency: 5.742201904761905
[2m[36m(CompileWorker pid=2649091)[0m compiled for stage:25 name: stage_3_3_acc_grad_1 module id: 1
[2m[36m(CompileWorker pid=2649101)[0m  tensor (Large latency) dimensions: (1, 14336, 512, 4096, 1, 1, 1, 1, 1, 1, 0, 0, 'CONV', 1, 1, 0, 0),  latency: 2.5122133333333334
[2m[36m(CompileWorker pid=2649096)[0m  tensor (Large latency) dimensions: (1, 14336, 4096, 512, 1, 1, 1, 1, 1, 1, 0, 0, 'CONV', 1, 1, 0, 0),  latency: 1.7476266666666667
[2m[36m(CompileWorker pid=2649098)[0m  tensor (Large latency) dimensions: (1, 4096, 4096, 4096, 1, 1, 1, 1, 1, 1, 0, 0, 'CONV', 1, 1, 0, 0),  latency: 5.742201904761905
[2m[36m(CompileWorker pid=2649097)[0m  tensor (Large latency) dimensions: (1, 4096, 14336, 512, 1, 1, 1, 1, 1, 1, 0, 0, 'CONV', 1, 1, 0, 0),  latency: 1.7476266666666667
[2m[36m(CompileWorker pid=2649095)[0m  tensor (Large latency) dimensions: (1, 4096, 4096, 14336, 1, 1, 1, 1, 1, 1, 0, 0, 'CONV', 1, 1, 0, 0),  latency: 20.72185904761905
[2m[36m(CompileWorker pid=2649095)[0m compiled for stage:22 name: stage_2_4_acc_grad_1 module id: 1
[2m[36m(CompileWorker pid=2649100)[0m  tensor (Large latency) dimensions: (1, 4096, 14336, 512, 1, 1, 1, 1, 1, 1, 0, 0, 'CONV', 1, 1, 0, 0),  latency: 1.7476266666666667
[2m[36m(CompileWorker pid=2649092)[0m compiled for stage:26 name: stage_3_4_acc_grad_0 module id: 0
[2m[36m(CompileWorker pid=2649093)[0m  tensor (Large latency) dimensions: (1, 4096, 4096, 4096, 1, 1, 1, 1, 1, 1, 0, 0, 'CONV', 1, 1, 0, 0),  latency: 5.742201904761905
[2m[36m(CompileWorker pid=2649096)[0m  tensor (Large latency) dimensions: (1, 512, 14336, 14336, 1, 1, 1, 1, 1, 1, 0, 0, 'CONV', 1, 1, 0, 0),  latency: 9.065813333333333
[2m[36m(CompileWorker pid=2649098)[0m  tensor (Large latency) dimensions: (1, 14336, 512, 4096, 1, 1, 1, 1, 1, 1, 0, 0, 'CONV', 1, 1, 0, 0),  latency: 2.5122133333333334
[2m[36m(CompileWorker pid=2649091)[0m compiled for stage:28 name: stage_4_4_acc_grad_0 module id: 0
[2m[36m(CompileWorker pid=2649091)[0m 
[2m[36m(CompileWorker pid=2649097)[0m  tensor (Large latency) dimensions: (1, 14336, 512, 4096, 1, 1, 1, 1, 1, 1, 0, 0, 'CONV', 1, 1, 0, 0),  latency: 2.5122133333333334
[2m[36m(CompileWorker pid=2649093)[0m  tensor (Large latency) dimensions: (1, 4000, 4096, 4096, 1, 1, 1, 1, 1, 1, 0, 0, 'CONV', 1, 1, 0, 0),  latency: 5.654430476190476
[2m[36m(CompileWorker pid=2649101)[0m  tensor (Large latency) dimensions: (1, 4096, 14336, 14336, 1, 1, 1, 1, 1, 1, 0, 0, 'CONV', 1, 1, 0, 0),  latency: 72.52650666666666
[2m[36m(CompileWorker pid=2649094)[0m  tensor (Large latency) dimensions: (1, 4096, 4096, 4096, 1, 1, 1, 1, 1, 1, 0, 0, 'CONV', 1, 1, 0, 0),  latency: 5.742201904761905
[2m[36m(CompileWorker pid=2649096)[0m  tensor (Large latency) dimensions: (1, 4096, 1792, 4096, 1, 1, 1, 1, 1, 1, 0, 0, 'CONV', 1, 1, 0, 0),  latency: 2.6370438095238096
[2m[36m(CompileWorker pid=2649099)[0m compiled for stage:27 name: stage_3_4_acc_grad_0 module id: 0
[2m[36m(CompileWorker pid=2649099)[0m compiled for stage:27 name: stage_3_4_acc_grad_1 module id: 1
[2m[36m(CompileWorker pid=2649095)[0m  tensor (Large latency) dimensions: (1, 14336, 512, 4096, 1, 1, 1, 1, 1, 1, 0, 0, 'CONV', 1, 1, 0, 0),  latency: 2.5122133333333334
[2m[36m(CompileWorker pid=2649102)[0m compiled for stage:23 name: stage_2_4_acc_grad_0 module id: 0
[2m[36m(CompileWorker pid=2649091)[0m  tensor (Large latency) dimensions: (1, 512, 14336, 4096, 1, 1, 1, 1, 1, 1, 0, 0, 'CONV', 1, 1, 0, 0),  latency: 2.5122133333333334
[2m[36m(CompileWorker pid=2649091)[0m compiled for stage:28 name: stage_4_4_acc_grad_1 module id: 1
[2m[36m(CompileWorker pid=2649102)[0m compiled for stage:23 name: stage_2_4_acc_grad_1 module id: 1
[2m[36m(CompileWorker pid=2649098)[0m  tensor (Large latency) dimensions: (1, 4096, 14336, 14336, 1, 1, 1, 1, 1, 1, 0, 0, 'CONV', 1, 1, 0, 0),  latency: 72.52650666666666
[2m[36m(CompileWorker pid=2649092)[0m  tensor (Large latency) dimensions: (1, 4096, 14336, 4096, 1, 1, 1, 1, 1, 1, 0, 0, 'CONV', 1, 1, 0, 0),  latency: 20.097706666666667
[2m[36m(CompileWorker pid=2649092)[0m compiled for stage:26 name: stage_3_4_acc_grad_1 module id: 1
[2m[36m(CompileWorker pid=2649097)[0m  tensor (Large latency) dimensions: (1, 4096, 14336, 14336, 1, 1, 1, 1, 1, 1, 0, 0, 'CONV', 1, 1, 0, 0),  latency: 72.52650666666666
[2m[36m(CompileWorker pid=2649101)[0m compiled for stage:29 name: stage_4_4_acc_grad_0 module id: 0
[2m[36m(CompileWorker pid=2649096)[0m  tensor (Large latency) dimensions: (1, 4096, 4096, 4096, 1, 1, 1, 1, 1, 1, 0, 0, 'CONV', 1, 1, 0, 0),  latency: 5.742201904761905
[2m[36m(CompileWorker pid=2649098)[0m  tensor (Large latency) dimensions: (1, 512, 14336, 4096, 1, 1, 1, 1, 1, 1, 0, 0, 'CONV', 1, 1, 0, 0),  latency: 2.5122133333333334
[2m[36m(CompileWorker pid=2649095)[0m  tensor (Large latency) dimensions: (1, 4096, 14336, 14336, 1, 1, 1, 1, 1, 1, 0, 0, 'CONV', 1, 1, 0, 0),  latency: 72.52650666666666
[2m[36m(CompileWorker pid=2649097)[0m  tensor (Large latency) dimensions: (1, 512, 14336, 4096, 1, 1, 1, 1, 1, 1, 0, 0, 'CONV', 1, 1, 0, 0),  latency: 2.5122133333333334
[2m[36m(CompileWorker pid=2649094)[0m  tensor (Large latency) dimensions: (1, 4096, 4096, 4096, 1, 1, 1, 1, 1, 1, 0, 0, 'CONV', 1, 1, 0, 0),  latency: 5.742201904761905
[2m[36m(CompileWorker pid=2649091)[0m  tensor (Large latency) dimensions: (1, 4096, 14336, 512, 1, 1, 1, 1, 1, 1, 0, 0, 'CONV', 1, 1, 0, 0),  latency: 1.7476266666666667
[2m[36m(CompileWorker pid=2649094)[0m  tensor (Large latency) dimensions: (1, 4000, 4096, 4096, 1, 1, 1, 1, 1, 1, 0, 0, 'CONV', 1, 1, 0, 0),  latency: 5.654430476190476
[2m[36m(CompileWorker pid=2649101)[0m  tensor (Large latency) dimensions: (1, 512, 14336, 4096, 1, 1, 1, 1, 1, 1, 0, 0, 'CONV', 1, 1, 0, 0),  latency: 2.5122133333333334
[2m[36m(CompileWorker pid=2649101)[0m compiled for stage:29 name: stage_4_4_acc_grad_1 module id: 1
[2m[36m(CompileWorker pid=2649095)[0m  tensor (Large latency) dimensions: (1, 512, 14336, 4096, 1, 1, 1, 1, 1, 1, 0, 0, 'CONV', 1, 1, 0, 0),  latency: 2.5122133333333334
[2m[36m(CompileWorker pid=2649098)[0m  tensor (Large latency) dimensions: (1, 4096, 4096, 4096, 1, 1, 1, 1, 1, 1, 0, 0, 'CONV', 1, 1, 0, 0),  latency: 5.742201904761905
[2m[36m(CompileWorker pid=2649098)[0m  tensor (Large latency) dimensions: (1, 4000, 4096, 4096, 1, 1, 1, 1, 1, 1, 0, 0, 'CONV', 1, 1, 0, 0),  latency: 5.654430476190476
[2m[36m(CompileWorker pid=2649095)[0m  tensor (Large latency) dimensions: (1, 4096, 4096, 4096, 1, 1, 1, 1, 1, 1, 0, 0, 'CONV', 1, 1, 0, 0),  latency: 5.742201904761905
[2m[36m(CompileWorker pid=2649101)[0m  tensor (Large latency) dimensions: (1, 4096, 14336, 512, 1, 1, 1, 1, 1, 1, 0, 0, 'CONV', 1, 1, 0, 0),  latency: 1.7476266666666667
- parse estimation results for all stages
Using pre computed peak Mem for (0, 0, 3, 0), module 0
result[(0, 0, 3, 0), 0] = ModuleProfileResult(compute_cost=308.651, peak_memory=2.100 GB, invar_size=0.378 GB, outvar_size=8.973 GB, temp_buffer_size=-7.251 GB, available_memory=64.000 GB, comm_cost=2.596)
Using pre computed peak Mem for (0, 0, 3, 0), module 1
result[(0, 0, 3, 0), 1] = ModuleProfileResult(compute_cost=804.014, peak_memory=2.450 GB, invar_size=8.351 GB, outvar_size=0.378 GB, temp_buffer_size=-5.901 GB, available_memory=64.000 GB, comm_cost=6.489)
result[(0, 0, 3, 1), 0] = ModuleProfileResult(compute_cost=109.358, peak_memory=6.538 GB, invar_size=1.144 GB, outvar_size=5.144 GB, temp_buffer_size=0.250 GB, available_memory=64.000 GB, comm_cost=0.628)
result[(0, 0, 3, 1), 1] = ModuleProfileResult(compute_cost=281.871, peak_memory=6.522 GB, invar_size=5.288 GB, outvar_size=1.144 GB, temp_buffer_size=1.234 GB, available_memory=64.000 GB, comm_cost=3.922)
Using pre computed peak Mem for (0, 1, 3, 0), module 0
result[(0, 1, 3, 0), 0] = ModuleProfileResult(compute_cost=681.938, peak_memory=4.200 GB, invar_size=0.716 GB, outvar_size=16.162 GB, temp_buffer_size=-12.679 GB, available_memory=64.000 GB, comm_cost=5.641)
Using pre computed peak Mem for (0, 1, 3, 0), module 1
result[(0, 1, 3, 0), 1] = ModuleProfileResult(compute_cost=1579.111, peak_memory=4.900 GB, invar_size=15.879 GB, outvar_size=0.716 GB, temp_buffer_size=-10.979 GB, available_memory=64.000 GB, comm_cost=12.021)
result[(0, 1, 3, 1), 0] = ModuleProfileResult(compute_cost=190.710, peak_memory=11.004 GB, invar_size=2.247 GB, outvar_size=8.506 GB, temp_buffer_size=0.250 GB, available_memory=64.000 GB, comm_cost=0.815)
result[(0, 1, 3, 1), 1] = ModuleProfileResult(compute_cost=535.097, peak_memory=12.765 GB, invar_size=9.754 GB, outvar_size=2.247 GB, temp_buffer_size=3.012 GB, available_memory=64.000 GB, comm_cost=7.782)
Using pre computed peak Mem for (0, 2, 3, 0), module 0
result[(0, 2, 3, 0), 0] = ModuleProfileResult(compute_cost=642.249, peak_memory=6.300 GB, invar_size=1.810 GB, outvar_size=18.835 GB, temp_buffer_size=-14.344 GB, available_memory=64.000 GB, comm_cost=4.742)
Using pre computed peak Mem for (0, 2, 3, 0), module 1
result[(0, 2, 3, 0), 1] = ModuleProfileResult(compute_cost=2318.896, peak_memory=7.350 GB, invar_size=19.644 GB, outvar_size=1.810 GB, temp_buffer_size=-12.294 GB, available_memory=64.000 GB, comm_cost=18.372)
result[(0, 2, 3, 1), 0] = ModuleProfileResult(compute_cost=262.186, peak_memory=14.769 GB, invar_size=3.341 GB, outvar_size=11.178 GB, temp_buffer_size=0.250 GB, available_memory=64.000 GB, comm_cost=0.981)
result[(0, 2, 3, 1), 1] = ModuleProfileResult(compute_cost=765.284, peak_memory=17.562 GB, invar_size=13.519 GB, outvar_size=3.341 GB, temp_buffer_size=4.043 GB, available_memory=64.000 GB, comm_cost=11.472)
Using pre computed peak Mem for (0, 3, 3, 0), module 0
result[(0, 3, 3, 0), 0] = ModuleProfileResult(compute_cost=814.482, peak_memory=8.400 GB, invar_size=1.054 GB, outvar_size=22.415 GB, temp_buffer_size=-15.069 GB, available_memory=64.000 GB, comm_cost=6.369)
Using pre computed peak Mem for (0, 3, 3, 0), module 1
result[(0, 3, 3, 0), 1] = ModuleProfileResult(compute_cost=2355.040, peak_memory=9.800 GB, invar_size=23.469 GB, outvar_size=1.054 GB, temp_buffer_size=-13.669 GB, available_memory=64.000 GB, comm_cost=19.883)
result[(0, 3, 3, 1), 0] = ModuleProfileResult(compute_cost=272.188, peak_memory=14.531 GB, invar_size=3.351 GB, outvar_size=10.930 GB, temp_buffer_size=0.250 GB, available_memory=64.000 GB, comm_cost=1.001)
result[(0, 3, 3, 1), 1] = ModuleProfileResult(compute_cost=788.447, peak_memory=17.016 GB, invar_size=14.281 GB, outvar_size=3.351 GB, temp_buffer_size=2.734 GB, available_memory=64.000 GB, comm_cost=11.643)
Using pre computed peak Mem for (0, 4, 3, 0), module 0
result[(0, 4, 3, 0), 0] = ModuleProfileResult(compute_cost=1326.745, peak_memory=10.500 GB, invar_size=1.382 GB, outvar_size=28.978 GB, temp_buffer_size=-19.860 GB, available_memory=64.000 GB, comm_cost=10.820)
Using pre computed peak Mem for (0, 4, 3, 0), module 1
result[(0, 4, 3, 0), 1] = ModuleProfileResult(compute_cost=3107.515, peak_memory=12.250 GB, invar_size=30.360 GB, outvar_size=1.382 GB, temp_buffer_size=-18.110 GB, available_memory=64.000 GB, comm_cost=23.913)
result[(0, 4, 3, 1), 0] = ModuleProfileResult(compute_cost=344.288, peak_memory=18.360 GB, invar_size=4.445 GB, outvar_size=13.665 GB, temp_buffer_size=0.250 GB, available_memory=64.000 GB, comm_cost=1.167)
result[(0, 4, 3, 1), 1] = ModuleProfileResult(compute_cost=1019.491, peak_memory=23.186 GB, invar_size=18.110 GB, outvar_size=4.445 GB, temp_buffer_size=5.077 GB, available_memory=64.000 GB, comm_cost=15.440)
Using pre computed peak Mem for (1, 1, 3, 0), module 0
result[(1, 1, 3, 0), 0] = ModuleProfileResult(compute_cost=104.302, peak_memory=2.100 GB, invar_size=2.070 GB, outvar_size=3.840 GB, temp_buffer_size=-3.811 GB, available_memory=64.000 GB, comm_cost=0.811)
Using pre computed peak Mem for (1, 1, 3, 0), module 1
result[(1, 1, 3, 0), 1] = ModuleProfileResult(compute_cost=318.500, peak_memory=2.450 GB, invar_size=4.911 GB, outvar_size=1.070 GB, temp_buffer_size=-2.523 GB, available_memory=64.000 GB, comm_cost=4.203)
result[(1, 1, 3, 1), 0] = ModuleProfileResult(compute_cost=81.706, peak_memory=5.778 GB, invar_size=2.166 GB, outvar_size=3.362 GB, temp_buffer_size=0.250 GB, available_memory=64.000 GB, comm_cost=0.587)
result[(1, 1, 3, 1), 1] = ModuleProfileResult(compute_cost=253.226, peak_memory=5.810 GB, invar_size=4.528 GB, outvar_size=1.166 GB, temp_buffer_size=1.220 GB, available_memory=64.000 GB, comm_cost=3.860)
Using pre computed peak Mem for (1, 2, 3, 0), module 0
result[(1, 2, 3, 0), 0] = ModuleProfileResult(compute_cost=212.835, peak_memory=4.200 GB, invar_size=3.164 GB, outvar_size=6.512 GB, temp_buffer_size=-5.477 GB, available_memory=64.000 GB, comm_cost=1.333)
result[(1, 2, 3, 0), 1] = ModuleProfileResult(compute_cost=548.577, peak_memory=11.546 GB, invar_size=8.676 GB, outvar_size=2.164 GB, temp_buffer_size=2.807 GB, available_memory=64.000 GB, comm_cost=7.534)
result[(1, 2, 3, 1), 0] = ModuleProfileResult(compute_cost=153.182, peak_memory=9.544 GB, invar_size=3.260 GB, outvar_size=6.034 GB, temp_buffer_size=0.250 GB, available_memory=64.000 GB, comm_cost=0.753)
result[(1, 2, 3, 1), 1] = ModuleProfileResult(compute_cost=483.412, peak_memory=11.255 GB, invar_size=8.294 GB, outvar_size=2.260 GB, temp_buffer_size=2.898 GB, available_memory=64.000 GB, comm_cost=7.550)
Using pre computed peak Mem for (1, 3, 3, 0), module 0
result[(1, 3, 3, 0), 0] = ModuleProfileResult(compute_cost=185.779, peak_memory=6.300 GB, invar_size=3.174 GB, outvar_size=7.265 GB, temp_buffer_size=-4.138 GB, available_memory=64.000 GB, comm_cost=0.997)
Using pre computed peak Mem for (1, 3, 3, 0), module 1
result[(1, 3, 3, 0), 1] = ModuleProfileResult(compute_cost=571.851, peak_memory=7.350 GB, invar_size=9.438 GB, outvar_size=2.174 GB, temp_buffer_size=-2.151 GB, available_memory=64.000 GB, comm_cost=8.064)
result[(1, 3, 3, 1), 0] = ModuleProfileResult(compute_cost=163.184, peak_memory=10.306 GB, invar_size=3.270 GB, outvar_size=6.786 GB, temp_buffer_size=0.250 GB, available_memory=64.000 GB, comm_cost=0.773)
result[(1, 3, 3, 1), 1] = ModuleProfileResult(compute_cost=506.576, peak_memory=11.041 GB, invar_size=9.056 GB, outvar_size=2.270 GB, temp_buffer_size=1.923 GB, available_memory=64.000 GB, comm_cost=7.720)
Using pre computed peak Mem for (1, 4, 3, 0), module 0
result[(1, 4, 3, 0), 0] = ModuleProfileResult(compute_cost=294.937, peak_memory=8.400 GB, invar_size=4.268 GB, outvar_size=9.999 GB, temp_buffer_size=-5.867 GB, available_memory=64.000 GB, comm_cost=1.519)
result[(1, 4, 3, 0), 1] = ModuleProfileResult(compute_cost=802.785, peak_memory=17.236 GB, invar_size=13.267 GB, outvar_size=3.268 GB, temp_buffer_size=3.906 GB, available_memory=64.000 GB, comm_cost=11.502)
result[(1, 4, 3, 1), 0] = ModuleProfileResult(compute_cost=235.284, peak_memory=14.134 GB, invar_size=4.363 GB, outvar_size=9.521 GB, temp_buffer_size=0.250 GB, available_memory=64.000 GB, comm_cost=0.939)
[2m[36m(CompileWorker pid=2629250)[0m /storage/coda1/p-dmahajan7/0/iwang73/Nest/scripts/alpa/alpa/alpa/shard_parallel/auto_sharding.py:880: UserWarning: Detect unexpected behaviors in the auto-sharding pass.
[2m[36m(CompileWorker pid=2629250)[0m   warnings.warn("Detect unexpected behaviors in the auto-sharding pass.")
[2m[36m(CompileWorker pid=2629244)[0m /storage/coda1/p-dmahajan7/0/iwang73/Nest/scripts/alpa/alpa/alpa/shard_parallel/auto_sharding.py:880: UserWarning: Detect unexpected behaviors in the auto-sharding pass.
[2m[36m(CompileWorker pid=2629244)[0m   warnings.warn("Detect unexpected behaviors in the auto-sharding pass.")
[2m[36m(CompileWorker pid=2629239)[0m /storage/coda1/p-dmahajan7/0/iwang73/Nest/scripts/alpa/alpa/alpa/shard_parallel/auto_sharding.py:880: UserWarning: Detect unexpected behaviors in the auto-sharding pass.
[2m[36m(CompileWorker pid=2629239)[0m   warnings.warn("Detect unexpected behaviors in the auto-sharding pass.")
[2m[36m(CompileWorker pid=2629243)[0m /storage/coda1/p-dmahajan7/0/iwang73/Nest/scripts/alpa/alpa/alpa/shard_parallel/auto_sharding.py:880: UserWarning: Detect unexpected behaviors in the auto-sharding pass.
[2m[36m(CompileWorker pid=2629243)[0m   warnings.warn("Detect unexpected behaviors in the auto-sharding pass.")
[2m[36m(CompileWorker pid=2629249)[0m /storage/coda1/p-dmahajan7/0/iwang73/Nest/scripts/alpa/alpa/alpa/shard_parallel/auto_sharding.py:880: UserWarning: Detect unexpected behaviors in the auto-sharding pass.
[2m[36m(CompileWorker pid=2629249)[0m   warnings.warn("Detect unexpected behaviors in the auto-sharding pass.")
[2m[36m(CompileWorker pid=2629242)[0m /storage/coda1/p-dmahajan7/0/iwang73/Nest/scripts/alpa/alpa/alpa/shard_parallel/auto_sharding.py:880: UserWarning: Detect unexpected behaviors in the auto-sharding pass.
[2m[36m(CompileWorker pid=2629242)[0m   warnings.warn("Detect unexpected behaviors in the auto-sharding pass.")
[2m[36m(CompileWorker pid=2629248)[0m /storage/coda1/p-dmahajan7/0/iwang73/Nest/scripts/alpa/alpa/alpa/shard_parallel/auto_sharding.py:880: UserWarning: Detect unexpected behaviors in the auto-sharding pass.
[2m[36m(CompileWorker pid=2629248)[0m   warnings.warn("Detect unexpected behaviors in the auto-sharding pass.")
[2m[36m(CompileWorker pid=2629247)[0m /storage/coda1/p-dmahajan7/0/iwang73/Nest/scripts/alpa/alpa/alpa/shard_parallel/auto_sharding.py:880: UserWarning: Detect unexpected behaviors in the auto-sharding pass.
[2m[36m(CompileWorker pid=2629247)[0m   warnings.warn("Detect unexpected behaviors in the auto-sharding pass.")
[2m[36m(CompileWorker pid=2629246)[0m /storage/coda1/p-dmahajan7/0/iwang73/Nest/scripts/alpa/alpa/alpa/shard_parallel/auto_sharding.py:880: UserWarning: Detect unexpected behaviors in the auto-sharding pass.
[2m[36m(CompileWorker pid=2629246)[0m   warnings.warn("Detect unexpected behaviors in the auto-sharding pass.")
[2m[36m(CompileWorker pid=2649102)[0m /storage/coda1/p-dmahajan7/0/iwang73/Nest/scripts/alpa/alpa/alpa/shard_parallel/auto_sharding.py:880: UserWarning: Detect unexpected behaviors in the auto-sharding pass.
[2m[36m(CompileWorker pid=2649102)[0m   warnings.warn("Detect unexpected behaviors in the auto-sharding pass.")
[2m[36m(CompileWorker pid=2649092)[0m /storage/coda1/p-dmahajan7/0/iwang73/Nest/scripts/alpa/alpa/alpa/shard_parallel/auto_sharding.py:880: UserWarning: Detect unexpected behaviors in the auto-sharding pass.
[2m[36m(CompileWorker pid=2649092)[0m   warnings.warn("Detect unexpected behaviors in the auto-sharding pass.")
[2m[36m(CompileWorker pid=2649091)[0m /storage/coda1/p-dmahajan7/0/iwang73/Nest/scripts/alpa/alpa/alpa/shard_parallel/auto_sharding.py:880: UserWarning: Detect unexpected behaviors in the auto-sharding pass.
[2m[36m(CompileWorker pid=2649091)[0m   warnings.warn("Detect unexpected behaviors in the auto-sharding pass.")
[2m[36m(CompileWorker pid=2649101)[0m /storage/coda1/p-dmahajan7/0/iwang73/Nest/scripts/alpa/alpa/alpa/shard_parallel/auto_sharding.py:880: UserWarning: Detect unexpected behaviors in the auto-sharding pass.
[2m[36m(CompileWorker pid=2649101)[0m   warnings.warn("Detect unexpected behaviors in the auto-sharding pass.")
[2m[36m(CompileWorker pid=2649100)[0m /storage/coda1/p-dmahajan7/0/iwang73/Nest/scripts/alpa/alpa/alpa/shard_parallel/auto_sharding.py:880: UserWarning: Detect unexpected behaviors in the auto-sharding pass.
[2m[36m(CompileWorker pid=2649100)[0m   warnings.warn("Detect unexpected behaviors in the auto-sharding pass.")
[2m[36m(CompileWorker pid=2649099)[0m /storage/coda1/p-dmahajan7/0/iwang73/Nest/scripts/alpa/alpa/alpa/shard_parallel/auto_sharding.py:880: UserWarning: Detect unexpected behaviors in the auto-sharding pass.
[2m[36m(CompileWorker pid=2649099)[0m   warnings.warn("Detect unexpected behaviors in the auto-sharding pass.")
[2m[36m(CompileWorker pid=2649096)[0m /storage/coda1/p-dmahajan7/0/iwang73/Nest/scripts/alpa/alpa/alpa/shard_parallel/auto_sharding.py:880: UserWarning: Detect unexpected behaviors in the auto-sharding pass.
[2m[36m(CompileWorker pid=2649096)[0m   warnings.warn("Detect unexpected behaviors in the auto-sharding pass.")
[2m[36m(CompileWorker pid=2649094)[0m /storage/coda1/p-dmahajan7/0/iwang73/Nest/scripts/alpa/alpa/alpa/shard_parallel/auto_sharding.py:880: UserWarning: Detect unexpected behaviors in the auto-sharding pass.
[2m[36m(CompileWorker pid=2649094)[0m   warnings.warn("Detect unexpected behaviors in the auto-sharding pass.")
[2m[36m(CompileWorker pid=2649097)[0m /storage/coda1/p-dmahajan7/0/iwang73/Nest/scripts/alpa/alpa/alpa/shard_parallel/auto_sharding.py:880: UserWarning: Detect unexpected behaviors in the auto-sharding pass.
[2m[36m(CompileWorker pid=2649097)[0m   warnings.warn("Detect unexpected behaviors in the auto-sharding pass.")
[2m[36m(CompileWorker pid=2649095)[0m /storage/coda1/p-dmahajan7/0/iwang73/Nest/scripts/alpa/alpa/alpa/shard_parallel/auto_sharding.py:880: UserWarning: Detect unexpected behaviors in the auto-sharding pass.
[2m[36m(CompileWorker pid=2649095)[0m   warnings.warn("Detect unexpected behaviors in the auto-sharding pass.")
[2m[36m(CompileWorker pid=2649093)[0m /storage/coda1/p-dmahajan7/0/iwang73/Nest/scripts/alpa/alpa/alpa/shard_parallel/auto_sharding.py:880: UserWarning: Detect unexpected behaviors in the auto-sharding pass.
[2m[36m(CompileWorker pid=2649093)[0m   warnings.warn("Detect unexpected behaviors in the auto-sharding pass.")
[2m[36m(CompileWorker pid=2649098)[0m /storage/coda1/p-dmahajan7/0/iwang73/Nest/scripts/alpa/alpa/alpa/shard_parallel/auto_sharding.py:880: UserWarning: Detect unexpected behaviors in the auto-sharding pass.
[2m[36m(CompileWorker pid=2649098)[0m   warnings.warn("Detect unexpected behaviors in the auto-sharding pass.")
[2m[33m(raylet)[0m [2026-02-21 15:56:27,218 E 1932333 1932333] (raylet) worker_pool.cc:524: Some workers of the worker process(2684715) have not registered within the timeout. The process is still alive, probably it's hanging during start.
[2m[36m(CompileWorker pid=2684726)[0m /storage/coda1/p-dmahajan7/0/iwang73/Nest/scripts/alpa/alpa/alpa/shard_parallel/auto_sharding.py:880: UserWarning: Detect unexpected behaviors in the auto-sharding pass.
[2m[36m(CompileWorker pid=2684726)[0m   warnings.warn("Detect unexpected behaviors in the auto-sharding pass.")
[2m[36m(CompileWorker pid=2684716)[0m /storage/coda1/p-dmahajan7/0/iwang73/Nest/scripts/alpa/alpa/alpa/shard_parallel/auto_sharding.py:880: UserWarning: Detect unexpected behaviors in the auto-sharding pass.
[2m[36m(CompileWorker pid=2684716)[0m   warnings.warn("Detect unexpected behaviors in the auto-sharding pass.")
[2m[36m(CompileWorker pid=2685160)[0m /storage/coda1/p-dmahajan7/0/iwang73/Nest/scripts/alpa/alpa/alpa/shard_parallel/auto_sharding.py:880: UserWarning: Detect unexpected behaviors in the auto-sharding pass.
[2m[36m(CompileWorker pid=2685160)[0m   warnings.warn("Detect unexpected behaviors in the auto-sharding pass.")
result[(1, 4, 3, 1), 1] = ModuleProfileResult(compute_cost=737.620, peak_memory=16.927 GB, invar_size=12.884 GB, outvar_size=3.363 GB, temp_buffer_size=3.981 GB, available_memory=64.000 GB, comm_cost=11.518)
Using pre computed peak Mem for (2, 2, 3, 0), module 0
result[(2, 2, 3, 0), 0] = ModuleProfileResult(compute_cost=230.393, peak_memory=2.100 GB, invar_size=1.826 GB, outvar_size=5.065 GB, temp_buffer_size=-4.791 GB, available_memory=64.000 GB, comm_cost=2.135)
result[(2, 2, 3, 0), 1] = ModuleProfileResult(compute_cost=333.092, peak_memory=8.703 GB, invar_size=6.836 GB, outvar_size=1.771 GB, temp_buffer_size=1.859 GB, available_memory=64.000 GB, comm_cost=5.128)
Using pre computed peak Mem for (2, 2, 3, 1), module 0
result[(2, 2, 3, 1), 0] = ModuleProfileResult(compute_cost=239.274, peak_memory=2.100 GB, invar_size=1.252 GB, outvar_size=5.639 GB, temp_buffer_size=-4.791 GB, available_memory=64.000 GB, comm_cost=2.223)
result[(2, 2, 3, 1), 1] = ModuleProfileResult(compute_cost=463.039, peak_memory=8.047 GB, invar_size=6.836 GB, outvar_size=1.197 GB, temp_buffer_size=1.203 GB, available_memory=64.000 GB, comm_cost=5.040)
Using pre computed peak Mem for (2, 3, 3, 0), module 0
result[(2, 3, 3, 0), 0] = ModuleProfileResult(compute_cost=104.427, peak_memory=4.200 GB, invar_size=2.070 GB, outvar_size=3.903 GB, temp_buffer_size=-1.773 GB, available_memory=64.000 GB, comm_cost=0.811)
Using pre computed peak Mem for (2, 3, 3, 0), module 1
result[(2, 3, 3, 0), 1] = ModuleProfileResult(compute_cost=318.625, peak_memory=4.900 GB, invar_size=4.973 GB, outvar_size=1.070 GB, temp_buffer_size=-0.136 GB, available_memory=64.000 GB, comm_cost=4.203)
result[(2, 3, 3, 1), 0] = ModuleProfileResult(compute_cost=81.832, peak_memory=5.840 GB, invar_size=2.166 GB, outvar_size=3.424 GB, temp_buffer_size=0.250 GB, available_memory=64.000 GB, comm_cost=0.587)
result[(2, 3, 3, 1), 1] = ModuleProfileResult(compute_cost=253.350, peak_memory=5.887 GB, invar_size=4.590 GB, outvar_size=1.166 GB, temp_buffer_size=1.234 GB, available_memory=64.000 GB, comm_cost=3.860)
Using pre computed peak Mem for (2, 4, 3, 0), module 0
result[(2, 4, 3, 0), 0] = ModuleProfileResult(compute_cost=176.528, peak_memory=6.300 GB, invar_size=3.164 GB, outvar_size=6.637 GB, temp_buffer_size=-3.502 GB, available_memory=64.000 GB, comm_cost=0.976)
Using pre computed peak Mem for (2, 4, 3, 0), module 1
result[(2, 4, 3, 0), 1] = ModuleProfileResult(compute_cost=549.669, peak_memory=7.350 GB, invar_size=8.802 GB, outvar_size=2.164 GB, temp_buffer_size=-1.514 GB, available_memory=64.000 GB, comm_cost=8.001)
result[(2, 4, 3, 1), 0] = ModuleProfileResult(compute_cost=153.932, peak_memory=9.669 GB, invar_size=3.260 GB, outvar_size=6.159 GB, temp_buffer_size=0.250 GB, available_memory=64.000 GB, comm_cost=0.753)
result[(2, 4, 3, 1), 1] = ModuleProfileResult(compute_cost=484.395, peak_memory=11.380 GB, invar_size=8.419 GB, outvar_size=2.260 GB, temp_buffer_size=2.898 GB, available_memory=64.000 GB, comm_cost=7.658)
result[(3, 3, 3, 0), 0] = ModuleProfileResult(compute_cost=10.001, peak_memory=2.075 GB, invar_size=1.072 GB, outvar_size=0.752 GB, temp_buffer_size=0.251 GB, available_memory=64.000 GB, comm_cost=0.021)
result[(3, 3, 3, 0), 1] = ModuleProfileResult(compute_cost=23.055, peak_memory=1.266 GB, invar_size=0.824 GB, outvar_size=0.072 GB, temp_buffer_size=0.379 GB, available_memory=64.000 GB, comm_cost=0.062)
result[(3, 3, 3, 1), 0] = ModuleProfileResult(compute_cost=10.001, peak_memory=2.075 GB, invar_size=1.072 GB, outvar_size=0.752 GB, temp_buffer_size=0.251 GB, available_memory=64.000 GB, comm_cost=0.021)
result[(3, 3, 3, 1), 1] = ModuleProfileResult(compute_cost=23.055, peak_memory=1.266 GB, invar_size=0.824 GB, outvar_size=0.072 GB, temp_buffer_size=0.379 GB, available_memory=64.000 GB, comm_cost=0.062)
Using pre computed peak Mem for (3, 4, 3, 0), module 0
result[(3, 4, 3, 0), 0] = ModuleProfileResult(compute_cost=559.675, peak_memory=4.200 GB, invar_size=1.400 GB, outvar_size=7.315 GB, temp_buffer_size=-4.515 GB, available_memory=64.000 GB, comm_cost=5.229)
result[(3, 4, 3, 0), 1] = ModuleProfileResult(compute_cost=775.423, peak_memory=9.529 GB, invar_size=7.715 GB, outvar_size=0.400 GB, temp_buffer_size=1.751 GB, available_memory=64.000 GB, comm_cost=3.736)
result[(3, 4, 3, 1), 0] = ModuleProfileResult(compute_cost=82.456, peak_memory=5.903 GB, invar_size=2.166 GB, outvar_size=3.487 GB, temp_buffer_size=0.250 GB, available_memory=64.000 GB, comm_cost=0.587)
result[(3, 4, 3, 1), 1] = ModuleProfileResult(compute_cost=254.099, peak_memory=5.841 GB, invar_size=4.653 GB, outvar_size=1.166 GB, temp_buffer_size=1.126 GB, available_memory=64.000 GB, comm_cost=3.860)
Using pre computed peak Mem for (4, 4, 3, 0), module 0
result[(4, 4, 3, 0), 0] = ModuleProfileResult(compute_cost=226.577, peak_memory=2.100 GB, invar_size=2.113 GB, outvar_size=4.840 GB, temp_buffer_size=-4.853 GB, available_memory=64.000 GB, comm_cost=2.091)
result[(4, 4, 3, 0), 1] = ModuleProfileResult(compute_cost=268.973, peak_memory=9.039 GB, invar_size=6.953 GB, outvar_size=2.059 GB, temp_buffer_size=2.078 GB, available_memory=64.000 GB, comm_cost=5.167)
Using pre computed peak Mem for (4, 4, 3, 1), module 0
result[(4, 4, 3, 1), 0] = ModuleProfileResult(compute_cost=217.696, peak_memory=2.100 GB, invar_size=2.688 GB, outvar_size=4.266 GB, temp_buffer_size=-4.853 GB, available_memory=64.000 GB, comm_cost=2.003)
result[(4, 4, 3, 1), 1] = ModuleProfileResult(compute_cost=139.027, peak_memory=9.696 GB, invar_size=6.953 GB, outvar_size=2.633 GB, temp_buffer_size=2.734 GB, available_memory=64.000 GB, comm_cost=5.255)
Profiling for submesh 3 (1, 8) takes 872.03 seconds
--------------------------------------------------
- Profiling for submesh 2 (1, 4):
- Generate all stage infos (Jaxpr -> HLO)
- Compile all stages, get estimations
num of workers:12
[2m[36m(CompileWorker pid=2684726)[0m compiled for stage:0 name: stage_0_0_acc_grad_0 module id: 0
[2m[36m(CompileWorker pid=2684716)[0m compiled for stage:10 name: stage_1_1_acc_grad_0 module id: 0
[2m[36m(CompileWorker pid=2685160)[0m compiled for stage:11 name: stage_1_1_acc_grad_0 module id: 0
[2m[36m(CompileWorker pid=2684725)[0m compiled for stage:1 name: stage_0_0_acc_grad_0 module id: 0
[2m[36m(CompileWorker pid=2684724)[0m compiled for stage:2 name: stage_0_1_acc_grad_0 module id: 0
[2m[36m(CompileWorker pid=2684722)[0m compiled for stage:4 name: stage_0_2_acc_grad_0 module id: 0
[2m[36m(CompileWorker pid=2684720)[0m compiled for stage:6 name: stage_0_3_acc_grad_0 module id: 0
[2m[36m(CompileWorker pid=2684723)[0m compiled for stage:3 name: stage_0_1_acc_grad_0 module id: 0
[2m[36m(CompileWorker pid=2684718)[0m compiled for stage:8 name: stage_0_4_acc_grad_0 module id: 0
[2m[36m(CompileWorker pid=2684721)[0m compiled for stage:5 name: stage_0_2_acc_grad_0 module id: 0
[2m[36m(CompileWorker pid=2684719)[0m compiled for stage:7 name: stage_0_3_acc_grad_0 module id: 0
[2m[36m(CompileWorker pid=2684717)[0m compiled for stage:9 name: stage_0_4_acc_grad_0 module id: 0
[2m[36m(CompileWorker pid=2684726)[0m  tensor (Large latency) dimensions: (1, 4096, 4096, 8000, 1, 1, 1, 1, 1, 1, 0, 0, 'CONV', 1, 1, 0, 0),  latency: 11.546819047619048
[2m[36m(CompileWorker pid=2684725)[0m  tensor (Large latency) dimensions: (1, 4096, 4096, 8000, 1, 1, 1, 1, 1, 1, 0, 0, 'CONV', 1, 1, 0, 0),  latency: 11.546819047619048
[2m[36m(CompileWorker pid=2684723)[0m  tensor (Large latency) dimensions: (1, 4096, 4096, 8000, 1, 1, 1, 1, 1, 1, 0, 0, 'CONV', 1, 1, 0, 0),  latency: 11.546819047619048
[2m[36m(CompileWorker pid=2684721)[0m  tensor (Large latency) dimensions: (1, 4096, 4096, 8000, 1, 1, 1, 1, 1, 1, 0, 0, 'CONV', 1, 1, 0, 0),  latency: 11.546819047619048
[2m[36m(CompileWorker pid=2684724)[0m  tensor (Large latency) dimensions: (1, 4096, 4096, 8000, 1, 1, 1, 1, 1, 1, 0, 0, 'CONV', 1, 1, 0, 0),  latency: 11.546819047619048
[2m[36m(CompileWorker pid=2685160)[0m  tensor (Large latency) dimensions: (1, 4096, 3584, 4096, 1, 1, 1, 1, 1, 1, 0, 0, 'CONV', 1, 1, 0, 0),  latency: 5.024426666666667
[2m[36m(CompileWorker pid=2684720)[0m  tensor (Large latency) dimensions: (1, 4096, 4096, 8000, 1, 1, 1, 1, 1, 1, 0, 0, 'CONV', 1, 1, 0, 0),  latency: 11.546819047619048
[2m[36m(CompileWorker pid=2684719)[0m  tensor (Large latency) dimensions: (1, 4096, 4096, 8000, 1, 1, 1, 1, 1, 1, 0, 0, 'CONV', 1, 1, 0, 0),  latency: 11.546819047619048
[2m[36m(CompileWorker pid=2684718)[0m  tensor (Large latency) dimensions: (1, 4096, 4096, 8000, 1, 1, 1, 1, 1, 1, 0, 0, 'CONV', 1, 1, 0, 0),  latency: 11.546819047619048
[2m[36m(CompileWorker pid=2684717)[0m  tensor (Large latency) dimensions: (1, 4096, 4096, 8000, 1, 1, 1, 1, 1, 1, 0, 0, 'CONV', 1, 1, 0, 0),  latency: 11.546819047619048
[2m[36m(CompileWorker pid=2684722)[0m  tensor (Large latency) dimensions: (1, 4096, 4096, 8000, 1, 1, 1, 1, 1, 1, 0, 0, 'CONV', 1, 1, 0, 0),  latency: 11.546819047619048
[2m[36m(CompileWorker pid=2684716)[0m  tensor (Large latency) dimensions: (1, 4096, 14336, 4096, 1, 1, 1, 1, 1, 1, 0, 0, 'CONV', 1, 1, 0, 0),  latency: 20.097706666666667
[2m[36m(CompileWorker pid=2684716)[0m  tensor (Large latency) dimensions: (1, 4096, 4096, 14336, 1, 1, 1, 1, 1, 1, 0, 0, 'CONV', 1, 1, 0, 0),  latency: 20.72185904761905
[2m[36m(CompileWorker pid=2684726)[0m  tensor (Large latency) dimensions: (1, 4096, 1024, 4096, 1, 1, 1, 1, 1, 1, 0, 0, 'CONV', 1, 1, 0, 0),  latency: 1.4355504761904763
[2m[36m(CompileWorker pid=2684725)[0m  tensor (Large latency) dimensions: (1, 4096, 1024, 4096, 1, 1, 1, 1, 1, 1, 0, 0, 'CONV', 1, 1, 0, 0),  latency: 1.4355504761904763
[2m[36m(CompileWorker pid=2685160)[0m  tensor (Large latency) dimensions: (1, 4096, 4096, 3584, 1, 1, 1, 1, 1, 1, 0, 0, 'CONV', 1, 1, 0, 0),  latency: 4.993219047619047
[2m[36m(CompileWorker pid=2684724)[0m  tensor (Large latency) dimensions: (1, 4096, 1024, 4096, 1, 1, 1, 1, 1, 1, 0, 0, 'CONV', 1, 1, 0, 0),  latency: 1.4355504761904763
[2m[36m(CompileWorker pid=2684723)[0m  tensor (Large latency) dimensions: (1, 4096, 1024, 4096, 1, 1, 1, 1, 1, 1, 0, 0, 'CONV', 1, 1, 0, 0),  latency: 1.4355504761904763
[2m[36m(CompileWorker pid=2684721)[0m  tensor (Large latency) dimensions: (1, 4096, 1024, 4096, 1, 1, 1, 1, 1, 1, 0, 0, 'CONV', 1, 1, 0, 0),  latency: 1.4355504761904763
[2m[36m(CompileWorker pid=2684720)[0m  tensor (Large latency) dimensions: (1, 4096, 1024, 4096, 1, 1, 1, 1, 1, 1, 0, 0, 'CONV', 1, 1, 0, 0),  latency: 1.4355504761904763
[2m[36m(CompileWorker pid=2684719)[0m  tensor (Large latency) dimensions: (1, 4096, 1024, 4096, 1, 1, 1, 1, 1, 1, 0, 0, 'CONV', 1, 1, 0, 0),  latency: 1.4355504761904763
[2m[36m(CompileWorker pid=2684716)[0m  tensor (Large latency) dimensions: (1, 4096, 3584, 4096, 1, 1, 1, 1, 1, 1, 0, 0, 'CONV', 1, 1, 0, 0),  latency: 5.024426666666667
[2m[36m(CompileWorker pid=2684722)[0m  tensor (Large latency) dimensions: (1, 4096, 1024, 4096, 1, 1, 1, 1, 1, 1, 0, 0, 'CONV', 1, 1, 0, 0),  latency: 1.4355504761904763
[2m[36m(CompileWorker pid=2684718)[0m  tensor (Large latency) dimensions: (1, 4096, 1024, 4096, 1, 1, 1, 1, 1, 1, 0, 0, 'CONV', 1, 1, 0, 0),  latency: 1.4355504761904763
[2m[36m(CompileWorker pid=2685160)[0m  tensor (Large latency) dimensions: (1, 4096, 1024, 4096, 1, 1, 1, 1, 1, 1, 0, 0, 'CONV', 1, 1, 0, 0),  latency: 1.4355504761904763
[2m[36m(CompileWorker pid=2684717)[0m  tensor (Large latency) dimensions: (1, 4096, 1024, 4096, 1, 1, 1, 1, 1, 1, 0, 0, 'CONV', 1, 1, 0, 0),  latency: 1.4355504761904763
[2m[36m(CompileWorker pid=2684726)[0m  tensor (Large latency) dimensions: (1, 4096, 4096, 1024, 1, 1, 1, 1, 1, 1, 0, 0, 'CONV', 1, 1, 0, 0),  latency: 1.2483047619047618
[2m[36m(CompileWorker pid=2684725)[0m  tensor (Large latency) dimensions: (1, 4096, 4096, 1024, 1, 1, 1, 1, 1, 1, 0, 0, 'CONV', 1, 1, 0, 0),  latency: 1.2483047619047618
[2m[36m(CompileWorker pid=2684716)[0m  tensor (Large latency) dimensions: (1, 4096, 4096, 3584, 1, 1, 1, 1, 1, 1, 0, 0, 'CONV', 1, 1, 0, 0),  latency: 4.993219047619047
[2m[36m(CompileWorker pid=2684724)[0m  tensor (Large latency) dimensions: (1, 4096, 4096, 1024, 1, 1, 1, 1, 1, 1, 0, 0, 'CONV', 1, 1, 0, 0),  latency: 1.2483047619047618
[2m[36m(CompileWorker pid=2684725)[0m  tensor (Large latency) dimensions: (1, 4096, 3584, 4096, 1, 1, 1, 1, 1, 1, 0, 0, 'CONV', 1, 1, 0, 0),  latency: 5.024426666666667
[2m[36m(CompileWorker pid=2684723)[0m  tensor (Large latency) dimensions: (1, 4096, 4096, 1024, 1, 1, 1, 1, 1, 1, 0, 0, 'CONV', 1, 1, 0, 0),  latency: 1.2483047619047618
[2m[36m(CompileWorker pid=2685160)[0m  tensor (Large latency) dimensions: (1, 4096, 4096, 1024, 1, 1, 1, 1, 1, 1, 0, 0, 'CONV', 1, 1, 0, 0),  latency: 1.2483047619047618
[2m[36m(CompileWorker pid=2685160)[0m compiled for stage:11 name: stage_1_1_acc_grad_1 module id: 1
[2m[36m(CompileWorker pid=2684726)[0m  tensor (Large latency) dimensions: (1, 4096, 14336, 1024, 1, 1, 1, 1, 1, 1, 0, 0, 'CONV', 1, 1, 0, 0),  latency: 4.369066666666667
[2m[36m(CompileWorker pid=2684722)[0m  tensor (Large latency) dimensions: (1, 4096, 4096, 1024, 1, 1, 1, 1, 1, 1, 0, 0, 'CONV', 1, 1, 0, 0),  latency: 1.2483047619047618
[2m[36m(CompileWorker pid=2684719)[0m  tensor (Large latency) dimensions: (1, 4096, 4096, 1024, 1, 1, 1, 1, 1, 1, 0, 0, 'CONV', 1, 1, 0, 0),  latency: 1.2483047619047618
[2m[36m(CompileWorker pid=2684716)[0m  tensor (Large latency) dimensions: (1, 4096, 1024, 4096, 1, 1, 1, 1, 1, 1, 0, 0, 'CONV', 1, 1, 0, 0),  latency: 1.4355504761904763
[2m[36m(CompileWorker pid=2684721)[0m  tensor (Large latency) dimensions: (1, 4096, 4096, 1024, 1, 1, 1, 1, 1, 1, 0, 0, 'CONV', 1, 1, 0, 0),  latency: 1.2483047619047618
[2m[36m(CompileWorker pid=2684720)[0m  tensor (Large latency) dimensions: (1, 4096, 4096, 1024, 1, 1, 1, 1, 1, 1, 0, 0, 'CONV', 1, 1, 0, 0),  latency: 1.2483047619047618
[2m[36m(CompileWorker pid=2684723)[0m  tensor (Large latency) dimensions: (1, 4096, 3584, 4096, 1, 1, 1, 1, 1, 1, 0, 0, 'CONV', 1, 1, 0, 0),  latency: 5.024426666666667
[2m[36m(CompileWorker pid=2684726)[0m  tensor (Large latency) dimensions: (1, 4096, 4096, 14336, 1, 1, 1, 1, 1, 1, 0, 0, 'CONV', 1, 1, 0, 0),  latency: 20.72185904761905
[2m[36m(CompileWorker pid=2684726)[0m compiled for stage:0 name: stage_0_0_acc_grad_1 module id: 1
[2m[36m(CompileWorker pid=2684725)[0m  tensor (Large latency) dimensions: (1, 4096, 4096, 3584, 1, 1, 1, 1, 1, 1, 0, 0, 'CONV', 1, 1, 0, 0),  latency: 4.993219047619047
[2m[36m(CompileWorker pid=2684725)[0m compiled for stage:1 name: stage_0_0_acc_grad_1 module id: 1
[2m[36m(CompileWorker pid=2684724)[0m  tensor (Large latency) dimensions: (1, 4096, 14336, 4096, 1, 1, 1, 1, 1, 1, 0, 0, 'CONV', 1, 1, 0, 0),  latency: 20.097706666666667
[2m[36m(CompileWorker pid=2685160)[0m  tensor (Large latency) dimensions: (1, 1024, 4096, 4096, 1, 1, 1, 1, 1, 1, 0, 0, 'CONV', 1, 1, 0, 0),  latency: 1.4355504761904763
[2m[36m(CompileWorker pid=2684721)[0m  tensor (Large latency) dimensions: (1, 4096, 3584, 4096, 1, 1, 1, 1, 1, 1, 0, 0, 'CONV', 1, 1, 0, 0),  latency: 5.024426666666667
[2m[36m(CompileWorker pid=2684719)[0m  tensor (Large latency) dimensions: (1, 4096, 3584, 4096, 1, 1, 1, 1, 1, 1, 0, 0, 'CONV', 1, 1, 0, 0),  latency: 5.024426666666667
[2m[36m(CompileWorker pid=2684718)[0m  tensor (Large latency) dimensions: (1, 4096, 4096, 1024, 1, 1, 1, 1, 1, 1, 0, 0, 'CONV', 1, 1, 0, 0),  latency: 1.2483047619047618
[2m[36m(CompileWorker pid=2684717)[0m  tensor (Large latency) dimensions: (1, 4096, 4096, 1024, 1, 1, 1, 1, 1, 1, 0, 0, 'CONV', 1, 1, 0, 0),  latency: 1.2483047619047618
[2m[36m(CompileWorker pid=2684724)[0m  tensor (Large latency) dimensions: (1, 4096, 4096, 14336, 1, 1, 1, 1, 1, 1, 0, 0, 'CONV', 1, 1, 0, 0),  latency: 20.72185904761905
[2m[36m(CompileWorker pid=2684726)[0m  tensor (Large latency) dimensions: (1, 1024, 4096, 4096, 1, 1, 1, 1, 1, 1, 0, 0, 'CONV', 1, 1, 0, 0),  latency: 1.4355504761904763
[2m[36m(CompileWorker pid=2684725)[0m  tensor (Large latency) dimensions: (1, 1024, 4096, 4096, 1, 1, 1, 1, 1, 1, 0, 0, 'CONV', 1, 1, 0, 0),  latency: 1.4355504761904763
[2m[36m(CompileWorker pid=2684722)[0m  tensor (Large latency) dimensions: (1, 4096, 14336, 4096, 1, 1, 1, 1, 1, 1, 0, 0, 'CONV', 1, 1, 0, 0),  latency: 20.097706666666667
[2m[36m(CompileWorker pid=2684723)[0m  tensor (Large latency) dimensions: (1, 4096, 4096, 3584, 1, 1, 1, 1, 1, 1, 0, 0, 'CONV', 1, 1, 0, 0),  latency: 4.993219047619047
[2m[36m(CompileWorker pid=2684723)[0m compiled for stage:3 name: stage_0_1_acc_grad_1 module id: 1
[2m[36m(CompileWorker pid=2684716)[0m  tensor (Large latency) dimensions: (1, 4096, 4096, 1024, 1, 1, 1, 1, 1, 1, 0, 0, 'CONV', 1, 1, 0, 0),  latency: 1.2483047619047618
[2m[36m(CompileWorker pid=2684716)[0m compiled for stage:10 name: stage_1_1_acc_grad_1 module id: 1
[2m[36m(CompileWorker pid=2684720)[0m  tensor (Large latency) dimensions: (1, 4096, 14336, 1024, 1, 1, 1, 1, 1, 1, 0, 0, 'CONV', 1, 1, 0, 0),  latency: 4.369066666666667
[2m[36m(CompileWorker pid=2684722)[0m  tensor (Large latency) dimensions: (1, 4096, 4096, 14336, 1, 1, 1, 1, 1, 1, 0, 0, 'CONV', 1, 1, 0, 0),  latency: 20.72185904761905
[2m[36m(CompileWorker pid=2684721)[0m  tensor (Large latency) dimensions: (1, 4096, 4096, 3584, 1, 1, 1, 1, 1, 1, 0, 0, 'CONV', 1, 1, 0, 0),  latency: 4.993219047619047
[2m[36m(CompileWorker pid=2684721)[0m compiled for stage:5 name: stage_0_2_acc_grad_1 module id: 1
[2m[36m(CompileWorker pid=2684716)[0m  tensor (Large latency) dimensions: (1, 1024, 4096, 4096, 1, 1, 1, 1, 1, 1, 0, 0, 'CONV', 1, 1, 0, 0),  latency: 1.4355504761904763
[2m[36m(CompileWorker pid=2684720)[0m  tensor (Large latency) dimensions: (1, 4096, 4096, 14336, 1, 1, 1, 1, 1, 1, 0, 0, 'CONV', 1, 1, 0, 0),  latency: 20.72185904761905
[2m[36m(CompileWorker pid=2684723)[0m  tensor (Large latency) dimensions: (1, 1024, 4096, 4096, 1, 1, 1, 1, 1, 1, 0, 0, 'CONV', 1, 1, 0, 0),  latency: 1.4355504761904763
[2m[36m(CompileWorker pid=2684719)[0m  tensor (Large latency) dimensions: (1, 4096, 4096, 3584, 1, 1, 1, 1, 1, 1, 0, 0, 'CONV', 1, 1, 0, 0),  latency: 4.993219047619047
[2m[36m(CompileWorker pid=2684717)[0m  tensor (Large latency) dimensions: (1, 4096, 3584, 4096, 1, 1, 1, 1, 1, 1, 0, 0, 'CONV', 1, 1, 0, 0),  latency: 5.024426666666667
[2m[36m(CompileWorker pid=2684719)[0m compiled for stage:7 name: stage_0_3_acc_grad_1 module id: 1
[2m[36m(CompileWorker pid=2684724)[0m  tensor (Large latency) dimensions: (1, 4096, 14336, 1024, 1, 1, 1, 1, 1, 1, 0, 0, 'CONV', 1, 1, 0, 0),  latency: 4.369066666666667
[2m[36m(CompileWorker pid=2684724)[0m compiled for stage:2 name: stage_0_1_acc_grad_1 module id: 1
[2m[36m(CompileWorker pid=2684718)[0m  tensor (Large latency) dimensions: (1, 4096, 14336, 4096, 1, 1, 1, 1, 1, 1, 0, 0, 'CONV', 1, 1, 0, 0),  latency: 20.097706666666667
[2m[36m(CompileWorker pid=2685160)[0m  tensor (Large latency) dimensions: (1, 4096, 4096, 4096, 1, 1, 1, 1, 1, 1, 0, 0, 'CONV', 1, 1, 0, 0),  latency: 5.742201904761905
[2m[36m(CompileWorker pid=2684722)[0m  tensor (Large latency) dimensions: (1, 4096, 14336, 1024, 1, 1, 1, 1, 1, 1, 0, 0, 'CONV', 1, 1, 0, 0),  latency: 4.369066666666667
[2m[36m(CompileWorker pid=2684724)[0m  tensor (Large latency) dimensions: (1, 1024, 4096, 4096, 1, 1, 1, 1, 1, 1, 0, 0, 'CONV', 1, 1, 0, 0),  latency: 1.4355504761904763
[2m[36m(CompileWorker pid=2684719)[0m  tensor (Large latency) dimensions: (1, 1024, 4096, 4096, 1, 1, 1, 1, 1, 1, 0, 0, 'CONV', 1, 1, 0, 0),  latency: 1.4355504761904763
[2m[36m(CompileWorker pid=2684721)[0m  tensor (Large latency) dimensions: (1, 14336, 4096, 1024, 1, 1, 1, 1, 1, 1, 0, 0, 'CONV', 1, 1, 0, 0),  latency: 4.369066666666667
[2m[36m(CompileWorker pid=2684720)[0m  tensor (Large latency) dimensions: (1, 4096, 14336, 4096, 1, 1, 1, 1, 1, 1, 0, 0, 'CONV', 1, 1, 0, 0),  latency: 20.097706666666667
[2m[36m(CompileWorker pid=2684720)[0m compiled for stage:6 name: stage_0_3_acc_grad_1 module id: 1
[2m[36m(CompileWorker pid=2684725)[0m  tensor (Large latency) dimensions: (1, 4096, 4096, 4096, 1, 1, 1, 1, 1, 1, 0, 0, 'CONV', 1, 1, 0, 0),  latency: 5.742201904761905
[2m[36m(CompileWorker pid=2684717)[0m  tensor (Large latency) dimensions: (1, 4096, 4096, 3584, 1, 1, 1, 1, 1, 1, 0, 0, 'CONV', 1, 1, 0, 0),  latency: 4.993219047619047
[2m[36m(CompileWorker pid=2684726)[0m  tensor (Large latency) dimensions: (1, 4096, 4096, 4096, 1, 1, 1, 1, 1, 1, 0, 0, 'CONV', 1, 1, 0, 0),  latency: 5.742201904761905
[2m[36m(CompileWorker pid=2685160)[0m  tensor (Large latency) dimensions: (1, 4096, 4096, 4096, 1, 1, 1, 1, 1, 1, 0, 0, 'CONV', 1, 1, 0, 0),  latency: 5.742201904761905
[2m[36m(CompileWorker pid=2684717)[0m compiled for stage:9 name: stage_0_4_acc_grad_1 module id: 1
[2m[36m(CompileWorker pid=2684722)[0m  tensor (Large latency) dimensions: (1, 4096, 3584, 4096, 1, 1, 1, 1, 1, 1, 0, 0, 'CONV', 1, 1, 0, 0),  latency: 5.024426666666667
[2m[36m(CompileWorker pid=2684721)[0m  tensor (Large latency) dimensions: (1, 1024, 14336, 14336, 1, 1, 1, 1, 1, 1, 0, 0, 'CONV', 1, 1, 0, 0),  latency: 18.131626666666666
[2m[36m(CompileWorker pid=2684718)[0m  tensor (Large latency) dimensions: (1, 4096, 14336, 1024, 1, 1, 1, 1, 1, 1, 0, 0, 'CONV', 1, 1, 0, 0),  latency: 4.369066666666667
[2m[36m(CompileWorker pid=2684716)[0m  tensor (Large latency) dimensions: (1, 4096, 4096, 4096, 1, 1, 1, 1, 1, 1, 0, 0, 'CONV', 1, 1, 0, 0),  latency: 5.742201904761905
[2m[36m(CompileWorker pid=2684720)[0m  tensor (Large latency) dimensions: (1, 1024, 4096, 4096, 1, 1, 1, 1, 1, 1, 0, 0, 'CONV', 1, 1, 0, 0),  latency: 1.4355504761904763
[2m[36m(CompileWorker pid=2684725)[0m  tensor (Large latency) dimensions: (1, 4096, 4096, 4096, 1, 1, 1, 1, 1, 1, 0, 0, 'CONV', 1, 1, 0, 0),  latency: 5.742201904761905
[2m[36m(CompileWorker pid=2684726)[0m  tensor (Large latency) dimensions: (1, 4096, 4096, 4096, 1, 1, 1, 1, 1, 1, 0, 0, 'CONV', 1, 1, 0, 0),  latency: 5.742201904761905
[2m[36m(CompileWorker pid=2685160)[0m  tensor (Large latency) dimensions: (1, 14336, 4096, 1024, 1, 1, 1, 1, 1, 1, 0, 0, 'CONV', 1, 1, 0, 0),  latency: 4.369066666666667
[2m[36m(CompileWorker pid=2684722)[0m  tensor (Large latency) dimensions: (1, 4096, 4096, 3584, 1, 1, 1, 1, 1, 1, 0, 0, 'CONV', 1, 1, 0, 0),  latency: 4.993219047619047
[2m[36m(CompileWorker pid=2684722)[0m compiled for stage:4 name: stage_0_2_acc_grad_1 module id: 1
[2m[36m(CompileWorker pid=2684723)[0m  tensor (Large latency) dimensions: (1, 4096, 4096, 4096, 1, 1, 1, 1, 1, 1, 0, 0, 'CONV', 1, 1, 0, 0),  latency: 5.742201904761905
[2m[36m(CompileWorker pid=2684718)[0m  tensor (Large latency) dimensions: (1, 4096, 4096, 14336, 1, 1, 1, 1, 1, 1, 0, 0, 'CONV', 1, 1, 0, 0),  latency: 20.72185904761905
[2m[36m(CompileWorker pid=2684721)[0m  tensor (Large latency) dimensions: (1, 4096, 3584, 4096, 1, 1, 1, 1, 1, 1, 0, 0, 'CONV', 1, 1, 0, 0),  latency: 5.024426666666667
[2m[36m(CompileWorker pid=2684718)[0m compiled for stage:8 name: stage_0_4_acc_grad_1 module id: 1
[2m[36m(CompileWorker pid=2684726)[0m  tensor (Large latency) dimensions: (1, 14336, 1024, 4096, 1, 1, 1, 1, 1, 1, 0, 0, 'CONV', 1, 1, 0, 0),  latency: 5.024426666666667
[2m[36m(CompileWorker pid=2684716)[0m  tensor (Large latency) dimensions: (1, 4096, 4096, 4096, 1, 1, 1, 1, 1, 1, 0, 0, 'CONV', 1, 1, 0, 0),  latency: 5.742201904761905
[2m[36m(CompileWorker pid=2685160)[0m  tensor (Large latency) dimensions: (1, 1024, 14336, 14336, 1, 1, 1, 1, 1, 1, 0, 0, 'CONV', 1, 1, 0, 0),  latency: 18.131626666666666
[2m[36m(CompileWorker pid=2684725)[0m  tensor (Large latency) dimensions: (1, 14336, 4096, 1024, 1, 1, 1, 1, 1, 1, 0, 0, 'CONV', 1, 1, 0, 0),  latency: 4.369066666666667
[2m[36m(CompileWorker pid=2684717)[0m  tensor (Large latency) dimensions: (1, 14336, 4096, 1024, 1, 1, 1, 1, 1, 1, 0, 0, 'CONV', 1, 1, 0, 0),  latency: 4.369066666666667
[2m[36m(CompileWorker pid=2685160)[0m  tensor (Large latency) dimensions: (1, 4096, 3584, 4096, 1, 1, 1, 1, 1, 1, 0, 0, 'CONV', 1, 1, 0, 0),  latency: 5.024426666666667
[2m[36m(CompileWorker pid=2684724)[0m  tensor (Large latency) dimensions: (1, 4096, 4096, 4096, 1, 1, 1, 1, 1, 1, 0, 0, 'CONV', 1, 1, 0, 0),  latency: 5.742201904761905
[2m[36m(CompileWorker pid=2684726)[0m  tensor (Large latency) dimensions: (1, 4096, 14336, 14336, 1, 1, 1, 1, 1, 1, 0, 0, 'CONV', 1, 1, 0, 0),  latency: 72.52650666666666
[2m[36m(CompileWorker pid=2684723)[0m  tensor (Large latency) dimensions: (1, 4096, 4096, 4096, 1, 1, 1, 1, 1, 1, 0, 0, 'CONV', 1, 1, 0, 0),  latency: 5.742201904761905
[2m[36m(CompileWorker pid=2684725)[0m  tensor (Large latency) dimensions: (1, 1024, 14336, 14336, 1, 1, 1, 1, 1, 1, 0, 0, 'CONV', 1, 1, 0, 0),  latency: 18.131626666666666
[2m[36m(CompileWorker pid=2684721)[0m  tensor (Large latency) dimensions: (1, 4096, 4096, 4096, 1, 1, 1, 1, 1, 1, 0, 0, 'CONV', 1, 1, 0, 0),  latency: 5.742201904761905
[2m[36m(CompileWorker pid=2684716)[0m  tensor (Large latency) dimensions: (1, 14336, 4096, 1024, 1, 1, 1, 1, 1, 1, 0, 0, 'CONV', 1, 1, 0, 0),  latency: 4.369066666666667
[2m[36m(CompileWorker pid=2684722)[0m  tensor (Large latency) dimensions: (1, 14336, 4096, 1024, 1, 1, 1, 1, 1, 1, 0, 0, 'CONV', 1, 1, 0, 0),  latency: 4.369066666666667
[2m[36m(CompileWorker pid=2684718)[0m  tensor (Large latency) dimensions: (1, 14336, 1024, 4096, 1, 1, 1, 1, 1, 1, 0, 0, 'CONV', 1, 1, 0, 0),  latency: 5.024426666666667
[2m[36m(CompileWorker pid=2684719)[0m  tensor (Large latency) dimensions: (1, 4096, 4096, 4096, 1, 1, 1, 1, 1, 1, 0, 0, 'CONV', 1, 1, 0, 0),  latency: 5.742201904761905
[2m[36m(CompileWorker pid=2684726)[0m  tensor (Large latency) dimensions: (1, 1024, 14336, 4096, 1, 1, 1, 1, 1, 1, 0, 0, 'CONV', 1, 1, 0, 0),  latency: 5.024426666666667
[2m[36m(CompileWorker pid=2684717)[0m  tensor (Large latency) dimensions: (1, 1024, 14336, 14336, 1, 1, 1, 1, 1, 1, 0, 0, 'CONV', 1, 1, 0, 0),  latency: 18.131626666666666
[2m[36m(CompileWorker pid=2685160)[0m  tensor (Large latency) dimensions: (1, 4096, 4096, 4096, 1, 1, 1, 1, 1, 1, 0, 0, 'CONV', 1, 1, 0, 0),  latency: 5.742201904761905
[2m[36m(CompileWorker pid=2684725)[0m  tensor (Large latency) dimensions: (1, 4096, 3584, 4096, 1, 1, 1, 1, 1, 1, 0, 0, 'CONV', 1, 1, 0, 0),  latency: 5.024426666666667
[2m[36m(CompileWorker pid=2684724)[0m  tensor (Large latency) dimensions: (1, 4096, 4096, 4096, 1, 1, 1, 1, 1, 1, 0, 0, 'CONV', 1, 1, 0, 0),  latency: 5.742201904761905
[2m[36m(CompileWorker pid=2684721)[0m  tensor (Large latency) dimensions: (1, 1024, 4096, 4096, 1, 1, 1, 1, 1, 1, 0, 0, 'CONV', 1, 1, 0, 0),  latency: 1.4355504761904763
[2m[36m(CompileWorker pid=2684716)[0m  tensor (Large latency) dimensions: (1, 1024, 14336, 14336, 1, 1, 1, 1, 1, 1, 0, 0, 'CONV', 1, 1, 0, 0),  latency: 18.131626666666666
[2m[36m(CompileWorker pid=2684723)[0m  tensor (Large latency) dimensions: (1, 14336, 4096, 1024, 1, 1, 1, 1, 1, 1, 0, 0, 'CONV', 1, 1, 0, 0),  latency: 4.369066666666667
[2m[36m(CompileWorker pid=2684726)[0m  tensor (Large latency) dimensions: (1, 4096, 4096, 4096, 1, 1, 1, 1, 1, 1, 0, 0, 'CONV', 1, 1, 0, 0),  latency: 5.742201904761905
[2m[36m(CompileWorker pid=2684722)[0m  tensor (Large latency) dimensions: (1, 4096, 14336, 14336, 1, 1, 1, 1, 1, 1, 0, 0, 'CONV', 1, 1, 0, 0),  latency: 72.52650666666666
[2m[36m(CompileWorker pid=2684716)[0m  tensor (Large latency) dimensions: (1, 4096, 3584, 4096, 1, 1, 1, 1, 1, 1, 0, 0, 'CONV', 1, 1, 0, 0),  latency: 5.024426666666667
[2m[36m(CompileWorker pid=2684720)[0m  tensor (Large latency) dimensions: (1, 4096, 4096, 4096, 1, 1, 1, 1, 1, 1, 0, 0, 'CONV', 1, 1, 0, 0),  latency: 5.742201904761905
[2m[36m(CompileWorker pid=2684724)[0m  tensor (Large latency) dimensions: (1, 14336, 1024, 4096, 1, 1, 1, 1, 1, 1, 0, 0, 'CONV', 1, 1, 0, 0),  latency: 5.024426666666667
[2m[36m(CompileWorker pid=2684725)[0m  tensor (Large latency) dimensions: (1, 4096, 4096, 4096, 1, 1, 1, 1, 1, 1, 0, 0, 'CONV', 1, 1, 0, 0),  latency: 5.742201904761905
[2m[36m(CompileWorker pid=2684719)[0m  tensor (Large latency) dimensions: (1, 4096, 4096, 4096, 1, 1, 1, 1, 1, 1, 0, 0, 'CONV', 1, 1, 0, 0),  latency: 5.742201904761905
[2m[36m(CompileWorker pid=2684717)[0m  tensor (Large latency) dimensions: (1, 4096, 3584, 4096, 1, 1, 1, 1, 1, 1, 0, 0, 'CONV', 1, 1, 0, 0),  latency: 5.024426666666667
[2m[36m(CompileWorker pid=2684718)[0m  tensor (Large latency) dimensions: (1, 4096, 14336, 14336, 1, 1, 1, 1, 1, 1, 0, 0, 'CONV', 1, 1, 0, 0),  latency: 72.52650666666666
[2m[36m(CompileWorker pid=2684723)[0m  tensor (Large latency) dimensions: (1, 1024, 14336, 14336, 1, 1, 1, 1, 1, 1, 0, 0, 'CONV', 1, 1, 0, 0),  latency: 18.131626666666666
[2m[36m(CompileWorker pid=2684726)[0m  tensor (Large latency) dimensions: (1, 8000, 4096, 4096, 1, 1, 1, 1, 1, 1, 0, 0, 'CONV', 1, 1, 0, 0),  latency: 11.308860952380952
[2m[36m(CompileWorker pid=2684725)[0m  tensor (Large latency) dimensions: (1, 8000, 4096, 4096, 1, 1, 1, 1, 1, 1, 0, 0, 'CONV', 1, 1, 0, 0),  latency: 11.308860952380952
[2m[36m(CompileWorker pid=2684716)[0m  tensor (Large latency) dimensions: (1, 14336, 1024, 4096, 1, 1, 1, 1, 1, 1, 0, 0, 'CONV', 1, 1, 0, 0),  latency: 5.024426666666667
[2m[36m(CompileWorker pid=2684722)[0m  tensor (Large latency) dimensions: (1, 4096, 3584, 4096, 1, 1, 1, 1, 1, 1, 0, 0, 'CONV', 1, 1, 0, 0),  latency: 5.024426666666667
[2m[36m(CompileWorker pid=2684724)[0m  tensor (Large latency) dimensions: (1, 4096, 14336, 14336, 1, 1, 1, 1, 1, 1, 0, 0, 'CONV', 1, 1, 0, 0),  latency: 72.52650666666666
[2m[36m(CompileWorker pid=2684723)[0m  tensor (Large latency) dimensions: (1, 4096, 3584, 4096, 1, 1, 1, 1, 1, 1, 0, 0, 'CONV', 1, 1, 0, 0),  latency: 5.024426666666667
[2m[36m(CompileWorker pid=2684718)[0m  tensor (Large latency) dimensions: (1, 4096, 3584, 4096, 1, 1, 1, 1, 1, 1, 0, 0, 'CONV', 1, 1, 0, 0),  latency: 5.024426666666667
[2m[36m(CompileWorker pid=2684716)[0m  tensor (Large latency) dimensions: (1, 4096, 14336, 14336, 1, 1, 1, 1, 1, 1, 0, 0, 'CONV', 1, 1, 0, 0),  latency: 72.52650666666666
[2m[36m(CompileWorker pid=2684719)[0m  tensor (Large latency) dimensions: (1, 14336, 4096, 1024, 1, 1, 1, 1, 1, 1, 0, 0, 'CONV', 1, 1, 0, 0),  latency: 4.369066666666667
[2m[36m(CompileWorker pid=2684720)[0m  tensor (Large latency) dimensions: (1, 4096, 4096, 4096, 1, 1, 1, 1, 1, 1, 0, 0, 'CONV', 1, 1, 0, 0),  latency: 5.742201904761905
[2m[36m(CompileWorker pid=2684724)[0m  tensor (Large latency) dimensions: (1, 1024, 14336, 4096, 1, 1, 1, 1, 1, 1, 0, 0, 'CONV', 1, 1, 0, 0),  latency: 5.024426666666667
[2m[36m(CompileWorker pid=2685160)[0m compiled for stage:12 name: stage_1_2_acc_grad_0 module id: 0
[2m[36m(CompileWorker pid=2684717)[0m  tensor (Large latency) dimensions: (1, 4096, 4096, 4096, 1, 1, 1, 1, 1, 1, 0, 0, 'CONV', 1, 1, 0, 0),  latency: 5.742201904761905
[2m[36m(CompileWorker pid=2684722)[0m  tensor (Large latency) dimensions: (1, 4096, 4096, 4096, 1, 1, 1, 1, 1, 1, 0, 0, 'CONV', 1, 1, 0, 0),  latency: 5.742201904761905
[2m[36m(CompileWorker pid=2684723)[0m  tensor (Large latency) dimensions: (1, 4096, 4096, 4096, 1, 1, 1, 1, 1, 1, 0, 0, 'CONV', 1, 1, 0, 0),  latency: 5.742201904761905
[2m[36m(CompileWorker pid=2684724)[0m  tensor (Large latency) dimensions: (1, 4096, 3584, 4096, 1, 1, 1, 1, 1, 1, 0, 0, 'CONV', 1, 1, 0, 0),  latency: 5.024426666666667
[2m[36m(CompileWorker pid=2684719)[0m  tensor (Large latency) dimensions: (1, 1024, 14336, 14336, 1, 1, 1, 1, 1, 1, 0, 0, 'CONV', 1, 1, 0, 0),  latency: 18.131626666666666
[2m[36m(CompileWorker pid=2684716)[0m  tensor (Large latency) dimensions: (1, 4096, 4096, 4096, 1, 1, 1, 1, 1, 1, 0, 0, 'CONV', 1, 1, 0, 0),  latency: 5.742201904761905
[2m[36m(CompileWorker pid=2684720)[0m  tensor (Large latency) dimensions: (1, 14336, 1024, 4096, 1, 1, 1, 1, 1, 1, 0, 0, 'CONV', 1, 1, 0, 0),  latency: 5.024426666666667
[2m[36m(CompileWorker pid=2684718)[0m  tensor (Large latency) dimensions: (1, 1024, 14336, 4096, 1, 1, 1, 1, 1, 1, 0, 0, 'CONV', 1, 1, 0, 0),  latency: 5.024426666666667
[2m[36m(CompileWorker pid=2684723)[0m  tensor (Large latency) dimensions: (1, 8000, 4096, 4096, 1, 1, 1, 1, 1, 1, 0, 0, 'CONV', 1, 1, 0, 0),  latency: 11.308860952380952
[2m[36m(CompileWorker pid=2684721)[0m  tensor (Large latency) dimensions: (1, 4096, 4096, 4096, 1, 1, 1, 1, 1, 1, 0, 0, 'CONV', 1, 1, 0, 0),  latency: 5.742201904761905
[2m[36m(CompileWorker pid=2684722)[0m  tensor (Large latency) dimensions: (1, 1024, 4096, 4096, 1, 1, 1, 1, 1, 1, 0, 0, 'CONV', 1, 1, 0, 0),  latency: 1.4355504761904763
[2m[36m(CompileWorker pid=2684717)[0m  tensor (Large latency) dimensions: (1, 1024, 4096, 4096, 1, 1, 1, 1, 1, 1, 0, 0, 'CONV', 1, 1, 0, 0),  latency: 1.4355504761904763
[2m[36m(CompileWorker pid=2685160)[0m  tensor (Large latency) dimensions: (1, 4096, 14336, 1024, 1, 1, 1, 1, 1, 1, 0, 0, 'CONV', 1, 1, 0, 0),  latency: 4.369066666666667
[2m[36m(CompileWorker pid=2684726)[0m compiled for stage:13 name: stage_1_2_acc_grad_0 module id: 0
[2m[36m(CompileWorker pid=2684725)[0m compiled for stage:14 name: stage_1_3_acc_grad_0 module id: 0
[2m[36m(CompileWorker pid=2684719)[0m  tensor (Large latency) dimensions: (1, 4096, 3584, 4096, 1, 1, 1, 1, 1, 1, 0, 0, 'CONV', 1, 1, 0, 0),  latency: 5.024426666666667
[2m[36m(CompileWorker pid=2684724)[0m  tensor (Large latency) dimensions: (1, 4096, 4096, 4096, 1, 1, 1, 1, 1, 1, 0, 0, 'CONV', 1, 1, 0, 0),  latency: 5.742201904761905
[2m[36m(CompileWorker pid=2684720)[0m  tensor (Large latency) dimensions: (1, 4096, 14336, 14336, 1, 1, 1, 1, 1, 1, 0, 0, 'CONV', 1, 1, 0, 0),  latency: 72.52650666666666
[2m[36m(CompileWorker pid=2685160)[0m  tensor (Large latency) dimensions: (1, 4096, 4096, 14336, 1, 1, 1, 1, 1, 1, 0, 0, 'CONV', 1, 1, 0, 0),  latency: 20.72185904761905
[2m[36m(CompileWorker pid=2685160)[0m compiled for stage:12 name: stage_1_2_acc_grad_1 module id: 1
[2m[36m(CompileWorker pid=2684726)[0m  tensor (Large latency) dimensions: (1, 4096, 3584, 4096, 1, 1, 1, 1, 1, 1, 0, 0, 'CONV', 1, 1, 0, 0),  latency: 5.024426666666667
[2m[36m(CompileWorker pid=2684721)[0m  tensor (Large latency) dimensions: (1, 4096, 4096, 4096, 1, 1, 1, 1, 1, 1, 0, 0, 'CONV', 1, 1, 0, 0),  latency: 5.742201904761905
[2m[36m(CompileWorker pid=2684718)[0m  tensor (Large latency) dimensions: (1, 4096, 4096, 4096, 1, 1, 1, 1, 1, 1, 0, 0, 'CONV', 1, 1, 0, 0),  latency: 5.742201904761905
[2m[36m(CompileWorker pid=2684725)[0m  tensor (Large latency) dimensions: (1, 4096, 14336, 1024, 1, 1, 1, 1, 1, 1, 0, 0, 'CONV', 1, 1, 0, 0),  latency: 4.369066666666667
[2m[36m(CompileWorker pid=2684720)[0m  tensor (Large latency) dimensions: (1, 1024, 14336, 4096, 1, 1, 1, 1, 1, 1, 0, 0, 'CONV', 1, 1, 0, 0),  latency: 5.024426666666667
[2m[36m(CompileWorker pid=2685160)[0m  tensor (Large latency) dimensions: (1, 14336, 1024, 4096, 1, 1, 1, 1, 1, 1, 0, 0, 'CONV', 1, 1, 0, 0),  latency: 5.024426666666667
[2m[36m(CompileWorker pid=2684724)[0m  tensor (Large latency) dimensions: (1, 4096, 4096, 4096, 1, 1, 1, 1, 1, 1, 0, 0, 'CONV', 1, 1, 0, 0),  latency: 5.742201904761905
[2m[36m(CompileWorker pid=2684721)[0m  tensor (Large latency) dimensions: (1, 8000, 4096, 4096, 1, 1, 1, 1, 1, 1, 0, 0, 'CONV', 1, 1, 0, 0),  latency: 11.308860952380952
[2m[36m(CompileWorker pid=2684719)[0m  tensor (Large latency) dimensions: (1, 4096, 4096, 4096, 1, 1, 1, 1, 1, 1, 0, 0, 'CONV', 1, 1, 0, 0),  latency: 5.742201904761905
[2m[36m(CompileWorker pid=2684726)[0m  tensor (Large latency) dimensions: (1, 4096, 4096, 3584, 1, 1, 1, 1, 1, 1, 0, 0, 'CONV', 1, 1, 0, 0),  latency: 4.993219047619047
[2m[36m(CompileWorker pid=2684725)[0m  tensor (Large latency) dimensions: (1, 4096, 4096, 14336, 1, 1, 1, 1, 1, 1, 0, 0, 'CONV', 1, 1, 0, 0),  latency: 20.72185904761905
[2m[36m(CompileWorker pid=2684726)[0m compiled for stage:13 name: stage_1_2_acc_grad_1 module id: 1
[2m[36m(CompileWorker pid=2684725)[0m compiled for stage:14 name: stage_1_3_acc_grad_1 module id: 1
[2m[36m(CompileWorker pid=2684724)[0m  tensor (Large latency) dimensions: (1, 8000, 4096, 4096, 1, 1, 1, 1, 1, 1, 0, 0, 'CONV', 1, 1, 0, 0),  latency: 11.308860952380952
[2m[36m(CompileWorker pid=2684720)[0m  tensor (Large latency) dimensions: (1, 4096, 3584, 4096, 1, 1, 1, 1, 1, 1, 0, 0, 'CONV', 1, 1, 0, 0),  latency: 5.024426666666667
[2m[36m(CompileWorker pid=2685160)[0m  tensor (Large latency) dimensions: (1, 4096, 14336, 14336, 1, 1, 1, 1, 1, 1, 0, 0, 'CONV', 1, 1, 0, 0),  latency: 72.52650666666666
[2m[36m(CompileWorker pid=2684719)[0m  tensor (Large latency) dimensions: (1, 8000, 4096, 4096, 1, 1, 1, 1, 1, 1, 0, 0, 'CONV', 1, 1, 0, 0),  latency: 11.308860952380952
[2m[36m(CompileWorker pid=2684716)[0m compiled for stage:15 name: stage_1_3_acc_grad_0 module id: 0
[2m[36m(CompileWorker pid=2684716)[0m compiled for stage:15 name: stage_1_3_acc_grad_1 module id: 1
[2m[36m(CompileWorker pid=2685160)[0m  tensor (Large latency) dimensions: (1, 1024, 14336, 4096, 1, 1, 1, 1, 1, 1, 0, 0, 'CONV', 1, 1, 0, 0),  latency: 5.024426666666667
[2m[36m(CompileWorker pid=2684725)[0m  tensor (Large latency) dimensions: (1, 14336, 1024, 4096, 1, 1, 1, 1, 1, 1, 0, 0, 'CONV', 1, 1, 0, 0),  latency: 5.024426666666667
[2m[36m(CompileWorker pid=2684724)[0m compiled for stage:18 name: stage_2_2_acc_grad_0 module id: 0
[2m[36m(CompileWorker pid=2684718)[0m  tensor (Large latency) dimensions: (1, 4096, 4096, 4096, 1, 1, 1, 1, 1, 1, 0, 0, 'CONV', 1, 1, 0, 0),  latency: 5.742201904761905
[2m[36m(CompileWorker pid=2684726)[0m  tensor (Large latency) dimensions: (1, 14336, 4096, 1024, 1, 1, 1, 1, 1, 1, 0, 0, 'CONV', 1, 1, 0, 0),  latency: 4.369066666666667
[2m[36m(CompileWorker pid=2684722)[0m  tensor (Large latency) dimensions: (1, 4096, 4096, 4096, 1, 1, 1, 1, 1, 1, 0, 0, 'CONV', 1, 1, 0, 0),  latency: 5.742201904761905
[2m[36m(CompileWorker pid=2684720)[0m  tensor (Large latency) dimensions: (1, 4096, 4096, 4096, 1, 1, 1, 1, 1, 1, 0, 0, 'CONV', 1, 1, 0, 0),  latency: 5.742201904761905
[2m[36m(CompileWorker pid=2684719)[0m compiled for stage:19 name: stage_2_2_acc_grad_0 module id: 0
[2m[36m(CompileWorker pid=2684725)[0m  tensor (Large latency) dimensions: (1, 4096, 14336, 14336, 1, 1, 1, 1, 1, 1, 0, 0, 'CONV', 1, 1, 0, 0),  latency: 72.52650666666666
[2m[36m(CompileWorker pid=2684724)[0m  tensor (Large latency) dimensions: (1, 1024, 14336, 4096, 1, 1, 1, 1, 1, 1, 0, 0, 'CONV', 1, 1, 0, 0),  latency: 5.024426666666667
[2m[36m(CompileWorker pid=2684724)[0m compiled for stage:18 name: stage_2_2_acc_grad_1 module id: 1
[2m[36m(CompileWorker pid=2684726)[0m  tensor (Large latency) dimensions: (1, 1024, 14336, 14336, 1, 1, 1, 1, 1, 1, 0, 0, 'CONV', 1, 1, 0, 0),  latency: 18.131626666666666
[2m[36m(CompileWorker pid=2685160)[0m  tensor (Large latency) dimensions: (1, 4096, 4096, 4096, 1, 1, 1, 1, 1, 1, 0, 0, 'CONV', 1, 1, 0, 0),  latency: 5.742201904761905
[2m[36m(CompileWorker pid=2684716)[0m compiled for stage:20 name: stage_2_3_acc_grad_0 module id: 0
[2m[36m(CompileWorker pid=2684723)[0m compiled for stage:16 name: stage_1_4_acc_grad_0 module id: 0
[2m[36m(CompileWorker pid=2684718)[0m  tensor (Large latency) dimensions: (1, 1024, 4096, 4096, 1, 1, 1, 1, 1, 1, 0, 0, 'CONV', 1, 1, 0, 0),  latency: 1.4355504761904763
[2m[36m(CompileWorker pid=2684722)[0m  tensor (Large latency) dimensions: (1, 4096, 4096, 4096, 1, 1, 1, 1, 1, 1, 0, 0, 'CONV', 1, 1, 0, 0),  latency: 5.742201904761905
[2m[36m(CompileWorker pid=2684719)[0m  tensor (Large latency) dimensions: (1, 1024, 14336, 4096, 1, 1, 1, 1, 1, 1, 0, 0, 'CONV', 1, 1, 0, 0),  latency: 5.024426666666667
[2m[36m(CompileWorker pid=2684717)[0m  tensor (Large latency) dimensions: (1, 4096, 4096, 4096, 1, 1, 1, 1, 1, 1, 0, 0, 'CONV', 1, 1, 0, 0),  latency: 5.742201904761905
[2m[36m(CompileWorker pid=2684725)[0m  tensor (Large latency) dimensions: (1, 1024, 14336, 4096, 1, 1, 1, 1, 1, 1, 0, 0, 'CONV', 1, 1, 0, 0),  latency: 5.024426666666667
[2m[36m(CompileWorker pid=2684726)[0m  tensor (Large latency) dimensions: (1, 4096, 3584, 4096, 1, 1, 1, 1, 1, 1, 0, 0, 'CONV', 1, 1, 0, 0),  latency: 5.024426666666667
[2m[36m(CompileWorker pid=2684720)[0m  tensor (Large latency) dimensions: (1, 4096, 4096, 4096, 1, 1, 1, 1, 1, 1, 0, 0, 'CONV', 1, 1, 0, 0),  latency: 5.742201904761905
[2m[36m(CompileWorker pid=2684724)[0m  tensor (Large latency) dimensions: (1, 14336, 4096, 1024, 1, 1, 1, 1, 1, 1, 0, 0, 'CONV', 1, 1, 0, 0),  latency: 4.369066666666667
[2m[36m(CompileWorker pid=2684719)[0m  tensor (Large latency) dimensions: (1, 4096, 4096, 14336, 1, 1, 1, 1, 1, 1, 0, 0, 'CONV', 1, 1, 0, 0),  latency: 20.72185904761905
[2m[36m(CompileWorker pid=2684722)[0m  tensor (Large latency) dimensions: (1, 14336, 1024, 4096, 1, 1, 1, 1, 1, 1, 0, 0, 'CONV', 1, 1, 0, 0),  latency: 5.024426666666667
[2m[36m(CompileWorker pid=2684716)[0m  tensor (Large latency) dimensions: (1, 4096, 14336, 1024, 1, 1, 1, 1, 1, 1, 0, 0, 'CONV', 1, 1, 0, 0),  latency: 4.369066666666667
[2m[36m(CompileWorker pid=2684716)[0m compiled for stage:20 name: stage_2_3_acc_grad_1 module id: 1
[2m[36m(CompileWorker pid=2684720)[0m  tensor (Large latency) dimensions: (1, 8000, 4096, 4096, 1, 1, 1, 1, 1, 1, 0, 0, 'CONV', 1, 1, 0, 0),  latency: 11.308860952380952
[2m[36m(CompileWorker pid=2684723)[0m  tensor (Large latency) dimensions: (1, 4096, 14336, 4096, 1, 1, 1, 1, 1, 1, 0, 0, 'CONV', 1, 1, 0, 0),  latency: 20.097706666666667
[2m[36m(CompileWorker pid=2684725)[0m  tensor (Large latency) dimensions: (1, 4096, 4096, 4096, 1, 1, 1, 1, 1, 1, 0, 0, 'CONV', 1, 1, 0, 0),  latency: 5.742201904761905
[2m[36m(CompileWorker pid=2684726)[0m  tensor (Large latency) dimensions: (1, 4096, 4096, 4096, 1, 1, 1, 1, 1, 1, 0, 0, 'CONV', 1, 1, 0, 0),  latency: 5.742201904761905
[2m[36m(CompileWorker pid=2684724)[0m  tensor (Large latency) dimensions: (1, 1024, 14336, 14336, 1, 1, 1, 1, 1, 1, 0, 0, 'CONV', 1, 1, 0, 0),  latency: 18.131626666666666
[2m[36m(CompileWorker pid=2684726)[0m compiled for stage:24 name: stage_3_3_acc_grad_0 module id: 0
[2m[36m(CompileWorker pid=2685160)[0m compiled for stage:21 name: stage_2_3_acc_grad_0 module id: 0
[2m[36m(CompileWorker pid=2684726)[0m compiled for stage:24 name: stage_3_3_acc_grad_1 module id: 1
[2m[36m(CompileWorker pid=2685160)[0m compiled for stage:21 name: stage_2_3_acc_grad_1 module id: 1
[2m[36m(CompileWorker pid=2684716)[0m  tensor (Large latency) dimensions: (1, 1024, 14336, 4096, 1, 1, 1, 1, 1, 1, 0, 0, 'CONV', 1, 1, 0, 0),  latency: 5.024426666666667
[2m[36m(CompileWorker pid=2684717)[0m  tensor (Large latency) dimensions: (1, 4096, 4096, 4096, 1, 1, 1, 1, 1, 1, 0, 0, 'CONV', 1, 1, 0, 0),  latency: 5.742201904761905
[2m[36m(CompileWorker pid=2684723)[0m  tensor (Large latency) dimensions: (1, 4096, 4096, 14336, 1, 1, 1, 1, 1, 1, 0, 0, 'CONV', 1, 1, 0, 0),  latency: 20.72185904761905
[2m[36m(CompileWorker pid=2684726)[0m compiled for stage:25 name: stage_3_3_acc_grad_0 module id: 0
[2m[36m(CompileWorker pid=2684726)[0m compiled for stage:25 name: stage_3_3_acc_grad_1 module id: 1
[2m[36m(CompileWorker pid=2684723)[0m compiled for stage:16 name: stage_1_4_acc_grad_1 module id: 1
[2m[36m(CompileWorker pid=2684722)[0m  tensor (Large latency) dimensions: (1, 4096, 14336, 14336, 1, 1, 1, 1, 1, 1, 0, 0, 'CONV', 1, 1, 0, 0),  latency: 72.52650666666666
[2m[36m(CompileWorker pid=2684719)[0m  tensor (Large latency) dimensions: (1, 4096, 14336, 1024, 1, 1, 1, 1, 1, 1, 0, 0, 'CONV', 1, 1, 0, 0),  latency: 4.369066666666667
[2m[36m(CompileWorker pid=2684719)[0m compiled for stage:19 name: stage_2_2_acc_grad_1 module id: 1
[2m[36m(CompileWorker pid=2684724)[0m  tensor (Large latency) dimensions: (1, 4096, 14336, 1024, 1, 1, 1, 1, 1, 1, 0, 0, 'CONV', 1, 1, 0, 0),  latency: 4.369066666666667
[2m[36m(CompileWorker pid=2684717)[0m  tensor (Large latency) dimensions: (1, 8000, 4096, 4096, 1, 1, 1, 1, 1, 1, 0, 0, 'CONV', 1, 1, 0, 0),  latency: 11.308860952380952
[2m[36m(CompileWorker pid=2684721)[0m compiled for stage:17 name: stage_1_4_acc_grad_0 module id: 0
[2m[36m(CompileWorker pid=2684716)[0m  tensor (Large latency) dimensions: (1, 4096, 4096, 4096, 1, 1, 1, 1, 1, 1, 0, 0, 'CONV', 1, 1, 0, 0),  latency: 5.742201904761905
[2m[36m(CompileWorker pid=2684721)[0m compiled for stage:17 name: stage_1_4_acc_grad_1 module id: 1
[2m[36m(CompileWorker pid=2685160)[0m compiled for stage:26 name: stage_3_4_acc_grad_0 module id: 0
[2m[36m(CompileWorker pid=2685160)[0m compiled for stage:26 name: stage_3_4_acc_grad_1 module id: 1
[2m[36m(CompileWorker pid=2684722)[0m  tensor (Large latency) dimensions: (1, 1024, 14336, 4096, 1, 1, 1, 1, 1, 1, 0, 0, 'CONV', 1, 1, 0, 0),  latency: 5.024426666666667
[2m[36m(CompileWorker pid=2684723)[0m  tensor (Large latency) dimensions: (1, 14336, 1024, 4096, 1, 1, 1, 1, 1, 1, 0, 0, 'CONV', 1, 1, 0, 0),  latency: 5.024426666666667
[2m[36m(CompileWorker pid=2684724)[0m  tensor (Large latency) dimensions: (1, 1024, 4096, 4096, 1, 1, 1, 1, 1, 1, 0, 0, 'CONV', 1, 1, 0, 0),  latency: 1.4355504761904763
[2m[36m(CompileWorker pid=2684726)[0m compiled for stage:27 name: stage_3_4_acc_grad_0 module id: 0
[2m[36m(CompileWorker pid=2684726)[0m compiled for stage:27 name: stage_3_4_acc_grad_1 module id: 1
[2m[36m(CompileWorker pid=2684719)[0m  tensor (Large latency) dimensions: (1, 4096, 14336, 1024, 1, 1, 1, 1, 1, 1, 0, 0, 'CONV', 1, 1, 0, 0),  latency: 4.369066666666667
[2m[36m(CompileWorker pid=2684717)[0m compiled for stage:28 name: stage_4_4_acc_grad_0 module id: 0
[2m[36m(CompileWorker pid=2684723)[0m  tensor (Large latency) dimensions: (1, 4096, 14336, 14336, 1, 1, 1, 1, 1, 1, 0, 0, 'CONV', 1, 1, 0, 0),  latency: 72.52650666666666
[2m[36m(CompileWorker pid=2684720)[0m compiled for stage:22 name: stage_2_4_acc_grad_0 module id: 0
[2m[36m(CompileWorker pid=2684716)[0m compiled for stage:29 name: stage_4_4_acc_grad_0 module id: 0
[2m[36m(CompileWorker pid=2684718)[0m  tensor (Large latency) dimensions: (1, 4096, 4096, 4096, 1, 1, 1, 1, 1, 1, 0, 0, 'CONV', 1, 1, 0, 0),  latency: 5.742201904761905
[2m[36m(CompileWorker pid=2684722)[0m  tensor (Large latency) dimensions: (1, 4096, 4096, 4096, 1, 1, 1, 1, 1, 1, 0, 0, 'CONV', 1, 1, 0, 0),  latency: 5.742201904761905
[2m[36m(CompileWorker pid=2684719)[0m  tensor (Large latency) dimensions: (1, 14336, 1024, 4096, 1, 1, 1, 1, 1, 1, 0, 0, 'CONV', 1, 1, 0, 0),  latency: 5.024426666666667
[2m[36m(CompileWorker pid=2684725)[0m compiled for stage:23 name: stage_2_4_acc_grad_0 module id: 0
[2m[36m(CompileWorker pid=2684725)[0m compiled for stage:23 name: stage_2_4_acc_grad_1 module id: 1
[2m[36m(CompileWorker pid=2684722)[0m  tensor (Large latency) dimensions: (1, 8000, 4096, 4096, 1, 1, 1, 1, 1, 1, 0, 0, 'CONV', 1, 1, 0, 0),  latency: 11.308860952380952
[2m[36m(CompileWorker pid=2684716)[0m  tensor (Large latency) dimensions: (1, 1024, 14336, 4096, 1, 1, 1, 1, 1, 1, 0, 0, 'CONV', 1, 1, 0, 0),  latency: 5.024426666666667
[2m[36m(CompileWorker pid=2684716)[0m compiled for stage:29 name: stage_4_4_acc_grad_1 module id: 1
[2m[36m(CompileWorker pid=2684720)[0m  tensor (Large latency) dimensions: (1, 4096, 3584, 4096, 1, 1, 1, 1, 1, 1, 0, 0, 'CONV', 1, 1, 0, 0),  latency: 5.024426666666667
[2m[36m(CompileWorker pid=2684717)[0m  tensor (Large latency) dimensions: (1, 4096, 14336, 1024, 1, 1, 1, 1, 1, 1, 0, 0, 'CONV', 1, 1, 0, 0),  latency: 4.369066666666667
[2m[36m(CompileWorker pid=2684719)[0m  tensor (Large latency) dimensions: (1, 4096, 14336, 14336, 1, 1, 1, 1, 1, 1, 0, 0, 'CONV', 1, 1, 0, 0),  latency: 72.52650666666666
[2m[36m(CompileWorker pid=2684716)[0m  tensor (Large latency) dimensions: (1, 4096, 14336, 1024, 1, 1, 1, 1, 1, 1, 0, 0, 'CONV', 1, 1, 0, 0),  latency: 4.369066666666667
[2m[36m(CompileWorker pid=2684718)[0m  tensor (Large latency) dimensions: (1, 4096, 4096, 4096, 1, 1, 1, 1, 1, 1, 0, 0, 'CONV', 1, 1, 0, 0),  latency: 5.742201904761905
[2m[36m(CompileWorker pid=2684720)[0m  tensor (Large latency) dimensions: (1, 4096, 4096, 3584, 1, 1, 1, 1, 1, 1, 0, 0, 'CONV', 1, 1, 0, 0),  latency: 4.993219047619047
[2m[36m(CompileWorker pid=2684717)[0m  tensor (Large latency) dimensions: (1, 4096, 4096, 14336, 1, 1, 1, 1, 1, 1, 0, 0, 'CONV', 1, 1, 0, 0),  latency: 20.72185904761905
[2m[36m(CompileWorker pid=2684720)[0m compiled for stage:22 name: stage_2_4_acc_grad_1 module id: 1
[2m[36m(CompileWorker pid=2684719)[0m  tensor (Large latency) dimensions: (1, 1024, 14336, 4096, 1, 1, 1, 1, 1, 1, 0, 0, 'CONV', 1, 1, 0, 0),  latency: 5.024426666666667
[2m[36m(CompileWorker pid=2684718)[0m  tensor (Large latency) dimensions: (1, 8000, 4096, 4096, 1, 1, 1, 1, 1, 1, 0, 0, 'CONV', 1, 1, 0, 0),  latency: 11.308860952380952
[2m[36m(CompileWorker pid=2684719)[0m  tensor (Large latency) dimensions: (1, 1024, 4096, 4096, 1, 1, 1, 1, 1, 1, 0, 0, 'CONV', 1, 1, 0, 0),  latency: 1.4355504761904763
[2m[36m(CompileWorker pid=2684716)[0m  tensor (Large latency) dimensions: (1, 1024, 4096, 4096, 1, 1, 1, 1, 1, 1, 0, 0, 'CONV', 1, 1, 0, 0),  latency: 1.4355504761904763
[2m[36m(CompileWorker pid=2684717)[0m  tensor (Large latency) dimensions: (1, 1024, 14336, 4096, 1, 1, 1, 1, 1, 1, 0, 0, 'CONV', 1, 1, 0, 0),  latency: 5.024426666666667
[2m[36m(CompileWorker pid=2684717)[0m compiled for stage:28 name: stage_4_4_acc_grad_1 module id: 1
[2m[36m(CompileWorker pid=2684720)[0m  tensor (Large latency) dimensions: (1, 14336, 4096, 1024, 1, 1, 1, 1, 1, 1, 0, 0, 'CONV', 1, 1, 0, 0),  latency: 4.369066666666667
[2m[36m(CompileWorker pid=2684720)[0m  tensor (Large latency) dimensions: (1, 1024, 14336, 14336, 1, 1, 1, 1, 1, 1, 0, 0, 'CONV', 1, 1, 0, 0),  latency: 18.131626666666666
[2m[36m(CompileWorker pid=2684717)[0m  tensor (Large latency) dimensions: (1, 4096, 14336, 1024, 1, 1, 1, 1, 1, 1, 0, 0, 'CONV', 1, 1, 0, 0),  latency: 4.369066666666667
[2m[36m(CompileWorker pid=2684717)[0m  tensor (Large latency) dimensions: (1, 14336, 1024, 4096, 1, 1, 1, 1, 1, 1, 0, 0, 'CONV', 1, 1, 0, 0),  latency: 5.024426666666667
[2m[36m(CompileWorker pid=2684717)[0m  tensor (Large latency) dimensions: (1, 4096, 14336, 14336, 1, 1, 1, 1, 1, 1, 0, 0, 'CONV', 1, 1, 0, 0),  latency: 72.52650666666666
[2m[36m(CompileWorker pid=2684717)[0m  tensor (Large latency) dimensions: (1, 1024, 14336, 4096, 1, 1, 1, 1, 1, 1, 0, 0, 'CONV', 1, 1, 0, 0),  latency: 5.024426666666667
[2m[36m(CompileWorker pid=2684717)[0m  tensor (Large latency) dimensions: (1, 1024, 4096, 4096, 1, 1, 1, 1, 1, 1, 0, 0, 'CONV', 1, 1, 0, 0),  latency: 1.4355504761904763
- parse estimation results for all stages
Using pre computed peak Mem for (0, 0, 2, 0), module 0
result[(0, 0, 2, 0), 0] = ModuleProfileResult(compute_cost=354.686, peak_memory=3.400 GB, invar_size=0.756 GB, outvar_size=10.148 GB, temp_buffer_size=-7.504 GB, available_memory=64.000 GB, comm_cost=2.414)
Using pre computed peak Mem for (0, 0, 2, 0), module 1
result[(0, 0, 2, 0), 1] = ModuleProfileResult(compute_cost=880.527, peak_memory=3.900 GB, invar_size=9.904 GB, outvar_size=0.756 GB, temp_buffer_size=-6.004 GB, available_memory=64.000 GB, comm_cost=6.670)
result[(0, 0, 2, 1), 0] = ModuleProfileResult(compute_cost=196.924, peak_memory=8.779 GB, invar_size=1.413 GB, outvar_size=6.867 GB, temp_buffer_size=0.500 GB, available_memory=64.000 GB, comm_cost=0.628)
result[(0, 0, 2, 1), 1] = ModuleProfileResult(compute_cost=430.822, peak_memory=8.777 GB, invar_size=7.279 GB, outvar_size=1.413 GB, temp_buffer_size=1.498 GB, available_memory=64.000 GB, comm_cost=3.921)
Using pre computed peak Mem for (0, 1, 2, 0), module 0
result[(0, 1, 2, 0), 0] = ModuleProfileResult(compute_cost=953.368, peak_memory=6.800 GB, invar_size=1.432 GB, outvar_size=18.074 GB, temp_buffer_size=-12.706 GB, available_memory=64.000 GB, comm_cost=7.601)
Using pre computed peak Mem for (0, 1, 2, 0), module 1
result[(0, 1, 2, 0), 1] = ModuleProfileResult(compute_cost=1718.615, peak_memory=7.800 GB, invar_size=18.506 GB, outvar_size=1.432 GB, temp_buffer_size=-10.706 GB, available_memory=64.000 GB, comm_cost=10.038)
result[(0, 1, 2, 1), 0] = ModuleProfileResult(compute_cost=351.513, peak_memory=14.756 GB, invar_size=2.745 GB, outvar_size=11.512 GB, temp_buffer_size=0.500 GB, available_memory=64.000 GB, comm_cost=0.813)
result[(0, 1, 2, 1), 1] = ModuleProfileResult(compute_cost=822.446, peak_memory=16.583 GB, invar_size=13.256 GB, outvar_size=2.745 GB, temp_buffer_size=3.326 GB, available_memory=64.000 GB, comm_cost=7.780)
Using pre computed peak Mem for (0, 2, 2, 0), module 0
result[(0, 2, 2, 0), 0] = ModuleProfileResult(compute_cost=1248.864, peak_memory=10.200 GB, invar_size=2.745 GB, outvar_size=21.621 GB, temp_buffer_size=-14.166 GB, available_memory=64.000 GB, comm_cost=9.557)
Using pre computed peak Mem for (0, 2, 2, 0), module 1
result[(0, 2, 2, 0), 1] = ModuleProfileResult(compute_cost=2517.307, peak_memory=11.700 GB, invar_size=23.366 GB, outvar_size=2.745 GB, temp_buffer_size=-11.666 GB, available_memory=64.000 GB, comm_cost=13.514)
result[(0, 2, 2, 1), 0] = ModuleProfileResult(compute_cost=487.932, peak_memory=19.616 GB, invar_size=4.057 GB, outvar_size=15.059 GB, temp_buffer_size=0.500 GB, available_memory=64.000 GB, comm_cost=0.979)
result[(0, 2, 2, 1), 1] = ModuleProfileResult(compute_cost=1186.191, peak_memory=22.892 GB, invar_size=18.116 GB, outvar_size=4.057 GB, temp_buffer_size=4.775 GB, available_memory=64.000 GB, comm_cost=11.467)
Using pre computed peak Mem for (0, 3, 2, 0), module 0
result[(0, 3, 2, 0), 0] = ModuleProfileResult(compute_cost=1027.235, peak_memory=13.600 GB, invar_size=2.108 GB, outvar_size=25.063 GB, temp_buffer_size=-13.571 GB, available_memory=64.000 GB, comm_cost=6.894)
Using pre computed peak Mem for (0, 3, 2, 0), module 1
result[(0, 3, 2, 0), 1] = ModuleProfileResult(compute_cost=2562.762, peak_memory=15.600 GB, invar_size=27.171 GB, outvar_size=2.108 GB, temp_buffer_size=-11.571 GB, available_memory=64.000 GB, comm_cost=19.341)
result[(0, 3, 2, 1), 0] = ModuleProfileResult(compute_cost=506.228, peak_memory=19.796 GB, invar_size=4.077 GB, outvar_size=15.219 GB, temp_buffer_size=0.500 GB, available_memory=64.000 GB, comm_cost=0.999)
result[(0, 3, 2, 1), 1] = ModuleProfileResult(compute_cost=1214.194, peak_memory=23.550 GB, invar_size=19.296 GB, outvar_size=4.077 GB, temp_buffer_size=4.254 GB, available_memory=64.000 GB, comm_cost=11.640)
Using pre computed peak Mem for (0, 4, 2, 0), module 0
result[(0, 4, 2, 0), 0] = ModuleProfileResult(compute_cost=1974.238, peak_memory=17.000 GB, invar_size=2.764 GB, outvar_size=31.954 GB, temp_buffer_size=-17.718 GB, available_memory=64.000 GB, comm_cost=16.169)
Using pre computed peak Mem for (0, 4, 2, 0), module 1
result[(0, 4, 2, 0), 1] = ModuleProfileResult(compute_cost=3369.699, peak_memory=19.500 GB, invar_size=34.718 GB, outvar_size=2.764 GB, temp_buffer_size=-15.218 GB, available_memory=64.000 GB, comm_cost=18.515)
result[(0, 4, 2, 1), 0] = ModuleProfileResult(compute_cost=643.271, peak_memory=24.718 GB, invar_size=5.389 GB, outvar_size=18.829 GB, temp_buffer_size=0.500 GB, available_memory=64.000 GB, comm_cost=1.164)
result[(0, 4, 2, 1), 1] = ModuleProfileResult(compute_cost=1578.798, peak_memory=29.843 GB, invar_size=24.218 GB, outvar_size=5.389 GB, temp_buffer_size=5.625 GB, available_memory=64.000 GB, comm_cost=15.437)
Using pre computed peak Mem for (1, 1, 2, 0), module 0
result[(1, 1, 2, 0), 0] = ModuleProfileResult(compute_cost=206.493, peak_memory=3.400 GB, invar_size=2.313 GB, outvar_size=5.055 GB, temp_buffer_size=-3.968 GB, available_memory=64.000 GB, comm_cost=1.167)
result[(1, 1, 2, 0), 1] = ModuleProfileResult(compute_cost=447.477, peak_memory=7.767 GB, invar_size=6.368 GB, outvar_size=1.313 GB, temp_buffer_size=1.337 GB, available_memory=64.000 GB, comm_cost=3.843)
result[(1, 1, 2, 1), 0] = ModuleProfileResult(compute_cost=154.959, peak_memory=7.540 GB, invar_size=2.395 GB, outvar_size=4.645 GB, temp_buffer_size=0.500 GB, available_memory=64.000 GB, comm_cost=0.586)
result[(1, 1, 2, 1), 1] = ModuleProfileResult(compute_cost=391.623, peak_memory=7.574 GB, invar_size=6.040 GB, outvar_size=1.395 GB, temp_buffer_size=1.472 GB, available_memory=64.000 GB, comm_cost=3.859)
Using pre computed peak Mem for (1, 2, 2, 0), module 0
result[(1, 2, 2, 0), 0] = ModuleProfileResult(compute_cost=311.098, peak_memory=6.800 GB, invar_size=3.625 GB, outvar_size=8.602 GB, temp_buffer_size=-5.428 GB, available_memory=64.000 GB, comm_cost=0.975)
Using pre computed peak Mem for (1, 2, 2, 0), module 1
result[(1, 2, 2, 0), 1] = ModuleProfileResult(compute_cost=811.581, peak_memory=7.800 GB, invar_size=11.227 GB, outvar_size=2.625 GB, temp_buffer_size=-3.490 GB, available_memory=64.000 GB, comm_cost=7.890)
result[(1, 2, 2, 1), 0] = ModuleProfileResult(compute_cost=291.377, peak_memory=12.399 GB, invar_size=3.707 GB, outvar_size=8.192 GB, temp_buffer_size=0.500 GB, available_memory=64.000 GB, comm_cost=0.752)
result[(1, 2, 2, 1), 1] = ModuleProfileResult(compute_cost=755.368, peak_memory=14.099 GB, invar_size=10.899 GB, outvar_size=2.707 GB, temp_buffer_size=3.137 GB, available_memory=64.000 GB, comm_cost=7.546)
Using pre computed peak Mem for (1, 3, 2, 0), module 0
result[(1, 3, 2, 0), 0] = ModuleProfileResult(compute_cost=329.393, peak_memory=10.200 GB, invar_size=3.645 GB, outvar_size=9.763 GB, temp_buffer_size=-3.208 GB, available_memory=64.000 GB, comm_cost=0.995)
Using pre computed peak Mem for (1, 3, 2, 0), module 1
result[(1, 3, 2, 0), 1] = ModuleProfileResult(compute_cost=839.585, peak_memory=11.700 GB, invar_size=12.408 GB, outvar_size=2.645 GB, temp_buffer_size=-0.770 GB, available_memory=64.000 GB, comm_cost=8.062)
result[(1, 3, 2, 1), 0] = ModuleProfileResult(compute_cost=309.673, peak_memory=13.579 GB, invar_size=3.727 GB, outvar_size=9.353 GB, temp_buffer_size=0.500 GB, available_memory=64.000 GB, comm_cost=0.772)
result[(1, 3, 2, 1), 1] = ModuleProfileResult(compute_cost=783.372, peak_memory=14.935 GB, invar_size=12.079 GB, outvar_size=2.727 GB, temp_buffer_size=2.793 GB, available_memory=64.000 GB, comm_cost=7.718)
Using pre computed peak Mem for (1, 4, 2, 0), module 0
result[(1, 4, 2, 0), 0] = ModuleProfileResult(compute_cost=498.251, peak_memory=13.600 GB, invar_size=4.957 GB, outvar_size=13.373 GB, temp_buffer_size=-4.730 GB, available_memory=64.000 GB, comm_cost=1.518)
result[(1, 4, 2, 0), 1] = ModuleProfileResult(compute_cost=1203.829, peak_memory=21.752 GB, invar_size=17.330 GB, outvar_size=3.957 GB, temp_buffer_size=4.359 GB, available_memory=64.000 GB, comm_cost=11.500)
result[(1, 4, 2, 1), 0] = ModuleProfileResult(compute_cost=446.716, peak_memory=18.502 GB, invar_size=5.039 GB, outvar_size=12.963 GB, temp_buffer_size=0.500 GB, available_memory=64.000 GB, comm_cost=0.937)
result[(1, 4, 2, 1), 1] = ModuleProfileResult(compute_cost=1147.976, peak_memory=21.494 GB, invar_size=17.002 GB, outvar_size=4.039 GB, temp_buffer_size=4.430 GB, available_memory=64.000 GB, comm_cost=11.516)
Using pre computed peak Mem for (2, 2, 2, 0), module 0
result[(2, 2, 2, 0), 0] = ModuleProfileResult(compute_cost=271.679, peak_memory=3.400 GB, invar_size=2.195 GB, outvar_size=5.352 GB, temp_buffer_size=-4.147 GB, available_memory=64.000 GB, comm_cost=2.091)
result[(2, 2, 2, 0), 1] = ModuleProfileResult(compute_cost=395.933, peak_memory=9.703 GB, invar_size=7.500 GB, outvar_size=2.148 GB, temp_buffer_size=2.188 GB, available_memory=64.000 GB, comm_cost=5.167)
Using pre computed peak Mem for (2, 2, 2, 1), module 0
result[(2, 2, 2, 1), 0] = ModuleProfileResult(compute_cost=283.115, peak_memory=3.400 GB, invar_size=1.457 GB, outvar_size=6.090 GB, temp_buffer_size=-4.147 GB, available_memory=64.000 GB, comm_cost=2.221)
result[(2, 2, 2, 1), 1] = ModuleProfileResult(compute_cost=559.619, peak_memory=8.844 GB, invar_size=7.500 GB, outvar_size=1.410 GB, temp_buffer_size=1.328 GB, available_memory=64.000 GB, comm_cost=5.036)
Using pre computed peak Mem for (2, 3, 2, 0), module 0
result[(2, 3, 2, 0), 0] = ModuleProfileResult(compute_cost=174.804, peak_memory=6.800 GB, invar_size=2.313 GB, outvar_size=5.118 GB, temp_buffer_size=-0.630 GB, available_memory=64.000 GB, comm_cost=0.810)
Using pre computed peak Mem for (2, 3, 2, 0), module 1
result[(2, 3, 2, 0), 1] = ModuleProfileResult(compute_cost=447.961, peak_memory=7.800 GB, invar_size=6.430 GB, outvar_size=1.313 GB, temp_buffer_size=1.307 GB, available_memory=64.000 GB, comm_cost=4.203)
result[(2, 3, 2, 1), 0] = ModuleProfileResult(compute_cost=155.084, peak_memory=7.602 GB, invar_size=2.395 GB, outvar_size=4.708 GB, temp_buffer_size=0.500 GB, available_memory=64.000 GB, comm_cost=0.586)
result[(2, 3, 2, 1), 1] = ModuleProfileResult(compute_cost=391.748, peak_memory=7.758 GB, invar_size=6.102 GB, outvar_size=1.395 GB, temp_buffer_size=1.594 GB, available_memory=64.000 GB, comm_cost=3.859)
Using pre computed peak Mem for (2, 4, 2, 0), module 0
result[(2, 4, 2, 0), 0] = ModuleProfileResult(compute_cost=311.847, peak_memory=10.200 GB, invar_size=3.625 GB, outvar_size=8.728 GB, temp_buffer_size=-2.153 GB, available_memory=64.000 GB, comm_cost=0.975)
Using pre computed peak Mem for (2, 4, 2, 0), module 1
result[(2, 4, 2, 0), 1] = ModuleProfileResult(compute_cost=812.568, peak_memory=11.700 GB, invar_size=11.353 GB, outvar_size=2.625 GB, temp_buffer_size=0.285 GB, available_memory=64.000 GB, comm_cost=8.002)
result[(2, 4, 2, 1), 0] = ModuleProfileResult(compute_cost=292.127, peak_memory=12.524 GB, invar_size=3.707 GB, outvar_size=8.317 GB, temp_buffer_size=0.500 GB, available_memory=64.000 GB, comm_cost=0.752)
result[(2, 4, 2, 1), 1] = ModuleProfileResult(compute_cost=756.353, peak_memory=14.224 GB, invar_size=11.024 GB, outvar_size=2.707 GB, temp_buffer_size=3.137 GB, available_memory=64.000 GB, comm_cost=7.657)
result[(3, 3, 2, 0), 0] = ModuleProfileResult(compute_cost=18.296, peak_memory=2.744 GB, invar_size=1.082 GB, outvar_size=1.160 GB, temp_buffer_size=0.502 GB, available_memory=64.000 GB, comm_cost=0.021)
result[(3, 3, 2, 0), 1] = ModuleProfileResult(compute_cost=27.893, peak_memory=2.063 GB, invar_size=1.243 GB, outvar_size=0.082 GB, temp_buffer_size=0.758 GB, available_memory=64.000 GB, comm_cost=0.062)
result[(3, 3, 2, 1), 0] = ModuleProfileResult(compute_cost=18.296, peak_memory=2.744 GB, invar_size=1.082 GB, outvar_size=1.160 GB, temp_buffer_size=0.502 GB, available_memory=64.000 GB, comm_cost=0.021)
result[(3, 3, 2, 1), 1] = ModuleProfileResult(compute_cost=27.893, peak_memory=2.063 GB, invar_size=1.243 GB, outvar_size=0.082 GB, temp_buffer_size=0.758 GB, available_memory=64.000 GB, comm_cost=0.062)
Using pre computed peak Mem for (3, 4, 2, 0), module 0
result[(3, 4, 2, 0), 0] = ModuleProfileResult(compute_cost=313.470, peak_memory=6.800 GB, invar_size=1.738 GB, outvar_size=8.051 GB, temp_buffer_size=-2.990 GB, available_memory=64.000 GB, comm_cost=2.373)
Using pre computed peak Mem for (3, 4, 2, 0), module 1
result[(3, 4, 2, 0), 1] = ModuleProfileResult(compute_cost=842.200, peak_memory=7.800 GB, invar_size=8.790 GB, outvar_size=0.738 GB, temp_buffer_size=-1.052 GB, available_memory=64.000 GB, comm_cost=6.606)
result[(3, 4, 2, 1), 0] = ModuleProfileResult(compute_cost=155.708, peak_memory=7.665 GB, invar_size=2.395 GB, outvar_size=4.770 GB, temp_buffer_size=0.500 GB, available_memory=64.000 GB, comm_cost=0.586)
result[(3, 4, 2, 1), 1] = ModuleProfileResult(compute_cost=392.497, peak_memory=7.605 GB, invar_size=6.165 GB, outvar_size=1.395 GB, temp_buffer_size=1.378 GB, available_memory=64.000 GB, comm_cost=3.859)
Using pre computed peak Mem for (4, 4, 2, 0), module 0
result[(4, 4, 2, 0), 0] = ModuleProfileResult(compute_cost=276.115, peak_memory=3.400 GB, invar_size=1.949 GB, outvar_size=5.660 GB, temp_buffer_size=-4.210 GB, available_memory=64.000 GB, comm_cost=2.134)
result[(4, 4, 2, 0), 1] = ModuleProfileResult(compute_cost=451.334, peak_memory=9.375 GB, invar_size=7.610 GB, outvar_size=1.902 GB, temp_buffer_size=1.750 GB, available_memory=64.000 GB, comm_cost=5.119)
Using pre computed peak Mem for (4, 4, 2, 1), module 0
result[(4, 4, 2, 1), 0] = ModuleProfileResult(compute_cost=283.739, peak_memory=3.400 GB, invar_size=1.457 GB, outvar_size=6.153 GB, temp_buffer_size=-4.210 GB, available_memory=64.000 GB, comm_cost=2.221)
result[(4, 4, 2, 1), 1] = ModuleProfileResult(compute_cost=560.458, peak_memory=9.157 GB, invar_size=7.610 GB, outvar_size=1.410 GB, temp_buffer_size=1.531 GB, available_memory=64.000 GB, comm_cost=5.032)
Profiling for submesh 2 (1, 4) takes 708.76 seconds
--------------------------------------------------
- Profiling for submesh 1 (1, 2):
- Generate all stage infos (Jaxpr -> HLO)
- Compile all stages, get estimations
num of workers:12
[2m[36m(CompileWorker pid=2684725)[0m /storage/coda1/p-dmahajan7/0/iwang73/Nest/scripts/alpa/alpa/alpa/shard_parallel/auto_sharding.py:880: UserWarning: Detect unexpected behaviors in the auto-sharding pass.
[2m[36m(CompileWorker pid=2684725)[0m   warnings.warn("Detect unexpected behaviors in the auto-sharding pass.")
[2m[36m(CompileWorker pid=2684724)[0m /storage/coda1/p-dmahajan7/0/iwang73/Nest/scripts/alpa/alpa/alpa/shard_parallel/auto_sharding.py:880: UserWarning: Detect unexpected behaviors in the auto-sharding pass.
[2m[36m(CompileWorker pid=2684724)[0m   warnings.warn("Detect unexpected behaviors in the auto-sharding pass.")
[2m[36m(CompileWorker pid=2684722)[0m /storage/coda1/p-dmahajan7/0/iwang73/Nest/scripts/alpa/alpa/alpa/shard_parallel/auto_sharding.py:880: UserWarning: Detect unexpected behaviors in the auto-sharding pass.
[2m[36m(CompileWorker pid=2684722)[0m   warnings.warn("Detect unexpected behaviors in the auto-sharding pass.")
[2m[36m(CompileWorker pid=2684720)[0m /storage/coda1/p-dmahajan7/0/iwang73/Nest/scripts/alpa/alpa/alpa/shard_parallel/auto_sharding.py:880: UserWarning: Detect unexpected behaviors in the auto-sharding pass.
[2m[36m(CompileWorker pid=2684720)[0m   warnings.warn("Detect unexpected behaviors in the auto-sharding pass.")
[2m[36m(CompileWorker pid=2684723)[0m /storage/coda1/p-dmahajan7/0/iwang73/Nest/scripts/alpa/alpa/alpa/shard_parallel/auto_sharding.py:880: UserWarning: Detect unexpected behaviors in the auto-sharding pass.
[2m[36m(CompileWorker pid=2684723)[0m   warnings.warn("Detect unexpected behaviors in the auto-sharding pass.")
[2m[36m(CompileWorker pid=2684718)[0m /storage/coda1/p-dmahajan7/0/iwang73/Nest/scripts/alpa/alpa/alpa/shard_parallel/auto_sharding.py:880: UserWarning: Detect unexpected behaviors in the auto-sharding pass.
[2m[36m(CompileWorker pid=2684718)[0m   warnings.warn("Detect unexpected behaviors in the auto-sharding pass.")
[2m[36m(CompileWorker pid=2684721)[0m /storage/coda1/p-dmahajan7/0/iwang73/Nest/scripts/alpa/alpa/alpa/shard_parallel/auto_sharding.py:880: UserWarning: Detect unexpected behaviors in the auto-sharding pass.
[2m[36m(CompileWorker pid=2684721)[0m   warnings.warn("Detect unexpected behaviors in the auto-sharding pass.")
[2m[36m(CompileWorker pid=2684719)[0m /storage/coda1/p-dmahajan7/0/iwang73/Nest/scripts/alpa/alpa/alpa/shard_parallel/auto_sharding.py:880: UserWarning: Detect unexpected behaviors in the auto-sharding pass.
[2m[36m(CompileWorker pid=2684719)[0m   warnings.warn("Detect unexpected behaviors in the auto-sharding pass.")
[2m[36m(CompileWorker pid=2684717)[0m /storage/coda1/p-dmahajan7/0/iwang73/Nest/scripts/alpa/alpa/alpa/shard_parallel/auto_sharding.py:880: UserWarning: Detect unexpected behaviors in the auto-sharding pass.
[2m[36m(CompileWorker pid=2684717)[0m   warnings.warn("Detect unexpected behaviors in the auto-sharding pass.")
[2m[33m(raylet)[0m [2026-02-21 16:08:18,100 E 1932333 1932333] (raylet) worker_pool.cc:524: Some workers of the worker process(2719137) have not registered within the timeout. The process is still alive, probably it's hanging during start.
[2m[33m(raylet)[0m [2026-02-21 16:08:18,455 E 1932333 1932333] (raylet) worker_pool.cc:524: Some workers of the worker process(2719138) have not registered within the timeout. The process is still alive, probably it's hanging during start.
[2m[33m(raylet)[0m [2026-02-21 16:08:18,458 E 1932333 1932333] (raylet) worker_pool.cc:524: Some workers of the worker process(2719139) have not registered within the timeout. The process is still alive, probably it's hanging during start.
[2m[33m(raylet)[0m [2026-02-21 16:08:18,461 E 1932333 1932333] (raylet) worker_pool.cc:524: Some workers of the worker process(2719140) have not registered within the timeout. The process is still alive, probably it's hanging during start.
[2m[33m(raylet)[0m [2026-02-21 16:08:18,464 E 1932333 1932333] (raylet) worker_pool.cc:524: Some workers of the worker process(2719141) have not registered within the timeout. The process is still alive, probably it's hanging during start.
[2m[33m(raylet)[0m [2026-02-21 16:08:18,466 E 1932333 1932333] (raylet) worker_pool.cc:524: Some workers of the worker process(2719142) have not registered within the timeout. The process is still alive, probably it's hanging during start.
[2m[33m(raylet)[0m [2026-02-21 16:08:18,469 E 1932333 1932333] (raylet) worker_pool.cc:524: Some workers of the worker process(2719143) have not registered within the timeout. The process is still alive, probably it's hanging during start.
[2m[33m(raylet)[0m [2026-02-21 16:08:18,472 E 1932333 1932333] (raylet) worker_pool.cc:524: Some workers of the worker process(2719144) have not registered within the timeout. The process is still alive, probably it's hanging during start.
[2m[33m(raylet)[0m [2026-02-21 16:08:18,474 E 1932333 1932333] (raylet) worker_pool.cc:524: Some workers of the worker process(2719145) have not registered within the timeout. The process is still alive, probably it's hanging during start.
[2m[33m(raylet)[0m [2026-02-21 16:08:18,477 E 1932333 1932333] (raylet) worker_pool.cc:524: Some workers of the worker process(2719146) have not registered within the timeout. The process is still alive, probably it's hanging during start.
[2m[33m(raylet)[0m [2026-02-21 16:08:18,480 E 1932333 1932333] (raylet) worker_pool.cc:524: Some workers of the worker process(2719147) have not registered within the timeout. The process is still alive, probably it's hanging during start.
[2m[33m(raylet)[0m [2026-02-21 16:08:18,483 E 1932333 1932333] (raylet) worker_pool.cc:524: Some workers of the worker process(2719148) have not registered within the timeout. The process is still alive, probably it's hanging during start.
[2m[33m(raylet)[0m [2026-02-21 16:09:18,105 E 1932333 1932333] (raylet) worker_pool.cc:524: Some workers of the worker process(2719325) have not registered within the timeout. The process is still alive, probably it's hanging during start.
[2m[33m(raylet)[0m [2026-02-21 16:10:18,126 E 1932333 1932333] (raylet) worker_pool.cc:524: Some workers of the worker process(2719769) have not registered within the timeout. The process is still alive, probably it's hanging during start.
[2m[33m(raylet)[0m [2026-02-21 16:11:18,192 E 1932333 1932333] (raylet) worker_pool.cc:524: Some workers of the worker process(2719829) have not registered within the timeout. The process is still alive, probably it's hanging during start.
[2m[33m(raylet)[0m [2026-02-21 16:12:18,195 E 1932333 1932333] (raylet) worker_pool.cc:524: Some workers of the worker process(2719864) have not registered within the timeout. The process is still alive, probably it's hanging during start.
[2m[33m(raylet)[0m [2026-02-21 16:13:18,199 E 1932333 1932333] (raylet) worker_pool.cc:524: Some workers of the worker process(2719935) have not registered within the timeout. The process is still alive, probably it's hanging during start.
[2m[36m(CompileWorker pid=2719327)[0m /storage/coda1/p-dmahajan7/0/iwang73/Nest/scripts/alpa/alpa/alpa/shard_parallel/auto_sharding.py:880: UserWarning: Detect unexpected behaviors in the auto-sharding pass.
[2m[36m(CompileWorker pid=2719327)[0m   warnings.warn("Detect unexpected behaviors in the auto-sharding pass.")
[2m[36m(CompileWorker pid=2719337)[0m /storage/coda1/p-dmahajan7/0/iwang73/Nest/scripts/alpa/alpa/alpa/shard_parallel/auto_sharding.py:880: UserWarning: Detect unexpected behaviors in the auto-sharding pass.
[2m[36m(CompileWorker pid=2719337)[0m   warnings.warn("Detect unexpected behaviors in the auto-sharding pass.")
[2m[36m(CompileWorker pid=2719336)[0m /storage/coda1/p-dmahajan7/0/iwang73/Nest/scripts/alpa/alpa/alpa/shard_parallel/auto_sharding.py:880: UserWarning: Detect unexpected behaviors in the auto-sharding pass.
[2m[36m(CompileWorker pid=2719336)[0m   warnings.warn("Detect unexpected behaviors in the auto-sharding pass.")
[2m[36m(CompileWorker pid=2719327)[0m compiled for stage:10 name: stage_1_1_acc_grad_0 module id: 0
[2m[36m(CompileWorker pid=2719337)[0m compiled for stage:0 name: stage_0_0_acc_grad_0 module id: 0
[2m[36m(CompileWorker pid=2719336)[0m compiled for stage:1 name: stage_0_0_acc_grad_0 module id: 0
[2m[36m(CompileWorker pid=2719335)[0m compiled for stage:2 name: stage_0_1_acc_grad_0 module id: 0
[2m[36m(CompileWorker pid=2719333)[0m compiled for stage:4 name: stage_0_2_acc_grad_0 module id: 0
[2m[36m(CompileWorker pid=2719334)[0m compiled for stage:3 name: stage_0_1_acc_grad_0 module id: 0
[2m[36m(CompileWorker pid=2719331)[0m compiled for stage:6 name: stage_0_3_acc_grad_0 module id: 0
[2m[36m(CompileWorker pid=2719330)[0m compiled for stage:7 name: stage_0_3_acc_grad_0 module id: 0
[2m[36m(CompileWorker pid=2719332)[0m compiled for stage:5 name: stage_0_2_acc_grad_0 module id: 0
[2m[36m(CompileWorker pid=2719329)[0m compiled for stage:8 name: stage_0_4_acc_grad_0 module id: 0
[2m[36m(CompileWorker pid=2719328)[0m compiled for stage:9 name: stage_0_4_acc_grad_0 module id: 0
[2m[36m(CompileWorker pid=2719336)[0m  tensor (Large latency) dimensions: (1, 4096, 4096, 16000, 1, 1, 1, 1, 1, 1, 0, 0, 'CONV', 1, 1, 0, 0),  latency: 23.34329904761905
[2m[36m(CompileWorker pid=2719337)[0m  tensor (Large latency) dimensions: (1, 4096, 4096, 16000, 1, 1, 1, 1, 1, 1, 0, 0, 'CONV', 1, 1, 0, 0),  latency: 23.34329904761905
[2m[36m(CompileWorker pid=2719335)[0m  tensor (Large latency) dimensions: (1, 4096, 4096, 16000, 1, 1, 1, 1, 1, 1, 0, 0, 'CONV', 1, 1, 0, 0),  latency: 23.34329904761905
[2m[36m(CompileWorker pid=2719327)[0m  tensor (Large latency) dimensions: (1, 4096, 14336, 2048, 1, 1, 1, 1, 1, 1, 0, 0, 'CONV', 1, 1, 0, 0),  latency: 9.611946666666666
[2m[36m(CompileWorker pid=2719334)[0m  tensor (Large latency) dimensions: (1, 4096, 4096, 16000, 1, 1, 1, 1, 1, 1, 0, 0, 'CONV', 1, 1, 0, 0),  latency: 23.34329904761905
[2m[36m(CompileWorker pid=2719330)[0m  tensor (Large latency) dimensions: (1, 4096, 4096, 16000, 1, 1, 1, 1, 1, 1, 0, 0, 'CONV', 1, 1, 0, 0),  latency: 23.34329904761905
[2m[36m(CompileWorker pid=2719332)[0m  tensor (Large latency) dimensions: (1, 4096, 4096, 16000, 1, 1, 1, 1, 1, 1, 0, 0, 'CONV', 1, 1, 0, 0),  latency: 23.34329904761905
[2m[36m(CompileWorker pid=2719333)[0m  tensor (Large latency) dimensions: (1, 4096, 4096, 16000, 1, 1, 1, 1, 1, 1, 0, 0, 'CONV', 1, 1, 0, 0),  latency: 23.34329904761905
[2m[36m(CompileWorker pid=2719331)[0m  tensor (Large latency) dimensions: (1, 4096, 4096, 16000, 1, 1, 1, 1, 1, 1, 0, 0, 'CONV', 1, 1, 0, 0),  latency: 23.34329904761905
[2m[36m(CompileWorker pid=2719329)[0m  tensor (Large latency) dimensions: (1, 4096, 4096, 16000, 1, 1, 1, 1, 1, 1, 0, 0, 'CONV', 1, 1, 0, 0),  latency: 23.34329904761905
[2m[36m(CompileWorker pid=2719328)[0m  tensor (Large latency) dimensions: (1, 4096, 4096, 16000, 1, 1, 1, 1, 1, 1, 0, 0, 'CONV', 1, 1, 0, 0),  latency: 23.34329904761905
[2m[36m(CompileWorker pid=2719327)[0m  tensor (Large latency) dimensions: (1, 4096, 4096, 14336, 1, 1, 1, 1, 1, 1, 0, 0, 'CONV', 1, 1, 0, 0),  latency: 20.72185904761905
[2m[36m(CompileWorker pid=2719337)[0m  tensor (Large latency) dimensions: (1, 4096, 2048, 4096, 1, 1, 1, 1, 1, 1, 0, 0, 'CONV', 1, 1, 0, 0),  latency: 2.8711009523809525
[2m[36m(CompileWorker pid=2719336)[0m  tensor (Large latency) dimensions: (1, 4096, 2048, 4096, 1, 1, 1, 1, 1, 1, 0, 0, 'CONV', 1, 1, 0, 0),  latency: 2.8711009523809525
[2m[36m(CompileWorker pid=2719327)[0m  tensor (Large latency) dimensions: (1, 4096, 7168, 4096, 1, 1, 1, 1, 1, 1, 0, 0, 'CONV', 1, 1, 0, 0),  latency: 10.048853333333334
[2m[36m(CompileWorker pid=2719335)[0m  tensor (Large latency) dimensions: (1, 4096, 2048, 4096, 1, 1, 1, 1, 1, 1, 0, 0, 'CONV', 1, 1, 0, 0),  latency: 2.8711009523809525
[2m[36m(CompileWorker pid=2719334)[0m  tensor (Large latency) dimensions: (1, 4096, 2048, 4096, 1, 1, 1, 1, 1, 1, 0, 0, 'CONV', 1, 1, 0, 0),  latency: 2.8711009523809525
[2m[36m(CompileWorker pid=2719330)[0m  tensor (Large latency) dimensions: (1, 4096, 2048, 4096, 1, 1, 1, 1, 1, 1, 0, 0, 'CONV', 1, 1, 0, 0),  latency: 2.8711009523809525
[2m[36m(CompileWorker pid=2719332)[0m  tensor (Large latency) dimensions: (1, 4096, 2048, 4096, 1, 1, 1, 1, 1, 1, 0, 0, 'CONV', 1, 1, 0, 0),  latency: 2.8711009523809525
[2m[36m(CompileWorker pid=2719331)[0m  tensor (Large latency) dimensions: (1, 4096, 2048, 4096, 1, 1, 1, 1, 1, 1, 0, 0, 'CONV', 1, 1, 0, 0),  latency: 2.8711009523809525
[2m[36m(CompileWorker pid=2719333)[0m  tensor (Large latency) dimensions: (1, 4096, 2048, 4096, 1, 1, 1, 1, 1, 1, 0, 0, 'CONV', 1, 1, 0, 0),  latency: 2.8711009523809525
[2m[36m(CompileWorker pid=2719327)[0m  tensor (Large latency) dimensions: (1, 4096, 4096, 7168, 1, 1, 1, 1, 1, 1, 0, 0, 'CONV', 1, 1, 0, 0),  latency: 10.236099047619048
[2m[36m(CompileWorker pid=2719337)[0m  tensor (Large latency) dimensions: (1, 4096, 4096, 2048, 1, 1, 1, 1, 1, 1, 0, 0, 'CONV', 1, 1, 0, 0),  latency: 2.7462704761904764
[2m[36m(CompileWorker pid=2719336)[0m  tensor (Large latency) dimensions: (1, 4096, 4096, 2048, 1, 1, 1, 1, 1, 1, 0, 0, 'CONV', 1, 1, 0, 0),  latency: 2.7462704761904764
[2m[36m(CompileWorker pid=2719329)[0m  tensor (Large latency) dimensions: (1, 4096, 2048, 4096, 1, 1, 1, 1, 1, 1, 0, 0, 'CONV', 1, 1, 0, 0),  latency: 2.8711009523809525
[2m[36m(CompileWorker pid=2719328)[0m  tensor (Large latency) dimensions: (1, 4096, 2048, 4096, 1, 1, 1, 1, 1, 1, 0, 0, 'CONV', 1, 1, 0, 0),  latency: 2.8711009523809525
[2m[36m(CompileWorker pid=2719335)[0m  tensor (Large latency) dimensions: (1, 4096, 4096, 2048, 1, 1, 1, 1, 1, 1, 0, 0, 'CONV', 1, 1, 0, 0),  latency: 2.7462704761904764
[2m[36m(CompileWorker pid=2719334)[0m  tensor (Large latency) dimensions: (1, 4096, 4096, 2048, 1, 1, 1, 1, 1, 1, 0, 0, 'CONV', 1, 1, 0, 0),  latency: 2.7462704761904764
[2m[36m(CompileWorker pid=2719330)[0m  tensor (Large latency) dimensions: (1, 4096, 4096, 2048, 1, 1, 1, 1, 1, 1, 0, 0, 'CONV', 1, 1, 0, 0),  latency: 2.7462704761904764
[2m[36m(CompileWorker pid=2719337)[0m  tensor (Large latency) dimensions: (1, 4096, 14336, 2048, 1, 1, 1, 1, 1, 1, 0, 0, 'CONV', 1, 1, 0, 0),  latency: 9.611946666666666
[2m[36m(CompileWorker pid=2719327)[0m  tensor (Large latency) dimensions: (1, 4096, 2048, 4096, 1, 1, 1, 1, 1, 1, 0, 0, 'CONV', 1, 1, 0, 0),  latency: 2.8711009523809525
[2m[36m(CompileWorker pid=2719332)[0m  tensor (Large latency) dimensions: (1, 4096, 4096, 2048, 1, 1, 1, 1, 1, 1, 0, 0, 'CONV', 1, 1, 0, 0),  latency: 2.7462704761904764
[2m[36m(CompileWorker pid=2719336)[0m  tensor (Large latency) dimensions: (1, 4096, 7168, 4096, 1, 1, 1, 1, 1, 1, 0, 0, 'CONV', 1, 1, 0, 0),  latency: 10.048853333333334
[2m[36m(CompileWorker pid=2719333)[0m  tensor (Large latency) dimensions: (1, 4096, 4096, 2048, 1, 1, 1, 1, 1, 1, 0, 0, 'CONV', 1, 1, 0, 0),  latency: 2.7462704761904764
[2m[36m(CompileWorker pid=2719337)[0m  tensor (Large latency) dimensions: (1, 4096, 4096, 14336, 1, 1, 1, 1, 1, 1, 0, 0, 'CONV', 1, 1, 0, 0),  latency: 20.72185904761905
[2m[36m(CompileWorker pid=2719337)[0m compiled for stage:0 name: stage_0_0_acc_grad_1 module id: 1
[2m[36m(CompileWorker pid=2719331)[0m  tensor (Large latency) dimensions: (1, 4096, 4096, 2048, 1, 1, 1, 1, 1, 1, 0, 0, 'CONV', 1, 1, 0, 0),  latency: 2.7462704761904764
[2m[36m(CompileWorker pid=2719336)[0m  tensor (Large latency) dimensions: (1, 4096, 4096, 7168, 1, 1, 1, 1, 1, 1, 0, 0, 'CONV', 1, 1, 0, 0),  latency: 10.236099047619048
[2m[36m(CompileWorker pid=2719336)[0m compiled for stage:1 name: stage_0_0_acc_grad_1 module id: 1
[2m[36m(CompileWorker pid=2719335)[0m  tensor (Large latency) dimensions: (1, 4096, 14336, 2048, 1, 1, 1, 1, 1, 1, 0, 0, 'CONV', 1, 1, 0, 0),  latency: 9.611946666666666
[2m[36m(CompileWorker pid=2719334)[0m  tensor (Large latency) dimensions: (1, 4096, 7168, 4096, 1, 1, 1, 1, 1, 1, 0, 0, 'CONV', 1, 1, 0, 0),  latency: 10.048853333333334
[2m[36m(CompileWorker pid=2719330)[0m  tensor (Large latency) dimensions: (1, 4096, 7168, 4096, 1, 1, 1, 1, 1, 1, 0, 0, 'CONV', 1, 1, 0, 0),  latency: 10.048853333333334
[2m[36m(CompileWorker pid=2719327)[0m  tensor (Large latency) dimensions: (1, 4096, 4096, 2048, 1, 1, 1, 1, 1, 1, 0, 0, 'CONV', 1, 1, 0, 0),  latency: 2.7462704761904764
[2m[36m(CompileWorker pid=2719337)[0m  tensor (Large latency) dimensions: (1, 2048, 4096, 4096, 1, 1, 1, 1, 1, 1, 0, 0, 'CONV', 1, 1, 0, 0),  latency: 2.8711009523809525
[2m[36m(CompileWorker pid=2719327)[0m compiled for stage:10 name: stage_1_1_acc_grad_1 module id: 1
[2m[36m(CompileWorker pid=2719335)[0m  tensor (Large latency) dimensions: (1, 4096, 4096, 14336, 1, 1, 1, 1, 1, 1, 0, 0, 'CONV', 1, 1, 0, 0),  latency: 20.72185904761905
[2m[36m(CompileWorker pid=2719335)[0m compiled for stage:2 name: stage_0_1_acc_grad_1 module id: 1
[2m[36m(CompileWorker pid=2719336)[0m  tensor (Large latency) dimensions: (1, 2048, 4096, 4096, 1, 1, 1, 1, 1, 1, 0, 0, 'CONV', 1, 1, 0, 0),  latency: 2.8711009523809525
[2m[36m(CompileWorker pid=2719332)[0m  tensor (Large latency) dimensions: (1, 4096, 7168, 4096, 1, 1, 1, 1, 1, 1, 0, 0, 'CONV', 1, 1, 0, 0),  latency: 10.048853333333334
[2m[36m(CompileWorker pid=2719333)[0m  tensor (Large latency) dimensions: (1, 4096, 14336, 2048, 1, 1, 1, 1, 1, 1, 0, 0, 'CONV', 1, 1, 0, 0),  latency: 9.611946666666666
[2m[36m(CompileWorker pid=2719334)[0m  tensor (Large latency) dimensions: (1, 4096, 4096, 7168, 1, 1, 1, 1, 1, 1, 0, 0, 'CONV', 1, 1, 0, 0),  latency: 10.236099047619048
[2m[36m(CompileWorker pid=2719334)[0m compiled for stage:3 name: stage_0_1_acc_grad_1 module id: 1
[2m[36m(CompileWorker pid=2719328)[0m  tensor (Large latency) dimensions: (1, 4096, 4096, 2048, 1, 1, 1, 1, 1, 1, 0, 0, 'CONV', 1, 1, 0, 0),  latency: 2.7462704761904764
[2m[36m(CompileWorker pid=2719330)[0m  tensor (Large latency) dimensions: (1, 4096, 4096, 7168, 1, 1, 1, 1, 1, 1, 0, 0, 'CONV', 1, 1, 0, 0),  latency: 10.236099047619048
[2m[36m(CompileWorker pid=2719327)[0m  tensor (Large latency) dimensions: (1, 2048, 4096, 4096, 1, 1, 1, 1, 1, 1, 0, 0, 'CONV', 1, 1, 0, 0),  latency: 2.8711009523809525
[2m[36m(CompileWorker pid=2719329)[0m  tensor (Large latency) dimensions: (1, 4096, 4096, 2048, 1, 1, 1, 1, 1, 1, 0, 0, 'CONV', 1, 1, 0, 0),  latency: 2.7462704761904764
[2m[36m(CompileWorker pid=2719330)[0m compiled for stage:7 name: stage_0_3_acc_grad_1 module id: 1
[2m[36m(CompileWorker pid=2719331)[0m  tensor (Large latency) dimensions: (1, 4096, 14336, 2048, 1, 1, 1, 1, 1, 1, 0, 0, 'CONV', 1, 1, 0, 0),  latency: 9.611946666666666
[2m[36m(CompileWorker pid=2719332)[0m  tensor (Large latency) dimensions: (1, 4096, 4096, 7168, 1, 1, 1, 1, 1, 1, 0, 0, 'CONV', 1, 1, 0, 0),  latency: 10.236099047619048
[2m[36m(CompileWorker pid=2719337)[0m  tensor (Large latency) dimensions: (1, 4096, 2048, 2048, 1, 1, 1, 1, 1, 1, 0, 0, 'CONV', 1, 1, 0, 0),  latency: 1.3731352380952382
[2m[36m(CompileWorker pid=2719332)[0m compiled for stage:5 name: stage_0_2_acc_grad_1 module id: 1
[2m[36m(CompileWorker pid=2719335)[0m  tensor (Large latency) dimensions: (1, 2048, 4096, 4096, 1, 1, 1, 1, 1, 1, 0, 0, 'CONV', 1, 1, 0, 0),  latency: 2.8711009523809525
[2m[36m(CompileWorker pid=2719336)[0m  tensor (Large latency) dimensions: (1, 4096, 2048, 2048, 1, 1, 1, 1, 1, 1, 0, 0, 'CONV', 1, 1, 0, 0),  latency: 1.3731352380952382
[2m[36m(CompileWorker pid=2719334)[0m  tensor (Large latency) dimensions: (1, 2048, 4096, 4096, 1, 1, 1, 1, 1, 1, 0, 0, 'CONV', 1, 1, 0, 0),  latency: 2.8711009523809525
[2m[36m(CompileWorker pid=2719331)[0m  tensor (Large latency) dimensions: (1, 4096, 4096, 14336, 1, 1, 1, 1, 1, 1, 0, 0, 'CONV', 1, 1, 0, 0),  latency: 20.72185904761905
[2m[36m(CompileWorker pid=2719327)[0m  tensor (Large latency) dimensions: (1, 4096, 2048, 2048, 1, 1, 1, 1, 1, 1, 0, 0, 'CONV', 1, 1, 0, 0),  latency: 1.3731352380952382
[2m[36m(CompileWorker pid=2719330)[0m  tensor (Large latency) dimensions: (1, 2048, 4096, 4096, 1, 1, 1, 1, 1, 1, 0, 0, 'CONV', 1, 1, 0, 0),  latency: 2.8711009523809525
[2m[36m(CompileWorker pid=2719333)[0m  tensor (Large latency) dimensions: (1, 4096, 14336, 4096, 1, 1, 1, 1, 1, 1, 0, 0, 'CONV', 1, 1, 0, 0),  latency: 20.097706666666667
[2m[36m(CompileWorker pid=2719335)[0m  tensor (Large latency) dimensions: (1, 4096, 2048, 2048, 1, 1, 1, 1, 1, 1, 0, 0, 'CONV', 1, 1, 0, 0),  latency: 1.3731352380952382
[2m[36m(CompileWorker pid=2719328)[0m  tensor (Large latency) dimensions: (1, 4096, 7168, 4096, 1, 1, 1, 1, 1, 1, 0, 0, 'CONV', 1, 1, 0, 0),  latency: 10.048853333333334
[2m[36m(CompileWorker pid=2719333)[0m  tensor (Large latency) dimensions: (1, 4096, 4096, 14336, 1, 1, 1, 1, 1, 1, 0, 0, 'CONV', 1, 1, 0, 0),  latency: 20.72185904761905
[2m[36m(CompileWorker pid=2719334)[0m  tensor (Large latency) dimensions: (1, 4096, 2048, 2048, 1, 1, 1, 1, 1, 1, 0, 0, 'CONV', 1, 1, 0, 0),  latency: 1.3731352380952382
[2m[36m(CompileWorker pid=2719332)[0m  tensor (Large latency) dimensions: (1, 14336, 4096, 2048, 1, 1, 1, 1, 1, 1, 0, 0, 'CONV', 1, 1, 0, 0),  latency: 9.611946666666666
[2m[36m(CompileWorker pid=2719329)[0m  tensor (Large latency) dimensions: (1, 4096, 14336, 2048, 1, 1, 1, 1, 1, 1, 0, 0, 'CONV', 1, 1, 0, 0),  latency: 9.611946666666666
[2m[36m(CompileWorker pid=2719330)[0m  tensor (Large latency) dimensions: (1, 4096, 2048, 2048, 1, 1, 1, 1, 1, 1, 0, 0, 'CONV', 1, 1, 0, 0),  latency: 1.3731352380952382
[2m[36m(CompileWorker pid=2719331)[0m  tensor (Large latency) dimensions: (1, 4096, 14336, 4096, 1, 1, 1, 1, 1, 1, 0, 0, 'CONV', 1, 1, 0, 0),  latency: 20.097706666666667
[2m[36m(CompileWorker pid=2719331)[0m compiled for stage:6 name: stage_0_3_acc_grad_1 module id: 1
[2m[36m(CompileWorker pid=2719337)[0m  tensor (Large latency) dimensions: (1, 4096, 4096, 4096, 1, 1, 1, 1, 1, 1, 0, 0, 'CONV', 1, 1, 0, 0),  latency: 5.742201904761905
[2m[36m(CompileWorker pid=2719328)[0m  tensor (Large latency) dimensions: (1, 4096, 4096, 7168, 1, 1, 1, 1, 1, 1, 0, 0, 'CONV', 1, 1, 0, 0),  latency: 10.236099047619048
[2m[36m(CompileWorker pid=2719328)[0m compiled for stage:9 name: stage_0_4_acc_grad_1 module id: 1
[2m[36m(CompileWorker pid=2719329)[0m  tensor (Large latency) dimensions: (1, 4096, 4096, 14336, 1, 1, 1, 1, 1, 1, 0, 0, 'CONV', 1, 1, 0, 0),  latency: 20.72185904761905
[2m[36m(CompileWorker pid=2719329)[0m compiled for stage:8 name: stage_0_4_acc_grad_1 module id: 1
[2m[36m(CompileWorker pid=2719336)[0m  tensor (Large latency) dimensions: (1, 4096, 4096, 4096, 1, 1, 1, 1, 1, 1, 0, 0, 'CONV', 1, 1, 0, 0),  latency: 5.742201904761905
[2m[36m(CompileWorker pid=2719332)[0m  tensor (Large latency) dimensions: (1, 2048, 14336, 14336, 1, 1, 1, 1, 1, 1, 0, 0, 'CONV', 1, 1, 0, 0),  latency: 36.26325333333333
[2m[36m(CompileWorker pid=2719333)[0m  tensor (Large latency) dimensions: (1, 4096, 7168, 4096, 1, 1, 1, 1, 1, 1, 0, 0, 'CONV', 1, 1, 0, 0),  latency: 10.048853333333334
[2m[36m(CompileWorker pid=2719327)[0m  tensor (Large latency) dimensions: (1, 4096, 4096, 4096, 1, 1, 1, 1, 1, 1, 0, 0, 'CONV', 1, 1, 0, 0),  latency: 5.742201904761905
[2m[36m(CompileWorker pid=2719331)[0m  tensor (Large latency) dimensions: (1, 2048, 4096, 4096, 1, 1, 1, 1, 1, 1, 0, 0, 'CONV', 1, 1, 0, 0),  latency: 2.8711009523809525
[2m[36m(CompileWorker pid=2719337)[0m  tensor (Large latency) dimensions: (1, 4096, 4096, 4096, 1, 1, 1, 1, 1, 1, 0, 0, 'CONV', 1, 1, 0, 0),  latency: 5.742201904761905
[2m[36m(CompileWorker pid=2719333)[0m  tensor (Large latency) dimensions: (1, 4096, 4096, 7168, 1, 1, 1, 1, 1, 1, 0, 0, 'CONV', 1, 1, 0, 0),  latency: 10.236099047619048
[2m[36m(CompileWorker pid=2719336)[0m  tensor (Large latency) dimensions: (1, 4096, 4096, 4096, 1, 1, 1, 1, 1, 1, 0, 0, 'CONV', 1, 1, 0, 0),  latency: 5.742201904761905
[2m[36m(CompileWorker pid=2719333)[0m compiled for stage:4 name: stage_0_2_acc_grad_1 module id: 1
[2m[36m(CompileWorker pid=2719332)[0m  tensor (Large latency) dimensions: (1, 4096, 7168, 4096, 1, 1, 1, 1, 1, 1, 0, 0, 'CONV', 1, 1, 0, 0),  latency: 10.048853333333334
[2m[36m(CompileWorker pid=2719329)[0m  tensor (Large latency) dimensions: (1, 14336, 2048, 4096, 1, 1, 1, 1, 1, 1, 0, 0, 'CONV', 1, 1, 0, 0),  latency: 10.048853333333334
[2m[36m(CompileWorker pid=2719327)[0m  tensor (Large latency) dimensions: (1, 4096, 4096, 4096, 1, 1, 1, 1, 1, 1, 0, 0, 'CONV', 1, 1, 0, 0),  latency: 5.742201904761905
[2m[36m(CompileWorker pid=2719337)[0m  tensor (Large latency) dimensions: (1, 14336, 2048, 4096, 1, 1, 1, 1, 1, 1, 0, 0, 'CONV', 1, 1, 0, 0),  latency: 10.048853333333334
[2m[36m(CompileWorker pid=2719335)[0m  tensor (Large latency) dimensions: (1, 4096, 4096, 4096, 1, 1, 1, 1, 1, 1, 0, 0, 'CONV', 1, 1, 0, 0),  latency: 5.742201904761905
[2m[36m(CompileWorker pid=2719334)[0m  tensor (Large latency) dimensions: (1, 4096, 4096, 4096, 1, 1, 1, 1, 1, 1, 0, 0, 'CONV', 1, 1, 0, 0),  latency: 5.742201904761905
[2m[36m(CompileWorker pid=2719328)[0m  tensor (Large latency) dimensions: (1, 14336, 4096, 2048, 1, 1, 1, 1, 1, 1, 0, 0, 'CONV', 1, 1, 0, 0),  latency: 9.611946666666666
[2m[36m(CompileWorker pid=2719336)[0m  tensor (Large latency) dimensions: (1, 14336, 4096, 2048, 1, 1, 1, 1, 1, 1, 0, 0, 'CONV', 1, 1, 0, 0),  latency: 9.611946666666666
[2m[36m(CompileWorker pid=2719331)[0m  tensor (Large latency) dimensions: (1, 4096, 2048, 2048, 1, 1, 1, 1, 1, 1, 0, 0, 'CONV', 1, 1, 0, 0),  latency: 1.3731352380952382
[2m[36m(CompileWorker pid=2719337)[0m  tensor (Large latency) dimensions: (1, 4096, 14336, 14336, 1, 1, 1, 1, 1, 1, 0, 0, 'CONV', 1, 1, 0, 0),  latency: 72.52650666666666
[2m[36m(CompileWorker pid=2719330)[0m  tensor (Large latency) dimensions: (1, 4096, 4096, 4096, 1, 1, 1, 1, 1, 1, 0, 0, 'CONV', 1, 1, 0, 0),  latency: 5.742201904761905
[2m[36m(CompileWorker pid=2719327)[0m  tensor (Large latency) dimensions: (1, 14336, 4096, 2048, 1, 1, 1, 1, 1, 1, 0, 0, 'CONV', 1, 1, 0, 0),  latency: 9.611946666666666
[2m[36m(CompileWorker pid=2719333)[0m  tensor (Large latency) dimensions: (1, 14336, 4096, 2048, 1, 1, 1, 1, 1, 1, 0, 0, 'CONV', 1, 1, 0, 0),  latency: 9.611946666666666
[2m[36m(CompileWorker pid=2719335)[0m  tensor (Large latency) dimensions: (1, 4096, 4096, 4096, 1, 1, 1, 1, 1, 1, 0, 0, 'CONV', 1, 1, 0, 0),  latency: 5.742201904761905
[2m[36m(CompileWorker pid=2719332)[0m  tensor (Large latency) dimensions: (1, 4096, 4096, 4096, 1, 1, 1, 1, 1, 1, 0, 0, 'CONV', 1, 1, 0, 0),  latency: 5.742201904761905
[2m[36m(CompileWorker pid=2719329)[0m  tensor (Large latency) dimensions: (1, 4096, 14336, 14336, 1, 1, 1, 1, 1, 1, 0, 0, 'CONV', 1, 1, 0, 0),  latency: 72.52650666666666
[2m[36m(CompileWorker pid=2719334)[0m  tensor (Large latency) dimensions: (1, 4096, 4096, 4096, 1, 1, 1, 1, 1, 1, 0, 0, 'CONV', 1, 1, 0, 0),  latency: 5.742201904761905
[2m[36m(CompileWorker pid=2719336)[0m  tensor (Large latency) dimensions: (1, 2048, 14336, 14336, 1, 1, 1, 1, 1, 1, 0, 0, 'CONV', 1, 1, 0, 0),  latency: 36.26325333333333
[2m[36m(CompileWorker pid=2719328)[0m  tensor (Large latency) dimensions: (1, 2048, 14336, 14336, 1, 1, 1, 1, 1, 1, 0, 0, 'CONV', 1, 1, 0, 0),  latency: 36.26325333333333
[2m[36m(CompileWorker pid=2719337)[0m  tensor (Large latency) dimensions: (1, 2048, 14336, 4096, 1, 1, 1, 1, 1, 1, 0, 0, 'CONV', 1, 1, 0, 0),  latency: 10.048853333333334
[2m[36m(CompileWorker pid=2719327)[0m  tensor (Large latency) dimensions: (1, 2048, 14336, 14336, 1, 1, 1, 1, 1, 1, 0, 0, 'CONV', 1, 1, 0, 0),  latency: 36.26325333333333
[2m[36m(CompileWorker pid=2719335)[0m  tensor (Large latency) dimensions: (1, 14336, 2048, 4096, 1, 1, 1, 1, 1, 1, 0, 0, 'CONV', 1, 1, 0, 0),  latency: 10.048853333333334
[2m[36m(CompileWorker pid=2719332)[0m  tensor (Large latency) dimensions: (1, 2048, 4096, 4096, 1, 1, 1, 1, 1, 1, 0, 0, 'CONV', 1, 1, 0, 0),  latency: 2.8711009523809525
[2m[36m(CompileWorker pid=2719330)[0m  tensor (Large latency) dimensions: (1, 4096, 4096, 4096, 1, 1, 1, 1, 1, 1, 0, 0, 'CONV', 1, 1, 0, 0),  latency: 5.742201904761905
[2m[36m(CompileWorker pid=2719333)[0m  tensor (Large latency) dimensions: (1, 4096, 14336, 14336, 1, 1, 1, 1, 1, 1, 0, 0, 'CONV', 1, 1, 0, 0),  latency: 72.52650666666666
[2m[36m(CompileWorker pid=2719336)[0m  tensor (Large latency) dimensions: (1, 4096, 7168, 4096, 1, 1, 1, 1, 1, 1, 0, 0, 'CONV', 1, 1, 0, 0),  latency: 10.048853333333334
[2m[36m(CompileWorker pid=2719337)[0m  tensor (Large latency) dimensions: (1, 4096, 4096, 4096, 1, 1, 1, 1, 1, 1, 0, 0, 'CONV', 1, 1, 0, 0),  latency: 5.742201904761905
[2m[36m(CompileWorker pid=2719329)[0m  tensor (Large latency) dimensions: (1, 2048, 14336, 4096, 1, 1, 1, 1, 1, 1, 0, 0, 'CONV', 1, 1, 0, 0),  latency: 10.048853333333334
[2m[36m(CompileWorker pid=2719334)[0m  tensor (Large latency) dimensions: (1, 14336, 4096, 2048, 1, 1, 1, 1, 1, 1, 0, 0, 'CONV', 1, 1, 0, 0),  latency: 9.611946666666666
[2m[36m(CompileWorker pid=2719327)[0m  tensor (Large latency) dimensions: (1, 4096, 7168, 4096, 1, 1, 1, 1, 1, 1, 0, 0, 'CONV', 1, 1, 0, 0),  latency: 10.048853333333334
[2m[36m(CompileWorker pid=2719335)[0m  tensor (Large latency) dimensions: (1, 4096, 14336, 14336, 1, 1, 1, 1, 1, 1, 0, 0, 'CONV', 1, 1, 0, 0),  latency: 72.52650666666666
[2m[36m(CompileWorker pid=2719330)[0m  tensor (Large latency) dimensions: (1, 14336, 4096, 2048, 1, 1, 1, 1, 1, 1, 0, 0, 'CONV', 1, 1, 0, 0),  latency: 9.611946666666666
[2m[36m(CompileWorker pid=2719337)[0m  tensor (Large latency) dimensions: (1, 16000, 4096, 4096, 1, 1, 1, 1, 1, 1, 0, 0, 'CONV', 1, 1, 0, 0),  latency: 22.617721904761904
[2m[36m(CompileWorker pid=2719332)[0m  tensor (Large latency) dimensions: (1, 4096, 2048, 2048, 1, 1, 1, 1, 1, 1, 0, 0, 'CONV', 1, 1, 0, 0),  latency: 1.3731352380952382
[2m[36m(CompileWorker pid=2719327)[0m  tensor (Large latency) dimensions: (1, 14336, 2048, 4096, 1, 1, 1, 1, 1, 1, 0, 0, 'CONV', 1, 1, 0, 0),  latency: 10.048853333333334
[2m[36m(CompileWorker pid=2719328)[0m  tensor (Large latency) dimensions: (1, 4096, 7168, 4096, 1, 1, 1, 1, 1, 1, 0, 0, 'CONV', 1, 1, 0, 0),  latency: 10.048853333333334
[2m[36m(CompileWorker pid=2719336)[0m  tensor (Large latency) dimensions: (1, 4096, 4096, 4096, 1, 1, 1, 1, 1, 1, 0, 0, 'CONV', 1, 1, 0, 0),  latency: 5.742201904761905
[2m[36m(CompileWorker pid=2719334)[0m  tensor (Large latency) dimensions: (1, 2048, 14336, 14336, 1, 1, 1, 1, 1, 1, 0, 0, 'CONV', 1, 1, 0, 0),  latency: 36.26325333333333
[2m[36m(CompileWorker pid=2719333)[0m  tensor (Large latency) dimensions: (1, 4096, 7168, 4096, 1, 1, 1, 1, 1, 1, 0, 0, 'CONV', 1, 1, 0, 0),  latency: 10.048853333333334
[2m[36m(CompileWorker pid=2719335)[0m  tensor (Large latency) dimensions: (1, 2048, 14336, 4096, 1, 1, 1, 1, 1, 1, 0, 0, 'CONV', 1, 1, 0, 0),  latency: 10.048853333333334
[2m[36m(CompileWorker pid=2719331)[0m  tensor (Large latency) dimensions: (1, 4096, 4096, 4096, 1, 1, 1, 1, 1, 1, 0, 0, 'CONV', 1, 1, 0, 0),  latency: 5.742201904761905
[2m[36m(CompileWorker pid=2719330)[0m  tensor (Large latency) dimensions: (1, 2048, 14336, 14336, 1, 1, 1, 1, 1, 1, 0, 0, 'CONV', 1, 1, 0, 0),  latency: 36.26325333333333
[2m[36m(CompileWorker pid=2719327)[0m  tensor (Large latency) dimensions: (1, 4096, 14336, 14336, 1, 1, 1, 1, 1, 1, 0, 0, 'CONV', 1, 1, 0, 0),  latency: 72.52650666666666
[2m[36m(CompileWorker pid=2719336)[0m  tensor (Large latency) dimensions: (1, 16000, 4096, 4096, 1, 1, 1, 1, 1, 1, 0, 0, 'CONV', 1, 1, 0, 0),  latency: 22.617721904761904
[2m[36m(CompileWorker pid=2719329)[0m  tensor (Large latency) dimensions: (1, 4096, 4096, 4096, 1, 1, 1, 1, 1, 1, 0, 0, 'CONV', 1, 1, 0, 0),  latency: 5.742201904761905
[2m[36m(CompileWorker pid=2719334)[0m  tensor (Large latency) dimensions: (1, 4096, 7168, 4096, 1, 1, 1, 1, 1, 1, 0, 0, 'CONV', 1, 1, 0, 0),  latency: 10.048853333333334
[2m[36m(CompileWorker pid=2719335)[0m  tensor (Large latency) dimensions: (1, 4096, 4096, 4096, 1, 1, 1, 1, 1, 1, 0, 0, 'CONV', 1, 1, 0, 0),  latency: 5.742201904761905
[2m[36m(CompileWorker pid=2719333)[0m  tensor (Large latency) dimensions: (1, 4096, 4096, 4096, 1, 1, 1, 1, 1, 1, 0, 0, 'CONV', 1, 1, 0, 0),  latency: 5.742201904761905
[2m[36m(CompileWorker pid=2719327)[0m  tensor (Large latency) dimensions: (1, 2048, 14336, 4096, 1, 1, 1, 1, 1, 1, 0, 0, 'CONV', 1, 1, 0, 0),  latency: 10.048853333333334
[2m[36m(CompileWorker pid=2719328)[0m  tensor (Large latency) dimensions: (1, 4096, 4096, 4096, 1, 1, 1, 1, 1, 1, 0, 0, 'CONV', 1, 1, 0, 0),  latency: 5.742201904761905
[2m[36m(CompileWorker pid=2719330)[0m  tensor (Large latency) dimensions: (1, 4096, 7168, 4096, 1, 1, 1, 1, 1, 1, 0, 0, 'CONV', 1, 1, 0, 0),  latency: 10.048853333333334
[2m[36m(CompileWorker pid=2719331)[0m  tensor (Large latency) dimensions: (1, 4096, 4096, 4096, 1, 1, 1, 1, 1, 1, 0, 0, 'CONV', 1, 1, 0, 0),  latency: 5.742201904761905
[2m[36m(CompileWorker pid=2719334)[0m  tensor (Large latency) dimensions: (1, 4096, 4096, 4096, 1, 1, 1, 1, 1, 1, 0, 0, 'CONV', 1, 1, 0, 0),  latency: 5.742201904761905
[2m[36m(CompileWorker pid=2719329)[0m  tensor (Large latency) dimensions: (1, 2048, 4096, 4096, 1, 1, 1, 1, 1, 1, 0, 0, 'CONV', 1, 1, 0, 0),  latency: 2.8711009523809525
[2m[36m(CompileWorker pid=2719333)[0m  tensor (Large latency) dimensions: (1, 2048, 4096, 4096, 1, 1, 1, 1, 1, 1, 0, 0, 'CONV', 1, 1, 0, 0),  latency: 2.8711009523809525
[2m[36m(CompileWorker pid=2719335)[0m  tensor (Large latency) dimensions: (1, 16000, 4096, 4096, 1, 1, 1, 1, 1, 1, 0, 0, 'CONV', 1, 1, 0, 0),  latency: 22.617721904761904
[2m[36m(CompileWorker pid=2719327)[0m  tensor (Large latency) dimensions: (1, 4096, 4096, 4096, 1, 1, 1, 1, 1, 1, 0, 0, 'CONV', 1, 1, 0, 0),  latency: 5.742201904761905
[2m[36m(CompileWorker pid=2719331)[0m  tensor (Large latency) dimensions: (1, 14336, 2048, 4096, 1, 1, 1, 1, 1, 1, 0, 0, 'CONV', 1, 1, 0, 0),  latency: 10.048853333333334
[2m[36m(CompileWorker pid=2719328)[0m  tensor (Large latency) dimensions: (1, 2048, 4096, 4096, 1, 1, 1, 1, 1, 1, 0, 0, 'CONV', 1, 1, 0, 0),  latency: 2.8711009523809525
[2m[36m(CompileWorker pid=2719337)[0m compiled for stage:12 name: stage_1_2_acc_grad_0 module id: 0
[2m[36m(CompileWorker pid=2719332)[0m  tensor (Large latency) dimensions: (1, 4096, 4096, 4096, 1, 1, 1, 1, 1, 1, 0, 0, 'CONV', 1, 1, 0, 0),  latency: 5.742201904761905
[2m[36m(CompileWorker pid=2719334)[0m  tensor (Large latency) dimensions: (1, 16000, 4096, 4096, 1, 1, 1, 1, 1, 1, 0, 0, 'CONV', 1, 1, 0, 0),  latency: 22.617721904761904
[2m[36m(CompileWorker pid=2719330)[0m  tensor (Large latency) dimensions: (1, 4096, 4096, 4096, 1, 1, 1, 1, 1, 1, 0, 0, 'CONV', 1, 1, 0, 0),  latency: 5.742201904761905
[2m[36m(CompileWorker pid=2719327)[0m  tensor (Large latency) dimensions: (1, 4096, 4096, 4096, 1, 1, 1, 1, 1, 1, 0, 0, 'CONV', 1, 1, 0, 0),  latency: 5.742201904761905
[2m[36m(CompileWorker pid=2719333)[0m  tensor (Large latency) dimensions: (1, 4096, 2048, 2048, 1, 1, 1, 1, 1, 1, 0, 0, 'CONV', 1, 1, 0, 0),  latency: 1.3731352380952382
[2m[36m(CompileWorker pid=2719329)[0m  tensor (Large latency) dimensions: (1, 4096, 2048, 2048, 1, 1, 1, 1, 1, 1, 0, 0, 'CONV', 1, 1, 0, 0),  latency: 1.3731352380952382
[2m[36m(CompileWorker pid=2719331)[0m  tensor (Large latency) dimensions: (1, 4096, 14336, 14336, 1, 1, 1, 1, 1, 1, 0, 0, 'CONV', 1, 1, 0, 0),  latency: 72.52650666666666
[2m[36m(CompileWorker pid=2719330)[0m  tensor (Large latency) dimensions: (1, 16000, 4096, 4096, 1, 1, 1, 1, 1, 1, 0, 0, 'CONV', 1, 1, 0, 0),  latency: 22.617721904761904
[2m[36m(CompileWorker pid=2719336)[0m compiled for stage:13 name: stage_1_2_acc_grad_0 module id: 0
[2m[36m(CompileWorker pid=2719337)[0m  tensor (Large latency) dimensions: (1, 4096, 7168, 4096, 1, 1, 1, 1, 1, 1, 0, 0, 'CONV', 1, 1, 0, 0),  latency: 10.048853333333334
[2m[36m(CompileWorker pid=2719336)[0m compiled for stage:13 name: stage_1_2_acc_grad_1 module id: 1
[2m[36m(CompileWorker pid=2719328)[0m  tensor (Large latency) dimensions: (1, 4096, 2048, 2048, 1, 1, 1, 1, 1, 1, 0, 0, 'CONV', 1, 1, 0, 0),  latency: 1.3731352380952382
[2m[36m(CompileWorker pid=2719332)[0m  tensor (Large latency) dimensions: (1, 4096, 4096, 4096, 1, 1, 1, 1, 1, 1, 0, 0, 'CONV', 1, 1, 0, 0),  latency: 5.742201904761905
[2m[36m(CompileWorker pid=2719337)[0m  tensor (Large latency) dimensions: (1, 4096, 4096, 7168, 1, 1, 1, 1, 1, 1, 0, 0, 'CONV', 1, 1, 0, 0),  latency: 10.236099047619048
[2m[36m(CompileWorker pid=2719337)[0m compiled for stage:12 name: stage_1_2_acc_grad_1 module id: 1
[2m[36m(CompileWorker pid=2719331)[0m  tensor (Large latency) dimensions: (1, 2048, 14336, 4096, 1, 1, 1, 1, 1, 1, 0, 0, 'CONV', 1, 1, 0, 0),  latency: 10.048853333333334
[2m[36m(CompileWorker pid=2719335)[0m compiled for stage:14 name: stage_1_3_acc_grad_0 module id: 0
[2m[36m(CompileWorker pid=2719332)[0m  tensor (Large latency) dimensions: (1, 16000, 4096, 4096, 1, 1, 1, 1, 1, 1, 0, 0, 'CONV', 1, 1, 0, 0),  latency: 22.617721904761904
[2m[36m(CompileWorker pid=2719336)[0m compiled for stage:18 name: stage_2_2_acc_grad_0 module id: 0
[2m[36m(CompileWorker pid=2719337)[0m  tensor (Large latency) dimensions: (1, 14336, 4096, 2048, 1, 1, 1, 1, 1, 1, 0, 0, 'CONV', 1, 1, 0, 0),  latency: 9.611946666666666
[2m[36m(CompileWorker pid=2719331)[0m  tensor (Large latency) dimensions: (1, 4096, 7168, 4096, 1, 1, 1, 1, 1, 1, 0, 0, 'CONV', 1, 1, 0, 0),  latency: 10.048853333333334
[2m[36m(CompileWorker pid=2719335)[0m  tensor (Large latency) dimensions: (1, 4096, 7168, 4096, 1, 1, 1, 1, 1, 1, 0, 0, 'CONV', 1, 1, 0, 0),  latency: 10.048853333333334
[2m[36m(CompileWorker pid=2719334)[0m compiled for stage:15 name: stage_1_3_acc_grad_0 module id: 0
[2m[36m(CompileWorker pid=2719332)[0m compiled for stage:19 name: stage_2_2_acc_grad_0 module id: 0
[2m[36m(CompileWorker pid=2719334)[0m compiled for stage:15 name: stage_1_3_acc_grad_1 module id: 1
[2m[36m(CompileWorker pid=2719333)[0m  tensor (Large latency) dimensions: (1, 4096, 4096, 4096, 1, 1, 1, 1, 1, 1, 0, 0, 'CONV', 1, 1, 0, 0),  latency: 5.742201904761905
[2m[36m(CompileWorker pid=2719336)[0m  tensor (Large latency) dimensions: (1, 4096, 14336, 2048, 1, 1, 1, 1, 1, 1, 0, 0, 'CONV', 1, 1, 0, 0),  latency: 9.611946666666666
[2m[36m(CompileWorker pid=2719337)[0m  tensor (Large latency) dimensions: (1, 2048, 14336, 14336, 1, 1, 1, 1, 1, 1, 0, 0, 'CONV', 1, 1, 0, 0),  latency: 36.26325333333333
[2m[36m(CompileWorker pid=2719335)[0m  tensor (Large latency) dimensions: (1, 4096, 4096, 7168, 1, 1, 1, 1, 1, 1, 0, 0, 'CONV', 1, 1, 0, 0),  latency: 10.236099047619048
[2m[36m(CompileWorker pid=2719335)[0m compiled for stage:14 name: stage_1_3_acc_grad_1 module id: 1
[2m[36m(CompileWorker pid=2719336)[0m  tensor (Large latency) dimensions: (1, 4096, 4096, 14336, 1, 1, 1, 1, 1, 1, 0, 0, 'CONV', 1, 1, 0, 0),  latency: 20.72185904761905
[2m[36m(CompileWorker pid=2719331)[0m  tensor (Large latency) dimensions: (1, 4096, 4096, 4096, 1, 1, 1, 1, 1, 1, 0, 0, 'CONV', 1, 1, 0, 0),  latency: 5.742201904761905
[2m[36m(CompileWorker pid=2719332)[0m  tensor (Large latency) dimensions: (1, 2048, 14336, 4096, 1, 1, 1, 1, 1, 1, 0, 0, 'CONV', 1, 1, 0, 0),  latency: 10.048853333333334
[2m[36m(CompileWorker pid=2719329)[0m  tensor (Large latency) dimensions: (1, 4096, 4096, 4096, 1, 1, 1, 1, 1, 1, 0, 0, 'CONV', 1, 1, 0, 0),  latency: 5.742201904761905
[2m[36m(CompileWorker pid=2719337)[0m  tensor (Large latency) dimensions: (1, 4096, 7168, 4096, 1, 1, 1, 1, 1, 1, 0, 0, 'CONV', 1, 1, 0, 0),  latency: 10.048853333333334
[2m[36m(CompileWorker pid=2719333)[0m  tensor (Large latency) dimensions: (1, 4096, 4096, 4096, 1, 1, 1, 1, 1, 1, 0, 0, 'CONV', 1, 1, 0, 0),  latency: 5.742201904761905
[2m[36m(CompileWorker pid=2719334)[0m compiled for stage:20 name: stage_2_3_acc_grad_0 module id: 0
[2m[36m(CompileWorker pid=2719332)[0m  tensor (Large latency) dimensions: (1, 4096, 4096, 14336, 1, 1, 1, 1, 1, 1, 0, 0, 'CONV', 1, 1, 0, 0),  latency: 20.72185904761905
[2m[36m(CompileWorker pid=2719336)[0m  tensor (Large latency) dimensions: (1, 2048, 14336, 4096, 1, 1, 1, 1, 1, 1, 0, 0, 'CONV', 1, 1, 0, 0),  latency: 10.048853333333334
[2m[36m(CompileWorker pid=2719335)[0m  tensor (Large latency) dimensions: (1, 14336, 4096, 2048, 1, 1, 1, 1, 1, 1, 0, 0, 'CONV', 1, 1, 0, 0),  latency: 9.611946666666666
[2m[36m(CompileWorker pid=2719336)[0m compiled for stage:18 name: stage_2_2_acc_grad_1 module id: 1
[2m[36m(CompileWorker pid=2719327)[0m compiled for stage:16 name: stage_1_4_acc_grad_0 module id: 0
[2m[36m(CompileWorker pid=2719327)[0m compiled for stage:16 name: stage_1_4_acc_grad_1 module id: 1
[2m[36m(CompileWorker pid=2719328)[0m  tensor (Large latency) dimensions: (1, 4096, 4096, 4096, 1, 1, 1, 1, 1, 1, 0, 0, 'CONV', 1, 1, 0, 0),  latency: 5.742201904761905
[2m[36m(CompileWorker pid=2719331)[0m  tensor (Large latency) dimensions: (1, 4096, 4096, 4096, 1, 1, 1, 1, 1, 1, 0, 0, 'CONV', 1, 1, 0, 0),  latency: 5.742201904761905
[2m[36m(CompileWorker pid=2719333)[0m  tensor (Large latency) dimensions: (1, 14336, 2048, 4096, 1, 1, 1, 1, 1, 1, 0, 0, 'CONV', 1, 1, 0, 0),  latency: 10.048853333333334
[2m[36m(CompileWorker pid=2719337)[0m  tensor (Large latency) dimensions: (1, 4096, 4096, 4096, 1, 1, 1, 1, 1, 1, 0, 0, 'CONV', 1, 1, 0, 0),  latency: 5.742201904761905
[2m[36m(CompileWorker pid=2719335)[0m  tensor (Large latency) dimensions: (1, 2048, 14336, 14336, 1, 1, 1, 1, 1, 1, 0, 0, 'CONV', 1, 1, 0, 0),  latency: 36.26325333333333
[2m[36m(CompileWorker pid=2719334)[0m  tensor (Large latency) dimensions: (1, 4096, 14336, 2048, 1, 1, 1, 1, 1, 1, 0, 0, 'CONV', 1, 1, 0, 0),  latency: 9.611946666666666
[2m[36m(CompileWorker pid=2719336)[0m  tensor (Large latency) dimensions: (1, 4096, 14336, 2048, 1, 1, 1, 1, 1, 1, 0, 0, 'CONV', 1, 1, 0, 0),  latency: 9.611946666666666
[2m[36m(CompileWorker pid=2719329)[0m  tensor (Large latency) dimensions: (1, 4096, 4096, 4096, 1, 1, 1, 1, 1, 1, 0, 0, 'CONV', 1, 1, 0, 0),  latency: 5.742201904761905
[2m[36m(CompileWorker pid=2719332)[0m  tensor (Large latency) dimensions: (1, 4096, 14336, 2048, 1, 1, 1, 1, 1, 1, 0, 0, 'CONV', 1, 1, 0, 0),  latency: 9.611946666666666
[2m[36m(CompileWorker pid=2719332)[0m compiled for stage:19 name: stage_2_2_acc_grad_1 module id: 1
[2m[36m(CompileWorker pid=2719333)[0m  tensor (Large latency) dimensions: (1, 4096, 14336, 14336, 1, 1, 1, 1, 1, 1, 0, 0, 'CONV', 1, 1, 0, 0),  latency: 72.52650666666666
[2m[36m(CompileWorker pid=2719330)[0m compiled for stage:17 name: stage_1_4_acc_grad_0 module id: 0
[2m[36m(CompileWorker pid=2719334)[0m  tensor (Large latency) dimensions: (1, 4096, 4096, 14336, 1, 1, 1, 1, 1, 1, 0, 0, 'CONV', 1, 1, 0, 0),  latency: 20.72185904761905
[2m[36m(CompileWorker pid=2719334)[0m compiled for stage:20 name: stage_2_3_acc_grad_1 module id: 1
[2m[36m(CompileWorker pid=2719331)[0m  tensor (Large latency) dimensions: (1, 16000, 4096, 4096, 1, 1, 1, 1, 1, 1, 0, 0, 'CONV', 1, 1, 0, 0),  latency: 22.617721904761904
[2m[36m(CompileWorker pid=2719330)[0m compiled for stage:17 name: stage_1_4_acc_grad_1 module id: 1
[2m[36m(CompileWorker pid=2719327)[0m compiled for stage:21 name: stage_2_3_acc_grad_0 module id: 0
[2m[36m(CompileWorker pid=2719336)[0m  tensor (Large latency) dimensions: (1, 14336, 2048, 4096, 1, 1, 1, 1, 1, 1, 0, 0, 'CONV', 1, 1, 0, 0),  latency: 10.048853333333334
[2m[36m(CompileWorker pid=2719327)[0m compiled for stage:21 name: stage_2_3_acc_grad_1 module id: 1
[2m[36m(CompileWorker pid=2719335)[0m  tensor (Large latency) dimensions: (1, 4096, 7168, 4096, 1, 1, 1, 1, 1, 1, 0, 0, 'CONV', 1, 1, 0, 0),  latency: 10.048853333333334
[2m[36m(CompileWorker pid=2719328)[0m  tensor (Large latency) dimensions: (1, 4096, 4096, 4096, 1, 1, 1, 1, 1, 1, 0, 0, 'CONV', 1, 1, 0, 0),  latency: 5.742201904761905
[2m[36m(CompileWorker pid=2719327)[0m compiled for stage:24 name: stage_3_3_acc_grad_0 module id: 0
[2m[36m(CompileWorker pid=2719327)[0m compiled for stage:24 name: stage_3_3_acc_grad_1 module id: 1
[2m[36m(CompileWorker pid=2719330)[0m compiled for stage:25 name: stage_3_3_acc_grad_0 module id: 0
[2m[36m(CompileWorker pid=2719330)[0m compiled for stage:25 name: stage_3_3_acc_grad_1 module id: 1
[2m[36m(CompileWorker pid=2719332)[0m  tensor (Large latency) dimensions: (1, 14336, 2048, 4096, 1, 1, 1, 1, 1, 1, 0, 0, 'CONV', 1, 1, 0, 0),  latency: 10.048853333333334
[2m[36m(CompileWorker pid=2719334)[0m  tensor (Large latency) dimensions: (1, 14336, 2048, 4096, 1, 1, 1, 1, 1, 1, 0, 0, 'CONV', 1, 1, 0, 0),  latency: 10.048853333333334
[2m[36m(CompileWorker pid=2719329)[0m  tensor (Large latency) dimensions: (1, 16000, 4096, 4096, 1, 1, 1, 1, 1, 1, 0, 0, 'CONV', 1, 1, 0, 0),  latency: 22.617721904761904
[2m[36m(CompileWorker pid=2719336)[0m  tensor (Large latency) dimensions: (1, 4096, 14336, 14336, 1, 1, 1, 1, 1, 1, 0, 0, 'CONV', 1, 1, 0, 0),  latency: 72.52650666666666
[2m[36m(CompileWorker pid=2719333)[0m  tensor (Large latency) dimensions: (1, 2048, 14336, 4096, 1, 1, 1, 1, 1, 1, 0, 0, 'CONV', 1, 1, 0, 0),  latency: 10.048853333333334
[2m[36m(CompileWorker pid=2719335)[0m  tensor (Large latency) dimensions: (1, 4096, 4096, 4096, 1, 1, 1, 1, 1, 1, 0, 0, 'CONV', 1, 1, 0, 0),  latency: 5.742201904761905
[2m[36m(CompileWorker pid=2719332)[0m  tensor (Large latency) dimensions: (1, 4096, 14336, 14336, 1, 1, 1, 1, 1, 1, 0, 0, 'CONV', 1, 1, 0, 0),  latency: 72.52650666666666
[2m[36m(CompileWorker pid=2719328)[0m  tensor (Large latency) dimensions: (1, 16000, 4096, 4096, 1, 1, 1, 1, 1, 1, 0, 0, 'CONV', 1, 1, 0, 0),  latency: 22.617721904761904
[2m[36m(CompileWorker pid=2719334)[0m  tensor (Large latency) dimensions: (1, 4096, 14336, 14336, 1, 1, 1, 1, 1, 1, 0, 0, 'CONV', 1, 1, 0, 0),  latency: 72.52650666666666
[2m[36m(CompileWorker pid=2719336)[0m  tensor (Large latency) dimensions: (1, 2048, 14336, 4096, 1, 1, 1, 1, 1, 1, 0, 0, 'CONV', 1, 1, 0, 0),  latency: 10.048853333333334
[2m[36m(CompileWorker pid=2719337)[0m compiled for stage:22 name: stage_2_4_acc_grad_0 module id: 0
[2m[36m(CompileWorker pid=2719337)[0m compiled for stage:22 name: stage_2_4_acc_grad_1 module id: 1
[2m[36m(CompileWorker pid=2719333)[0m  tensor (Large latency) dimensions: (1, 4096, 4096, 4096, 1, 1, 1, 1, 1, 1, 0, 0, 'CONV', 1, 1, 0, 0),  latency: 5.742201904761905
[2m[36m(CompileWorker pid=2719332)[0m  tensor (Large latency) dimensions: (1, 2048, 14336, 4096, 1, 1, 1, 1, 1, 1, 0, 0, 'CONV', 1, 1, 0, 0),  latency: 10.048853333333334
[2m[36m(CompileWorker pid=2719336)[0m  tensor (Large latency) dimensions: (1, 2048, 4096, 4096, 1, 1, 1, 1, 1, 1, 0, 0, 'CONV', 1, 1, 0, 0),  latency: 2.8711009523809525
[2m[36m(CompileWorker pid=2719334)[0m  tensor (Large latency) dimensions: (1, 2048, 14336, 4096, 1, 1, 1, 1, 1, 1, 0, 0, 'CONV', 1, 1, 0, 0),  latency: 10.048853333333334
[2m[36m(CompileWorker pid=2719333)[0m  tensor (Large latency) dimensions: (1, 16000, 4096, 4096, 1, 1, 1, 1, 1, 1, 0, 0, 'CONV', 1, 1, 0, 0),  latency: 22.617721904761904
[2m[36m(CompileWorker pid=2719336)[0m  tensor (Large latency) dimensions: (1, 4096, 2048, 2048, 1, 1, 1, 1, 1, 1, 0, 0, 'CONV', 1, 1, 0, 0),  latency: 1.3731352380952382
[2m[36m(CompileWorker pid=2719334)[0m  tensor (Large latency) dimensions: (1, 4096, 4096, 4096, 1, 1, 1, 1, 1, 1, 0, 0, 'CONV', 1, 1, 0, 0),  latency: 5.742201904761905
[2m[36m(CompileWorker pid=2719332)[0m  tensor (Large latency) dimensions: (1, 4096, 14336, 2048, 1, 1, 1, 1, 1, 1, 0, 0, 'CONV', 1, 1, 0, 0),  latency: 9.611946666666666
[2m[36m(CompileWorker pid=2719332)[0m  tensor (Large latency) dimensions: (1, 4096, 2048, 2048, 1, 1, 1, 1, 1, 1, 0, 0, 'CONV', 1, 1, 0, 0),  latency: 1.3731352380952382
[2m[36m(CompileWorker pid=2719332)[0m  tensor (Large latency) dimensions: (1, 2048, 4096, 4096, 1, 1, 1, 1, 1, 1, 0, 0, 'CONV', 1, 1, 0, 0),  latency: 2.8711009523809525
[2m[36m(CompileWorker pid=2719327)[0m compiled for stage:26 name: stage_3_4_acc_grad_0 module id: 0
[2m[36m(CompileWorker pid=2719327)[0m  tensor (Large latency) dimensions: (1, 4096, 14336, 4096, 1, 1, 1, 1, 1, 1, 0, 0, 'CONV', 1, 1, 0, 0),  latency: 20.097706666666667
[2m[36m(CompileWorker pid=2719327)[0m compiled for stage:26 name: stage_3_4_acc_grad_1 module id: 1
[2m[36m(CompileWorker pid=2719331)[0m compiled for stage:23 name: stage_2_4_acc_grad_0 module id: 0
[2m[36m(CompileWorker pid=2719330)[0m compiled for stage:27 name: stage_3_4_acc_grad_0 module id: 0
[2m[36m(CompileWorker pid=2719330)[0m compiled for stage:27 name: stage_3_4_acc_grad_1 module id: 1
[2m[36m(CompileWorker pid=2719329)[0m compiled for stage:28 name: stage_4_4_acc_grad_0 module id: 0
[2m[36m(CompileWorker pid=2719335)[0m compiled for stage:29 name: stage_4_4_acc_grad_0 module id: 0
[2m[36m(CompileWorker pid=2719331)[0m  tensor (Large latency) dimensions: (1, 4096, 7168, 4096, 1, 1, 1, 1, 1, 1, 0, 0, 'CONV', 1, 1, 0, 0),  latency: 10.048853333333334
[2m[36m(CompileWorker pid=2719335)[0m  tensor (Large latency) dimensions: (1, 2048, 14336, 4096, 1, 1, 1, 1, 1, 1, 0, 0, 'CONV', 1, 1, 0, 0),  latency: 10.048853333333334
[2m[36m(CompileWorker pid=2719331)[0m  tensor (Large latency) dimensions: (1, 4096, 4096, 7168, 1, 1, 1, 1, 1, 1, 0, 0, 'CONV', 1, 1, 0, 0),  latency: 10.236099047619048
[2m[36m(CompileWorker pid=2719329)[0m  tensor (Large latency) dimensions: (1, 2048, 14336, 4096, 1, 1, 1, 1, 1, 1, 0, 0, 'CONV', 1, 1, 0, 0),  latency: 10.048853333333334
[2m[36m(CompileWorker pid=2719335)[0m compiled for stage:29 name: stage_4_4_acc_grad_1 module id: 1
[2m[36m(CompileWorker pid=2719331)[0m compiled for stage:23 name: stage_2_4_acc_grad_1 module id: 1
[2m[36m(CompileWorker pid=2719329)[0m compiled for stage:28 name: stage_4_4_acc_grad_1 module id: 1
[2m[36m(CompileWorker pid=2719335)[0m  tensor (Large latency) dimensions: (1, 4096, 14336, 2048, 1, 1, 1, 1, 1, 1, 0, 0, 'CONV', 1, 1, 0, 0),  latency: 9.611946666666666
[2m[36m(CompileWorker pid=2719331)[0m  tensor (Large latency) dimensions: (1, 14336, 4096, 2048, 1, 1, 1, 1, 1, 1, 0, 0, 'CONV', 1, 1, 0, 0),  latency: 9.611946666666666
[2m[36m(CompileWorker pid=2719329)[0m  tensor (Large latency) dimensions: (1, 14336, 4096, 2048, 1, 1, 1, 1, 1, 1, 0, 0, 'CONV', 1, 1, 0, 0),  latency: 9.611946666666666
[2m[36m(CompileWorker pid=2719335)[0m  tensor (Large latency) dimensions: (1, 4096, 2048, 2048, 1, 1, 1, 1, 1, 1, 0, 0, 'CONV', 1, 1, 0, 0),  latency: 1.3731352380952382
[2m[36m(CompileWorker pid=2719331)[0m  tensor (Large latency) dimensions: (1, 2048, 14336, 14336, 1, 1, 1, 1, 1, 1, 0, 0, 'CONV', 1, 1, 0, 0),  latency: 36.26325333333333
[2m[36m(CompileWorker pid=2719335)[0m  tensor (Large latency) dimensions: (1, 2048, 4096, 4096, 1, 1, 1, 1, 1, 1, 0, 0, 'CONV', 1, 1, 0, 0),  latency: 2.8711009523809525
[2m[36m(CompileWorker pid=2719329)[0m  tensor (Large latency) dimensions: (1, 2048, 14336, 14336, 1, 1, 1, 1, 1, 1, 0, 0, 'CONV', 1, 1, 0, 0),  latency: 36.26325333333333
[2m[36m(CompileWorker pid=2719329)[0m  tensor (Large latency) dimensions: (1, 4096, 14336, 2048, 1, 1, 1, 1, 1, 1, 0, 0, 'CONV', 1, 1, 0, 0),  latency: 9.611946666666666
[2m[36m(CompileWorker pid=2719329)[0m  tensor (Large latency) dimensions: (1, 2048, 4096, 4096, 1, 1, 1, 1, 1, 1, 0, 0, 'CONV', 1, 1, 0, 0),  latency: 2.8711009523809525
[2m[36m(CompileWorker pid=2719329)[0m  tensor (Large latency) dimensions: (1, 4096, 2048, 2048, 1, 1, 1, 1, 1, 1, 0, 0, 'CONV', 1, 1, 0, 0),  latency: 1.3731352380952382
[2m[36m(CompileWorker pid=2751200)[0m compiled for stage:11 name: stage_1_1_acc_grad_0 module id: 0
[2m[36m(CompileWorker pid=2751200)[0m  tensor (Large latency) dimensions: (1, 4096, 7168, 4096, 1, 1, 1, 1, 1, 1, 0, 0, 'CONV', 1, 1, 0, 0),  latency: 10.048853333333334
[2m[36m(CompileWorker pid=2751200)[0m  tensor (Large latency) dimensions: (1, 4096, 4096, 7168, 1, 1, 1, 1, 1, 1, 0, 0, 'CONV', 1, 1, 0, 0),  latency: 10.236099047619048
[2m[36m(CompileWorker pid=2751200)[0m  tensor (Large latency) dimensions: (1, 4096, 2048, 4096, 1, 1, 1, 1, 1, 1, 0, 0, 'CONV', 1, 1, 0, 0),  latency: 2.8711009523809525
[2m[36m(CompileWorker pid=2751200)[0m  tensor (Large latency) dimensions: (1, 4096, 4096, 2048, 1, 1, 1, 1, 1, 1, 0, 0, 'CONV', 1, 1, 0, 0),  latency: 2.7462704761904764
[2m[36m(CompileWorker pid=2751200)[0m compiled for stage:11 name: stage_1_1_acc_grad_1 module id: 1
[2m[36m(CompileWorker pid=2751200)[0m  tensor (Large latency) dimensions: (1, 2048, 4096, 4096, 1, 1, 1, 1, 1, 1, 0, 0, 'CONV', 1, 1, 0, 0),  latency: 2.8711009523809525
[2m[36m(CompileWorker pid=2751200)[0m  tensor (Large latency) dimensions: (1, 4096, 2048, 2048, 1, 1, 1, 1, 1, 1, 0, 0, 'CONV', 1, 1, 0, 0),  latency: 1.3731352380952382
[2m[36m(CompileWorker pid=2751200)[0m  tensor (Large latency) dimensions: (1, 4096, 4096, 4096, 1, 1, 1, 1, 1, 1, 0, 0, 'CONV', 1, 1, 0, 0),  latency: 5.742201904761905
[2m[36m(CompileWorker pid=2751200)[0m  tensor (Large latency) dimensions: (1, 4096, 4096, 4096, 1, 1, 1, 1, 1, 1, 0, 0, 'CONV', 1, 1, 0, 0),  latency: 5.742201904761905
[2m[36m(CompileWorker pid=2751200)[0m  tensor (Large latency) dimensions: (1, 14336, 4096, 2048, 1, 1, 1, 1, 1, 1, 0, 0, 'CONV', 1, 1, 0, 0),  latency: 9.611946666666666
[2m[36m(CompileWorker pid=2751200)[0m  tensor (Large latency) dimensions: (1, 2048, 14336, 14336, 1, 1, 1, 1, 1, 1, 0, 0, 'CONV', 1, 1, 0, 0),  latency: 36.26325333333333
[2m[36m(CompileWorker pid=2751200)[0m  tensor (Large latency) dimensions: (1, 4096, 7168, 4096, 1, 1, 1, 1, 1, 1, 0, 0, 'CONV', 1, 1, 0, 0),  latency: 10.048853333333334
- parse estimation results for all stages
[2m[36m(CompileWorker pid=2751200)[0m  tensor (Large latency) dimensions: (1, 4096, 4096, 4096, 1, 1, 1, 1, 1, 1, 0, 0, 'CONV', 1, 1, 0, 0),  latency: 5.742201904761905
Using pre computed peak Mem for (0, 0, 1, 0), module 0
result[(0, 0, 1, 0), 0] = ModuleProfileResult(compute_cost=484.187, peak_memory=5.600 GB, invar_size=1.513 GB, outvar_size=12.499 GB, temp_buffer_size=-8.411 GB, available_memory=64.000 GB, comm_cost=2.406)
Using pre computed peak Mem for (0, 0, 1, 0), module 1
result[(0, 0, 1, 0), 1] = ModuleProfileResult(compute_cost=1035.728, peak_memory=6.500 GB, invar_size=13.011 GB, outvar_size=1.513 GB, temp_buffer_size=-6.511 GB, available_memory=64.000 GB, comm_cost=6.664)
result[(0, 0, 1, 1), 0] = ModuleProfileResult(compute_cost=378.424, peak_memory=13.261 GB, invar_size=1.950 GB, outvar_size=10.311 GB, temp_buffer_size=1.000 GB, available_memory=64.000 GB, comm_cost=0.626)
result[(0, 0, 1, 1), 1] = ModuleProfileResult(compute_cost=735.010, peak_memory=13.175 GB, invar_size=11.261 GB, outvar_size=1.950 GB, temp_buffer_size=1.914 GB, available_memory=64.000 GB, comm_cost=3.915)
Using pre computed peak Mem for (0, 1, 1, 0), module 0
result[(0, 1, 1, 0), 0] = ModuleProfileResult(compute_cost=897.193, peak_memory=11.200 GB, invar_size=2.864 GB, outvar_size=21.898 GB, temp_buffer_size=-13.562 GB, available_memory=64.000 GB, comm_cost=4.370)
Using pre computed peak Mem for (0, 1, 1, 0), module 1
result[(0, 1, 1, 0), 1] = ModuleProfileResult(compute_cost=2010.004, peak_memory=13.000 GB, invar_size=23.762 GB, outvar_size=2.864 GB, temp_buffer_size=-10.762 GB, available_memory=64.000 GB, comm_cost=13.266)
result[(0, 1, 1, 1), 0] = ModuleProfileResult(compute_cost=685.666, peak_memory=22.262 GB, invar_size=3.739 GB, outvar_size=17.523 GB, temp_buffer_size=1.000 GB, available_memory=64.000 GB, comm_cost=0.811)
result[(0, 1, 1, 1), 1] = ModuleProfileResult(compute_cost=1408.567, peak_memory=24.516 GB, invar_size=20.262 GB, outvar_size=3.739 GB, temp_buffer_size=4.254 GB, available_memory=64.000 GB, comm_cost=7.769)
Using pre computed peak Mem for (0, 2, 1, 0), module 0
result[(0, 2, 1, 0), 0] = ModuleProfileResult(compute_cost=1201.483, peak_memory=16.800 GB, invar_size=4.614 GB, outvar_size=27.195 GB, temp_buffer_size=-15.010 GB, available_memory=64.000 GB, comm_cost=5.071)
Using pre computed peak Mem for (0, 2, 1, 0), module 1
result[(0, 2, 1, 0), 1] = ModuleProfileResult(compute_cost=2936.008, peak_memory=19.500 GB, invar_size=30.809 GB, outvar_size=4.614 GB, temp_buffer_size=-11.309 GB, available_memory=64.000 GB, comm_cost=17.990)
result[(0, 2, 1, 1), 0] = ModuleProfileResult(compute_cost=957.961, peak_memory=29.310 GB, invar_size=5.489 GB, outvar_size=22.820 GB, temp_buffer_size=1.000 GB, available_memory=64.000 GB, comm_cost=0.975)
result[(0, 2, 1, 1), 1] = ModuleProfileResult(compute_cost=2043.422, peak_memory=33.462 GB, invar_size=27.309 GB, outvar_size=5.489 GB, temp_buffer_size=6.152 GB, available_memory=64.000 GB, comm_cost=11.450)
Using pre computed peak Mem for (0, 3, 1, 0), module 0
result[(0, 3, 1, 0), 0] = ModuleProfileResult(compute_cost=1448.968, peak_memory=22.400 GB, invar_size=4.216 GB, outvar_size=30.360 GB, temp_buffer_size=-12.176 GB, available_memory=64.000 GB, comm_cost=8.664)
Using pre computed peak Mem for (0, 3, 1, 0), module 1
result[(0, 3, 1, 0), 1] = ModuleProfileResult(compute_cost=2982.067, peak_memory=26.000 GB, invar_size=34.576 GB, outvar_size=4.216 GB, temp_buffer_size=-8.576 GB, available_memory=64.000 GB, comm_cost=17.531)
result[(0, 3, 1, 1), 0] = ModuleProfileResult(compute_cost=993.033, peak_memory=30.326 GB, invar_size=5.528 GB, outvar_size=23.797 GB, temp_buffer_size=1.000 GB, available_memory=64.000 GB, comm_cost=0.995)
result[(0, 3, 1, 1), 1] = ModuleProfileResult(compute_cost=2082.249, peak_memory=35.302 GB, invar_size=29.326 GB, outvar_size=5.528 GB, temp_buffer_size=5.977 GB, available_memory=64.000 GB, comm_cost=11.623)
Using pre computed peak Mem for (0, 4, 1, 0), module 0
result[(0, 4, 1, 0), 0] = ModuleProfileResult(compute_cost=1689.006, peak_memory=28.000 GB, invar_size=5.528 GB, outvar_size=37.907 GB, temp_buffer_size=-15.436 GB, available_memory=64.000 GB, comm_cost=8.277)
Using pre computed peak Mem for (0, 4, 1, 0), module 1
result[(0, 4, 1, 0), 1] = ModuleProfileResult(compute_cost=3920.839, peak_memory=32.500 GB, invar_size=43.436 GB, outvar_size=5.528 GB, temp_buffer_size=-10.936 GB, available_memory=64.000 GB, comm_cost=26.408)
result[(0, 4, 1, 1), 0] = ModuleProfileResult(compute_cost=1265.953, peak_memory=37.436 GB, invar_size=7.278 GB, outvar_size=29.157 GB, temp_buffer_size=1.000 GB, available_memory=64.000 GB, comm_cost=1.159)
result[(0, 4, 1, 1), 1] = ModuleProfileResult(compute_cost=2717.965, peak_memory=44.393 GB, invar_size=36.436 GB, outvar_size=7.278 GB, temp_buffer_size=7.957 GB, available_memory=64.000 GB, comm_cost=15.416)
Using pre computed peak Mem for (1, 1, 1, 0), module 0
result[(1, 1, 1, 0), 0] = ModuleProfileResult(compute_cost=320.863, peak_memory=5.600 GB, invar_size=2.797 GB, outvar_size=7.485 GB, temp_buffer_size=-4.682 GB, available_memory=64.000 GB, comm_cost=0.807)
Using pre computed peak Mem for (1, 1, 1, 0), module 1
result[(1, 1, 1, 0), 1] = ModuleProfileResult(compute_cost=711.147, peak_memory=6.500 GB, invar_size=9.282 GB, outvar_size=1.797 GB, temp_buffer_size=-2.845 GB, available_memory=64.000 GB, comm_cost=4.197)
result[(1, 1, 1, 1), 0] = ModuleProfileResult(compute_cost=307.642, peak_memory=11.063 GB, invar_size=2.852 GB, outvar_size=7.212 GB, temp_buffer_size=1.000 GB, available_memory=64.000 GB, comm_cost=0.585)
result[(1, 1, 1, 1), 1] = ModuleProfileResult(compute_cost=673.557, peak_memory=10.985 GB, invar_size=9.063 GB, outvar_size=1.852 GB, temp_buffer_size=1.859 GB, available_memory=64.000 GB, comm_cost=3.854)
Using pre computed peak Mem for (1, 2, 1, 0), module 0
result[(1, 2, 1, 0), 0] = ModuleProfileResult(compute_cost=593.158, peak_memory=11.200 GB, invar_size=4.547 GB, outvar_size=12.783 GB, temp_buffer_size=-6.129 GB, available_memory=64.000 GB, comm_cost=0.971)
Using pre computed peak Mem for (1, 2, 1, 0), module 1
result[(1, 2, 1, 0), 1] = ModuleProfileResult(compute_cost=1346.002, peak_memory=13.000 GB, invar_size=16.329 GB, outvar_size=3.547 GB, temp_buffer_size=-3.392 GB, available_memory=64.000 GB, comm_cost=7.878)
result[(1, 2, 1, 1), 0] = ModuleProfileResult(compute_cost=579.938, peak_memory=18.111 GB, invar_size=4.602 GB, outvar_size=12.509 GB, temp_buffer_size=1.000 GB, available_memory=64.000 GB, comm_cost=0.749)
result[(1, 2, 1, 1), 1] = ModuleProfileResult(compute_cost=1308.412, peak_memory=19.642 GB, invar_size=16.111 GB, outvar_size=3.602 GB, temp_buffer_size=3.469 GB, available_memory=64.000 GB, comm_cost=7.535)
Using pre computed peak Mem for (1, 3, 1, 0), module 0
result[(1, 3, 1, 0), 0] = ModuleProfileResult(compute_cost=628.230, peak_memory=16.800 GB, invar_size=4.586 GB, outvar_size=14.760 GB, temp_buffer_size=-2.546 GB, available_memory=64.000 GB, comm_cost=0.992)
Using pre computed peak Mem for (1, 3, 1, 0), module 1
result[(1, 3, 1, 0), 1] = ModuleProfileResult(compute_cost=1384.829, peak_memory=19.500 GB, invar_size=18.346 GB, outvar_size=3.586 GB, temp_buffer_size=1.092 GB, available_memory=64.000 GB, comm_cost=8.051)
result[(1, 3, 1, 1), 0] = ModuleProfileResult(compute_cost=615.009, peak_memory=20.127 GB, invar_size=4.641 GB, outvar_size=14.486 GB, temp_buffer_size=1.000 GB, available_memory=64.000 GB, comm_cost=0.770)
result[(1, 3, 1, 1), 1] = ModuleProfileResult(compute_cost=1347.240, peak_memory=22.025 GB, invar_size=18.127 GB, outvar_size=3.641 GB, temp_buffer_size=3.836 GB, available_memory=64.000 GB, comm_cost=7.708)
Using pre computed peak Mem for (1, 4, 1, 0), module 0
result[(1, 4, 1, 0), 0] = ModuleProfileResult(compute_cost=901.150, peak_memory=22.400 GB, invar_size=6.336 GB, outvar_size=20.120 GB, temp_buffer_size=-4.056 GB, available_memory=64.000 GB, comm_cost=1.156)
Using pre computed peak Mem for (1, 4, 1, 0), module 1
result[(1, 4, 1, 0), 1] = ModuleProfileResult(compute_cost=2020.545, peak_memory=26.000 GB, invar_size=25.455 GB, outvar_size=5.336 GB, temp_buffer_size=0.482 GB, available_memory=64.000 GB, comm_cost=11.844)
result[(1, 4, 1, 1), 0] = ModuleProfileResult(compute_cost=887.929, peak_memory=27.237 GB, invar_size=6.391 GB, outvar_size=19.846 GB, temp_buffer_size=1.000 GB, available_memory=64.000 GB, comm_cost=0.934)
result[(1, 4, 1, 1), 1] = ModuleProfileResult(compute_cost=1982.955, peak_memory=30.510 GB, invar_size=25.237 GB, outvar_size=5.391 GB, temp_buffer_size=5.211 GB, available_memory=64.000 GB, comm_cost=11.500)
Using pre computed peak Mem for (2, 2, 1, 0), module 0
result[(2, 2, 1, 0), 0] = ModuleProfileResult(compute_cost=363.131, peak_memory=5.600 GB, invar_size=2.359 GB, outvar_size=6.500 GB, temp_buffer_size=-3.260 GB, available_memory=64.000 GB, comm_cost=2.089)
result[(2, 2, 1, 0), 1] = ModuleProfileResult(compute_cost=653.808, peak_memory=11.047 GB, invar_size=8.829 GB, outvar_size=2.328 GB, temp_buffer_size=2.188 GB, available_memory=64.000 GB, comm_cost=5.157)
Using pre computed peak Mem for (2, 2, 1, 1), module 0
result[(2, 2, 1, 1), 0] = ModuleProfileResult(compute_cost=370.796, peak_memory=5.600 GB, invar_size=1.867 GB, outvar_size=6.993 GB, temp_buffer_size=-3.260 GB, available_memory=64.000 GB, comm_cost=2.217)
result[(2, 2, 1, 1), 1] = ModuleProfileResult(compute_cost=758.397, peak_memory=10.985 GB, invar_size=8.829 GB, outvar_size=1.836 GB, temp_buffer_size=2.125 GB, available_memory=64.000 GB, comm_cost=5.030)
Using pre computed peak Mem for (2, 3, 1, 0), module 0
result[(2, 3, 1, 0), 0] = ModuleProfileResult(compute_cost=320.988, peak_memory=11.200 GB, invar_size=2.797 GB, outvar_size=7.548 GB, temp_buffer_size=0.855 GB, available_memory=64.000 GB, comm_cost=0.807)
Using pre computed peak Mem for (2, 3, 1, 0), module 1
result[(2, 3, 1, 0), 1] = ModuleProfileResult(compute_cost=711.272, peak_memory=13.000 GB, invar_size=9.345 GB, outvar_size=1.797 GB, temp_buffer_size=3.593 GB, available_memory=64.000 GB, comm_cost=4.197)
result[(2, 3, 1, 1), 0] = ModuleProfileResult(compute_cost=307.768, peak_memory=11.126 GB, invar_size=2.852 GB, outvar_size=7.274 GB, temp_buffer_size=1.000 GB, available_memory=64.000 GB, comm_cost=0.585)
result[(2, 3, 1, 1), 1] = ModuleProfileResult(compute_cost=673.682, peak_memory=11.282 GB, invar_size=9.126 GB, outvar_size=1.852 GB, temp_buffer_size=2.094 GB, available_memory=64.000 GB, comm_cost=3.854)
Using pre computed peak Mem for (2, 4, 1, 0), module 0
[2m[36m(CompileWorker pid=2719335)[0m /storage/coda1/p-dmahajan7/0/iwang73/Nest/scripts/alpa/alpa/alpa/shard_parallel/auto_sharding.py:880: UserWarning: Detect unexpected behaviors in the auto-sharding pass.
[2m[36m(CompileWorker pid=2719335)[0m   warnings.warn("Detect unexpected behaviors in the auto-sharding pass.")
[2m[36m(CompileWorker pid=2719333)[0m /storage/coda1/p-dmahajan7/0/iwang73/Nest/scripts/alpa/alpa/alpa/shard_parallel/auto_sharding.py:880: UserWarning: Detect unexpected behaviors in the auto-sharding pass.
[2m[36m(CompileWorker pid=2719333)[0m   warnings.warn("Detect unexpected behaviors in the auto-sharding pass.")
[2m[36m(CompileWorker pid=2719334)[0m /storage/coda1/p-dmahajan7/0/iwang73/Nest/scripts/alpa/alpa/alpa/shard_parallel/auto_sharding.py:880: UserWarning: Detect unexpected behaviors in the auto-sharding pass.
[2m[36m(CompileWorker pid=2719334)[0m   warnings.warn("Detect unexpected behaviors in the auto-sharding pass.")
[2m[36m(CompileWorker pid=2719331)[0m /storage/coda1/p-dmahajan7/0/iwang73/Nest/scripts/alpa/alpa/alpa/shard_parallel/auto_sharding.py:880: UserWarning: Detect unexpected behaviors in the auto-sharding pass.
[2m[36m(CompileWorker pid=2719331)[0m   warnings.warn("Detect unexpected behaviors in the auto-sharding pass.")
[2m[36m(CompileWorker pid=2719330)[0m /storage/coda1/p-dmahajan7/0/iwang73/Nest/scripts/alpa/alpa/alpa/shard_parallel/auto_sharding.py:880: UserWarning: Detect unexpected behaviors in the auto-sharding pass.
[2m[36m(CompileWorker pid=2719330)[0m   warnings.warn("Detect unexpected behaviors in the auto-sharding pass.")
[2m[36m(CompileWorker pid=2719332)[0m /storage/coda1/p-dmahajan7/0/iwang73/Nest/scripts/alpa/alpa/alpa/shard_parallel/auto_sharding.py:880: UserWarning: Detect unexpected behaviors in the auto-sharding pass.
[2m[36m(CompileWorker pid=2719332)[0m   warnings.warn("Detect unexpected behaviors in the auto-sharding pass.")
[2m[36m(CompileWorker pid=2719329)[0m /storage/coda1/p-dmahajan7/0/iwang73/Nest/scripts/alpa/alpa/alpa/shard_parallel/auto_sharding.py:880: UserWarning: Detect unexpected behaviors in the auto-sharding pass.
[2m[36m(CompileWorker pid=2719329)[0m   warnings.warn("Detect unexpected behaviors in the auto-sharding pass.")
[2m[36m(CompileWorker pid=2719328)[0m /storage/coda1/p-dmahajan7/0/iwang73/Nest/scripts/alpa/alpa/alpa/shard_parallel/auto_sharding.py:880: UserWarning: Detect unexpected behaviors in the auto-sharding pass.
[2m[36m(CompileWorker pid=2719328)[0m   warnings.warn("Detect unexpected behaviors in the auto-sharding pass.")
[2m[33m(raylet)[0m [2026-02-21 16:14:18,222 E 1932333 1932333] (raylet) worker_pool.cc:524: Some workers of the worker process(2719976) have not registered within the timeout. The process is still alive, probably it's hanging during start.
[2m[33m(raylet)[0m [2026-02-21 16:15:18,237 E 1932333 1932333] (raylet) worker_pool.cc:524: Some workers of the worker process(2723588) have not registered within the timeout. The process is still alive, probably it's hanging during start.
[2m[33m(raylet)[0m [2026-02-21 16:16:18,283 E 1932333 1932333] (raylet) worker_pool.cc:524: Some workers of the worker process(2749429) have not registered within the timeout. The process is still alive, probably it's hanging during start.
[2m[36m(CompileWorker pid=2751200)[0m /storage/coda1/p-dmahajan7/0/iwang73/Nest/scripts/alpa/alpa/alpa/shard_parallel/auto_sharding.py:880: UserWarning: Detect unexpected behaviors in the auto-sharding pass.
[2m[36m(CompileWorker pid=2751200)[0m   warnings.warn("Detect unexpected behaviors in the auto-sharding pass.")
[2m[33m(raylet)[0m [2026-02-21 16:29:45,053 E 1932333 1932333] (raylet) worker_pool.cc:524: Some workers of the worker process(2753895) have not registered within the timeout. The process is still alive, probably it's hanging during start.
[2m[33m(raylet)[0m [2026-02-21 16:29:45,321 E 1932333 1932333] (raylet) worker_pool.cc:524: Some workers of the worker process(2753896) have not registered within the timeout. The process is still alive, probably it's hanging during start.
[2m[33m(raylet)[0m [2026-02-21 16:29:45,324 E 1932333 1932333] (raylet) worker_pool.cc:524: Some workers of the worker process(2753897) have not registered within the timeout. The process is still alive, probably it's hanging during start.
[2m[33m(raylet)[0m [2026-02-21 16:29:45,327 E 1932333 1932333] (raylet) worker_pool.cc:524: Some workers of the worker process(2753898) have not registered within the timeout. The process is still alive, probably it's hanging during start.
[2m[33m(raylet)[0m [2026-02-21 16:29:45,330 E 1932333 1932333] (raylet) worker_pool.cc:524: Some workers of the worker process(2753899) have not registered within the timeout. The process is still alive, probably it's hanging during start.
[2m[33m(raylet)[0m [2026-02-21 16:29:45,332 E 1932333 1932333] (raylet) worker_pool.cc:524: Some workers of the worker process(2753900) have not registered within the timeout. The process is still alive, probably it's hanging during start.
[2m[33m(raylet)[0m [2026-02-21 16:29:45,335 E 1932333 1932333] (raylet) worker_pool.cc:524: Some workers of the worker process(2753901) have not registered within the timeout. The process is still alive, probably it's hanging during start.
[2m[33m(raylet)[0m [2026-02-21 16:29:45,337 E 1932333 1932333] (raylet) worker_pool.cc:524: Some workers of the worker process(2753902) have not registered within the timeout. The process is still alive, probably it's hanging during start.
[2m[33m(raylet)[0m [2026-02-21 16:29:45,340 E 1932333 1932333] (raylet) worker_pool.cc:524: Some workers of the worker process(2753903) have not registered within the timeout. The process is still alive, probably it's hanging during start.
[2m[33m(raylet)[0m [2026-02-21 16:29:45,342 E 1932333 1932333] (raylet) worker_pool.cc:524: Some workers of the worker process(2753904) have not registered within the timeout. The process is still alive, probably it's hanging during start.
[2m[33m(raylet)[0m [2026-02-21 16:29:45,345 E 1932333 1932333] (raylet) worker_pool.cc:524: Some workers of the worker process(2753905) have not registered within the timeout. The process is still alive, probably it's hanging during start.
[2m[33m(raylet)[0m [2026-02-21 16:29:45,347 E 1932333 1932333] (raylet) worker_pool.cc:524: Some workers of the worker process(2753906) have not registered within the timeout. The process is still alive, probably it's hanging during start.
[2m[33m(raylet)[0m [2026-02-21 16:30:45,171 E 1932333 1932333] (raylet) worker_pool.cc:524: Some workers of the worker process(2754065) have not registered within the timeout. The process is still alive, probably it's hanging during start.
[2m[33m(raylet)[0m [2026-02-21 16:30:45,466 E 1932333 1932333] (raylet) worker_pool.cc:524: Some workers of the worker process(2754067) have not registered within the timeout. The process is still alive, probably it's hanging during start.
[2m[33m(raylet)[0m [2026-02-21 16:30:45,469 E 1932333 1932333] (raylet) worker_pool.cc:524: Some workers of the worker process(2754068) have not registered within the timeout. The process is still alive, probably it's hanging during start.
[2m[33m(raylet)[0m [2026-02-21 16:30:45,472 E 1932333 1932333] (raylet) worker_pool.cc:524: Some workers of the worker process(2754069) have not registered within the timeout. The process is still alive, probably it's hanging during start.
[2m[33m(raylet)[0m [2026-02-21 16:30:45,475 E 1932333 1932333] (raylet) worker_pool.cc:524: Some workers of the worker process(2754070) have not registered within the timeout. The process is still alive, probably it's hanging during start.
[2m[33m(raylet)[0m [2026-02-21 16:30:45,478 E 1932333 1932333] (raylet) worker_pool.cc:524: Some workers of the worker process(2754071) have not registered within the timeout. The process is still alive, probably it's hanging during start.
[2m[33m(raylet)[0m [2026-02-21 16:30:45,481 E 1932333 1932333] (raylet) worker_pool.cc:524: Some workers of the worker process(2754072) have not registered within the timeout. The process is still alive, probably it's hanging during start.
[2m[33m(raylet)[0m [2026-02-21 16:30:45,483 E 1932333 1932333] (raylet) worker_pool.cc:524: Some workers of the worker process(2754073) have not registered within the timeout. The process is still alive, probably it's hanging during start.
[2m[33m(raylet)[0m [2026-02-21 16:30:45,486 E 1932333 1932333] (raylet) worker_pool.cc:524: Some workers of the worker process(2754074) have not registered within the timeout. The process is still alive, probably it's hanging during start.
[2m[33m(raylet)[0m [2026-02-21 16:30:45,489 E 1932333 1932333] (raylet) worker_pool.cc:524: Some workers of the worker process(2754075) have not registered within the timeout. The process is still alive, probably it's hanging during start.
[2m[33m(raylet)[0m [2026-02-21 16:30:45,492 E 1932333 1932333] (raylet) worker_pool.cc:524: Some workers of the worker process(2754076) have not registered within the timeout. The process is still alive, probably it's hanging during start.
[2m[33m(raylet)[0m [2026-02-21 16:30:45,495 E 1932333 1932333] (raylet) worker_pool.cc:524: Some workers of the worker process(2754077) have not registered within the timeout. The process is still alive, probably it's hanging during start.
[2m[33m(raylet)[0m [2026-02-21 16:31:45,505 E 1932333 1932333] (raylet) worker_pool.cc:524: Some workers of the worker process(2754238) have not registered within the timeout. The process is still alive, probably it's hanging during start.
[2m[33m(raylet)[0m [2026-02-21 16:31:45,572 E 1932333 1932333] (raylet) worker_pool.cc:524: Some workers of the worker process(2754239) have not registered within the timeout. The process is still alive, probably it's hanging during start.
[2m[33m(raylet)[0m [2026-02-21 16:31:45,575 E 1932333 1932333] (raylet) worker_pool.cc:524: Some workers of the worker process(2754240) have not registered within the timeout. The process is still alive, probably it's hanging during start.
[2m[33m(raylet)[0m [2026-02-21 16:31:45,578 E 1932333 1932333] (raylet) worker_pool.cc:524: Some workers of the worker process(2754241) have not registered within the timeout. The process is still alive, probably it's hanging during start.
[2m[33m(raylet)[0m [2026-02-21 16:31:45,580 E 1932333 1932333] (raylet) worker_pool.cc:524: Some workers of the worker process(2754242) have not registered within the timeout. The process is still alive, probably it's hanging during start.
[2m[33m(raylet)[0m [2026-02-21 16:31:45,583 E 1932333 1932333] (raylet) worker_pool.cc:524: Some workers of the worker process(2754243) have not registered within the timeout. The process is still alive, probably it's hanging during start.
[2m[33m(raylet)[0m [2026-02-21 16:31:45,586 E 1932333 1932333] (raylet) worker_pool.cc:524: Some workers of the worker process(2754244) have not registered within the timeout. The process is still alive, probably it's hanging during start.
[2m[33m(raylet)[0m [2026-02-21 16:31:45,588 E 1932333 1932333] (raylet) worker_pool.cc:524: Some workers of the worker process(2754245) have not registered within the timeout. The process is still alive, probably it's hanging during start.
[2m[33m(raylet)[0m [2026-02-21 16:31:45,591 E 1932333 1932333] (raylet) worker_pool.cc:524: Some workers of the worker process(2754246) have not registered within the timeout. The process is still alive, probably it's hanging during start.
[2m[33m(raylet)[0m [2026-02-21 16:31:45,594 E 1932333 1932333] (raylet) worker_pool.cc:524: Some workers of the worker process(2754247) have not registered within the timeout. The process is still alive, probably it's hanging during start.
[2m[33m(raylet)[0m [2026-02-21 16:31:45,596 E 1932333 1932333] (raylet) worker_pool.cc:524: Some workers of the worker process(2754248) have not registered within the timeout. The process is still alive, probably it's hanging during start.
[2m[33m(raylet)[0m [2026-02-21 16:31:45,599 E 1932333 1932333] (raylet) worker_pool.cc:524: Some workers of the worker process(2754249) have not registered within the timeout. The process is still alive, probably it's hanging during start.
[2m[33m(raylet)[0m [2026-02-21 16:32:45,572 E 1932333 1932333] (raylet) worker_pool.cc:524: Some workers of the worker process(2754411) have not registered within the timeout. The process is still alive, probably it's hanging during start.
[2m[33m(raylet)[0m [2026-02-21 16:32:45,575 E 1932333 1932333] (raylet) worker_pool.cc:524: Some workers of the worker process(2754412) have not registered within the timeout. The process is still alive, probably it's hanging during start.
[2m[33m(raylet)[0m [2026-02-21 16:32:45,578 E 1932333 1932333] (raylet) worker_pool.cc:524: Some workers of the worker process(2754413) have not registered within the timeout. The process is still alive, probably it's hanging during start.
[2m[33m(raylet)[0m [2026-02-21 16:32:45,581 E 1932333 1932333] (raylet) worker_pool.cc:524: Some workers of the worker process(2754414) have not registered within the timeout. The process is still alive, probably it's hanging during start.
[2m[33m(raylet)[0m [2026-02-21 16:32:45,584 E 1932333 1932333] (raylet) worker_pool.cc:524: Some workers of the worker process(2754415) have not registered within the timeout. The process is still alive, probably it's hanging during start.
[2m[33m(raylet)[0m [2026-02-21 16:32:45,586 E 1932333 1932333] (raylet) worker_pool.cc:524: Some workers of the worker process(2754416) have not registered within the timeout. The process is still alive, probably it's hanging during start.
[2m[33m(raylet)[0m [2026-02-21 16:32:45,589 E 1932333 1932333] (raylet) worker_pool.cc:524: Some workers of the worker process(2754417) have not registered within the timeout. The process is still alive, probably it's hanging during start.
[2m[33m(raylet)[0m [2026-02-21 16:32:45,592 E 1932333 1932333] (raylet) worker_pool.cc:524: Some workers of the worker process(2754418) have not registered within the timeout. The process is still alive, probably it's hanging during start.
[2m[33m(raylet)[0m [2026-02-21 16:32:45,594 E 1932333 1932333] (raylet) worker_pool.cc:524: Some workers of the worker process(2754419) have not registered within the timeout. The process is still alive, probably it's hanging during start.
[2m[33m(raylet)[0m [2026-02-21 16:32:45,597 E 1932333 1932333] (raylet) worker_pool.cc:524: Some workers of the worker process(2754420) have not registered within the timeout. The process is still alive, probably it's hanging during start.
[2m[33m(raylet)[0m [2026-02-21 16:32:45,600 E 1932333 1932333] (raylet) worker_pool.cc:524: Some workers of the worker process(2754421) have not registered within the timeout. The process is still alive, probably it's hanging during start.
[2m[33m(raylet)[0m [2026-02-21 16:32:45,603 E 1932333 1932333] (raylet) worker_pool.cc:524: Some workers of the worker process(2754422) have not registered within the timeout. The process is still alive, probably it's hanging during start.
[2m[33m(raylet)[0m [2026-02-21 16:33:45,589 E 1932333 1932333] (raylet) worker_pool.cc:524: Some workers of the worker process(2770970) have not registered within the timeout. The process is still alive, probably it's hanging during start.
[2m[33m(raylet)[0m [2026-02-21 16:33:45,644 E 1932333 1932333] (raylet) worker_pool.cc:524: Some workers of the worker process(2770978) have not registered within the timeout. The process is still alive, probably it's hanging during start.
[2m[33m(raylet)[0m [2026-02-21 16:33:45,647 E 1932333 1932333] (raylet) worker_pool.cc:524: Some workers of the worker process(2770979) have not registered within the timeout. The process is still alive, probably it's hanging during start.
[2m[33m(raylet)[0m [2026-02-21 16:33:45,650 E 1932333 1932333] (raylet) worker_pool.cc:524: Some workers of the worker process(2770987) have not registered within the timeout. The process is still alive, probably it's hanging during start.
[2m[33m(raylet)[0m [2026-02-21 16:33:45,653 E 1932333 1932333] (raylet) worker_pool.cc:524: Some workers of the worker process(2770988) have not registered within the timeout. The process is still alive, probably it's hanging during start.
[2m[33m(raylet)[0m [2026-02-21 16:33:45,655 E 1932333 1932333] (raylet) worker_pool.cc:524: Some workers of the worker process(2770989) have not registered within the timeout. The process is still alive, probably it's hanging during start.
[2m[33m(raylet)[0m [2026-02-21 16:33:45,658 E 1932333 1932333] (raylet) worker_pool.cc:524: Some workers of the worker process(2770997) have not registered within the timeout. The process is still alive, probably it's hanging during start.
[2m[33m(raylet)[0m [2026-02-21 16:33:45,660 E 1932333 1932333] (raylet) worker_pool.cc:524: Some workers of the worker process(2770998) have not registered within the timeout. The process is still alive, probably it's hanging during start.
[2m[33m(raylet)[0m [2026-02-21 16:33:45,663 E 1932333 1932333] (raylet) worker_pool.cc:524: Some workers of the worker process(2771004) have not registered within the timeout. The process is still alive, probably it's hanging during start.
[2m[33m(raylet)[0m [2026-02-21 16:33:45,666 E 1932333 1932333] (raylet) worker_pool.cc:524: Some workers of the worker process(2771007) have not registered within the timeout. The process is still alive, probably it's hanging during start.
[2m[33m(raylet)[0m [2026-02-21 16:33:45,668 E 1932333 1932333] (raylet) worker_pool.cc:524: Some workers of the worker process(2771008) have not registered within the timeout. The process is still alive, probably it's hanging during start.
[2m[33m(raylet)[0m [2026-02-21 16:33:45,671 E 1932333 1932333] (raylet) worker_pool.cc:524: Some workers of the worker process(2771016) have not registered within the timeout. The process is still alive, probably it's hanging during start.
WARNING:alpa.pipeline_parallel.stage_profiling:Compile worker timeout
result[(2, 4, 1, 0), 0] = ModuleProfileResult(compute_cost=593.908, peak_memory=16.800 GB, invar_size=4.547 GB, outvar_size=12.908 GB, temp_buffer_size=-0.655 GB, available_memory=64.000 GB, comm_cost=0.971)
Using pre computed peak Mem for (2, 4, 1, 0), module 1
result[(2, 4, 1, 0), 1] = ModuleProfileResult(compute_cost=1346.990, peak_memory=19.500 GB, invar_size=16.455 GB, outvar_size=3.547 GB, temp_buffer_size=2.983 GB, available_memory=64.000 GB, comm_cost=7.992)
result[(2, 4, 1, 1), 0] = ModuleProfileResult(compute_cost=580.688, peak_memory=18.236 GB, invar_size=4.602 GB, outvar_size=12.634 GB, temp_buffer_size=1.000 GB, available_memory=64.000 GB, comm_cost=0.749)
result[(2, 4, 1, 1), 1] = ModuleProfileResult(compute_cost=1309.398, peak_memory=19.767 GB, invar_size=16.236 GB, outvar_size=3.602 GB, temp_buffer_size=3.469 GB, available_memory=64.000 GB, comm_cost=7.646)
result[(3, 3, 1, 0), 0] = ModuleProfileResult(compute_cost=35.072, peak_memory=4.083 GB, invar_size=1.102 GB, outvar_size=1.977 GB, temp_buffer_size=1.004 GB, available_memory=64.000 GB, comm_cost=0.020)
result[(3, 3, 1, 0), 1] = ModuleProfileResult(compute_cost=38.716, peak_memory=3.657 GB, invar_size=2.079 GB, outvar_size=0.102 GB, temp_buffer_size=1.516 GB, available_memory=64.000 GB, comm_cost=0.061)
result[(3, 3, 1, 1), 0] = ModuleProfileResult(compute_cost=35.072, peak_memory=4.083 GB, invar_size=1.102 GB, outvar_size=1.977 GB, temp_buffer_size=1.004 GB, available_memory=64.000 GB, comm_cost=0.020)
result[(3, 3, 1, 1), 1] = ModuleProfileResult(compute_cost=38.716, peak_memory=3.657 GB, invar_size=2.079 GB, outvar_size=0.102 GB, temp_buffer_size=1.516 GB, available_memory=64.000 GB, comm_cost=0.061)
Using pre computed peak Mem for (3, 4, 1, 0), module 0
result[(3, 4, 1, 0), 0] = ModuleProfileResult(compute_cost=435.485, peak_memory=11.200 GB, invar_size=2.414 GB, outvar_size=9.524 GB, temp_buffer_size=-0.739 GB, available_memory=64.000 GB, comm_cost=2.723)
Using pre computed peak Mem for (3, 4, 1, 0), module 1
result[(3, 4, 1, 0), 1] = ModuleProfileResult(compute_cost=974.790, peak_memory=13.000 GB, invar_size=10.939 GB, outvar_size=1.414 GB, temp_buffer_size=1.999 GB, available_memory=64.000 GB, comm_cost=6.242)
result[(3, 4, 1, 1), 0] = ModuleProfileResult(compute_cost=308.392, peak_memory=11.189 GB, invar_size=2.852 GB, outvar_size=7.337 GB, temp_buffer_size=1.000 GB, available_memory=64.000 GB, comm_cost=0.585)
result[(3, 4, 1, 1), 1] = ModuleProfileResult(compute_cost=674.431, peak_memory=11.017 GB, invar_size=9.189 GB, outvar_size=1.852 GB, temp_buffer_size=1.766 GB, available_memory=64.000 GB, comm_cost=3.854)
Using pre computed peak Mem for (4, 4, 1, 0), module 0
result[(4, 4, 1, 0), 0] = ModuleProfileResult(compute_cost=361.201, peak_memory=5.600 GB, invar_size=2.523 GB, outvar_size=6.399 GB, temp_buffer_size=-3.322 GB, available_memory=64.000 GB, comm_cost=2.047)
result[(4, 4, 1, 0), 1] = ModuleProfileResult(compute_cost=619.751, peak_memory=11.469 GB, invar_size=8.922 GB, outvar_size=2.492 GB, temp_buffer_size=2.516 GB, available_memory=64.000 GB, comm_cost=5.195)
Using pre computed peak Mem for (4, 4, 1, 1), module 0
result[(4, 4, 1, 1), 0] = ModuleProfileResult(compute_cost=368.865, peak_memory=5.600 GB, invar_size=2.031 GB, outvar_size=6.891 GB, temp_buffer_size=-3.322 GB, available_memory=64.000 GB, comm_cost=2.174)
result[(4, 4, 1, 1), 1] = ModuleProfileResult(compute_cost=724.341, peak_memory=10.829 GB, invar_size=8.922 GB, outvar_size=2.000 GB, temp_buffer_size=1.875 GB, available_memory=64.000 GB, comm_cost=5.068)
Profiling for submesh 1 (1, 2) takes 1286.27 seconds
--------------------------------------------------
- Profiling for submesh 0 (1, 1):
- Generate all stage infos (Jaxpr -> HLO)
- Compile all stages, get estimations
num of workers:12
[2m[36m(CompileWorker pid=2825160)[0m compiled for stage:1 name: stage_0_0_acc_grad_0 module id: 0
[2m[36m(CompileWorker pid=2825123)[0m compiled for stage:10 name: stage_1_1_acc_grad_0 module id: 0
[2m[36m(CompileWorker pid=2825151)[0m compiled for stage:3 name: stage_0_1_acc_grad_0 module id: 0
[2m[36m(CompileWorker pid=2825162)[0m compiled for stage:0 name: stage_0_0_acc_grad_0 module id: 0
[2m[36m(CompileWorker pid=2825154)[0m compiled for stage:2 name: stage_0_1_acc_grad_0 module id: 0
[2m[36m(CompileWorker pid=2825117)[0m compiled for stage:11 name: stage_1_1_acc_grad_0 module id: 0
[2m[36m(CompileWorker pid=2825137)[0m compiled for stage:6 name: stage_0_3_acc_grad_0 module id: 0
[2m[36m(CompileWorker pid=2825133)[0m compiled for stage:7 name: stage_0_3_acc_grad_0 module id: 0
[2m[36m(CompileWorker pid=2825146)[0m compiled for stage:4 name: stage_0_2_acc_grad_0 module id: 0
[2m[36m(CompileWorker pid=2825142)[0m compiled for stage:5 name: stage_0_2_acc_grad_0 module id: 0
[2m[36m(CompileWorker pid=2825131)[0m compiled for stage:8 name: stage_0_4_acc_grad_0 module id: 0
[2m[36m(CompileWorker pid=2825125)[0m compiled for stage:9 name: stage_0_4_acc_grad_0 module id: 0
[2m[36m(CompileWorker pid=2825131)[0m  tensor (Large latency) dimensions: (1, 1, 4096, 32000, 1, 1, 1, 1, 1, 1, 0, 0, 'CONV', 1, 1, 0, 0),  latency: 2.1942857142857144
[2m[36m(CompileWorker pid=2825137)[0m  tensor (Large latency) dimensions: (1, 1, 4096, 32000, 1, 1, 1, 1, 1, 1, 0, 0, 'CONV', 1, 1, 0, 0),  latency: 2.1942857142857144
[2m[36m(CompileWorker pid=2825133)[0m  tensor (Large latency) dimensions: (1, 1, 4096, 32000, 1, 1, 1, 1, 1, 1, 0, 0, 'CONV', 1, 1, 0, 0),  latency: 2.1942857142857144
[2m[36m(CompileWorker pid=2825160)[0m  tensor (Large latency) dimensions: (1, 1, 4096, 32000, 1, 1, 1, 1, 1, 1, 0, 0, 'CONV', 1, 1, 0, 0),  latency: 2.1942857142857144
[2m[36m(CompileWorker pid=2825151)[0m  tensor (Large latency) dimensions: (1, 1, 4096, 32000, 1, 1, 1, 1, 1, 1, 0, 0, 'CONV', 1, 1, 0, 0),  latency: 2.1942857142857144
[2m[36m(CompileWorker pid=2825162)[0m  tensor (Large latency) dimensions: (1, 1, 4096, 32000, 1, 1, 1, 1, 1, 1, 0, 0, 'CONV', 1, 1, 0, 0),  latency: 2.1942857142857144
[2m[36m(CompileWorker pid=2825125)[0m  tensor (Large latency) dimensions: (1, 1, 4096, 32000, 1, 1, 1, 1, 1, 1, 0, 0, 'CONV', 1, 1, 0, 0),  latency: 2.1942857142857144
[2m[36m(CompileWorker pid=2825146)[0m  tensor (Large latency) dimensions: (1, 1, 4096, 32000, 1, 1, 1, 1, 1, 1, 0, 0, 'CONV', 1, 1, 0, 0),  latency: 2.1942857142857144
[2m[36m(CompileWorker pid=2825154)[0m  tensor (Large latency) dimensions: (1, 1, 4096, 32000, 1, 1, 1, 1, 1, 1, 0, 0, 'CONV', 1, 1, 0, 0),  latency: 2.1942857142857144
[2m[36m(CompileWorker pid=2825142)[0m  tensor (Large latency) dimensions: (1, 1, 4096, 32000, 1, 1, 1, 1, 1, 1, 0, 0, 'CONV', 1, 1, 0, 0),  latency: 2.1942857142857144
[2m[36m(CompileWorker pid=2825123)[0m  tensor (Large latency) dimensions: (1, 4096, 14336, 4096, 1, 1, 1, 1, 1, 1, 0, 0, 'CONV', 1, 1, 0, 0),  latency: 20.097706666666667
[2m[36m(CompileWorker pid=2825117)[0m  tensor (Large latency) dimensions: (1, 4096, 14336, 4096, 1, 1, 1, 1, 1, 1, 0, 0, 'CONV', 1, 1, 0, 0),  latency: 20.097706666666667
[2m[36m(CompileWorker pid=2825123)[0m  tensor (Large latency) dimensions: (1, 4096, 4096, 14336, 1, 1, 1, 1, 1, 1, 0, 0, 'CONV', 1, 1, 0, 0),  latency: 20.72185904761905
[2m[36m(CompileWorker pid=2825117)[0m  tensor (Large latency) dimensions: (1, 4096, 4096, 14336, 1, 1, 1, 1, 1, 1, 0, 0, 'CONV', 1, 1, 0, 0),  latency: 20.72185904761905
[2m[36m(CompileWorker pid=2825160)[0m  tensor (Large latency) dimensions: (1, 4096, 14336, 4096, 1, 1, 1, 1, 1, 1, 0, 0, 'CONV', 1, 1, 0, 0),  latency: 20.097706666666667
[2m[36m(CompileWorker pid=2825151)[0m  tensor (Large latency) dimensions: (1, 4096, 14336, 4096, 1, 1, 1, 1, 1, 1, 0, 0, 'CONV', 1, 1, 0, 0),  latency: 20.097706666666667
[2m[36m(CompileWorker pid=2825137)[0m  tensor (Large latency) dimensions: (1, 4096, 14336, 4096, 1, 1, 1, 1, 1, 1, 0, 0, 'CONV', 1, 1, 0, 0),  latency: 20.097706666666667
[2m[36m(CompileWorker pid=2825162)[0m  tensor (Large latency) dimensions: (1, 4096, 14336, 4096, 1, 1, 1, 1, 1, 1, 0, 0, 'CONV', 1, 1, 0, 0),  latency: 20.097706666666667
[2m[36m(CompileWorker pid=2825154)[0m  tensor (Large latency) dimensions: (1, 4096, 14336, 4096, 1, 1, 1, 1, 1, 1, 0, 0, 'CONV', 1, 1, 0, 0),  latency: 20.097706666666667
[2m[36m(CompileWorker pid=2825131)[0m  tensor (Large latency) dimensions: (1, 4096, 14336, 4096, 1, 1, 1, 1, 1, 1, 0, 0, 'CONV', 1, 1, 0, 0),  latency: 20.097706666666667
[2m[36m(CompileWorker pid=2825133)[0m  tensor (Large latency) dimensions: (1, 4096, 14336, 4096, 1, 1, 1, 1, 1, 1, 0, 0, 'CONV', 1, 1, 0, 0),  latency: 20.097706666666667
[2m[36m(CompileWorker pid=2825125)[0m  tensor (Large latency) dimensions: (1, 4096, 14336, 4096, 1, 1, 1, 1, 1, 1, 0, 0, 'CONV', 1, 1, 0, 0),  latency: 20.097706666666667
[2m[36m(CompileWorker pid=2825146)[0m  tensor (Large latency) dimensions: (1, 4096, 14336, 4096, 1, 1, 1, 1, 1, 1, 0, 0, 'CONV', 1, 1, 0, 0),  latency: 20.097706666666667
[2m[36m(CompileWorker pid=2825142)[0m  tensor (Large latency) dimensions: (1, 4096, 14336, 4096, 1, 1, 1, 1, 1, 1, 0, 0, 'CONV', 1, 1, 0, 0),  latency: 20.097706666666667
[2m[36m(CompileWorker pid=2825123)[0m compiled for stage:10 name: stage_1_1_acc_grad_1 module id: 1
[2m[36m(CompileWorker pid=2825117)[0m compiled for stage:11 name: stage_1_1_acc_grad_1 module id: 1
[2m[36m(CompileWorker pid=2825160)[0m  tensor (Large latency) dimensions: (1, 4096, 4096, 14336, 1, 1, 1, 1, 1, 1, 0, 0, 'CONV', 1, 1, 0, 0),  latency: 20.72185904761905
[2m[36m(CompileWorker pid=2825160)[0m compiled for stage:1 name: stage_0_0_acc_grad_1 module id: 1
[2m[36m(CompileWorker pid=2825151)[0m  tensor (Large latency) dimensions: (1, 4096, 4096, 14336, 1, 1, 1, 1, 1, 1, 0, 0, 'CONV', 1, 1, 0, 0),  latency: 20.72185904761905
[2m[36m(CompileWorker pid=2825151)[0m compiled for stage:3 name: stage_0_1_acc_grad_1 module id: 1
[2m[36m(CompileWorker pid=2825162)[0m  tensor (Large latency) dimensions: (1, 4096, 4096, 14336, 1, 1, 1, 1, 1, 1, 0, 0, 'CONV', 1, 1, 0, 0),  latency: 20.72185904761905
[2m[36m(CompileWorker pid=2825162)[0m compiled for stage:0 name: stage_0_0_acc_grad_1 module id: 1
[2m[36m(CompileWorker pid=2825154)[0m  tensor (Large latency) dimensions: (1, 4096, 4096, 14336, 1, 1, 1, 1, 1, 1, 0, 0, 'CONV', 1, 1, 0, 0),  latency: 20.72185904761905
[2m[36m(CompileWorker pid=2825154)[0m compiled for stage:2 name: stage_0_1_acc_grad_1 module id: 1
[2m[36m(CompileWorker pid=2825137)[0m  tensor (Large latency) dimensions: (1, 4096, 4096, 14336, 1, 1, 1, 1, 1, 1, 0, 0, 'CONV', 1, 1, 0, 0),  latency: 20.72185904761905
[2m[36m(CompileWorker pid=2825137)[0m compiled for stage:6 name: stage_0_3_acc_grad_1 module id: 1
[2m[36m(CompileWorker pid=2825133)[0m  tensor (Large latency) dimensions: (1, 4096, 4096, 14336, 1, 1, 1, 1, 1, 1, 0, 0, 'CONV', 1, 1, 0, 0),  latency: 20.72185904761905
[2m[36m(CompileWorker pid=2825133)[0m compiled for stage:7 name: stage_0_3_acc_grad_1 module id: 1
[2m[36m(CompileWorker pid=2825146)[0m  tensor (Large latency) dimensions: (1, 4096, 4096, 14336, 1, 1, 1, 1, 1, 1, 0, 0, 'CONV', 1, 1, 0, 0),  latency: 20.72185904761905
[2m[36m(CompileWorker pid=2825146)[0m compiled for stage:4 name: stage_0_2_acc_grad_1 module id: 1
[2m[36m(CompileWorker pid=2825142)[0m  tensor (Large latency) dimensions: (1, 4096, 4096, 14336, 1, 1, 1, 1, 1, 1, 0, 0, 'CONV', 1, 1, 0, 0),  latency: 20.72185904761905
[2m[36m(CompileWorker pid=2825142)[0m compiled for stage:5 name: stage_0_2_acc_grad_1 module id: 1
[2m[36m(CompileWorker pid=2825131)[0m  tensor (Large latency) dimensions: (1, 4096, 4096, 14336, 1, 1, 1, 1, 1, 1, 0, 0, 'CONV', 1, 1, 0, 0),  latency: 20.72185904761905
[2m[36m(CompileWorker pid=2825131)[0m compiled for stage:8 name: stage_0_4_acc_grad_1 module id: 1
[2m[36m(CompileWorker pid=2825125)[0m  tensor (Large latency) dimensions: (1, 4096, 4096, 14336, 1, 1, 1, 1, 1, 1, 0, 0, 'CONV', 1, 1, 0, 0),  latency: 20.72185904761905
[2m[36m(CompileWorker pid=2825125)[0m compiled for stage:9 name: stage_0_4_acc_grad_1 module id: 1
[2m[36m(CompileWorker pid=2825142)[0m  tensor (Large latency) dimensions: (1, 4096, 14336, 4096, 1, 1, 1, 1, 1, 1, 0, 0, 'CONV', 1, 1, 0, 0),  latency: 20.097706666666667
[2m[36m(CompileWorker pid=2825146)[0m  tensor (Large latency) dimensions: (1, 4096, 14336, 4096, 1, 1, 1, 1, 1, 1, 0, 0, 'CONV', 1, 1, 0, 0),  latency: 20.097706666666667
[2m[36m(CompileWorker pid=2825131)[0m  tensor (Large latency) dimensions: (1, 4096, 14336, 4096, 1, 1, 1, 1, 1, 1, 0, 0, 'CONV', 1, 1, 0, 0),  latency: 20.097706666666667
[2m[36m(CompileWorker pid=2825125)[0m  tensor (Large latency) dimensions: (1, 4096, 14336, 4096, 1, 1, 1, 1, 1, 1, 0, 0, 'CONV', 1, 1, 0, 0),  latency: 20.097706666666667
[2m[36m(CompileWorker pid=2825142)[0m  tensor (Large latency) dimensions: (1, 4096, 14336, 14336, 1, 1, 1, 1, 1, 1, 0, 0, 'CONV', 1, 1, 0, 0),  latency: 72.52650666666666
[2m[36m(CompileWorker pid=2825146)[0m  tensor (Large latency) dimensions: (1, 4096, 14336, 14336, 1, 1, 1, 1, 1, 1, 0, 0, 'CONV', 1, 1, 0, 0),  latency: 72.52650666666666
[2m[36m(CompileWorker pid=2825131)[0m  tensor (Large latency) dimensions: (1, 4096, 14336, 14336, 1, 1, 1, 1, 1, 1, 0, 0, 'CONV', 1, 1, 0, 0),  latency: 72.52650666666666
[2m[36m(CompileWorker pid=2825117)[0m  tensor (Large latency) dimensions: (1, 4096, 14336, 4096, 1, 1, 1, 1, 1, 1, 0, 0, 'CONV', 1, 1, 0, 0),  latency: 20.097706666666667
[2m[36m(CompileWorker pid=2825125)[0m  tensor (Large latency) dimensions: (1, 4096, 14336, 14336, 1, 1, 1, 1, 1, 1, 0, 0, 'CONV', 1, 1, 0, 0),  latency: 72.52650666666666
[2m[36m(CompileWorker pid=2825123)[0m  tensor (Large latency) dimensions: (1, 4096, 14336, 4096, 1, 1, 1, 1, 1, 1, 0, 0, 'CONV', 1, 1, 0, 0),  latency: 20.097706666666667
[2m[36m(CompileWorker pid=2825160)[0m  tensor (Large latency) dimensions: (1, 4096, 14336, 4096, 1, 1, 1, 1, 1, 1, 0, 0, 'CONV', 1, 1, 0, 0),  latency: 20.097706666666667
[2m[36m(CompileWorker pid=2825162)[0m  tensor (Large latency) dimensions: (1, 4096, 14336, 4096, 1, 1, 1, 1, 1, 1, 0, 0, 'CONV', 1, 1, 0, 0),  latency: 20.097706666666667
[2m[36m(CompileWorker pid=2825151)[0m  tensor (Large latency) dimensions: (1, 4096, 14336, 4096, 1, 1, 1, 1, 1, 1, 0, 0, 'CONV', 1, 1, 0, 0),  latency: 20.097706666666667
[2m[36m(CompileWorker pid=2825137)[0m  tensor (Large latency) dimensions: (1, 4096, 14336, 4096, 1, 1, 1, 1, 1, 1, 0, 0, 'CONV', 1, 1, 0, 0),  latency: 20.097706666666667
[2m[36m(CompileWorker pid=2825154)[0m  tensor (Large latency) dimensions: (1, 4096, 14336, 4096, 1, 1, 1, 1, 1, 1, 0, 0, 'CONV', 1, 1, 0, 0),  latency: 20.097706666666667
[2m[36m(CompileWorker pid=2825133)[0m  tensor (Large latency) dimensions: (1, 4096, 14336, 4096, 1, 1, 1, 1, 1, 1, 0, 0, 'CONV', 1, 1, 0, 0),  latency: 20.097706666666667
[2m[36m(CompileWorker pid=2825142)[0m  tensor (Large latency) dimensions: (1, 14336, 4096, 4096, 1, 1, 1, 1, 1, 1, 0, 0, 'CONV', 1, 1, 0, 0),  latency: 20.097706666666667
[2m[36m(CompileWorker pid=2825117)[0m  tensor (Large latency) dimensions: (1, 4096, 14336, 14336, 1, 1, 1, 1, 1, 1, 0, 0, 'CONV', 1, 1, 0, 0),  latency: 72.52650666666666
[2m[36m(CompileWorker pid=2825146)[0m  tensor (Large latency) dimensions: (1, 14336, 4096, 4096, 1, 1, 1, 1, 1, 1, 0, 0, 'CONV', 1, 1, 0, 0),  latency: 20.097706666666667
[2m[36m(CompileWorker pid=2825123)[0m  tensor (Large latency) dimensions: (1, 4096, 14336, 14336, 1, 1, 1, 1, 1, 1, 0, 0, 'CONV', 1, 1, 0, 0),  latency: 72.52650666666666
[2m[36m(CompileWorker pid=2825160)[0m  tensor (Large latency) dimensions: (1, 4096, 14336, 14336, 1, 1, 1, 1, 1, 1, 0, 0, 'CONV', 1, 1, 0, 0),  latency: 72.52650666666666
[2m[36m(CompileWorker pid=2825131)[0m  tensor (Large latency) dimensions: (1, 14336, 4096, 4096, 1, 1, 1, 1, 1, 1, 0, 0, 'CONV', 1, 1, 0, 0),  latency: 20.097706666666667
[2m[36m(CompileWorker pid=2825125)[0m  tensor (Large latency) dimensions: (1, 14336, 4096, 4096, 1, 1, 1, 1, 1, 1, 0, 0, 'CONV', 1, 1, 0, 0),  latency: 20.097706666666667
[2m[36m(CompileWorker pid=2825137)[0m  tensor (Large latency) dimensions: (1, 4096, 14336, 14336, 1, 1, 1, 1, 1, 1, 0, 0, 'CONV', 1, 1, 0, 0),  latency: 72.52650666666666
[2m[36m(CompileWorker pid=2825151)[0m  tensor (Large latency) dimensions: (1, 4096, 14336, 14336, 1, 1, 1, 1, 1, 1, 0, 0, 'CONV', 1, 1, 0, 0),  latency: 72.52650666666666
[2m[36m(CompileWorker pid=2825162)[0m  tensor (Large latency) dimensions: (1, 4096, 14336, 14336, 1, 1, 1, 1, 1, 1, 0, 0, 'CONV', 1, 1, 0, 0),  latency: 72.52650666666666
[2m[36m(CompileWorker pid=2825154)[0m  tensor (Large latency) dimensions: (1, 4096, 14336, 14336, 1, 1, 1, 1, 1, 1, 0, 0, 'CONV', 1, 1, 0, 0),  latency: 72.52650666666666
[2m[36m(CompileWorker pid=2825133)[0m  tensor (Large latency) dimensions: (1, 4096, 14336, 14336, 1, 1, 1, 1, 1, 1, 0, 0, 'CONV', 1, 1, 0, 0),  latency: 72.52650666666666
[2m[36m(CompileWorker pid=2825117)[0m  tensor (Large latency) dimensions: (1, 14336, 4096, 4096, 1, 1, 1, 1, 1, 1, 0, 0, 'CONV', 1, 1, 0, 0),  latency: 20.097706666666667
[2m[36m(CompileWorker pid=2825123)[0m  tensor (Large latency) dimensions: (1, 14336, 4096, 4096, 1, 1, 1, 1, 1, 1, 0, 0, 'CONV', 1, 1, 0, 0),  latency: 20.097706666666667
[2m[36m(CompileWorker pid=2825142)[0m  tensor (Large latency) dimensions: (1, 4096, 4096, 4096, 1, 1, 1, 1, 1, 1, 0, 0, 'CONV', 1, 1, 0, 0),  latency: 5.742201904761905
[2m[36m(CompileWorker pid=2825146)[0m  tensor (Large latency) dimensions: (1, 4096, 4096, 4096, 1, 1, 1, 1, 1, 1, 0, 0, 'CONV', 1, 1, 0, 0),  latency: 5.742201904761905
[2m[36m(CompileWorker pid=2825160)[0m  tensor (Large latency) dimensions: (1, 14336, 4096, 4096, 1, 1, 1, 1, 1, 1, 0, 0, 'CONV', 1, 1, 0, 0),  latency: 20.097706666666667
[2m[36m(CompileWorker pid=2825131)[0m  tensor (Large latency) dimensions: (1, 4096, 4096, 4096, 1, 1, 1, 1, 1, 1, 0, 0, 'CONV', 1, 1, 0, 0),  latency: 5.742201904761905
[2m[36m(CompileWorker pid=2825137)[0m  tensor (Large latency) dimensions: (1, 14336, 4096, 4096, 1, 1, 1, 1, 1, 1, 0, 0, 'CONV', 1, 1, 0, 0),  latency: 20.097706666666667
[2m[36m(CompileWorker pid=2825125)[0m  tensor (Large latency) dimensions: (1, 4096, 4096, 4096, 1, 1, 1, 1, 1, 1, 0, 0, 'CONV', 1, 1, 0, 0),  latency: 5.742201904761905
[2m[36m(CompileWorker pid=2825151)[0m  tensor (Large latency) dimensions: (1, 14336, 4096, 4096, 1, 1, 1, 1, 1, 1, 0, 0, 'CONV', 1, 1, 0, 0),  latency: 20.097706666666667
[2m[36m(CompileWorker pid=2825162)[0m  tensor (Large latency) dimensions: (1, 14336, 4096, 4096, 1, 1, 1, 1, 1, 1, 0, 0, 'CONV', 1, 1, 0, 0),  latency: 20.097706666666667
[2m[36m(CompileWorker pid=2825154)[0m  tensor (Large latency) dimensions: (1, 14336, 4096, 4096, 1, 1, 1, 1, 1, 1, 0, 0, 'CONV', 1, 1, 0, 0),  latency: 20.097706666666667
[2m[36m(CompileWorker pid=2825133)[0m  tensor (Large latency) dimensions: (1, 14336, 4096, 4096, 1, 1, 1, 1, 1, 1, 0, 0, 'CONV', 1, 1, 0, 0),  latency: 20.097706666666667
[2m[36m(CompileWorker pid=2825123)[0m  tensor (Large latency) dimensions: (1, 4096, 4096, 4096, 1, 1, 1, 1, 1, 1, 0, 0, 'CONV', 1, 1, 0, 0),  latency: 5.742201904761905
[2m[36m(CompileWorker pid=2825117)[0m  tensor (Large latency) dimensions: (1, 4096, 4096, 4096, 1, 1, 1, 1, 1, 1, 0, 0, 'CONV', 1, 1, 0, 0),  latency: 5.742201904761905
[2m[36m(CompileWorker pid=2825160)[0m  tensor (Large latency) dimensions: (1, 4096, 4096, 4096, 1, 1, 1, 1, 1, 1, 0, 0, 'CONV', 1, 1, 0, 0),  latency: 5.742201904761905
[2m[36m(CompileWorker pid=2825123)[0m compiled for stage:12 name: stage_1_2_acc_grad_0 module id: 0
[2m[36m(CompileWorker pid=2825123)[0m compiled for stage:12 name: stage_1_2_acc_grad_1 module id: 1
[2m[36m(CompileWorker pid=2825117)[0m compiled for stage:13 name: stage_1_2_acc_grad_0 module id: 0
[2m[36m(CompileWorker pid=2825160)[0m  tensor (Large latency) dimensions: (1, 4096, 32000, 1, 1, 1, 1, 1, 1, 1, 0, 0, 'CONV', 1, 1, 0, 0),  latency: 1.9504761904761905
[2m[36m(CompileWorker pid=2825117)[0m compiled for stage:13 name: stage_1_2_acc_grad_1 module id: 1
[2m[36m(CompileWorker pid=2825123)[0m compiled for stage:14 name: stage_1_3_acc_grad_0 module id: 0
[2m[36m(CompileWorker pid=2825151)[0m  tensor (Large latency) dimensions: (1, 4096, 4096, 4096, 1, 1, 1, 1, 1, 1, 0, 0, 'CONV', 1, 1, 0, 0),  latency: 5.742201904761905
[2m[36m(CompileWorker pid=2825162)[0m  tensor (Large latency) dimensions: (1, 4096, 4096, 4096, 1, 1, 1, 1, 1, 1, 0, 0, 'CONV', 1, 1, 0, 0),  latency: 5.742201904761905
[2m[36m(CompileWorker pid=2825154)[0m  tensor (Large latency) dimensions: (1, 4096, 4096, 4096, 1, 1, 1, 1, 1, 1, 0, 0, 'CONV', 1, 1, 0, 0),  latency: 5.742201904761905
[2m[36m(CompileWorker pid=2825137)[0m  tensor (Large latency) dimensions: (1, 4096, 4096, 4096, 1, 1, 1, 1, 1, 1, 0, 0, 'CONV', 1, 1, 0, 0),  latency: 5.742201904761905
[2m[36m(CompileWorker pid=2825123)[0m compiled for stage:14 name: stage_1_3_acc_grad_1 module id: 1
[2m[36m(CompileWorker pid=2825160)[0m compiled for stage:15 name: stage_1_3_acc_grad_0 module id: 0
[2m[36m(CompileWorker pid=2825160)[0m compiled for stage:15 name: stage_1_3_acc_grad_1 module id: 1
[2m[36m(CompileWorker pid=2825133)[0m  tensor (Large latency) dimensions: (1, 4096, 4096, 4096, 1, 1, 1, 1, 1, 1, 0, 0, 'CONV', 1, 1, 0, 0),  latency: 5.742201904761905
[2m[36m(CompileWorker pid=2825151)[0m  tensor (Large latency) dimensions: (1, 4096, 32000, 1, 1, 1, 1, 1, 1, 1, 0, 0, 'CONV', 1, 1, 0, 0),  latency: 1.9504761904761905
[2m[36m(CompileWorker pid=2825154)[0m  tensor (Large latency) dimensions: (1, 4096, 32000, 1, 1, 1, 1, 1, 1, 1, 0, 0, 'CONV', 1, 1, 0, 0),  latency: 1.9504761904761905
[2m[36m(CompileWorker pid=2825137)[0m  tensor (Large latency) dimensions: (1, 4096, 32000, 1, 1, 1, 1, 1, 1, 1, 0, 0, 'CONV', 1, 1, 0, 0),  latency: 1.9504761904761905
[2m[36m(CompileWorker pid=2825162)[0m  tensor (Large latency) dimensions: (1, 4096, 32000, 1, 1, 1, 1, 1, 1, 1, 0, 0, 'CONV', 1, 1, 0, 0),  latency: 1.9504761904761905
[2m[36m(CompileWorker pid=2825117)[0m compiled for stage:16 name: stage_1_4_acc_grad_0 module id: 0
[2m[36m(CompileWorker pid=2825142)[0m  tensor (Large latency) dimensions: (1, 4096, 32000, 1, 1, 1, 1, 1, 1, 1, 0, 0, 'CONV', 1, 1, 0, 0),  latency: 1.9504761904761905
[2m[36m(CompileWorker pid=2825133)[0m  tensor (Large latency) dimensions: (1, 4096, 32000, 1, 1, 1, 1, 1, 1, 1, 0, 0, 'CONV', 1, 1, 0, 0),  latency: 1.9504761904761905
[2m[36m(CompileWorker pid=2825154)[0m compiled for stage:18 name: stage_2_2_acc_grad_0 module id: 0
[2m[36m(CompileWorker pid=2825117)[0m compiled for stage:16 name: stage_1_4_acc_grad_1 module id: 1
[2m[36m(CompileWorker pid=2825154)[0m compiled for stage:18 name: stage_2_2_acc_grad_1 module id: 1
[2m[36m(CompileWorker pid=2825123)[0m compiled for stage:17 name: stage_1_4_acc_grad_0 module id: 0
[2m[36m(CompileWorker pid=2825151)[0m compiled for stage:19 name: stage_2_2_acc_grad_0 module id: 0
[2m[36m(CompileWorker pid=2825146)[0m  tensor (Large latency) dimensions: (1, 4096, 32000, 1, 1, 1, 1, 1, 1, 1, 0, 0, 'CONV', 1, 1, 0, 0),  latency: 1.9504761904761905
[2m[36m(CompileWorker pid=2825151)[0m compiled for stage:19 name: stage_2_2_acc_grad_1 module id: 1
[2m[36m(CompileWorker pid=2825131)[0m  tensor (Large latency) dimensions: (1, 4096, 32000, 1, 1, 1, 1, 1, 1, 1, 0, 0, 'CONV', 1, 1, 0, 0),  latency: 1.9504761904761905
[2m[36m(CompileWorker pid=2825123)[0m compiled for stage:17 name: stage_1_4_acc_grad_1 module id: 1
[2m[36m(CompileWorker pid=2825162)[0m compiled for stage:20 name: stage_2_3_acc_grad_0 module id: 0
[2m[36m(CompileWorker pid=2825162)[0m compiled for stage:20 name: stage_2_3_acc_grad_1 module id: 1
[2m[36m(CompileWorker pid=2825117)[0m compiled for stage:21 name: stage_2_3_acc_grad_0 module id: 0
[2m[36m(CompileWorker pid=2825117)[0m compiled for stage:21 name: stage_2_3_acc_grad_1 module id: 1
[2m[36m(CompileWorker pid=2825125)[0m  tensor (Large latency) dimensions: (1, 4096, 32000, 1, 1, 1, 1, 1, 1, 1, 0, 0, 'CONV', 1, 1, 0, 0),  latency: 1.9504761904761905
[2m[36m(CompileWorker pid=2825154)[0m compiled for stage:22 name: stage_2_4_acc_grad_0 module id: 0
[2m[36m(CompileWorker pid=2825154)[0m compiled for stage:22 name: stage_2_4_acc_grad_1 module id: 1
[2m[36m(CompileWorker pid=2825142)[0m compiled for stage:24 name: stage_3_3_acc_grad_0 module id: 0
[2m[36m(CompileWorker pid=2825142)[0m compiled for stage:24 name: stage_3_3_acc_grad_1 module id: 1
[2m[36m(CompileWorker pid=2825131)[0m compiled for stage:23 name: stage_2_4_acc_grad_0 module id: 0
[2m[36m(CompileWorker pid=2825117)[0m compiled for stage:25 name: stage_3_3_acc_grad_0 module id: 0
[2m[36m(CompileWorker pid=2825117)[0m compiled for stage:25 name: stage_3_3_acc_grad_1 module id: 1
[2m[36m(CompileWorker pid=2825131)[0m compiled for stage:23 name: stage_2_4_acc_grad_1 module id: 1
[2m[36m(CompileWorker pid=2825137)[0m compiled for stage:26 name: stage_3_4_acc_grad_0 module id: 0
[2m[36m(CompileWorker pid=2825137)[0m compiled for stage:26 name: stage_3_4_acc_grad_1 module id: 1
[2m[36m(CompileWorker pid=2825154)[0m compiled for stage:27 name: stage_3_4_acc_grad_0 module id: 0
[2m[36m(CompileWorker pid=2825125)[0m compiled for stage:28 name: stage_4_4_acc_grad_0 module id: 0
[2m[36m(CompileWorker pid=2825154)[0m compiled for stage:27 name: stage_3_4_acc_grad_1 module id: 1
[2m[36m(CompileWorker pid=2825125)[0m compiled for stage:28 name: stage_4_4_acc_grad_1 module id: 1
[2m[36m(CompileWorker pid=2825151)[0m compiled for stage:29 name: stage_4_4_acc_grad_0 module id: 0
[2m[36m(CompileWorker pid=2825151)[0m compiled for stage:29 name: stage_4_4_acc_grad_1 module id: 1
- parse estimation results for all stages
result[(0, 0, 0, 0), 0] = ModuleProfileResult(compute_cost=663.970, peak_memory=22.225 GB, invar_size=3.025 GB, outvar_size=17.200 GB, temp_buffer_size=2.000 GB, available_memory=64.000 GB, comm_cost=0.000)
result[(0, 0, 0, 0), 1] = ModuleProfileResult(compute_cost=1239.666, peak_memory=22.538 GB, invar_size=19.225 GB, outvar_size=3.025 GB, temp_buffer_size=3.313 GB, available_memory=64.000 GB, comm_cost=0.000)
result[(0, 0, 0, 1), 0] = ModuleProfileResult(compute_cost=663.970, peak_memory=22.225 GB, invar_size=3.025 GB, outvar_size=17.200 GB, temp_buffer_size=2.000 GB, available_memory=64.000 GB, comm_cost=0.000)
result[(0, 0, 0, 1), 1] = ModuleProfileResult(compute_cost=1239.666, peak_memory=22.538 GB, invar_size=19.225 GB, outvar_size=3.025 GB, temp_buffer_size=3.313 GB, available_memory=64.000 GB, comm_cost=0.000)
result[(0, 1, 0, 0), 0] = ModuleProfileResult(compute_cost=1265.305, peak_memory=37.282 GB, invar_size=5.729 GB, outvar_size=29.545 GB, temp_buffer_size=2.008 GB, available_memory=64.000 GB, comm_cost=0.000)
result[(0, 1, 0, 0), 1] = ModuleProfileResult(compute_cost=2445.327, peak_memory=37.806 GB, invar_size=34.274 GB, outvar_size=5.729 GB, temp_buffer_size=3.532 GB, available_memory=64.000 GB, comm_cost=0.000)
result[(0, 1, 0, 1), 0] = ModuleProfileResult(compute_cost=1265.305, peak_memory=37.282 GB, invar_size=5.729 GB, outvar_size=29.545 GB, temp_buffer_size=2.008 GB, available_memory=64.000 GB, comm_cost=0.000)
result[(0, 1, 0, 1), 1] = ModuleProfileResult(compute_cost=2445.327, peak_memory=37.806 GB, invar_size=34.274 GB, outvar_size=5.729 GB, temp_buffer_size=3.532 GB, available_memory=64.000 GB, comm_cost=0.000)
result[(0, 2, 0, 0), 0] = ModuleProfileResult(compute_cost=1810.195, peak_memory=48.704 GB, invar_size=8.354 GB, outvar_size=38.343 GB, temp_buffer_size=2.008 GB, available_memory=64.000 GB, comm_cost=0.000)
result[(0, 2, 0, 0), 1] = ModuleProfileResult(compute_cost=3619.420, peak_memory=49.259 GB, invar_size=45.696 GB, outvar_size=8.354 GB, temp_buffer_size=3.563 GB, available_memory=64.000 GB, comm_cost=0.000)
result[(0, 2, 0, 1), 0] = ModuleProfileResult(compute_cost=1810.195, peak_memory=48.704 GB, invar_size=8.354 GB, outvar_size=38.343 GB, temp_buffer_size=2.008 GB, available_memory=64.000 GB, comm_cost=0.000)
result[(0, 2, 0, 1), 1] = ModuleProfileResult(compute_cost=3619.420, peak_memory=49.259 GB, invar_size=45.696 GB, outvar_size=8.354 GB, temp_buffer_size=3.563 GB, available_memory=64.000 GB, comm_cost=0.000)
result[(0, 3, 0, 0), 0] = ModuleProfileResult(compute_cost=1866.765, peak_memory=51.393 GB, invar_size=8.432 GB, outvar_size=40.953 GB, temp_buffer_size=2.008 GB, available_memory=64.000 GB, comm_cost=0.000)
result[(0, 3, 0, 0), 1] = ModuleProfileResult(compute_cost=3651.112, peak_memory=52.979 GB, invar_size=49.385 GB, outvar_size=8.432 GB, temp_buffer_size=3.594 GB, available_memory=64.000 GB, comm_cost=0.000)
result[(0, 3, 0, 1), 0] = ModuleProfileResult(compute_cost=1866.765, peak_memory=51.393 GB, invar_size=8.432 GB, outvar_size=40.953 GB, temp_buffer_size=2.008 GB, available_memory=64.000 GB, comm_cost=0.000)
result[(0, 3, 0, 1), 1] = ModuleProfileResult(compute_cost=3651.112, peak_memory=52.979 GB, invar_size=49.385 GB, outvar_size=8.432 GB, temp_buffer_size=3.594 GB, available_memory=64.000 GB, comm_cost=0.000)
result[(0, 4, 0, 0), 0] = ModuleProfileResult(compute_cost=2412.280, peak_memory=62.878 GB, invar_size=11.057 GB, outvar_size=49.813 GB, temp_buffer_size=2.008 GB, available_memory=64.000 GB, comm_cost=0.000)
result[(0, 4, 0, 0), 1] = ModuleProfileResult(compute_cost=4825.955, peak_memory=64.589 GB, invar_size=60.870 GB, outvar_size=11.057 GB, temp_buffer_size=3.719 GB, available_memory=64.000 GB, comm_cost=0.000)
result[(0, 4, 0, 1), 0] = ModuleProfileResult(compute_cost=2412.280, peak_memory=62.878 GB, invar_size=11.057 GB, outvar_size=49.813 GB, temp_buffer_size=2.008 GB, available_memory=64.000 GB, comm_cost=0.000)
result[(0, 4, 0, 1), 1] = ModuleProfileResult(compute_cost=4825.955, peak_memory=64.589 GB, invar_size=60.870 GB, outvar_size=11.057 GB, temp_buffer_size=3.719 GB, available_memory=64.000 GB, comm_cost=0.000)
result[(1, 1, 0, 0), 0] = ModuleProfileResult(compute_cost=601.335, peak_memory=18.111 GB, invar_size=3.766 GB, outvar_size=12.345 GB, temp_buffer_size=2.000 GB, available_memory=64.000 GB, comm_cost=0.000)
result[(1, 1, 0, 0), 1] = ModuleProfileResult(compute_cost=1205.661, peak_memory=18.205 GB, invar_size=15.111 GB, outvar_size=2.766 GB, temp_buffer_size=3.031 GB, available_memory=64.000 GB, comm_cost=0.000)
result[(1, 1, 0, 1), 0] = ModuleProfileResult(compute_cost=601.335, peak_memory=18.111 GB, invar_size=3.766 GB, outvar_size=12.345 GB, temp_buffer_size=2.000 GB, available_memory=64.000 GB, comm_cost=0.000)
result[(1, 1, 0, 1), 1] = ModuleProfileResult(compute_cost=1205.661, peak_memory=18.205 GB, invar_size=15.111 GB, outvar_size=2.766 GB, temp_buffer_size=3.031 GB, available_memory=64.000 GB, comm_cost=0.000)
result[(1, 2, 0, 0), 0] = ModuleProfileResult(compute_cost=1146.225, peak_memory=29.533 GB, invar_size=6.391 GB, outvar_size=21.143 GB, temp_buffer_size=2.000 GB, available_memory=64.000 GB, comm_cost=0.000)
result[(1, 2, 0, 0), 1] = ModuleProfileResult(compute_cost=2379.754, peak_memory=29.753 GB, invar_size=26.533 GB, outvar_size=5.391 GB, temp_buffer_size=3.157 GB, available_memory=64.000 GB, comm_cost=0.000)
result[(1, 2, 0, 1), 0] = ModuleProfileResult(compute_cost=1146.225, peak_memory=29.533 GB, invar_size=6.391 GB, outvar_size=21.143 GB, temp_buffer_size=2.000 GB, available_memory=64.000 GB, comm_cost=0.000)
result[(1, 2, 0, 1), 1] = ModuleProfileResult(compute_cost=2379.754, peak_memory=29.753 GB, invar_size=26.533 GB, outvar_size=5.391 GB, temp_buffer_size=3.157 GB, available_memory=64.000 GB, comm_cost=0.000)
result[(1, 3, 0, 0), 0] = ModuleProfileResult(compute_cost=1202.796, peak_memory=33.222 GB, invar_size=6.469 GB, outvar_size=24.753 GB, temp_buffer_size=2.000 GB, available_memory=64.000 GB, comm_cost=0.000)
result[(1, 3, 0, 0), 1] = ModuleProfileResult(compute_cost=2411.446, peak_memory=33.535 GB, invar_size=30.222 GB, outvar_size=5.469 GB, temp_buffer_size=3.250 GB, available_memory=64.000 GB, comm_cost=0.000)
result[(1, 3, 0, 1), 0] = ModuleProfileResult(compute_cost=1202.796, peak_memory=33.222 GB, invar_size=6.469 GB, outvar_size=24.753 GB, temp_buffer_size=2.000 GB, available_memory=64.000 GB, comm_cost=0.000)
result[(1, 3, 0, 1), 1] = ModuleProfileResult(compute_cost=2411.446, peak_memory=33.535 GB, invar_size=30.222 GB, outvar_size=5.469 GB, temp_buffer_size=3.250 GB, available_memory=64.000 GB, comm_cost=0.000)
result[(1, 4, 0, 0), 0] = ModuleProfileResult(compute_cost=1748.310, peak_memory=44.707 GB, invar_size=9.094 GB, outvar_size=33.613 GB, temp_buffer_size=2.000 GB, available_memory=64.000 GB, comm_cost=0.000)
result[(1, 4, 0, 0), 1] = ModuleProfileResult(compute_cost=3586.289, peak_memory=45.145 GB, invar_size=41.707 GB, outvar_size=8.094 GB, temp_buffer_size=3.375 GB, available_memory=64.000 GB, comm_cost=0.000)
result[(1, 4, 0, 1), 0] = ModuleProfileResult(compute_cost=1748.310, peak_memory=44.707 GB, invar_size=9.094 GB, outvar_size=33.613 GB, temp_buffer_size=2.000 GB, available_memory=64.000 GB, comm_cost=0.000)
result[(1, 4, 0, 1), 1] = ModuleProfileResult(compute_cost=3586.289, peak_memory=45.145 GB, invar_size=41.707 GB, outvar_size=8.094 GB, temp_buffer_size=3.375 GB, available_memory=64.000 GB, comm_cost=0.000)
result[(2, 2, 0, 0), 0] = ModuleProfileResult(compute_cost=544.890, peak_memory=11.610 GB, invar_size=2.688 GB, outvar_size=8.797 GB, temp_buffer_size=0.125 GB, available_memory=64.000 GB, comm_cost=0.000)
result[(2, 2, 0, 0), 1] = ModuleProfileResult(compute_cost=1174.093, peak_memory=12.672 GB, invar_size=11.485 GB, outvar_size=2.688 GB, temp_buffer_size=1.125 GB, available_memory=64.000 GB, comm_cost=0.000)
result[(2, 2, 0, 1), 0] = ModuleProfileResult(compute_cost=544.890, peak_memory=11.610 GB, invar_size=2.688 GB, outvar_size=8.797 GB, temp_buffer_size=0.125 GB, available_memory=64.000 GB, comm_cost=0.000)
result[(2, 2, 0, 1), 1] = ModuleProfileResult(compute_cost=1174.093, peak_memory=12.672 GB, invar_size=11.485 GB, outvar_size=2.688 GB, temp_buffer_size=1.125 GB, available_memory=64.000 GB, comm_cost=0.000)
result[(2, 3, 0, 0), 0] = ModuleProfileResult(compute_cost=601.461, peak_memory=18.174 GB, invar_size=3.766 GB, outvar_size=12.408 GB, temp_buffer_size=2.000 GB, available_memory=64.000 GB, comm_cost=0.000)
result[(2, 3, 0, 0), 1] = ModuleProfileResult(compute_cost=1205.786, peak_memory=18.267 GB, invar_size=15.174 GB, outvar_size=2.766 GB, temp_buffer_size=3.031 GB, available_memory=64.000 GB, comm_cost=0.000)
result[(2, 3, 0, 1), 0] = ModuleProfileResult(compute_cost=601.461, peak_memory=18.174 GB, invar_size=3.766 GB, outvar_size=12.408 GB, temp_buffer_size=2.000 GB, available_memory=64.000 GB, comm_cost=0.000)
result[(2, 3, 0, 1), 1] = ModuleProfileResult(compute_cost=1205.786, peak_memory=18.267 GB, invar_size=15.174 GB, outvar_size=2.766 GB, temp_buffer_size=3.031 GB, available_memory=64.000 GB, comm_cost=0.000)
result[(2, 4, 0, 0), 0] = ModuleProfileResult(compute_cost=1146.975, peak_memory=29.659 GB, invar_size=6.391 GB, outvar_size=21.268 GB, temp_buffer_size=2.000 GB, available_memory=64.000 GB, comm_cost=0.000)
result[(2, 4, 0, 0), 1] = ModuleProfileResult(compute_cost=2380.628, peak_memory=29.878 GB, invar_size=26.659 GB, outvar_size=5.391 GB, temp_buffer_size=3.157 GB, available_memory=64.000 GB, comm_cost=0.000)
result[(2, 4, 0, 1), 0] = ModuleProfileResult(compute_cost=1146.975, peak_memory=29.659 GB, invar_size=6.391 GB, outvar_size=21.268 GB, temp_buffer_size=2.000 GB, available_memory=64.000 GB, comm_cost=0.000)
result[(2, 4, 0, 1), 1] = ModuleProfileResult(compute_cost=2380.628, peak_memory=29.878 GB, invar_size=26.659 GB, outvar_size=5.391 GB, temp_buffer_size=3.157 GB, available_memory=64.000 GB, comm_cost=0.000)
result[(3, 3, 0, 0), 0] = ModuleProfileResult(compute_cost=56.570, peak_memory=6.751 GB, invar_size=1.141 GB, outvar_size=3.610 GB, temp_buffer_size=2.000 GB, available_memory=64.000 GB, comm_cost=0.000)
result[(3, 3, 0, 0), 1] = ModuleProfileResult(compute_cost=31.692, peak_memory=6.845 GB, invar_size=3.751 GB, outvar_size=0.141 GB, temp_buffer_size=3.031 GB, available_memory=64.000 GB, comm_cost=0.000)
result[(3, 4, 0, 0), 0] = ModuleProfileResult(compute_cost=602.085, peak_memory=18.236 GB, invar_size=3.766 GB, outvar_size=12.470 GB, temp_buffer_size=2.000 GB, available_memory=64.000 GB, comm_cost=0.000)
result[(3, 4, 0, 0), 1] = ModuleProfileResult(compute_cost=1206.535, peak_memory=18.455 GB, invar_size=15.236 GB, outvar_size=2.766 GB, temp_buffer_size=3.157 GB, available_memory=64.000 GB, comm_cost=0.000)
result[(3, 4, 0, 1), 0] = ModuleProfileResult(compute_cost=602.085, peak_memory=18.236 GB, invar_size=3.766 GB, outvar_size=12.470 GB, temp_buffer_size=2.000 GB, available_memory=64.000 GB, comm_cost=0.000)
result[(3, 4, 0, 1), 1] = ModuleProfileResult(compute_cost=1206.535, peak_memory=18.455 GB, invar_size=15.236 GB, outvar_size=2.766 GB, temp_buffer_size=3.157 GB, available_memory=64.000 GB, comm_cost=0.000)
result[(4, 4, 0, 0), 0] = ModuleProfileResult(compute_cost=545.514, peak_memory=11.610 GB, invar_size=2.688 GB, outvar_size=8.860 GB, temp_buffer_size=0.063 GB, available_memory=64.000 GB, comm_cost=0.000)
result[(4, 4, 0, 0), 1] = ModuleProfileResult(compute_cost=1174.842, peak_memory=12.735 GB, invar_size=11.547 GB, outvar_size=2.688 GB, temp_buffer_size=1.125 GB, available_memory=64.000 GB, comm_cost=0.000)
result[(4, 4, 0, 1), 0] = ModuleProfileResult(compute_cost=545.514, peak_memory=11.610 GB, invar_size=2.688 GB, outvar_size=8.860 GB, temp_buffer_size=0.063 GB, available_memory=64.000 GB, comm_cost=0.000)
result[(4, 4, 0, 1), 1] = ModuleProfileResult(compute_cost=1174.842, peak_memory=12.735 GB, invar_size=11.547 GB, outvar_size=2.688 GB, temp_buffer_size=1.125 GB, available_memory=64.000 GB, comm_cost=0.000)
Profiling for submesh 0 (1, 1) takes 970.77 seconds
--------------------------------------------------
Profile result saved to: profile-results-2026-02-21-16-44-15.npy
----------------------------------------------------------------------
Best solution cost: 1231149.0223999023
Result forward_stage_layer_ids: [[0], [1], [2], [3, 4]]
Result mesh_shapes: [(2, 8), (2, 8), (2, 8), (2, 8)]
Result logical_mesh_shapes: [(16, 1), (16, 1), (16, 1), (16, 1)]
Result autosharding_option_dicts: [{}, {}, {}, {}]
Elapsed time: 11179.71s
--------------------------------------------------
